patient,frame,time_s,wrist_speed_mm_s,wrist_accel_mm_s2,wrist_path_mm,thumb_tip_speed_mm_s,thumb_tip_accel_mm_s2,thumb_tip_path_mm,index_finger_tip_speed_mm_s,index_finger_tip_accel_mm_s2,index_finger_tip_path_mm
patient_192,0.0,0.0,,,0.0,,,0.0,,,0.0
patient_192,1.0,0.04,264.73475923125847,,10.589390369250339,173.83949644857208,,6.953579857942883,72.96273928177753,,2.9185095712711013
patient_192,2.0,0.08,132.41100102093043,-3308.093955258201,15.885830410087555,198.55826053527358,617.9691021675375,14.895910279353824,184.56772480461228,2790.124638070869,10.301218563455594
patient_192,3.0,0.12,92.35741014195747,-1001.3397719743239,19.580126815765855,125.4891266688674,-1826.7283466601543,19.915475346108522,118.08316403683459,-1662.1140191944423,15.024545124928977
patient_192,4.0,0.16,50.77826104264119,-1039.478727482907,21.611257257471504,19.260804577701496,-2655.7080522791475,20.685907529216582,65.37153893284915,-1317.790627599636,17.639406682242942
patient_192,5.0,0.2,26.463182200160478,-607.8769710620178,22.669784545477924,1379.4487318085755,34004.69818077185,75.8638568015596,662.7413010255563,14934.244052317677,44.14905872326519
patient_192,6.0,0.24,217.23211761788798,4769.223385443188,31.359069250193443,1347.2910524655292,-803.9419835761578,129.75549890018078,527.9257046453083,-3370.3899095061984,65.26608690907752
patient_192,7.0,0.28,97.37703219879968,-2996.3771354772075,35.25415053814543,199.84674665882488,-28686.107645167605,137.74936876653376,40.948031028067255,-12174.441840431027,66.90400815020021
patient_192,8.0,0.32,75.75388938155537,-540.5785704311079,38.284306113407645,143.60271208180663,-1406.1008644254564,143.49347724980603,96.9478315790432,1399.9950137743986,70.78192141336194
patient_192,9.0,0.36,20.629482917742074,-1378.1101615953323,39.10948543011733,29.441814457253024,-2854.02244061384,144.67114982809616,47.48065000211174,-1236.6795394232865,72.68114741344641
patient_192,10.0,0.4,51.59304549325886,774.0890643879197,41.173207249847685,32.99859605248865,88.91953988089068,145.9910936701957,44.72468344443684,-68.89916394187239,74.47013475122388
patient_192,11.0,0.44,5.214109535707478,-1159.4733989387846,41.38177163127598,124.78796719258538,2294.7342785024184,150.98261235789911,21.98645125597088,-568.4558047116491,75.34959280146272
patient_192,12.0,0.48,26.091160566093524,521.9262757596512,42.42541805391972,48.08896760240565,-1917.4749897544934,152.90617106199534,15.152944461488474,-170.83766986206018,75.95571057992225
patient_192,13.0,0.52,49.172764019794556,577.0400863425258,44.3923286147115,31.565872376137317,-413.0773806567084,154.16880595704083,38.54560871924718,584.8166064439675,77.49753492869215
patient_192,14.0,0.56,55.497268882470884,158.1126215669082,46.612219370010344,58.48172683151059,672.8963613843318,156.50807503030126,55.07673650078437,413.27819453842983,79.70060438872352
patient_192,15.0,0.6,73.01120991268184,437.8485257552738,49.53266776651762,43.94030567826586,-363.53552883111837,158.26568725743186,28.36761309480282,-667.7280851495387,80.83530891251564
patient_192,16.0,0.64,32.28205413392612,-1018.2288944688929,50.82394993187466,14.447528423556895,-737.3194313677241,158.84358839437414,13.740228635107467,-365.68461149238385,81.38491805791995
patient_192,17.0,0.68,51.11202103484179,470.7491725228918,52.86843077326833,11.231497517761634,-80.40077264488153,159.2928482950846,10.800712271624521,-73.48790908707366,81.81694654878491
patient_192,18.0,0.72,9.7294571095412,-1034.5640981325146,53.25760905764998,17.040960095164206,145.2365644350643,159.97448669889118,16.472251005477954,141.78846834633583,82.47583658900403
patient_192,19.0,0.76,52.40124904464932,1066.794798377703,55.35365901943595,14.722469876822746,-57.96225545853648,160.5633854939641,27.897411251596694,285.6290061529685,83.59173303906789
patient_192,20.0,0.8,41.51569431667755,-272.13886819929417,57.01428679210306,44.24647322160085,738.1000836194527,162.33324442282813,9.987606790496175,-447.745111527513,83.99123731068774
patient_192,21.0,0.84,27.403960583973983,-352.79334331758923,58.110445215462015,15.41323999619284,-720.8308306352003,162.94977402267583,30.131849272893156,503.60606205992457,85.19651128160348
patient_192,22.0,0.88,41.676270564537234,356.80774951408125,59.7774960380435,55.32622832673707,997.824708263606,165.16282315574531,34.099855159801194,99.20014717270095,86.56050548799553
patient_192,23.0,0.92,41.78832713782536,2.8014143322032226,61.449029123556514,13.475661484662949,-1046.264171051853,165.70184961513183,17.769903203045253,-408.24879891889856,87.27130161611733
patient_192,24.0,0.96,11.176027043269611,-765.3075023638937,61.896070205287295,40.866899428764434,684.7809486025371,167.3365255922824,20.72599108064349,73.9021969399559,88.10034125934305
patient_192,25.0,1.0,12.96147508897585,44.636201142655985,62.41452920884633,28.86814603682878,-299.96883479839136,168.49125143375556,20.280675045172917,-11.132900886764308,88.91156826114997
patient_192,26.0,1.04,36.41032027588398,586.2211296727032,63.870942019881696,31.63992560558331,69.2944892188633,169.7568484579789,19.80638241452833,-11.857315766114684,89.7038235577311
patient_192,27.0,1.08,21.963962123160297,-361.15895381809213,64.74950050480811,31.215675139592285,-10.60626164977565,171.0054754635626,16.273661790463155,-88.31801560162936,90.35477002934962
patient_192,28.0,1.12,22.460037535113386,12.401885298827242,65.64790200621265,25.83217277193676,-134.5875591913881,172.03876237444004,10.061784940788344,-155.29692124187028,90.75724142698114
patient_192,29.0,1.16,28.906766847326708,161.16823280533305,66.80417268010571,15.829807110144898,-250.05914154479657,172.67195465884586,17.024306799129963,174.06304645854047,91.43821369894634
patient_192,30.0,1.2,17.298132469856668,-290.215859436751,67.49609797889998,12.745713419622108,-77.10234226306976,173.18178319563074,3.4435315761417886,-339.51938057470437,91.57595496199201
patient_192,31.0,1.24,9.584315665584045,-192.84542010681557,67.87947060552334,9.536363010308177,-80.23376023284827,173.5632377160431,1.213111890329475,-55.760492145307836,91.62447943760519
patient_192,32.0,1.28,11.85391857731573,56.740072793292114,68.35362734861596,9.883529860874349,8.679171264154295,173.95857891047805,5.978526781137394,119.13537227019799,91.86362050885069
patient_192,33.0,1.32,14.837647908910727,74.59323328987493,68.9471332649724,25.13243494736383,381.222627162237,174.9638763083726,4.814230325573724,-29.107411389091766,92.05618972187364
patient_192,34.0,1.36,11.907533162716913,-73.25286865484534,69.42343459148107,27.996426657740415,71.59979275941461,176.08373337468223,11.021306055144088,155.1768932392591,92.4970419640794
patient_192,35.0,1.4,27.593999868556008,392.1616676459774,70.5271945862233,39.86229457316777,296.646697885684,177.67822515760895,14.698638616484741,91.93331403351634,93.08498750873879
patient_192,36.0,1.44,9.628063739442652,-449.1484032278339,70.91231713580102,43.04939577513181,79.67753004910101,179.4002009886142,12.043386763334203,-66.38129632876345,93.56672297927216
patient_192,37.0,1.48,1.9772125702058934,-191.271279230919,70.99140563860925,17.64406243881998,-635.1333334077958,180.10596348616698,2.19322753276923,-246.25398076412432,93.65445208058293
patient_192,38.0,1.52,9.016175088588202,175.97406295955773,71.35205264215277,1.9556297735236887,-392.2108166324073,180.18418867710793,8.779224583317626,164.64992626370992,94.00562106391563
patient_192,39.0,1.56,27.00321031371832,449.67588062825297,72.4321810547015,14.244100853341026,307.21177699543347,180.7539527112416,4.233306630959595,-113.64794880895079,94.17495332915401
patient_192,40.0,1.6,5.328750998132443,-541.8614828896469,72.6453310946268,27.051727843716055,320.1906747593757,181.83602182499024,6.581280016998108,58.69933465096284,94.43820452983395
patient_192,41.0,1.64,11.15861231471174,145.74653291448246,73.09167558721526,15.47858909879515,-289.3284686230226,182.45516538894205,14.320744747782701,193.4866182696148,95.01103431974525
patient_192,42.0,1.68,14.22495714824488,76.65862083832846,73.66067387314506,9.645343785367231,-145.83113283569796,182.84097914035672,7.677594857205279,-166.07874726443555,95.31813811403346
patient_192,43.0,1.72,22.038326299318154,195.33422877683188,74.5422069251178,9.665422859148258,0.5019768445256645,183.22759605472262,4.609601560319045,-76.69983242215585,95.50252217644622
patient_192,44.0,1.76,7.05475723453839,-374.5892266194941,74.82439721449933,11.166724273805082,37.5325353664206,183.67426502567483,8.282084804833076,91.81208111285078,95.83380556863955
patient_192,45.0,1.8,32.68386761400671,640.727759486708,76.13175191905958,5.397901173952336,-144.22057749631864,183.8901810726329,11.527414887800008,81.1332520741733,96.29490216415155
patient_192,46.0,1.84,25.12836239057628,-188.88763058576066,77.13688641468264,7.927449443938449,63.23870674965282,184.20727905039047,6.287899202561989,-130.98789213095048,96.54641813225403
patient_192,47.0,1.88,22.830284029713926,-57.451959021558885,78.0500977758712,14.548586321258671,165.52842193300557,184.7892225032408,2.7656800161693904,-88.05547965981496,96.65704533290082
patient_192,48.0,1.92,26.196023530297445,84.14348751458797,79.0979387170831,37.97633712753625,585.6937701569394,186.30827598834227,3.9389403217197416,29.33150763875878,96.81460294576961
patient_192,49.0,1.96,13.133828111498374,-326.5548854699768,79.62329184154304,14.409482513452627,-589.1713653520906,186.8846552888804,6.265249543996944,58.15773055693006,97.06521292752949
patient_192,50.0,2.0,18.710292123301024,139.41160029506622,80.37170352647507,2.595247505483951,-295.35587519921694,186.98846518909974,2.016342631208023,-106.22267281972304,97.1458666327778
patient_192,51.0,2.04,2.6694689491894095,-401.0205793527904,80.47848228444265,8.175966024177425,139.51796296733687,187.31550383006686,9.800254848916287,194.59780544270663,97.53787682673445
patient_192,52.0,2.08,7.037358922027807,109.19724932095995,80.75997664132376,5.893124959612636,-57.07102661411974,187.55122882845134,8.129320593817715,-41.77335637746431,97.86304965048716
patient_192,53.0,2.12,2.3958811380856133,-116.03694459855485,80.85581188684719,20.934832513172292,376.0426888389914,188.38862212897823,6.990887791052404,-28.460820069132776,98.14268516212925
patient_192,54.0,2.16,7.4347065570716495,125.9706354746509,81.15320014913006,6.036935439570068,-372.4474268400556,188.63009954656104,4.018944675493418,-74.29857788897465,98.30344294914899
patient_192,55.0,2.2,7.055685220331844,-9.475533418495141,81.43542755794333,18.038826081844782,300.04726605686784,189.3516525898348,5.863262105387607,46.10793574735472,98.5379734333645
patient_192,56.0,2.24,18.214939682202576,278.9813615467683,82.16402514523142,39.48048769965258,536.0415404451949,190.9308720978209,7.247944516788303,34.61706028501741,98.82789121403603
patient_192,57.0,2.28,2.4284813100206644,-394.6614593045478,82.26116439763226,18.626326278139825,-521.3540355378188,191.67592514894648,4.265412497334461,-74.56330048634605,98.99850771392941
patient_192,58.0,2.32,25.522560341168244,577.3519757786895,83.28206681127898,20.40010817527857,44.34454742846867,192.49192947595762,6.830441585666443,64.12572720829954,99.27172537735606
patient_192,59.0,2.36,27.64684066004069,53.107007971811186,84.38794043768061,2.0273027400217254,-459.32013588142115,192.57302158555848,9.118835957364572,57.20985929245324,99.63647881565065
patient_192,60.0,2.4,29.774202047338918,53.184034682455646,85.57890851957416,57.79435260942652,1394.1762467351198,194.88479568993557,33.19699504162425,601.9539771064918,100.96435861731561
patient_192,61.0,2.44,25.079053726196577,-117.37870802855852,86.58207066862202,38.679327523170976,-477.87562715638853,196.4319687908624,15.523244389625994,-441.84376629995637,101.58528839290065
patient_192,62.0,2.48,21.175889675098993,-97.57910127743958,87.42910625562598,13.040273896227255,-640.976340673593,196.9535797467115,10.0423945925238,-137.02124492755482,101.9869841766016
patient_192,63.0,2.52,14.311973429873348,-171.59790613064115,88.00158519282091,8.834549524182629,-105.14310930111566,197.30696172767884,2.2379064512529627,-195.11220353177094,102.07650043465172
patient_192,64.0,2.56,16.11693805421707,45.124115608593044,88.64626271498959,7.436232342265674,-34.95792954792387,197.60441102136946,10.037129623568186,194.9805793078806,102.47798561959443
patient_192,65.0,2.6,17.99428441255161,46.933658958363544,89.36603409149166,9.291682957792366,46.3862653881673,197.97607833968115,4.81799977864033,-130.47824612319639,102.67070561074004
patient_192,66.0,2.64,30.39418474942187,309.9975084217565,90.58180148146853,22.419582285824394,328.19748320080066,198.87286163111415,14.289531732101606,236.7882988365319,103.24228688002411
patient_192,67.0,2.68,20.819320745545667,-239.3716000969051,91.41457431129037,17.789403684867438,-115.7544650239239,199.58443777850883,11.165395107703011,-78.10341560996488,103.68890268433222
patient_192,68.0,2.72,11.649844091487502,-229.23691635145414,91.88056807494986,8.709685899014987,-226.99294464631126,199.93282521446946,6.226933905440383,-123.4615300565657,103.93798004054985
patient_192,69.0,2.76,7.681052908967297,-99.21977956300512,92.18781019130854,8.381674854973554,-8.200276101035842,200.26809220866838,4.1923962442023335,-50.863441530951235,104.10567589031794
patient_192,70.0,2.8,13.296424476707019,140.38428919349303,92.71966717037684,10.318913738458933,48.43097208713449,200.68084875820674,6.241145921952564,51.21874194375575,104.35532172719604
patient_192,71.0,2.84,19.87037249375634,164.348700426233,93.51448207012709,9.239756769426112,-26.978924225820535,201.0504390289838,11.048685832575902,120.18849776558346,104.79726916049907
patient_192,72.0,2.88,44.7465117725643,621.903481970199,95.30434254102965,11.360852784954313,53.02740038820502,201.50487314038196,13.925770596791507,71.92711910539012,105.35429998437074
patient_192,73.0,2.92,8.07373889244319,-916.8193220030278,95.62729209672737,9.347099218762455,-50.343839154796434,201.87875710913247,5.71679680999006,-205.22434467003617,105.58297185677034
patient_192,74.0,2.96,15.221992841182866,178.70634871849188,96.23617181037469,18.49562022812697,228.71302523411288,202.61858191825755,13.708249110730959,199.78630751852248,106.13130182119957
patient_192,75.0,3.0,31.025654412663513,395.0915392870162,97.47719798688124,12.129645322733415,-159.14937263483887,203.10376773116687,8.235588714149412,-136.8165099145387,106.46072536976556
patient_192,76.0,3.04,15.217847075088395,-395.19518343937796,98.08591186988477,30.795752702082744,466.6526844837332,204.3355978392502,10.426129057265541,54.76350857790324,106.87777053205616
patient_192,77.0,3.08,7.706150230333755,-187.792421118866,98.39415787909812,9.792721853232003,-525.0757712212685,204.72730671337948,15.778365514646728,133.80591143452966,107.50890515264204
patient_192,78.0,3.12,19.20611706618367,287.49917089624785,99.16240256174545,8.522356374567016,-31.759136966624666,205.06820096836213,11.417353785361337,-109.02529323213477,107.96559930405648
patient_192,79.0,3.16,31.32911481389316,303.0749436927373,100.41556715430119,26.476338550670633,448.8495544025904,206.12725451038895,16.787106118523905,134.2438083290642,108.63708354879743
patient_192,80.0,3.2,20.712646712833894,-265.41170252648163,101.24407302281453,7.150073496651393,-483.15662635048096,206.413257450255,20.916769964626123,103.24159615255546,109.47375434738247
patient_192,81.0,3.24,22.726659013360834,50.35030751317349,102.15313938334897,9.700670279237835,63.76491956466106,206.8012842614245,4.1973059549582015,-417.9866002416981,109.6416465855808
patient_192,82.0,3.28,22.64183282401183,-2.120654733725136,103.05881269630945,21.613018305481766,297.80870065609827,207.6658049936438,15.962248485237797,294.1235632569899,110.28013652499033
patient_192,83.0,3.32,20.850983678558848,-44.77122863632452,103.8928520434518,21.625037719415488,0.3004853483430381,208.53080650242043,12.192165044331723,-94.25208602265185,110.7678231267636
patient_192,84.0,3.36,65.21299556921916,1109.0502972665079,106.50137186622057,77.85410164069356,1405.7265980319517,211.64497056804817,18.73446939472417,163.55760875981113,111.51720190255257
patient_192,85.0,3.4,20.76251984664276,-1111.26189306441,107.33187266008626,31.40789930304713,-1161.1550584411607,212.90128654017005,0.5947882179797394,-453.4920294186107,111.54099343127176
patient_192,86.0,3.44,5.117714727531994,-391.1201279777692,107.53658124918755,12.931855429147518,-461.9010968474903,213.41856075733594,4.884065647952649,107.23193574932274,111.73635605718988
patient_192,87.0,3.48,21.30472957001773,404.6753710621434,108.38877043198825,7.730411267387149,-130.03610404400922,213.72777720803143,4.197025654573255,-17.175999834484855,111.9042370833728
patient_192,88.0,3.52,11.082460007582618,-255.55673906087782,108.83206883229155,16.52435183416227,219.84851416937806,214.38875128139793,9.489288390962576,132.30656840973302,112.28380861901131
patient_192,89.0,3.56,9.850936600062646,-30.788085187999314,109.22610629629406,15.855884411277422,-16.711685572121215,215.02298665784903,6.516300805946815,-74.32468962539403,112.54446065124917
patient_192,90.0,3.6,7.392428732996759,-61.46269667664717,109.52180344561393,18.453365961589153,64.93703875779326,215.76112129631258,3.2534659595509914,-81.5708711598956,112.6745992896312
patient_192,91.0,3.64,15.443161379556491,201.2683161639933,110.13952990079619,16.492325601173896,-49.02600901038143,216.42081432035957,3.0473372932090697,-5.153216658548043,112.79649278135958
patient_192,92.0,3.68,19.792660645094895,108.73748163846008,110.93123632659999,31.63773422750587,378.6352156582994,217.68632368945978,4.9676449772442,48.007692100878266,112.99519858044934
patient_192,93.0,3.72,8.218542875073906,-289.35294425052473,111.25997804160295,13.292856615565222,-458.62194029851617,218.2180379540824,6.949139026529943,49.53735123214358,113.27316414151053
patient_192,94.0,3.76,2.793804310231606,-135.6184641210575,111.37173021401222,18.921691701632028,140.72087715167015,218.97490562214767,7.889791283818944,23.516306432225022,113.58875579286328
patient_192,95.0,3.8,1.804523774751559,-24.732013387001174,111.44391116500228,14.128545987992805,-119.82864284098058,219.54004746166737,5.421077124496442,-61.717853983062554,113.80559887784315
patient_192,96.0,3.84,43.94279923078258,1053.4568864007756,113.20162313423357,39.67378032105108,638.630858326457,221.12699867450942,9.159521060976212,93.46109841199426,114.1719797202822
patient_192,97.0,3.88,50.43018072071326,162.1845372482669,115.21883036306211,35.27297357612859,-110.02016862306228,222.53791761755457,7.719225407999388,-36.00739132442061,114.48074873660218
patient_192,98.0,3.92,34.31489748776243,-402.88208082377076,116.59142626257261,37.23963546521051,49.166547227047985,224.02750303616295,8.280645452492436,14.035501112326209,114.81197455470188
patient_192,99.0,3.96,18.621245645160155,-392.3412960650569,117.33627608837902,36.32167891056928,-22.94891386603073,225.48037019258572,18.89314709825435,265.3125411440478,115.56770043863206
patient_192,100.0,4.0,19.4697658470788,21.21300504796615,118.11506672226216,14.005895661527433,-557.8945812260463,226.04060601904683,10.399874691569309,-212.331810167126,115.98369542629483
patient_192,101.0,4.04,9.794335811833454,-241.88575088113367,118.50684015473551,6.331992349633281,-191.8475827973538,226.29388571303215,6.111791289290098,-107.20208505698028,116.22816707786643
patient_192,102.0,4.08,7.028479556312976,-69.14640638801195,118.78797933698803,17.361032463364264,275.72600284327456,226.98832701156672,9.91211504852213,95.00809398080081,116.62465167980731
patient_192,103.0,4.12,15.80716342128504,219.46709662430158,119.42026587383944,9.697111507675205,-191.59802389222648,227.37621147187372,2.1730964710668634,-193.47546443638169,116.71157553865
patient_192,104.0,4.16,27.356209865121198,288.72616109590393,120.51451426844429,12.167045049792005,61.74833855292001,227.8628932738654,1.3066981161379578,-21.65995887322264,116.7638434632955
patient_192,105.0,4.2,18.644160811249957,-217.801226346781,121.26028070089428,16.859378693510052,117.30834109295118,228.5372684216058,15.617248549911789,357.76376084434577,117.38853340529198
patient_192,106.0,4.24,12.82923827001088,-145.37306353097694,121.77345023169474,30.941740299640777,352.05904015326814,229.7749380335914,13.610833645605231,-50.16037260766395,117.9329667511162
patient_192,107.0,4.28,4.694184465831515,-203.3763451044841,121.96121761032799,17.860916738811614,-327.02058902072906,230.48937470314388,8.55092957667667,-126.497601723214,118.27500393418326
patient_192,108.0,4.32,49.67687552501128,1124.5672764794942,123.94829263132844,49.366727632041695,787.645272330752,232.46404380842557,18.760635515756878,255.24264847700516,119.02542935481353
patient_192,109.0,4.36,26.501458515285485,-579.3854252431449,125.00835097193985,5.920741409832378,-1086.1496555552328,232.70087346481887,4.214598507787757,-363.650925199228,119.19401329512505
patient_192,110.0,4.4,29.593987550069173,77.3132258695922,126.1921104739426,14.483311534609642,214.06425311943158,233.28020592620328,10.366574529928142,153.79940055350963,119.60867627632217
patient_192,111.0,4.44,37.02092406578921,185.67341289300091,127.67294743657418,48.29117656275396,845.196625703608,235.21185298871345,22.906076269704528,313.48754349440964,120.52491932711035
patient_192,112.0,4.48,34.99543329431322,-50.63726928689967,129.0727647683467,45.137177505665605,-78.8499764272089,237.01734008894007,17.315628779471602,-139.76118725582313,121.21754447828921
patient_192,113.0,4.52,31.056572228659885,-98.47152664133345,130.3150276574931,39.05376398242091,-152.08533808111736,238.57949064823688,11.565725572730079,-143.7475801685381,121.68017350119842
patient_192,114.0,4.56,18.314780905761868,-318.5447830724504,131.04761889372358,12.154011968981068,-672.4938003359961,239.06565112699613,14.657783404726915,77.30144579992091,122.26648483738751
patient_192,115.0,4.6,11.245721894776356,-176.7264752746378,131.49744776951465,4.904538206303609,-181.23684406693647,239.26183265524824,10.81408581606496,-96.09243971654888,122.6990482700301
patient_192,116.0,4.64,6.349560113225549,-122.40404453877017,131.75143017404366,13.07989828890781,204.384002065105,239.78502858680457,5.554569671302563,-131.48790361905992,122.9212310568822
patient_192,117.0,4.68,17.543732062559595,279.85429873335113,132.45317945654605,8.020383746109449,-126.48786356995902,240.10584393664897,4.266642867724834,-32.19817008944321,123.0918967715912
patient_192,118.0,4.72,10.112316004456918,-185.78540145256693,132.85767209672431,10.269550933905162,56.22917969489283,240.5166259740052,3.4114715625586056,-21.379282629155718,123.22835563409355
patient_192,119.0,4.76,13.300694524121136,79.70946299160543,133.38969987768917,4.704835852015748,-139.11787704723534,240.70481940808583,6.665897690783935,81.36065320563324,123.4949915417249
patient_192,120.0,4.8,53.620137205002045,1007.9860670220228,135.53450536588926,20.733685657425934,400.72124513525466,241.53416683438286,15.836430569519637,229.26332196839257,124.12844876450568
patient_192,121.0,4.84,33.67521492692478,-498.62305695193163,136.88151396296624,48.91477369187004,704.5272008611026,243.49075778205767,21.763061230241043,148.16576651803516,124.99897121371532
patient_192,122.0,4.88,26.747781812656598,-173.18582785670458,137.9514252354725,31.957639253844366,-423.92836095064183,244.76906335221145,29.17813895181457,185.37694303933822,126.1660967717879
patient_192,123.0,4.92,35.63605387228572,222.20680149072808,139.37686739036394,64.01571016455152,801.4517727676789,247.32969175879353,55.24740803827993,651.7317271616339,128.3759930933191
patient_192,124.0,4.96,41.76306474212699,153.1752717460318,141.04738998004902,155.476375870315,2286.516642644087,253.5487467936061,139.812880437834,2114.136809988852,133.96850831083245
patient_192,125.0,5.0,56.68392800818968,373.0215816515672,143.3147471003766,158.86545399894683,84.72695321579593,259.903364953564,175.62158179221478,895.2175338595197,140.99337158252104
patient_192,126.0,5.04,99.73174359093426,1076.1953895686145,147.30401684401397,335.5866622101849,4418.030205280952,273.32683144197136,324.65640531401095,3725.8705880449043,153.97962779508148
patient_192,127.0,5.08,229.17593260914188,3236.1047254551904,156.47105414837964,220.71273330765055,-2871.848222563359,282.1553407742774,238.48717034070455,-2154.2308743326603,163.51911460870969
patient_192,128.0,5.12,194.6531649874094,-863.0691905433117,164.25718074787602,259.6464709319479,973.3434406074331,292.5411996115553,153.91725081500368,-2114.2479881425215,169.67580464130984
patient_192,129.0,5.16,203.11944413577723,211.65697870919544,172.3819585133071,199.12421695634345,-1513.0563493901107,300.50616828980907,308.1551924277605,3855.94854031892,182.00201233842026
patient_192,130.0,5.2,210.2682447368256,178.72001502620947,180.7926883027801,158.58371981224855,-1013.5124286023724,306.849517082299,259.33259006985065,-1220.5650589477457,192.3753159412143
patient_192,131.0,5.24,172.111711109677,-953.9133406787151,187.6771567471672,255.92258642476065,2433.4716653128025,317.0864205392894,263.94903655187545,115.41116205061996,202.9332774032893
patient_192,132.0,5.28,284.94660325252335,2820.8723035711587,199.07502087726814,235.5558236983736,-509.1690681596766,326.50865348722436,271.3137975134332,184.11902403894373,213.78582930382666
patient_192,133.0,5.32,197.12544923262152,-2195.5288504975456,206.960038846573,266.3427324459393,769.6727186891429,337.16236278506193,333.40261194619995,1552.220360819169,227.12193378167464
patient_192,134.0,5.36,150.79436782617915,-1158.277035161059,212.99181355962017,195.58441262750682,-1768.957995460812,344.98573929016214,349.81698008226806,410.35920340170264,241.11461298496536
patient_192,135.0,5.4,110.5574573776872,-1005.9227612122988,217.41411185472768,222.4691689056008,672.1189069523497,353.8845060463862,153.8415359143417,-4899.386104198159,247.26827442153902
patient_192,136.0,5.44,171.0588009207751,1512.5335885771974,224.25646389155867,232.39574957626394,248.1645167665782,363.18033602943683,167.83223054691535,349.76736581434125,253.98156364341565
patient_192,137.0,5.48,178.34134441100937,182.06358725585687,231.39011766799905,317.2837890058553,2122.2009857397834,375.87168758967096,167.5415018037959,-7.268218577986119,260.68322371556746
patient_192,138.0,5.52,135.05194110410986,-1082.2350826724878,236.79219531216341,237.5606181536112,-1993.0792713061023,385.3741123158154,75.89644153795079,-2291.126506646128,263.7190813770855
patient_192,139.0,5.56,83.04922226898279,-1300.0679708781768,240.11416420292272,53.803235571680055,-4593.934564548278,387.52624173868264,164.01584119963763,2202.984991542171,270.27971502507097
patient_192,140.0,5.6,73.5296882142893,-237.98835136733737,243.0553517314943,83.88122208584713,751.9496628541768,390.88149062211653,80.07318489642785,-2098.5664075802447,273.4826424209281
patient_192,141.0,5.64,33.02888287872593,-1012.5201333890841,244.37650704664335,206.9764303488005,3077.3802065738346,399.1605478360686,82.51392462728413,61.01849327140698,276.78319940601943
patient_192,142.0,5.68,19.04029263187537,-349.714756171264,245.13811875191837,163.81401805683834,-1079.0603072990543,405.7131085583421,75.71668684354962,-169.93094459336254,279.81186687976145
patient_192,143.0,5.72,36.123892183997675,427.0899888030576,246.58307443927828,90.15178275167702,-1841.555882629033,409.3191798684092,99.43635497639676,592.9917033211783,283.7893210788173
patient_192,144.0,5.76,36.664254402030195,13.509055450813001,248.0496446153595,61.94920569880496,-705.0644263218014,411.7971480963614,99.67313108275563,5.919402658971862,287.7762463221275
patient_192,145.0,5.8,23.084104365906377,-339.50375090309547,248.97300878999576,83.73616451043536,544.6739702907599,415.1465946767788,70.2705526842364,-735.0644599629807,290.587068429497
patient_192,146.0,5.84,36.71626914817736,340.8041195567746,250.44165955592285,137.24735179569893,1337.7796821315894,420.6364887486068,72.43297937906075,54.060667370608684,293.48438760465945
patient_192,147.0,5.88,82.00297818652525,1132.1677259586972,253.72177868338386,138.13745197591655,22.252504505440385,426.1619868276435,109.72288630388174,932.2476731205246,297.8733030568147
patient_192,148.0,5.92,45.15365317867178,-921.2331251963368,255.52792481053072,214.50116555102022,1909.0928393775919,434.7420334496843,130.42134347641945,517.4614293134429,303.0901567958715
patient_192,149.0,5.96,19.27690850848908,-646.9186167545676,256.29900115087025,125.52636490696744,-2224.3700161013194,439.763088045963,246.37316947673798,2898.7956500079636,312.945083574941
patient_192,150.0,6.0,59.2880897905806,1000.279532052288,258.6705247424935,223.84666592830243,2458.0075255333745,448.7169546830951,331.6011510795931,2130.699540071377,326.20912961812473
patient_192,151.0,6.04,70.40485614608558,277.91915888762446,261.4867189883369,226.81652180431882,74.2463969004099,457.78961555526786,275.7002237701131,-1397.5231827369996,337.2371385689293
patient_192,152.0,6.08,140.6439098385278,1755.9763423110558,267.1124753818781,285.07677591094847,1456.5063526657411,469.1926865917058,156.24748307749985,-2986.318517315331,343.48703789202926
patient_192,153.0,6.12,87.32869176673181,-1332.8804517949,270.60562305254734,116.10928428160635,-4224.187290733554,473.83705796297005,113.59233088830536,-1066.3788047298624,348.03073112756147
patient_192,154.0,6.16,64.51462870928165,-570.3515764362539,273.1862082009186,71.77109099744723,-1108.4548321039779,476.70790160286793,70.75026527695609,-1071.0516402837318,350.8607417386397
patient_192,155.0,6.2,53.71353373002137,-270.0273744815071,275.3347495501195,123.13853453125496,1284.1860883451932,481.6334429841182,93.73329966971644,574.575859819009,354.6100737254284
patient_192,156.0,6.24,44.75172809251097,-224.04514093775987,277.12481867381996,31.175321240091225,-2299.0803322790935,482.8804558337218,121.6146007063731,697.0325259164163,359.4746577536833
patient_192,157.0,6.28,76.37051375490095,790.4696415597496,280.179639224016,116.1659506011004,2124.7657340252294,487.5270938577658,104.88044587658517,-418.35387074469816,363.66987558874666
patient_192,158.0,6.32,86.82870536734119,261.4547903110058,283.65278743870965,139.11791225170035,573.7990412649986,493.0918103478338,85.19765611965431,-492.06974392327146,367.0777818335328
patient_192,159.0,6.36,26.501401280174434,-1508.1826021791687,284.7128434899166,108.30773427497552,-770.2544494181208,497.4241197188328,184.80309751617315,2490.136034912971,374.4699057341797
patient_192,160.0,6.4,15.548288511927119,-273.8278192061829,285.3347750303937,35.088102274786216,-1830.4908000047326,498.8276438098242,217.47523546475665,816.8034487145874,383.16891515277
patient_192,161.0,6.44,64.10829448305739,1214.000149278257,287.89910680971605,85.8431970877324,1268.8773703236548,502.2613716933335,91.2104017367435,-3156.6208432003286,386.8173312222397
patient_192,162.0,6.48,35.37198828624668,-718.4076549202678,289.3139863411659,43.85633247685013,-1049.671615272057,504.0156249924075,80.71257725457399,-262.445612054238,390.04583431242264
patient_192,163.0,6.52,45.402780117717825,250.76979578677853,291.1300975458746,50.468626308513194,165.30734579157667,506.034370044748,59.68060410943187,-525.799328628553,392.43305847679994
patient_192,164.0,6.56,43.20507766859954,-54.94256122795704,292.8583006526186,73.08081399022119,565.3046920426998,508.95760260435685,32.48185239317747,-679.96879290636,393.732332572527
patient_192,165.0,6.6,41.34151275923834,-46.58912273403004,294.51196116298814,32.17215099331373,-1022.7165749226865,510.2444886440894,43.726628081430945,281.1193922063369,395.48139769578427
patient_192,166.0,6.64,55.32784952329317,349.65841910137067,296.72507514391987,75.0307401459759,1071.4647288165543,513.2457182499285,272.31379639875775,5714.67920793317,406.37394955173454
patient_192,167.0,6.68,46.5374277097076,-219.76054533963918,298.5865722523082,87.15214946700068,303.0352330256196,516.7318042286086,175.59783536170823,-2417.8990259262378,413.39786296620287
patient_192,168.0,6.72,86.24591105317603,992.7120835867107,302.03640869443524,35.413864700125245,-1293.457119171886,518.1483588166135,30.986308535711654,-3615.2881706499143,414.63731530763135
patient_192,169.0,6.76,88.07940000253885,45.83722373407042,305.5595846945368,64.5947663531983,729.5225413268263,520.7321494707415,31.12454569043228,3.4559288680156897,415.8822971352487
patient_192,170.0,6.8,36.88481025989203,-1279.8647435661705,307.03497710493247,73.05317198084103,211.46014069106832,523.6542763499751,60.24978910076557,728.1310852583322,418.2922886992793
patient_192,171.0,6.84,33.61083541092896,-81.8493712240766,308.37941052136966,26.58973092640264,-1161.5860263609597,524.7178655870312,27.349817114168857,-822.4992996649178,419.3862813838461
patient_192,172.0,6.88,9.060100463807206,-613.768373678044,308.74181453992196,10.603310933348508,-399.6604998263533,525.1419980243652,49.076594910459484,543.1694449072656,421.34934518026444
patient_192,173.0,6.92,41.05866946840289,799.9642251148921,310.384161318658,48.683762795093585,952.0112965436269,527.0893485361689,73.01272612273995,598.4032803070116,424.2698542251741
patient_192,174.0,6.96,18.459761564565756,-564.9726975959284,311.1225517812407,64.817430863498,403.34170171011044,529.6820457707089,15.020890734725524,-1449.7958847003606,424.8706898545631
patient_192,175.0,7.0,26.233791603920803,194.35075098387617,312.1719034453975,18.851329103721138,-1149.1525439944216,530.4360989348577,46.20619243534236,779.6325425154208,426.71893755197675
patient_192,176.0,7.04,5.82451155802293,-510.2320011474468,312.40488390771844,54.8347104276761,899.584533098874,532.6294873519648,77.60602860239914,784.9959041764193,429.8231786960727
patient_192,177.0,7.08,12.79541156544086,174.27250018544825,312.91670037033606,215.26058833932902,4010.646947791323,541.2399108855379,108.1269896092423,763.0240251710792,434.1482582804424
patient_192,178.0,7.12,27.20533713198054,360.24813916349194,314.0049138556153,144.55551522161085,-1767.6268279429544,547.0221314944024,72.52546992049002,-890.037992218807,437.049277077262
patient_192,179.0,7.16,22.72661855484311,-111.9679644284357,314.91397859780903,65.94812033632503,-1965.1848721321453,549.6600563078554,92.31305056586005,494.6895161342507,440.74179909989635
patient_192,180.0,7.2,12.158581434345788,-264.20092801243305,315.4003218551829,65.99004633935465,1.048150075740395,552.2996581614296,68.10901166694075,-605.1009724729827,443.466159566574
patient_192,181.0,7.24,26.748256998343273,364.7418890999371,316.4702521351166,37.90406249203397,-702.1495961830169,553.815820661111,26.387015890620916,-1043.0498944079957,444.52164020219885
patient_192,182.0,7.28,16.234989682417165,-262.8316828981527,317.11965172241327,20.053467487789344,-446.2648751061157,554.6179593606225,46.07788300928531,492.27167796660984,446.36475552257025
patient_192,183.0,7.32,11.278350172926336,-123.91598773727073,317.57078572933034,31.717098871274104,291.590784587119,555.8866433154735,90.36703455691188,1107.2287886906643,449.97943690484675
patient_192,184.0,7.36,18.70716107235405,185.72027248569287,318.31907217222454,13.562271721317812,-453.87067874890727,556.4291341843261,11.756240525197148,-1965.2698507928683,450.44968652585464
patient_192,185.0,7.4,13.521642772569077,-129.63795749462435,318.85993788312726,39.494683955058356,648.3103058435136,558.0089215425285,47.07148432436339,882.8810949791559,452.3325458988292
patient_192,186.0,7.44,44.50931422909378,774.6917864131176,320.64031045229103,19.821692387365744,-491.82478919231534,558.8017892380232,16.529963661265636,-763.5380165774438,452.9937444452798
patient_192,187.0,7.48,37.389928029490505,-177.9846549900819,322.13590757347066,8.044057427523692,-294.4408739960513,559.1235515351241,11.347152694988413,-129.5702741569306,453.44763055307936
patient_192,188.0,7.52,62.00397643075111,615.351210031515,324.6160666307007,46.64258730021647,964.9632468173195,560.9892550271328,19.010956824444925,191.5951032364128,454.2080688260571
patient_192,189.0,7.56,30.67592498983819,-783.201286022823,325.8431036302942,42.09325735383628,-113.73324865950477,562.6729853212862,34.9466206362614,398.3915952954119,455.6059336515076
patient_192,190.0,7.6,47.47334056322311,419.93538933462304,327.74203725282314,16.022838130073044,-651.7604805940808,563.3138988464891,39.566950913746446,115.50825693712613,457.18861168805745
patient_192,191.0,7.64,29.904429057161227,-439.2227876515471,328.9382144151096,96.27079417140169,2006.1989010332163,567.1647306133451,193.36285364863065,3844.897568372105,464.92312583400263
patient_192,192.0,7.68,33.11544511888186,80.27540154301578,330.2628322198649,42.518989950571616,-1343.7951055207518,568.8654902113681,237.66962675525565,1107.6693276656251,474.4299109042129
patient_192,193.0,7.72,37.72396050324395,115.21288460905232,331.77179063999466,46.89776733978903,109.4694347304353,570.7414009049596,183.73854563014478,-1348.2770281277717,481.7794527294187
patient_192,194.0,7.76,52.31356932245983,364.7402204803969,333.864333412893,146.69106754928734,2494.832505237458,576.6090436069311,86.25383723826396,-2437.117709797021,485.22960621894924
patient_192,195.0,7.8,41.13773075010053,-279.3959643089824,335.50984264289707,111.22910164368278,-886.5491476401139,581.0582076726783,164.68361304951276,1960.74439528122,491.81695074092977
patient_192,196.0,7.84,45.06810146801057,98.25926794775093,337.31256670161747,55.24216451828002,-1399.6734281350691,583.2678942534096,132.1442867223313,-813.4831581795368,497.10272220982296
patient_192,197.0,7.88,62.85384005176832,444.64346459394386,339.8267203036882,56.44740397094863,30.13098631671518,585.5257904122476,20.27798838525239,-2796.6574584269724,497.91384174523307
patient_192,198.0,7.92,45.583206564185886,-431.7658371895609,341.65004856625563,59.68489534917164,80.93728445557531,587.9131862262144,111.07392058729077,2269.8983050509596,502.3567985687247
patient_192,199.0,7.96,44.97037200220127,-15.320864049615324,343.4488634463437,69.16243609142846,236.93851855642052,590.6796836698716,66.22309720505305,-1121.270584555943,505.00572245692683
patient_192,200.0,8.0,70.51023466849837,638.4965666574274,346.2692728330836,56.57304867196971,-314.73468548646883,592.9426056167504,55.28297314023608,-273.5031016204243,507.21704138253625
patient_192,201.0,8.04,55.06093132341494,-386.2325836270857,348.47171008602015,60.481135441857425,97.70216924719293,595.3618510344247,26.81168206123176,-711.7822769751081,508.28950866498553
patient_192,202.0,8.08,50.664368498896124,-109.91407061297042,350.498284825976,60.7540835082171,6.823701658991865,597.7920143747533,114.40490918703067,2189.830678144973,512.8657050324668
patient_192,203.0,8.12,53.85588202363622,79.78783811850238,352.65252010692143,42.57983346543466,-454.356251069561,599.4952077133707,44.18019321559001,-1755.6178992860164,514.6329127610904
patient_192,204.0,8.16,34.720021330704505,-478.39651732329287,354.0413209601496,93.14615152040764,1264.1579513743245,603.2210537741871,67.94658200347462,594.1597196971152,517.3507760412294
patient_192,205.0,8.2,17.409745319368557,-432.7569002833987,354.73771077292434,15.67022715468273,-1936.8981091431226,603.8478628603743,37.482697943265485,-761.5971015052284,518.85008395896
patient_192,206.0,8.24,76.73798548446209,1483.2060041273382,357.8072301923028,96.778945147067,2027.7179498096068,607.719020666257,131.22692626697307,2343.6057080926894,524.0991610096389
patient_192,207.0,8.28,107.42103083651409,767.0761338013001,362.1040714257634,122.99082247221322,655.2969331286555,612.6386535651455,76.00153619315435,-1380.634751845468,527.1392224573651
patient_192,208.0,8.32,130.3011419851023,572.0027787147053,367.3161171051675,70.01420298764582,-1324.4154871141852,615.4392216846514,124.04124600653371,1200.992745334484,532.1008722976264
patient_192,209.0,8.36,146.63519496886374,408.351324594036,373.181524903922,238.49450387006104,4212.007522060381,624.9790018394539,91.2664129911467,-819.3708253846754,535.7515288172723
patient_192,210.0,8.4,124.04851348431151,-564.6670371138057,378.1434654432945,1543.4908838531803,32624.909499577985,686.7186371935811,421.554552238088,8257.203481173532,552.6137109067959
patient_192,211.0,8.44,78.14507727067789,-1147.5859053408406,381.2692685341216,617.8721924569138,-23140.467284906663,711.4335248918577,239.345038454974,-4555.2378445778495,562.1875124449948
patient_192,212.0,8.48,45.37378622610498,-819.2822761143226,383.0842199831657,818.986730950967,5027.863462351328,744.1929941298964,79.90259797842515,-3986.0610119137214,565.3836163641319
patient_192,213.0,8.52,68.11461545158875,568.5207306370942,385.80880460122927,367.9497875737377,-11275.923584430731,758.9109856328458,151.16368287965335,1781.5271225307051,571.430163679318
patient_192,214.0,8.56,54.478488285986515,-340.90317914005584,387.9879441326687,198.49882277799998,-4236.274119893443,766.8509385439659,247.89994558080207,2418.406567528718,581.34616150255
patient_192,215.0,8.6,107.66738951923402,1329.7225308311877,392.2946397134381,275.98603405713123,1937.1802819782815,777.8903799062512,229.07458903826958,-470.63391356331226,590.5091450640808
patient_192,216.0,8.64,145.91163306692428,956.1060886922565,398.13110503611506,109.17610068844972,-4170.248334217038,782.2574239337891,177.0811092615277,-1299.836994418547,597.5923894345419
patient_192,217.0,8.68,170.88425480041008,624.3155433371448,404.96647522813146,1096.1786103244997,24675.06274090125,826.104568346769,553.138829606177,9401.443008616232,619.717942618789
patient_192,218.0,8.72,99.39098351734917,-1787.3317820765226,408.94211456882545,478.3965860333194,-15444.550607279507,845.2404317881019,461.4688783649768,-2291.7487810300045,638.1766977533881
patient_192,219.0,8.76,62.87772859584046,-912.8313730377178,411.457223712659,123.25548643574753,-8878.527489939297,850.1706512455318,486.4508623404274,624.5495993862662,657.6347322470051
patient_192,220.0,8.8,27.543320273407048,-883.3602080608352,412.5589565235953,678.9089410935936,13891.336366446152,877.3270088892755,1042.5457074311664,13902.371127268474,699.3365605442518
patient_192,221.0,8.84,84.18538241622086,1416.0515535703453,415.9263718202442,311.0678653361022,-9196.026893937285,889.7697235027196,278.854020562588,-19092.292171714464,710.4907213667553
patient_192,222.0,8.88,65.99167588002157,-454.84266340498215,418.566038855445,6.47448330537201,-7614.834550768255,890.0287028349345,304.29225206089126,635.9557874575813,722.662411449191
patient_192,223.0,8.92,49.4584332270815,-413.3310663235019,420.54437618452823,94.29630787138146,2195.5456141502364,893.8005551497897,114.2412531465473,-4751.274972858599,727.232061575053
patient_192,224.0,8.96,8.280646502923668,-1029.4446681039458,420.8756020446452,134.50242772125824,1005.1529962469197,899.1806522586401,69.50399344212683,-1118.4314926105117,730.012221312738
patient_192,225.0,9.0,14.579849492943286,157.48007475049045,421.458796024363,13.46578602535562,-3025.916042397566,899.7192836996543,196.29238467963782,3169.7097809377747,737.8639166999234
patient_192,226.0,9.04,59.72459575253348,1128.6186564897548,423.8477798544643,313.72128136007717,7506.387383368039,912.2681349540575,293.7998242991322,2437.685990487359,749.6159096718886
patient_192,227.0,9.08,149.68908411241085,2249.1122089969344,429.83534321896076,519.1101643392958,5134.722074480466,933.0325415276294,447.0448305654512,3831.125156657976,767.4977028945067
patient_192,228.0,9.12,222.30241024690915,1815.3331533624573,438.72743962883715,316.00731426381157,-5077.571251887106,945.6728340981817,704.6741755698457,6440.733625109862,795.6846699173005
patient_192,229.0,9.16,201.4421837131087,-521.505663345011,446.78512697736153,478.4075607857219,4060.0061630477585,964.8091365296107,50.51979679804982,-16353.859469294897,797.7054617892225
patient_192,230.0,9.2,138.97361657595707,-1561.714178428791,452.34407164039976,299.85600138340925,-4463.788985057816,976.8033765849472,334.8584275948578,7108.4657699202,811.0997988930167
patient_192,231.0,9.24,270.6746353641546,3292.525469704938,463.17105705496596,815.4909321928027,12890.873270234835,1009.4230138726592,79.19062800940542,-6391.694989636309,814.2674240133929
patient_192,232.0,9.28,189.64310076223776,-2025.7883650479207,470.75678108545543,280.3019665131982,-13379.724141990113,1020.6350925331872,63.91801068226109,-381.8154331786081,816.8241444406833
patient_192,233.0,9.32,96.44912207999153,-2329.849467056156,474.61474596865514,70.96349983514033,-5233.461666951446,1023.4736325265927,108.80459961350316,1122.1647232810517,821.1763284252235
patient_192,234.0,9.36,89.22108036074205,-180.70104298123687,478.1835891830848,123.40961073814354,1311.1527725750805,1028.4100169561184,60.83332070656818,-1199.2819726733744,823.6096612534863
patient_192,235.0,9.4,94.09013210520378,121.72629361154321,481.94719446729295,56.05415872625222,-1683.886300297283,1030.6521833051686,92.1857774353033,783.8114182183779,827.2970923508984
patient_192,236.0,9.44,27.764358119796768,-1658.1443496351753,483.0577687920848,51.54230175223923,-112.79642435032464,1032.713875375258,108.6105887534126,410.6202829527326,831.6415159010351
patient_192,237.0,9.48,65.56413256496903,944.9943611293065,485.6803340946836,34.50553964867883,-425.91905258901016,1034.0940969612054,84.45258550041709,-603.9500813248878,835.0196193210518
patient_192,238.0,9.52,55.864257494030134,-242.49687677347237,487.91490439444476,98.93214455505611,1610.6651226594322,1038.0513827434077,11.856099402448033,-1814.9121524492261,835.4938632971497
patient_192,239.0,9.56,22.84063638845216,-825.5905276394493,488.82852984998283,46.09242574694849,-1320.9929702026905,1039.8950797732855,51.48419438775495,990.7023746326729,837.5532310726599
patient_192,240.0,9.6,105.67665240102986,2070.9004003144423,493.05559594602397,121.60506587802969,1887.81600327703,1044.7592824084068,141.47629360612237,2249.8024804591855,843.2122828169048
patient_192,241.0,9.64,79.4968087880628,-654.4960903241765,496.23546829754645,95.0676527058021,-663.4353293056897,1048.5619885166388,78.35882440718287,-1577.9367299734877,846.3466357931921
patient_192,242.0,9.68,39.754842776827466,-993.5491502808832,497.82566200861953,105.04596375404967,249.45777620618907,1052.7638270668008,244.24119730354272,4147.059322408997,856.1162836853338
patient_192,243.0,9.72,118.94265122582169,1979.6952112248555,502.5833680576524,215.78006043529427,2768.3524170311152,1061.3950294842125,278.40469103288075,854.0873432334507,867.2524713266489
patient_192,244.0,9.76,104.01147370407885,-373.27943804357096,506.74382700581555,175.36663344397954,-1010.3356747828684,1068.4096948219717,149.26525226807726,-3228.4859691200872,873.223081417372
patient_192,245.0,9.8,105.98985217298294,49.45946172260207,510.9834210927349,122.30634787518328,-1326.5071392199065,1073.301948736979,32.57567409048074,-2917.239454439913,874.5261083809912
patient_192,246.0,9.84,121.83144625506256,396.0398520519906,515.8566789429374,218.09161857687934,2394.6317675424016,1082.0256134800543,276.72118266637443,6103.637714397342,885.5949556876461
patient_192,247.0,9.88,74.71467886941656,-1177.91918464115,518.8452660977141,342.0486217875189,3098.9250802659894,1095.707558351555,134.4946759561382,-3555.662667755906,890.9747427258917
patient_192,248.0,9.92,84.88937007789534,254.36728021196942,522.2408409008299,131.98740482320616,-5251.530424107819,1100.9870545444833,96.24172161103122,-956.3238586276743,894.8244115903329
patient_192,249.0,9.96,8.033294710323444,-1921.4018841892973,522.5621726892427,138.6691878163462,167.04457482850117,1106.533822057137,41.10880946281593,-1378.3228037053825,896.4687639688456
patient_192,250.0,10.0,56.90198767070454,1221.7173240095274,524.8382521960709,206.35302533289945,1692.095937913831,1114.7879430704531,132.2552829920983,2278.6618382320594,901.7589752885294
patient_192,251.0,10.04,64.48937058848715,189.68457294456513,527.4178270196105,97.52317280973134,-2720.746313079203,1118.6888699828423,72.70465940870096,-1488.7655895849334,904.6671616648775
patient_192,252.0,10.08,85.40283702196923,522.8366608370521,530.8339405004892,39.62811406277557,-1447.3764686738941,1120.2739945453534,453.819739776743,9527.877009201053,922.8199512559472
patient_192,253.0,10.12,46.8801875132975,-963.0662377167934,532.7091480010212,135.829465446348,2405.0337845893105,1125.7071731632075,63.988268049132365,-9745.786793190266,925.3794819779125
patient_192,254.0,10.16,32.30196293347449,-364.4556144955752,534.0012265183601,77.66424554123303,-1454.130497627874,1128.8137429848568,103.20326688196504,980.3749708208168,929.5076126531911
patient_192,255.0,10.2,47.16121849159482,371.48138895300826,535.8876752580239,171.32108326603645,2341.4209431200857,1135.6665863154983,68.34055705711201,-871.5677456213257,932.2412349354756
patient_192,256.0,10.24,11.400707149221114,-894.0127835593428,536.3437035439928,75.52069191238408,-2395.0097838413094,1138.6874139919937,214.2728691611894,3648.3078026019343,940.8121497019232
patient_192,257.0,10.28,26.118176004536835,367.93672138289304,537.3884305841743,137.20963323949806,1542.2235331778495,1144.1757993215735,44.16753316322447,-4252.633399949123,942.5788510284522
patient_192,258.0,10.32,18.393892885399325,-193.10707797843776,538.1241862995902,115.5948234521907,-540.3702446826842,1148.799592259661,151.70414569158447,2688.415313209,948.6470168561156
patient_192,259.0,10.36,48.98362006342619,764.7431794506715,540.0835311021273,77.98641510520913,-940.2102086745391,1151.9190488638696,66.51178925572455,-2129.808910896498,951.3074884263445
patient_192,260.0,10.4,1.567651188108261,-1185.3992218829483,540.1462371496516,52.05275768082249,-648.3414356096662,1154.0011591711025,9.076763037181331,-1435.8756554635806,951.6705589478318
patient_192,261.0,10.44,14.901526070382689,333.34687205686066,540.7422981924668,69.8406658076566,444.69770317085295,1156.7947858034088,41.02074860026823,798.5996390771725,953.3113888918425
patient_192,262.0,10.48,37.313413113029455,560.2971760661692,542.2348347169881,33.93537235281513,-897.6323363710369,1158.1522006975213,91.02011116867516,1249.9840642101733,956.9521933385896
patient_192,263.0,10.52,12.98030267033306,-608.3277610674098,542.7540468238014,116.66105590689678,2068.1420888520415,1162.8186429337973,99.91234098728253,222.3057454651844,960.9486869780808
patient_192,264.0,10.56,65.70097572255227,1318.0168263054802,545.3820858527034,71.58696475938231,-1126.8522786878616,1165.6821215241725,129.6219291209986,742.7397033429017,966.1335641429208
patient_192,265.0,10.6,25.362926456678096,-1008.4512316468544,546.3966029109706,67.3366047004791,-106.2590014725803,1168.3755857121917,72.46021052306644,-1429.0429649483042,969.0319725638434
patient_192,266.0,10.64,41.78906220115923,410.6533936120284,548.0681653990171,125.15107020682748,1445.3616376587097,1173.3816285204648,52.069427448568106,-509.7695768624583,971.1147496617862
patient_192,267.0,10.68,27.641889668435773,-353.6793133180865,549.1738409857544,20.75203516973667,-2609.9758759272704,1174.211709927254,98.94359008611069,1171.8540659385646,975.0724932652306
patient_192,268.0,10.72,34.34518759049436,167.58244805146472,550.5476484893742,143.98855741046003,3080.913056018084,1179.9712522236725,160.23573089554702,1532.3035202359083,981.4819225010525
patient_192,269.0,10.76,5.5362415552425706,-720.2236508812948,550.7690981515839,96.73452434609356,-1181.3508266091617,1183.8406331975164,43.405987751444826,-2920.743578602555,983.2181620111103
patient_192,270.0,10.8,5.7311378051449795,4.872406247560224,550.9983436637897,6.345336178787999,-2259.729704182639,1184.0944466446679,64.89361475405413,537.1906750652325,985.8139066012725
patient_192,271.0,10.84,26.008819354470234,506.94203873313137,552.0386964379685,53.98415040990123,1190.9703557778307,1186.2538126610639,32.023638212844666,-821.7494135302366,987.0948521297863
patient_192,272.0,10.88,18.39599445860062,-190.32062239674036,552.7745362163125,7.8680305652052835,-1152.9029961173987,1186.568533883672,19.07984048736788,-323.5949431369197,987.858045749281
patient_192,273.0,10.92,16.024810918152912,-59.27958851119266,553.4155286530387,81.75838763849897,1847.2589268323422,1189.838869389212,48.71530250414377,740.8865504193973,989.8066578494468
patient_192,274.0,10.96,30.50010825547985,361.8824334331735,554.6355329832578,151.7131473351165,1748.8689924154382,1195.9073952826168,61.0941695790377,309.47167687234816,992.2504246326083
patient_192,275.0,11.0,11.888282017195422,-465.29565595711074,555.1110642639455,87.44915269255938,-1606.599866063928,1199.405361390319,220.58214760935175,3987.1994507578515,1001.0737105369824
patient_192,276.0,11.04,49.31509837692349,935.6704089932016,557.0836681990226,138.29941439717598,1271.256542615415,1204.9373379662063,255.35562672330062,869.3369778487216,1011.2879356059144
patient_192,277.0,11.08,2.054589251620398,-1181.5127281325772,557.1658517690873,120.62817438160516,-441.7810003892704,1209.7624649414704,25.633975506483583,-5743.041280420426,1012.3132946261737
patient_192,278.0,11.12,9.756536752477427,192.54868752142573,557.5561132391864,73.60084520503648,-1175.683229414217,1212.706498749672,41.97058309205121,408.4151896391906,1013.9921179498557
patient_192,279.0,11.16,11.904191202064226,53.69136123966997,558.0322808872689,37.507337887183,-902.3376829463369,1214.2067922651593,50.427692517089504,211.42773562595744,1016.0092256505393
patient_192,280.0,11.2,18.778725147014022,171.8633486237449,558.7834298931496,91.29402350065824,1344.667140336881,1217.8585532051854,36.358227535646215,-351.7366245360822,1017.4635547519651
patient_192,281.0,11.24,9.122088541771518,-241.4159151310626,559.1483134348204,29.632712094006248,-1541.5327851662998,1219.0438616889458,24.607051951710947,-293.7793895983817,1018.4478368300337
patient_192,282.0,11.28,39.78367218275435,766.5395910245709,560.7396603221306,89.19393404776504,1489.0305488439697,1222.6116190508565,87.95872244159106,1583.7917622470031,1021.9661857276973
patient_192,283.0,11.32,32.28352528634677,-187.50367241018947,562.0310013335844,42.869710516087174,-1158.1055882919466,1224.3264074714998,179.54182914774066,2289.57766765374,1029.147858893607
patient_192,284.0,11.36,83.08108446782825,1269.9389795370369,565.3542447122976,87.51931184652612,1116.2400332609736,1227.8271799453607,255.1984210826565,1891.414798372896,1039.355795736913
patient_192,285.0,11.4,70.59631613572425,-312.11920830259993,568.1780973577265,545.5901787644789,11451.771672948818,1249.6507870959401,374.1008731596616,2972.5613019251277,1054.3198306632996
patient_192,286.0,11.44,70.6387295462896,1.0603352641336272,571.0036465395782,116.66943152949231,-10723.018680874664,1254.3175643571196,123.46183942863635,-6265.975843275632,1059.258304240445
patient_192,287.0,11.48,80.96275985770907,258.10075778548696,574.2421569338866,72.22441298352771,-1111.125463649115,1257.2065408764608,51.91904146031208,-1788.5699492081067,1061.3350658988575
patient_192,288.0,11.52,189.75262808363144,2719.746705648059,581.8322620572319,394.6472412196094,8060.5707059020415,1272.9924305252453,81.39420224135684,736.8790195261189,1064.5908339885118
patient_192,289.0,11.56,96.5499441503934,-2330.067098330951,585.6942598232475,70.56935017500633,-8101.947276115076,1275.8152045322454,92.38049380628583,274.65728912322476,1068.2860537407632
patient_192,290.0,11.6,122.42100710116517,646.7765737692944,590.5911001072942,457.17807080466025,9665.218015741348,1294.1023273644319,171.0733063857704,1967.3203144871143,1075.1289859961942
patient_192,291.0,11.64,28.0034342629978,-2360.4393209541845,591.711237477814,98.35444003580277,-8970.590769221437,1298.036504965864,28.58382828756507,-3562.236952455133,1076.2723391276968
patient_192,292.0,11.68,147.00438370095438,2975.0237359489142,597.5914128258522,213.80911883988273,2886.366970101999,1306.5888697194594,182.0752715037355,3837.286080404261,1083.555349987846
patient_192,293.0,11.72,107.03023277654539,-999.3537731102247,601.8726221369141,83.7159869410683,-3252.3282974703607,1309.9375091971021,214.99184564541687,822.9143535420342,1092.1550238136629
patient_192,294.0,11.76,121.98753047972127,373.93244257939705,606.7521233561029,82.72314151848059,-24.821135564692653,1313.2464348578412,245.86978404348358,771.9484599516676,1101.989815175402
patient_192,295.0,11.8,113.30341895365254,-217.10278815171833,611.2842601142489,211.41000990755285,3217.1717097268065,1321.7028352541433,273.8237188749142,698.8483707857661,1112.9427639303988
patient_192,296.0,11.84,82.46892280937818,-770.8624036068588,614.583017026624,207.72602009616176,-92.09974528477716,1330.0118760579896,240.75089783365453,-826.8205260314921,1122.572799843745
patient_192,297.0,11.88,81.07412560115046,-34.86993020569322,617.8259820506701,105.78458150829108,-2548.5359646967668,1334.2432593183214,166.06274505954752,-1867.2038193526753,1129.215309646127
patient_192,298.0,11.92,60.742851942161806,-508.28184147471626,620.2556961283565,242.373951703868,3414.734254889423,1343.9382173864763,157.25279063520574,-220.24886060854456,1135.5054212715352
patient_192,299.0,11.96,116.62316380197875,1397.0077964954235,624.9206226804356,279.95523458174364,939.5320719468913,1355.1364267697459,172.1120943147892,371.4825919895866,1142.3899050441269
patient_192,300.0,12.0,160.32356280380816,1092.5099750457352,631.3335651925879,199.91965424000983,-2000.889508543345,1363.1332129393463,222.5140829395497,1260.0497156190122,1151.2904683617087
patient_192,301.0,12.04,97.6609980399857,-1566.5641190955614,635.2400051141874,105.44553597404968,-2361.8529566490038,1367.3510343783084,115.7607956135853,-2668.83218314911,1155.9209001862523
patient_192,302.0,12.08,19.240168720637232,-1960.5207329837117,636.0096118630129,127.15213245432167,542.6649120067999,1372.4371196764812,26.015290462165733,-2243.637628785489,1156.9615118047388
patient_192,303.0,12.12,62.43389142320249,1079.8430675641314,638.506967519941,196.46940039263626,1732.9316984578647,1380.2958956921866,70.29242454672209,1106.9283521139089,1159.7732087866077
patient_192,304.0,12.16,26.147305896487666,-907.1646381678706,639.5528597558005,108.68366082066551,-2194.643489299269,1384.643242125013,98.80123759272543,712.7203261500835,1163.7252582903168
patient_192,305.0,12.2,23.241837530773054,-72.63670914286529,640.4825332570314,104.58540583147462,-102.45637472977229,1388.8266583582722,63.070673420139975,-893.2641043146364,1166.2480852271224
patient_192,306.0,12.24,40.866028345731266,440.60477037395526,642.1171743908607,93.29776893988723,-282.1909222896846,1392.5585691158676,137.64874728193956,1864.4518465449898,1171.7540351184
patient_192,307.0,12.28,35.06593970855619,-145.0022159293768,643.5198119792029,68.59833875041308,-617.4857547368539,1395.3025026658843,190.9207890473702,1331.8010441357658,1179.3908666802947
patient_192,308.0,12.32,80.44939591535288,1134.5864051699173,646.7377878158171,34.6416276654266,-848.917777124662,1396.6881677725014,157.62661026232445,-832.3544696261436,1185.6959310907876
patient_192,309.0,12.36,36.64679773757834,-1095.0649544443636,648.2036597253202,94.84232282525312,1505.017378995663,1400.4818606855115,33.38212808449689,-3106.112054445689,1187.0312162141674
patient_192,310.0,12.4,35.233280045809394,-35.33794229422362,649.6129909271526,75.5348538074074,-482.686725446143,1403.5032548378078,90.13660971610383,1418.8620407901735,1190.6366806028118
patient_192,311.0,12.44,51.47781893730686,406.1134722874366,651.6721036846449,231.9807645404202,3911.1477683253197,1412.7824854194248,195.75263894770276,2640.4007307899733,1198.4667861607197
patient_192,312.0,12.48,103.14080469166466,1291.574643858945,655.7977358723115,93.5923207961095,-3459.7110936077675,1416.5261782512691,237.30130395195647,1038.7166251063427,1207.9588383187981
patient_192,313.0,12.52,9.389508641235848,-2343.7824012607202,656.173316217961,99.22204675977021,140.74314909151758,1420.4950601216601,105.36998797882497,-3298.282899328288,1212.173637837951
patient_192,314.0,12.56,40.22337143041479,770.8465697294735,657.7822510751777,27.620124320379727,-1790.0480609847618,1421.5998650944755,61.782639788927675,-1089.6837047474323,1214.6449434295082
patient_192,315.0,12.6,47.50063607599716,181.93161613955925,659.6822765182176,55.73657231078458,702.9111997601213,1423.829327986907,35.957615738207465,-645.6256012680052,1216.0832480590366
patient_192,316.0,12.64,34.672316467766464,-320.7079902057673,661.0691691769283,136.6387119965249,2022.553492143508,1429.2948764667678,39.760037628854406,95.0605472661735,1217.6736495641908
patient_192,317.0,12.68,14.738581492116255,-498.3433743912553,661.6587124366129,346.22467763451954,5239.649140949866,1443.1438635721486,33.8959520510939,-146.60213944401264,1219.0294876462344
patient_192,318.0,12.72,66.63553752792822,1297.423900895299,664.3241339377299,357.4538456559426,280.72920053557624,1457.4420173983863,54.195860144156896,507.4977023265749,1221.1973220520008
patient_192,319.0,12.76,25.198472838713162,-1035.9266172303767,665.3320728512786,807.1206406965764,11241.669876015845,1489.7268430262495,37.107574928540345,-427.2071303904138,1222.6816250491424
patient_192,320.0,12.8,8.792520216438884,-410.14881555685696,665.6837736599362,96.86172072157609,-17756.472999375008,1493.6013118551127,117.90270334989074,2019.87821053376,1227.3977331831381
patient_192,321.0,12.84,40.950523728426404,803.9500877996879,667.3217946090731,20.69209792570302,-1904.2405698968266,1494.428995772141,63.859268287879516,-1351.0858765502808,1229.9521039146532
patient_192,322.0,12.88,24.879540184477797,-401.7745885987152,668.3169762164522,18.0931102012372,-64.97469311164554,1495.1527201801905,18.467184287415435,-1134.802100011602,1230.69079128615
patient_192,323.0,12.92,27.84258567439064,74.0761372478211,669.4306796434278,32.1933465479633,352.5059086681526,1496.4404540421092,83.80072881096757,1633.3386130888034,1234.0428204385887
patient_192,324.0,12.96,20.78419990121976,-176.45964432927198,670.2620476394765,67.76656007481465,889.3303381712836,1499.1511164451017,73.06347967439538,-268.4312284143047,1236.9653596255644
patient_192,325.0,13.0,21.184650169487618,10.011256706696425,671.1094336462561,77.96493713893966,254.95942660312528,1502.2697139306592,61.224065646925055,-295.9853506867581,1239.4143222514415
patient_192,326.0,13.04,42.195933377596354,525.2820802027184,672.7972709813599,58.47945034757309,-487.1371697841642,1504.6088919445622,93.99235410002,819.2072113273734,1243.1740164154423
patient_192,327.0,13.08,46.043309421450495,96.18440109635351,674.6390033582179,56.40270256050665,-51.918694676661126,1506.8650000469827,87.42981444657556,-164.06349133611081,1246.6712089933053
patient_192,328.0,13.12,13.43969833618058,-815.0902771317479,675.1765912916651,60.03118836644497,90.71214514845813,1509.2662475816405,234.12421174641153,3667.359932495899,1256.0361774631617
patient_192,329.0,13.16,30.694758210513235,431.3764968583164,676.4043816200856,48.524455648961194,-287.66831793709446,1511.2072258075991,205.93106656897305,-704.8286294359621,1264.2734201259207
patient_192,330.0,13.2,7.551281606483251,-578.5869151007496,676.706432884345,42.64105853833443,-147.08492776566916,1512.9128681491325,32.81653859655439,-4327.863199310466,1265.586081669783
patient_192,331.0,13.24,4.223081589390764,-83.20500042731216,676.8753561479206,57.850714547067646,380.24140021833045,1515.226896731015,180.1520461268955,3683.3876882585278,1272.7921635148587
patient_192,332.0,13.28,51.0370976899938,1170.3504025150758,678.9168400555203,77.9394338160945,502.2179817256715,1518.3444740836587,30.61533455107528,-3738.4177893955057,1274.0167768969018
patient_192,333.0,13.32,30.980265214100456,-501.4208118973336,680.1560506640843,10.188621739586615,-1693.770301912697,1518.7520189532422,50.02432413619186,485.22473962791446,1276.0177498623495
patient_192,334.0,13.36,39.593484488924474,215.33048187060047,681.7397900436413,95.58233254612686,2134.842770163506,1522.5753122550873,125.66259805040146,1890.95684785524,1281.0442537843655
patient_192,335.0,13.4,19.891356568336906,-492.5531980146892,682.5354443063748,45.954746884426775,-1240.6896415425022,1524.4135021304642,68.1150531597709,-1438.688622265764,1283.7688559107564
patient_192,336.0,13.44,43.19516457317292,582.5952001209002,684.2632508893016,64.86431317985274,472.7391573856492,1527.0080746576582,57.15180564835005,-274.08118778552114,1286.0549281366905
patient_192,337.0,13.48,33.934446492887254,-231.5179520071416,685.6206287490171,80.97506615946654,402.7688244903448,1530.247077304037,34.76101465195583,-559.7697749098554,1287.4453687227685
patient_192,338.0,13.52,46.02425668603161,302.24525482860895,687.4615990164583,89.78395032071498,220.22210403121107,1533.8384353168656,129.15104423867277,2359.7507396679234,1292.6114104923154
patient_192,339.0,13.56,72.06265508167611,650.9599598911125,690.3441052197254,81.69054334303506,-202.335174441998,1537.106057050587,73.52844935951207,-1390.5648719790174,1295.552548466696
patient_192,340.0,13.6,59.04866586053074,-325.3497305286343,692.7060518541466,56.75685892137015,-623.3421105416227,1539.3763314074417,70.06733436901301,-86.52787476247639,1298.3552418414565
patient_192,341.0,13.64,36.52940003473569,-562.9816456448763,694.167227855536,203.1490264895234,3659.804189203831,1547.5022924670227,14.187227743542424,-1397.0026656367647,1298.9227309511982
patient_192,342.0,13.68,23.336298274161752,-329.82754401434835,695.1006797865025,2.4341683042435736,-5017.871454631996,1547.5996591991925,17.44041091551529,81.32957929932165,1299.6203473878188
patient_192,343.0,13.72,21.121008316826877,-55.38224893337187,695.9455201191755,132.192530368239,3243.9590515998857,1552.887360413922,49.640743273816334,805.008308957526,1301.6059771187715
patient_192,344.0,13.76,24.61568856667821,87.36700624628328,696.9301476618426,77.77869532628976,-1360.345876048731,1555.9985082269736,87.25075372011412,940.2502611574446,1305.0960072675762
patient_192,345.0,13.8,37.856488435120355,331.01999671105364,698.4444071992475,8.864385711194947,-1722.8577403773706,1556.3530836554214,36.28301779977083,-1274.193398008582,1306.547327979567
patient_192,346.0,13.84,8.234666841499038,-740.5455398405329,698.7737938729074,28.1170570561247,481.3167836232438,1557.4777659376664,55.99916573455828,492.90369836968625,1308.7872946089492
patient_192,347.0,13.88,12.966083144368609,118.28540757173927,699.2924371986821,87.83282396150223,1492.8941726344383,1560.9910788961265,37.38022969208762,-465.4734010617666,1310.282503796633
patient_192,348.0,13.92,46.20313588362222,830.9263184813401,701.140562634027,33.05863092292698,-1369.3548259643812,1562.3134241330436,51.26293088519626,347.0675298277161,1312.3330210320407
patient_192,349.0,13.96,58.926669259350966,318.0883343932187,703.4976294044011,37.01661862885415,98.94969264817917,1563.7940888781977,122.95260536822572,1792.2418620757362,1317.2511252467698
patient_192,350.0,14.0,64.27055390144334,133.59711605230925,706.0684515604588,28.546602312730062,-211.75040790310211,1564.935952970707,151.72615713302486,719.3387941199784,1323.3201715320909
patient_192,351.0,14.04,85.81443919931277,538.5971324467359,709.5010291284312,68.63588385570276,1002.2320385743175,1567.6813883249351,169.21720918368936,437.2763012666127,1330.0888598994384
patient_192,352.0,14.08,82.6284951126556,-79.64860216642933,712.8061689329375,176.7144796307551,2701.9648943763086,1574.7499675101653,232.8469509870155,1590.7435450831535,1339.4027379389188
patient_192,353.0,14.12,69.29165289790711,-333.42105536871213,715.5778350488538,17.946807621142298,-3969.19180024032,1575.4678398150108,270.4567223811311,940.2442848528899,1350.2210068341642
patient_192,354.0,14.16,66.64576284585883,-66.14725130120718,718.2436655626881,36.494260146622814,463.6863131370129,1576.927610220876,105.57003998637009,-4122.167059869025,1354.4438084336189
patient_192,355.0,14.2,46.700275463951634,-498.6371845476798,720.1116765812461,61.765005030896305,631.7686221068373,1579.3982104221118,51.35207011018523,-1355.4492469046215,1356.4978912380266
patient_192,356.0,14.24,48.43681062462726,43.41337901689073,722.0491490062311,95.06419840260277,832.4798342926616,1583.2007783582158,141.3354823116097,2249.585305035612,1362.151310530491
patient_192,357.0,14.28,63.74035861174724,382.58869967799944,724.598763350701,93.72113816854565,-33.576505851427996,1586.9496238849576,160.14990505945713,470.36056869618574,1368.5573067328692
patient_192,358.0,14.32,61.26173870899091,-61.96549756890821,727.0492328990607,68.98471841065651,-618.4104939472285,1589.7090126213839,122.95492594829884,-929.8744777789573,1373.475503770801
patient_192,359.0,14.36,62.84736333456741,39.6406156394125,729.5631274324435,67.28641470312616,-42.45759268825893,1592.400469209509,100.79637321136241,-553.9638184234107,1377.5073586992555
patient_192,360.0,14.4,57.96756891380496,-121.99486051906128,731.8818301889957,119.46576786538849,1304.4838290565583,1597.1790999241246,75.62463610415162,-629.2934276802697,1380.5323441434216
patient_192,361.0,14.44,62.191173093374495,105.59010448923836,734.3694771127307,145.8635614870013,659.9448405403205,1603.0136423836045,220.89839808922778,3631.844049626904,1389.3682800669908
patient_192,362.0,14.48,37.609987068887236,-614.5296506121815,735.8738765954862,190.57983059137007,1117.9067276092192,1610.6368356072594,304.77466171381457,2096.9065906146698,1401.5592665355432
patient_192,363.0,14.52,85.74032127857437,1203.2583552421784,739.3034894466292,145.3949379177678,-1129.6223168400566,1616.45263312397,176.2919336757061,-3212.068200952712,1408.6109438825713
patient_192,364.0,14.56,117.04387731554357,782.58890092423,743.985244539251,254.83043191511942,2735.8873499337906,1626.6458504005748,170.68042007460642,-140.2878400274922,1415.4381606855554
patient_192,365.0,14.6,93.6652957023577,-584.4645403296468,747.7318563673454,315.88733062806716,1526.4224678236935,1639.2813436256974,218.41039926394257,1193.2494797334036,1424.1745766561132
patient_192,366.0,14.64,163.69393341362874,1750.7159427817762,754.2796137038905,129.72347413164698,-4654.096412410505,1644.4702825909635,203.38367331811972,-375.66814864557114,1432.309923588838
patient_192,367.0,14.68,152.69925854377692,-274.8668717462955,760.3875840456416,334.7562565701227,5125.819560961892,1657.8605328537683,257.11139873683436,1343.193135467866,1442.5943795383116
patient_192,368.0,14.72,36.44900023343159,-2906.256457758633,761.8455440549789,141.9475508332959,-4820.217643420669,1663.5384348871003,256.18212621036747,-23.23181316167222,1452.8416645867264
patient_192,369.0,14.76,45.568821473291564,227.99553099649933,763.6682969139105,55.264882957398065,-2167.066696897446,1665.7490302053961,120.79428451406213,-3384.6960424076337,1457.673435967289
patient_192,370.0,14.8,24.45253510242933,-527.9071592715559,764.6463983180075,53.945346379351136,-32.98841445117322,1667.9068440605704,71.53869717373591,-1231.3896835081555,1460.5349838542386
patient_192,371.0,14.84,58.72170442435341,856.7292330481021,766.9952664949816,73.27823288740544,483.3221627013575,1670.8379733760664,110.64248624375854,977.5947267505658,1464.9606833039888
patient_192,372.0,14.88,63.93448375270375,130.3194832087584,769.5526458450897,250.0944713013294,4420.405960348099,1680.8417522281195,184.89696880105618,1856.3620639324408,1472.356562056031
patient_192,373.0,14.92,94.62007861347081,767.1398715191765,773.3374489896286,106.7526276884065,-3583.5460903230723,1685.111857335656,164.87842157320947,-500.4636806961678,1478.9516989189592
patient_192,374.0,14.96,87.44057682662806,-179.48754467106875,776.8350720626938,106.79283729911354,1.0052402676759442,1689.3835708276206,17.280473611757852,-3689.9486990362902,1479.6429178634298
patient_192,375.0,15.0,47.71924169209092,-993.0333783634286,778.7438417303774,76.29346545998429,-762.4842959782313,1692.4353094460198,161.81607897104473,3613.390133982172,1486.1155610222715
patient_192,376.0,15.04,21.002830915758068,-667.9102694083213,779.5839549670077,60.32201912102267,-399.2861584740405,1694.8481902108606,281.0459163745007,2980.7459350863987,1497.3573976772518
patient_192,377.0,15.08,34.26351703395679,331.51715295496797,780.954495648366,50.875905223639705,-236.1528474345741,1696.8832264198063,71.3069200280417,-5243.474908661475,1500.2096744783735
patient_192,378.0,15.12,24.14877879682926,-252.86845592818824,781.9204468002391,23.47488225925042,-685.0255741097321,1697.8222217101763,46.498913020930736,-620.2001751777741,1502.0696309992106
patient_192,379.0,15.16,34.46279202078198,257.8503305988181,783.2989584810705,21.767442322357002,-42.68599842233547,1698.6929194030706,30.440673350985993,-401.4559917486186,1503.2872579332502
patient_192,380.0,15.2,19.856320152880993,-365.1617966975247,784.0932112871857,42.86623807749943,527.4698938785607,1700.4075689261706,69.42627140005091,974.639951226623,1506.0643087892522
patient_192,381.0,15.24,25.514279459129998,141.44898265622513,785.1137824655509,24.355343878353715,-462.7723549786429,1701.381782681305,40.74687569966163,-716.9848925097319,1507.6941838172386
patient_192,382.0,15.28,50.66842723869242,628.8536944890607,787.1405195550985,142.55673558967052,2955.0347927829202,1707.0840521048917,77.51881152462154,919.2983956239977,1510.7949362782235
patient_192,383.0,15.32,94.48951493186753,1095.5271923293776,790.9201001523734,114.80781088934161,-693.7231175082228,1711.6763645404653,68.4945154089797,-225.60740289104615,1513.5347168945827
patient_192,384.0,15.36,136.74574896052036,1056.4058507163206,796.3899301107941,42.50753836244464,-1807.5068131724245,1713.376666074963,161.12953668509363,2315.8755319028483,1519.9798983619862
patient_192,385.0,15.4,140.3895935149823,91.09611386154839,802.0055138513933,180.26006877260147,3443.8132602539204,1720.587068825867,68.15296700829754,-2324.4142419199025,1522.706017042318
patient_192,386.0,15.44,136.2546020116853,-103.37478758242469,807.4556979318608,42.97253887057727,-3432.188247550605,1722.30597038069,240.21332140147535,4301.508859829445,1532.3145498983772
patient_192,387.0,15.48,140.1360387330119,97.03591803316485,813.0611394811813,261.2489877433985,5456.911221820531,1732.7559298904262,142.8843835267032,-2433.2234468693036,1538.0299252394452
patient_192,388.0,15.52,165.449365989627,632.8331814153778,819.6791141207664,63.91836983927823,-4933.2654476030075,1735.3126646839974,241.26526949673496,2459.522149250794,1547.6805360193146
patient_192,389.0,15.56,139.94343814368946,-637.6481961484387,825.2768516465138,133.42983934120866,1737.7867375482608,1740.6498582576457,172.57769572574088,-1717.189344274852,1554.5836438483443
patient_192,390.0,15.6,117.53618476501006,-560.1813344669849,829.9782990371142,203.42298539710038,1749.8286513972928,1748.7867776735295,105.76251477739551,-1670.3795237086342,1558.81414443944
patient_192,391.0,15.64,122.07713664387556,113.52379697163748,834.8613845028692,300.7692305059029,2433.656127720063,1760.8175468937657,269.01323759662483,4081.2680704807335,1569.574673943305
patient_192,392.0,15.68,86.71421075888861,-884.0731471246737,838.3299529332247,36.5221298390435,-6606.177516671485,1762.2784320873275,249.20010521470562,-495.32830954798044,1579.5426781518931
patient_192,393.0,15.72,38.01501994138827,-1217.4797704375087,839.8505537308802,123.63449394437005,2177.8091026331635,1767.2238118451025,92.12608153131802,-3926.8505920846897,1583.2277214131457
patient_192,394.0,15.76,4.781560313633062,-830.83649069388,840.0418161434255,75.90931138864015,-1193.1295638932475,1770.260184300648,114.71041290441643,564.6082843274602,1587.8161379293224
patient_192,395.0,15.8,19.85326442606297,376.7926028107477,840.8359467204681,50.71556198180803,-629.8437351708029,1772.2888067799204,267.1327077004745,3810.5573699014512,1598.5014462373415
patient_192,396.0,15.84,20.993518626064308,28.506355000033423,841.6756874655106,56.322092698490614,140.16326791706462,1774.5416904878603,112.91157658514341,-3855.5282778832775,1603.0179093007473
patient_192,397.0,15.88,37.455990112776036,411.56178716779317,843.1739270700216,119.38520067988263,1576.5776995348003,1779.3170985150555,128.34418775726647,385.8152793030765,1608.151676811038
patient_192,398.0,15.92,17.259877252111576,-504.9028215166115,843.8643221601061,75.39980220680717,-1099.6349618268866,1782.3330906033277,47.472366461362405,-2021.7955323976014,1610.0505714694925
patient_192,399.0,15.96,16.35364426742576,-22.65582461714537,844.5184679308031,155.87613681605464,2011.9083652311867,1788.56813607597,54.15447064424779,167.05260457213456,1612.2167502952625
patient_192,400.0,16.0,22.783883510501308,160.7559810768887,845.4298232712233,37.17601893551694,-2967.5029470134427,1790.0551768333908,91.3343443911924,929.4968436736153,1615.8701240709104
patient_192,401.0,16.04,30.87775936678234,202.34689640702578,846.6649336458946,75.51420935900403,958.4547605871771,1793.075745207751,52.828756292832594,-962.6397024589952,1617.9832743226236
patient_192,402.0,16.08,12.626894694321983,-456.2716168115089,847.1700094336676,72.8289587963089,-67.13126406737828,1795.9889035596032,23.873175914484765,-723.8895094586957,1618.938201359203
patient_192,403.0,16.12,11.902157468550445,-18.11843064428844,847.6460957324095,63.90150077942999,-223.18645042197272,1798.5449635907803,13.141093387007563,-268.30206318693,1619.4638450946834
patient_192,404.0,16.16,51.89907552908998,999.9229515134882,849.7220587535733,49.616691188584355,-357.1202397711408,1800.5296312383236,41.6653869527603,713.1073391438184,1621.1304605727937
patient_192,405.0,16.2,8.190839467073914,-1092.7059015504017,850.0496923322562,169.81033968671966,3004.8412124533825,1807.3220448257925,16.075859887506827,-639.7381766313368,1621.7734949682938
patient_192,406.0,16.24,35.52826508683455,683.435640494016,851.4708229357296,102.99909200791608,-1670.2811919700896,1811.4420085061092,188.88246517368705,4320.165132154506,1629.3287935752412
patient_192,407.0,16.28,47.09707191533255,289.22017071244994,853.354705812343,149.3273599193407,1158.2066977856155,1817.4151029028828,92.1909599028996,-2417.287631769686,1633.0164319713574
patient_192,408.0,16.32,84.17289863828537,926.8956680738206,856.7216217578743,66.82638827379395,-2062.5242911386686,1820.0881584338347,113.66846147870467,536.9375393951266,1637.5631704305058
patient_192,409.0,16.36,99.02493813902433,371.30098751847385,860.6826192834353,119.59672534304582,1319.2584267312966,1824.8720274475563,260.2957266373544,3665.681628966243,1647.974999496
patient_192,410.0,16.4,39.89391874165645,-1478.275484934197,862.2783760331017,187.03881344990563,1686.0522026714953,1832.3535799855526,100.10872575382481,-4004.6750220882395,1651.979348526153
patient_192,411.0,16.44,70.38168335095585,762.194115232485,865.0936433671399,80.75414719373238,-2657.1166564043315,1835.5837458733017,211.8273665574827,2792.966020091447,1660.4524431884522
patient_192,412.0,16.48,130.50342732939455,1503.0435994609675,870.3137804603156,83.59376749768815,70.99050759889423,1838.9274965732093,72.56206838288834,-3481.632454364859,1663.3549259237677
patient_192,413.0,16.52,147.83596449261472,433.3134290805042,876.2272190400201,497.933935715618,10358.504205448247,1858.8448540018342,90.80709325484877,456.1256217990106,1666.9872096539618
patient_192,414.0,16.56,105.56328846847259,-1056.8169006035532,880.449750578759,44.30403956150212,-11340.747403852898,1860.6170155842942,308.645338586274,5445.956133285631,1679.3330231974128
patient_192,415.0,16.6,99.49109719794988,-151.8047817630677,884.4293944666771,168.84997468788703,3113.6483781596226,1867.3710145718098,260.4918189651024,-1203.83799052929,1689.7526959560169
patient_192,416.0,16.64,55.74797855825842,-1093.5779659922866,886.6593136090073,400.8403310367645,5799.758908721937,1883.4046278132803,223.15728553860123,-933.3633356625298,1698.678987377561
patient_192,417.0,16.68,71.45869369623608,392.76787844944164,889.5176613568568,187.3635943214973,-5336.91841788168,1890.8991715861403,215.4848680892026,-191.81043623496592,1707.2983821011292
patient_192,418.0,16.72,104.56002123123442,827.5331883749583,893.7000622061063,92.31868855076841,-2376.122644268222,1894.591919128171,130.17250673542264,-2132.8090338444986,1712.505282370546
patient_192,419.0,16.76,12.553773500980526,-2300.1561932563473,894.2022131461455,48.27244913593728,-1101.1559853707784,1896.5228170936086,21.80476508687928,-2709.193541213584,1713.377472974021
patient_192,420.0,16.8,39.54888800751387,674.8778626633335,895.784168666446,185.0891337512518,3420.4171153828634,1903.9263824436587,231.90572886414083,5252.524094431538,1722.6537021285867
patient_192,421.0,16.84,15.07420595865226,-611.8670512215401,896.3871369047921,90.53109533497415,-2363.9509604069412,1907.5476262570578,33.1141818846293,-4969.788674487788,1723.9782694039718
patient_192,422.0,16.88,62.8501372634515,1194.398282619981,898.9011423953302,102.20410081125564,291.82513690703723,1911.635790289508,286.36775664843117,6331.339369095046,1735.4329796699092
patient_192,423.0,16.92,28.914864312749543,-848.3818237675489,900.0577369678401,81.62086660815879,-514.5808550774212,1914.9006249538343,215.23752014022088,-1778.2559127052573,1744.0424804755178
patient_192,424.0,16.96,51.010568862162565,552.3926137353255,902.0981597223267,198.2982220660396,2916.9338864470205,1922.832553836476,76.5948810642342,-3466.0659768996666,1747.1062757180873
patient_192,425.0,17.0,43.305970218186495,-192.61496609940173,903.8303985310541,41.17019426100974,-3928.200695125747,1924.4793616069164,44.933415060792875,-791.5366500860332,1748.903612320519
patient_192,426.0,17.04,22.64021513656,-516.6438770406625,904.7360071365164,143.04563280727066,2546.885963656523,1930.2011869192072,176.3421877933044,3285.219318312788,1755.9572998322512
patient_192,427.0,17.08,29.36556603184519,168.13377238212982,905.9106297777902,26.35213160273427,-2917.3375301134097,1931.2552721833165,280.7229843741889,2609.519914522113,1767.1862192072188
patient_192,428.0,17.12,26.780866197896344,-64.61749584872116,906.981864425706,49.92648011849181,589.3587128939384,1933.252331388056,28.7128616511421,-6300.25306807617,1768.3347336732643
patient_192,429.0,17.16,13.410839783567003,-334.2506603582335,907.5182980170487,27.736689874980637,-554.7447560877794,1934.3617989830555,45.25940413179513,413.6635620163258,1770.145109838536
patient_192,430.0,17.2,4.877475767075148,-213.33410041229638,907.7133970477317,17.531974826146467,-255.11787622085427,1935.063077976101,36.58986705457592,-216.73842693048027,1771.6087045207191
patient_192,431.0,17.24,2.8792367531450296,-49.955975348252956,907.8285665178576,54.46505018868712,923.3268840635164,1937.2416799836487,53.811147612883815,430.5320139576974,1773.7611504252345
patient_192,432.0,17.28,34.00656343124002,778.1831669523747,909.1888290551072,10.840358734071952,-1090.6172863653794,1937.6752943330116,457.11229220465043,10082.528614794166,1792.0456421134204
patient_192,433.0,17.32,13.224940142983202,-519.5405822064205,909.7178266608265,14.761157234954311,98.01996252205898,1938.2657406224098,234.77465548229372,-5558.440918058917,1801.4366283327122
patient_192,434.0,17.36,40.304154372657514,676.9803557418578,911.3299928357328,51.405056767190004,916.0974883058923,1940.3219428930972,77.0657844357809,-3942.721776162821,1804.5192597101434
patient_192,435.0,17.4,36.29841012593131,-100.14360616815506,912.7819292407701,26.84903665369297,-613.9005028374258,1941.395904359245,70.08866817886515,-174.42790642289373,1807.322806437298
patient_192,436.0,17.44,17.805368385475735,-462.32604351138946,913.4941439761891,24.230013123528376,-65.47558825411484,1942.3651048841864,57.426841207320116,-316.54567428862583,1809.6198800855907
patient_192,437.0,17.48,21.922761429446247,102.9348260992628,914.3710544333669,28.187479449382256,98.93665814634699,1943.4926040621617,166.17431715793575,2718.686898765391,1816.2668527719081
patient_192,438.0,17.52,18.686406019465622,-80.90888524951563,915.1185106741455,13.815238652802647,-359.3060199144902,1944.0452136082738,84.94687110490756,-2030.6861513257047,1819.6647276161043
patient_192,439.0,17.56,41.26471784766508,564.4577957049866,916.7690993880522,57.93016504794365,1102.873159878525,1946.3624202101917,77.62572184995228,-183.02873137388184,1822.7697564901025
patient_192,440.0,17.6,7.90244119349443,-834.0569163542663,917.0851970357919,9.687076630444329,-1206.077210437483,1946.7499032754092,45.209611447843606,-810.402760052717,1824.578140948016
patient_192,441.0,17.64,19.073278013008295,279.27092048784664,917.8481281563123,19.189235797333257,237.5539791722232,1947.5174727073027,91.99266090359231,1169.5762363937176,1828.2578473841597
patient_192,442.0,17.68,31.58629454887874,312.8254133967611,919.1115799382674,46.94232672818137,693.8272732712028,1949.3951657764298,67.19801824465357,-619.8660664734685,1830.9457681139459
patient_192,443.0,17.72,37.91787276812999,158.2894554812812,920.6282948489925,16.159599252928942,-769.5681868813107,1950.041549746547,218.91957693165324,3793.038967174992,1839.702551191212
patient_192,444.0,17.76,58.130215572309176,505.30857010447966,922.9535034718849,104.96328285023525,2220.0920899326575,1954.2400810605563,523.6065386903078,7617.174043966365,1860.6468127388243
patient_192,445.0,17.8,86.67466220812395,713.6111658953693,926.4204899602098,144.83314223590244,996.7464846416799,1960.0334067499925,84.35451411953596,-10981.300614269298,1864.0209933036056
patient_192,446.0,17.84,60.18165637530504,-662.3251458204727,928.827756215222,244.59384133693885,2494.01747752591,1969.81716040347,43.116670490387826,-1030.9460907287034,1865.7456601232211
patient_192,447.0,17.88,33.9028911050046,-656.969131757511,930.1838718594222,32.90640534063607,-5292.185899907569,1971.1334166170955,250.5532469304185,5185.914411000767,1875.7677900004378
patient_192,448.0,17.92,49.33081721907997,385.69815285188423,932.1571045481854,139.67547455655162,2669.226730397889,1976.7204355993572,317.9036811199651,1683.7608547386644,1888.4839372452363
patient_192,449.0,17.96,51.62770302873548,57.422145241387845,934.2222126693348,7.988573396464399,-3292.1725290021805,1977.0399785352158,122.19633073030373,-4892.683759741534,1893.3717904744483
patient_192,450.0,18.0,13.768317793364572,-946.4846308842727,934.7729453810695,25.389207298643747,435.0158475544837,1978.0555468271614,50.33428123077159,-1796.5512374883033,1895.3851617236794
patient_192,451.0,18.04,59.59834482806339,1145.7506758674704,937.156879174192,145.02161049138377,2990.8100798185005,1983.8564112468168,162.29405401072754,2798.9943194988987,1901.8769238841085
patient_192,452.0,18.08,36.706107357409515,-572.3059367663469,938.6251234684883,129.95786217715968,-376.59370785560213,1989.054725733903,129.74159727729358,-813.8114183358489,1907.0665877752003
patient_192,453.0,18.12,31.203842851221108,-137.55661265471016,939.8732771825371,28.03775881645257,-2548.0025840176777,1990.1762360865614,156.23221708284072,662.2654951386785,1913.315876458514
patient_192,454.0,18.16,32.44172759755891,30.94711865844504,941.1709462864394,20.482812068361962,-188.87366870226518,1990.9955485692958,24.649928848427617,-3289.557205860328,1914.3018736124511
patient_192,455.0,18.2,26.09649613327604,-158.6307866070717,942.2148061317705,44.487943034207234,600.1282741461318,1992.775066290664,73.92426596547544,1231.8584279261954,1917.25884425107
patient_192,456.0,18.24,53.36131936130627,681.6205807007558,944.3492589062226,76.12365945299382,790.8929104696647,1995.8200126687836,39.323147425185184,-865.0279635072565,1918.8317701480776
patient_192,457.0,18.28,35.669482956389196,-442.2959101229269,945.7760382244783,12.216632058070733,-1597.6756848730772,1996.3086779511066,40.08686653647567,19.09297778226211,1920.4352448095367
patient_192,458.0,18.32,22.855054954580783,-320.3607000452103,946.6902404226614,22.26063003815913,251.09994950220997,1997.199103152633,41.41052984205218,33.09158263941274,1922.091666003219
patient_192,459.0,18.36,14.914829289929118,-198.50564161629163,947.2868335942586,25.58025704883097,82.99067526679593,1998.222313434586,26.422689494184333,-374.69600869669614,1923.148573582986
patient_192,460.0,18.4,12.213205491476442,-67.5405949613169,947.7753618139177,89.23744424734939,1591.4296799629603,2001.7918112044802,38.618177520653425,304.8872006617273,1924.6933006838124
patient_192,461.0,18.44,2.4428300503361284,-244.25938602850783,947.8730750159311,13.897596425243192,-1883.4961955526549,2002.34771506149,43.44711922049372,120.72354249600733,1926.4311854526322
patient_192,462.0,18.48,4.849610368334946,60.16950794997044,948.0670594306645,122.82812982647825,2723.2633350308765,2007.260840254549,32.59873075903643,-271.2097115364322,1927.7351346829935
patient_192,463.0,18.52,7.559508982083495,67.74746534371371,948.3694397899478,60.27190683332706,-1563.9055748287797,2009.6717165278822,57.41357460874174,620.3710962426328,1930.0316776673433
patient_192,464.0,18.56,36.49665679578429,723.42869534252,949.8293060617792,37.54744710584276,-568.1114931871075,2011.1736144121157,49.346635568854246,-201.67347599718735,1932.0055430900973
patient_192,465.0,18.6,44.94807099743392,211.28535504124085,951.6272289016765,211.00580284111217,4336.458893381735,2019.6138465257602,110.99454860723722,1541.1978259595744,1936.4453250343868
patient_192,466.0,18.64,60.360150979877055,385.3019995610783,954.0416349408716,76.46964376425127,-3363.403976921522,2022.6726322763302,87.71333252940414,-582.030401945827,1939.953858335563
patient_192,467.0,18.68,26.49658958171534,-846.5890349540429,955.1014985241402,65.84159813059578,-265.7011408413872,2025.306296201554,103.00650843457208,382.3293976291985,1944.0741186729458
patient_192,468.0,18.72,71.41107574574967,1122.8621541008583,957.9579415539702,11.702892230794218,-1353.467647495039,2025.7744118907858,35.39524841444306,-1690.2815005032255,1945.4899286095235
patient_192,469.0,18.76,36.65180080792314,-868.9818734456633,959.4240135862871,87.40915025703164,1892.6564506559355,2029.270777901067,40.00016297415366,115.12286399276502,1947.0899351284897
patient_192,470.0,18.8,11.238456957000173,-635.3335962730741,959.8735518645669,29.872860766531783,-1438.4072372624964,2030.4656923317284,36.254172368872766,-93.64976513202237,1948.5401020232446
patient_192,471.0,18.84,11.768823741162796,13.25916960406559,960.3443048142135,140.4141580834063,2763.532432921863,2036.0822586550646,50.41507108342311,354.02246786375855,1950.5567048665814
patient_192,472.0,18.88,33.63743862607045,546.7153721226913,961.6898023592564,42.35650065767866,-2451.441435643191,2037.7765186813715,18.706272559228932,-792.7199631048544,1951.3049557689505
patient_192,473.0,18.92,29.58180057251931,-101.39095133877846,962.8730743821573,31.88587268641597,-261.76569928156727,2039.051953588828,167.90963247220924,3730.083997824508,1958.0213410678389
patient_192,474.0,18.96,15.303010445738257,-356.9697531695263,963.4851947999867,121.63428389595724,2243.710280238532,2043.9173249446665,128.48301602726377,-985.6654111236367,1963.1606617089294
patient_192,475.0,19.0,47.385898200662055,802.0721938730949,965.3806307280132,62.79264051356899,-1471.0410845597062,2046.4290305652091,112.59360933301282,-397.2351673562738,1967.6644060822498
patient_192,476.0,19.04,18.483614869286185,-722.5570832843968,966.1199753227846,31.728487311047584,-776.6038300630352,2047.698170057651,90.93810321413717,-541.3876529718913,1971.3019302108153
patient_192,477.0,19.08,33.373728802787895,372.25284833754273,967.4549244748961,30.64055600239631,-27.198282716281863,2048.923792297747,85.74976613023532,-129.7084270975464,1974.7319208560248
patient_192,478.0,19.12,23.41891109478852,-248.87044269998438,968.3916809186876,50.69870285349662,501.4536712775078,2050.951740411887,128.21047224714596,1061.517652922766,1979.8603397459106
patient_192,479.0,19.16,21.74551691332211,-41.834854536660245,969.2615015952205,21.98427026877157,-717.8608146181263,2051.831111222638,63.480315411226414,-1618.2539208979886,1982.3995523623596
patient_192,480.0,19.2,28.799098008604652,176.33952738206355,970.4134655155646,139.04784176373573,2926.589287374104,2057.393024893187,81.72987911783271,456.2390926651574,1985.6687475270728
patient_192,481.0,19.24,44.07875766435031,381.9914913936415,972.1766158221385,60.321578196387634,-1968.1565891837024,2059.805888021043,287.0188729677293,5132.224846247415,1997.1495024457822
patient_192,482.0,19.28,4.75812016999531,-983.0159373588751,972.3669406289383,54.473233872259286,-146.2086081032087,2061.984817375933,3.8894671193305914,-7078.235146209967,1997.3050811305554
patient_192,483.0,19.32,26.367976318536925,540.2464037135404,973.4216596816798,7.701179791290552,-1169.3013520242184,2062.2928645675847,38.57170275641173,867.0558909270286,1998.8479492408119
patient_192,484.0,19.36,38.150989996585,294.5753419512018,974.9476992815431,50.218892188747745,1062.94280993643,2064.301620255135,4.82176384916809,-843.748472681091,1999.0408197947786
patient_192,485.0,19.4,43.19798059434087,126.1747649438968,976.6756185053168,63.26453685937929,326.14111676578864,2066.83220172951,7.4974636144160325,66.89249413119856,1999.3407183393554
patient_192,486.0,19.44,39.6624614893135,-88.38797762568421,978.2621169648893,83.15623709272924,497.2925058337488,2070.158451213219,57.20741140365385,1242.7486947309453,2001.6290147955015
patient_192,487.0,19.48,23.60574800837515,-401.41783702345873,979.2063468852243,61.96336672817315,-529.8217591139023,2072.636985882346,70.63545626010092,335.7011214111768,2004.4544330459057
patient_192,488.0,19.52,39.868983129594156,406.5808780304751,980.8011062104081,20.251888042415448,-1042.7869671439425,2073.447061404043,80.39639168445161,244.02338560876728,2007.6702887132838
patient_192,489.0,19.56,36.39065371251281,-86.95823542703369,982.2567323589085,37.47405095469676,430.55407280703275,2074.946023442231,180.32461099011175,2498.2054826415033,2014.883273152888
patient_192,490.0,19.6,39.80941116290075,85.46893625969858,983.8491088054245,47.50943167545766,250.88451801902264,2076.846400709249,68.23012669316836,-2802.362107423585,2017.6124782206148
patient_192,491.0,19.64,57.75411668554901,448.6176380662064,986.1592734728464,47.187171185199425,-8.056512256455939,2078.733887556657,120.6515940707413,1310.5366844393234,2022.4385419834443
patient_192,492.0,19.68,20.116958186493303,-940.9289624763925,986.9639518003061,49.452613801422814,56.63606540558472,2080.7119921087137,93.76135523766105,-672.2559708270062,2026.188996192951
patient_192,493.0,19.72,10.23893278231814,-246.9506351043791,987.3735091115989,22.78599310026846,-666.6655175288588,2081.6234318327247,47.697139301977295,-1151.6053983920938,2028.09688176503
patient_192,494.0,19.76,20.681652301038383,261.0679879680061,988.2007752036403,12.634947481906776,-253.7761404590421,2082.1288297320007,7.493817063892457,-1005.083055952121,2028.3966344475857
patient_192,495.0,19.8,19.620526645764137,-26.528141381856152,988.985596269471,17.719515504540357,127.11420056583952,2082.8376103521823,23.105843592316937,390.300663210612,2029.3208681912784
patient_192,496.0,19.84,3.7944868558318636,-395.65099474830686,989.1373757437043,79.54548594756288,1545.6492610755631,2086.0194297900853,59.96136619545209,921.3880650783788,2031.7193228390963
patient_192,497.0,19.88,9.802357842309817,150.19677466194884,989.5294700573967,76.47228060130091,-76.8301336565493,2089.078321014137,341.4846485610056,7038.082059138838,2045.3787087815365
patient_192,498.0,19.92,25.30465147601115,387.5573408425333,990.541656116437,43.07218946035253,-835.0022785237094,2090.8012085925516,248.21581049322097,-2331.720951694616,2055.3073412012654
patient_192,499.0,19.96,12.700432954298288,-315.1054630428215,991.049673434609,39.84275176123959,-80.73594247782356,2092.3949186630007,32.76796721206371,-5386.196082028931,2056.618059889748
patient_192,500.0,20.0,23.332723178918805,265.80725561551293,991.9829823617657,75.87615519542493,900.8350858546335,2095.429964870818,154.78439126969087,3050.410601440679,2062.8094355405356
patient_192,501.0,20.04,19.922004089225055,-85.26797724234373,992.7798625253348,14.77527016457095,-1527.5221257713495,2096.0209756774007,18.55442963222523,-3405.749040936641,2063.5516127258247
patient_192,502.0,20.08,12.82412885406529,-177.44688087899414,993.2928276794975,77.41444235037355,1565.979304645065,2099.117553371416,40.828911509964584,556.8620469434838,2065.184769186223
patient_192,503.0,20.12,13.578958093167815,18.870730977563134,993.8359860032241,14.053367880129317,-1584.0268617561057,2099.679688086621,15.845481402299589,-624.5857526916249,2065.818588442315
patient_192,504.0,20.16,29.1361250197069,388.9291731634771,995.0014310040124,24.663251881727657,265.2471000399585,2100.66621816189,157.26043597786904,3535.373864389236,2072.10900588143
patient_192,505.0,20.2,17.598811872010007,-288.4328286924223,995.7053834788927,40.885598315365286,405.5586608409407,2102.3016420945046,43.97329231674072,-2832.178591528208,2073.8679375740994
patient_192,506.0,20.24,43.16457960304832,639.1441932759577,997.4319666630148,44.86236728218898,99.41922417059229,2104.096136785792,135.8312803575928,2296.4497010213017,2079.301188788403
patient_192,507.0,20.28,18.948896470596836,-605.392078311287,998.1899225218386,28.240427065911895,-415.54850540692706,2105.2257538684285,31.41332787038491,-2610.448812180197,2080.557721903219
patient_192,508.0,20.32,22.975146362536545,100.65624729849274,999.10892837634,40.13330315097137,297.3219021264869,2106.8310859944672,25.08906389177922,-158.10659946514232,2081.56128445889
patient_192,509.0,20.36,13.061170622665683,-247.84939349677154,999.6313752012467,72.24074015661391,802.6859251410634,2109.720715600732,70.32292545537803,1130.8465390899703,2084.374201477105
patient_192,510.0,20.4,14.068619214026638,25.186214784023875,1000.1941199698078,27.03230203059665,-1130.2109531504314,2110.8020076819557,74.59002872561638,106.67758175595878,2087.35780262613
patient_192,511.0,20.44,38.252841933856466,604.6055679957457,1001.724233647162,59.127603884313245,802.3825463429148,2113.1671118373283,16.61793305686334,-1449.3023917188261,2088.0225199484044
patient_192,512.0,20.48,21.32011078821276,-423.31827864109266,1002.5770380786905,103.68399164387544,1113.909693989055,2117.3144715030835,85.84329872351805,1730.6341416663677,2091.4562518973453
patient_192,513.0,20.52,20.71570762379077,-15.110079110549712,1003.4056663836421,81.84196330171878,-546.0507085539167,2120.588150035152,116.16086559682542,757.9391718326842,2096.102686521218
patient_192,514.0,20.56,48.695328307093696,699.4905170825732,1005.3534795159259,47.40254094944676,-860.9855588068004,2122.48425167313,9.527536649649276,-2665.8332236794035,2096.483787987204
patient_192,515.0,20.6,23.203131968251924,-637.3049084710443,1006.281604794656,36.28413022235585,-277.9602681772728,2123.9356168820245,36.287297491395144,668.9940210436466,2097.9352798868595
patient_192,516.0,20.64,29.719251940492722,162.90299930601995,1007.4703748722757,121.814388791295,2138.256464223479,2128.808192433676,93.6687055234735,1434.535200801959,2101.6820281077985
patient_192,517.0,20.68,42.763964480314364,326.11781349554104,1009.1809334514883,194.159506097767,1808.6279326618,2136.5745726775867,137.42348190605463,1093.8694095645283,2107.178967384041
patient_192,518.0,20.72,70.079181447412,682.8804241774409,1011.9841007093846,99.47520476040818,-2367.1075334339707,2140.553580868003,115.74050549806637,-542.0744101997066,2111.8085876039636
patient_192,519.0,20.76,67.63802583822556,-61.02889022966096,1014.6896217429137,342.2065437753512,6068.283475373575,2154.241842619017,471.95131242724824,8905.270173229548,2130.6866401010534
patient_192,520.0,20.8,90.82437686457999,579.6587756588608,1018.322596817497,226.89045056824895,-2882.9023301775555,2163.317460641747,188.2409744046179,-7092.75845056576,2138.216279077238
patient_192,521.0,20.84,131.55585985525866,1018.2870747669667,1023.5848312117073,201.20082482097172,-642.2406436819308,2171.365493634586,171.4394263734154,-420.03870078006287,2145.0738561321746
patient_192,522.0,20.88,115.43258345110337,-403.08191010388225,1028.2021345497515,171.33454841875115,-746.6569100555141,2178.218875571336,132.42798741758796,-975.2859738956857,2150.370975628878
patient_192,523.0,20.92,144.50821296028627,726.8907377295726,1033.9824630681628,139.98289670329123,-783.791292886498,2183.8181914394677,227.51260285637346,2377.115385969638,2159.471479743133
patient_192,524.0,20.96,181.96299175004143,936.3694697438789,1041.2609827381646,275.0695139493104,3377.16543115048,2194.8209719974398,186.31577687680465,-1029.9206494892203,2166.924110818205
patient_192,525.0,21.0,193.10687338777018,278.5970409432189,1048.9852576736753,182.85875411217393,-2305.2689959284126,2202.135322161927,157.85269695200193,-711.5769981200679,2173.2382186962855
patient_192,526.0,21.04,143.85860066520073,-1231.2068180642364,1054.7396017002834,143.31950891512804,-988.4811299261471,2207.868102518532,116.58715869954818,-1031.6384563113438,2177.901705044267
patient_192,527.0,21.08,86.85902580887218,-1424.9893714082139,1058.2139627326383,69.00421268449882,-1857.8824057657305,2210.628271025912,136.1901916617939,490.075824056143,2183.349312710739
patient_192,528.0,21.12,23.506692066174935,-1583.808343567431,1059.1542304152854,209.95995140570392,3523.893468030127,2219.02666908214,175.19554803475572,975.1339093240454,2190.357134632129
patient_192,529.0,21.16,29.802973461024205,157.40703487123176,1060.3463493537263,31.90235666786744,-4451.439868445912,2220.3027633488546,40.61647832217652,-3364.4767428144805,2191.9817937650164
patient_192,530.0,21.2,15.689399009250819,-352.83936129433465,1060.9739253140963,99.0290995649318,1678.168572426609,2224.263927331452,84.2183122601439,1090.0458484491846,2195.3505262554218
patient_192,531.0,21.24,32.0667820903727,409.43457702804693,1062.2565965977112,34.13461194483991,-1622.3621905022974,2225.629311809246,12.17616396708945,-1801.0537073263613,2195.8375728141054
patient_192,532.0,21.28,28.521396682091364,-88.63463520703334,1063.3974524649948,14.214309309724015,-498.0075658778974,2226.197884181635,63.93779521940418,1294.0407813078682,2198.3950846228818
patient_192,533.0,21.32,36.53198288384903,200.2646550439417,1064.8587317803488,64.80570656561109,1264.784931397177,2228.790112444259,29.158583303208545,-869.4802979048909,2199.56142795501
patient_192,534.0,21.36,60.06302284923873,588.2759991347424,1067.2612526943183,31.38876868581928,-835.4234469947952,2230.0456631916923,38.02294164847802,221.6089586317368,2201.082345620949
patient_192,535.0,21.4,63.285984204124716,80.57403387214973,1069.7926920624832,70.10257581645027,967.8451782657747,2232.84976622435,55.766203994484904,443.58155865017216,2203.3129937807284
patient_192,536.0,21.44,87.91420477410718,615.7055142495615,1073.3092602534475,58.56035648639994,-288.55548325125824,2235.192180483806,442.75587311826735,9674.741728094561,2221.023228705459
patient_192,537.0,21.48,67.8449484969038,-501.7314069300845,1076.0230581933238,88.66803216570844,752.6918919827125,2238.7389017704345,76.65129892451577,-9152.614354843789,2224.0892806624397
patient_192,538.0,21.52,73.21667980101536,134.29328260278908,1078.9517253853642,46.86013562453568,-1045.197413529319,2240.613307195416,243.3515041763334,4167.505131295441,2233.8233408294927
patient_192,539.0,21.56,63.050990218959164,-254.14223955140488,1081.4737649941226,82.85419036175762,899.8513684305484,2243.927474809886,193.14504506069463,-1255.1614778909695,2241.549142631921
patient_192,540.0,21.6,82.60289990662457,488.79774219163517,1084.7778809903875,151.74892434953668,1722.3683496944766,2249.997431783868,387.32978001419906,4854.618373837611,2257.0423338324886
patient_192,541.0,21.64,135.3769912159881,1319.3522827340885,1090.1929606390272,151.20666138027406,-13.556574231565577,2256.045698239079,119.34626357202093,-6699.587911054454,2261.816184375369
patient_192,542.0,21.68,125.61439944858736,-244.06479418501874,1095.2175366169706,197.20189269254604,1149.8807828067995,2263.9337739467805,156.62136643240277,931.8775715095459,2268.0810390326656
patient_192,543.0,21.72,152.2165651092632,665.0541415168959,1101.306199221341,271.89601168516276,1867.352974815418,2274.809614414187,311.05645998840754,3860.8773389001194,2280.5232974322016
patient_192,544.0,21.76,172.05351520023575,495.92375227431376,1108.1883398293505,342.0658170174722,1754.2451333077365,2288.492247094886,223.61076611567307,-2186.1423468183616,2289.4677280768287
patient_192,545.0,21.8,168.72908719537747,-83.11070012145692,1114.9375033171655,288.86050769591384,-1330.1327330389597,2300.046667402722,222.24430988933585,-34.16140565843051,2298.357500472402
patient_192,546.0,21.84,142.63695675935455,-652.3032609005732,1120.6429815875397,311.92004314003924,576.4883861031351,2312.523469128324,347.73222827676386,3137.1979596857004,2312.2667896034727
patient_192,547.0,21.88,128.89378099821366,-343.57939402852224,1125.7987328274683,94.16908943517772,-5443.773842621537,2316.290232705731,241.0817182303975,-2666.2627511591586,2321.9100583326885
patient_192,548.0,21.92,90.57306944270837,-958.0177888876322,1129.4216556051765,241.97707034737428,3695.199522804914,2325.969315519626,169.67786158738187,-1785.096416075391,2328.6971727961836
patient_192,549.0,21.96,82.4007246609938,-204.30861954286428,1132.7176845916163,207.705472831749,-856.7899378906318,2334.277534432896,265.18382219899496,2387.649015290327,2339.3045256841438
patient_192,550.0,22.0,21.27590655182946,-1528.1204527291084,1133.5687208536895,136.0676149877646,-1790.9464460996098,2339.7202390324064,296.16306581841957,774.4810904856151,2351.1510483168804
patient_192,551.0,22.04,7.836273184035191,-335.99083419485675,1133.8821717810508,140.105556161014,100.94852933123448,2345.324461278847,96.91946718788918,-4981.08996576326,2355.027827004396
patient_192,552.0,22.08,28.09248894846729,506.4053941108025,1135.0058713389894,220.24931472809126,2003.5939641769319,2354.1344338679705,101.8214792798307,122.55030229853787,2359.100686175589
patient_192,553.0,22.12,53.06809174530478,624.3900699209371,1137.1285950088018,108.32204075407847,-2798.1818493503197,2358.4673154981338,236.48094113722183,3366.4865464347786,2368.559923821078
patient_192,554.0,22.16,20.984329065384237,-802.0940669980134,1137.9679681714172,99.63734559788384,-217.1173789048659,2362.4528093220492,140.55033597265418,-2398.2651291141915,2374.1819372599844
patient_192,555.0,22.2,31.32122867387368,258.4224902122361,1139.2208173183722,178.41988024757634,1969.5633662423127,2369.589604531952,290.8514330195252,3757.527426171775,2385.815994580765
patient_192,556.0,22.24,26.463176522691086,-121.45130377956485,1140.2793443792798,215.2166762952545,919.919901191954,2378.198271583762,150.7752307240683,-3501.905057386422,2391.847003809728
patient_192,557.0,22.28,40.913831507855605,361.266374629113,1141.915897639594,202.65010948689047,-314.16417020910075,2386.3042759632376,12.406960233033026,-3459.206762275882,2392.3432822190493
patient_192,558.0,22.32,41.60516508289071,17.28333937587756,1143.5801042429098,87.22891994925891,-2885.529738440789,2389.793432761208,126.47588838976469,2851.7232039182913,2397.40231775464
patient_192,559.0,22.36,33.70597967371686,-197.47963522934614,1144.9283434298584,84.69042975233016,-63.46225492321871,2393.1810499513012,127.7192425762559,31.083854662280075,2402.5110874576903
patient_192,560.0,22.4,14.361278467293204,-483.61753016059146,1145.50279456855,54.9833775175006,-742.676305870739,2395.380385052001,125.19487572344167,-63.10917132035563,2407.5188824866277
patient_192,561.0,22.44,13.733058245962795,-15.705505533260222,1146.0521168983885,71.47759747345127,412.3554988987667,2398.239488950939,47.385092236313405,-1945.2445871782068,2409.41428617608
patient_192,562.0,22.48,13.913730402270732,4.516803907698419,1146.6086661144793,52.416997148593175,-476.51500812145235,2400.3361688368827,95.6270853913718,1206.04982887646,2413.2393695917353
patient_192,563.0,22.52,20.966539101215158,176.32021747361065,1147.447327678528,91.21484470933761,969.9461890186109,2403.9847626252563,271.24912764764446,4390.551056406816,2424.089334697641
patient_192,564.0,22.56,32.408112715843956,286.03934036571997,1148.7436521871616,37.77288599544619,-1336.0489678472857,2405.495678065074,30.781598632248233,-6011.688225384905,2425.3205986429307
patient_192,565.0,22.6,9.214934845927353,-579.8294467479151,1149.1122495809987,15.099358432999514,-566.8381890611668,2406.099652402394,58.42801235603644,691.1603430947051,2427.6577191371725
patient_192,566.0,22.64,4.171470180907527,-126.08661662549562,1149.279108388235,55.650732132402965,1013.7843424850862,2408.32568168769,36.26431152679598,-554.0925207310115,2429.1082915982443
patient_192,567.0,22.68,9.954444573999572,144.57435982730112,1149.677286171195,73.91848092310272,456.6937197674939,2411.282420924614,55.97966947778296,492.8839487746746,2431.3474783773554
patient_192,568.0,22.72,5.377674273674812,-114.41925750811899,1149.892393142142,75.18836112621524,31.74700507781303,2414.289955369663,50.05338178444517,-148.15719233344478,2433.3496136487333
patient_192,569.0,22.76,25.7369177581768,508.9810871125497,1150.9218698524692,92.6251588195956,435.9199423345089,2417.9949617224465,10.189355567920982,-996.6006554131047,2433.7571878714502
patient_192,570.0,22.8,19.529651728651285,-155.18165073813793,1151.7030559216153,83.12928805219252,-237.3967691850769,2421.320133244534,121.70251682321941,2787.829031382461,2438.625288544379
patient_192,571.0,22.84,25.304138650318258,144.36217304167434,1152.7152214676278,51.835234700001585,-782.3513338047734,2423.3935426325347,108.78004883905622,-323.06169960407976,2442.976490497941
patient_192,572.0,22.88,15.7703643643889,-238.34435714823394,1153.3460360422034,167.20130793542882,2884.1518308856807,2430.0815949499515,52.956510897362904,-1395.588448542333,2445.0947509338357
patient_192,573.0,22.92,11.90969545869537,-96.51672264233824,1153.8224238605512,62.87008322942755,-2608.2806176500317,2432.5963982791286,238.62741375810194,4641.772571518476,2454.63984748416
patient_192,574.0,22.96,32.7097978439151,520.0025596304931,1155.1308157743078,109.60459142357774,1168.3627048537548,2436.9805819360718,54.361304463149466,-4606.652732373812,2456.8142996626857
patient_192,575.0,23.0,45.6210526746539,322.78137076847014,1156.955657881294,114.60903133599754,125.11099781049495,2441.5649431895117,182.38057114369764,3200.4816670137047,2464.1095225084337
patient_192,576.0,23.04,27.65088610801172,-449.25416416605464,1158.0616933256144,38.473900725984684,-1903.3782652503212,2443.1038992185513,130.27359509343546,-1302.6744012565543,2469.320466312171
patient_192,577.0,23.08,19.04340089459089,-215.18713033552075,1158.8234293613982,109.06894776321714,1764.8761759308115,2447.46665712908,122.56722058924414,-192.65936260478293,2474.2231551357404
patient_192,578.0,23.12,6.661437445388529,-309.549086230059,1159.0898868592137,216.4685552844912,2684.9901880318516,2456.1253993404594,73.94053661482553,-1215.6670993604653,2477.1807766003335
patient_192,579.0,23.16,28.282612660293474,540.5293803726236,1160.2211913656254,47.41262660552404,-4226.398216974179,2458.0219044046808,154.85449512507003,2022.8489627561125,2483.3749564053364
patient_192,580.0,23.2,30.38072930185757,52.452916039102426,1161.4364205376996,63.162297230054484,393.7417656132611,2460.548396293883,24.422579366500127,-3260.797893964248,2484.3518595799965
patient_192,581.0,23.24,27.899450030526612,-62.03198178327396,1162.552398538921,85.89976890412113,568.4367918516662,2463.9843870500476,92.27452190357606,1696.2985634268982,2488.04284045614
patient_192,582.0,23.28,9.359180539411266,-463.50673727788364,1162.9267657604971,12.656739623789395,-1831.0757320082935,2464.490656634999,52.68101336934877,-989.8377133556822,2490.150080990914
patient_192,583.0,23.32,19.392222882689577,250.82605858195777,1163.7024546758048,20.822548236567787,204.1452153194598,2465.3235585644616,77.87338805972891,629.8093672595036,2493.265016513303
patient_192,584.0,23.36,3.4007161466955997,-399.7876683998494,1163.8384833216726,46.67487735041667,646.3082278462222,2467.190553658478,85.21399844088454,183.51525952889068,2496.6735764509385
patient_192,585.0,23.4,7.252277619789295,96.28903682734237,1164.128574426464,63.89720345497021,430.55815261383844,2469.746441796677,43.609489254628315,-1040.1127296564055,2498.4179560211237
patient_192,586.0,23.44,22.830172019972828,389.44736000458835,1165.041781307263,81.09112112254643,429.8479416894054,2472.990086641579,126.70081124286226,2077.2830497058485,2503.485988470838
patient_192,587.0,23.48,31.33317964101592,212.5751905260773,1166.2951084929036,99.95086422537068,471.49357757060636,2476.988121210594,212.05486964989453,2133.8514601758066,2511.968183256834
patient_192,588.0,23.52,31.699525346162645,9.158642628668101,1167.5630895067502,111.8383069178217,297.18606731127545,2481.461653487307,179.4858886902043,-814.2245239922559,2519.147618804442
patient_192,589.0,23.56,28.351184773088157,-83.7085143268622,1168.6971368976735,55.398919856871515,-1410.9846765237546,2483.677610281582,31.434288503322502,-3701.2900046720447,2520.4049903445753
patient_192,590.0,23.6,41.06316238402101,317.7994402733214,1170.3396633930345,12.868106359137533,-1063.2703374433495,2484.1923345359473,26.66397536475719,-119.25782846413284,2521.4715493591652
patient_192,591.0,23.64,32.11557353630979,-223.68972119278058,1171.624286334487,29.4775761843948,415.23674563143163,2485.371437583323,80.12716574150726,1336.5797594187516,2524.6766359888256
patient_192,592.0,23.68,45.7318067460198,340.40583024275026,1173.4535586043276,41.70334518419067,305.6442249948967,2487.0395713906905,345.83434294142523,6642.679429997949,2538.5100097064824
patient_192,593.0,23.72,79.09289862472568,834.027296967647,1176.6172745493166,62.22720447384464,513.0964822413492,2489.5286595696443,164.86847270262055,-4524.146755970117,2545.104748614587
patient_192,594.0,23.76,40.03963507438337,-976.3315887585577,1178.218859952292,187.95818386623245,3143.2744848096954,2497.046986924294,222.5211824284961,1441.317743146889,2554.005595911727
patient_192,595.0,23.8,10.538358248313461,-737.5319206517477,1178.6403942822244,13.515827557071457,-4361.058907729025,2497.5876200265766,43.22961611704553,-4482.289157786264,2555.734780556409
patient_192,596.0,23.84,8.065053003036098,-61.832631131934065,1178.9629964023459,47.35515279958373,845.9831310628068,2499.48182613856,150.8805392751875,2691.273078953549,2561.770002127417
patient_192,597.0,23.88,29.535442734058517,536.7597432755605,1180.144414111708,42.25045319614432,-127.61749008598517,2501.1718442664055,96.01384254859568,-1371.6674181647952,2565.6105558293602
patient_192,598.0,23.92,30.563721292656453,25.706963964948404,1181.3669629634144,61.476398555632784,480.6486339872116,2503.630900208631,6.015456018676392,-2249.959663247982,2565.8511740701074
patient_192,599.0,23.96,10.94638453111218,-490.4334190386068,1181.8048183446588,67.94710572455452,161.76767922304336,2506.348784437613,58.96230814102679,1323.6713030587598,2568.2096663957486
patient_192,600.0,24.0,30.11621327262754,479.245718537884,1183.009466875564,38.234739449150844,-742.8091568850919,2507.878174015579,63.51638348712995,113.85188365257903,2570.7503217352337
patient_192,601.0,24.04,22.125274193596507,-199.77347697577582,1183.8944778433079,247.35639607125432,5228.041415552587,2517.7724298584294,156.80447317223937,2332.202242127735,2577.022500662123
patient_192,602.0,24.08,35.430969080505086,332.6423721727145,1185.311716606528,124.24634635710926,-3077.7512428536265,2522.742283712714,163.7993965233503,174.87308377777353,2583.574476523057
patient_192,603.0,24.12,85.22141759347778,1244.7612128243175,1188.7205733102671,186.70187237985638,1561.3881505686782,2530.2103586079083,152.9504917479056,-271.2226193861177,2589.6924961929735
patient_192,604.0,24.16,114.56499243123578,733.5893709439499,1193.3031730075165,244.20198836921773,1437.5028997340337,2539.978438142677,175.8440560588293,572.3391077730923,2596.7262584353266
patient_192,605.0,24.2,113.74303819831988,-20.548855822897494,1197.8528945354494,396.3432573097977,3803.5317235144994,2555.8321684350685,298.9388463080086,3077.369756229482,2608.683812287647
patient_192,606.0,24.24,161.1741973668846,1185.7789792141184,1204.2998624301247,370.71517165723145,-640.7021413141564,2570.660775301358,309.3421386532977,260.0823086322279,2621.057497833779
patient_192,607.0,24.28,221.09089905761218,1497.9175422681892,1213.1434983924294,366.964738340993,-93.76083290596142,2585.3393648349975,202.26499861873847,-2676.9285008639804,2629.1480977785286
patient_192,608.0,24.32,255.34402471558158,856.3281414492351,1223.3572593810525,189.85775716614688,-4427.674529371153,2592.9336751216433,171.6906634936934,-764.358378126127,2636.015724318276
patient_192,609.0,24.36,261.27878565339137,148.3690234452446,1233.8084108071882,355.4585163798482,4140.018980342534,2607.1520157768373,166.03071694115116,-141.49866381355594,2642.656952995922
patient_192,610.0,24.4,47.61081740993993,-5341.699206086286,1235.7128435035856,66.62515599928574,-7220.834009514061,2609.817022016809,44.591473547855,-3035.9810848324037,2644.4406119378364
patient_192,611.0,24.44,273.3801926295495,5644.23438049024,1246.6480512087678,52.1519272098079,-361.8307197369459,2611.9030991052014,377.57099737165794,8324.488095595074,2659.543451832703
patient_192,612.0,24.48,446.976676718949,4339.912102234987,1264.5271182775257,279.4041832161797,5681.306400159296,2623.0792664338487,525.2242714734505,3691.3318525448135,2680.5524226916405
patient_192,613.0,24.52,274.5473705586842,-4310.7326540066215,1275.509013099873,294.9946142816015,389.7607766355449,2634.8790510051126,113.57940789090334,-10291.121589563678,2685.095599007277
patient_192,614.0,24.56,204.04525113814154,-1762.552985513566,1283.6708231453988,200.1395993590086,-2371.3753730648227,2642.884634979473,150.69222491334213,927.8204255609697,2691.1232880038106
patient_192,615.0,24.6,170.2118386010318,-845.8353134277438,1290.4792966894402,125.73337591766794,-1860.1555860335163,2647.91397001618,375.4112081619986,5617.974581216412,2706.1397363302904
patient_192,616.0,24.64,136.30518557140135,-847.6663257407608,1295.9315041122961,31.959052241976543,-2344.358091892285,2649.192332105859,193.65691905920403,-4543.857227569864,2713.8860130926582
patient_192,617.0,24.68,155.12739254631535,470.55517437284993,1302.1365998141487,198.07781214663822,4152.968997616542,2657.1154445917246,12.34293609776258,-4532.849574036036,2714.379730536569
patient_192,618.0,24.72,27.05305555912632,-3201.858424679726,1303.2187220365136,96.90367002869358,-2529.353552948616,2660.9915913928726,106.48583634735267,2353.5725062397523,2718.6391639904627
patient_192,619.0,24.76,13.469223717709397,-339.59579603542306,1303.757490985222,30.50952278745305,-1659.8536810310134,2662.2119723043706,22.5130349928228,-2099.320033863247,2719.5396853901752
patient_192,620.0,24.8,1.24149293078388,-305.69326967313793,1303.8071507024533,24.188956326911537,-158.01416151353783,2663.179530557447,15.183835150788555,-183.2299960508561,2720.147038796207
patient_192,621.0,24.84,48.74724515634573,1187.6438056390461,1305.7570405087072,31.721293732523794,188.30843514030641,2664.448382306748,83.54969960763546,1709.1466114211726,2723.4890267805126
patient_192,622.0,24.88,25.52338253809896,-580.5965654561692,1306.777975810231,109.91862775621179,1954.9333505922,2668.8451274169965,113.27017550868642,743.011897526274,2728.0198338008604
patient_192,623.0,24.92,20.947353297544744,-114.40073101385542,1307.615869942133,58.36674470615715,-1288.797076251366,2671.1797972052427,62.33207190272238,-1273.4525901491008,2730.5131166769693
patient_192,624.0,24.96,49.400161749904925,711.3202113090045,1309.5918764121293,146.61429934675903,2206.188866015047,2677.0443691791133,385.31747700460835,8074.63512754715,2745.9258157571535
patient_192,625.0,25.0,30.48871852997319,-472.78608049829336,1310.8114251533282,124.69372742662573,-548.0142980033324,2682.032118276178,65.01725165053247,-8007.505633851898,2748.5265058231744
patient_192,626.0,25.04,24.600424479984483,-147.2073512497177,1311.7954421325276,51.12229359732964,-1839.2858457324023,2684.0770100200716,171.77984476153526,2669.0648277750697,2755.3976996136357
patient_192,627.0,25.08,7.6840138753376195,-422.91026511617156,1312.102802687541,33.9839051159557,-428.4597120343484,2685.4363662247097,125.35432605659848,-1160.6379676234194,2760.4118726558995
patient_192,628.0,25.12,23.01487063549363,383.27141900390023,1313.0233975129609,47.76006527934969,344.4040040848497,2687.3467688358837,58.32662256161076,-1675.692587374693,2762.7449375583637
patient_192,629.0,25.16,26.511709474125844,87.42097096580537,1314.083865891926,61.31740624327356,338.93352409809677,2689.7994650856144,157.04945271120826,2468.0707537399376,2769.026915666812
patient_192,630.0,25.2,32.232686663373734,143.02442973119724,1315.3731733584611,27.91280748145931,-835.1149690453562,2690.915977384873,43.987771626243216,-2826.542027124126,2770.7864265318617
patient_192,631.0,25.24,8.871188823306474,-584.0374460016815,1315.7280209113933,43.4481069783957,388.3824874234097,2692.6539016640086,12.307374270698674,-792.0099338886135,2771.2787215026897
patient_192,632.0,25.28,4.838155780230698,-100.82582607689439,1315.9215471426025,21.843224485428806,-540.1220623241724,2693.527630643426,78.05789056651142,1643.7629073953185,2774.4010371253507
patient_192,633.0,25.32,17.50699162147646,316.72089603114404,1316.6218268074617,22.384326686031645,13.527555015070991,2694.4230037108673,130.8008148506473,1318.573107103397,2779.6330697193766
patient_192,634.0,25.36,20.98717264674812,87.00452563179155,1317.4613137133315,20.30251090543822,-52.04539451483568,2695.235104147085,55.70577980040728,-1877.3758762560008,2781.861300911393
patient_192,635.0,25.4,35.26039965561124,356.8306752215779,1318.871729699556,37.88220355498381,439.4923162386398,2696.7503922892847,77.6778106243908,549.3007705995881,2784.9684133363685
patient_192,636.0,25.44,27.691269359310304,-189.22825740752333,1319.9793804739284,86.92665793954504,1226.1113596140308,2700.2274586068665,33.25392340365199,-1110.5971805184704,2786.2985702725146
patient_192,637.0,25.48,19.288868285505096,-210.0600268451302,1320.7509352053487,45.169671104461386,-1043.9246708770913,2702.034245451045,9.389773922134669,-596.603737037933,2786.6741612293995
patient_192,638.0,25.52,3.1032431590263814,-404.64062816196787,1320.8750649317099,70.452572642841,632.0725384594905,2704.8523483567587,26.999477515101283,440.24258982416535,2787.754140330004
patient_192,639.0,25.56,13.848854552497446,268.64028483677663,1321.4290191138095,74.38667399198576,98.35253372861885,2707.8278153164383,36.06709897666495,226.6905365390917,2789.1968242890703
patient_192,640.0,25.6,17.53630028358117,92.1861432770931,1322.1304711251528,58.35475420624768,-400.79799464345206,2710.162005484688,114.5600976318578,1962.3249663798213,2793.7792281943443
patient_192,641.0,25.64,25.16218543756638,190.64712884963023,1323.1369585426555,88.8647221665078,762.7491990065032,2713.716594371348,71.4651060923874,-1077.37478848676,2796.6378324380403
patient_192,642.0,25.68,9.872973359616024,-382.2303019487589,1323.5318774770403,189.29877177153926,2510.8512401257867,2721.2885452422097,23.400313224037756,-1201.619821708741,2797.573844967001
patient_192,643.0,25.72,3.62594448992509,-156.17572174227337,1323.6769152566374,155.64231727146253,-841.4113625019183,2727.514237933068,61.6381650031669,955.9462944782287,2800.039371567128
patient_192,644.0,25.76,40.93156919896375,932.6406177259665,1325.314178024596,158.67144801419755,75.72826856837551,2733.861095853636,24.5308500350482,-927.6828742029675,2801.0206055685303
patient_192,645.0,25.8,24.476353879010897,-411.3803829988213,1326.2932321797564,267.84953572303556,2729.4521927209503,2744.5750772825577,60.351445173258746,895.5148784552638,2803.434663375461
patient_192,646.0,25.84,3.385238468038369,-527.2778852743132,1326.4286417184778,129.07927623262134,-3469.2564872603552,2749.7382483318625,54.0025035472034,-158.72354065138356,2805.594763517349
patient_192,647.0,25.88,18.887763116428232,387.56311620974657,1327.184152243135,31.425353964241157,-2441.348056709505,2750.9952624904317,41.617643067627235,-309.6215119894042,2807.259469240054
patient_192,648.0,25.92,11.797225300273634,-177.26344540386495,1327.656041255146,152.645304466115,3030.498762546846,2757.1010746690763,12.830813018317427,-719.6707512327451,2807.7727017607867
patient_192,649.0,25.96,41.60179724504005,745.1142986191604,1329.3201131449478,20.489753791818302,-3303.8887668574175,2757.920664820749,52.91840954953462,1002.1899132804299,2809.8894381427676
patient_192,650.0,26.0,70.53510926331705,723.332800456925,1332.1415175154802,50.95117030337935,761.5354127890262,2759.9587116328844,25.773219681011508,-678.6297467130779,2810.920366930008
patient_192,651.0,26.04,49.05511292930579,-536.9999083502815,1334.1037220326525,44.7656005020278,-154.6392450337887,2761.7493356529653,48.390913801972935,565.4423530240357,2812.8560034820866
patient_192,652.0,26.08,14.483933750682407,-864.2794794655846,1334.68307938268,70.92460307703858,653.9750643752695,2764.586319776047,29.350647614211226,-476.0066546940427,2814.030029386655
patient_192,653.0,26.12,50.96270466189917,911.9692727804189,1336.7215875691559,84.435549220354,337.7736535828856,2767.9637417448616,38.12481577923769,219.35420412566168,2815.5550220178247
patient_192,654.0,26.16,39.439185691051875,-288.0879742711823,1338.299154996798,46.75061381388445,-942.123385161739,2769.833766297417,41.48145783717593,83.91605144845596,2817.214280331312
patient_192,655.0,26.2,24.35564078274805,-377.0886227075956,1339.273380628108,10.564235035399404,-904.659469462126,2770.256335698833,25.173304213066217,-407.70384060274284,2818.2212124998346
patient_192,656.0,26.24,33.77862897929088,235.5747049135707,1340.6245257872797,40.32082755723093,743.914813045788,2771.869168801122,51.529460487416145,658.9039068587482,2820.282390919331
patient_192,657.0,26.28,27.64898573488214,-153.2410811102185,1341.7304852166749,167.7905592136045,3186.7432914093392,2778.5807911696666,23.622908778200163,-697.6637927303996,2821.2273072704593
patient_192,658.0,26.32,16.424861930039157,-280.60309512107455,1342.3874796938765,30.819622051224588,-3424.2734290594976,2779.8135760517152,40.285625995719606,416.5679304379861,2822.838732310288
patient_192,659.0,26.36,32.872693484712066,411.19578886682274,1343.7023874332651,62.88575210590881,801.6532513671056,2782.3290061359517,51.01084696036401,268.13052411611017,2824.879166188702
patient_192,660.0,26.4,64.079853805712,780.1790080249984,1346.2655815854937,60.40709761968901,-61.96636215549489,2784.7452900407393,52.98765812995051,49.420279239662435,2826.9986725139
patient_192,661.0,26.44,8.824973854820417,-1381.3719987722898,1346.6185805396863,147.11683372129997,2167.743402540274,2790.6299633895915,67.90491263380711,372.9313625964151,2829.7148690192525
patient_192,662.0,26.48,15.731094074811041,172.6530054997656,1347.247824302679,29.174897259932823,-2948.5484115341787,2791.7969592799886,6.619182110236267,-1532.1432630892712,2829.979636303662
patient_192,663.0,26.52,11.796941130471277,-98.35382360849411,1347.7197019478979,90.24324243810828,1526.7086294543865,2795.406688977513,281.89584414094855,6881.916550767806,2841.2554700693
patient_192,664.0,26.56,34.084284015897545,557.1835721356567,1349.0830733085336,15.994191514876778,-1856.2262730807877,2796.0464566381083,330.63960903885345,1218.5941224476223,2854.4810544308543
patient_192,665.0,26.6,106.35446097239236,1806.7544239123706,1353.3372517474293,222.62625240801805,5165.801522328532,2804.951506734429,27.032288535887165,-7590.183012574157,2855.56234597229
patient_192,666.0,26.64,173.28190435767036,1673.1860846319498,1360.268527921736,39.459942817845,-4579.157739754326,2806.529904447143,71.60133654424882,1114.2262002090415,2858.42639943406
patient_192,667.0,26.68,200.06826751025466,669.6590788146075,1368.2712586221462,248.97707357548074,5237.928268940894,2816.4889873901625,242.86752955864776,4281.654825359973,2868.1411006164058
patient_192,668.0,26.72,178.99352943368044,-526.8684519143555,1375.4309997994935,218.3280523676753,-766.2255301951361,2825.22210948487,482.85909672499395,5999.789179158654,2887.455464485405
patient_192,669.0,26.76,206.06739668613204,676.8466813112901,1383.6736956669388,95.8823456475242,-3061.1426680037775,2829.057403310771,281.1370497512041,-5043.051174344747,2898.7009464754537
patient_192,670.0,26.8,247.86363533722724,1044.9059662773798,1393.588241080428,844.4610142189324,18714.466714285205,2862.835843879528,286.08082017675736,123.59426063883205,2910.1441792825235
patient_192,671.0,26.84,254.93430097791364,176.76664101716,1403.7856131195442,11.239254321967499,-20830.543997424124,2863.2854140524064,350.5384214452997,1611.4400317135592,2924.1657161403355
patient_192,672.0,26.88,423.7379020727261,4220.090027370312,1420.7351292024532,863.1300060102153,21297.268792206196,2897.8106142928154,595.5484063140083,6125.249621717714,2947.9876523928956
patient_192,673.0,26.92,42.84939994308834,-9522.212553240945,1422.4491052001767,31.47705355082207,-20791.32381148483,2899.0696964348485,62.93251858742174,-13315.397193164663,2950.5049531363925
patient_192,674.0,26.96,172.89402770339154,3251.11569400758,1429.3648663083122,265.6364099925967,5853.983911044366,2909.6951528345526,249.1580570360329,4655.638461215278,2960.471275417834
patient_192,675.0,27.0,200.55132993402214,691.4325557657648,1437.3869195056732,266.27855744948283,16.05368642215268,2920.346295132532,277.48058828338316,708.0632811837568,2971.5704989491696
patient_192,676.0,27.04,166.29276708199615,-856.4640713006497,1444.0386301889532,255.28700212285747,-274.788883165634,2930.557775217446,309.1022529534389,790.5416167513933,2983.934589067307
patient_192,677.0,27.08,121.39960687980931,-1122.329005054671,1448.8946144641457,99.37887783182846,-3897.7031072757254,2934.532930330719,412.2192392718486,2577.9246579602427,3000.4233586381806
patient_192,678.0,27.12,83.07680894818724,-958.0699482905519,1452.2176868220731,93.0426910324122,-158.4046699854067,2938.2546379720156,210.3719002345226,-5046.1834759331505,3008.8382346475614
patient_192,679.0,27.16,86.87909937266869,95.05726061203639,1455.6928507969797,79.40607748309023,-340.9153387330491,2941.430881071339,77.06893998962764,-3332.574006122374,3011.9209922471464
patient_192,680.0,27.2,73.26112271411598,-340.44941646381767,1458.6232957055443,28.935299405990765,-1261.7694519274867,2942.5882930475786,69.1855989327319,-197.08352642239328,3014.6884162044553
patient_192,681.0,27.24,43.341204644921866,-747.997951729853,1460.3569438913412,44.04978901065166,377.86224011652234,2944.3502846080046,26.564970407833094,-1065.5157131224703,3015.751015020769
patient_192,682.0,27.28,59.81990182793059,411.96742957521815,1462.7497399644585,10.001208432154105,-851.2145144624387,2944.7503329452907,27.41452237533742,21.238799187608137,3016.8475959157827
patient_192,683.0,27.32,53.59731571769821,-155.56465275580962,1464.8936325931666,6.919810754236718,-77.03494194793466,2945.02712537546,2.4121613763106944,-625.0590249756681,3016.944082370835
patient_192,684.0,27.36,24.073533832114798,-738.0945471395853,1465.8565739464511,66.65969042089212,1493.496991666385,2947.6935129922954,58.965574104254515,1413.8353181985956,3019.302705335005
patient_192,685.0,27.4,33.69839006427921,240.62140580411028,1467.2045095490225,49.63606999354788,-425.590510683606,2949.6789557920374,102.2171408047185,1081.2891675115995,3023.3913909671937
patient_192,686.0,27.44,10.677678934282524,-575.5177782499171,1467.6316167063937,143.71663093906722,2352.0140236379834,2955.4276210296002,97.85912781200072,-108.95032481794438,3027.3057560796738
patient_192,687.0,27.48,5.947747215267102,-118.24829297538555,1467.8695265950043,47.73512085011074,-2399.537752223912,2957.3370258636046,39.03581214232837,-1470.582891741809,3028.867188565367
patient_192,688.0,27.52,37.409098500664676,786.5337821349394,1469.365890535031,52.33944810015144,115.10818125101743,2959.4306037876104,10.778777821945454,-706.4258580095728,3029.298339678245
patient_192,689.0,27.56,33.00467556908335,-110.11057328953306,1470.6860775577943,35.6761920132709,-416.58140217201344,2960.8576514681413,29.92006306943801,478.53213118731395,3030.4951422010226
patient_192,690.0,27.6,34.77531441514396,44.26597115151516,1472.0770901344001,101.1610337340953,1637.1210430206097,2964.904092817505,54.533348740164236,615.3321417681556,3032.6764761506292
patient_192,691.0,27.64,27.91416798369493,-171.52866078622571,1473.193656853748,35.24557373762851,-1647.8864999116695,2966.3139157670103,65.68894260368148,278.8898465879312,3035.3040338547767
patient_192,692.0,27.68,19.207760145504206,-217.6601959547681,1473.9619672595682,220.0939185476424,4621.208620250347,2975.117672508916,58.10905637504383,-189.49715571594137,3037.6283961097784
patient_192,693.0,27.72,47.1590032418596,698.7810774088848,1475.8483273892425,248.50931300445185,710.3848614202363,2985.058045029094,72.87214500270777,369.0772156915985,3040.543281909887
patient_192,694.0,27.76,35.84649837905684,-282.81262157006904,1477.2821873244047,20.772242213480567,-5693.426769774283,2985.8889347176337,145.4646877903614,1814.813569691341,3046.361869421501
patient_192,695.0,27.8,10.229591985778324,-640.4226598319628,1477.691371003836,53.219430557852405,811.179708609296,2988.0177119399477,54.4377438064506,-2275.67359959777,3048.5393791737592
patient_192,696.0,27.84,24.72441829489796,362.3706577279909,1478.6803477356318,103.1856862571591,1249.1563924826676,2992.1451393902344,33.97564586340769,-511.55244857607266,3049.898405008296
patient_192,697.0,27.88,4.886354840759951,-495.95158635345024,1478.8758019292623,43.50406710526228,-1492.0404787974207,2993.8853020744446,13.950036897718071,-500.6402241422405,3050.4564064842043
patient_192,698.0,27.92,15.545692538983904,266.48344245559883,1479.4976296308214,22.975938901273455,-513.2032050997207,2994.8043396304956,46.4166981259082,811.6665307047532,3052.3130744092405
patient_192,699.0,27.96,54.994981082694736,986.2322135927709,1481.6974288741292,36.90851708606096,348.31445461968764,2996.280680313938,124.88356188621522,1961.6715940076756,3057.3084168846894
patient_192,700.0,28.0,53.02920167135837,-49.14448528340909,1483.8185969409835,45.98127103953527,226.8188488368578,2998.119931155519,56.461166848074264,-1710.5598759535242,3059.5668635586126
patient_192,701.0,28.04,36.84340971233955,-404.64479897547056,1485.292333329477,69.17457391898563,579.8325719862589,3000.8869141122786,84.66309442260814,705.0481893633469,3062.9533873355167
patient_192,702.0,28.08,30.22603082225823,-165.43447225203298,1486.5013745623676,31.219659664093143,-948.8728563723122,3002.135700498842,64.72769363508125,-498.3850196881722,3065.54249508092
patient_192,703.0,28.12,48.46774276205602,456.0427984949447,1488.4400842728498,15.931229206881978,-382.21076143027915,3002.7729496671172,58.476631470414546,-156.27655411666765,3067.8815603397366
patient_192,704.0,28.16,37.011887569218544,-286.3963798209369,1489.9205597756186,55.94100183167848,1000.2443156199124,3005.0105897403846,61.41010318190242,73.33679278719688,3070.3379644670126
patient_192,705.0,28.2,30.127725355652647,-172.10405533914744,1491.125668789845,55.93554683929097,-0.13637480968764493,3007.2480116139564,48.451200311029744,-323.97257177181694,3072.276012479454
patient_192,706.0,28.24,40.72082646013337,264.827527612018,1492.7545018482501,112.77637980959248,1421.020824257538,3011.7590668063403,7.317177190388447,-1028.3505780160324,3072.5686995670694
patient_192,707.0,28.28,24.289979143456524,-410.7711829169211,1493.7261010139885,85.8519545640675,-673.1106311381246,3015.193144988903,87.64944553196088,2008.3067085393106,3076.074677388348
patient_192,708.0,28.32,42.63462235225794,458.6160802200355,1495.4314859080787,90.33323470598914,112.0320035480411,3018.806474377143,243.73481452564113,3902.134224842006,3085.8240699693733
patient_192,709.0,28.36,52.9201427812376,257.1380107244915,1497.548291619328,128.0471142456618,942.8469884918162,3023.928358946969,94.98885704777221,-3718.6489369467226,3089.6236242512846
patient_192,710.0,28.4,95.27966102033535,1058.9879559774438,1501.3594780601416,176.83225582856605,1219.6285395726065,3031.0016491801125,243.95301916228496,3724.104052862819,3099.381745017776
patient_192,711.0,28.44,82.10741593964559,-329.3061270172441,1504.6437746977274,148.1086576691878,-718.0899539844561,3036.92599548688,171.998730320875,-1798.8572210352486,3106.2616942306113
patient_192,712.0,28.48,195.70795416194846,2840.013455557572,1512.4720928642053,433.0181110122511,7122.736333576583,3054.2467199273697,445.31500130834826,6832.90677468683,3124.074294282945
patient_192,713.0,28.52,214.62049956748044,472.81363513829933,1521.0569128469042,71.30390915831447,-9042.855046348415,3057.0988762937027,296.47141485410845,-3721.0896613559953,3135.9331508771097
patient_192,714.0,28.56,273.4394175331497,1470.4729491417318,1531.9944895482301,516.742733669718,11135.970612785088,3077.7685856404914,486.905021263479,4760.840160234264,3155.4093517276488
patient_192,715.0,28.6,248.4242436368065,-625.3793474085803,1541.9314592937026,448.85633515048664,-1697.1599629807827,3095.7228390465107,410.15198518255903,-1918.8259020229993,3171.8154311349513
patient_192,716.0,28.64,284.4065782658049,899.5583657249604,1553.3077224243348,98.83646765456032,-8750.496687398158,3099.6762977526932,200.27316519732588,-5246.970499630829,3179.8263577428443
patient_192,717.0,28.68,243.21776455750407,-1029.720342707521,1563.036433006635,270.89520315088345,4301.468387408078,3110.512105878728,181.68148244150518,-464.79206889551745,3187.0936170405043
patient_192,718.0,28.72,179.43545331974767,-1594.55778094391,1570.213851139425,193.58580792038674,-1932.7348807624176,3118.255538195544,267.0766964601778,2134.8803504668153,3197.7766848989118
patient_192,719.0,28.76,202.0887231027819,566.3317445758559,1578.297400063536,247.54018708436482,1348.8594790994518,3128.1571456789184,165.74191203073747,-2533.3696107360083,3204.406361380141
patient_192,720.0,28.8,234.7766671891065,817.1986021581148,1587.6884667511006,306.93629040254837,1484.9025829545888,3140.4345972950205,296.53506032257684,3269.8287072959843,3216.267763793044
patient_192,721.0,28.84,180.72442375976894,-1351.3060857334387,1594.9174437014913,205.01790490519286,-2547.9596374338876,3148.6353134912283,295.09927632616416,-35.89459991031703,3228.0717348460907
patient_192,722.0,28.88,235.80755790549142,1377.078353643062,1604.349746017711,229.36083123412067,608.573158223195,3157.8097467405933,113.65957574195409,-4535.992514605252,3232.618117875769
patient_192,723.0,28.92,174.71573404773414,-1527.295596443932,1611.3383753796204,139.3771718413866,-2249.5914848183515,3163.3848336142487,137.88675517550166,605.6794858386894,3238.1335880827887
patient_192,724.0,28.96,141.6381969715939,-826.9384269035058,1617.0039032584841,195.40877208882037,1400.7900061858443,3171.2011844978015,126.92104887499589,-274.1426575126443,3243.2104300377887
patient_192,725.0,29.0,85.21288304801439,-1410.632848089488,1620.4124185804048,114.50234445102755,-2022.6606909448203,3175.781278275843,150.975743759671,601.3673721168775,3249.2494597881755
patient_192,726.0,29.04,93.56941931134565,208.9134065832816,1624.1551953528585,73.79043161747035,-1017.7978208389302,3178.7328955405414,42.75600464392246,-2705.493477893713,3250.959699973932
patient_192,727.0,29.08,38.593979785755366,-1374.3859881397573,1625.6989545442889,59.64357642069396,-353.6713799194097,3181.118638597369,66.08838099632186,583.309408809985,3253.603235213785
patient_192,728.0,29.12,25.779180699212365,-320.369977163575,1626.7301217722572,46.51744055915544,-328.153396538463,3182.9793362197356,37.202385471146734,-722.1498881293782,3255.091330632631
patient_192,729.0,29.16,1.5746762985330947,-605.1126100169818,1626.7931088241987,22.243088070171666,-606.8588122245943,3183.8690597425425,13.0687869626771,-603.3399627117408,3255.6140821111376
patient_192,730.0,29.2,12.22147180467148,266.1698876534596,1627.2819676963857,49.82009532382512,689.4251813413364,3185.8618635554953,56.85892277642428,1094.7533953436794,3257.888439022195
patient_192,731.0,29.24,42.80424474238438,764.5693234428225,1628.9941374860812,91.50574154142686,1042.1411554400433,3189.522093217153,46.68771398316591,-254.2802198314593,3259.7559475815215
patient_192,732.0,29.28,37.15897684361393,-141.1316974692612,1630.480496559826,25.30319277358225,-1655.063719196115,3190.534220928096,22.151907118326445,-613.3951716209865,3260.6420238662545
patient_192,733.0,29.32,36.002964128070715,-28.900317888580318,1631.9206151249487,82.30512279086335,1425.0482504320275,3193.8264258397307,39.63203332700898,437.00315521706347,3262.227305199335
patient_192,734.0,29.36,18.8654439478466,-428.43800450560286,1632.6752328828627,29.80570793235507,-1312.485371462707,3195.0186541570247,28.903930544210915,-268.2025695699517,3263.3834624211036
patient_192,735.0,29.4,17.339078672005172,-38.1591318960357,1633.3687960297427,63.55917290895133,843.8366244149065,3197.5610210733826,19.394499635110744,-237.73577272750427,3264.159242406508
patient_192,736.0,29.44,21.187065934623043,96.19968156544675,1634.2162786671279,143.91668576616755,2008.9378214304056,3203.317688504029,46.340440664465056,673.6485257338578,3266.012860033087
patient_192,737.0,29.48,6.8472271814870265,-358.4959688284004,1634.4901677543874,72.2914843129238,-1790.6300363310936,3206.209347876546,56.7644562719669,260.60039018754605,3268.283438283965
patient_192,738.0,29.52,51.65874519468113,1120.2879503298525,1636.5565175621748,45.509149599040946,-669.5583678470714,3208.0297138605074,31.21714665057128,-638.6827405348905,3269.532124149988
patient_192,739.0,29.56,19.073844356206674,-814.6225209618614,1637.319471336423,54.64117811602639,228.30071292463606,3210.2153609851484,27.789432537776516,-85.69285281986909,3270.6437014514986
patient_192,740.0,29.6,36.7616598869477,442.19538826852556,1638.789937731901,41.33813015446535,-332.57619903902605,3211.8688861913274,52.956850987661824,629.1854612471327,3272.761975491005
patient_192,741.0,29.64,37.37889348696989,15.430840000554902,1640.2850934713797,23.550560055246475,-444.6892524804718,3212.810908593537,26.968581217626607,-649.7067442508804,3273.84071873971
patient_192,742.0,29.68,20.34662732668954,-425.80665400700883,1641.0989585644472,34.7498118520488,279.98129492005813,3214.200901067619,31.049188911690013,102.01519235158516,3275.082686296178
patient_192,743.0,29.72,10.636109891857068,-242.7629358708118,1641.5244029601215,47.60045277848576,321.26602316092396,3216.1049191787583,33.69861432216428,66.23563526185671,3276.4306308690643
patient_192,744.0,29.76,19.813396966803165,229.43217687365242,1642.3169388387937,15.321430546920208,-806.9755557891388,3216.717776400635,18.820309166047437,-371.9576289029211,3277.183443235707
patient_192,745.0,29.8,11.765311803894608,-201.20212907271392,1642.7875513109495,81.66288725276858,1658.5364176462094,3219.9842918907457,54.879424229977104,901.4778765982417,3279.378620204906
patient_192,746.0,29.84,36.63637589932841,621.776602385845,1644.2530063469226,61.71987241877914,-498.5753708497361,3222.4530867874964,132.27410274118895,1934.8669627802963,3284.669584314553
patient_192,747.0,29.88,50.120984490530596,337.1152147800547,1646.2578457265438,26.42765021695343,-882.3055550456427,3223.5101927961746,72.1947034718193,-1501.9849817342415,3287.5573724534256
patient_192,748.0,29.92,39.95546469642597,-254.13799485261563,1647.8560643144008,98.43501301821054,1800.1840700314276,3227.4475933169033,168.4151028414867,2405.5099842416853,3294.2939765670853
patient_192,749.0,29.96,46.524508936554675,164.2261060032176,1649.717044671863,53.985076953962285,-1111.2484016062065,3229.6069963950617,223.21416736790286,1369.9766131604038,3303.2225432618015
patient_192,750.0,30.0,62.835301067294964,407.76980326850725,1652.2304567145547,63.47129717814613,237.15550560459616,3232.145848282187,52.65386837331271,-4264.007474864754,3305.328697996734
patient_192,751.0,30.04,51.82394556274557,-275.2838876137348,1654.3034145370648,58.77370959141432,-117.43968966829534,3234.496796665844,38.95482573443084,-342.47606597204674,3306.886891026111
patient_192,752.0,30.08,37.23376463355701,-364.7545232297141,1655.792765122407,28.753128191098163,-750.5145350079039,3235.6469217934878,27.016444649385896,-298.45952712612365,3307.9675488120865
patient_192,753.0,30.12,14.40586576308968,-570.6974717616832,1656.3689997529304,40.87091445441885,302.9446565830172,3237.281758371664,48.088223771838024,526.7944780613032,3309.89107776296
patient_192,754.0,30.16,38.09475478868732,592.222225639941,1657.8927899444782,51.772563059247474,272.54121512071555,3239.352660894034,58.25214706726597,254.09808238569872,3312.2211636456504
patient_192,755.0,30.2,21.878197763046135,-405.4139256410296,1658.7679178550002,1.9762897562225803,-1244.9068325756225,3239.431712484283,51.79744558275222,-161.36753711284388,3314.2930614689603
patient_192,756.0,30.24,14.96851504472958,-172.74206795791386,1659.3666584567895,17.01056756307367,375.85694517127723,3240.112135186806,23.241716477168833,-713.8932276395847,3315.2227301280473
patient_192,757.0,30.28,15.449024918451444,12.012746843046607,1659.9846194535276,47.106091385326664,752.3880955563249,3241.996378842219,14.414005702631734,-220.6927693634275,3315.799290356153
patient_192,758.0,30.32,7.526923970408143,-198.05252370108252,1660.285696412344,20.998869326842442,-652.6805514621055,3242.8363336152925,40.43681029546004,650.5701148207077,3317.4167627679712
patient_192,759.0,30.36,7.27305175485585,-6.3468053888073195,1660.576618482538,17.428414617516754,-89.2613677331422,3243.5334701999936,69.07930918237967,716.0624721729909,3320.179935135266
patient_192,760.0,30.4,46.256486161882336,974.5858601756621,1662.4268779290132,28.38921484481825,274.02000568253743,3244.6690387937865,51.399085262413735,-442.0055979991485,3322.2358985457627
patient_192,761.0,30.44,7.505964699415672,-968.7630365616666,1662.7271165169898,46.280572902976864,447.2839514539653,3246.5202617099053,31.681430816959054,-492.941361136367,3323.503155778441
patient_192,762.0,30.48,4.445879595146779,-76.50212760672233,1662.9049517007954,56.443335650366734,254.06906868474675,3248.7779951359203,41.27945944401818,239.95071567647815,3325.154334156202
patient_192,763.0,30.52,21.999301255505607,438.8355415089707,1663.7849237510156,60.605809092764744,104.06183605995025,3251.202227499631,59.488194127005265,455.21836707467713,3327.5338619212816
patient_192,764.0,30.56,15.07067768574835,-173.21558924393142,1664.3877508584455,42.67676216329665,-448.2261732367023,3252.9092979861625,70.79479299153381,282.66497161321365,3330.3656536409435
patient_192,765.0,30.6,29.251215403658655,354.5134429477576,1665.557799474592,15.8564523456188,-670.5077454419463,3253.5435560799874,37.389853800906,-835.1234797656952,3331.8612477929796
patient_192,766.0,30.64,10.325700352916993,-473.13787626854156,1665.9708274887087,24.911079354979936,226.3656752340284,3254.5399992541866,29.218131078710684,-204.29306805488298,3333.029973036128
patient_192,767.0,30.68,5.672696473891324,-116.32509697564173,1666.1977353476643,20.286195922416276,-115.6220858140915,3255.3514470910827,73.22986401796913,1100.2933234814614,3335.959167596847
patient_192,768.0,30.72,3.134397337620746,-63.457478406764444,1666.323111241169,48.02246638651135,693.4067616023767,3257.272345746543,61.14967887342788,-302.00462861353134,3338.405154751784
patient_192,769.0,30.76,14.563571736818789,285.7293599799511,1666.905654110642,21.650317073727926,-659.3037328195855,3258.138358429492,49.3071221898874,-296.06391708851197,3340.377439639379
patient_192,770.0,30.8,28.12172214099989,338.95376010452753,1668.030522996282,40.076791933511636,460.66187149459273,3259.7414301068325,62.42641339602503,327.9822801534408,3342.87449617522
patient_192,771.0,30.84,8.862102650043749,-481.4904872739035,1668.3850071022835,16.878006322626888,-579.9696402721187,3260.416550359738,18.277326089926834,-1103.727182652455,3343.6055892188174
patient_192,772.0,30.88,20.539167906140843,291.92663140242735,1669.2065738185293,79.42609963327473,1563.7023327661962,3263.5935943450686,80.32330964223559,1551.1495888077188,3346.8185216045067
patient_192,773.0,30.92,52.65746312034216,802.9573803550328,1671.3128723433429,59.32451087263382,-502.5397190160227,3265.966574779974,94.57082988652778,356.1880061073048,3350.6013547999673
patient_192,774.0,30.96,93.7830228795118,1028.1389939792411,1675.0641932585233,125.70452732235297,1659.5004112429788,3270.994755872868,66.20428847421097,-709.1635353079201,3353.249526338936
patient_192,775.0,31.0,117.14707323584675,584.1012589083736,1679.7500761879573,146.1866538015253,512.053161979308,3276.8422220249295,93.11715607483241,672.821690015536,3356.9742125819294
patient_192,776.0,31.04,118.59829119639976,36.28044901382523,1684.4940078358134,106.58828762106785,-989.9591545114362,3281.105753529772,257.9544204873071,4120.931610311868,3367.2923894014216
patient_192,777.0,31.08,181.38114139940475,1569.571255075125,1691.7492534917897,227.66448562564418,3026.904950114408,3290.212332954798,301.1736426865505,1080.480554981085,3379.3393351088835
patient_192,778.0,31.12,246.71637573350577,1633.3808583525254,1701.61790852113,174.53671632649417,-1328.19423247875,3297.1938016078575,197.48089846338095,-2592.3186055792394,3387.238571047419
patient_192,779.0,31.16,17.094784537811503,-5740.539779892357,1702.3016999026422,35.97780015892671,-3463.972904189187,3298.6329136142144,98.79355342495168,-2467.1836259607317,3391.1903131844174
patient_192,780.0,31.2,580.8551801132717,14094.009889386503,1725.5359071071732,497.4671776464591,11537.23443718831,3318.5316007200727,910.1762745274676,20284.5680275629,3427.597364165516
patient_192,781.0,31.24,357.28195275501173,-5589.330683956498,1739.8271852173734,507.9790511198443,262.7968368346302,3338.8507627648664,638.6049955514591,-6789.281974400214,3453.141563987574
patient_192,782.0,31.28,368.24800839265305,274.15139094103296,1754.5571055530797,452.03690865645706,-1398.5535615846813,3356.9322391111245,418.90043173788104,-5492.614095339451,3469.8975812570898
patient_192,783.0,31.32,330.1345752150324,-952.8358294405166,1767.762488561681,476.633973890267,614.9266308452482,3375.997598066735,452.70569733333207,845.1316398862758,3488.0058091504234
patient_192,784.0,31.36,321.1838749992229,-223.76750539523727,1780.60984356165,545.8509626809721,1730.4247197676275,3397.831636573974,402.81602993559125,-1247.2416849435206,3504.118450347847
patient_192,785.0,31.4,228.11257804991482,-2326.782423732702,1789.7343466836464,428.0498742309582,-2945.027211250347,3414.953631543212,303.8931234578852,-2473.0726619426505,3516.2741752861625
patient_192,786.0,31.44,156.96604900847248,-1778.6632260360584,1796.0129886439854,211.52509648628183,-5413.11944361691,3423.4146354026634,364.4479468181874,1513.8705840075545,3530.85209315889
patient_192,787.0,31.48,82.59431359384007,-1859.2933853658103,1799.316761187739,152.8197259337134,-1467.6342638142103,3429.527424440012,178.87556953382906,-4639.309432108958,3538.0071159402432
patient_192,788.0,31.52,23.238936680565406,-1483.8844228318667,1800.2463186549617,147.45827037128993,-134.03638906058717,3435.425755254864,287.0931931497422,2705.4405903978286,3549.490843666233
patient_192,789.0,31.56,46.04229737616563,570.0840173900056,1802.0880105500082,171.53160468049407,601.8333577301036,3442.2870194420834,184.9400660404385,-2553.828177732593,3556.8884463078507
patient_192,790.0,31.6,32.01124521148772,-350.77630411694776,1803.3684603584677,88.30834170583722,-2080.581574366421,3445.819353110317,54.618829526942804,-3258.030912837393,3559.073199488928
patient_192,791.0,31.64,75.50860540389117,1087.4340048100862,1806.3888045746235,209.54720081577824,3030.9714777485256,3454.201241142948,247.29887765939966,4817.001203311422,3568.965154595304
patient_192,792.0,31.68,122.42246272416993,1172.8464330069692,1811.2857030835903,93.95642859758362,-2889.7693054548654,3457.9594982868516,214.6110297136697,-817.1961986432493,3577.549595783851
patient_192,793.0,31.72,67.6446948377562,-1369.4441971603433,1813.9914908771004,205.0143292541118,2776.4475164132045,3466.1600714570163,120.45115705653207,-2353.9968164284405,3582.3676420661127
patient_192,794.0,31.76,37.07743766853961,-764.1814292304149,1815.4745883838418,20.456147193740495,-4613.954551509282,3466.9783173447654,52.44684060341628,-1700.1079113278947,3584.465515690249
patient_192,795.0,31.8,34.54789022616642,-63.23868605932965,1816.8565039928885,81.74468909911667,1532.2135476344044,3470.24810490873,13.667843505495274,-969.4749274480251,3585.012229430469
patient_192,796.0,31.84,108.74853618545686,1855.0161489822606,1821.2064454403069,92.2472247378805,262.5633909690958,3473.937993898245,34.07982392055102,510.2995103763937,3586.3754223872907
patient_192,797.0,31.88,48.28673437328153,-1511.5450453043832,1823.137914815238,55.57819642262055,-916.7257078814988,3476.16112175515,28.017155901306317,-151.5667004811176,3587.4961086233434
patient_192,798.0,31.92,48.25155309138378,-0.8795320474439094,1825.0679769388933,64.11262012419908,213.3605925394633,3478.7256265601177,46.24345300004723,455.6574274685229,3589.345846743345
patient_192,799.0,31.96,56.9419651249083,217.2603008381131,1827.3456555438897,78.95800884396945,371.13471799425923,3481.8839469138766,19.95355786671226,-657.2473783333743,3590.1439890580136
patient_192,800.0,32.0,15.463232924687503,-1036.9683050055198,1827.9641848608774,140.2168654944987,1531.4714162632313,3487.4926215336563,26.94011146510351,174.66383995978126,3591.2215935166173
patient_192,801.0,32.04,18.679793797157327,80.4140218117456,1828.7113766127636,19.904436183032423,-3007.810732786657,3488.288798980978,10.166620306114377,-419.3372789747283,3591.628258328862
patient_192,802.0,32.08,37.599259533980444,472.98664342057793,1830.2153469941227,60.36964896346771,1011.6303195108821,3490.7035849395165,16.574364677337403,160.19360928057566,3592.2912329159553
patient_192,803.0,32.12,32.11361794847043,-137.14103963775042,1831.4998917120613,86.83664946298441,661.6750124879175,3494.1770509180365,12.085652468251842,-112.21780522713902,3592.7746590146853
patient_192,804.0,32.16,57.44189703675463,633.2069772071052,1833.7975675935315,90.44772855667922,90.2769773423703,3497.7949600603038,32.34334339551588,506.4422731816009,3594.068392750506
patient_192,805.0,32.2,32.312399744301,-628.2374323113409,1835.0900635833036,118.97525363404154,713.1881269340578,3502.553970205665,111.43152042325045,1977.204425693364,3598.525653567436
patient_192,806.0,32.24,24.738171395942118,-189.35570870897197,1836.0795904391414,135.85779405452863,422.06351051217723,3507.988281967846,68.88252532343587,-1063.7248774953644,3601.280954580374
patient_192,807.0,32.28,39.83083077463793,377.31648446739536,1837.672823670127,86.21852742917802,-1240.981665633765,3511.4370230650134,83.65869922634687,369.40434757277495,3604.627302549428
patient_192,808.0,32.32,36.990844991710496,-70.99964457318589,1839.1524574697955,126.39317535551982,1004.3661981585448,3516.492750079234,43.64235789861631,-1000.4085331932639,3606.3729968653724
patient_192,809.0,32.36,9.225804677992782,-694.1260078429428,1839.521489656915,53.00966762629155,-1834.5876932307065,3518.613136784286,122.33458170309247,1967.305595111904,3611.266380133496
patient_192,810.0,32.4,19.584215599823086,258.9602730457576,1840.304858280908,140.29252670004772,2182.071476843904,3524.224837852288,41.016347116626115,-2032.955864661659,3612.9070340181615
patient_192,811.0,32.44,37.68754615250836,452.58326381713186,1841.8123601270083,98.10715510924464,-1054.6342897700767,3528.149124056658,30.81439590965072,-255.04878017438486,3614.1396098545474
patient_192,812.0,32.48,29.318741273643187,-209.22012197162934,1842.985109777954,81.80592434068983,-407.5307692138704,3531.4213610302854,193.87099741565527,4076.4150376501134,3621.8944497511734
patient_192,813.0,32.52,7.485330245322504,-545.8352757080171,1843.2845229877669,39.357638654010884,-1061.2071421669737,3532.9956665764457,70.00997192715687,-3096.52563721246,3624.6948486282595
patient_192,814.0,32.56,31.551291017182134,601.6490192964907,1844.5465746284542,23.08527568640276,-406.8090741902031,3533.9190776039018,45.37898870863775,-615.774580462978,3626.510008176605
patient_192,815.0,32.6,44.77570252959325,330.61028781027784,1846.3376027296379,42.97670819863522,497.2858128058116,3535.6381459318472,52.64428262304967,181.632347860298,3628.6157794815267
patient_192,816.0,32.64,26.695233448318024,-452.0117270318805,1847.4054120675708,84.99070973364385,1050.3500383752157,3539.037774321193,85.074857714668,810.7643772904582,3632.0187737901138
patient_192,817.0,32.68,39.952202913304525,331.4242366246625,1849.0035001841031,97.28830540013074,307.4398916621721,3542.929306537198,262.43857236731674,4434.0928663162185,3642.5163166848065
patient_192,818.0,32.72,26.56702158112157,-334.6295333045739,1850.0661810473478,65.34051037034271,-798.6948757447007,3545.542926952012,139.6272720800861,-3070.282507180766,3648.10140756801
patient_192,819.0,32.76,58.365676517844165,794.9663734180649,1852.4008081080617,23.038227306234468,-1057.557076602706,3546.4644560442607,39.01227895787438,-2515.374828055293,3649.661898726325
patient_192,820.0,32.8,49.43197620927174,-223.34250771431067,1854.3780871564325,82.69353790134731,1491.382764877821,3549.7721975603145,173.52599866387087,3362.8429926499125,3656.6029386728796
patient_192,821.0,32.84,54.993385255082536,139.03522614526995,1856.5778225666356,191.51401298996643,2720.511877215478,3557.432758079913,203.0079115269133,737.0478215760606,3664.7232551339566
patient_192,822.0,32.88,27.856781628104144,-678.4150906744597,1857.69209383176,124.13905685935728,-1684.3739032652288,3562.398320354288,158.05815009332164,-1123.7440358397912,3671.045581137689
patient_192,823.0,32.92,87.71996352699333,1496.5795474722295,1861.2008923728397,180.7206078777283,1414.5387754592755,3569.627144669397,275.21940270983964,2929.03131541295,3682.054357246083
patient_192,824.0,32.96,60.87909406857691,-671.0217364604104,1863.636056135583,23.41087770987947,-3932.743254196221,3570.563579777792,18.011833265219483,-6430.189236115504,3682.774830576692
patient_192,825.0,33.0,106.7354352006973,1146.4085283030097,1867.9054735436107,27.44701438575604,100.90341689691434,3571.661460353222,61.98961364100346,1099.4445093945994,3685.2544151223324
patient_192,826.0,33.04,68.06075123097749,-966.8670992429952,1870.6279035928499,80.82567696560838,1334.4665644963084,3574.8944874318468,30.185425087518944,-795.1047138371129,3686.461832125833
patient_192,827.0,33.08,59.77550109138869,-207.13125348971994,1873.0189236365054,44.480251461726425,-908.6356375970489,3576.673697490316,106.22753604695806,1901.052773985978,3690.7109335677114
patient_192,828.0,33.12,99.98308476128652,1005.1895917474458,1877.0182470269567,117.70348845020952,1830.5809247120774,3581.3818370283243,278.21186395122675,4299.608197606717,3701.839408125761
patient_192,829.0,33.16,34.755033650777875,-1630.701277762716,1878.408448372988,42.203369145432426,-1887.5029826194273,3583.0699717941416,110.77755738790546,-4185.857664083032,3706.2705104212773
patient_192,830.0,33.2,30.190357931088386,-114.11689299223724,1879.6160626902315,61.11354794166782,472.75446990588483,3585.5145137118084,62.747584004293614,-1200.7493345902963,3708.7804137814487
patient_192,831.0,33.24,9.212180606751827,-524.4544331084139,1879.9845499145015,29.974395032152216,-778.47882273789,3586.7134895130944,50.91356273940288,-295.8505316222684,3710.816956291025
patient_192,832.0,33.28,9.540176626163026,8.199900485279965,1880.3661569795481,69.3744655088186,985.0017619166597,3589.4884681334474,7.265763259095867,-1091.194987007675,3711.107586821389
patient_192,833.0,33.32,26.96982759506101,435.74127422244953,1881.4449500833505,82.0062105214658,315.79362531618006,3592.7687165543057,84.933590469872,1941.6956802694035,3714.504930440183
patient_192,834.0,33.36,11.452927319748843,-387.92250688280416,1881.9030671761402,65.90681903261857,-402.4847872211808,3595.4049893156107,112.99816241662519,701.6142986688297,3719.024856936848
patient_192,835.0,33.4,25.950050398166326,362.42807696043707,1882.941069192067,35.15176005267455,-768.8764744986006,3596.8110597177174,229.16166387127785,2904.0875363663167,3728.191323491699
patient_192,836.0,33.44,21.9469824016863,-100.07669991200068,1883.8189484881345,47.94663157913191,319.8717881614341,3598.728924980883,51.46545961594615,-4442.405106383293,3730.2499418763373
patient_192,837.0,33.48,27.782134065407,145.87879159301752,1884.9302338507507,106.84728200327746,1472.5162606036386,3603.0028162610142,27.177807095947095,-607.1913129999764,3731.337054160175
patient_192,838.0,33.52,14.821049696028682,-324.02710923445795,1885.523075838592,19.175655410129455,-2191.7906648287003,3603.7698424774194,299.5389802093276,6809.029327834512,3743.318613368548
patient_192,839.0,33.56,25.374904828237018,263.84637830520836,1886.5380720317212,24.33358183397102,128.94816059603914,3604.743185750778,152.38713903847304,-3678.7960292713633,3749.414098930087
patient_192,840.0,33.6,51.10532748121845,643.2605663245358,1888.5822851309701,66.45404338560074,1053.0115387907429,3607.401347486202,113.38053726429048,-975.1650443545639,3753.9493204206588
patient_192,841.0,33.64,6.857958822446038,-1106.1842164693103,1888.856603483868,63.23867154947931,-80.38429590303586,3609.9308943481815,72.03427466752082,-1033.6565649192416,3756.8306914073596
patient_192,842.0,33.68,25.427489255818667,464.23826083431567,1889.8737030541006,41.454983423558964,-544.5922031480086,3611.5890936851238,53.69021558289863,-458.6014771155547,3758.9783000306757
patient_192,843.0,33.72,7.0292045897706235,-459.95711665120103,1890.1548712376916,38.18802678986943,-81.67391584223829,3613.1166147567187,15.644185794601727,-951.1507447074226,3759.6040674624596
patient_192,844.0,33.76,18.8755716640001,296.15917685573686,1890.9098941042516,40.27708949352035,52.22656759127293,3614.7276983364595,23.000500108752608,183.90785785377201,3760.52408746681
patient_192,845.0,33.8,9.017444958322164,-246.45316764194837,1891.2705919025843,75.28631345920772,875.2305991421842,3617.739150874828,114.00030942731692,2274.995232964108,3765.0840998439025
patient_192,846.0,33.84,16.97338648919222,198.89853827175136,1891.949527362152,96.9422792550474,541.3991448959919,3621.6168420450294,45.07462794608493,-1723.1420370307997,3766.887084961746
patient_192,847.0,33.88,30.100225073616645,328.17096461061067,1893.153536365097,18.888284887909176,-1951.3498591784555,3622.372373440546,31.706171301362154,-334.2114161180694,3768.155331813801
patient_192,848.0,33.92,29.01952218645364,-27.017572179075167,1894.3143172525552,116.29169393666413,2435.0852262188737,3627.024041198013,105.33724111920253,1840.7767454460093,3772.3688214585686
patient_192,849.0,33.96,43.34999883081362,358.2619161089995,1896.0483172057875,53.88817632408879,-1560.0879403143836,3629.179568250977,35.62443456711997,-1742.820163802064,3773.793798841253
patient_192,850.0,34.0,32.20283691749416,-278.67904783298644,1897.3364306824872,44.29957261048643,-239.71509284005901,3630.9515511553964,65.41026357103209,744.645725097803,3776.4102093840943
patient_192,851.0,34.04,18.086345990560197,-352.9122731733491,1898.0598845221095,57.143415497345174,321.0960721714686,3633.2372877752896,213.74959257073232,3708.4832249925057,3784.9601930869235
patient_192,852.0,34.08,26.525296616726184,210.97376565414967,1899.1208963867787,79.96399347979188,570.5144495611677,3636.4358475144813,57.59641172520145,-3903.829521138272,3787.2640495559317
patient_192,853.0,34.12,9.667785685192873,-421.4377732883328,1899.5076078141863,60.252906451827045,-492.7771756991209,3638.8459637725546,27.421608056954764,-754.3700917061672,3788.3609138782103
patient_192,854.0,34.16,0.7888128444444742,-221.97432101871,1899.539160327964,28.603654602369936,-791.2312962364277,3639.990109956649,80.66029653672528,1330.967211994263,3791.587325739679
patient_192,855.0,34.2,16.968823866510622,404.50027555165366,1900.2179132826245,75.41919567604769,1170.388526841944,3643.0068777836914,7.240018891661907,-1835.5069411265845,3791.8769264953457
patient_192,856.0,34.24,12.080347828755304,-122.21190094388294,1900.7011271957747,96.02983778808363,515.2660528008984,3646.8480712952146,41.847438823727046,865.1854983016285,3793.5508240482945
patient_192,857.0,34.28,5.650017341591754,-160.75826217908875,1900.9271278894385,146.06324665414937,1250.8352216516435,3652.69060116138,61.87075677249116,500.5829487191029,3796.025654319194
patient_192,858.0,34.32,23.672944393829635,450.5731763059471,1901.8740456651917,48.524481094553984,-2438.469138989885,3654.6315804051624,143.1478191661009,2031.9265598402435,3801.7515670858384
patient_192,859.0,34.36,52.998504708886664,733.1390078764257,1903.993985853547,123.28516873400943,1869.0171909863864,3659.562987154523,57.20132066107878,-2148.662462625553,3804.039619912281
patient_192,860.0,34.4,20.299125117705483,-817.4844897795297,1904.8059508582553,152.22381967190384,723.4662734473602,3665.651939941399,36.603426104158025,-514.9473639230189,3805.5037569564474
patient_192,861.0,34.44,11.459996263451732,-220.97822135634377,1905.2643507087935,128.28624955459745,-598.4392529326599,3670.783389923583,36.515114913374155,-2.2077797695967405,3806.9643615529826
patient_192,862.0,34.48,27.99211636643239,413.3030025745165,1906.3840353634507,180.4623331106584,1304.4020889015237,3678.001883248009,32.03279657622709,-112.05795842867659,3808.2456734160314
patient_192,863.0,34.52,37.70862113508227,242.91261921624692,1907.892380208854,215.44814677249317,874.6453415458695,3686.619809118909,65.68421969749264,841.2855780316386,3810.873042203931
patient_192,864.0,34.56,22.94862733170545,-368.9998450844205,1908.8103253021225,49.46417488355601,-4149.599297223429,3688.5983761142516,84.51615070979118,470.7982753074635,3814.253688232323
patient_192,865.0,34.6,82.4260726968063,1486.9361341275212,1912.1073682099948,209.0163594136962,3988.8046132535046,3696.9590304907993,87.9776096788654,86.53647422685573,3817.772792619478
patient_192,866.0,34.64,78.71380846488984,-92.8066057979116,1915.2559205485904,180.70106751987998,-707.8822973454053,3704.1870731915947,82.8304262335085,-128.67958613392256,3821.0860096688184
patient_192,867.0,34.68,144.5332815815547,1645.4868279166212,1921.0372518118527,88.80453728222591,-2297.413255941352,3707.7392546828837,227.0265723307133,3604.90365243012,3830.167072562047
patient_192,868.0,34.72,156.44987734978758,297.9148942058224,1927.2952469058444,209.50221273987387,3017.441886441199,3716.1193431924785,301.19190114448577,1854.133220344312,3842.214748607826
patient_192,869.0,34.76,240.07317897418378,2090.5825406099048,1936.8981740648117,582.7905582015062,9332.208636540809,3739.430965520539,495.33186458522573,4853.499086018499,3862.028023191235
patient_192,870.0,34.8,243.87881413132692,95.14087892857859,1946.6533266300646,409.7702955213619,-4325.506567003607,3755.821777341393,381.88452388003697,-2836.183517629719,3877.303404146437
patient_192,871.0,34.84,220.74874962813564,-578.251612579782,1955.4832766151903,396.11276949064256,-341.4381507679835,3771.666288121019,281.4056441172044,-2511.9719940708137,3888.559629911125
patient_192,872.0,34.88,139.3936015867114,-2033.8787010356057,1961.059020678659,80.13872535663141,-7899.351103350278,3774.8718371352843,148.76488900121316,-3316.0188778997813,3894.5102254711733
patient_192,873.0,34.92,129.74937499904243,-241.10566469172454,1966.2489956786203,105.99194304837607,646.3304422936166,3779.1115148572194,196.14941136379653,1184.6130590645841,3902.356201925725
patient_192,874.0,34.96,125.80263408613443,-98.66852282269996,1971.2811010420658,244.40987125284306,3460.4482051116747,3788.887909707333,150.45229062855498,-1142.4280183810388,3908.3742935508676
patient_192,875.0,35.0,158.2066787722406,810.1011171526541,1977.6093681929553,121.70295104200602,-3067.673005270926,3793.756027749014,310.47485731879186,4000.5641672559223,3920.7932878436195
patient_192,876.0,35.04,103.17759155600287,-1375.7271804059433,1981.7364718551953,169.7224443535703,1200.4873327891069,3800.5449255231565,169.79315691102192,-3517.0425101942483,3927.5850141200604
patient_192,877.0,35.08,103.52099771687031,8.585154021686137,1985.8773117638702,121.56720453657135,-1203.8809954249737,3805.407613704619,188.8062379952427,475.3270271055193,3935.13726363987
patient_192,878.0,35.12,101.83396310512983,-42.17586529351216,1989.9506702880753,255.60729037805032,3351.0021460369744,3815.631905319741,170.08236383290478,-468.096854058448,3941.9405581931865
patient_192,879.0,35.16,57.76064178754485,-1101.8330329396244,1992.261095959577,201.9495149717392,-1341.444385157778,3823.7098859186103,139.9485538116189,-753.345250532147,3947.538500345651
patient_192,880.0,35.2,95.45258721601904,942.2986357118548,1996.0791994482177,112.38744683599995,-2239.051703393481,3828.2053837920503,135.52285927452948,-110.64236342723532,3952.9594147166317
patient_192,881.0,35.24,56.76869170111192,-967.097387872678,1998.349947116262,64.99855024270502,-1184.7224148323733,3830.8053258017585,62.64302268082337,-1821.9959148426526,3955.465135623865
patient_192,882.0,35.28,59.71856487591991,73.74682937019976,2000.7386897112988,78.0140937096638,325.38858667396937,3833.925889550145,170.63160095735336,2699.7144569132493,3962.290399662159
patient_192,883.0,35.32,76.47011342540677,418.7887137371714,2003.7974942483152,77.3019908879637,-17.802570542502494,3837.0179691856633,25.189372303273597,-3636.0557163519943,3963.29797455429
patient_192,884.0,35.36,68.42585350369146,-201.10649804288272,2006.5345283884628,89.38859282511329,302.16504842873985,3840.593512898668,139.89049122701698,2867.5279730935845,3968.893594203371
patient_192,885.0,35.4,67.62444713280927,-20.03515927205477,2009.239506273775,129.78365118152357,1009.8764589102568,3845.784858945929,47.7025395141679,-2304.6987928212266,3970.8016957839372
patient_192,886.0,35.44,38.35773932605301,-731.6676951689064,2010.7738158468173,79.3907652853777,-1259.8221474036468,3848.9604895573443,28.128122293066625,-489.36043052753195,3971.92682067566
patient_192,887.0,35.48,66.90683328506294,713.7273489752484,2013.45008917822,213.55255073242606,3354.044636176209,3857.502591586641,50.00165936010788,546.8384266760314,3973.9268870500646
patient_192,888.0,35.52,32.36821359360675,-863.4654922864049,2014.7448177219642,97.68721113728974,-2896.633489878408,3861.4100800321326,78.40925398888196,710.1898657193519,3977.0632572096197
patient_192,889.0,35.56,32.35830202896947,-0.2477891159319512,2016.0391498031229,60.105046057410235,-939.5541269969875,3863.814281874429,18.060715638144757,-1508.71345876843,3977.7856858351456
patient_192,890.0,35.6,42.92747601244751,264.22934958695095,2017.7562488436206,22.052618147038878,-951.3106977592839,3864.6963866003102,20.81821196084821,68.93740806758632,3978.6184143135797
patient_192,891.0,35.64,14.994782132986092,-698.3173469865353,2018.35604012894,24.266380502642154,55.3440588900819,3865.6670418204158,35.96269237007116,378.6120102305738,3980.0569220083826
patient_192,892.0,35.68,15.809979402111113,20.379931728125513,2018.9884393050245,22.206346047750873,-51.500861372282,3866.555295662326,16.43657623505633,-488.1529033753708,3980.7143850577845
patient_192,893.0,35.72,27.656042852722546,296.15158626528586,2020.0946810191335,50.88168518051074,716.8834783189967,3868.5905630695465,78.35831548988503,1548.0434813707175,3983.8487176773797
patient_192,894.0,35.76,9.861636277744708,-444.86016437444596,2020.4891464702432,23.26463553585035,-690.4262411165098,3869.52114849098,33.655875582895284,-1117.5609976747437,3985.194952700695
patient_192,895.0,35.8,25.174745409476024,382.8277282932829,2021.4961362866222,83.28394231050929,1500.4826693664736,3872.8525061834002,17.58012961356102,-401.8936492333566,3985.8981578852377
patient_192,896.0,35.84,36.461409230854464,282.166595534461,2022.9545926558565,30.381091593977963,-1322.5712679132832,3874.0677498471596,17.03184691500541,-13.707067463890255,3986.579431761838
patient_192,897.0,35.88,26.489480015901037,-249.29823037383568,2024.0141718564926,105.97734751019553,1889.906397905439,3878.3068437475677,135.89567801865456,2971.595777591229,3992.015258882584
patient_192,898.0,35.92,55.94411297863213,736.3658240682772,2026.2519363756378,76.962546185794,-725.3700331100383,3881.3853455949993,94.08332100807444,-1045.3089252645032,3995.778591722907
patient_192,899.0,35.96,59.28156600154611,83.4363255728496,2028.6231990156998,91.8744235161029,372.79693325772246,3885.0603225356435,169.3918602645446,1882.713481411754,4002.554266133489
patient_192,900.0,36.0,102.54482674597375,1081.581518610691,2032.7249920855386,94.06383472143963,54.735280133418485,3888.822875924501,117.75159492815216,-1291.0066334098108,4007.264329930615
patient_192,901.0,36.04,142.42387980088424,996.9763263727622,2038.421947277574,137.84692580066957,1094.5772769807484,3894.3367529565276,158.5607753563652,1020.2295107053263,4013.6067609448696
patient_192,902.0,36.08,137.84300769063339,-114.52180275627128,2043.935667585199,99.90448262718618,-948.5610793370846,3898.332932261615,102.49218855827031,-1401.7146699523726,4017.7064484872008
patient_192,903.0,36.12,155.15362396686513,432.7654069057935,2050.1418125438736,159.140845518238,1480.9090722762953,3904.6985660823448,50.16845764714724,-1308.0932727780769,4019.713186793086
patient_192,904.0,36.16,177.4399687663246,557.1586199864868,2057.2394112945267,128.81436206774205,-758.1620862623986,3909.8511405650543,54.32829714493197,103.99598744461827,4021.886318678884
patient_192,905.0,36.2,135.5595405788768,-1047.0107046861947,2062.661792917682,62.44572952150623,-1659.2158136558958,3912.348969745915,126.12160690128728,1794.8327439088828,4026.931182954935
patient_192,906.0,36.24,161.54317305198887,649.5908118278016,2069.1235198397612,190.69552765543952,3206.2449533483323,3919.976790852132,243.84093675502234,2942.9832463433763,4036.684820425136
patient_192,907.0,36.28,183.34028950948505,544.9279114374043,2076.4571314201407,195.84280391436144,128.681906473048,3927.8105030087067,293.59052949369004,1243.7398184666924,4048.428441604884
patient_192,908.0,36.32,202.32517426793854,474.62211896133726,2084.550138390858,271.1007864530017,1881.449563466007,3938.6545344668266,346.7238348018899,1328.3326327049963,4062.2973949969596
patient_192,909.0,36.36,243.91461468189362,1039.7360103488772,2094.306722978134,298.93411387050577,695.8331854376013,3950.611899021647,294.33793284254074,-1309.647548983729,4074.070912310661
patient_192,910.0,36.4,248.34026555744407,110.64127188876114,2104.2403336004318,283.461430987649,-386.817072071419,3961.9503562611526,306.45553607018775,302.94008069117524,4086.329133753469
patient_192,911.0,36.44,197.64984609821903,-1267.260486480626,2112.146327444361,377.82331089542726,2359.046997694456,3977.06328869697,274.7619343109477,-792.3400439810009,4097.319611125907
patient_192,912.0,36.48,144.84350637947588,-1320.1584929685787,2117.9400676995397,235.30454854901146,-3562.969058660395,3986.4754706389303,229.98081486723217,-1119.5279860928886,4106.518843720596
patient_192,913.0,36.52,126.94931668842378,-447.35474227630266,2123.0180403670765,247.5321441303507,305.6898895334811,3996.3767564041445,266.9252933977543,923.6119632630526,4117.195855456506
patient_192,914.0,36.56,138.47835229966603,288.22589028105625,2128.557174459063,201.0767315816026,-1161.385313718703,4004.419825667409,121.05166928125088,-3646.8406029125845,4122.037922227756
patient_192,915.0,36.6,107.44692021894848,-775.7858020179387,2132.855051267821,97.2571697425142,-2595.48904597721,4008.3101124571094,104.11030284824292,-423.5341608251989,4126.202334341686
patient_192,916.0,36.64,120.87104750258364,335.60318209087893,2137.6898931679243,55.19207273930591,-1051.627425080207,4010.5177953666816,107.31545349839826,80.1287662538833,4130.494952481622
patient_192,917.0,36.68,13.293706289798202,-2689.433530319636,2138.2216414195163,55.567326077043845,9.381333443448447,4012.740488409763,52.80810130908853,-1362.6838047327433,4132.607276533985
patient_192,918.0,36.72,23.871582560537234,264.4469067684758,2139.176504721938,90.6176904020869,876.2591081260762,4016.3651960258467,46.32239094970634,-162.14275898455472,4134.460172171974
patient_192,919.0,36.76,69.35815954566898,1137.1644246282938,2141.950831103765,105.85310059735359,380.8852548816674,4020.5993200497405,108.48804408370098,1554.1413283498662,4138.799693935322
patient_192,920.0,36.8,24.7650891987506,-1114.8267586729596,2142.941434671715,157.41813000042035,1289.125735076669,4026.8960452497577,144.82558888650826,908.4386200701819,4144.592717490782
patient_192,921.0,36.84,43.42545983216657,466.5092658353991,2144.678453065001,53.989930706660324,-2585.7049823440007,4029.0556424780243,146.6232307734484,44.941047173503534,4150.457646721719
patient_192,922.0,36.88,8.150060220775401,-881.8849902847792,2145.0044554738324,127.54768555230778,1838.9438711411863,4034.1575499001165,253.92606797990877,2682.5709301615093,4160.614689440916
patient_192,923.0,36.92,24.3678548460834,405.4448656327,2145.9791696676753,58.19534156534771,-1733.808599674002,4036.48536356273,91.60397202846073,-4058.0523987862007,4164.278848322054
patient_192,924.0,36.96,5.6405159103180775,-468.1834733941331,2146.204790304088,35.80843669127211,-559.6726218518901,4037.9177010303806,124.22639662570268,815.5606149310486,4169.247904187082
patient_192,925.0,37.0,29.623768012217653,599.5813025474894,2147.389741024577,85.7796964600386,1249.2814942191621,4041.3488888887823,328.3620748917026,5103.391956649998,4182.382387182751
patient_192,926.0,37.04,67.41957782150853,944.8952452322718,2150.086524137437,92.62553071413984,171.1458563525312,4045.0539101173476,170.59865137347572,-3944.085587955672,4189.206333237689
patient_192,927.0,37.08,35.54512913328277,-796.8612172056439,2151.5083293027683,25.932991738577737,-1667.3134743890525,4046.091229786891,60.47975738895432,-2752.972349613035,4191.625523533247
patient_192,928.0,37.12,34.75449645894092,-19.76581685854626,2152.898509161126,56.077698814331114,753.6176768938344,4048.3343377394644,86.2725393930118,644.819550101437,4195.076425108969
patient_192,929.0,37.16,36.81279665461016,51.457504891731,2154.3710210273102,59.76828800128066,92.26472967373863,4050.7250692595157,85.93732018629689,-8.380480167872761,4198.51391791642
patient_192,930.0,37.2,68.21402858836525,785.0307983438773,2157.0995821708448,73.7374407630499,349.2288190442311,4053.674566890038,102.14557202078262,405.2062958621434,4202.599740797252
patient_192,931.0,37.24,49.3850089165276,-470.72549179594125,2159.074982527506,69.18299156578404,-113.86122993164669,4056.4418865526695,81.68792855397153,-511.4410866702773,4205.867257939411
patient_192,932.0,37.28,16.880533389654232,-812.6118881718343,2159.7502038630923,15.909928988460303,-1331.8265644330934,4057.078283712208,30.92888374506754,-1268.9761202225998,4207.104413289214
patient_192,933.0,37.32,16.43345922673398,-11.176854073006304,2160.4075422321616,49.92025835043739,850.2582340494273,4059.0750940462253,31.67187451818677,18.5747693279807,4208.371288269941
patient_192,934.0,37.36,22.77815360352343,158.6173594197363,2161.3186683763024,96.3991026587286,1161.97110770728,4062.9310581525747,64.19895822236988,813.1770926045779,4210.939246598836
patient_192,935.0,37.4,26.960006175035165,104.54631428779334,2162.3970686233038,195.53625498943322,2478.4288082676158,4070.7525083521523,215.01831157125426,3770.483833722109,4219.539979061687
patient_192,936.0,37.44,27.87245820005521,22.81130062550112,2163.511966951306,48.26514621631985,-3681.7777193278343,4072.683114200805,97.67413666630655,-2933.6043726236926,4223.4469445283385
patient_192,937.0,37.48,44.266100237124896,409.8410509267421,2165.282610960791,16.771653274824285,-787.3373235373891,4073.353980331798,82.27457010058141,-384.98916414312845,4226.737927332361
patient_192,938.0,37.52,57.253689114726114,324.6897219400305,2167.57275852538,72.05389253610979,1382.0559815321374,4076.236136033242,72.52900273024626,-243.6391842583788,4229.639087441571
patient_192,939.0,37.56,68.80606129465883,288.80930449831794,2170.3250009771664,50.62777371150825,-535.6529706150385,4078.2612469817022,62.07070166627616,-261.4575265992526,4232.121915508223
patient_192,940.0,37.6,19.292199799554993,-1237.846537377596,2171.0966889691485,73.71037817636162,577.0651116213342,4081.2096621087567,117.25163013132375,1379.5232116261898,4236.811980713475
patient_192,941.0,37.64,32.756801639679466,336.61504600311184,2172.4069610347356,69.87099814622441,-95.98450075343017,4084.004502034606,45.66575500552935,-1789.64687814486,4238.6386109136965
patient_192,942.0,37.68,52.6298733811892,496.82679353774336,2174.5121559699833,105.9854080075025,902.8602465319523,4088.243918354906,30.813528357737134,-371.3056661948054,4239.8711520480065
patient_192,943.0,37.72,30.855355918097445,-544.3629365772939,2175.746370206707,159.04157017366728,1326.4040541541196,4094.6055811618526,104.13651901557694,1833.074766445995,4244.036612808629
patient_192,944.0,37.76,25.13568526279808,-142.9917663824841,2176.7517976172194,224.52931517847028,1637.193625120075,4103.586753768991,29.06896887302053,-1876.68875356391,4245.19937156355
patient_192,945.0,37.8,41.01583970992421,397.00386117815316,2178.392431205616,22.888548086636185,-5041.019177295852,4104.502295692457,15.71659408025583,-333.80936981911753,4245.82803532676
patient_192,946.0,37.84,51.806841199427964,269.7750372375939,2180.464704853593,14.592634170774229,-207.39784789654888,4105.086001059287,139.67892437169945,3099.0582572860903,4251.415192301629
patient_192,947.0,37.88,41.15698741236899,-266.24634467647434,2182.1109843500876,25.57547052800154,274.5709089306827,4106.109019880407,77.09192959403771,-1564.6748694415437,4254.49886948539
patient_192,948.0,37.92,67.0430871465635,647.1524933548626,2184.7927078359503,36.45309055155422,271.94050058881703,4107.56714350247,228.2852237478802,3779.8323538460622,4263.630278435306
patient_192,949.0,37.96,78.2786377927691,280.8887661551403,2187.9238533476614,127.00374152386281,2263.766274307715,4112.6472931634235,199.70785733588525,-714.4341602998736,4271.618592728741
patient_192,950.0,38.0,118.5480339116062,1006.7349029709274,2192.6657747041254,202.94431957498338,1898.5144512780141,4120.765065946423,128.634963427796,-1776.8223477022311,4276.763991265852
patient_192,951.0,38.04,164.11643284282422,1139.2099732804506,2199.2304320178387,158.94277467672595,-1100.0386224564359,4127.122776933492,281.50229433559014,3821.6832726948533,4288.024083039276
patient_192,952.0,38.08,433.19718730694694,6727.018861603068,2216.5583195101162,513.9280715527582,8874.632421900806,4147.679899795603,369.7028890335631,2205.0148674493244,4302.812198600619
patient_192,953.0,38.12,368.405027381563,-1619.8039981345985,2231.294520605379,840.9073641104395,8174.482313942033,4181.31619436002,954.9985260396924,14632.390925153231,4341.012139642206
patient_192,954.0,38.16,270.02439955848234,-2459.5156955770162,2242.0954965877186,1008.3671445458127,4186.49451088433,4221.650880141852,901.6753805454697,-1333.0786373555668,4377.079154864025
patient_192,955.0,38.2,76.47942758426352,-4838.624299355471,2245.154673691089,166.01087904650677,-21058.906637482647,4228.2913153037125,364.5866838201396,-13427.21741813325,4391.662622216831
patient_192,956.0,38.24,106.74959215992244,756.7541143914731,2249.424657377486,361.3555060325083,4883.615674650038,4242.745535545013,185.64424363147262,-4473.561004716676,4399.088391962089
patient_192,957.0,38.28,108.65591419344466,47.65805083805539,2253.7708939452236,513.7614743935624,3810.149209026352,4263.295994520755,305.2480765747404,2990.095823581695,4411.298315025079
patient_192,958.0,38.32,45.18336845116427,-1586.8136435570098,2255.5782286832705,375.9361936565896,-3445.6320184243195,4278.333442267019,343.17464960397564,948.1643257308804,4425.025301009238
patient_192,959.0,38.36,76.29424368244771,777.7718807820861,2258.629998430568,355.54047727793215,-509.89290946643564,4292.555061358135,255.95022189408104,-2180.6106927473647,4435.263309885001
patient_192,960.0,38.4,50.51117724358704,-644.5766609715168,2260.6504455203117,38.92472897500573,-7915.39370757316,4294.112050517136,107.53418371449645,-3710.4009544896144,4439.56467723358
patient_192,961.0,38.44,98.5846981112079,1201.8380216905214,2264.5938334447596,93.91036676884437,1374.640944845966,4297.868465187889,109.36421237943476,45.75071662345778,4443.939245728759
patient_192,962.0,38.48,139.32636571461748,1018.5416900852396,2270.166888073344,105.94896043242233,300.9648415894489,4302.106423605186,126.30594942645098,423.54342617540544,4448.991483705816
patient_192,963.0,38.52,136.67270665781336,-66.34147642010291,2275.633796339657,75.73272797577624,-755.4058114161521,4305.135732724218,120.7043010547115,-140.04120929348716,4453.819655748004
patient_192,964.0,38.56,134.76189961832873,-47.77017598711595,2281.02427232439,129.47809743333912,1343.6342364390719,4310.3148566215505,79.33996504274529,-1034.1084002991552,4456.993254349714
patient_192,965.0,38.6,101.51861578348529,-831.0820958710859,2285.0850169557293,66.2448088889243,-1580.8322136103704,4312.964648977108,205.76080069048615,3160.5208911935215,4465.223686377334
patient_192,966.0,38.64,135.12126777235224,840.0662997216738,2290.4898676666235,90.81035713568231,614.1387061689503,4316.597063262535,136.18639021203043,-1739.360261961393,4470.671141985815
patient_192,967.0,38.68,108.39428228025153,-668.1746373025178,2294.8256389578337,453.2941656395621,9062.095212596994,4334.728829888117,236.15061194347587,2499.105543286136,4480.117166463554
patient_192,968.0,38.72,119.22155694381895,270.6818665891856,2299.5945012355864,26.67816888754607,-10665.3999188004,4335.795956643619,88.27700054728184,-3696.8402849048503,4483.648246485445
patient_192,969.0,38.76,75.11868025335511,-1102.5719172615961,2302.5992484457206,34.89391436898321,205.39363703592846,4337.191713218378,31.888769396231755,-1409.7057787762524,4484.923797261295
patient_192,970.0,38.8,34.46819534908719,-1016.262122606698,2303.977976259684,35.94826657740649,26.358805210582048,4338.629643881474,30.404511922839188,-37.10643683481418,4486.1399777382085
patient_192,971.0,38.84,127.32885412905857,2321.5164694992845,2309.0711304248466,144.71494120227916,2719.166865621817,4344.418241529566,54.619447184923004,605.3733815520955,4488.324755625605
patient_192,972.0,38.88,112.52305799941028,-370.14490324120715,2313.572052744823,56.61889799425467,-2202.4010802006123,4346.682997449336,106.28303659840627,1291.5897353370817,4492.576077089541
patient_192,973.0,38.92,36.73728124849019,-1894.6444187730024,2315.0415439947624,93.93202441343175,932.828160479427,4350.440278425874,38.603109588730895,-1691.9981752418842,4494.120201473091
patient_192,974.0,38.96,88.87270983937267,1303.385714772062,2318.596452388337,72.71036187742534,-530.5415634001602,4353.3486929009705,103.28648926688751,1617.0844919539156,4498.251661043766
patient_192,975.0,39.0,26.567292602648024,-1557.6354309181163,2319.659144092443,111.18900754177373,961.9661416087098,4357.796253202641,123.04284786387163,493.90896492460286,4503.173374958321
patient_192,976.0,39.04,95.37824851924799,1720.2738979149992,2323.474274033213,84.60984706267881,-664.4790119773731,4361.180647085148,92.46459939252824,-764.4562117835846,4506.871958934022
patient_192,977.0,39.08,67.23731178205622,-703.5234184297941,2326.1637665044955,71.0655981955264,-338.60622167881013,4364.023271012969,151.62007091856285,1478.886788150865,4512.936761770765
patient_192,978.0,39.12,22.846674731994746,-1109.765926251537,2327.077633493775,51.45784623737973,-490.19379895366694,4366.081584862464,43.36982069542077,-2706.2562555785516,4514.671554598582
patient_192,979.0,39.16,44.966955434561065,553.007017564158,2328.8763117111575,51.88662252738478,10.719407250126345,4368.157049763559,73.50574288878289,753.398054834053,4517.611784314133
patient_192,980.0,39.2,46.462649472341916,37.39235094452127,2330.7348176900514,66.49827749394188,365.2913741639276,4370.816980863317,103.39532046335063,747.2394393641935,4521.747597132667
patient_192,981.0,39.24,9.055455383730889,-935.1798522152757,2331.0970359054004,10.051917793583359,-1411.1589925089631,4371.21905757506,6.427809580677421,-2424.1877720668303,4522.004709515893
patient_192,982.0,39.28,17.443874830962635,209.71048618079365,2331.794790898639,51.97733585152097,1048.1354514484403,4373.298151009121,124.94257084111497,2962.869031510939,4527.002412349538
patient_192,983.0,39.32,21.616036529918787,104.30404247390382,2332.6594323598356,23.009534303823855,-724.1950386924278,4374.218532381275,47.15747588919034,-1944.627373798116,4528.888711385106
patient_192,984.0,39.36,4.81871357839885,-419.93307378799847,2332.8521809029717,24.864890377253886,46.38390183575076,4375.213127996364,135.04314289783073,2197.14167521601,4534.290437101019
patient_192,985.0,39.4,19.23827837918418,360.4891200196333,2333.621712038139,20.64869081423021,-105.40498907559189,4376.0390756289335,65.01597355521517,-1750.679233565389,4536.891076043228
patient_192,986.0,39.44,10.346133975588877,-222.30361008988257,2334.0355573971624,29.402529113190415,218.8459574740051,4377.215176793461,21.739454830638874,-1081.9129681144072,4537.760654236453
patient_192,987.0,39.48,34.57340339377347,605.6817354546148,2335.4184935329135,32.06686292353852,66.6083452587027,4378.497851310402,100.274201279925,1963.368661232153,4541.771622287651
patient_192,988.0,39.52,34.787366364063296,5.3490742572456895,2336.809988187476,64.51334565242618,811.1620682221915,4381.0783851364995,265.31669547137244,4126.062354786186,4552.3842901065045
patient_192,989.0,39.56,31.51588109086133,-81.7871318300491,2338.0706234311106,71.65124633078804,178.44751695904648,4383.944434989731,53.64109338348367,-5291.890052197219,4554.5299338418445
patient_192,990.0,39.6,26.186769559899826,-133.22778827403764,2339.1180942135065,93.55946582755259,547.7054874191136,4387.686813622833,63.55296850713007,247.7968780911599,4557.072052582129
patient_192,991.0,39.64,14.29728874351258,-297.2370204096812,2339.689985763247,40.695390879267535,-1321.6018737071263,4389.314629258003,66.82199421372815,81.72564266495198,4559.744932350678
patient_192,992.0,39.68,47.513605053439356,830.4079077481694,2341.5905299653846,102.15431387688342,1536.473074940397,4393.400801813079,233.26149930171536,4160.98762719968,4569.075392322747
patient_192,993.0,39.72,62.04589227150821,363.3071804517213,2344.072365656245,133.94031205767752,794.6499545198524,4398.7584142953865,27.5336759834081,-5143.195582957682,4570.176739362083
patient_192,994.0,39.76,39.08477929067938,-574.0278245207207,2345.6357568278722,26.82214979165885,-2677.954056650467,4399.831300287053,94.47632612709468,1673.5662535921645,4573.955792407167
patient_192,995.0,39.8,56.84283277500522,443.95133710814605,2347.9094701388726,37.567537720798576,268.6346982284932,4401.334001795884,10.684948667913034,-2094.784436479541,4574.383190353884
patient_192,996.0,39.84,111.3765819728744,1363.3437299467296,2352.3645334177872,99.24428972947767,1541.9188002169774,4405.303773385063,39.57734561321597,722.3099236325734,4575.966284178412
patient_192,997.0,39.88,35.08009531013376,-1907.412166568516,2353.767737230193,116.87940948658533,440.8779939276915,4409.978949764527,26.181152754554105,-334.90482146654654,4577.013530288594
patient_192,998.0,39.92,58.473153292752535,584.8264495654695,2356.106663361903,107.91427972520432,-224.12824403452518,4414.295520953535,63.27962369278709,927.4617734558246,4579.544715236306
patient_192,999.0,39.96,44.84244261047791,-340.76776705686564,2357.900361066322,35.246343367988736,-1816.6984089303896,4415.705374688255,139.63403480576636,1908.860277824482,4585.130076628537
patient_192,1000.0,40.0,24.333498850043842,-512.7235940108517,2358.873701020324,82.26674474269058,1175.510034367546,4418.996044477963,103.04939804288125,-914.6159190721278,4589.252052550251
patient_192,1001.0,40.04,59.86485174175431,888.2838222927617,2361.268295089994,107.80917240391865,638.5606915307019,4423.30841137412,236.90272749529254,3346.3332363102822,4598.728161650064
patient_192,1002.0,40.08,14.172907516636059,-1142.2986056279562,2361.8352113906594,12.955838325647685,-2371.333351956774,4423.826644907145,52.77398639269758,-4603.218527564874,4600.8391211057715
patient_192,1003.0,40.12,101.39673058568529,2180.595576726231,2365.8910806140866,259.0606694438958,6152.620777956203,4434.189071684901,238.12662180321828,4633.815885263018,4610.364185977901
patient_192,1004.0,40.16,161.56463868861573,1504.197702573261,2372.3536661616313,185.08796427778861,-1849.3176291526793,4441.592590256013,247.4882866880734,234.0416221213779,4620.263717445424
patient_192,1005.0,40.2,134.16502097139153,-684.990442930605,2377.720267000487,398.1847372284036,5327.419323765374,4457.519979745149,254.7987326775872,182.76114973784487,4630.455666752528
patient_192,1006.0,40.24,164.60955759646728,761.1134156268939,2384.3046493043457,176.17817605917045,-5550.164029230828,4464.5671067875155,192.1773268988161,-1565.5351444692776,4638.14275982848
patient_192,1007.0,40.28,146.62512075277672,-449.610921092264,2390.169654134457,193.19696331923328,425.46968150157056,4472.294985320285,207.78823829699047,390.2727849543595,4646.454289360359
patient_192,1008.0,40.32,341.33690872826196,4867.794699387131,2403.823130483587,285.9969272161454,2319.9990974228035,4483.734862408931,315.90471823983825,2702.9119985711945,4659.090478089953
patient_192,1009.0,40.36,170.64270790513936,-4267.355020578065,2410.648838799793,305.14384112367816,478.67284768831837,4495.940616053877,50.94783023035727,-6623.922200237024,4661.128391299168
patient_192,1010.0,40.4,148.9145443008175,-543.2040901080462,2416.6054205718256,173.48610015434272,-3291.4435242333857,4502.880060060052,172.7129376632957,3044.1276858234605,4668.0369088057
patient_192,1011.0,40.44,149.30298615530918,9.711046362291853,2422.577540018038,253.52726046496227,2001.0290077654886,4513.02115047865,165.93572335027068,-169.43035782562532,4674.67433773971
patient_192,1012.0,40.48,47.09902404635216,-2555.0990527239255,2424.4615009798918,166.40145626194442,-2178.1451050754463,4519.677208729128,27.6366429399729,-3457.477010257445,4675.779803457309
patient_192,1013.0,40.52,200.68024868526982,3839.5306159729416,2432.4887109273027,181.4779517630112,376.91238752666936,4526.936326799649,210.4262895810042,4569.741166025783,4684.196855040549
patient_192,1014.0,40.56,148.62768638078825,-1301.3140576120393,2438.433818382534,153.40150417368818,-701.9111897330753,4533.072386966595,180.9813917716472,-736.1224452339251,4691.4361107114155
patient_192,1015.0,40.6,149.45503234504895,20.68364910651752,2444.412019676336,207.18493821810864,1344.5858511105116,4541.35978449532,242.53510998203498,1538.8429552596947,4701.137515110697
patient_192,1016.0,40.64,138.11009253655945,-283.62349521223746,2449.9364233777983,177.8500247140049,-733.3728376025938,4548.47378548388,62.51118586080295,-4500.5981030308,4703.637962545129
patient_192,1017.0,40.68,132.06291354725312,-151.1794747326583,2455.2189399196886,193.25284411916888,385.0704851290999,4556.203899248647,135.7191428700402,1830.1989252309313,4709.066728259931
patient_192,1018.0,40.72,140.32260420967515,206.49226656055077,2460.8318440880753,230.25806500352536,925.1305221089119,4565.414221848788,113.91186764383271,-545.1818806551873,4713.623202965685
patient_192,1019.0,40.76,112.13018874258485,-704.8103866772575,2465.317051637779,139.43675450759315,-2270.5327623983053,4570.991692029092,130.4871472395066,414.38198989184764,4718.842688855265
patient_192,1020.0,40.8,84.89533757463069,-680.871279198854,2468.712865140764,104.13580087643646,-882.5238407789172,4575.157124064149,129.84667499544742,-16.01180610147992,4724.036555855083
patient_192,1021.0,40.84,80.66173598414026,-105.84003976226057,2471.9393345801295,30.07641708730012,-1851.4845947284086,4576.360180747641,53.45695192716411,-1909.7430767070825,4726.174833932169
patient_192,1022.0,40.88,38.440954984001685,-1055.5195250034644,2473.4769727794896,89.20349040936478,1478.1768330516165,4579.928320364015,28.509643451143237,-623.6827119005219,4727.315219670215
patient_192,1023.0,40.92,6.123894740100265,-807.9265060975356,2473.7219285690935,52.91639636892374,-907.1773510110258,4582.044976218773,53.25293266602973,618.5822303721623,4729.445336976856
patient_192,1024.0,40.96,31.24123999811258,627.9336314503079,2474.971578169018,21.20948068069137,-792.6728922058093,4582.893355446,62.680436723888505,235.68760144646942,4731.952554445812
patient_192,1025.0,41.0,21.58759483095166,-241.34112917902303,2475.835081962256,43.5992846648686,559.7450996044307,4584.637326832595,46.39267939886977,-407.19393312546845,4733.808261621766
patient_192,1026.0,41.04,28.74216175584424,178.86417312231453,2476.98476843249,12.555401441170277,-776.097080592458,4585.1395428902415,56.474589396257066,252.04774993468249,4736.067245197616
patient_192,1027.0,41.08,49.51190062049445,519.2434716162553,2478.9652444573094,59.79110822642296,1180.8926696313172,4587.531187219299,124.55159924126484,1701.9252461251945,4741.049309167267
patient_192,1028.0,41.12,66.18838568260641,416.91212655279895,2481.612779884614,59.41818194687513,-9.323156988695835,4589.907914497174,212.89362249743579,2208.5505814042735,4749.565054067164
patient_192,1029.0,41.16,18.84710338103657,-1183.5320575392461,2482.3666640198553,47.65566013144715,-294.0630453856995,4591.814140902432,148.9362592439065,-1598.934081338232,4755.52250443692
patient_192,1030.0,41.2,6.271392237378425,-314.3927785914536,2482.6175197093507,25.30894987775205,-558.6677563423775,4592.826498897542,48.35549602556261,-2514.5190804585973,4757.456724277942
patient_192,1031.0,41.24,28.795386169308816,563.0998482982598,2483.769335156123,30.4531236231207,128.60434363421626,4594.0446238424665,120.69605141922395,1808.5138848415334,4762.284566334712
patient_192,1032.0,41.28,57.16420979830517,709.2205907249089,2486.055903548055,115.64031577461218,2129.679803787287,4598.670236473451,68.3897892300482,-1307.656554729394,4765.020157903913
patient_192,1033.0,41.32,26.589834663911983,-764.3593783598297,2487.119496934612,20.653993531058305,-2374.658056088847,4599.496396214694,50.18287896803468,-455.1727565503379,4767.027473062634
patient_192,1034.0,41.36,16.013230249521143,-264.415110359771,2487.7600261445928,26.13510218489159,137.02771634583212,4600.5418003020895,43.06841620646574,-177.86156903922344,4768.750209710893
patient_192,1035.0,41.4,28.635741268849554,315.56277548321026,2488.905455795347,55.84073974138049,742.6409389122225,4602.775429891745,67.6495045140767,614.5272076902738,4771.456189891456
patient_192,1036.0,41.44,20.23813028998938,-209.94027447150438,2489.7149810069463,48.94692859731653,-172.345278601599,4604.733307035637,35.13220729610124,-812.9324304493864,4772.8614781833
patient_192,1037.0,41.48,27.932027276444558,192.34742466137948,2490.832262098004,52.920220521709446,99.33229810982294,4606.850115856506,31.009013275996477,-103.07985050261914,4774.10183871434
patient_192,1038.0,41.52,41.543718310674564,340.2922758557502,2492.494010830431,21.839741076331933,-777.0119861344378,4607.723705499559,47.90162171090795,422.3152108727869,4776.017903582776
patient_192,1039.0,41.56,29.557485625933847,-299.6558171185179,2493.6763102554683,36.0427400877997,355.0749752866942,4609.165415103071,34.12859127671638,-344.3257608547894,4777.383047233845
patient_192,1040.0,41.6,19.16280280198957,-259.8670705986069,2494.442822367548,55.84354749432664,495.02018516317355,4611.399157002844,37.079746740065076,73.77888658371745,4778.866237103448
patient_192,1041.0,41.64,8.328532058465537,-270.85676858810086,2494.7759636498868,24.563053338070997,-782.0123539063911,4612.381679136367,25.426126703416582,-291.34050091621236,4779.883282171584
patient_192,1042.0,41.68,21.228178103595557,322.49115112825046,2495.6250907740305,34.041879315331684,236.9706494315172,4613.743354308981,31.892012364887428,161.64714153677116,4781.15896266618
patient_192,1043.0,41.72,20.169553425144027,-26.46561696128824,2496.4318729110364,41.57201683198597,188.25343791635714,4615.40623498226,39.483797725621855,189.79463401836068,4782.738314575205
patient_192,1044.0,41.76,27.14983444509189,174.50702549869658,2497.5178662888397,57.88215879299359,407.7535490251906,4617.72152133398,32.31993913576925,-179.09646474631504,4784.031112140636
patient_192,1045.0,41.8,19.59167626736358,-188.95395444320772,2498.301533339534,21.927041483964345,-898.8779327257312,4618.598602993338,19.443928341291343,-321.9002698619478,4784.808869274287
patient_192,1046.0,41.84,7.454218658742422,-303.43644021552893,2498.599702085884,23.06448569063881,28.43610516686166,4619.521182420965,34.806365001344176,384.06091650132083,4786.201123874341
patient_192,1047.0,41.88,8.349833707872856,22.390376228260834,2498.933695434199,39.6732380391436,415.21880871261965,4621.108111942531,67.51137140408483,817.6251600685163,4788.901578730504
patient_192,1048.0,41.92,25.328664678303593,424.4707742607684,2499.946842021331,70.46641030293904,769.829306594886,4623.926768354648,113.8293256344705,1157.9488557596417,4793.454751755883
patient_192,1049.0,41.96,13.185137692274571,-303.58817465072553,2500.474247529022,40.58974622122427,-746.9166020428693,4625.550358203497,58.31862347692566,-1387.767553938621,4795.78749669496
patient_192,1050.0,42.0,6.937673811999577,-156.18659700687485,2500.751754481502,25.99414672357031,-364.8899874413489,4626.59012407244,23.29128701888045,-875.6834114511303,4796.719148175715
patient_192,1051.0,42.04,2.849002391177702,-102.21678552054686,2500.865714577149,43.72934021538077,443.3798372952616,4628.339297681055,32.78235761991181,237.27676502578393,4798.030442480512
patient_192,1052.0,42.08,21.53076804279497,467.04414129043175,2501.7269452988608,33.44434538846296,-257.12487067294524,4629.677071496593,18.88682808997838,-347.38823824833565,4798.785915604111
patient_192,1053.0,42.12,35.001330684287126,336.76406603730385,2503.126998526232,21.43870154650844,-300.14109604886306,4630.534619558453,86.14202011765043,1681.3798006918014,4802.231596408817
patient_192,1054.0,42.16,32.165918894102354,-70.88529475461928,2504.4136352819964,51.3755528006411,748.4212813533165,4632.589641670479,75.39576396920918,-268.6564037110312,4805.247426967585
patient_192,1055.0,42.2,2.6207099254634105,-738.6302242159736,2504.518463679015,38.25456566416263,-328.0246784119619,4634.119824297046,36.34810534106156,-976.1914657036906,4806.701351181228
patient_192,1056.0,42.24,9.319201514671715,167.4622897302076,2504.8912317396016,349.46612771475367,7780.289051264776,4648.098469405636,202.59059598417758,4156.0622660779,4814.804975020595
patient_192,1057.0,42.28,40.916134090978154,789.923314407661,2506.527877103241,119.83618906336432,-5740.748466284734,4652.89191696817,68.2003478354087,-3359.756203719222,4817.532988934011
patient_192,1058.0,42.32,46.015547910272836,127.48534548236705,2508.3684990196516,19.70775797366241,-2503.2107772425475,4653.680227287117,36.53316095757355,-791.6796719458789,4818.994315372314
patient_192,1059.0,42.36,34.80504673532903,-280.2625293735952,2509.760700889065,217.32055759053992,4940.319990421938,4662.373049590739,35.232867035740554,-32.50734804582489,4820.403630053744
patient_192,1060.0,42.4,24.976028515857294,-245.72545548679335,2510.7597420296993,124.70114047587664,-2315.485427866582,4667.361095209774,45.340529622161576,252.69156466052553,4822.2172512386305
patient_192,1061.0,42.44,17.364070168823243,-190.29895867585128,2511.454304836452,136.88343183062935,304.55728386881765,4672.836432483,34.55226068492577,-269.7067234308951,4823.599341666028
patient_192,1062.0,42.48,38.7476380757734,534.5891976737539,2513.004210359483,9.672696189530166,-3180.2683910274795,4673.223340330581,42.13368314545531,189.53556151323846,4825.2846889918455
patient_192,1063.0,42.52,30.448370594650964,-207.48168702806095,2514.222145183269,2.051599307763063,-190.5274220441776,4673.3054043028915,31.36559571994878,-269.2021856376632,4826.539312820643
patient_192,1064.0,42.56,9.187882501729694,-531.5122023230318,2514.589660483338,27.231922524651015,629.5080804221988,4674.394681203877,24.564323994486145,-170.03179313656585,4827.521885780423
patient_192,1065.0,42.6,38.61153109366487,735.5912147983794,2516.1341217270847,36.65121039360183,235.48219672377036,4675.8607296196205,20.16478938594193,-109.98836521360538,4828.328477355861
patient_192,1066.0,42.64,15.801027720929012,-570.2625843183964,2516.766162835922,39.88672156517552,80.88777928934228,4677.456198482228,43.50221698377764,583.4356899458928,4830.068566035212
patient_192,1067.0,42.68,7.181027117087331,-215.50001509604203,2517.0534039206054,51.25079837196883,284.1019201698327,4679.506230417106,33.36421544160099,-253.45003855441632,4831.403134652876
patient_192,1068.0,42.72,41.67018937262843,862.2290563885274,2518.7202114955107,52.59979444676775,33.724901869973145,4681.610222194977,17.43840790557907,-398.145188400548,4832.100670969099
patient_192,1069.0,42.76,7.319138221765261,-858.7762787715793,2519.012977024381,60.31154133991256,192.79367232862015,4684.022683848573,39.2978660484896,546.4864535727634,4833.672585611039
patient_192,1070.0,42.8,25.75186233952694,460.818102944042,2520.0430515179623,93.17175656175179,821.5053805459809,4687.749554111044,63.877139564904084,614.4818379103621,4836.227671193636
patient_192,1071.0,42.84,19.209718685650763,-163.55359134690443,2520.8114402653882,97.3227360396619,103.77448694775282,4691.64246355263,106.25560265014904,1059.461577131124,4840.477895299641
patient_192,1072.0,42.88,51.2824804046745,801.8190429755934,2522.8627394815753,60.85032712529273,-911.8102228592294,4694.0764766376415,144.78137045389118,963.1441950935535,4846.269150117797
patient_192,1073.0,42.92,39.09473934269889,-304.69352654939036,2524.426529055283,137.63533723626523,1919.6252527743127,4699.581890127092,242.28111435042175,2437.493597413264,4855.960394691814
patient_192,1074.0,42.96,9.976888520741687,-727.94627054893,2524.825604596113,81.54669346212027,-1402.216094353624,4702.843757865578,160.55465931666146,-2043.1613758440071,4862.38258106448
patient_192,1075.0,43.0,47.67497071215212,942.4520547852607,2526.732603424599,67.640679889468,-347.65033931630677,4705.5493850611565,53.63557436244922,-2672.9771238553058,4864.528004038978
patient_192,1076.0,43.04,18.03882833123524,-740.9035595229219,2527.4541565578484,44.27973621709222,-584.0235918093946,4707.32057450984,37.91711078352311,-392.9615894731528,4866.04468847032
patient_192,1077.0,43.08,17.760805414447333,-6.950572919697695,2528.164588774426,43.203620522625535,-26.902892361667163,4709.048719330745,61.79216910436964,596.8764580211633,4868.516375234494
patient_192,1078.0,43.12,25.190059736288998,185.7313580460416,2529.172191163878,115.83966824397466,1815.9011930337278,4713.682306060505,63.323481515118964,38.28281026873306,4871.0493144951
patient_192,1079.0,43.16,64.27137218812418,977.0328112958794,2531.7430460514024,83.94636218606709,-797.3326514476892,4717.040160547947,101.14330227909558,945.4955190994153,4875.095046586263
patient_192,1080.0,43.2,80.88643437457854,415.37655466135914,2534.978503426386,254.20967734226542,4256.582878904958,4727.208547641638,130.22015572972003,726.9213362656113,4880.303852815452
patient_192,1081.0,43.24,99.5699380299831,467.08759138511414,2538.961300947585,219.63296149164563,-864.4178962654948,4735.993866101304,211.2698180884112,2026.2415589672792,4888.754645538989
patient_192,1082.0,43.28,154.35912986147585,1369.7297957873186,2545.1356661420446,157.10920260814325,-1563.0939720875595,4742.27823420563,305.1255527232401,2346.393365870723,4900.959667647919
patient_192,1083.0,43.32,194.614069524103,1006.3734915656788,2552.9202289230084,192.41691404986028,882.6927860429258,4749.974910767623,676.7481923848798,9290.56599154099,4928.029595343314
patient_192,1084.0,43.36,184.75344755661624,-246.5155491871691,2560.310366825273,302.0160350172085,2739.978024183705,4762.055552168312,392.7245520813751,-7100.591007587616,4943.738577426569
patient_192,1085.0,43.4,158.32905862045942,-660.6097234039204,2566.6435291700914,322.51788005999214,512.5461260695914,4774.956267370712,500.3428825158198,2690.4582608611163,4963.752292727202
patient_192,1086.0,43.44,192.43131418606688,852.5563891401866,2574.340781737534,340.85679943428977,458.4729843574408,4788.590539348083,261.6301133685473,-5967.819228681812,4974.217497261943
patient_192,1087.0,43.48,180.3420070769561,-302.2326777277698,2581.5544620206124,223.6044970275136,-2931.3075601694045,4797.534719229184,354.8556114727778,2330.6374526057625,4988.411721720855
patient_192,1088.0,43.52,129.94332896143737,-1259.966952887968,2586.75219517907,307.8208366086356,2105.4084895280503,4809.847552693529,249.35372348427515,-2637.5471997125665,4998.385870660226
patient_192,1089.0,43.56,136.27822060527046,158.37229109582722,2592.203324003281,334.0793254078999,656.4622199816072,4823.210725709845,305.86050021094815,1412.669418166825,5010.620290668664
patient_192,1090.0,43.6,78.24491222032437,-1450.8327096236524,2595.333120492094,421.8847479033415,2195.135562386041,4840.086115625979,544.7343819898073,5971.8470444714785,5032.409665948257
patient_192,1091.0,43.64,89.92011970956463,291.88018723100663,2598.9299252804767,239.57144090623476,-4557.832674927669,4849.668973262229,260.7875009576946,-7098.672025802817,5042.841165986564
patient_192,1092.0,43.68,70.1166218101868,-495.08744748444576,2601.7345901528843,284.42027569147484,1121.2208696310022,4861.045784289888,563.4279446042495,7566.011091163874,5065.378283770735
patient_192,1093.0,43.72,94.92704854377837,620.2606683397893,2605.5316720946353,151.19903736999643,-3330.5309580369603,4867.093745784688,236.66600538767065,-8169.048480414472,5074.844923986241
patient_192,1094.0,43.76,114.72141795934421,494.85923538914597,2610.120528813009,154.14243123649507,73.58484666246596,4873.259443034147,232.31576930973037,-108.75590194850702,5084.13755475863
patient_192,1095.0,43.8,92.36151091216766,-558.9976761794137,2613.8149892494957,81.62005503419586,-1813.0594050574803,4876.524245235515,115.37132058666455,-2923.6112180766454,5088.7524075820975
patient_192,1096.0,43.84,31.49945986666406,-1521.5512761375899,2615.0749676441624,205.5201097187106,3097.501367112868,4884.745049624264,289.91463481705387,4363.582855759732,5100.348992974779
patient_192,1097.0,43.88,11.063542622195888,-510.8979311117043,2615.51750934905,207.79215025864028,56.80101349824227,4893.056735634609,103.31434173810729,-4665.007326973664,5104.481566644304
patient_192,1098.0,43.92,13.86885704572738,70.13286058828729,2616.0722636308797,173.1920166732845,-865.003339633894,4899.9844163015405,106.98572910960893,91.78468428754094,5108.760995808688
patient_192,1099.0,43.96,15.216891748489935,33.700867569063895,2616.680939300819,33.519116121813646,-3491.8225137867717,4901.325180946413,77.7100055964655,-731.8930878285855,5111.869396032546
patient_192,1100.0,44.0,90.96933548203477,1893.8110933386206,2620.3197127201,47.58162100284311,351.5626220257365,4903.228445786526,31.46422563136443,-1156.144499127527,5113.127965057802
patient_192,1101.0,44.04,54.209612666884105,-918.9930703787664,2622.4880972267756,24.95088096083466,-565.7685010502112,4904.22648102496,124.84133823084446,2334.4278149870006,5118.121618587035
patient_192,1102.0,44.08,24.12267724944674,-752.1733854359342,2623.4530043167533,172.57685407868524,3690.6493279462643,4911.129555188108,171.78017781327705,1173.4709895608148,5124.992825699566
patient_192,1103.0,44.12,32.15567088853126,200.82484097711307,2624.7392311522945,31.686553202273295,-3522.2575219102987,4912.397017316198,101.8181244596596,-1749.0513338404362,5129.065550677953
patient_192,1104.0,44.16,13.864572671092143,-457.277455435978,2625.2938140591386,92.33256720121948,1516.1503499736546,4916.090320004247,40.24292536808652,-1539.3799772893271,5130.675267692676
patient_192,1105.0,44.2,36.5609718367005,567.4099791402091,2626.756252932607,118.439550166085,652.6745741216381,4920.82790201089,115.28475758420086,1876.0458054028586,5135.286657996045
patient_192,1106.0,44.24,46.98784786968292,260.6719008245605,2628.635766847394,110.26429000719963,-204.3815039721341,4925.238473611178,79.69735260847717,-889.6851243930921,5138.474552100383
patient_192,1107.0,44.28,5.686239867754848,-1032.5402000482018,2628.8632164421037,65.69749272929877,-1114.1699319475215,4927.86637332035,26.496648600793158,-1330.0176001921004,5139.534418044415
patient_192,1108.0,44.32,4.947030561652663,-18.48023265255463,2629.06109766457,64.34197365185683,-33.8879769360485,4930.440052266425,105.92511168423437,1985.7115770860305,5143.771422511784
patient_192,1109.0,44.36,15.414767645774463,261.693427103045,2629.677688370401,70.49231597483293,153.75855807440252,4933.259744905418,69.6554628083318,-906.7412218975641,5146.557641024117
patient_192,1110.0,44.4,17.36279704372284,48.70073494870941,2630.37220025215,17.77808528063979,-1317.8557673548287,4933.970868316644,69.0839731952094,-14.287240328060236,5149.320999951926
patient_192,1111.0,44.44,12.663639865691865,-117.47892945077436,2630.8787458467773,43.16968747082275,634.790054754574,4935.6976558154765,44.44995747870907,-615.8503929125083,5151.098998251075
patient_192,1112.0,44.48,22.858526965547554,254.87217749639223,2631.793086925399,52.498956215734374,233.23171862279057,4937.797614064106,149.247876138849,2619.9479665034983,5157.068913296628
patient_192,1113.0,44.52,30.932402957035375,201.84689978719553,2633.030383043681,51.378318547440436,-28.015941707348446,4939.852746806004,175.70348855507626,661.3903104056817,5164.097052838832
patient_192,1114.0,44.56,22.91815888970096,-200.3561016833604,2633.9471093992693,6.155558396603036,-1130.569003770935,4940.098969141868,31.705291291556176,-3599.9549315880026,5165.365264490493
patient_192,1115.0,44.6,13.353865698626562,-239.1073297768599,2634.481264027214,50.08522134398541,1098.2415736845594,4942.102377995627,205.31521663709003,4340.248133638347,5173.577873155977
patient_192,1116.0,44.64,30.868149498570705,437.85709499860366,2635.7159900071565,53.98200844370256,97.4196774929288,4944.261658333376,120.79683418846207,-2112.959561215699,5178.409746523515
patient_192,1117.0,44.68,38.043643898507376,179.38735999841677,2637.2377357630967,80.59605763597544,665.351229806822,4947.485500638814,86.63490752112736,-854.0481666833678,5181.87514282436
patient_192,1118.0,44.72,28.69842401014901,-233.63049720895913,2638.3856727235025,9.23935366336637,-1783.9175993152267,4947.855074785349,57.58979373553839,-726.1278446397241,5184.178734573782
patient_192,1119.0,44.76,23.86725621543158,-120.77919486793576,2639.34036297212,30.321217902770112,527.0466059850936,4949.0679235014595,42.785592194168224,-370.1050385342542,5185.890158261548
patient_192,1120.0,44.8,21.03112167170573,-70.90336359314628,2640.1816078389884,17.688951135928313,-315.806669171045,4949.775481546897,107.08763659643421,1607.5511100566493,5190.173663725406
patient_192,1121.0,44.84,115.7176303387723,2367.162716676664,2644.810313052539,307.48783333906505,7244.972055078418,4962.07499488046,157.924067777226,1270.9107795197951,5196.490626436495
patient_192,1122.0,44.88,91.42981366460913,-607.1954168540792,2648.4675055991233,351.50422486201035,1100.4097880736324,4976.13516387494,214.51960974651584,1414.8885492322456,5205.0714108263555
patient_192,1123.0,44.92,91.55295795764191,3.0786073258195046,2652.129623917429,164.47396826076508,-4675.756415031132,4982.714122605371,438.4795151044161,5598.997633947507,5222.610591430532
patient_192,1124.0,44.96,74.86502932030712,-417.1982159333698,2655.1242250902415,96.52518793604725,-1698.7195081179457,4986.575130122813,116.86586882344321,-8040.341157024323,5227.28522618347
patient_192,1125.0,45.0,117.42163219596806,1063.9150718915237,2659.82109037808,98.21746126858747,42.30683331350562,4990.503828573556,90.51737787452544,-658.7122737229442,5230.90592129845
patient_192,1126.0,45.04,40.583129759959995,-1920.9625609002019,2661.4444155684787,30.146622628299863,-1701.77096600719,4991.709693478688,184.23547039711832,2342.952313064822,5238.275340114335
patient_192,1127.0,45.08,39.09268348274333,-37.26115693041656,2663.0081229077887,73.9391692470268,1094.8136654681732,4994.667260248569,84.9782284741634,-2481.431048073873,5241.674469253302
patient_192,1128.0,45.12,49.906066839618475,270.33458392187856,2665.004365581373,126.06806899487327,1303.2224936961618,4999.709983008364,81.98451235309798,-74.84290302663545,5244.953849747427
patient_192,1129.0,45.16,30.529857446884485,-484.40523481834975,2666.2255598792485,70.85154788602526,-1380.4130277212003,5002.544044923805,69.72042569103417,-306.6021665515955,5247.742666775069
patient_192,1130.0,45.2,21.06188039843751,-236.6994262111744,2667.068035095186,180.21670641635123,2734.1289632581493,5009.752713180459,162.6846032320674,2324.1044385258306,5254.250050904351
patient_192,1131.0,45.24,27.759852193852527,167.44929488537545,2668.1784291829404,173.14682916544965,-176.7469312725396,5016.678586347077,146.9669340587167,-392.94172933376717,5260.128728266701
patient_192,1132.0,45.28,137.3922658338401,2740.8103409996893,2673.674119816294,433.4177273953552,6506.7724557476395,5034.015295442891,408.00346175112554,6525.913192310221,5276.448866736746
patient_192,1133.0,45.32,179.209833086739,1045.4391813224725,2680.8425131397635,289.7456847356555,-3591.8010664924923,5045.605122832317,337.62075956545385,-1759.5675546417922,5289.953697119363
patient_192,1134.0,45.36,203.23730090791545,600.6866955294115,2688.97200517608,361.3098914372971,1789.1051675410395,5060.057518489809,382.279702509604,1116.4735736037542,5305.244885219748
patient_192,1135.0,45.4,185.35911321409597,-446.9546923454871,2696.3863697046445,289.0945802493114,-1805.382779699643,5071.621301699782,401.28712383287524,475.1855330817804,5321.296370173063
patient_192,1136.0,45.44,258.3794638568029,1825.508766067673,2706.7215482589168,436.3877635456111,3682.329582407493,5089.076812241606,403.19143446490546,47.60776580075543,5337.4240275516595
patient_192,1137.0,45.48,321.6709957671177,1582.2882977578702,2719.5883880896013,449.0347485331178,316.17462468766746,5107.038202182931,420.1217493014096,423.2578709126031,5354.228897523716
patient_192,1138.0,45.52,304.9319401023961,-418.4763916180401,2731.785665693697,402.68537878397194,-1158.7342437286466,5123.145617334289,304.45537731890414,-2891.659299562636,5366.407112616472
patient_192,1139.0,45.56,288.7511710815376,-404.5192255214616,2743.335712536958,328.3469393306723,-1858.4609863324913,5136.279494907517,237.57236678841252,-1672.0752632622905,5375.910007288007
patient_192,1140.0,45.6,302.23338736872495,337.0554071796832,2755.4250480317073,306.95477479740816,-534.804113331603,5148.557685899414,243.97604328190587,160.09191233733375,5385.669049019284
patient_192,1141.0,45.64,217.89703932213328,-2108.4087011647916,2764.140929604593,117.07222637009339,-4747.063710682869,5153.240574954217,191.1303290712003,-1321.1428552676396,5393.314262182132
patient_192,1142.0,45.68,199.84068033635364,-451.40897464449097,2772.134556818047,93.09836277551098,-599.3465898645603,5156.964509465237,195.7637758224649,115.83616878161536,5401.144813215031
patient_192,1143.0,45.72,194.14872186863465,-142.29896169297476,2779.900505692792,183.05219601495483,2248.845830986096,5164.286597305835,189.6717126373978,-152.3015796266776,5408.731681720526
patient_192,1144.0,45.76,140.2471924224023,-1347.538236155809,2785.5103933896885,185.30088538243675,56.21723418704789,5171.6986327211325,138.39983675080208,-1281.7968971648932,5414.267675190557
patient_192,1145.0,45.8,112.65490461944232,-689.8071950739993,2790.0165895744663,168.35378314327954,-423.67755597893006,5178.432784046864,124.05603487987428,-358.5950467731951,5419.229916585752
patient_192,1146.0,45.84,109.06364775413927,-89.7814216325763,2794.379135484632,95.8755403584827,-1811.9560696199212,5182.267805661203,104.21768159634952,-495.9588320881188,5423.398623849606
patient_192,1147.0,45.88,58.47185943447165,-1264.7947079916905,2796.718009862011,61.26499692838951,-865.2635857523297,5184.718405538339,37.654295255174446,-1664.0846585293768,5424.904795659813
patient_192,1148.0,45.92,53.32348461073052,-128.70937059352823,2798.8509492464405,60.896636681480416,-9.209006172727285,5187.154271005598,53.70198589654995,401.19226603438756,5427.052875095675
patient_192,1149.0,45.96,57.48653281786521,104.07620517836733,2801.1504105591553,64.88259373084064,99.64892623400559,5189.749574754832,64.44847022647792,268.66210824819933,5429.630813904734
patient_192,1150.0,46.0,55.91368262390382,-39.32125484903484,2803.386957864111,44.83406712984636,-501.21316502485695,5191.5429374400255,40.94308942571414,-587.6345200190946,5431.268537481763
patient_192,1151.0,46.04,6.763469018270489,-1228.7553401408331,2803.657496624842,57.047745985464154,305.3419713904448,5193.824847279444,38.364274187926895,-64.47038094468115,5432.8031084492795
patient_192,1152.0,46.08,79.34701419579332,1814.588629438071,2806.831377192674,153.11108693390437,2401.5835237110055,5199.9492907568,120.280318733267,2047.9011136335025,5437.61432119861
patient_192,1153.0,46.12,41.591375575146216,-943.8909655161776,2808.4950322156797,96.34461341185526,-1419.1618380512277,5203.803075293275,29.378648191914,-2272.541763533825,5438.7894671262875
patient_192,1154.0,46.16,37.004272398501534,-114.67757941611706,2809.9752031116195,29.116283090017767,-1680.7082580459373,5204.967726616876,61.355236092243736,799.4146975082434,5441.243676569977
patient_192,1155.0,46.2,44.15437428789479,178.75254723483138,2811.7413780831353,104.31408157789554,1879.9449621969443,5209.140289879991,59.23433373226568,-53.02255899945134,5443.613049919267
patient_192,1156.0,46.24,37.72412111493557,-160.75632932398048,2813.250342927733,37.361802265182504,-1673.8069828178259,5210.6347619705975,44.42541760616463,-370.2229031525263,5445.390066623513
patient_192,1157.0,46.28,37.73538354896194,0.28156085065926817,2814.7597582696912,123.4539454413821,2152.30357940499,5215.572919788253,49.534065321390756,127.71619288065317,5447.371429236368
patient_192,1158.0,46.32,50.54389876770292,320.2128804685245,2816.7815142203995,152.903818591414,736.2468287507972,5221.689072531909,96.72142644040389,1179.6840279753283,5451.240286293984
patient_192,1159.0,46.36,47.2993796989555,-81.11297671868556,2818.673489408358,46.538970493831876,-2659.121202439553,5223.550631351663,102.51915742045266,144.9432745012192,5455.341052590803
patient_192,1160.0,46.4,50.53463063222211,80.88127333166533,2820.6948746336466,87.91644777667742,1034.4369320711385,5227.06728926273,111.596067476941,226.9227514122086,5459.80489528988
patient_192,1161.0,46.44,18.266929195625895,-806.6925359149053,2821.4255518014716,18.299799157957438,-1740.4162154679993,5227.799281229048,13.183103007869907,-2460.3241117267776,5460.332219410196
patient_192,1162.0,46.48,23.33315716424804,126.6556992155536,2822.358878088042,82.86818743971094,1614.2097070438374,5231.114008726637,176.99999175146147,4095.422218589789,5467.412219080254
patient_192,1163.0,46.52,37.75717289774151,360.6003933373368,2823.869165003951,38.228916228152485,-1115.9817802889613,5232.643165375763,138.1100678110104,-972.2480985112768,5472.936621792694
patient_192,1164.0,46.56,117.86186700412172,2002.6173526595053,2828.583639684116,51.772127815614475,338.58028968654975,5234.714050488387,234.8786340984043,2419.2141571848474,5482.331767156629
patient_192,1165.0,46.6,165.3097217592683,1186.1963688786648,2835.1960285544865,121.66267234351025,1747.2636131973943,5239.580557382127,134.10412138473987,-2519.3628178416106,5487.695932012019
patient_192,1166.0,46.64,218.33182423107814,1325.5525617952458,2843.92930152373,137.71384392000397,401.2792894123429,5245.0891111389265,85.83472580885933,-1206.7348893970134,5491.129321044373
patient_192,1167.0,46.68,197.06637187130798,-531.6363089942541,2851.811956398582,208.20487241761222,1762.2757124402065,5253.417306035632,126.36267369092074,1013.1986970515353,5496.183827992009
patient_192,1168.0,46.72,222.96357669719896,647.4301206472745,2860.73049946647,242.93361665720096,868.2186059897184,5263.134650701919,360.1919382689941,5845.731614451833,5510.591505522769
patient_192,1169.0,46.76,319.96848617364225,2425.122736911082,2873.529238913416,267.8697723713334,623.4038928533109,5273.8494415967725,386.0439864531072,646.3012046028282,5526.033264980893
patient_192,1170.0,46.8,320.241325196638,6.8209755748938505,2886.3388919212816,224.47175750372446,-1084.9503716902234,5282.828311896921,836.6310593105862,11264.676821436975,5559.498507353316
patient_192,1171.0,46.84,299.58522758472606,-516.4024402977986,2898.3223010246707,652.9180731259551,10711.157890555765,5308.94503482196,296.6101110595176,-13500.523706276716,5571.362911795697
patient_192,1172.0,46.88,26.82964725380944,-6818.889508272915,2899.395486914823,153.1754051972385,-12493.566698217914,5315.072051029851,101.88334748554632,-4868.169089349281,5575.438245695118
patient_192,1173.0,46.92,248.8276142871398,5549.949175833259,2909.348591486308,477.20041748941605,8100.625307304439,5334.160067729427,353.20533595351003,6283.049711699093,5589.566459133258
patient_192,1174.0,46.96,216.14663150961832,-817.0245694380369,2917.994456746693,529.8573686100966,1316.423778017014,5355.354362473831,525.6667769838613,4311.536025758781,5610.593130212613
patient_192,1175.0,47.0,194.41366979642686,-543.3240428297864,2925.77100353855,236.52702346811378,-7333.258628549571,5364.815443412555,511.7808501354138,-347.1481712111867,5631.0643642180285
patient_192,1176.0,47.04,260.8312223169298,1660.4388130125742,2936.2042524312274,663.689472842993,10679.061234371982,5391.363022326275,543.8808314975764,802.4995340540656,5652.819597477932
patient_192,1177.0,47.08,90.92009745937847,-4247.778121438784,2939.841056329603,107.15428326688796,-13913.379739402626,5395.649193656951,185.52330340775296,-8958.938202245587,5660.2405296142415
patient_192,1178.0,47.12,23.489997503692916,-1685.7524988921386,2940.7806562297505,141.28762023018268,853.3334240823681,5401.300698466158,97.93930792927881,-2189.599886961854,5664.158101931413
patient_192,1179.0,47.16,17.79528982518325,-142.36769196274165,2941.492467822758,19.32664685065134,-3049.0243344882833,5402.0737643401835,22.998432512671616,-1873.52188541518,5665.078039231919
patient_192,1180.0,47.2,69.43198059257128,1290.917269184701,2944.269747046461,53.77000345260406,861.0839150488179,5404.224564478288,152.683638614236,3242.1301525391095,5671.185384776489
patient_192,1181.0,47.24,115.86687853172654,1160.8724484788816,2948.9044221877302,138.59452808693968,2120.6131158583903,5409.768345601766,537.5475236903065,9621.597126901765,5692.687285724101
patient_192,1182.0,47.28,10.430626395203983,-2635.906303413064,2949.3216472435383,9.246640043822275,-3233.697201077935,5410.138211203519,39.46840490330674,-12451.977969674996,5694.2660219202335
patient_192,1183.0,47.32,105.06235038978166,2365.7930998644415,2953.5241412591295,125.31054566671796,2901.597640572392,5415.150633030188,214.20977927058118,4368.534359181861,5702.834413091056
patient_192,1184.0,47.36,74.02731952342488,-775.8757716589195,2956.485234040066,84.73768221977758,-1014.3215861735093,5418.540140318979,131.09938523088817,-2077.759850992325,5708.078388500292
patient_192,1185.0,47.4,73.68997588147928,-8.433591048639855,2959.4328330753256,61.177077240622374,-589.0151244788802,5420.987223408604,57.11494776751477,-1849.6109365843354,5710.362986410993
patient_192,1186.0,47.44,56.59403361695767,-427.39855661304045,2961.6965944200037,55.96214136172164,-130.37339697251832,5423.225709063073,34.49515605684791,-565.4947927666715,5711.742792653266
patient_192,1187.0,47.48,28.625831012656302,-699.2050651075341,2962.8416276605103,154.45533113831698,2462.3297444148834,5429.403922308606,169.88773650927456,3384.814511310666,5718.538302113638
patient_192,1188.0,47.52,130.152880415596,2538.1762350734925,2968.047742877134,128.72198600281564,-643.3336283875335,5434.552801748718,498.9994571409079,8227.793015790834,5738.498280399274
patient_192,1189.0,47.56,47.42304558430195,-2068.2458707823516,2969.944664700506,94.6204264255756,-852.538989431001,5438.337618805741,109.69959671377258,-9732.496510678384,5742.886264267825
patient_192,1190.0,47.6,27.262480790881618,-504.0141198355084,2971.0351639321416,46.31247741163192,-1207.698725348592,5440.190117902206,127.4939118984981,444.857879618138,5747.986020743764
patient_192,1191.0,47.64,11.806842078955562,-386.3909677981514,2971.5074376152998,113.68837568994195,1684.3974569577508,5444.7376529298035,39.96492141448859,-2188.224762100238,5749.584617600344
patient_192,1192.0,47.68,26.54973020701123,368.5722032013917,2972.56942682358,113.48893513936923,-4.986013764317931,5449.277210335379,116.59667174353608,1915.7937582261873,5754.248484470085
patient_192,1193.0,47.72,10.862300735049713,-392.1857367990379,2973.0039188529827,21.099940388634472,-2309.7248687683687,5450.121207950924,25.735693226089825,-2271.5244629361564,5755.27791219913
patient_192,1194.0,47.76,33.66051253563095,569.9552950145309,2974.3503393544074,91.2938436925455,1754.8475825977753,5453.772961698626,77.9541475204126,1305.4613573580696,5758.396078099946
patient_192,1195.0,47.8,59.01063841422334,633.7531469648096,2976.710764890977,52.553915322066516,-968.4982092619745,5455.875118311508,188.03465144449714,2752.0125981021133,5765.917464157726
patient_192,1196.0,47.84,27.44801168916422,-789.0656681264779,2977.8086853585432,51.73602841625097,-20.44717264538871,5457.9445594481585,148.7034087208765,-983.2810680905162,5771.86560050656
patient_192,1197.0,47.88,38.70266028453153,281.36621488418285,2979.3567917699243,96.84080449323618,1127.6194019246302,5461.818191627888,219.9084820344631,1780.1268328396652,5780.661939787939
patient_192,1198.0,47.92,46.91087115724578,205.20527181785616,2981.2332266162143,47.585704570690545,-1231.3774980636408,5463.721619810716,439.3419109984706,5485.835724100188,5798.235616227878
patient_192,1199.0,47.96,63.73606827338356,420.62992790344447,2983.7826693471497,184.764861933823,3429.4789340783113,5471.112214288069,78.51777152995611,-9020.603486712862,5801.376327089077
patient_192,1200.0,48.0,88.58112974871442,621.1265368832715,2987.325914537098,218.3214546844071,838.9148187646022,5479.845072475445,593.0068665189457,12862.227374724738,5825.096601749834
patient_192,1201.0,48.04,114.1577969063741,639.4166789414921,2991.8922264133535,29.481070557818033,-4721.009603164726,5481.024315297757,195.7525062661097,-9931.359006320901,5832.926702000479
patient_192,1202.0,48.08,99.18288933184122,-374.37268936332197,2995.859541986627,25.266700970978494,-105.35923967098846,5482.034983336596,138.28140164470443,-1436.7776155351314,5838.457958066267
patient_192,1203.0,48.12,26.857792515416218,-1808.127420410625,2996.9338536872438,20.45536220939147,-120.2834690396756,5482.853197824971,69.9843851808937,-1707.4254115952683,5841.2573334735025
patient_192,1204.0,48.16,104.76496161124916,1947.6792273958235,3001.1244521516933,117.65465095215413,2429.9822185690664,5487.559383863057,151.907268112671,2048.072073294433,5847.33362419801
patient_192,1205.0,48.2,55.821625052949514,-1223.5834139574913,3003.3573171538114,163.7048472857319,1151.254908339444,5494.107577754487,125.44537897483053,-661.5472284460118,5852.351439357003
patient_192,1206.0,48.24,84.86583393336964,726.1052220105032,3006.751950511146,165.5654106186558,46.514083323097566,5500.730194179233,151.38227734564455,648.4224592703505,5858.406730450828
patient_192,1207.0,48.28,69.71370021047585,-378.80334307234483,3009.540498519565,107.41713162094162,-1453.7069749428542,5505.026879444071,108.93920791822406,-1061.0767356855124,5862.764298767557
patient_192,1208.0,48.32,88.88490886974049,479.28021648161587,3013.0958948743546,193.51283410345945,2152.392562062946,5512.7673928082095,184.63087498213454,1892.2916765977623,5870.149533766842
patient_192,1209.0,48.36,72.56832432686616,-407.9146135718581,3015.99862784743,94.3420763857131,-2479.2689429436587,5516.541075863638,114.54178202759574,-1752.22732386347,5874.731205047947
patient_192,1210.0,48.4,98.50920707233186,648.5220686366425,3019.9389961303227,90.47601653607829,-96.65149624087022,5520.16011652508,78.51012328072865,-900.7914686716774,5877.871609979175
patient_192,1211.0,48.44,50.77409075863953,-1193.3779078423083,3021.9699597606686,41.02025207563821,-1236.394111511002,5521.800926608105,34.85015003187191,-1091.4993312214185,5879.26561598045
patient_192,1212.0,48.48,80.63109312122313,746.42505906459,3025.1952034855176,94.35628473986039,1333.4008166055544,5525.5751779977,48.9956521922028,353.6375540082721,5881.225442068139
patient_192,1213.0,48.52,4.738381608484112,-1897.3177878184754,3025.384738749857,103.82727813724692,236.7748349346634,5529.728269123189,23.744091194397008,-631.2890249451448,5882.175205715915
patient_192,1214.0,48.56,5.721780691109942,24.58497706564573,3025.6136099775013,59.5094644197941,-1107.9453429363205,5532.108647699981,30.75424091234362,175.25374294866526,5883.405375352409
patient_192,1215.0,48.6,8.311460878603091,64.74200468732873,3025.946068412645,87.10472015239276,689.8813933149664,5535.592836506077,24.833017153271708,-148.03059397679777,5884.398696038539
patient_192,1216.0,48.64,46.98545839594412,966.8499379335257,3027.825486748483,116.57290325690552,736.704577612819,5540.255752636353,95.26821397964285,1760.8799206592785,5888.209424597724
patient_192,1217.0,48.68,51.40222311649458,110.41911801376152,3029.881575673143,72.92548552788173,-1091.1854432255946,5543.172772057467,35.177595060638794,-1502.2654729751014,5889.61652840015
patient_192,1218.0,48.72,44.34996117382307,-176.30654856678785,3031.6555741200955,46.66656112007649,-656.4731101951312,5545.0394345022705,183.34786646825847,3704.256785190492,5896.95044305888
patient_192,1219.0,48.76,32.9931833368302,-283.91944592482173,3032.975301453569,37.00117293481218,-241.63470463160763,5546.519481419662,112.41528122235452,-1773.3146311475987,5901.447054307774
patient_192,1220.0,48.8,51.7497652438021,468.9145476742976,3035.045292063321,55.923242727933385,473.05174482803005,5548.75641112878,26.65396320720995,-2144.0329503786143,5902.513212836062
patient_192,1221.0,48.84,33.89430359523196,-446.38654121425355,3036.4010642071303,66.98131751401624,276.45186965207137,5551.435663829341,35.23787911749036,214.59789775701017,5903.922728000762
patient_192,1222.0,48.88,36.274490908641184,59.50468283523058,3037.852043843476,178.13695634091,2778.890970672344,5558.561142082978,56.774811491908196,538.423309360446,5906.193720460437
patient_192,1223.0,48.92,60.44279173768052,604.2075207259835,3040.269755512983,74.1412117281746,-2599.893615318385,5561.526790552106,77.34875915150766,514.3486914899868,5909.287670826498
patient_192,1224.0,48.96,24.895423712508506,-888.6842006293004,3041.2655724614833,127.7432473044949,1340.0508894080076,5566.636520444285,6.037952229892099,-1782.7701730403892,5909.529188915693
patient_192,1225.0,49.0,39.003782480551834,352.70896920108316,3042.8257237607054,142.84333165105517,377.50210866400664,5572.350253710328,135.0864801627945,3226.21319832256,5914.932648122206
patient_192,1226.0,49.04,60.091541963686744,527.1939870783727,3045.229385439253,78.85741185594034,-1599.6479948778706,5575.504550184565,61.41068035329716,-1841.8949952374332,5917.389075336338
patient_192,1227.0,49.08,59.252757360781,-20.969615072643677,3047.5994957336843,131.2494029721511,1309.799777905269,5580.754526303452,39.4864726620374,-548.1051922814939,5918.968534242819
patient_192,1228.0,49.12,38.53608255585343,-517.9168701231891,3049.1409390359186,129.54279770582255,-42.665131658213795,5585.936238211684,87.35516480447004,1196.717303560816,5922.462740834998
patient_192,1229.0,49.16,72.54886088644217,850.3194582647185,3052.0428934713764,109.92408938307312,-490.46770806873565,5590.333201787007,24.857330806087823,-1562.4458499595553,5923.457034067242
patient_192,1230.0,49.2,49.89384119130766,-566.3754923783629,3054.0386471190286,118.0486268055192,203.11343556115204,5595.0551468592275,66.61960951042884,1044.0569676085256,5926.121818447659
patient_192,1231.0,49.24,66.00258753272888,402.7186585355306,3056.6787506203377,64.70490932994211,-1333.5929368894274,5597.643343232426,76.74868827819347,253.2269691941156,5929.191765978787
patient_192,1232.0,49.28,51.576899061082514,-360.6422117911592,3058.741826582781,96.6611651306161,798.9063950168496,5601.50978983765,63.19549558244069,-338.82981739381944,5931.719585802085
patient_192,1233.0,49.32,42.1776951686884,-234.9800973098528,3060.4289343895284,21.688510810190582,-1874.316358010638,5602.377330270058,29.86782310244231,-833.1918119999596,5932.914298726183
patient_192,1234.0,49.36,20.97095081524822,-530.1686088360045,3061.2677724221385,80.60738716127919,1472.9719087772153,5605.60162575651,34.15255737846087,107.11835690046402,5934.280401021321
patient_192,1235.0,49.4,38.9602494260436,449.7324652698846,3062.82618239918,35.62389346003344,-1124.5873425311438,5607.026581494911,32.57898042685526,-39.33942379014024,5935.583560238396
patient_192,1236.0,49.44,35.15520778368672,-95.12604105892208,3064.2323907105274,110.96418748492813,1883.5073506223673,5611.465148994308,32.478507939932655,-2.511812173065131,5936.882700555992
patient_192,1237.0,49.48,33.280858492551936,-46.85873227836961,3065.56362505023,83.34358407203739,-690.5150853222686,5614.79889235719,37.555895043932985,126.93467760000826,5938.38493635775
patient_192,1238.0,49.52,42.710906159524825,235.75119167432223,3067.2720612966104,43.43013908719572,-997.8361246210417,5616.536097920678,40.69342959112966,78.43836367991682,5940.012673541396
patient_192,1239.0,49.56,42.15700773906448,-13.847460511508558,3068.9583416061732,81.98014640963325,963.7501830609383,5619.815303777063,73.3300288627491,815.9149817904861,5942.945874695906
patient_192,1240.0,49.6,40.98613187305675,-29.27189665019334,3070.5977868810955,73.03350526040253,-223.66602873076786,5622.736643987479,19.274418307755088,-1351.3902638748505,5943.716851428217
patient_192,1241.0,49.64,23.81748198870149,-429.2162471088814,3071.5504861606437,53.17540994865541,-496.4523827936782,5624.863660385425,20.340444827310257,26.650662988879237,5944.5304692213085
patient_192,1242.0,49.68,32.52180316819804,217.60802948741375,3072.8513582873716,50.044805496807385,-78.26511129620056,5626.865452605297,15.822030481554913,-112.96035864388361,5945.163350440571
patient_192,1243.0,49.72,19.3572044475102,-329.114968017196,3073.6256464652724,185.98198165561908,3398.4294039702922,5634.304731871522,65.18972290513975,1234.1923105896208,5947.770939356777
patient_192,1244.0,49.76,39.05551764040975,492.4578298224887,3075.187867170889,81.10835439057935,-2621.840681625993,5637.549066047144,54.14295368872264,-276.1692304104276,5949.936657504325
patient_192,1245.0,49.8,27.450836232491536,-290.11703519795526,3076.2859006201884,23.188044160766083,-1448.0077557453317,5638.476587813576,53.764327113775984,-9.46566437366645,5952.087230588876
patient_192,1246.0,49.84,45.988736136832465,463.44749760852324,3078.1254500656614,85.34941229507515,1554.0342033577267,5641.890564305379,66.08698233442739,308.06638051628516,5954.730709882254
patient_192,1247.0,49.88,35.13155223659193,-271.4295975060134,3079.530712155125,27.184584738585755,-1454.120688912235,5642.9779476949225,302.3711842410035,5907.105047664403,5966.825557251894
patient_192,1248.0,49.92,63.59284581154331,711.5323393737846,3082.074425987587,46.556693532306454,484.3027198430175,5644.840215436215,179.79551357262548,-3064.3917667094506,5974.017377794799
patient_192,1249.0,49.96,11.448305333294249,-1303.6135119562266,3082.5323582009187,112.77229665150136,1655.3900779798728,5649.351107302275,11.20821846882528,-4214.682377595005,5974.465706533552
patient_192,1250.0,50.0,21.208298477117886,243.99982859559094,3083.380690140003,17.32168920660872,-2386.265186122316,5650.0439748705385,32.61200908160861,535.0947653195833,5975.770186896817
patient_192,1251.0,50.04,25.9324201169582,118.10304099600782,3084.417986944681,37.76797382189622,511.1571153821875,5651.554693823415,60.23896756190167,690.6739620073264,5978.179745599292
patient_192,1252.0,50.08,20.13765898812701,-144.86902822077968,3085.223493304206,58.04445611685623,506.9120573740003,5653.876472068089,50.906552318526806,-233.31038108437153,5980.216007692033
patient_192,1253.0,50.12,21.116599319997185,24.473508296754343,3086.068157277006,118.87724132686148,1520.8196302501312,5658.631561721164,96.3247797148827,1135.4556849088972,5984.068998880629
patient_192,1254.0,50.16,35.969736840667146,371.32843801674903,3087.5069467506323,62.6482565155122,-1405.7246202837318,5661.1374919817845,27.793682425423157,-1713.2774322364885,5985.180746177645
patient_192,1255.0,50.2,77.3553543008886,1034.6404365055366,3090.601160922668,67.4109618063681,119.06763227139763,5663.833930454039,60.79059134132232,824.922722897479,5987.612369831299
patient_192,1256.0,50.24,86.8766960454096,238.0335436130249,3094.0762287644843,157.56808270617967,2253.928022495289,5670.136653762286,53.39790720040024,-184.81710352305197,5989.748286119314
patient_192,1257.0,50.28,65.24078631483565,-540.897743264349,3096.685860217078,67.70255642721034,-2246.638156974233,5672.844756019375,78.63358370475514,630.8919126088724,5992.893629467505
patient_192,1258.0,50.32,86.60878060072075,534.1998571471275,3100.150211441107,95.10452613873856,685.0492427882056,5676.648937064925,193.35210055411773,2867.9629212340647,6000.62771348967
patient_192,1259.0,50.36,59.6800839935362,-673.2174151796137,3102.537414800848,87.76952574269204,-183.3750099011631,5680.159718094632,146.86380704131176,-1162.2073378201492,6006.5022657713225
patient_192,1260.0,50.4,70.34197004748974,266.54715134883844,3105.351093602748,62.89952021681365,-621.7501381469598,5682.675698903305,82.79945526981092,-1601.608794287521,6009.814243982115
patient_192,1261.0,50.44,48.26652778730442,-551.886056504633,3107.28175471424,128.15080195122917,1631.2820433603881,5687.801730981354,70.51042315794747,-307.2258027965862,6012.634660908433
patient_192,1262.0,50.48,77.36662888268103,727.5025273844152,3110.376419869547,123.38959049264612,-119.0302864645762,5692.73731460106,179.4579051034013,2723.6870486363455,6019.812977112569
patient_192,1263.0,50.52,102.02634904032288,616.4930039410465,3114.45747383116,106.80265775263169,-414.67331850036084,5697.009420911165,183.08911567669787,90.78026433241462,6027.136541739637
patient_192,1264.0,50.56,123.14553247607813,527.9795858938812,3119.383295130203,343.11585856121286,5907.830020214529,5710.734055253613,141.81093581204445,-1031.9544966163355,6032.808979172119
patient_192,1265.0,50.6,126.62195386168577,86.91053464019092,3124.4481732846702,96.4971230885959,-6165.468386815423,5714.5939401771575,173.23063069898134,785.4923721734224,6039.738204400079
patient_192,1266.0,50.64,91.34866474115839,-881.8322280131845,3128.102119874317,346.4324839866325,6248.384022450915,5728.451239536622,173.76681527268158,13.404614342505994,6046.688877010985
patient_192,1267.0,50.68,97.27277509920988,148.10275895128734,3131.993030878285,128.08520745649187,-5458.6819132535165,5733.574647834882,111.60698054438815,-1553.995868207336,6051.153156232762
patient_192,1268.0,50.72,81.5584130636782,-392.85905088829196,3135.2553674008323,101.45176752775176,-665.8359982185029,5737.632718535992,119.32888589310633,193.0476337179545,6055.926311668486
patient_192,1269.0,50.76,101.29982893759028,493.53539684780185,3139.3073605583363,168.15576505040985,1667.5999380664525,5744.358949138009,219.79196484238125,2511.576973731873,6064.717990262181
patient_192,1270.0,50.8,157.0587640600548,1393.9733780616134,3145.5897111207387,205.00284591590017,921.1770216372578,5752.559062974645,140.98697328151482,-1970.1247890216607,6070.357469193442
patient_192,1271.0,50.84,140.8591590452151,-404.9901253709926,3151.2240774825473,313.1109931697198,2702.7036813454906,5765.083502701434,246.19161584283526,2630.116064033011,6080.205133827155
patient_192,1272.0,50.88,175.42262765845518,864.0867153310019,3158.2409825888853,328.0252756990671,372.8570632336826,5778.204513729396,316.9485376402912,1768.9230449363984,6092.8830753327675
patient_192,1273.0,50.92,285.8833000491692,2761.5168097678497,3169.676314590852,272.5456372890521,-1386.9909602503753,5789.106339220959,295.0743586705458,-546.854474243635,6104.686049679589
patient_192,1274.0,50.96,210.13117481453446,-1893.8031308658678,3178.0815615834335,200.689107410477,-1796.4132469643773,5797.133903517377,263.0419406967605,-800.8104493446325,6115.207727307459
patient_192,1275.0,51.0,210.04275576749774,-2.2104761759180747,3186.483271814134,362.2117299934839,4038.065564575173,5811.622372717117,239.6254354914037,-585.41263013392,6124.792744727116
patient_192,1276.0,51.04,187.38573625463488,-566.4254878215716,3193.978701264319,92.46320771703716,-6743.713056911169,5815.320901025798,265.433583134418,645.203691075357,6135.410088052492
patient_192,1277.0,51.08,195.74855552397653,209.0704817335414,3201.8086434852785,115.16805565178775,567.6211983687647,5819.92762325187,67.31036615303924,-4953.080424534468,6138.102502698614
patient_192,1278.0,51.12,151.25717216415845,-1112.284583995452,3207.858930371845,134.55192068199034,484.5966257550646,5825.3097000791495,193.57883637035863,3156.711755432985,6145.8456561534285
patient_192,1279.0,51.16,139.7387263649761,-287.961144979559,3213.448479426444,154.21506796874877,491.57868216896077,5831.4783027979,146.6733116619174,-1172.6381177110304,6151.712588619906
patient_192,1280.0,51.2,129.89795684716057,-246.0192379453879,3218.64439770033,87.09069618263275,-1678.1092946529004,5834.961930645205,84.55928809948874,-1552.8505890607169,6155.094960143885
patient_192,1281.0,51.24,79.7300317224402,-1254.1981281180092,3221.8335989692278,54.720026735116114,-809.266736187916,5837.15073171461,117.72815589878918,829.221694982511,6159.804086379837
patient_192,1282.0,51.28,59.43994623261443,-507.25213724564424,3224.2111968185322,90.48431461186551,894.107196918735,5840.770104299084,51.15822837009264,-1664.2481882174138,6161.850415514641
patient_192,1283.0,51.32,11.308643815972996,-1203.2825604160357,3224.6635425711706,24.481720007797936,-1650.0648651016895,5841.7493730993965,16.69423869187274,-861.5997419554974,6162.518185062317
patient_192,1284.0,51.36,55.61896425564251,1107.7580109917378,3226.8883011413964,44.539813033924645,501.45232565316775,5843.530965620753,178.34149601627547,4041.1814331100686,6169.651844902967
patient_192,1285.0,51.4,11.47265237197671,-1103.657797091645,3227.3472072362756,102.4493523755807,1447.7384835414014,5847.628939715776,99.48622637278957,-1971.3817410871475,6173.631293957879
patient_192,1286.0,51.44,51.747283134842355,1006.865769071641,3229.4170985616693,137.40626191840178,873.922738570527,5853.1251901925125,56.235177800278194,-1081.2762143127845,6175.880701069891
patient_192,1287.0,51.48,27.45074795363709,-607.4133795301316,3230.515128479815,72.5339471937343,-1621.807868116687,5856.026548080262,52.154429435745364,-102.01870911332077,6177.966878247322
patient_192,1288.0,51.52,15.74285545649343,-292.69731242859154,3231.1448426980746,39.11044796884568,-835.5874806222156,5857.590965999016,40.28381613895802,-296.76533241968366,6179.578230892879
patient_192,1289.0,51.56,32.895786414935465,428.82327396105086,3232.4606741546722,72.38680459658688,831.90891569353,5860.486438182878,94.6859839456304,1360.0541951668094,6183.365670250705
patient_192,1290.0,51.6,21.197340890436493,-292.4611381124743,3233.3085677902895,65.7501979383322,-165.91516645636693,5863.116446100412,82.11378303102401,-314.3050228651596,6186.6502215719465
patient_192,1291.0,51.64,23.23872790510939,51.0346753668224,3234.238116906494,8.558898666841017,-1429.7824817872797,5863.458802047086,38.08731023148731,-1100.6618199884176,6188.173713981207
patient_192,1292.0,51.68,19.059597803447623,-104.47825254154415,3235.0005008186317,50.29149620845698,1043.314938540399,5865.470461895424,46.02183041779161,198.3630046576076,6190.014587197918
patient_192,1293.0,51.72,33.61910103246763,363.98758072550027,3236.3452648599305,66.65675587742294,409.13149172414904,5868.136732130521,63.66117282510454,440.9835601828233,6192.561034110923
patient_192,1294.0,51.76,19.424110592074374,-354.87476100983145,3237.1222292836137,53.69526873017193,-324.0371786812751,5870.284542879727,49.819727302378794,-346.0361380681437,6194.5538232030185
patient_192,1295.0,51.8,17.88893511750816,-38.37938686415532,3237.837786688314,31.768497172628635,-548.1692889385824,5871.555282766632,4.71498628114347,-1127.6185255308833,6194.742422654264
patient_192,1296.0,51.84,52.11165814674975,855.5680757310396,3239.9222530141838,54.17206244353309,560.0891317726115,5873.722165264375,304.12325297831103,7485.206667429189,6206.907352773397
patient_192,1297.0,51.88,65.95923934905224,346.1895300575623,3242.5606225881456,144.09007532662727,2247.9503220773545,5879.485768277439,258.0384046316776,-1152.1212086658352,6217.228888958664
patient_192,1298.0,51.92,117.60603965343341,1291.1700076095294,3247.264864174283,354.1004050788581,5250.258243805771,5893.649784480593,338.788212777195,2018.745203637934,6230.780417469753
patient_192,1299.0,51.96,117.76148607871967,3.8861606321564324,3251.9753236174315,185.6317114457466,-4211.717340827788,5901.075052938423,138.3256439538999,-5011.564220582377,6236.3134432279085
patient_192,1300.0,52.0,237.9824477843093,3005.524042639741,3261.4946215288037,376.9231659581378,4782.28636280978,5916.151979576749,269.69482086209644,3284.229422704913,6247.101236062392
patient_192,1301.0,52.04,306.89996634290173,1722.937963964811,3273.77062018252,454.8975191576998,1949.358829989049,5934.347880343057,414.29412124661195,3614.982509612888,6263.673000912257
patient_192,1302.0,52.08,212.68346146317452,-2355.4126219931804,3282.277958641047,448.4884889918457,-160.22575414635156,5952.28741990273,566.7382424737716,3811.103030678991,6286.342530611208
patient_192,1303.0,52.12,236.8887327370634,605.1317818472221,3291.7535079505296,527.1455793133011,1966.4272580363856,5973.3732430752625,691.0576657342647,3107.9855815123265,6313.984837240578
patient_192,1304.0,52.16,293.1638252507184,1406.8773128413745,3303.4800609605586,492.2217329582984,-873.0961588750688,5993.062112393594,543.9797993079142,-3676.946660658763,6335.744029212894
patient_192,1305.0,52.2,338.55082244351814,1134.6749298199938,3317.0220938582993,834.8359983889668,8565.35663576671,6026.455552329153,378.21054164427323,-4144.231441591023,6350.872450878665
patient_192,1306.0,52.24,434.49384014778707,2398.5754426067233,3334.4018474642107,265.1864955277044,-14241.23757153156,6037.063012150262,320.7539818739033,-1436.4139942592487,6363.702610153622
patient_192,1307.0,52.28,175.27858076059886,-6480.381484679705,3341.4129906946346,243.89019200265102,-532.4075881263341,6046.818619830367,422.38653683596146,2540.8138740514546,6380.598071627061
patient_192,1308.0,52.32,127.75496011411063,-1188.0905161622056,3346.5231890991986,502.61100772910936,6468.020393161459,6066.923060139532,483.14808114155596,1519.0386076398624,6399.923994872723
patient_192,1309.0,52.36,195.5792509563791,1695.6072710567116,3354.346359137454,325.8209402286184,-4419.751687512275,6079.955897748677,206.30902363942414,-6920.976437553296,6408.176355818299
patient_192,1310.0,52.4,152.71011249065327,-1071.7284616431457,3360.45476363708,180.01046617023147,-3645.261851459673,6087.156316395486,533.5080785754452,8179.976373400526,6429.516678961318
patient_192,1311.0,52.44,154.4789452017,44.22081777616782,3366.6339214451477,152.673326316634,-683.4284963399369,6093.263249448151,269.0080790909831,-6612.499987111553,6440.277002124956
patient_192,1312.0,52.48,288.8006774115347,3358.043305245868,3378.185948541609,292.85908561880643,3504.643982554311,6104.977612872904,226.12936973933063,-1071.9677337913113,6449.322176914529
patient_192,1313.0,52.52,233.00819601291204,-1394.8120349655667,3387.5062763821256,249.88043475613694,-1074.4662715667373,6114.972830263149,179.82885546466295,-1157.512856866692,6456.515331133116
patient_192,1314.0,52.56,64.62490103838546,-4209.5823743631645,3390.0912724236614,90.43079314972053,-3986.24104016041,6118.590061989138,83.45566702061761,-2409.3297111011334,6459.853557813941
patient_192,1315.0,52.6,82.4082406920998,444.5834913428584,3393.3876020513453,51.63259489062161,-969.9549564774729,6120.6553657847635,88.63828732753404,129.56550767291083,6463.399089307042
patient_192,1316.0,52.64,22.581253325612074,-1495.674684162193,3394.2908521843697,55.63016604445484,99.9392788458307,6122.880572426541,85.64160430757302,-74.91707549902564,6466.824753479345
patient_192,1317.0,52.68,1.4651992387646842,-527.9013521711848,3394.34946015392,58.38471614457787,68.86375250307583,6125.215961072325,23.663147391207875,-1549.4614229091287,6467.771279374993
patient_192,1318.0,52.72,29.056487568384437,689.7822082404939,3395.5117196566553,5.206576876981686,-1329.4534816899047,6125.424224147404,85.70102956327483,1550.947054301674,6471.199320557524
patient_192,1319.0,52.76,14.631239722272603,-360.63119615279584,3396.0969692455465,18.48682615230517,332.00623188308714,6126.163697193497,38.79665521492662,-1172.6093587087053,6472.751186766121
patient_192,1320.0,52.8,12.831760910208171,-44.98697030161081,3396.6102396819547,160.73584850857395,3556.225558906719,6132.593131133839,112.97585187238809,1854.4799164365365,6477.2702208410155
patient_192,1321.0,52.84,24.39541209467301,289.09127961162096,3397.586056165742,28.25733695245888,-3311.962788902877,6133.723424611938,27.144656582912607,-2145.7798822368873,6478.356007104332
patient_192,1322.0,52.88,15.538678858818313,-221.4183308963674,3398.2076033200947,6.317672415951705,-548.4916134126794,6133.976131508576,48.44249277267462,532.4459047440503,6480.29370681524
patient_192,1323.0,52.92,17.99616891439941,61.43725138952738,3398.9274500766705,25.63358525259881,482.89782091617764,6135.00147491868,39.22783513182198,-230.3664410213159,6481.862820220512
patient_192,1324.0,52.96,18.592716463402724,14.913688725082874,3399.6711587352065,25.224348803351244,-10.230911231189133,6136.010448870814,27.062717879415196,-304.1279313101697,6482.945328935689
patient_192,1325.0,53.0,14.51444707538084,-101.95673470054709,3400.2517366182224,5.608692170744893,-490.39141581515884,6136.234796557643,41.45395025368894,359.7808093568435,6484.603486945836
patient_192,1326.0,53.04,7.393524648126994,-178.02306068134615,3400.5474776041474,12.722410457354883,177.84295716524974,6136.743692975937,23.021946009679976,-460.800106100224,6485.5243647862235
patient_192,1327.0,53.08,11.271763370503228,96.95596805940585,3400.9983481389672,11.877906224444626,-21.112605822756425,6137.218809224915,5.585140624478129,-435.92013463004616,6485.747770411203
patient_192,1328.0,53.12,4.765301756014446,-162.66154036221957,3401.188960209208,21.395642346944985,237.943403062509,6138.074634918793,10.244992149555346,116.49628812693042,6486.157570097185
patient_192,1329.0,53.16,24.301079560090777,488.39444510190833,3402.1610033916113,14.13492172526476,-181.51801554200563,6138.640031787803,14.21225958392662,99.18168585928187,6486.726060480543
patient_192,1330.0,53.2,33.48653367938768,229.63635298242266,3403.500464738787,6.3522773703004045,-194.5661088741089,6138.894122882614,17.724453598760242,87.80485037084054,6487.435038624493
patient_192,1331.0,53.24,22.213553513442662,-281.8245041486255,3404.3890068793244,29.631035547877204,581.9689544394199,6140.07936430453,18.133711065005826,10.231436656139614,6488.160387067094
patient_192,1332.0,53.28,5.132887678259458,-427.0166458795801,3404.594322386455,100.60491733815046,1774.3470447568313,6144.103560998055,66.3378547002969,1205.1035908822769,6490.813901255106
patient_192,1333.0,53.32,14.346296772253636,230.33522734985445,3405.1681742573455,30.44427667061864,-1754.0160166882956,6145.32133206488,64.74627384482531,-39.78952138678977,6493.403752208899
patient_192,1334.0,53.36,32.1888311853578,446.063360327604,3406.4557275047596,17.517638438342367,-323.16595580690677,6146.022037602414,184.9792818735042,3005.825200716972,6500.80292348384
patient_192,1335.0,53.4,81.32485431187105,1228.4005781628314,3409.7087216772343,127.05203475253026,2738.359907854697,6151.104118992515,264.94689054156737,1999.1902167015794,6511.400799105501
patient_192,1336.0,53.44,118.91533678690013,939.7620618757269,3414.4653351487104,120.62592393065007,-160.65277054700465,6155.929155949741,165.41849726916058,-2488.20983181017,6518.017538996268
patient_192,1337.0,53.48,160.69909722726433,1044.594011009105,3420.8932990378007,211.91077689400444,2282.1213240838592,6164.4055870255015,228.81828806476423,1584.9947698900912,6527.170270518858
patient_192,1338.0,53.52,185.76325169675547,626.6038617372785,3428.323829105671,107.40102152384728,-2612.743884253929,6168.701627886455,196.52171563238062,-807.4143108095903,6535.031139144154
patient_192,1339.0,53.56,194.2087115253231,211.1364957141909,3436.092177566684,370.9820511211208,6589.525739931838,6183.5409099313,249.95417915814423,1335.8115881440901,6545.029306310479
patient_192,1340.0,53.6,215.7592378445362,538.7631579803269,3444.7225470804656,261.99401083120625,-2724.701007247863,6194.020670364548,269.2172918681317,481.57781774968737,6555.797997985205
patient_192,1341.0,53.64,86.0573163756426,-3242.54803672234,3448.1648397354916,75.61144890881899,-4659.564048059681,6197.0451283209,12.07705273298347,-6428.5059783787065,6556.281080094524
patient_192,1342.0,53.68,204.040752337204,2949.5858990390348,3456.3264698289795,201.62137972299107,3150.248270354302,6205.109983509819,271.2339354341849,6478.922067530036,6567.1304375118925
patient_192,1343.0,53.72,89.07265030862466,-2874.2025507144836,3459.889375841324,257.77864844815326,1403.9317181290548,6215.421129447745,219.43068536225607,-1295.0812517982208,6575.9076649263825
patient_192,1344.0,53.76,229.04132250178466,3499.2168048289996,3469.0510287413954,324.8010247816292,1675.559408336899,6228.413170439011,396.9163420022,4437.141415998598,6591.78431860647
patient_192,1345.0,53.8,82.31817564199181,-3668.0786714948213,3472.3437557670754,130.14633205762775,-4866.367318100037,6233.619023721316,166.5947365230406,-5758.040136978984,6598.448108067392
patient_192,1346.0,53.84,53.037529543000815,-732.016152474775,3474.4652569487953,73.24674886162913,-1422.4895798999655,6236.548893675781,77.48754608340472,-2227.679760990897,6601.547609910729
patient_192,1347.0,53.88,52.44215580553385,-14.884343436674108,3476.5629431810166,75.36877503387416,53.05065430612572,6239.563644677136,58.20464563810457,-482.07251113250373,6603.875795736252
patient_192,1348.0,53.92,32.35477058019065,-502.18463063357996,3477.857134004224,52.775160740373366,-564.8403573375198,6241.67465110675,64.91275648397489,167.7027711467579,6606.472305995611
patient_192,1349.0,53.96,30.66034258951802,-42.36069976681583,3479.083547707805,52.302402945321916,-11.818944876286253,6243.766747224564,35.799845429490276,-727.8227763621153,6607.904299812791
patient_192,1350.0,54.0,35.52449872510427,121.60390338965632,3480.504527656809,36.84731964995987,-386.3770823840511,6245.240640010563,47.46227779664882,291.5608091789636,6609.802790924657
patient_192,1351.0,54.04,77.84157185937806,1057.9268283568447,3483.618190531184,93.42089296228399,1414.3393328081029,6248.977475729054,150.26816204041094,2570.147106094053,6615.813517406274
patient_192,1352.0,54.08,40.29775676799933,-938.5953772844683,3485.2301008019044,21.55159099449517,-1796.7325491947204,6249.839539368833,10.264995896137242,-3500.0791536068427,6616.224117242119
patient_192,1353.0,54.12,119.81282142326639,1987.8766163816763,3490.0226136588353,150.9916897566458,3236.0024690537657,6255.8792069591,241.22166734430067,5773.916786204086,6625.872983935891
patient_192,1354.0,54.16,147.74457050237467,698.2937269777071,3495.93239647893,181.40618154574568,760.3622947274971,6263.13545422093,282.39830839549325,1029.4160262798143,6637.168916271711
patient_192,1355.0,54.2,160.24353606992062,312.4741391886488,3502.3421379217266,219.99705088478754,964.7717334760465,6271.9353362563215,198.34490713047097,-2101.335031625557,6645.102712556929
patient_192,1356.0,54.24,305.4640658354814,3630.513244139019,3514.5607005551456,365.74515370108014,3643.702570407315,6286.565142404364,487.22445046971467,7221.988583481092,6664.591690575718
patient_192,1357.0,54.28,80.63823224863356,-5620.645839671196,3517.786229845091,126.43012760530193,-5982.875652394455,6291.622347508577,235.01768147833175,-6305.169224784573,6673.992397834851
patient_192,1358.0,54.32,89.56240350065286,223.10428130048265,3521.3687259851167,211.97834532528975,2138.7054429996956,6300.101481321589,198.33239604379094,-917.1321358635204,6681.925693676602
patient_192,1359.0,54.36,105.95639828095457,409.84986950754273,3525.606981916355,114.3364412338059,-2441.047602287096,6304.674938970941,69.37529436967725,-3223.9275418528423,6684.700705451389
patient_192,1360.0,54.4,112.86706018713046,172.76654765439724,3530.12166432384,113.10290047463494,-30.8385189792741,6309.1990549899265,115.21048509073027,1145.8797680263256,6689.309124855018
patient_192,1361.0,54.44,115.22821255423551,59.02880917762623,3534.7307928260097,94.76866383782358,-458.35591592028385,6312.98980154344,98.06077065851507,-428.74286080538013,6693.231555681359
patient_192,1362.0,54.48,71.70772941671255,-1088.012078438074,3537.599102002678,78.38868757861732,-409.4994064801565,6316.125349046584,30.591322902452724,-1686.7361939015589,6694.4552085974565
patient_192,1363.0,54.52,29.54986124170728,-1053.946704375132,3538.7810964523464,38.163605654299886,-1005.6270481079359,6317.651893272756,5.6610560574038375,-623.2566711262222,6694.681650839753
patient_192,1364.0,54.56,58.644120466651174,727.3564806235973,3541.1268612710123,113.20351894325965,1875.9978322239942,6322.180034030486,89.80157629929133,2103.513006047187,6698.2737138917255
patient_192,1365.0,54.6,75.79094391986402,428.67058633032116,3544.1584990278075,84.07791758271891,-728.1400340135185,6325.543150733794,30.998912789067347,-1470.0665877555996,6699.513670403288
patient_192,1366.0,54.64,103.4350583609968,691.1028610283197,3548.295901362247,30.386007372108264,-1342.297755265266,6326.758591028679,45.99430677454501,374.88484963694157,6701.35344267427
patient_192,1367.0,54.68,21.654213525930967,-2044.521120876646,3549.1620699032846,71.97368243622886,1039.6918766030146,6329.6375383261275,101.4581724460863,1386.5966417885322,6705.411769572113
patient_192,1368.0,54.72,38.52721159144414,421.82495163782943,3550.7031583669423,78.32756224252056,158.84699515729253,6332.770640815828,56.98528381099684,-1111.8222158772364,6707.691180924553
patient_192,1369.0,54.76,22.60333386307719,-398.09694320917384,3551.607291721465,65.06229000425712,-331.6318059565859,6335.373132415998,21.682883715031913,-882.5600023991232,6708.558496273155
patient_192,1370.0,54.8,71.76494861855952,1229.040368887058,3554.4778896662074,73.8504490032428,219.703974974642,6338.327150376128,125.06937330099325,2584.6622396490334,6713.561271205194
patient_192,1371.0,54.84,121.17249166133715,1235.1885760694408,3559.3247893326607,55.43097738018042,-460.48679057655943,6340.544389471336,122.90789116060023,-54.03705350982548,6718.477586851618
patient_192,1372.0,54.88,102.56772512018088,-465.11916352890665,3563.427498337468,346.6478745182664,7280.42242845215,6354.410304452067,221.78374630446137,2471.896378596529,6727.348936703796
patient_192,1373.0,54.92,17.52628259555604,-2126.036063115621,3564.1285496412906,50.73750481165379,-7397.759242665316,6356.439804644533,49.6917326832047,-4302.3003405314175,6729.336606011126
patient_192,1374.0,54.96,126.0615144242187,2713.3807957165664,3569.171010218259,154.94602130319652,2605.212912288568,6362.637645496661,118.26588068490156,1714.3537000424217,6734.067241238521
patient_192,1375.0,55.0,107.67563052611587,-459.64709745257085,3573.478035439304,50.72600261184436,-2605.500467283804,6364.666685601134,27.028666156775575,-2280.9303632031497,6735.148387884792
patient_192,1376.0,55.04,149.9566937811936,1057.026581376943,3579.476303190552,131.568597347364,2021.064868387991,6369.929429495029,212.82895154390775,4645.007134678304,6743.661545946548
patient_192,1377.0,55.08,188.98697171685885,975.7569483916313,3587.035782059226,273.4046248456923,3545.9006874582074,6380.8656144888555,316.91956221799387,2602.265266852153,6756.338328435268
patient_192,1378.0,55.12,141.81687104224935,-1179.2525168652376,3592.708456900916,290.6936782293539,432.22633459154025,6392.49336161803,342.09592534887344,629.4090782719891,6770.0221654492225
patient_192,1379.0,55.16,193.06239068117426,1281.137990973123,3600.430952528163,201.73542112614695,-2223.956427580174,6400.562778463076,193.82813215044746,-3706.6948299606493,6777.775290735241
patient_192,1380.0,55.2,124.93536036089878,-1703.175758006887,3605.428366942599,385.0974146585461,4584.049838309978,6415.966675049418,495.7173538620937,7547.230542791156,6797.603984889724
patient_192,1381.0,55.24,50.70515890312123,-1855.755036444439,3607.4565732987235,225.69184384384,-3985.1392703676524,6424.994348803172,222.86513735413584,-6821.305412698947,6806.518590383889
patient_192,1382.0,55.28,88.8643892059781,953.9807575714217,3611.0111488669627,180.86152567626442,-1120.7579541893892,6432.228809830222,221.4480107776689,-35.42816441167318,6815.376510814996
patient_192,1383.0,55.32,85.1563706044353,-92.7004650385701,3614.4174036911404,66.38333884548172,-2861.9546707695677,6434.884143384042,127.30186346701707,-2353.6536827662962,6820.468585353678
patient_192,1384.0,55.36,6.460730349197048,-1967.3910063809562,3614.675832905108,45.80731214934425,-514.4006674034367,6436.716435870016,50.60819026721381,-1917.3418299950818,6822.492912964366
patient_192,1385.0,55.4,47.01676161596885,1013.900781669295,3616.556503369747,86.1050349980118,1007.4430712166888,6440.160637269936,53.809500523538205,80.03275640810995,6824.645292985308
patient_192,1386.0,55.44,14.725685206320707,-807.2769102412037,3617.1455307779997,44.81391718741121,-1032.277945265015,6441.9531939574335,37.45386500307211,-408.89088801165235,6826.14344758543
patient_192,1387.0,55.48,14.91784192025668,4.803917848399353,3617.7422444548097,65.02532538548274,505.28520495178844,6444.554206972852,54.60478740574195,428.77306006674604,6828.327639081661
patient_192,1388.0,55.52,20.739242461436103,145.53501352948555,3618.571814153267,75.85557922469971,270.75634598042416,6447.58843014184,33.147374694793854,-536.4353177737024,6829.653534069453
patient_192,1389.0,55.56,15.86589884196182,-121.83359048685705,3619.206450106946,46.757143785991644,-727.4608859677016,6449.458715893281,6.101297465799429,-676.1519307248606,6829.897585968084
patient_192,1390.0,55.6,9.273404205677716,-164.81236590710262,3619.577386275173,44.320249549043844,-60.922355923695015,6451.231525875242,60.89788676010506,1369.9147323576408,6832.333501438488
patient_192,1391.0,55.64,24.468441086027052,379.8759220087334,3620.556123918614,68.1454215610608,595.6293003004239,6453.957342737685,80.58180969564057,492.09807338838783,6835.5567738263135
patient_192,1392.0,55.68,35.59724704701258,278.2201490246382,3621.9800138004944,152.16006300295857,2100.366036047444,6460.0437452578035,147.360986442608,1669.479418674186,6841.451213284017
patient_192,1393.0,55.72,38.94489717795072,83.69125327345355,3623.5378096876125,47.37079363470705,-2619.731734206288,6461.938577003191,57.802914875742026,-2238.9517891716496,6843.763329879047
patient_192,1394.0,55.76,14.91935208453433,-600.6386273354098,3624.1345837709937,44.81837317535595,-63.81051148377743,6463.731311930206,10.129501535296905,-1191.835333511128,6844.1685099404585
patient_192,1395.0,55.8,48.69977891531937,844.510670769626,3626.0825749276064,3.0377151574161547,-1044.516450448495,6463.852820536503,16.58825539086486,161.46884638919886,6844.832040156093
patient_192,1396.0,55.84,48.49041206513019,-5.234171254729603,3628.022191410212,47.0190451067288,1099.5332487328162,6465.733582340771,13.805544174421819,-69.567780411076,6845.38426192307
patient_192,1397.0,55.88,47.061953181512635,-35.71147209043879,3629.9046695374727,39.3202129848941,-192.47080304586746,6467.306390860167,30.545436235632327,418.4973015302627,6846.6060793724955
patient_192,1398.0,55.92,25.35449124264428,-542.6865484717089,3630.9188491871782,32.45080878365537,-171.73510503096824,6468.604423211513,59.284827489365185,718.4847813433214,6848.977472472071
patient_192,1399.0,55.96,11.647283765264847,-342.6801869344858,3631.384740537789,41.18054749469949,218.24346777610302,6470.251645111301,111.80266142971583,1312.945848508766,6853.44957892926
patient_192,1400.0,56.0,60.7812232899748,1228.3484881177487,3633.815989469388,648.2092213297311,15175.716845875791,6496.18001396449,87.72696823694733,-601.8923298192125,6856.958657658737
patient_192,1401.0,56.04,17.686265008204145,-1077.3739570442663,3634.5234400697163,55.806583827763596,-14810.065937549189,6498.412277317601,128.95172101887755,1030.6188195482555,6862.116726499492
patient_192,1402.0,56.08,18.899381377013665,30.32790922023798,3635.2794153247964,594.333727539164,13463.17859278501,6522.185626419168,99.7381180498658,-730.3400742252936,6866.106251221487
patient_192,1403.0,56.12,108.2174898832946,2232.9527126570233,3639.608114920128,108.16103610264264,-12154.317285913034,6526.512067863274,160.87762619935697,1528.4877037372792,6872.541356269461
patient_192,1404.0,56.16,186.43514742338755,1955.4414385023235,3647.0655208170633,398.80692430428076,7266.147205040953,6542.464344835445,319.0740652006613,3954.910975032609,6885.304318877487
patient_192,1405.0,56.2,4.796346306791386,-4540.970027914905,3647.257374669335,96.58825079818759,-7555.46683765233,6546.327874867373,48.567243523297016,-6762.670541934108,6887.247008618419
patient_192,1406.0,56.24,122.9309186162521,2953.3643077365177,3652.174611413985,104.52348258003089,198.38079454608248,6550.508814170574,209.14412582225742,4014.42205747401,6895.61277365131
patient_192,1407.0,56.28,71.38573954607365,-1288.6294767544612,3655.0300409958286,69.20827461951545,-882.8801990128859,6553.2771451553535,103.52941314925366,-2640.367816825094,6899.75395017728
patient_192,1408.0,56.32,85.25962668131324,346.8471783809896,3658.4404260630813,78.44555181742003,230.93192994761438,6556.414967228051,62.89967714461632,-1015.7434001159335,6902.269937263065
patient_192,1409.0,56.36,49.147683837431295,-902.7985710970486,3660.4063334165785,48.44684813583586,-749.9675920396041,6558.352841153484,66.88877686401516,99.72749298497092,6904.945488337626
patient_192,1410.0,56.4,29.07804922299453,-501.74086536091914,3661.5694553854987,22.376100562852507,-651.7686893245838,6559.247885175999,34.65875888226276,-805.75044954381,6906.331838692916
patient_192,1411.0,56.44,27.190529260116943,-47.18799907193967,3662.657076555903,30.035971392072568,191.49677073050154,6560.4493240316815,11.873668027899695,-569.6272713590765,6906.806785414032
patient_192,1412.0,56.48,17.762619644214283,-235.6977403975665,3663.3675813416717,22.487640577188564,-188.7082703721001,6561.348829654769,29.954820759034874,452.0288182783794,6908.004978244393
patient_192,1413.0,56.52,19.979075842106855,55.41140494731431,3664.166744375356,13.891581293107597,-214.90148210202418,6561.904492906494,15.425867749334438,-363.2238252425109,6908.622012954367
patient_192,1414.0,56.56,16.640104403475583,-83.47428596578182,3664.8323485514948,15.390158386823341,37.46442734289359,6562.520099241967,19.102416906983592,91.91372894122884,6909.386109630646
patient_192,1415.0,56.6,41.80787578496929,629.1942845373427,3666.5046635828935,56.456786922028805,1026.6657133801366,6564.778370718847,24.699011347069607,139.9148610021504,6910.374070084529
patient_192,1416.0,56.64,89.1598711826519,1183.799884942065,3670.0710584301996,55.4893394239715,-24.186187451432595,6566.9979442958065,184.19674360019178,3987.443306328054,6917.7419398285365
patient_192,1417.0,56.68,77.01094013493335,-303.7232761929637,3673.151496035597,84.27045421082506,719.5278696713391,6570.368762464239,77.95250290441948,-2656.106017394308,6920.860039944714
patient_192,1418.0,56.72,65.33623866352453,-291.8675367852206,3675.764945582138,74.88038058846625,-234.75184055897031,6573.363977687778,60.344479545044244,-440.2005839843808,6923.273819126516
patient_192,1419.0,56.76,28.278296453667746,-926.4485552464193,3676.896077440285,72.82385400464536,-51.41316459552243,6576.276931847964,42.199763878171254,-453.61789167182474,6924.961809681642
patient_192,1420.0,56.8,34.47837804433793,155.0020397667546,3678.2752125620586,42.53655830149841,-757.1823925786737,6577.978394180024,53.30147684831252,277.5428242535316,6927.0938687555745
patient_192,1421.0,56.84,12.055561846821648,-560.5704049379071,3678.7574350359314,33.539522824597974,-224.9258869225109,6579.319975093008,56.90276217328498,90.03213312431146,6929.369979242507
patient_192,1422.0,56.88,7.3394854530635545,-117.90190984395235,3679.051014454054,17.499404605521075,-401.00295547692247,6580.019951277229,47.47409781068606,-235.7166090649729,6931.268943154934
patient_192,1423.0,56.92,30.70503508738881,584.1387408581314,3680.2792158575494,25.886316387032526,209.67279453778627,6581.05540393271,19.738378430071982,-693.3929845153519,6932.058478292137
patient_192,1424.0,56.96,16.58778657813232,-352.9312127314123,3680.942727320675,24.04810127321701,-45.95537784538788,6582.017327983639,30.70716726807417,274.2197209500547,6933.2867649828595
patient_192,1425.0,57.0,16.73776624036076,3.749491555710982,3681.6122379702892,13.920179084166614,-253.19805472625993,6582.574135147006,7.702442684842955,-575.1181145807803,6933.594862690254
patient_192,1426.0,57.04,19.995194616594443,81.43570940584209,3682.4120457549534,24.02339969796404,252.5805153449357,6583.535071134925,43.36979655548344,891.683846766012,6935.329654552474
patient_192,1427.0,57.08,30.055491600213337,251.50742459047234,3683.614265418962,33.00694638644482,224.58866721201937,6584.8553489903825,33.98309585929398,-234.66751740473643,6936.688978386845
patient_192,1428.0,57.12,32.49730360357375,61.04530008401028,3684.914157563105,47.57196836663728,364.12554950481154,6586.758227725048,15.578922151608058,-460.1043426921481,6937.3121352729095
patient_192,1429.0,57.16,39.395617913771964,172.4578577549554,3686.489982279656,47.80188220819461,5.747846038933346,6588.670303013376,72.00805581609511,1410.7283416121763,6940.192457505553
patient_192,1430.0,57.2,64.00816487637708,615.3136740651279,3689.050308874711,58.33512622769601,263.3311004875349,6591.003708062484,15.94575412006071,-1401.5575424008598,6940.830287670356
patient_192,1431.0,57.24,50.93578527594873,-326.8094900107087,3691.0877402857486,60.6490155956446,57.84723419871476,6593.42966868631,52.17729718825222,905.7885767047876,6942.917379557886
patient_192,1432.0,57.28,28.279381740064785,-566.4100883970987,3692.2189155553515,67.24046876149006,164.7863291461366,6596.119287436769,41.879992130375655,-257.43262644691407,6944.592579243102
patient_192,1433.0,57.32,45.69731420737231,435.4483116826881,3694.0468081236463,59.348486130948736,-197.2995657635332,6598.493226882007,50.74502649412283,221.62585909367945,6946.622380302866
patient_192,1434.0,57.36,66.23786476342187,513.513763901239,3696.6963227141828,49.812146634948384,-238.4084874000088,6600.485712747404,91.74992981150092,1025.122582934452,6950.292377495327
patient_192,1435.0,57.4,12.034205447277246,-1355.0914829036155,3697.177690932074,76.6712466889628,671.4775013503603,6603.552562614962,57.79935238247593,-848.7644357256247,6952.604351590626
patient_192,1436.0,57.44,37.90420252739932,646.7499270030519,3698.6938590331697,56.76751227872259,-497.5933602560051,6605.823263106111,42.97145972017946,-370.69731655741174,6954.323209979433
patient_192,1437.0,57.48,26.923423462830723,-274.51947661421497,3699.7707959716827,107.43536345654819,1266.69627944564,6610.120677644373,55.88173587217079,322.75690379978334,6956.558479414319
patient_192,1438.0,57.52,14.591849965833404,-308.28933742493297,3700.3544699703157,40.45388773853397,-1674.5368929503557,6611.738833153914,81.0042217301734,628.0621464500651,6959.798648283526
patient_192,1439.0,57.56,56.56101218348905,1049.229055441391,3702.616910457655,98.81264661010779,1458.9689717893455,6615.691339018318,58.44809708420334,-563.9031161492514,6962.136572166894
patient_192,1440.0,57.6,80.80678132985271,606.1442286590916,3705.8491817108497,36.35202773859528,-1561.5154717878127,6617.145420127861,100.04847835817407,1040.0095318492681,6966.138511301221
patient_192,1441.0,57.64,125.33464286171584,1113.1965382965782,3710.8625674253185,51.25592502485376,372.59743215646193,6619.195657128856,104.8582117131228,120.24333387371833,6970.332839769745
patient_192,1442.0,57.68,196.0005923681261,1766.6487376602565,3718.7025911200435,254.79015016251955,5088.355628441645,6629.387263135357,185.92500544494112,2026.6698432954581,6977.769839987543
patient_192,1443.0,57.72,207.4014185854448,285.0206554329674,3726.9986478634614,234.87538119092753,-497.8692242898006,6638.782278382994,200.64374224483106,367.9684199972485,6985.7955896773365
patient_192,1444.0,57.76,192.51197187472388,-372.2361677680226,3734.6991267384506,189.66737848884912,-1130.20006755196,6646.368973522548,172.15900358683254,-712.118466449963,6992.68194982081
patient_192,1445.0,57.8,206.61126183267876,352.482248948872,3742.9635772117576,569.5883726895082,9498.024855016478,6669.152508430128,373.2008738866425,5026.046757495249,7007.609984776275
patient_192,1446.0,57.84,196.78695910612313,-245.60756816389073,3750.8350555760026,227.48932757520393,-8552.476127857608,6678.252081533136,301.92633609132173,-1781.8634448830196,7019.687038219929
patient_192,1447.0,57.88,185.49557816962187,-282.2845234125317,3758.254878702787,275.84156468261165,1208.805927685193,6689.2857441204405,255.8128729733347,-1152.836577949676,7029.919553138861
patient_192,1448.0,57.92,135.4032341647479,-1252.3086001218494,3763.6710080693774,110.76060782038574,-4127.023921555648,6693.716168433256,189.8764428865338,-1648.4107521700225,7037.514610854323
patient_192,1449.0,57.96,80.7760586199953,-1365.6793886188148,3766.902050414177,109.68026212201266,-27.008642459326992,6698.103378918136,288.57814543415435,2467.542563690514,7049.057736671689
patient_192,1450.0,58.0,43.17540212377,-940.0164124056324,3768.6290664991284,135.26119890269106,639.52341951696,6703.513826874243,103.4918608692408,-4627.15711412284,7053.197411106459
patient_192,1451.0,58.04,41.74044429473828,-35.87394572579292,3770.298684270918,193.82323609019025,1464.0509296874798,6711.266756317851,37.50354008688813,-1649.7080195588169,7054.697552709935
patient_192,1452.0,58.08,74.16970159883724,810.7314326024739,3773.2654723348714,41.96299335870887,-3796.5060682870344,6712.945276052199,79.31544799004783,1045.2976975789925,7057.870170629537
patient_192,1453.0,58.12,84.27658111145495,252.67198781544272,3776.6365355793296,38.50970067639786,-86.33231705777521,6714.485664079254,59.78569875697919,-488.24373082671605,7060.261598579816
patient_192,1454.0,58.16,99.39457543783773,377.94985815956966,3780.6123185968427,146.97954463114735,2711.746098868737,6720.3648458645,141.93728680065863,2053.789701091986,7065.939090051842
patient_192,1455.0,58.2,85.96249740496113,-335.80195082191506,3784.0508184930413,151.97309388608144,124.83873137335237,6726.443769619943,90.01020446430259,-1298.1770584089008,7069.539498230414
patient_192,1456.0,58.24,108.80187150278923,570.9843524457025,3788.402893353153,22.61653648468322,-3233.9139350349556,6727.348431079331,110.10135634410777,502.27879699512954,7073.943552484178
patient_192,1457.0,58.28,141.91022439530389,827.7088223128665,3794.0793023289652,268.2056803196002,6139.728595872925,6738.076658292115,160.52502085319014,1260.5916127270593,7080.364553318305
patient_192,1458.0,58.32,125.41058165284498,-412.49106856147256,3799.0957255950793,177.88824474005062,-2257.93588948874,6745.192188081717,637.2050534715776,11917.000815459685,7105.852755457168
patient_192,1459.0,58.36,178.86427380561182,1336.3423038191709,3806.2502965473036,239.33741678555478,1536.229301137604,6754.76568475314,223.82182998074447,-10334.580587270826,7114.805628656398
patient_192,1460.0,58.4,159.40024651562396,-486.6006822496963,3812.6263064079285,270.3084764783454,774.2764923197661,6765.578023812273,253.71890075028935,747.426769238622,7124.95438468641
patient_192,1461.0,58.44,141.21141666436887,-454.72074628137733,3818.2747630745034,249.00104379939617,-532.6858169737313,6775.538065564249,227.48956582191545,-655.7333732093475,7134.053967319287
patient_192,1462.0,58.48,114.49994559807843,-667.786776657261,3822.8547608984263,44.8904979026959,-5102.763647417507,6777.333685480357,129.3292742372635,-2454.0072896162987,7139.2271382887775
patient_192,1463.0,58.52,97.4799060122294,-425.5009896462255,3826.753957138915,97.70936580092528,1320.4716974557346,6781.242060112394,170.32426857628388,1024.8748584755099,7146.040109031829
patient_192,1464.0,58.56,84.98777053687812,-312.30338688378225,3830.153467960391,48.9784807871105,-1218.2721253453697,6783.201199343878,26.73562958409286,-3589.7159748047757,7147.109534215193
patient_192,1465.0,58.6,45.12900424544359,-996.4691572858632,3831.958628130209,22.808253593737273,-654.2556798343306,6784.1135294876285,39.98473577517927,331.2276547771602,7148.7089236462
patient_192,1466.0,58.64,8.18714783762749,-923.5464101954025,3832.286114043714,7.026146659539148,-394.55267335495313,6784.39457535401,31.23053706268015,-218.85496781247795,7149.958145128708
patient_192,1467.0,58.68,13.908121835033441,143.02434993514876,3832.842438917115,39.34453520891485,807.9597137343924,6785.968356762367,34.76898821164129,88.4612787240286,7151.348904657173
patient_192,1468.0,58.72,2.376393804901319,-288.29320075330304,3832.937494669311,14.245481440580933,-627.4763442083479,6786.538176019991,28.091325059511774,-166.94157880323797,7152.472557659553
patient_192,1469.0,58.76,14.924516444683292,313.7030659945493,3833.534475327098,29.963304705938246,392.9455816339328,6787.736708208228,25.40872172440408,-67.06508337769233,7153.48890652853
patient_192,1470.0,58.8,15.714910025325475,19.759839516054576,3834.1630717281114,57.655683287882674,692.3094645486107,6790.042935539744,35.25853328252988,246.245288953145,7154.89924785983
patient_192,1471.0,58.84,25.89113804345032,254.40570045312109,3835.198717249849,29.17870433480717,-711.9244738268876,6791.210083713136,74.1323110798809,971.8444449337757,7157.864540303026
patient_192,1472.0,58.88,67.50234335330767,1040.2801327464338,3837.898810983981,87.28697139322277,1452.70667646039,6794.701562568865,28.67708357667362,-1136.380687580182,7159.011623646093
patient_192,1473.0,58.92,82.7087496969066,380.1601585899732,3841.2071609718573,109.50670238354644,555.4932747580917,6799.081830664206,107.87283355646498,1979.893749494784,7163.326536988352
patient_192,1474.0,58.96,58.56032126331584,-603.7107108397688,3843.54957382239,31.267650691263835,-1955.976292307065,6800.332536691857,109.25010846641273,34.43187274869359,7167.696541327009
patient_192,1475.0,59.0,20.82320866629194,-943.4278149255975,3844.3825021690413,51.2411666312558,499.33789849979917,6802.382183357107,73.8574461045604,-884.8165590463083,7170.6508391711905
patient_192,1476.0,59.04,35.35183527193685,363.2156651411227,3845.796575579919,146.7481344211475,2387.674194747293,6808.252108733953,120.98234210033073,1178.1223998942583,7175.490132855204
patient_192,1477.0,59.08,41.54030856517033,154.71183233083696,3847.4581879225257,104.4084224385087,-1058.4927995659705,6812.428445631494,93.16202251689232,-695.5079895859601,7179.216613755879
patient_192,1478.0,59.12,17.413022182603168,-603.182159564179,3848.15470880983,152.46726131714897,1201.4709719660068,6818.52713608418,76.6199476139734,-413.55187257297314,7182.281411660439
patient_192,1479.0,59.16,28.295843217036083,272.0705258608229,3849.2865425385116,128.1044950462772,-609.069156771794,6823.651315886032,78.85727576776713,55.933203844843504,7185.435702691149
patient_192,1480.0,59.2,60.83445816978519,813.4653738187275,3851.7199208653033,17.47354205781445,-2765.773824711569,6824.350257568344,24.214800941892303,-1366.0618706468706,7186.404294728825
patient_192,1481.0,59.24,90.8882641322879,751.3451490625679,3855.3554514305947,154.23761667173565,3419.10186534803,6830.519762235214,30.298583062462267,152.0945530142491,7187.616238051323
patient_192,1482.0,59.28,90.45535671600453,-10.822685407084265,3858.9736656992345,91.65689230644776,-1564.5181091321974,6834.186037927471,81.61617140790787,1282.93970863614,7190.88088490764
patient_192,1483.0,59.32,170.50160841416957,2001.1562924541258,3865.793730035801,138.26682854155774,1165.2484058777495,6839.716711069133,74.62766706042807,-174.7126086869951,7193.865991590058
patient_192,1484.0,59.36,184.07862664753236,339.4254558340698,3873.1568751017026,296.2107971347626,3948.5992148301207,6851.565142954524,187.2575453372832,2815.7469569213786,7201.356293403549
patient_192,1485.0,59.4,201.91573510777033,445.9277115059493,3881.2335045060136,106.36403104505582,-4746.169152242669,6855.819704196326,220.448417550054,829.7718053192696,7210.174230105551
patient_192,1486.0,59.44,239.1096438871228,929.8477194838114,3890.797890261498,384.7028567633519,6958.470642957403,6871.207818466861,318.2407132753761,2444.8073931330528,7222.903858636567
patient_192,1487.0,59.48,217.3040977327388,-545.1386538595998,3899.4900541708075,432.489383413481,1194.6631662532268,6888.5073938034,249.49267273928083,-1718.7010134023815,7232.883565546138
patient_192,1488.0,59.52,191.55251965885773,-643.7894518470266,3907.152154957162,215.09815590964797,-5434.780687595826,6897.111320039786,269.6154350786066,503.069058483144,7243.668182949282
patient_192,1489.0,59.56,137.7301216104889,-1345.5599512092206,3912.6613598215813,170.4126967711298,-1117.1364784629545,6903.927827910631,267.6175829603319,-49.94630295686733,7254.372886267695
patient_192,1490.0,59.6,109.42585794873366,-707.6065915438811,3917.0383941395307,96.08721368138981,-1858.1370772434993,6907.771316457886,171.06759960736176,-2413.7495838242535,7261.215590251991
patient_192,1491.0,59.64,30.714422116889704,-1967.7858957960989,3918.266971024206,189.02998702356936,2323.569333554489,6915.33251593883,88.9489855956636,-2052.965350292454,7264.773549675817
patient_192,1492.0,59.68,61.19756837782255,762.0786565233211,3920.7148737593193,140.3896334590087,-1216.0088391140164,6920.948101277189,104.76776164751607,395.4694012963117,7268.964260141718
patient_192,1493.0,59.72,69.94028447536334,218.5679024385198,3923.512485138334,61.41746634952398,-1974.3041777371182,6923.404799931171,45.06807893905598,-1492.4920677115022,7270.76698329928
patient_192,1494.0,59.76,103.77815668564087,845.9468052569381,3927.6636114057596,53.47291858245343,-198.61369417676366,6925.543716674468,191.00373085628175,3648.3912979306438,7278.407132533532
patient_192,1495.0,59.8,65.04841857050077,-968.2434528785024,3930.2655481485795,29.54351517830031,-598.235085103828,6926.725457281599,140.9791517914842,-1250.6144766199384,7284.046298605191
patient_192,1496.0,59.84,50.611570147518556,-360.9212105745554,3932.2900109544803,189.93073266104471,4009.68043706861,6934.3226865880415,80.09609243241668,-1522.0764839766882,7287.250142302488
patient_192,1497.0,59.88,41.47138877585817,-228.50453429150957,3933.9488665055146,226.58930539987202,916.4643184706825,6943.386258804036,178.59069956450807,2462.3651783022847,7294.393770285068
patient_192,1498.0,59.92,83.23574370211806,1044.108873156497,3937.278296253599,395.7571583644803,4229.196324115207,6959.216545138615,212.62310906785004,850.8102375835492,7302.898694647783
patient_192,1499.0,59.96,136.20977840350602,1324.350867534699,3942.7266873897393,293.18421518057255,-2564.3235795976934,6970.9439137458385,507.81543795744267,7379.808222239816,7323.21131216608
patient_192,1500.0,60.0,142.32087613879463,152.77744338221524,3948.4195224352907,530.6003604322511,5935.403631291964,6992.167928163129,320.97701250271984,-4670.9606363680705,7336.050392666189
patient_192,1501.0,60.04,214.12749855197623,1795.16556032954,3956.9846223773698,198.161786970916,-8310.964336533378,7000.0943996419655,304.8514358087761,-403.13941734859355,7348.24445009854
patient_192,1502.0,60.08,221.51302680777962,184.63820639508484,3965.8451434496806,183.13215716004032,-375.74074527189225,7007.419685928367,407.2289042812416,2559.436711811638,7364.533606269791
patient_192,1503.0,60.12,183.64178825459217,-946.7809638296864,3973.1908149798646,279.7730427163758,2416.022138908387,7018.6106076370215,295.413484444374,-2795.385495921691,7376.350145647565
patient_192,1504.0,60.16,254.5743965015369,1773.3152061736184,3983.373790839926,237.59639403404637,-1054.416217058236,7028.114463398383,600.495466818172,7627.04955934495,7400.369964320292
patient_192,1505.0,60.2,183.39051183818503,-1779.5971165837968,3990.7094113134535,180.15846000555902,-1435.9483507121836,7035.320801798606,462.9254403095793,-3439.2506627148164,7418.886981932675
patient_192,1506.0,60.24,197.55507154314802,354.11399262407457,3998.611614175179,191.5649825122127,285.16306266634217,7042.983401099094,239.97115685424032,-5573.857086383475,7428.485828206844
patient_192,1507.0,60.28,126.43831728083457,-1777.9188565578363,4003.6691468664126,153.0091273852849,-963.8963781731952,7049.103766194505,189.94381115366113,-1250.6836425144797,7436.083580652991
patient_192,1508.0,60.32,122.65966286106061,-94.46636049434893,4008.5755333808547,181.41148555382216,710.0589542134315,7056.360225616659,94.63590935585181,-2382.697544945233,7439.869017027226
patient_192,1509.0,60.36,78.21019942574875,-1111.2365858827964,4011.703941357885,49.81670960946757,-3289.8693986088647,7058.352894001037,53.31458974190907,-1033.0329903485685,7442.001600616902
patient_192,1510.0,60.4,95.08627424782627,421.9018705519378,4015.507392327798,126.55709722162237,1918.5096903038698,7063.415177889901,141.95415750881685,2215.9891941726946,7447.679766917255
patient_192,1511.0,60.44,12.165424771093765,-2073.0212369183123,4015.9940093186415,47.47637028234285,-1977.0181734819878,7065.314232701196,53.50024819668372,-2211.347732803328,7449.819776845122
patient_192,1512.0,60.48,208.07819034729914,4897.819139405135,4024.3171369325337,97.04256534646838,1239.1548766031383,7069.195935315054,348.8029032694317,7382.566376818699,7463.7718929758985
patient_192,1513.0,60.52,39.341261006783434,-4218.423233512893,4025.890787372805,64.62381103037376,-810.4688579023655,7071.780887756269,186.01657872168335,-4069.6581136937084,7471.212556124766
patient_192,1514.0,60.56,24.765467097166844,-364.3948477404147,4026.881406056692,26.1587551708386,-961.6263964883789,7072.8272379631035,32.7886700922899,-3830.6977157348365,7472.524102928458
patient_192,1515.0,60.6,21.705660263741937,-76.4951708356227,4027.7496324672416,87.96422855585351,1545.1368346253726,7076.345807105337,82.31451493914498,1238.1461211713772,7475.816683526024
patient_192,1516.0,60.64,5.63453251161934,-401.7781938030649,4027.975013767706,14.679663865683175,-1832.1141172542582,7076.932993659965,104.07838921992763,544.0968570195661,7479.979819094821
patient_192,1517.0,60.68,17.01206374665599,284.43828087591623,4028.6554963175727,46.329934477036666,791.2567652838372,7078.786191039047,117.26685948619733,329.7117566567426,7484.67049347427
patient_192,1518.0,60.72,42.65140185077409,640.9834526029525,4030.3615523916033,17.171401383246646,-728.9633273447505,7079.473047094377,24.85414176231306,-2310.3179430971068,7485.664659144762
patient_192,1519.0,60.76,51.49586350041198,221.11154124094713,4032.42138693162,39.804775092294015,565.8343427261842,7081.065238098068,31.931390520514324,176.93121895503162,7486.941914765583
patient_192,1520.0,60.8,78.54256073334686,676.167430823372,4035.563089360954,89.10040994986416,1232.3908714392535,7084.6292544960625,66.5324935688142,865.0275762074968,7489.6032145083345
patient_192,1521.0,60.84,117.05040600173771,962.6961317097713,4040.2451056010236,109.63227390923403,513.2965989842468,7089.014545452432,34.24316380692592,-807.2332440472071,7490.972941060612
patient_192,1522.0,60.88,39.63045279299713,-1935.4988302185145,4041.830323712744,60.938813320774074,-1217.336514711499,7091.452097985262,52.02237285021415,444.48022608220566,7493.053835974621
patient_192,1523.0,60.92,159.6914311393453,3001.524458658704,4048.2179809583176,226.51121349274564,4139.310004299289,7100.512546524972,111.57080561860586,1488.7108192097928,7497.516668199365
patient_192,1524.0,60.96,509.8109270140536,8752.987396867708,4068.6104180388797,820.4159822355962,14847.619218571264,7133.329185814397,540.3533834622843,10719.564446091963,7519.130803537857
patient_192,1525.0,61.0,339.6327064030133,-4254.455515276009,4082.1957262950004,230.9745649532431,-14736.035432058827,7142.568168412527,406.92366175001087,-3335.743042806837,7535.407750007857
patient_192,1526.0,61.04,326.4672377166801,-329.1367171583303,4095.254415803668,374.26235816927493,3582.194830400796,7157.538662739297,504.134857479084,2430.279893226829,7555.57314430702
patient_192,1527.0,61.08,379.2198274982754,1318.8147445398827,4110.4232089035995,406.14156467104505,796.9801625442528,7173.784325326139,449.112471499609,-1375.5596494868755,7573.537643167004
patient_192,1528.0,61.12,296.4928207658394,-2068.1751683109,4122.282921734233,540.2009054094203,3351.483518459382,7195.392361542515,497.41182640401865,1207.4838726102414,7593.434116223165
patient_192,1529.0,61.16,275.147939629397,-533.6220284110595,4133.288839319409,360.0404353863618,-4504.011750576463,7209.79397895797,357.378875716018,-3500.8237672000164,7607.729271251805
patient_192,1530.0,61.2,166.69471150414986,-2711.3307031311783,4139.956627779575,171.48603331700542,-4713.86005173391,7216.653420290649,410.8313249786903,1336.3112315668077,7624.162524250953
patient_192,1531.0,61.24,110.01003994879146,-1417.1167888839602,4144.3570293775265,74.16915128636892,-2432.9220507659124,7219.620186342104,277.5081848086268,-3333.078504251587,7635.262851643298
patient_192,1532.0,61.28,9.793015723120575,-2505.425605641772,4144.748750006451,84.6250078128728,261.396413162597,7223.005186654618,113.32957496180424,-4104.465246170565,7639.79603464177
patient_192,1533.0,61.32,73.81743641261905,1600.6105172374619,4147.701447462956,160.45925067814792,1895.8560716318782,7229.423556681743,130.6204932077126,432.27295614770895,7645.020854370078
patient_192,1534.0,61.36,22.100451975211776,-1292.9246109351818,4148.585465541964,198.96885127742198,962.7400149818513,7237.382310732841,23.21052420720142,-2685.24922501278,7645.9492753383665
patient_192,1535.0,61.4,2.7340769973000993,-484.1593744477919,4148.694828621857,199.8133669500412,21.112891815480594,7245.374845410843,111.3416165369539,2203.277308243812,7650.402939999845
patient_192,1536.0,61.44,120.30184867202564,2939.194291868139,4153.506902568737,108.60939255030424,-2280.099359993424,7249.719221112855,659.7603035888721,13710.467176297956,7676.7933521434
patient_192,1537.0,61.48,83.2242253034179,-926.9405842151937,4156.8358715808745,76.53413903318928,-801.881337927874,7252.780586674183,74.56657836563355,-14629.843130580966,7679.776015278026
patient_192,1538.0,61.52,100.2630576582206,425.9708088700677,4160.846393887203,465.8303657708691,9732.405668441996,7271.413801305018,292.2141598895565,5441.189538098074,7691.464581673607
patient_192,1539.0,61.56,196.9546345262145,2417.2894216998475,4168.724579268252,181.74798749949733,-7102.0594567842945,7278.683720804997,338.380974961843,1154.1703768071613,7704.999820672081
patient_192,1540.0,61.6,172.12161532949324,-620.8254799180316,4175.609443881432,330.2965271897404,3713.7134922560767,7291.895581892587,532.2237552199674,4846.069506453111,7726.288770880881
patient_192,1541.0,61.64,243.61323191151828,1787.290414550626,4185.353973157892,340.3894343866278,252.32267992218453,7305.511159268051,384.82331281281563,-3685.0110601787947,7741.681703393393
patient_192,1542.0,61.68,259.1874174145972,389.3546375769723,4195.721469854476,336.34232981991084,-101.17761416792348,7318.964852460848,347.1364612025646,-942.171290256276,7755.567161841496
patient_192,1543.0,61.72,34.81073606262588,-5609.417033799282,4197.113899296981,68.58126262835819,-6694.026679788817,7321.708102965982,63.723612699445574,-7085.321212577975,7758.116106349475
patient_192,1544.0,61.76,233.8162443650105,4975.137707559616,4206.4665490715815,124.06322089251684,1387.0489566039662,7326.670631801683,309.33044854867535,6140.170896230745,7770.489324291422
patient_192,1545.0,61.8,219.03564253963103,-369.5150456344869,4215.227974773166,317.7412885671133,4841.951691864912,7339.380283344367,254.6183561764958,-1367.8023093044885,7780.674058538482
patient_192,1546.0,61.84,176.90353500669875,-1053.302688323307,4222.3041161734345,179.76655807179276,-3449.368262383014,7346.570945667239,209.02483282055536,-1139.8380838985113,7789.035051851304
patient_192,1547.0,61.88,182.55008599835372,141.1637747913744,4229.606119613369,175.8979075686717,-96.71626257802615,7353.606861969985,287.15590531729697,1953.2768124185402,7800.5212880639965
patient_192,1548.0,61.92,340.09565791937405,3938.639298025508,4243.2099459301435,459.3463168590173,7086.21023225864,7371.980714644346,356.4720505942472,1732.903631923756,7814.780170087766
patient_192,1549.0,61.96,111.72305544584349,-5709.315061838263,4247.6788681479775,45.63613620448089,-10342.754516363411,7373.806160092525,161.67256302488371,-4869.987189234087,7821.247072608762
patient_192,1550.0,62.0,108.12766225973049,-89.884829652825,4252.003974638366,98.38178879207977,1318.641314689972,7377.741431644208,100.70938507995491,-1524.07944862322,7825.275448011959
patient_192,1551.0,62.04,58.64420351301627,-1237.0864686678553,4254.349742778887,81.6237760713485,-418.9503180182818,7381.006382687063,50.83330017134167,-1246.9021227153312,7827.308780018813
patient_192,1552.0,62.08,55.64078555874684,-75.08544885673575,4256.575374201237,95.53000426951041,347.6557049540478,7384.827582857843,74.87195018911262,600.9662504442739,7830.303658026378
patient_192,1553.0,62.12,8.878065220732747,-1169.0680084503522,4256.930496810066,45.64531772233703,-1247.1171636793345,7386.653395566736,60.13847938392215,-368.33677012976176,7832.709197201734
patient_192,1554.0,62.16,60.65840575525659,1294.5085133630962,4259.356833040277,44.130283097861685,-37.8758656118837,7388.418606890651,7.53580900992546,-1315.0667593499174,7833.010629562132
patient_192,1555.0,62.2,81.98107337847979,533.0666905805801,4262.636075975416,50.72251720730329,164.80585273604015,7390.447507578942,41.21595084618389,842.0035459064607,7834.659267595978
patient_192,1556.0,62.24,62.29755699101367,-492.087909686653,4265.127978255056,44.808699122197545,-147.84545212764363,7392.23985554383,103.8914480315408,1566.887429633923,7838.814925517239
patient_192,1557.0,62.28,51.48449552796956,-270.32653657610285,4267.187358076176,20.169461060160295,-615.9809515509313,7393.046633986237,53.840280914873944,-1251.2791779166714,7840.968536753835
patient_192,1558.0,62.32,38.038528619399166,-336.14917271425975,4268.708899220951,50.45427772294623,757.1204165696483,7395.064805095155,28.109837344137475,-643.2610892684118,7842.092930247601
patient_192,1559.0,62.36,36.22024910976038,-45.45698774096962,4270.157709185341,30.27532802829319,-504.47374236632606,7396.275818216287,67.77578720778146,991.6487465910997,7844.803961735913
patient_192,1560.0,62.4,96.6630641148539,1511.070375127338,4274.024231749935,78.4314356528808,1203.90269061469,7399.413075642403,86.69200990263897,472.90556737143777,7848.271642132018
patient_192,1561.0,62.44,26.324716290873262,-1758.4586955995157,4275.07722040157,33.49808863106513,-1123.3336755453915,7400.752999187645,15.714360202771362,-1774.4412424966904,7848.90021654013
patient_192,1562.0,62.48,19.60167274480985,-168.0760886515853,4275.8612873113625,40.98708955763125,187.22502316415301,7402.39248276995,37.16382673696931,536.2366633549489,7850.386769609609
patient_192,1563.0,62.52,9.022956036192342,-264.4679177154377,4276.22220555281,23.750085964825427,-430.9250898201456,7403.342486208543,14.046594821265742,-577.9307978925892,7850.948633402459
patient_192,1564.0,62.56,4.92587646957326,-102.42698916547705,4276.4192406115935,11.275922762330822,-311.85408006236514,7403.793523119036,12.980267588612234,-26.658180816337705,7851.467844106003
patient_192,1565.0,62.6,28.563826872037506,590.9487600616061,4277.561793686475,26.183574332568263,372.691289255936,7404.840866092339,61.159453080690355,1204.479637301953,7853.91422222923
patient_192,1566.0,62.64,26.632079244244466,-48.29369069482601,4278.6270768562445,61.217983017891804,875.8602171330886,7407.289585413054,68.35676620215965,179.9328280367323,7856.648492877317
patient_192,1567.0,62.68,5.43861451727852,-529.8366181741486,4278.844621436935,33.476438994777524,-693.538600577857,7408.628642972845,55.123491826268776,-330.8318593972718,7858.853432550368
patient_192,1568.0,62.72,42.93804355673503,937.485725986413,4280.562143179204,97.09419285330756,1590.443846463251,7412.512410686978,27.943501491925065,-679.4997583585928,7859.971172610044
patient_192,1569.0,62.76,66.36822495629696,585.7545349890481,4283.216872177456,13.946707053509435,-2078.687144994953,7413.070278969119,23.401969826458878,-113.53829163665469,7860.907251403102
patient_192,1570.0,62.8,42.26947279275743,-602.468804088488,4284.907651089166,27.269982950911817,333.08189743505955,7414.161078287155,44.155466798795935,518.8374243084264,7862.673470075055
patient_192,1571.0,62.84,15.645099518282503,-665.6093318618732,4285.533455069898,26.709975849847606,-14.000177526605295,7415.229477321148,49.64385846611356,137.20979168294053,7864.6592244137
patient_192,1572.0,62.88,79.32980765477754,1592.1177034123757,4288.70664737609,64.08004871227912,934.2518215607878,7417.79267926964,89.18072659450725,988.4217032098423,7868.2264534774795
patient_192,1573.0,62.92,45.66830024853602,-841.5376851560379,4290.533379386031,25.405381568222143,-966.8666786014246,7418.808894532368,9.17986312355588,-2000.0215867737843,7868.593648002421
patient_192,1574.0,62.96,17.710693872753893,-698.9401593945532,4291.241807140941,71.23863186618351,1145.8312574490342,7421.658439807015,14.74654004578331,139.16692305568574,7869.183509604252
patient_192,1575.0,63.0,65.41620307842109,1192.6377301416799,4293.858455264078,60.34905545193623,-272.239410356182,7424.072402025092,55.80927619693877,1026.5684037788865,7871.415880652129
patient_192,1576.0,63.04,32.873955175591966,-813.5561975707282,4295.173413471101,79.82362255753358,486.8641776399338,7427.265346927394,42.72158247829837,-327.19234296600985,7873.124743951261
patient_192,1577.0,63.08,25.280169171013036,-189.84465011447327,4296.184620237942,67.75007483041404,-301.83869317798866,7429.97534992061,107.31974399089151,1614.9540378148283,7877.417533710897
patient_192,1578.0,63.12,17.020518194836562,-206.49127440441185,4296.865440965736,15.644259074436917,-1302.645393899428,7430.601120283587,115.39258195503666,201.82094910362878,7882.033236989098
patient_192,1579.0,63.16,54.056024841501255,925.8876661666174,4299.0276819593955,79.98541843709958,1608.5289840665666,7433.800537021071,47.18128429571648,-1705.2824414830045,7883.920488360927
patient_192,1580.0,63.2,11.663305197218945,-1059.8179911070577,4299.494214167284,28.26251375253715,-1293.072617114061,7434.931037571173,92.84434812587165,1141.5765957538792,7887.634262285961
patient_192,1581.0,63.24,41.03262149188429,734.2329073666336,4301.13551902696,43.16115929730808,372.4661386192733,7436.657483943065,140.93970639941747,1202.3839568386456,7893.271850541938
patient_192,1582.0,63.28,64.62368427774132,589.7765696464256,4303.720466398069,54.04777536119376,272.1654015971419,7438.8193949575125,12.977010534475676,-3199.067396623545,7893.790930963317
patient_192,1583.0,63.32,60.40456858358741,-105.47789235384766,4306.136649141413,63.29317477850393,231.13498543275438,7441.351121948653,7.891236959402998,-127.14433937681694,7894.106580441693
patient_192,1584.0,63.36,96.25379088703748,896.2305575862517,4309.986800776895,114.01904385271844,1268.1467268553627,7445.911883702761,52.358297126166555,1111.676504169089,7896.20091232674
patient_192,1585.0,63.4,24.853558405644428,-1785.0058120348265,4310.98094311312,47.25709600949174,-1669.0486960806672,7447.802167543141,62.026711248353095,241.7103530546635,7898.681980776674
patient_192,1586.0,63.44,85.78114222929399,1523.1895955912391,4314.412188802292,124.51279795548366,1931.3925486497978,7452.782679461361,78.2487285690822,405.5504330182277,7901.811929919437
patient_192,1587.0,63.48,120.5408378332699,868.9923900993979,4319.233822315622,121.49972096986114,-75.32692464056296,7457.642668300155,126.37325648678721,1203.1131979426252,7906.866860178908
patient_192,1588.0,63.52,149.48991892626353,723.7270273248406,4325.213419072673,151.072459896826,739.3184731741211,7463.685566696027,185.32304076234848,1473.7446068890317,7914.279781809401
patient_192,1589.0,63.56,180.41978599365726,773.2466766848432,4332.430210512419,26.311904789403997,-3119.0138776855497,7464.738042887604,334.62822099470907,3732.6295058090145,7927.66491064919
patient_192,1590.0,63.6,257.7903692090674,1934.264580385254,4342.741825280781,259.26572268233656,5823.845447323314,7475.108671794898,296.81406358226343,-945.353935311141,7939.537473192479
patient_192,1591.0,63.64,334.83237383708723,1926.0501157004953,4356.135120234265,382.0788184708593,3070.3273947130683,7490.391824533732,388.35150752073315,2288.436098461743,7955.071533493308
patient_192,1592.0,63.68,336.7053436777336,46.824246016159066,4369.603333981374,584.7974216110484,5067.965078504729,7513.783721398175,474.2653960114248,2147.847212267291,7974.042149333765
patient_192,1593.0,63.72,284.65210893630746,-1301.3308685356535,4380.989418338827,454.1438435025897,-3266.3394527114688,7531.949475138278,366.7624349168099,-2687.574027365372,7988.712646730437
patient_192,1594.0,63.76,272.82111060340407,-295.7749583225848,4391.902262762963,468.89007833449375,368.6558707976019,7550.705078271658,364.62791123912353,-53.36309194215971,8003.297763180003
patient_192,1595.0,63.8,221.83545117021754,-1274.6414858296632,4400.775680809771,360.72657763935354,-2704.0875173785053,7565.134141377232,366.10089026142947,36.824475557648384,8017.941798790461
patient_192,1596.0,63.84,148.31662369435347,-1837.9706868966018,4406.708345757545,167.49351209695484,-4830.826638559967,7571.83388186111,311.2715291316205,-1370.7340282452237,8030.392659955725
patient_192,1597.0,63.88,114.59959372177825,-842.9257493143805,4411.2923295064165,92.63102076055637,-1871.562283409962,7575.539122691532,159.1334095625593,-3803.4529892265305,8036.757996338228
patient_192,1598.0,63.92,79.77940634027168,-870.5046845376643,4414.483505760028,71.6417479371208,-524.7318205858893,7578.404792609017,120.75353109331829,-959.4969617310255,8041.588137581961
patient_192,1599.0,63.96,66.33433918102179,-336.1266789812472,4417.136879327268,88.80431470869377,429.06416928932424,7581.956965197364,123.86514306172097,77.7902992100671,8046.54274330443
patient_192,1600.0,64.0,35.35328675247005,-774.5263107137936,4418.551010797367,137.5274669888617,1218.0788070041986,7587.4580638769185,155.0741441796935,780.225027949313,8052.745709071618
patient_192,1601.0,64.04,44.799834927199,236.16370436822382,4420.343004194455,97.8649545119305,-991.5628119232799,7591.372662057396,516.5407267819181,9036.664565055617,8073.407338142894
patient_192,1602.0,64.08,70.5447821578579,643.6236807664724,4423.1647954807695,169.74991676496938,1797.1240563259719,7598.162658727994,178.03339362833975,-8462.68332883946,8080.528673888028
patient_192,1603.0,64.12,176.2381769775082,2642.334870491258,4430.214322559869,219.58088510268522,1245.7742084428958,7606.945894132102,317.6866038921042,3491.330256594111,8093.236138043712
patient_192,1604.0,64.16,194.49953955658955,456.5340644770338,4437.994304142133,399.20215496187285,4490.531746479691,7622.913980330577,448.1288705804662,3261.05666720905,8111.161292866931
patient_192,1605.0,64.2,245.51624533537318,1275.4176444695909,4447.814953955548,566.5343019803474,4183.303675461864,7645.575352409791,556.9689320435473,2721.0015365770273,8133.4400501486725
patient_192,1606.0,64.24,211.19895275002452,-857.9323146337167,4456.262912065549,117.39778185896225,-11228.41300303463,7650.271263684149,448.9953632099773,-2699.3392208392493,8151.399864677072
patient_192,1607.0,64.28,207.6710948641324,-88.19644714730259,4464.569755860114,316.7245429751452,4983.169027904573,7662.940245403154,315.8283578311741,-3329.1751344700797,8164.032998990318
patient_192,1608.0,64.32,198.77707345635758,-222.35053519437074,4472.5208387983685,34.66753771440215,-7051.425131518576,7664.32694691173,49.15842963616332,-6666.74820487527,8165.999336175765
patient_192,1609.0,64.36,152.09415592911176,-1167.0729381811454,4478.604605035533,107.71405712886916,1826.1629853616753,7668.635509196885,121.95219942943308,1819.844244831744,8170.877424152942
patient_192,1610.0,64.4,143.20878874869308,-222.13417951046708,4484.332956585481,140.2909079083019,814.4212694858187,7674.247145513217,60.13412773097244,-1545.451792461516,8173.282789262181
patient_192,1611.0,64.44,132.38337737969397,-270.6352842249778,4489.628291680669,111.02999840187137,-731.5227376607634,7678.688345449292,140.64370746870298,2012.7394934432637,8178.908537560928
patient_192,1612.0,64.48,103.3641423728862,-725.480875170194,4493.762857375584,92.30315166462499,-468.1711684311594,7682.380471515877,95.01424045083678,-1140.7366754466552,8182.709107178962
patient_192,1613.0,64.52,95.98335024760509,-184.51980313202796,4497.602191385488,61.31999134640816,-774.5790079554208,7684.833271169733,61.04222499841486,-849.300386310548,8185.150796178898
patient_192,1614.0,64.56,78.96966615200137,-425.34210239009303,4500.760978031568,124.52292610281533,1580.0733689101794,7689.814188213847,63.420411685755106,59.45466718350616,8187.6876126463285
patient_192,1615.0,64.6,70.79713693294676,-204.31323047636525,4503.592863508886,70.97408195880885,-1338.721103600162,7692.653151492199,46.182665440319894,-430.9436561358803,8189.5349192639405
patient_192,1616.0,64.64,26.558165603349178,-1105.9742832399393,4504.65519013302,26.081039575427518,-1122.3260595845334,7693.696393075216,40.08845760081782,-152.3551959875519,8191.138457567973
patient_192,1617.0,64.68,78.04320387443543,1287.1259567771563,4507.776918287997,72.56250836125564,1162.036719645703,7696.598893409667,158.91536375896888,2970.6726539537767,8197.495072118332
patient_192,1618.0,64.72,93.7001147592889,391.4227721213365,4511.524922878369,145.92098826759928,1833.9619976585911,7702.435732940371,90.36186262774933,-1713.8375282804886,8201.109546623444
patient_192,1619.0,64.76,103.95746180739874,256.43367620274626,4515.683221350664,20.27874010118616,-3141.056204160328,7703.246882544418,162.12112166898885,1793.981476030988,8207.594391490202
patient_192,1620.0,64.8,144.5613204430335,1015.0964658908691,4521.465674168386,103.00272481841613,2068.099617930749,7707.366991537155,58.79033466302245,-2583.26967514916,8209.946004876723
patient_192,1621.0,64.84,219.94928387011225,1884.6990856769687,4530.26364552319,148.6065248803272,1140.0950015477772,7713.311252532369,171.4972412265593,2817.6726640884217,8216.805894525785
patient_192,1622.0,64.88,228.99306738439589,226.0945878570908,4539.423368218566,322.2837544274008,4341.9307386768405,7726.202602709464,257.954760563025,2161.437983411642,8227.124084948307
patient_192,1623.0,64.92,252.38681025654972,584.8435718038459,4549.518840628827,297.23793918249163,-626.1453811227298,7738.092120276764,345.63673035222666,2192.0492447300417,8240.949554162396
patient_192,1624.0,64.96,276.6748312506574,607.2005248526921,4560.585833878854,396.3089656483698,2476.775661646954,7753.944478902699,354.2544454813105,215.4428782270955,8255.11973198165
patient_192,1625.0,65.0,214.43167287131158,-1556.0789594836458,4569.163100793707,438.47356083248144,1054.1148796027912,7771.483421335998,442.4336129128956,2204.4791857896284,8272.817076498164
patient_192,1626.0,65.04,180.23152418626202,-855.0037171262388,4576.372361761157,160.8412533050144,-6940.807688186676,7777.9170714681995,223.50991111363075,-5473.092544981622,8281.757472942709
patient_192,1627.0,65.08,111.05077128411426,-1729.518822553694,4580.814392612522,184.43660529570727,589.8837997673219,7785.294535680028,298.3874485492092,1871.9384358894608,8293.692970884678
patient_192,1628.0,65.12,75.73189568268799,-882.9718900356568,4583.843668439829,172.99019500799656,-286.16025719276763,7792.214143480348,259.32413721248724,-976.5827834180484,8304.065936373176
patient_192,1629.0,65.16,92.32842168031335,414.91314994063407,4587.536805307042,52.59142761209386,-3009.969184897567,7794.317800584831,66.58280360731327,-4818.533340129349,8306.72924851747
patient_192,1630.0,65.2,50.53427546097328,-1044.853655483502,4589.558176325481,49.70769240175889,-72.09338025837422,7796.306108280901,49.01177069586977,-439.27582278608736,8308.689719345302
patient_192,1631.0,65.24,40.09037927132379,-261.09740474123714,4591.1617914963335,75.20575052501184,637.4514530813236,7799.314338301901,58.78340943941142,244.29096858854126,8311.041055722879
patient_192,1632.0,65.28,65.97440036215997,647.1005272709044,4593.80076751082,21.94430840411366,-1331.5360530224546,7800.192110638065,199.5835772076977,3520.0041942071566,8319.024398811187
patient_192,1633.0,65.32,59.562894762000596,-160.28764000398434,4596.1832833013,114.106307772678,2304.0499842141085,7804.756362948973,450.8159949506603,6280.810443574065,8337.057038609213
patient_192,1634.0,65.36,74.86420672278477,382.5327990196044,4599.177851570212,39.993793331650046,-1852.8128610256986,7806.3561146822385,161.58060180618418,-7230.884828611903,8343.52026268146
patient_192,1635.0,65.4,82.23708425220875,184.32193823559936,4602.4673349403,37.11021827834863,-72.08937633253534,7807.840523413372,83.47205569494926,-1952.713652780873,8346.859144909258
patient_192,1636.0,65.44,81.60575567169154,-15.783214512930144,4605.731565167168,164.5258901515076,3185.3917968289743,7814.421559019433,221.89196865283864,3460.4978239472343,8355.734823655372
patient_192,1637.0,65.48,121.4234951141061,995.4434860603641,4610.588504971733,115.369983783982,-1228.8976591881403,7819.036358370791,221.54558324457295,-8.659635206642236,8364.596646985154
patient_192,1638.0,65.52,54.02675509877744,-1684.9185003832165,4612.749575175683,92.73003744998987,-565.9986583498032,7822.74555986879,123.32914156080092,-2455.4110420943007,8369.529812647586
patient_192,1639.0,65.56,70.18682772892197,404.0018157536132,4615.557048284841,125.35420422897141,815.6041694745387,7827.759728037949,123.36783434534267,0.9673196135437934,8374.4645260214
patient_192,1640.0,65.6,49.43287505721083,-518.8488167927785,4617.534363287129,187.30619698177233,1548.799818820023,7835.25197591722,154.44227143717438,776.8609272957927,8380.642216878887
patient_192,1641.0,65.64,106.84815424044996,1435.3819795809782,4621.808289456747,165.26228638532328,-551.0977649112262,7841.862467372633,331.81653313851376,4434.356542533485,8393.914878204429
patient_192,1642.0,65.68,109.87434620723886,75.65479916972251,4626.203263305037,182.6836130605322,435.5331668802229,7849.169811895054,265.5604052494208,-1656.4031972273242,8404.537294414404
patient_192,1643.0,65.72,76.99804858169449,-821.9074406386092,4629.283185248304,268.62128170817067,2148.441716190962,7859.914663163381,167.22240514033635,-2458.450002727111,8411.226190620018
patient_192,1644.0,65.76,61.98389593267263,-375.3538162255465,4631.762541085612,237.1150774362452,-787.6551067981368,7869.399266260831,177.19804859993437,249.39108648995045,8418.314112564016
patient_192,1645.0,65.8,60.01956883322334,-49.10817748623231,4634.16332383894,63.40583424238823,-4342.731079846424,7871.9354996305265,110.39072902574678,-1670.1829893546897,8422.729741725045
patient_192,1646.0,65.84,98.20043465141575,954.5216454548103,4638.0913412249965,131.38760539102023,1699.5442787158,7877.1910038461665,118.50801332224012,202.93210741233344,8427.470062257935
patient_192,1647.0,65.88,96.50028990129798,-42.503618752944305,4641.951352821049,143.99129196706792,315.09216440119235,7882.950655524849,138.2305407094749,493.0631846808694,8432.999283886315
patient_192,1648.0,65.92,102.7086498671741,155.20899914690318,4646.059698815736,200.3007026824593,1407.7352678847844,7890.962683632148,171.7875113480746,838.9242659649924,8439.870784340237
patient_192,1649.0,65.96,150.26693521120376,1188.9571336007414,4652.070376224184,190.24013287917967,-251.51424508199085,7898.5722889473145,175.14389528388006,83.9095983951367,8446.876540151594
patient_192,1650.0,66.0,148.48117960117506,-44.64389025071753,4658.009623408231,164.2713266955563,-649.2201545905843,7905.1431420151375,184.7423288897721,239.960840147301,8454.266233307186
patient_192,1651.0,66.04,141.80151850358666,-166.99152743970984,4663.681684148374,121.88001467892376,-1059.7828004158134,7910.018342602295,170.75414258048053,-349.7046577322891,8461.096399010403
patient_192,1652.0,66.08,194.98638473182513,1329.6216557059615,4671.481139537647,166.8364192420214,1123.9101140774412,7916.691799371976,172.8586733102317,52.61326824377903,8468.010745942813
patient_192,1653.0,66.12,171.3513571536885,-590.8756894534157,4678.335193823795,140.21027994954136,-665.6534823120012,7922.300210569957,138.670824203976,-854.6962276563925,8473.557578910972
patient_192,1654.0,66.16,133.11464429464044,-955.9178214762014,4683.65977959558,61.54327140754181,-1966.6752135499887,7924.761941426259,46.74719085284144,-2298.090833778364,8475.427466545087
patient_192,1655.0,66.2,157.38434805171303,606.7425939268148,4689.955153517649,130.41525045582165,1721.799476206996,7929.978551444492,96.91982805130588,1254.3159299616111,8479.304259667138
patient_192,1656.0,66.24,82.29449788654541,-1877.2462541291904,4693.24693343311,41.48612800589188,-2223.228061248244,7931.6379965647275,70.87337212403588,-651.1613981817501,8482.139194552099
patient_192,1657.0,66.28,98.93325326647899,415.96888449833926,4697.20426356377,82.06299643926282,1014.4217108342735,7934.920516422298,87.80066834490879,423.1824055218226,8485.651221285896
patient_192,1658.0,66.32,99.8397053524534,22.661302149360196,4701.197851777868,75.59481004763562,-161.70465979067998,7937.944308824202,67.95430745438765,-496.15902226302853,8488.369393584071
patient_192,1659.0,66.36,108.03365152598907,204.84865433839195,4705.5191978389075,89.79772413733339,355.07285224244424,7941.536217789697,64.69771068161812,-81.41491931923817,8490.957302011337
patient_192,1660.0,66.4,68.61672242966713,-985.4232274080484,4708.263866736093,99.09381388599351,232.40224371650305,7945.499970345136,98.80558260408812,852.6967980617499,8494.9095253155
patient_192,1661.0,66.44,80.94168509978489,308.1240667529439,4711.501534140085,54.14205414620993,-1123.7939934945896,7947.665652510985,96.96961842470643,-45.89910448454226,8498.788310052489
patient_192,1662.0,66.48,119.61071985621868,966.7258689108447,4716.285962934334,144.55580159349591,2260.3436861821497,7953.447884574724,170.89363424953044,1848.1003956206002,8505.62405542247
patient_192,1663.0,66.52,93.2751346794985,-658.3896294180043,4720.016968321514,95.10624677776906,-1236.2388703931715,7957.2521344458355,54.96209326091145,-2898.288524715475,8507.822539152907
patient_192,1664.0,66.56,62.5980810599,-766.9263404899627,4722.52089156391,98.56981323172374,86.5891613488671,7961.194926975105,50.93287168840523,-100.7305393126556,8509.859854020444
patient_192,1665.0,66.6,25.406071954008606,-929.8002276472847,4723.53713444207,7.365362671406042,-2280.1112640079423,7961.489541481961,17.653282515476214,-831.9897293232253,8510.565985321062
patient_192,1666.0,66.64,36.385141202380616,274.4767312093002,4724.992540090166,24.726577893849832,434.0303805610947,7962.478604597716,70.44358697379388,1319.7576114579417,8513.383728800014
patient_192,1667.0,66.68,8.138129030296517,-706.1753043021024,4725.318065251377,36.02828884310715,282.54277373143293,7963.919736151441,45.511173440471424,-623.3103383330615,8515.204175737634
patient_192,1668.0,66.72,31.69841300215936,589.0070992965711,4726.586001771464,81.31587953674162,1132.1897673408619,7967.172371332909,75.06785874684473,738.9171326593328,8518.206890087507
patient_192,1669.0,66.76,41.559414818341814,246.52504540456138,4728.248378364197,48.85374086663455,-811.5534667526766,7969.126520967576,85.06995490441744,250.0524039393177,8521.609688283683
patient_192,1670.0,66.8,86.07510140740204,1112.8921647265058,4731.691382420494,65.81520602200027,424.0366288841429,7971.759129208455,82.5806341065467,-62.233019946768664,8524.912913647944
patient_192,1671.0,66.84,73.27425831699941,-320.0210772600659,4734.622352753174,170.78021115190404,2624.125128247594,7978.590337654531,143.95220998954224,1534.2893970748885,8530.671002047526
patient_192,1672.0,66.88,45.91604236350681,-683.9553988373149,4736.458994447714,67.15920621153728,-2590.525123509169,7981.276705902993,94.01579126440257,-1248.4104681284919,8534.431633698103
patient_192,1673.0,66.92,60.73609556905928,370.50133013881174,4738.888438270476,88.74052986193321,539.5330912598982,7984.82632709747,188.0481838885265,2350.8098156030983,8541.953561053642
patient_192,1674.0,66.96,57.84967733877525,-72.16045575710072,4741.2024253640275,82.39321354848155,-158.6829078362914,7988.12205563941,67.28647097698362,-3019.042822788572,8544.645019892721
patient_192,1675.0,67.0,43.250210150433226,-364.98667970855064,4742.932433770045,111.0436709352565,716.2614346693737,7992.563802476821,103.04388200497772,893.9352756998524,8548.76677517292
patient_192,1676.0,67.04,91.30422710513521,1201.3504238675496,4746.58460285425,159.2352012924484,1204.7882589297976,7998.933210528518,136.77726688128325,843.3346219076384,8554.237865848172
patient_192,1677.0,67.08,72.49535835483465,-470.22171875751405,4749.484417188443,201.98947365675383,1068.8568091076356,8007.012789474788,239.82084259056424,2576.089392732025,8563.830699551794
patient_192,1678.0,67.12,58.360826067111745,-353.3633071930726,4751.818850231128,106.98322096990577,-2375.1563171712014,8011.292118313585,143.67766675563314,-2403.5793958732775,8569.57780622202
patient_192,1679.0,67.16,48.49118368728769,-246.74105949560143,4753.758497578619,37.303313074208816,-1741.997697392424,8012.784250836553,82.56946014709489,-1527.7051652134564,8572.880584627903
patient_192,1680.0,67.2,9.26383996123608,-980.6835931512902,4754.129051177069,41.216612688225034,97.83249035040544,8014.432915344082,41.88470762428635,-1017.1188130702135,8574.555972932874
patient_192,1681.0,67.24,22.9941808031215,343.25852104713545,4755.048818409194,36.5682434804718,-116.20923019383085,8015.895645083301,14.118178141727833,-694.1632370639629,8575.120700058545
patient_192,1682.0,67.28,32.07442521986888,227.0061104186845,4756.331795417988,30.507618634501927,-151.5156211492468,8017.115949828681,26.2408847116887,303.0676642490217,8576.170335447012
patient_192,1683.0,67.32,58.81698420790102,668.5639747008036,4758.684474786304,46.13041116076194,390.56981315650023,8018.961166275111,62.0150699354288,894.3546305935024,8578.65093824443
patient_192,1684.0,67.36,115.28969264174405,1411.817710846076,4763.296062491974,111.87938476308464,1643.7243400580676,8023.436341665634,107.94469530612432,1148.240634267388,8582.968726056675
patient_192,1685.0,67.4,103.3066862421641,-299.57515998949873,4767.428329941661,130.13472977113943,456.38362520136974,8028.64173085648,144.83121769157435,922.1630596362509,8588.761974764337
patient_192,1686.0,67.44,76.27766876388138,-675.7254369570682,4770.479436692217,84.34173310899914,-1144.8249165535074,8032.01540018084,59.47805966552144,-2133.828950651323,8591.141097150958
patient_192,1687.0,67.48,62.74159209395203,-338.40191674823376,4772.989100375975,75.51031552012708,-220.78543972180142,8035.035812801645,76.0629245203998,414.621621371959,8594.183614131774
patient_192,1688.0,67.52,67.38901603505441,116.18559852755953,4775.684661017377,58.35537889972923,-428.8734155099462,8037.370027957634,32.643677383887976,-1085.4811784127958,8595.48936122713
patient_192,1689.0,67.56,58.79000666723759,-214.97523419542048,4778.036261284066,55.10834891962482,-81.17574950261037,8039.57436191442,39.44983058861538,170.15383011818503,8597.067354450675
patient_192,1690.0,67.6,12.657277449549973,-1153.3182304421905,4778.542552382049,56.8246721395896,42.90808049911963,8041.847348800004,53.45877341516553,350.22357066375383,8599.205705387281
patient_192,1691.0,67.64,22.97258768853521,257.8827559746309,4779.46145588959,24.411855135710532,-810.3204250969768,8042.823823005432,42.13099050021182,-283.19457287384273,8600.89094500729
patient_192,1692.0,67.68,28.956908449846345,149.60801903277837,4780.619732227584,63.658956448738174,981.1775328256911,8045.370181263383,77.32135283710201,879.7590584222547,8603.983799120775
patient_192,1693.0,67.72,55.06265018547706,652.643543390768,4782.822238235003,70.96389875834744,182.62355774023166,8048.208737213717,35.705318043797924,-1040.4008698326022,8605.412011842527
patient_192,1694.0,67.76,41.60889220158172,-336.3439495973836,4784.486593923066,86.53323938445084,389.2335156525849,8051.670066789095,76.90885254999885,1030.0883626550233,8608.488365944526
patient_192,1695.0,67.8,29.390733861354768,-305.45395850567377,4785.66222327752,76.29851997166706,-255.86798531959437,8054.72200758796,167.19456531218853,2257.1428190547417,8615.176148557013
patient_192,1696.0,67.84,48.28138114349709,472.2661820535581,4787.593478523259,145.28545793325435,1724.6734490396823,8060.533425905292,255.65390325262032,2211.483448510795,8625.402304687119
patient_192,1697.0,67.88,28.403280217605964,-496.9525231472782,4788.729609731964,49.20320399996319,-2402.056348332279,8062.501554065289,90.55062246701048,-4127.5820196402465,8629.024329585798
patient_192,1698.0,67.92,21.07701628032542,-183.1565984320136,4789.572690383176,49.75021554719927,13.675288680901865,8064.491562687177,20.974311825045184,-1739.4077660491328,8629.8633020588
patient_192,1699.0,67.96,48.99208496411567,697.8767170947563,4791.532373781742,19.79148648192505,-748.9682266318555,8065.283222146454,20.02968128210044,-23.615763573618587,8630.664489310084
patient_192,1700.0,68.0,13.429185546425668,-889.0724854422501,4792.069541203598,53.271732298729745,837.0061454201174,8067.414091438403,69.12440605938656,1227.368119432153,8633.429465552459
patient_192,1701.0,68.04,120.25463830334161,2670.636318922898,4796.879726735732,70.65205397989227,434.5080420290632,8070.240173597599,130.62984349040605,1537.6359357754873,8638.654659292075
patient_192,1702.0,68.08,45.151100317447124,-1877.5884496473623,4798.6857707484305,20.58077010377856,-1251.7820969028428,8071.063404401751,84.08936614039362,-1163.5119337503106,8642.018233937692
patient_192,1703.0,68.12,179.52500945846742,3359.3477285255076,4805.866771126769,108.11072466180104,2188.248863950562,8075.387833388222,228.92535553865395,3620.899734956508,8651.175248159238
patient_192,1704.0,68.16,619.3454604787042,10995.51127550592,4830.6405895459175,442.4488153840319,8358.452268055771,8093.085786003583,662.416758619732,10837.285077026952,8677.671918504027
patient_192,1705.0,68.2,478.39132128958676,-3523.853479727937,4849.776242397501,508.6146288457002,1654.1453365417083,8113.430371157412,428.14234359526887,-5856.860375611579,8694.797612247838
patient_192,1706.0,68.24,430.8426060044579,-1188.7178821282218,4867.00994663768,539.8278278251123,780.329974485302,8135.023484270417,509.7962320955886,2041.3472125079934,8715.189461531663
patient_192,1707.0,68.28,421.63810307073743,-230.1125733430112,4883.8754707605085,581.293558045532,1036.643255510492,8158.275226592237,620.7465688831688,2773.758419689506,8740.019324286988
patient_192,1708.0,68.32,354.8889372347088,-1668.7291459007156,4898.071028249897,624.4214205221407,1078.1965619152174,8183.252083413124,517.8662925827665,-2572.006907510058,8760.733975990299
patient_192,1709.0,68.36,284.96680265753,-1748.0533644294696,4909.469700356198,418.6466671036125,-5144.368835463204,8199.997950097268,496.5146982147892,-533.7898591994332,8780.594563918892
patient_192,1710.0,68.4,200.20051146378384,-2119.1572798436546,4917.47772081475,284.4802218227948,-3354.1611320204424,8211.37715897018,288.1848291341244,-5208.246727016619,8792.121957084257
patient_192,1711.0,68.44,132.46895348198524,-1693.2889495449651,4922.776478954029,120.18039408203671,-4107.495693518953,8216.18437473346,209.6658820894451,-1962.9736761169831,8800.508592367834
patient_192,1712.0,68.48,73.60583820699607,-1471.5778818747292,4925.720712482309,254.02590148301897,3346.1376850245565,8226.345410792783,248.08722761240293,960.5336380739459,8810.43208147233
patient_192,1713.0,68.52,21.203369797146763,-1310.0617102462327,4926.568847274195,131.00276117940882,-3075.5785075902536,8231.585521239958,71.37864903875457,-4417.714464341209,8813.28722743388
patient_192,1714.0,68.56,20.975920420918154,-5.686234405715229,4927.4078840910315,141.24965866655435,256.1724371786383,8237.23550758662,297.62455045330137,5656.14753536367,8825.192209452012
patient_192,1715.0,68.6,30.38420072753561,235.2070076654364,4928.623252120133,77.69806053511597,-1588.7899532859597,8240.343430008026,255.70934148560318,-1047.8802241924548,8835.420583111436
patient_192,1716.0,68.64,109.359045132568,1974.3711101258095,4932.997613925436,216.6566701656255,3473.965240762739,8249.00969681465,447.7936579895733,4802.107912599254,8853.33232943102
patient_192,1717.0,68.68,128.5752834490359,480.4059579116977,4938.140625263397,144.6691615806251,-1799.6877146250106,8254.796463277875,173.56471665773742,-6855.723533295898,8860.274918097328
patient_192,1718.0,68.72,183.9610618726424,1384.6444605901625,4945.499067738303,278.30661975407503,3340.9364543362485,8265.928728068038,309.4314042935803,3396.667190896071,8872.652174269071
patient_192,1719.0,68.76,218.945467943535,874.6101517723148,4954.256886456044,600.6860896930006,8059.4867484731385,8289.956171655758,475.9846081901751,4163.830097414871,8891.691558596678
patient_192,1720.0,68.8,322.30842867063706,2584.074018177552,4967.14922360287,621.6400766503853,523.8496739346175,8314.821774721773,538.4836736680586,1562.4766369470876,8913.2309055434
patient_192,1721.0,68.84,307.94016015096446,-359.2067129918149,4979.466830008908,270.4679949363002,-8779.302042852127,8325.640494519226,537.2475727333017,-30.90252336892263,8934.720808452732
patient_192,1722.0,68.88,352.5810774705958,1116.0229329907836,4993.570073107732,91.43808322226977,-4475.7477928507615,8329.298017848116,392.26038556476124,-3624.6796792135115,8950.411223875322
patient_192,1723.0,68.92,33.57966387087727,-7975.035339992964,4994.913259662567,76.71120293602286,-368.17200715617275,8332.366465965557,153.31078801613725,-5973.739938715599,8956.543655395968
patient_192,1724.0,68.96,292.32429280841865,6468.615723438535,5006.6062313749035,406.98908727665025,8256.947108515686,8348.646029456624,575.5064485153357,10554.89151247996,8979.563913336582
patient_192,1725.0,69.0,344.030226752359,1292.6483485985088,5020.3674404449985,151.65466804066497,-6383.360480899632,8354.71221617825,332.5207731271308,-6074.641884705123,8992.864744261666
patient_192,1726.0,69.04,251.97207551369502,-2301.4537809665994,5030.446323465546,224.84340155300217,1829.7183378084299,8363.705952240369,278.0302700417829,-1362.262577133697,9003.985955063337
patient_192,1727.0,69.08,214.52525340588375,-936.1705526952818,5039.027333601782,194.62675677530794,-755.4161194423557,8371.491022511382,113.43683720129465,-4114.835821012206,9008.523428551389
patient_192,1728.0,69.12,448.5966481049674,5851.784867477092,5056.97119952598,379.46350414247104,4620.918684179078,8386.669562677082,274.9726050808102,4038.3941969878883,9019.522332754621
patient_192,1729.0,69.16,124.72364626442962,-8096.825046013444,5061.960145376557,148.41123740888528,-5776.306668339644,8392.606012173435,72.96240940468823,-5050.254891903049,9022.44082913081
patient_192,1730.0,69.2,117.6577755128289,-176.6467687900178,5066.666456397071,75.92867141584591,-1812.0641498259843,8395.643159030069,88.09470375931305,378.3073588656205,9025.96461728118
patient_192,1731.0,69.24,92.25840982274282,-634.9841422521522,5070.35679278998,212.5742777822604,3416.140159160362,8404.14613014136,146.10619726531527,1450.2873376500556,9031.808865171794
patient_192,1732.0,69.28,93.0034153819826,18.62513898099465,5074.07692940526,97.6801309687368,-2872.3536703380896,8408.05333538011,81.67798854807477,-1610.7052179310126,9035.075984713716
patient_192,1733.0,69.32,53.527135628157296,-986.9069938456328,5076.218014830386,180.11309330162416,2060.824058322184,8415.257859112175,171.36191866415524,2242.098252902012,9041.930461460282
patient_192,1734.0,69.36,25.097948712122754,-710.7296729008635,5077.221932778871,115.86730559190374,-1606.1446927430104,8419.89255133585,58.90882243214542,-2811.3274058002453,9044.286814357569
patient_192,1735.0,69.4,59.125399876069444,850.6862790986673,5079.586948773914,258.92416983335755,3576.421606036345,8430.249518129185,13.457007624170664,-1136.2953701993688,9044.825094662536
patient_192,1736.0,69.44,68.12315618027584,224.94390760515995,5082.311875021124,43.91831082874215,-5375.146475115384,8432.006250562335,73.15108591652033,1492.3519573087417,9047.751138099196
patient_192,1737.0,69.48,7.821071136111346,-1507.5521261041124,5082.624717866569,130.6795011361944,2169.0297576863063,8437.233430607783,252.88493845812022,4493.346313539998,9057.866535637522
patient_192,1738.0,69.52,32.21690360227596,609.8958116541154,5083.91339401066,168.1526048454209,936.8275927306627,8443.9595348016,142.1821875573095,-2767.568772520268,9063.553823139815
patient_192,1739.0,69.56,17.91815771867971,-357.46864708990637,5084.630120319407,104.34049825726379,-1595.302664703928,8448.13315473189,54.68911516391134,-2187.326809834954,9065.74138774637
patient_192,1740.0,69.6,70.38060427036719,1311.561163792187,5087.445344490222,155.60871153501222,1281.7053319437107,8454.35750319329,186.74504493638182,3301.398244311762,9073.211189543825
patient_192,1741.0,69.64,109.3829456374553,975.0585341772027,5091.82066231572,105.70214495975732,-1247.6641643813725,8458.58558899168,96.81684395591495,-2248.2050245116716,9077.083863302061
patient_192,1742.0,69.68,177.74507865559258,1709.053325453432,5098.930465461944,296.49932524911765,4769.929507234008,8470.445562001645,194.87184685110773,2451.37507237982,9084.878737176106
patient_192,1743.0,69.72,254.53757631423412,1919.8124414660383,5109.111968514513,222.31772922386975,-1854.5399006311975,8479.3382711706,262.94438772972137,1701.813521965341,9095.396512685295
patient_192,1744.0,69.76,4.829190733820899,-6242.709639510331,5109.305136143867,54.365171518609046,-4198.813942631517,8481.512878031344,39.658006265259424,-5582.159536611549,9096.982832935906
patient_192,1745.0,69.8,386.3354859228135,9537.657379724815,5124.758555580778,361.50815010923833,7678.574464765732,8495.973204035714,442.73612103843993,10076.952869329512,9114.692277777443
patient_192,1746.0,69.84,450.73569293031466,1610.0051751875285,5142.787983297992,498.9793530926791,3436.7800745860195,8515.932378159421,494.34670955062666,1290.264712804668,9134.466146159468
patient_192,1747.0,69.88,407.1937604200052,-1088.5483127577359,5159.075733714792,347.46638216160125,-3787.8242732769463,8529.831033445884,518.3453495276751,599.9659994262117,9155.199960140575
patient_192,1748.0,69.92,430.7635602012862,589.2449945320252,5176.306276122843,951.461867678635,15099.887137925845,8567.88950815303,590.3787376479416,1800.834703006663,9178.815109646492
patient_192,1749.0,69.96,427.2583185617458,-87.63104098851073,5193.396608865313,570.0399419698371,-9535.548142719948,8590.691105831824,560.6580985831768,-743.0159766191224,9201.241433589817
patient_192,1750.0,70.0,369.22091557683314,-1450.9350746228165,5208.1654454883865,678.7789653310306,2718.475584029838,8617.842264445066,571.7228999227792,276.6200334900617,9224.11034958673
patient_192,1751.0,70.04,310.75235813699584,-1461.7139359959324,5220.595539813866,417.43809879941614,-6533.521663290361,8634.539788397042,415.74531204149287,-3899.4396970321586,9240.740162068389
patient_192,1752.0,70.08,439.9119713239874,3228.9903296747893,5238.192018666826,389.15824339193483,-706.9963851870327,8650.106118132719,583.1734648399214,4185.703819960713,9264.067100661987
patient_192,1753.0,70.12,117.4310639182893,-8062.022685142453,5242.889261223558,127.905905024259,-6531.308459191897,8655.22235433369,370.1584818253773,-5325.374575363602,9278.873439935001
patient_192,1754.0,70.16,105.57538721299417,-296.3919176323781,5247.112276712078,107.98251101622228,-498.0848502009181,8659.541654774339,188.40193500641232,-4543.913670474124,9286.409517335258
patient_192,1755.0,70.2,6.812627590339446,-2469.068990566368,5247.384781815691,26.342023394728052,-2041.0121905373558,8660.595335710128,194.12007523120917,142.95350561992137,9294.174320344506
patient_192,1756.0,70.24,115.73835168858261,2723.1431024560793,5252.014315883234,524.5356523405088,12454.840723644518,8681.576761803748,346.65849376597816,3813.4604633692247,9308.040660095145
patient_192,1757.0,70.28,128.35639264914244,315.4510240139956,5257.1485715892,57.89539785933255,-11666.006362029406,8683.892577718121,126.43318528906852,-5505.632711922741,9313.097987506708
patient_192,1758.0,70.32,163.69483357430917,883.4610231291684,5263.696364932173,166.31445474959958,2710.4764222566755,8690.545155908105,171.6693657992471,1130.9045127544643,9319.964762138678
patient_192,1759.0,70.36,214.7999349972162,1277.627535572676,5272.288362332062,165.70751585940067,-15.173472254972609,8697.173456542481,459.4193804679338,7193.750366717169,9338.341537357395
patient_192,1760.0,70.4,312.7925394251845,2449.815110699207,5284.80006390907,327.560949923881,4046.335851612009,8710.275894539436,613.1459718864105,3843.1647854619173,9362.86737623285
patient_192,1761.0,70.44,296.64136475539794,-403.77936674466355,5296.6657184992855,934.610410706661,15176.2365195695,8747.660310967703,548.7456565142835,-1610.0078843031752,9384.817202493423
patient_192,1762.0,70.48,392.02741326477405,2384.6512127344026,5312.346815029876,478.59089309772855,-11400.487940223311,8766.803946691613,715.6833700357768,4173.442838037332,9413.444537294854
patient_192,1763.0,70.52,414.4686295547886,561.0304072503639,5328.9255602120675,138.94449630507566,-8491.159919816324,8772.361726543815,601.2365469428221,-2861.170577323867,9437.493999172566
patient_192,1764.0,70.56,621.0675125009794,5164.972073654771,5353.768260712107,530.4456736548567,9787.529433744527,8793.579553490008,731.4753082583378,3255.969032887893,9466.7530115029
patient_192,1765.0,70.6,55.8078046570706,-14131.49269609772,5356.000572898389,46.89507184231332,-12088.765045313585,8795.4553563637,19.75929899253898,-17792.90023164497,9467.543383462602
patient_192,1766.0,70.64,331.506337622938,6892.463324146685,5369.260826403307,231.39464746033192,4612.489390450465,8804.711142262115,188.77014354839721,4225.271113896456,9475.09418920454
patient_192,1767.0,70.68,247.25798437257785,-2106.208831259004,5379.15114577821,165.51731834545734,-1646.9332278718646,8811.331834995934,173.51121637692052,-381.47317928691746,9482.034637859615
patient_192,1768.0,70.72,186.76972918387713,-1512.206379717518,5386.621934945565,89.0826965011765,-1910.865546107021,8814.89514285598,251.6705497108541,1953.9833333483393,9492.101459848049
patient_192,1769.0,70.76,151.77638915352105,-874.833500758902,5392.692990511706,221.35805821565538,3306.8840428619724,8823.749465184605,188.6941180056461,-1574.4107926302,9499.649224568277
patient_192,1770.0,70.8,124.32765991140043,-686.2182310530155,5397.666096908161,49.45647558357818,-4297.53956580193,8825.727724207949,122.7613362983233,-1648.3195426830698,9504.559678020209
patient_192,1771.0,70.84,56.21090478160806,-1702.9188782448095,5399.914533099426,71.2800666049789,545.5897755350179,8828.578926872147,76.06351438264795,-1167.4455478918837,9507.602218595513
patient_192,1772.0,70.88,63.343894703833215,178.32474805562893,5402.44828888758,126.07404863261468,1369.8495506908944,8833.621888817452,35.27700789941699,-1019.662662080774,9509.01329891149
patient_192,1773.0,70.92,80.07478509126918,418.2722596858991,5405.65128029123,85.1200939459678,-1023.848867166172,8837.026692575291,34.55739600211701,-17.990297432499602,9510.395594751575
patient_192,1774.0,70.96,91.03038877992195,273.8900922163193,5409.292495842427,84.27916511113172,-21.023220870901937,8840.397859179737,140.1062809247234,2638.72212306516,9515.999845988565
patient_192,1775.0,71.0,99.49082111532192,211.51080838499928,5413.27212868704,94.18072168603281,247.53891437252733,8844.165088047179,66.71725256697425,-1834.7257089437285,9518.668536091243
patient_192,1776.0,71.04,89.22546422047657,-256.63392237113385,5416.841147255859,135.97145534988846,1044.768341596391,8849.603946261173,107.06799672239617,1008.768603885548,9522.951255960139
patient_192,1777.0,71.08,82.98056379682824,-156.1225105912083,5420.160369807732,139.9884638559343,100.42521265114601,8855.20348481541,86.30039080003817,-519.1901480589501,9526.40327159214
patient_192,1778.0,71.12,72.54524689495878,-260.8829225467364,5423.06217968353,155.49959948668496,387.7783907687665,8861.423468794877,250.2385454929499,4098.4538673227935,9536.412813411858
patient_192,1779.0,71.16,38.85408376777867,-842.2790781795028,5424.616343034241,120.75214012890495,-868.6864839445001,8866.253554400033,121.16745243688891,-3226.7773264015245,9541.259511509334
patient_192,1780.0,71.2,39.08349000706031,5.735155982041107,5426.179682634524,134.46323313489341,342.7773251497115,8871.632083725428,67.8501091696914,-1332.9335816799378,9543.973515876121
patient_192,1781.0,71.24,44.52119415518436,135.9426037031012,5427.960530400731,80.03218316927416,-1360.7762491404812,8874.8333710522,30.06968254353273,-944.5106656539666,9545.176303177863
patient_192,1782.0,71.28,121.52352309393865,1925.0582234688572,5432.821471324489,80.47022887241886,10.951142578617379,8878.052180207096,68.42002125090859,958.7584676843966,9547.913104027899
patient_192,1783.0,71.32,165.20268785032266,1091.9791189096004,5439.429578838501,120.12499332376288,991.3691112836005,8882.857179940045,162.940383464696,2363.0090553446853,9554.430719366488
patient_192,1784.0,71.36,224.31410283826153,1477.7853746984717,5448.402142952031,265.36868202863263,3631.0922176217437,8893.471927221191,121.61909470425704,-1033.0322190109741,9559.295483154658
patient_192,1785.0,71.4,337.522870129301,2830.2191822759864,5461.903057757203,247.78819683337346,-439.51212988147927,8903.383455094527,297.8040419625333,4404.6236814569065,9571.207644833159
patient_192,1786.0,71.44,388.9270170419977,1285.1036728174179,5477.460138438883,128.11019890843377,-2991.949948123492,8908.507863050863,416.10117700886474,2957.428376158286,9587.851691913515
patient_192,1787.0,71.48,427.1059120742506,954.4723758063228,5494.544374921853,840.6135981390988,17812.584980766627,8942.132406976429,468.903211620286,1320.050865285532,9606.607820378325
patient_192,1788.0,71.52,336.08141878436146,-2275.612332247229,5507.987631673227,616.1988837329244,-5610.367860154361,8966.780362325744,454.2957061525728,-365.1876366928306,9624.779648624428
patient_192,1789.0,71.56,407.72820595994864,1791.1696793896795,5524.2967599116255,442.54271981695564,-4341.404097899219,8984.482071118424,471.0080627592647,417.8089151672978,9643.619971134798
patient_192,1790.0,71.6,368.6254897167294,-977.5679060804805,5539.041779500295,505.514460208139,1574.2935097795837,9004.70264952675,411.03468907983944,-1499.3343419856317,9660.061358697993
patient_192,1791.0,71.64,316.4554314144496,-1304.2514575569953,5551.699996756873,434.8355504008736,-1766.9727451816343,9022.096071542783,411.1565005479733,3.0452867033460507,9676.507618719912
patient_192,1792.0,71.68,204.73060187968096,-2793.1207383692163,5559.88922083206,112.20806884456533,-8065.687038907707,9026.584394296566,269.9586540890989,-3529.9461614718593,9687.305964883477
patient_192,1793.0,71.72,141.233993434874,-1587.4152111201738,5565.538580569455,255.7060694042506,3587.4500139921315,9036.812637072737,168.67639592177744,-2532.0564541830363,9694.053020720346
patient_192,1794.0,71.76,89.26801448123467,-1299.1494738409833,5569.109301148705,115.20527294302059,-3512.51991153075,9041.420847990457,126.05254382259331,-1065.5963024796033,9699.09512247325
patient_192,1795.0,71.8,81.7957699755844,-186.80611264125668,5572.381131947727,129.34942394807558,353.60377512637484,9046.594824948379,556.3158090616151,10756.581630975546,9721.347754835715
patient_192,1796.0,71.84,187.15685188373777,2634.0270477038343,5579.867406023077,131.55818462308355,55.219016875199145,9051.857152333303,160.26355608665898,-9901.306324373903,9727.758297079181
patient_192,1797.0,71.88,220.4007792791824,831.0981848861154,5588.683437194244,310.15761350654316,4464.985722086491,9064.263456873565,333.21321034724383,4323.741356514622,9741.086825493072
patient_192,1798.0,71.92,303.16990934885945,2069.2282517419267,5600.810233568199,501.9334615186628,4794.396200302991,9084.34079533431,381.21818098140335,1200.124265853988,9756.335552732327
patient_192,1799.0,71.96,410.59996837751925,2685.751475716495,5617.2342323033,165.92262182909232,-8400.270992239262,9090.977700207475,2124.79771475223,43589.48834427067,9841.327461322417
patient_192,1800.0,72.0,368.2097249050165,-1059.7560868125684,5631.962621299501,1032.4793014022139,21663.916989328038,9132.276872263563,629.4840546483233,-37382.84150259767,9866.506823508349
patient_192,1801.0,72.04,323.12081604251665,-1127.2227215624966,5644.887453941203,518.9246525594529,-12838.866221069025,9153.03385836594,726.8014202303204,2432.9341395499287,9895.578880317562
patient_192,1802.0,72.08,375.17008961643194,1301.2318393478822,5659.89425752586,445.50035834528427,-1835.6073553542146,9170.853872699752,592.0366519384929,-3369.1192072956883,9919.260346395102
patient_192,1803.0,72.12,271.87397406651996,-2582.4028887477994,5670.76921648852,439.68747509905546,-145.32208115572018,9188.441371703713,439.2262564542877,-3820.259887105131,9936.829396653273
patient_192,1804.0,72.16,175.44567432579825,-2410.7074935180426,5677.7870434615525,299.5463009572871,-3503.5293535442092,9200.423223742006,272.7372191262733,-4162.22593320036,9947.738885418325
patient_192,1805.0,72.2,178.7011433947057,81.38672672268612,5684.935089197342,621.7530497175358,8055.168719006217,9225.293345730708,626.446677792108,8842.736466645865,9972.79675253001
patient_192,1806.0,72.24,219.52662801948674,1020.637115619526,5693.716154318121,537.0191558753905,-2118.3473460536306,9246.774111965724,484.3048362803127,-3553.5460377948807,9992.168945981222
patient_192,1807.0,72.28,127.30782673263691,-2305.4700321712457,5698.808467387426,96.02987478690213,-11024.732027212209,9250.6153069572,69.03202245329722,-10381.820345675387,9994.930226879354
patient_192,1808.0,72.32,315.8587908731787,4713.774103513545,5711.442819022353,241.2477525216663,3630.4469433691047,9260.265217058066,277.7294881830019,5217.436643242617,10006.039406406673
patient_192,1809.0,72.36,332.5615788486226,417.56969938609814,5724.745282176299,379.17438332479884,3448.165770078313,9275.432192391057,474.5608848834426,4920.784917511019,10025.021841802012
patient_192,1870.0,74.8,,,5724.745282176299,,,9275.432192391057,,,10025.021841802012
