patient,frame,time_s,wrist_speed_mm_s,wrist_accel_mm_s2,wrist_path_mm,thumb_tip_speed_mm_s,thumb_tip_accel_mm_s2,thumb_tip_path_mm,index_finger_tip_speed_mm_s,index_finger_tip_accel_mm_s2,index_finger_tip_path_mm
patient_109,0.0,0.0,,,0.0,,,0.0,,,0.0
patient_109,1.0,0.04,170.2580931157363,,6.810323724629452,12.373549159376257,,0.4949419663750503,103.35654956339748,,4.134261982535899
patient_109,2.0,0.08,105.62481961839028,-1615.8318374336507,11.035316509365064,33.4927709534228,527.9805448511636,1.8346528045119623,45.66291609799156,-1442.340836635148,5.960778626455562
patient_109,3.0,0.12,40.54440912385225,-1627.0102623634507,12.657092874319153,44.45397670887025,274.0301438861863,3.612811872866772,58.08280868851917,310.4973147631903,8.284090973996328
patient_109,4.0,0.16,66.81832025978254,656.8477783982573,15.329825684710453,18.650403888033953,-645.0893205209074,4.35882802838813,5.866372247352314,-1305.4109110291713,8.518745863890421
patient_109,5.0,0.2,64.7866466598359,-50.79183999866608,17.92129155110389,43.265711396323155,615.38268770723,6.089456484241057,35.088806480756574,730.5608558351065,9.922298123120683
patient_109,6.0,0.24,40.293403563334714,-612.3310774125296,19.53302769363728,15.132324129607383,-703.3346816678943,6.694749449425352,50.055718258564575,374.1727944452,11.924526853463266
patient_109,7.0,0.28,19.13979363735502,-528.8402481494924,20.298619439131482,25.458573228245545,258.15622746595403,7.7130923785551735,43.780852698024916,-156.8716390134915,13.675760961384263
patient_109,8.0,0.32,9.926367297918004,-230.3356584859254,20.6956741310482,68.79054937747058,1083.299403730626,10.464714353653996,18.902046414159386,-621.9701570966382,14.431842817950637
patient_109,9.0,0.36,80.80134251946994,1771.8743805387983,23.927727831826996,37.46330306592586,-783.1811577886182,11.963246476291031,57.38358179199147,962.0383844458021,16.727186089630294
patient_109,10.0,0.4,24.79594081060189,-1400.1350427217012,24.91956546425107,34.56190472163772,-72.53495860720349,13.34572266515654,34.36640641258722,-575.4293844851063,18.101842346133783
patient_109,11.0,0.44,48.598621512677994,595.0670175519026,26.86351032475819,18.83227026402913,-393.24086144021464,14.099013475717706,54.2280280641685,496.54054128953203,20.270963468700522
patient_109,12.0,0.48,127.89035743355745,1982.2933980219866,31.97912462210049,11.29439405542604,-188.44690521507727,14.550789237934747,64.12148133731462,247.33633182865304,22.835822722193107
patient_109,13.0,0.52,41.609311695679686,-2157.0261434469444,33.64349708992768,15.840979192448357,113.66462842555794,15.184428405632682,66.28916940706455,54.192201743748214,25.487389498475686
patient_109,14.0,0.56,36.151485359079224,-136.44565841501156,35.08955650429085,21.673983275896216,145.82510208619647,16.05138773666853,44.30637445336385,-549.5698738425174,27.25964447661024
patient_109,15.0,0.6,74.73781737672046,964.6583004410309,38.079069199359665,19.232181959423645,-61.04503291181427,16.820675015045477,8.342619342343784,-899.0938777755016,27.593349250303994
patient_109,16.0,0.64,29.044890339723683,-1142.3231759249195,39.240864812948615,4.0303673151381965,-380.0453661071362,16.981889707651007,13.03901269564711,117.40983383258312,28.11490975812988
patient_109,17.0,0.68,63.19759879268772,853.8177113241009,41.76876876465612,2.517541481983942,-37.82064582885636,17.082591366930362,43.02960868021412,749.7648996141752,29.836094105338443
patient_109,18.0,0.72,35.89752133170392,-682.5019365245951,43.20466961792428,8.40125160666769,147.0927531170937,17.41864143119707,28.196914860989526,-370.8173454806148,30.963970699778024
patient_109,19.0,0.76,75.59245633218194,992.3733750119504,46.22836787121156,60.19575466622805,1294.862576489009,19.82647161784619,52.40698239812268,605.2516884283289,33.06024999570293
patient_109,20.0,0.8,10.832915927948676,-1618.9885101058317,46.66168450832951,27.998658129851247,-804.9274134094201,20.94641794304024,62.96411017279682,263.9281943668536,35.5788144026148
patient_109,21.0,0.84,19.20759276750424,209.36692098888915,47.429988219029674,32.12955826978716,103.27250349839785,22.231600273831727,46.60445484560084,-408.9913831798995,37.442992596438835
patient_109,22.0,0.88,86.32595677530594,1677.9591001950425,50.883026490041914,19.67106206302628,-311.462405169022,23.01844275635278,56.980214661429905,259.39399539572656,39.722201182896036
patient_109,23.0,0.92,44.3340760463554,-1049.7970182237634,52.65638953189613,10.21865832213569,-236.31009352226476,23.427189089238205,30.94885905956931,-650.7838900465149,40.9601555452788
patient_109,24.0,0.96,40.520177244028865,-95.34747005816335,54.27719662165728,14.164140162826827,98.63704601727844,23.993754695751278,99.60346538786963,1716.3651582075083,44.94429416079359
patient_109,25.0,1.0,37.860988868728576,-66.47970938250722,55.79163617640643,6.629262436943715,-188.37194314707781,24.258925193229025,78.8433133096488,-519.0038019555207,48.09802669317955
patient_109,26.0,1.04,19.355952224254047,-462.62591611186326,56.565874265376586,36.2705903824766,741.0331986383221,25.70974880852809,75.50725251254076,-83.40151992770117,51.11831679368118
patient_109,27.0,1.08,64.82092015745941,1136.624198330134,59.15871107167496,37.31128933062205,26.017473703636362,27.20220038175297,10.733795426937636,-1619.3364271400783,51.547668610758684
patient_109,28.0,1.12,33.99152120170822,-770.7349738937799,60.51837191974329,34.84266382986096,-61.71563751902731,28.595906934947408,14.573999675612495,96.00510621687147,52.13062859778318
patient_109,29.0,1.16,30.456883916237054,-88.36593213677908,61.736647276392766,6.138128024828575,-717.6133951258097,28.84143205594055,14.746888839200867,4.322229089709317,52.720504151351214
patient_109,30.0,1.2,31.286005457776355,20.72803853848253,62.98808749470382,34.77647785629787,715.9587457867325,30.232491170192464,28.08177325517318,333.37211039930776,53.84377508155814
patient_109,31.0,1.24,63.3419313965103,801.3981484683486,65.52176475056423,4.835910049167736,-748.5141951782534,30.425927572159175,21.23113089653324,-171.26605896599844,54.69302031741947
patient_109,32.0,1.28,25.56747139926764,-944.3614999310664,66.54446360653493,13.564863114387466,218.22382663049328,30.968522096734674,9.99016924034812,-281.024041404628,55.0926270870334
patient_109,33.0,1.32,33.76163260665072,204.85403018457706,67.89492891080096,37.81675006651828,606.2971738032704,32.4811920993954,20.869169480779075,271.9750060107739,55.92739386626456
patient_109,34.0,1.36,13.781138419932647,-499.5123546679519,68.44617444759827,9.522021404973417,-707.3682165386217,32.86207295559434,19.7414762742877,-28.192330162284396,56.71705291723606
patient_109,35.0,1.4,51.472687812419025,942.2887348121595,70.50508196009503,10.518437677589151,24.910406815393358,33.28281046269791,13.096050286387586,-166.13564969750283,57.24089492869156
patient_109,36.0,1.44,48.36130769509824,-77.78450293301961,72.43953426789896,12.856106148828133,58.44171178097453,33.79705470865103,23.280486873930375,254.61091468856972,58.17211440364878
patient_109,37.0,1.48,80.29292258016989,798.2903721267911,75.65125117110576,50.41958088384444,939.0868683754077,35.81383794400481,31.704988144071724,210.61253175353372,59.440313929411644
patient_109,38.0,1.52,35.12034712374456,-1129.3143864106332,77.05606505605554,5.11671277218404,-1132.57170279151,36.01850645489217,8.264831234681235,-586.0039227347622,59.770907178798886
patient_109,39.0,1.56,31.985423563564495,-78.37308900450157,78.33548199859811,15.112188645323885,249.88689682849613,36.62299400070513,10.519237738113826,56.36016258581478,60.19167668832344
patient_109,40.0,1.6,26.823341292773918,-129.05205676976442,79.40841565030907,13.046817944097883,-51.634267530650035,37.144866718469046,13.462751756265313,73.58785045378715,60.73018675857406
patient_109,41.0,1.64,21.027935699340656,-144.88513983583155,80.2495330782827,5.683074004312512,-184.09359849463428,37.37218967864155,28.997081886464095,388.35825325496955,61.89007003403262
patient_109,42.0,1.68,14.689518298057244,-158.4604350320853,80.83711381020498,13.194795239748869,187.79303088590893,37.8999814882315,23.376794875192964,-140.50717528177827,62.825141829040334
patient_109,43.0,1.72,41.31504478412904,665.638162151795,82.48971560157015,33.78741440262413,514.8154790718814,39.25147806433646,63.951782501820425,1014.3746906656866,65.38321312911314
patient_109,44.0,1.76,3.0520550622822,-956.5747430461711,82.61179780406144,2.3487628751650185,-785.9662881864778,39.345428579343064,6.859565679833124,-1427.3054205496826,65.65759575630648
patient_109,45.0,1.8,33.22231967339846,754.2566152779065,83.94069059099738,38.52218486262618,904.3355496865292,40.886315973848106,42.38246663481486,888.0725238745434,67.35289442169906
patient_109,46.0,1.84,6.900566549839136,-658.0438280889831,84.21671325299094,40.44104552798449,47.971516633957734,42.50395779496749,14.800845452853718,-689.5405295490286,67.94492823981322
patient_109,47.0,1.88,21.480993411040533,364.51067153003487,85.07595298943255,38.58997395052375,-46.276789436518584,44.04755675298844,21.570584546489766,169.2434773409012,68.80775162167281
patient_109,48.0,1.92,121.9041129262182,2510.577987879442,89.95211750648129,34.82367941293592,-94.15736343969581,45.44050392950587,50.74773849281961,729.428848658246,70.83766116138558
patient_109,49.0,1.96,17.861269694906255,-2601.0710807827986,90.66656829427752,29.834751873144526,-124.72318849478476,46.63389400443166,33.25317765933127,-437.3640208372084,72.16778826775884
patient_109,50.0,2.0,27.725401926642334,246.60330579340197,91.77558437134323,25.708396997804563,-103.15887188349907,47.662229884343844,50.04778523989813,419.86518951417156,74.16969967735476
patient_109,51.0,2.04,16.56377957349878,-279.0405588285888,92.43813555428318,20.48447112332498,-130.5981468619896,48.48160872927684,18.693730751812176,-783.851362202149,74.91744890742724
patient_109,52.0,2.08,25.34626456940301,219.56212489760577,93.45198613705931,24.37580846697303,97.28343359120126,49.45664106795576,46.4830900882255,694.7339834103332,76.77677251095626
patient_109,53.0,2.12,23.736106502643935,-40.25395166897692,94.40143039716506,35.501318386219445,278.1377479811604,50.87669380340454,42.85685241832052,-90.65594174762452,78.49104660768909
patient_109,54.0,2.16,43.93836649694295,505.05649985747533,96.15896505704276,23.75184439733446,-293.73684972212465,51.82676757929792,25.583601080979708,-431.83128343352035,79.51439065092828
patient_109,55.0,2.2,27.1806635393805,-418.94257393906116,97.24619159861798,57.29808916816772,838.6561192708316,54.11869114602463,38.08933097493489,312.6432473488795,81.03796388992566
patient_109,56.0,2.24,65.26785098149709,952.1796860529147,99.85690563787789,37.401037812357,-497.42628389526794,55.61473265851892,9.301987423647647,-719.6835887821811,81.41004338687158
patient_109,57.0,2.28,5.633559929568906,-1490.8572762982046,100.08224803506064,38.65005337124183,31.225388972120705,57.16073479336859,62.66705893478971,1334.1267877785515,83.91672574426316
patient_109,58.0,2.32,23.074767554683596,436.0301906278672,101.00523873724798,9.38805525409919,-731.5499529285661,57.53625700353256,17.823792523831834,-1121.081660273947,84.62967744521644
patient_109,59.0,2.36,16.33590892030826,-168.47146585938341,101.65867509406031,14.398977442101293,125.27305470005258,58.11221610121662,23.035671749809907,130.29698064945183,85.55110431520883
patient_109,60.0,2.4,35.30244866800734,474.16349369247695,103.07077304078061,34.785452519727684,509.66187694065985,59.50363420200572,69.04623771734832,1150.2641491884604,88.31295382390277
patient_109,61.0,2.44,42.1698195471151,171.684271977694,104.7575658226652,31.095838552832113,-92.24034917238927,60.747467744119014,4.090338651399832,-1623.8974766487122,88.47656736995876
patient_109,62.0,2.48,8.753803187236874,-835.4004089969555,105.10771795015468,22.914780314423716,-204.52645596020994,61.66405895669596,18.51734959411786,360.6752735679507,89.21726135372347
patient_109,63.0,2.52,44.581538531602845,895.6933836091492,106.89097949141879,19.460303726398756,-86.361914700624,62.44247110575191,16.874378714661095,-41.074271986419134,89.89223650230991
patient_109,64.0,2.56,23.758390598055296,-520.5786983386887,107.841315115341,18.797013149274484,-16.582264428106797,63.194351631722895,37.45021789514784,514.3959795121685,91.39024521811584
patient_109,65.0,2.6,36.91013596746227,328.7936342351743,109.3177205540395,19.216817364788927,10.49510538786107,63.963024326314454,41.716353060191004,106.65337912607917,93.05889934052348
patient_109,66.0,2.64,71.38798583095819,861.946246587398,112.17323998727782,5.099708067897377,-352.9277324222887,64.16701264903035,70.24992177519962,713.3392178752155,95.86889621153146
patient_109,67.0,2.68,19.319171970227593,-1301.720346518265,112.94600686608693,29.243648656821513,603.5985147231033,65.33675859530321,29.873486414109756,-1009.4108840272467,97.06383566809585
patient_109,68.0,2.72,30.249821421975337,273.2662362936936,114.15599972296596,26.364807727068115,-71.97102324383495,66.39135090438593,38.134148096409575,206.51654205749549,98.58920159195225
patient_109,69.0,2.76,19.073683508608326,-279.40344783417527,114.91894706331028,28.499261533120116,53.36134515130002,67.53132136571074,39.60416024430766,36.75030369745205,100.17336800172455
patient_109,70.0,2.8,17.551437582361995,-38.05614815615827,115.62100456660475,27.11175748350648,-34.687601240340896,68.61579166505099,35.46224917947667,-103.54777662077464,101.59185796890362
patient_109,71.0,2.84,24.763516645290263,180.3019765732067,116.61154523241636,13.17671250571656,-348.376124444748,69.14286016527966,18.967860833312137,-412.3597086541134,102.3505724022361
patient_109,72.0,2.88,32.76896225368043,200.13614020975413,117.92230372256357,10.029651442922939,-78.67652656984055,69.54404622299657,34.29641388393174,383.21382626549007,103.72242895759337
patient_109,73.0,2.92,10.196164146237072,-564.3199526860839,118.33015028841307,4.331191282246595,-142.46150401690858,69.71729387428644,12.833501542713474,-536.5728085304567,104.2357690193019
patient_109,74.0,2.96,39.444832520227905,731.2167093497708,119.90794358922217,23.560581416836612,480.7347533647504,70.6597171309599,43.754563610325135,773.0265516902915,105.98595156371489
patient_109,75.0,3.0,48.34727194593235,222.5609856426111,121.84183446705947,25.427382993523494,46.67003941717205,71.67681245070084,57.794849966588124,351.0071589065747,108.29774556237842
patient_109,76.0,3.04,27.178848201963792,-529.2105935992139,122.92898839513802,12.296512945869166,-328.2717511913582,72.1686729685356,22.307531352310093,-887.1829653569508,109.19004681647083
patient_109,77.0,3.08,20.62415312296211,-163.86737697504205,123.75395452005651,23.237892237532048,273.53448229157203,73.09818865803689,14.930342410104936,-184.42972355512893,109.78726051287502
patient_109,78.0,3.12,36.919452811916514,407.38249222386014,125.23073263253316,30.8326338831555,189.86854114058627,74.33149401336311,52.270207150667744,933.4966185140703,111.87806879890174
patient_109,79.0,3.16,28.5195239783286,-209.99822083969786,126.3715135916663,14.694922470208592,-403.44278532367264,74.91929091217145,18.97583266423973,-832.3593621607004,112.63710210547131
patient_109,80.0,3.2,26.739036795830295,-44.51217956245763,127.4410750634995,16.995365140040263,57.51106674579178,75.59910551777307,22.227983520511064,81.30377140678337,113.52622144629174
patient_109,81.0,3.24,51.88997324868457,628.7734113213569,129.5166739934469,26.48341817809988,237.20132595149036,76.65844224489706,22.52130195730543,7.332960919859133,114.42707352458396
patient_109,82.0,3.28,18.56754588056033,-833.0606842031059,130.2593758286693,26.82020579002162,8.41969029804357,77.73125047649792,6.909012759602965,-390.30722994256155,114.70343403496807
patient_109,83.0,3.32,28.43916413139766,246.79045627093325,131.39694239392523,16.631298816747844,-254.72267433184444,78.39650242916784,8.826530753049939,47.93794983617434,115.05649526509006
patient_109,84.0,3.36,15.80621824282777,-315.8236472142473,132.02919112363833,52.0075583281474,884.4064877849888,80.47680476229374,150.28236403231745,3536.3958319816875,121.06778982638276
patient_109,85.0,3.4,42.544282130308744,668.4515971870244,133.73096240885067,17.335916236717633,-866.791052285744,81.17024141176243,56.03008234848614,-2356.307042095783,123.30899312032221
patient_109,86.0,3.44,17.927391753712097,-615.4222594149162,134.44805807899917,10.391052526467282,-173.62159275625876,81.58588351282113,18.185578279579325,-946.1126017226704,124.03641625150539
patient_109,87.0,3.48,25.653494104841947,193.15255877824623,135.47419784319285,2.823165487322621,-189.19717597861654,81.69881013231402,31.465167386369302,331.9897276697494,125.29502294696015
patient_109,88.0,3.52,31.652137146605085,149.96607604407845,136.74028332905706,22.445345641889645,490.5545038641757,82.5966239579896,37.51464856430464,151.23702944838354,126.79560888953232
patient_109,89.0,3.56,35.89621326450108,106.10190294739982,138.1761318596371,19.28836730420765,-78.92445844204987,83.36815865015791,25.11062059154265,-310.10069931904985,127.80003371319403
patient_109,90.0,3.6,4.781133780467479,-777.87698710084,138.3673772108558,22.986280405644898,92.4478275359312,84.2876098663837,28.68949539303142,89.47187003721933,128.94761352891527
patient_109,91.0,3.64,21.814198063817337,425.82660708374647,139.2399451334085,7.035356322141193,-398.7731020875926,84.56902411926934,31.304284062204594,65.36971672932933,130.19978489140348
patient_109,92.0,3.68,18.089394794681905,-93.1200817283858,139.96352092519578,7.570956658580036,13.390008410971067,84.87186238561254,36.10848021899552,120.10490391977307,131.6441241001633
patient_109,93.0,3.72,23.14592722634054,126.41331079146588,140.88935801424938,16.812865063833602,231.04771013133916,85.5443769881659,21.143571030557354,-374.1227297109541,132.4898669413856
patient_109,94.0,3.76,12.109643177746573,-275.90710121484915,141.37374374135925,26.064565476164994,231.2925103082848,86.5869596072125,13.41686583034974,-193.16763000519032,133.02654157459958
patient_109,95.0,3.8,29.87546188025303,444.14546756266145,142.56876221656938,9.023877448705333,-426.0172006864915,86.94791470516071,21.181996093827088,194.1282565869337,133.87382141835266
patient_109,96.0,3.84,52.00383967006697,553.2094447453484,144.64891580337206,15.644182258408055,165.50762024256804,87.57368199549703,50.52585719277533,733.5965274737059,135.89485570606365
patient_109,97.0,3.88,31.00473118893607,-524.9777120282724,145.88910505092952,19.197226966889723,88.8261177120417,88.3415710741726,23.040401585889878,-687.1363901721362,136.81647176949926
patient_109,98.0,3.92,9.942074967789765,-526.5664055286576,146.2867880496411,11.967561137929003,-180.74164572401799,88.82027351968976,13.972332148192772,-226.70173594242766,137.37536505542698
patient_109,99.0,3.96,24.33093486412789,359.72149740845316,147.2600254442062,17.815063468293864,146.18755825912154,89.53287605842152,6.653615014128751,-182.9679283516005,137.6415096559921
patient_109,100.0,4.0,4.955150381405714,-484.39461206805436,147.45823145946244,17.51124819368194,-7.595381865298112,90.23332598616881,29.251308631386024,564.9423404314318,138.81156200124758
patient_109,101.0,4.04,43.807078503202305,971.2982030449148,149.21051459959054,12.567428262295877,-123.59549828465157,90.73602311666063,48.01495070342723,469.0910518010302,140.73216002938466
patient_109,102.0,4.08,22.629779127964042,-529.4324843809566,150.1157057647091,19.063802645738548,162.40935958606678,91.49857522249017,13.022109463749084,-874.8210309919538,141.25304440793462
patient_109,103.0,4.12,40.458969274942746,445.7297536744676,151.7340645357068,8.814610554769676,-256.2298022742218,91.85115964468098,9.938109925393382,-77.09998845889254,141.65056880495035
patient_109,104.0,4.16,26.093083322215495,-359.1471488181813,152.77778786859542,7.829473066322444,-24.6284372111808,92.16433856733387,37.82485610693471,697.1686545385331,143.16356304922775
patient_109,105.0,4.2,18.873698029956817,-180.48463230646695,153.5327357897937,12.27108222882912,111.04022906266692,92.65518185648703,15.768841623907285,-551.4003620756856,143.79431671418402
patient_109,106.0,4.24,17.80766030178729,-26.650943204238153,154.24504220186518,30.205185288245403,448.352576485407,93.86338926801686,38.88745352592553,577.9652975504562,145.34981485522104
patient_109,107.0,4.28,17.593398542618065,-5.3565439792306435,154.9487781435699,25.038926546395636,-129.15646854624416,94.86494632987268,18.035134033997927,-521.30798729819,146.07122021658097
patient_109,108.0,4.32,14.660647220992244,-73.31878304064551,155.5352040324096,72.54347583284363,1187.6137321611998,97.76668536318643,149.98803234079588,3298.8224576699486,152.0707415102128
patient_109,109.0,4.36,99.58580071733957,2123.128837408683,159.5186360611032,71.86438456279525,-16.97728175120936,100.64126074569823,75.96939701399091,-1850.4658831701242,155.10951739077245
patient_109,110.0,4.4,123.34002619304128,593.8556368925429,164.45223710882485,52.601657406546515,-481.5681789062184,102.7453270419601,70.63234972472566,-133.42618223163143,157.9348113797615
patient_109,111.0,4.44,81.72854317193246,-1040.2870755277206,167.72137883570215,45.57486391843564,-175.6698372027719,104.56832159869754,53.94055677203352,-417.2948238173035,160.09243365064285
patient_109,112.0,4.48,57.972410201466566,-593.9033242616473,170.04027524376082,48.39119950894187,70.40838976265569,106.50396957905521,76.30725727973139,559.1675126924467,163.1447239418321
patient_109,113.0,4.52,56.25369653250018,-42.96784172415968,172.2904231050608,27.149824558892085,-531.0343737512445,107.5899625614109,40.4535126656344,-896.3436153524248,164.76286444845746
patient_109,114.0,4.56,81.1234720435445,621.7443877761079,175.53536198680257,30.884164936444712,93.35850943881567,108.8253291588687,47.493350822953154,175.99595393296886,166.6625984813756
patient_109,115.0,4.6,21.339015726426695,-1494.611407927945,176.38892261585963,22.863365282608147,-200.51999134591415,109.73986377017303,40.76171667802251,-168.29085362326612,168.29306714849653
patient_109,116.0,4.64,24.0876540432926,68.7159579216476,177.35242877759134,38.93938461143411,401.900483220649,111.2974391546304,38.14082027190978,-65.5224101528182,169.8186999593729
patient_109,117.0,4.68,37.724445186358224,340.9197785766406,178.86140658504567,45.40846843412563,161.72709556728807,113.11377789199541,8.619426460012152,-738.0348452974408,170.16347701777337
patient_109,118.0,4.72,2.126675371222201,-889.9442453784006,178.94647359989457,42.65581457056273,-68.81634658907245,114.82001047481792,30.608948645017378,549.7380546251306,171.38783496357405
patient_109,119.0,4.76,3.8223102862897465,42.39087287668863,179.09936601134615,41.524414712839366,-28.284996443084154,116.48098706333148,20.21224888020549,-259.9174941202972,172.19632491878227
patient_109,120.0,4.8,69.91933166833306,1652.4255345510828,181.89613927807946,30.659526620515557,-271.6222023080952,117.7073681281521,27.45124456412861,180.97489209807804,173.2943747013474
patient_109,121.0,4.84,22.95609845746776,-1174.0808302716325,182.8143832163782,14.874884181746527,-394.61606096922577,118.30236349542196,27.628401127709868,4.4289140895314105,174.3995107464558
patient_109,122.0,4.88,75.38834786652441,1310.8062352264162,185.8299171310392,20.354120236159936,136.98090136033522,119.11652830486835,33.156971367991346,138.21425600703697,175.72578960117545
patient_109,123.0,4.92,14.979521246955123,-1510.2206654892323,186.4290979809174,23.607414905163747,81.33236672509527,120.06082490107491,27.771367217765718,-134.6401037556407,176.8366442898861
patient_109,124.0,4.96,45.79391243790078,770.3597797736414,188.26085447843343,12.305202103129677,-282.5553200508518,120.5530329852001,22.99538120227217,-119.39965038733868,177.75645953797698
patient_109,125.0,5.0,60.583503815880455,369.7397844494919,190.68419463106864,31.372878612110988,476.69191272453276,121.80794812968453,78.15748486316373,1379.052591522289,180.88275893250352
patient_109,126.0,5.04,24.047761910321746,-913.3935476389677,191.64610510748153,12.563512453654694,-470.2341539614073,122.31048862783072,12.989312965279952,-1629.2042974470946,181.40233145111472
patient_109,127.0,5.08,20.700908257865915,-83.67134131139578,192.47414143779616,9.983175987688561,-64.5084116491533,122.70981566733826,28.837110088458125,396.1949280794543,182.55581585465305
patient_109,128.0,5.12,12.4144193004686,-207.16222393493288,192.97071820981492,9.598493826638048,-9.617054026262828,123.09375542040378,38.86039646612803,250.58215944174762,184.11023171329816
patient_109,129.0,5.16,49.69767337025939,932.0813517447697,194.9586251446253,10.544775252545922,23.657035647696834,123.51554643050562,45.279832118935786,160.4858913201939,185.92142499805558
patient_109,130.0,5.2,8.31043503812739,-1034.6809583033,195.29104254615038,16.734067322473056,154.73230174817837,124.18490912340454,32.12338124427276,-328.91127186657576,187.2063602478265
patient_109,131.0,5.24,12.476030384255932,104.13988365321356,195.7900837615206,11.256103530108312,-136.94909480911858,124.63515326460887,6.772830632395079,-633.763765296942,187.4772734731223
patient_109,132.0,5.28,21.70025515040586,230.60561915374817,196.65809396753684,70.95152298316474,1492.3854863264105,127.47321418393545,98.80350415548698,2300.7668380772975,191.42941363934176
patient_109,133.0,5.32,25.5556450823021,96.38474829740602,197.68031977082893,117.21756940541813,1156.6511605563348,132.16191696015218,70.21658296261288,-714.6730298218525,194.2380769578463
patient_109,134.0,5.36,83.90166809455351,1458.6505753062854,201.03638649461107,60.94245580800374,-1406.8778399353598,134.59961519247233,106.29233227073021,901.8937327029334,198.48977024867548
patient_109,135.0,5.4,130.6957711825011,1169.8525771986895,206.2642173419111,394.87837213443004,8348.397908160658,150.39475007784952,482.30060202296386,9400.206743805842,217.78179432959405
patient_109,136.0,5.44,723.6706249339605,14824.371343786486,235.2110423392695,284.02407059406954,-2771.3575385090126,161.75571290161233,400.88437527107266,-2035.40566879728,233.81716934043695
patient_109,137.0,5.48,519.4855452023786,-5104.626993289548,255.99046414736466,972.6730742629572,17216.22509172219,200.6626358721306,965.1258691940698,14106.037348074926,272.4222041081997
patient_109,139.0,5.56,,,255.99046414736466,,,200.6626358721306,,,272.4222041081997
patient_109,140.0,5.6,296.99122927528265,,267.87011331837596,235.20626377200253,,210.0708864230107,359.7109438498942,,286.8106418621955
patient_109,141.0,5.64,242.306860746072,-1367.109213230266,277.56238774821884,343.24974740337217,2701.087090784241,223.8008763191456,307.143435047737,-1314.1877200539298,299.09637926410494
patient_109,142.0,5.68,164.13188932531602,-1954.3742855188996,284.12766332123147,216.0361671699484,-3180.339505835594,232.44232300594354,194.4379480471007,-2817.637175015908,306.873897185989
patient_109,143.0,5.72,80.40261994300248,-2093.2317345578385,287.3437681189516,76.79362406343384,-3481.063577662864,235.51406796848087,92.73823297085048,-2542.4928769062553,310.583426504823
patient_109,144.0,5.76,97.642437664499,430.99544303741305,291.2494656255315,130.66348985815182,1346.7466448679495,240.74060756280696,235.82778972211239,3577.238918781548,320.0165380937075
patient_109,145.0,5.8,146.72922813287096,1227.1697617092989,297.11863475084635,234.551234991166,2597.193628325355,250.1226569624536,57.77409974624999,-4451.34224939656,322.3275020835575
patient_109,146.0,5.84,128.61860304926302,-452.76562709019856,302.2633788728169,118.62745244987578,-2898.094563532256,254.86775506044862,113.70390059568298,1398.2450212358249,326.8756581073848
patient_109,147.0,5.88,63.11832213482088,-1637.5070228610532,304.7881117582097,85.61828126093268,-825.2292797235775,258.2924863108859,145.43692451523188,793.3255979887225,332.6931350879941
patient_109,148.0,5.92,51.84342938777666,-281.87231867610546,306.86184893372075,64.9912992542698,-515.6745501665717,260.8921382810567,71.0543123978272,-1859.565302935117,335.5353075839072
patient_109,149.0,5.96,52.05982093296899,5.409788629808254,308.9442417710395,45.25562884402225,-493.39176025618895,262.7023634348176,17.005291967264025,-1351.2255107640794,336.21551926259775
patient_109,150.0,6.0,21.365659282270798,-767.3540412674548,309.7988681423304,30.921629582809125,-358.3499815303281,263.9392286181299,86.16848487503157,1729.0798226941884,339.662258657599
patient_109,151.0,6.04,58.085740442998926,918.0020290182032,312.1222977600503,136.897534339539,2649.3976189182467,269.41512999171147,112.38636455891877,655.4469920971801,344.1577132399558
patient_109,152.0,6.08,36.59346784909182,-537.3068148476775,313.586036474014,59.22627444040833,-1941.7814974782666,271.7841809693278,99.70683979082558,-316.9881192023297,348.1459868315888
patient_109,153.0,6.12,33.558649189186184,-75.87046649764098,314.92838244158145,134.02839983830745,1870.053134947478,277.1453169628601,37.33099967575055,-1559.3960028768759,349.63922681861885
patient_109,154.0,6.16,138.45525413164464,2622.4151235614613,320.4665926068472,259.93757827789005,3147.7294609895653,287.5428200939757,615.5208005438117,14454.74502170153,374.26005884037136
patient_109,155.0,6.2,207.02094268936116,1714.1422139429133,328.74743031442165,557.1247149974123,7429.678417988056,309.82780869387216,462.28574809407706,-3830.8763112433653,392.7514887641344
patient_109,156.0,6.24,280.61521855962354,1839.8568967565595,339.9720390568066,796.4091721789612,5982.1114295387215,341.6841755810307,1029.3273967690045,14176.041216873187,433.9245846348946
patient_109,157.0,6.28,195.70800940215577,-2122.680228936694,347.8003594328929,386.1035128844869,-10257.641482361856,357.1283160964101,470.41237232164434,-13972.875611184003,452.7410795277603
patient_109,158.0,6.32,126.59012979293173,-1727.946990230601,352.86396462461016,144.29155919870126,-6045.298842144642,362.8999784643582,130.44787925006554,-8499.112326789469,457.9589946977629
patient_109,159.0,6.36,151.31410259925747,618.0993201581433,358.91652872858043,308.52698492231303,4105.885643090294,375.24105786125074,89.34943463636999,-1027.4611153423887,461.53297208321766
patient_109,160.0,6.4,206.34481728796882,1375.767867217784,367.1703214200992,257.647339047283,-1271.9911468757502,385.5469514231421,68.5610232022099,-519.7102858540024,464.27541301130606
patient_109,161.0,6.44,174.12763753438998,-805.4294938394712,374.1354269214748,191.7894769955952,-1646.4465512921954,393.2185305029659,147.40127205937554,1971.006221429141,470.17146389368116
patient_109,162.0,6.48,9.027223143149433,-4127.510359781014,374.4965158472008,29.4008345379403,-4059.7160614413724,394.3945638844835,61.90420263068676,-2137.4267357172193,472.6476319989086
patient_109,163.0,6.52,99.10899896769463,2252.04439561363,378.4608758059086,69.37015534662673,999.2330202171609,397.16937009834857,44.66934139372364,-430.871530924078,474.43440565465755
patient_109,164.0,6.56,39.49442990122654,-1490.3642266617023,380.0406530019576,66.27008167186071,-77.50184186915057,399.820173365223,12.549986251617606,-802.9838785526509,474.9364051047222
patient_109,165.0,6.6,69.82179194978407,758.1840512139383,382.833524679949,259.2221446499305,4823.801574451745,410.1890591512202,104.11035009630012,2289.0090961170627,479.1008191085742
patient_109,166.0,6.64,17.025673325778058,-1319.9029656001503,383.5145516129801,79.60542166405385,-4490.4180746469165,413.37327601778236,16.948796272190386,-2179.0388456027435,479.77877095946184
patient_109,167.0,6.68,56.41370312792699,984.7007450537234,385.7710997380972,48.569639742984926,-775.8945480267231,415.31606160750175,35.5958803354476,466.17710158143046,481.20260617287977
patient_109,168.0,6.72,59.82302110265062,85.23294936809069,388.16402058220325,116.35990798524719,1694.7567060565568,419.97045792691165,48.482342230832934,322.16154738463325,483.14189986211306
patient_109,169.0,6.76,129.6127549520015,1744.743346233772,393.3485307802832,93.43114338655158,-573.2191149673902,423.70770366237366,89.0589874351559,1014.4161301080741,486.70425935951926
patient_109,170.0,6.8,101.17289801713832,-710.9964233715793,397.39544670096876,102.54803845526453,227.92237671782374,427.80962520058426,131.89165683773479,1070.8167350644721,491.9799256330287
patient_109,171.0,6.84,72.54744273733081,-715.6363819951878,400.29734441046196,114.80507890454288,306.42601123195874,432.401828356766,89.03118457362075,-1071.5118066028508,495.5411730159735
patient_109,172.0,6.88,53.23746391005021,-482.74947068201504,402.426842966864,80.35651752819943,-861.2140344085863,435.616089057894,121.15672058336921,803.1384002437114,500.3874418393083
patient_109,173.0,6.92,59.587607870365645,158.7535990078859,404.8103472816786,40.52990854558391,-995.6652245653881,437.2372853997174,48.41863479938829,-1818.452144599523,502.3241872312839
patient_109,174.0,6.96,31.130397813992158,-711.4302514093372,406.0555631942383,40.44821998405563,-2.0422140382068577,438.85521419907957,86.98778005389948,964.2286313627798,505.8036984334399
patient_109,175.0,7.0,54.15706528417063,575.6666867544618,408.22184580560514,66.85043641499824,660.0554107735652,441.5292316556795,78.98381369270638,-200.0991590298277,508.9630509811481
patient_109,176.0,7.04,18.910536873221847,-881.1632102737196,408.978267280534,52.12784091273282,-368.06488755663554,443.61434529218883,72.49064585773147,-162.3291958743728,511.8626768154574
patient_109,177.0,7.08,15.399832977548668,-87.76759739182948,409.59426059963596,44.36117310875444,-194.16669509945947,445.388792216539,38.73542780859775,-843.880451228343,513.4120939278014
patient_109,178.0,7.12,32.60593483738935,430.15254649601695,410.8984979931315,44.652857063617674,7.292098871580777,447.17490649908376,36.69549008475117,-50.998443096164436,514.8799135311914
patient_109,179.0,7.16,5.064522116560148,-688.53531802073,411.1010788777939,18.77763676309963,-646.8805075129511,447.9260119696077,29.465490549769846,-180.7499883745331,516.0585331531821
patient_109,180.0,7.2,32.43741889897522,684.3224195603767,412.3985756337529,41.20555897889129,560.6980553947915,449.57423432876334,44.47843679994005,375.32365625425507,517.8376706251797
patient_109,181.0,7.24,42.45881616655346,250.5349316894561,414.0969282804151,79.29906728767152,952.3377077195057,452.7461970202702,46.362896490969476,47.11149227573568,519.6921864848185
patient_109,182.0,7.28,38.59585451742883,-96.5740412281157,415.6407624611122,65.22753010624983,-351.78842953554226,455.35529822452014,30.682578387320742,-392.0079525912183,520.9194896203113
patient_109,183.0,7.32,23.456176827664983,-378.49194224409626,416.57900953421887,65.47620248067928,6.216809360736164,457.9743463237473,39.516204736294014,220.8406587243318,522.5001378097631
patient_109,184.0,7.36,40.056894293501344,415.017936645909,418.1812853059589,35.45720785568151,-750.4748656249442,459.39263463797454,65.64471591679846,653.2127795126112,525.1259264464351
patient_109,185.0,7.4,38.22538085848283,-45.78783587546287,419.7103005402982,28.53435812421594,-173.0712432866392,460.5340089629432,28.19325180541072,-936.2866027846934,526.2536565186515
patient_109,186.0,7.44,18.400761426919285,-495.6154857890886,420.44633099737496,116.27776827777501,2193.5852538389768,465.18511969405415,73.92208183852405,1143.2207508278332,529.2105397921924
patient_109,187.0,7.48,217.49489955344868,4977.353453163235,429.1461269795129,74.00905113601732,-1056.7179285439422,468.14548173949487,117.28278549600142,1084.0175914369343,533.9018512120325
patient_109,188.0,7.52,342.11227926225297,3115.4344927201073,442.8306181500031,476.3085380745858,10057.487173464211,487.19782326247827,244.874406509791,3189.790525344739,543.6968274724242
patient_109,189.0,7.56,442.5611974043505,2511.222953552438,460.5330660461771,352.79558197165824,-3087.8239025731887,501.30964654134465,434.4156155121675,4738.530225059413,561.0734520929108
patient_109,190.0,7.6,518.6590853866754,1902.4471995581237,481.2794294616441,472.0562568646445,2981.516872324657,520.1918968159304,460.93451052731893,662.9723753787857,579.5108325140036
patient_109,191.0,7.64,518.6959820234779,0.9224159200613258,502.02726874258326,550.6757822508815,1965.488134655925,542.2189281059656,611.8362147114011,3772.5426046020543,603.9842811024596
patient_109,192.0,7.68,299.23858185404924,-5486.435004235716,513.9968120167453,684.201795543391,3338.1503323127363,569.5869999277013,471.39682317458994,-3510.984788420279,622.8401540294432
patient_109,193.0,7.72,84.03337014045152,-5380.130292839943,517.3581468223633,279.7383908237568,-10111.585117990855,580.7765355606515,213.66648394011366,-6443.258480861907,631.3868133870477
patient_109,194.0,7.76,49.90308456150827,-853.2571394735813,519.3542702048236,71.19426325836616,-5213.603189134766,583.6243060909862,134.8971576731056,-1969.2331566752018,636.7826996939718
patient_109,195.0,7.8,92.33893299638706,1060.8962108719697,523.0478275246791,77.34737365450168,153.8277599033879,586.7182010371663,161.9768342110961,676.9919134497627,643.2617730624157
patient_109,196.0,7.84,177.71796091938566,2134.4756980749653,530.1565459614545,82.46618770091588,127.97035116035502,590.016848545203,87.86870931064477,-1852.7031225112833,646.7765214348416
patient_109,197.0,7.88,146.54581711271874,-779.3035951666731,536.0183786459634,124.32276639829598,1046.4144674345025,594.9897592011348,253.779490023604,4147.769517823981,656.9277010357857
patient_109,198.0,7.92,187.1480067223674,1015.0547402412166,543.504298914858,115.68076837452786,-216.0499505942031,599.6169899361159,91.8647153709266,-4047.869366316935,660.6022896506229
patient_109,199.0,7.96,173.33834194043118,-345.24161954840554,550.4378325924753,291.86858445026803,4404.695401893504,611.2917333141266,143.9436136857913,1301.9724578716173,666.3600341980544
patient_109,200.0,8.0,185.07456379558866,293.40554637893706,557.8408151442987,175.89764221059588,-2899.2735559918037,618.3276390025505,157.92785615284754,349.60606167640617,672.6771484441684
patient_109,201.0,8.04,76.29524524901905,-2719.4829636642403,560.8926249542595,62.668059268053696,-2830.7395735635546,620.8343613732726,110.88373714902943,-1176.1029750954528,677.1124979301296
patient_109,202.0,8.08,73.60658834087066,-67.21642270370971,563.8368884878943,150.76760213678975,2202.488571718401,626.8650654587442,95.6864424483741,-379.93236751638335,680.9399556280646
patient_109,203.0,8.12,25.897860017705494,-1192.718208079129,564.8728028886026,149.6230295714076,-28.614314134553354,632.8499866416005,84.3772218594923,-282.730514722045,684.3150445024444
patient_109,204.0,8.16,99.31742453081539,1835.4891128277472,568.8454998698351,143.50387761944668,-152.97879879902325,638.5901417463783,75.91389158703895,-211.58325681133368,687.3516001659259
patient_109,205.0,8.2,245.21106895386154,3647.3411105761543,578.6539426279896,587.2443754589046,11093.51244598645,662.0799167647345,388.90801744652475,7824.853146487145,702.9079208637869
patient_109,206.0,8.24,187.56407819722443,-1441.1747689159276,586.1565057558786,428.1609987147431,-3977.0844186040395,679.2063567133242,381.2416206390329,-191.65992018729696,718.1575856893483
patient_109,207.0,8.28,35.068712343392306,-3812.3841463458034,587.5592542496144,322.3416571047678,-2645.4835402493813,692.1000229975149,446.9011683661255,1641.4886931773153,736.0336324239933
patient_109,208.0,8.32,239.33247968519177,5106.594183544987,597.132553437022,385.90509897677606,1589.086046800206,707.5362269565859,487.97070316454784,1026.7383699605589,755.5524605505752
patient_109,209.0,8.36,129.72665856464323,-2740.1455280137134,602.3216197796078,197.58895926688194,-4707.903492747353,715.4397853272612,236.97538445139955,-6274.8829678287075,765.0314759286312
patient_109,210.0,8.4,154.01546597923178,607.2201853647136,608.482238418777,98.19256930019982,-2484.909749167053,719.3674880992693,64.84548923082885,-4303.247380514267,767.6252954978643
patient_109,211.0,8.44,107.03744527691396,-1174.4505175579454,612.7637362298535,64.05600655420513,-853.4140686498674,721.9297283614375,5.60425870500933,-1481.030763145488,767.8494658460647
patient_109,212.0,8.48,89.01450875439683,-450.5734130629282,616.3243165800294,52.27170531355332,-294.6075310162952,724.0205965739796,72.68449229841731,1677.0058398351996,770.7568455380014
patient_109,213.0,8.52,70.01758673355695,-474.92305052099687,619.1250200493716,30.47584846077903,-544.8964213193573,725.2396305124107,33.93754221890895,-968.673751987709,772.1143472267577
patient_109,214.0,8.56,71.16137745050227,28.594767923632958,621.9714751473917,94.62551290602042,1603.7416111310347,729.0246510286514,27.19794281843403,-168.48998501187307,773.2022649394951
patient_109,215.0,8.6,52.19241075028186,-474.2241675055103,624.059171577403,163.2326805295994,1715.1791905894747,735.5539582498354,2.215868307160006,-624.5518627818507,773.2908996717815
patient_109,216.0,8.64,45.40531966344076,-169.67727717102753,625.8753843639407,119.28125478848467,-1098.7856435278684,740.3252084413748,11.646750525032125,235.77205544680297,773.7567696927829
patient_109,217.0,8.68,58.30114417203187,322.39561271477777,628.207430130822,31.045475861594774,-2205.8944731722477,741.5670274758387,15.055570179538808,85.22049136266708,774.3589924999644
patient_109,218.0,8.72,61.42301454826931,78.04675940593597,630.6643507127527,106.42976712425454,1884.6072815664938,745.8242181608089,73.09866687421629,1451.0774173669372,777.282939174933
patient_109,219.0,8.76,105.64516966714153,1105.5538779718056,634.8901574994384,76.16860704503969,-756.5290019803712,748.8709624426104,49.466404792041246,-590.8065520543762,779.2615953666146
patient_109,220.0,8.8,76.11821388795818,-738.1738944795839,637.9348860549567,24.148387441260265,-1300.5054900944856,749.8368979402608,34.15742497602265,-382.724495400465,780.6278923656556
patient_109,221.0,8.84,64.7887325554779,-283.23703331200676,640.5264353571758,27.43313646009632,82.1187254709014,750.9342233986646,16.0654435075948,-452.29953671069615,781.2705101059594
patient_109,222.0,8.88,230.4353591953004,4141.165665995562,649.7438497249879,367.44462665014726,8500.287254751274,765.6320084646705,59.408515705368174,1083.5768049443343,783.6468507341741
patient_109,223.0,8.92,422.45362840597704,4800.456730266916,666.6419948612269,592.9545986721729,5637.749300550641,789.3501924115574,553.5372942952681,12353.219464747499,805.7883425059848
patient_109,224.0,8.96,403.6841797250815,-469.23621702238876,682.7893620502301,1484.6670060354843,22292.810184082784,848.7368726529768,1268.9307621409903,17884.836696143055,856.5455729916243
patient_109,225.0,9.0,190.5166483468958,-5329.188284454642,690.410027984106,301.2029019860836,-29586.60260123502,860.7849887324201,180.4024436616335,-27213.20796198392,863.7616707380897
patient_109,226.0,9.04,315.22094216555746,3117.607345466541,703.0188656707282,726.3074108261787,10627.612721002379,889.8372851654672,336.1934660046287,3894.77555857488,877.2094093782748
patient_109,227.0,9.08,66.04381371409593,-6229.4282112865385,705.6606182192921,72.482715240954,-16345.617389630619,892.7365937751052,20.657210502252678,-7888.406387559401,878.035697798365
patient_109,228.0,9.12,212.2051653303998,3654.033790407597,714.1488248325081,182.26185062366494,2744.478384567774,900.0270678000519,59.241347507004235,964.6034251187889,880.4053516986451
patient_109,229.0,9.16,138.5304271897313,-1841.8684535167124,719.6900419200974,55.9542042256494,-3157.6911599503887,902.2652359690779,281.11719939153096,5546.896297113168,891.6500396743063
patient_109,230.0,9.2,87.06063164791466,-1286.7448885454162,723.1724671860139,85.7305204631936,744.407905938605,905.6944567876056,152.72057173048412,-3209.915691526171,897.7588625435257
patient_109,231.0,9.24,142.42292113119768,1384.0572370820755,728.8693840312619,83.26646751354355,-61.601323741251335,909.0251154881473,96.9823535722782,-1393.4554539551482,901.6381566864168
patient_109,232.0,9.28,79.47716947227546,-1573.6437914730554,732.0484708101529,133.3505948354584,1252.1031830478712,914.3591392815656,82.17434586335958,-370.2001927229656,904.9251305209513
patient_109,233.0,9.32,24.829460367027142,-1366.192727631208,733.0416492248339,136.2116708041315,71.52689921682764,919.8076061137309,88.37350166261123,154.9788949812914,908.4600705874557
patient_109,234.0,9.36,46.54947111151638,543.000268612231,734.9036280692947,18.371901302110764,-2945.9942375505184,920.5424821658153,230.0682119840595,3542.367758036207,917.6627990668181
patient_109,235.0,9.4,21.306875694374646,-631.0648854285434,735.7559030970697,136.49845122687026,2953.1637481189873,926.0024202148902,101.18746342497778,-3222.0187139770433,921.7102976038171
patient_109,236.0,9.44,222.04334995149594,5018.4118564280325,744.6376370951294,255.49323771992692,2974.869662326417,936.2221497236872,199.85260761045697,2466.6286046369796,929.7044019082355
patient_109,237.0,9.48,159.26276047808818,-1569.514736835194,751.0081475142529,343.67437524621255,2204.5284381571405,949.9691247335358,374.240084915016,4359.686932613975,944.674005304836
patient_109,238.0,9.52,11.27557996538218,-3699.67951281765,751.4591707128682,58.44611101147846,-7130.706605868352,952.3069691739948,92.82727266683666,-7035.320306204483,948.3870962115095
patient_109,239.0,9.56,213.34985925996392,5051.856982364544,759.9931650832668,448.5168940927136,9751.769577030878,970.2476449377034,348.29323749384815,6386.649120675287,962.3188257112633
patient_109,240.0,9.6,261.11049342709543,1194.0158541782878,770.4375848203506,676.4196180019748,5697.56809773153,997.3044296577824,690.5521031162623,8556.471640560354,989.9409098359138
patient_109,241.0,9.64,157.28506004024038,-2595.6358346713764,776.7289872219603,115.86745881974146,-14013.80397955583,1001.9391280105722,446.30909753167873,-6106.075139614589,1007.7932737371808
patient_109,242.0,9.68,68.59096449470364,-2217.3523886384187,779.4726258017483,166.24003966213436,1259.3145210598227,1008.5887295970575,321.2115240813241,-3127.4393362588653,1020.6417347004339
patient_109,243.0,9.72,84.75326208088413,404.05743965451217,782.8627562849838,103.58646164061547,-1566.3394505379724,1012.7321880626821,133.043480632679,-4704.201086216128,1025.963473925741
patient_109,244.0,9.76,98.08978666517513,333.41311460727496,786.7863477515908,48.25461520222801,-1383.2961609596864,1014.6623726707713,66.36630941907815,-1666.9292803400215,1028.6181263025042
patient_109,245.0,9.8,72.393337610112,-642.4112263765782,789.6820812559953,57.088947392898206,220.85830476675488,1016.9459305664873,41.33845722026251,-625.6963049703909,1030.2716645913147
patient_109,246.0,9.84,82.42734061453906,250.85007511067658,792.9791748805769,24.207994289844777,-822.0238275763357,1017.914250338081,43.43766759685794,52.480259414885744,1032.009171295189
patient_109,247.0,9.88,55.20918314830635,-680.4539366558178,795.1875422065091,227.5824449277047,5084.361265946498,1027.0175481351894,77.69678544607554,856.4779462304399,1035.1170427130319
patient_109,248.0,9.92,101.40988522210003,1155.017551844842,799.2439376153931,42.31084073403934,-4631.790104841634,1028.709981764551,84.94600870003319,181.2305813489413,1038.5148830610333
patient_109,249.0,9.96,78.17084259467849,-580.9760656855385,802.3707713191802,22.198637180558304,-502.80508883702583,1029.5979272517732,25.405547259259436,-1488.5115360193438,1039.5311049514037
patient_109,250.0,10.0,70.70793565178649,-186.57267357230012,805.1990887452516,107.48667385856804,2132.2009169502435,1033.897394206116,37.67854918558056,306.82504815802804,1041.0382469188269
patient_109,251.0,10.04,62.87318917719332,-195.8686618648292,807.7140163123394,58.361522924138235,-1228.128773360745,1036.2318551230815,41.33641109748985,91.44654779773234,1042.6917033627265
patient_109,252.0,10.08,84.33651770748149,536.5832132572043,811.0874770206386,132.07223706127908,1842.7678534285214,1041.5147446055325,123.75856244732897,2060.553783745978,1047.6420458606196
patient_109,253.0,10.12,60.83387881098785,-587.5659724123411,813.5208321730781,80.8957528806509,-1279.4121045157044,1044.7505747207586,57.3414257285015,-1660.4284179706865,1049.9357028897598
patient_109,254.0,10.16,147.54543316731002,2167.7888589080544,819.4226494997705,345.30971439654195,6610.3490378972765,1058.5629632966202,51.14058284592735,-155.02107206435375,1051.9813262035968
patient_109,255.0,10.2,272.77409535637867,3130.716554726716,830.3336133140256,226.9638483130961,-2958.6466520861463,1067.641517229144,191.63358845968605,3512.3251403439676,1059.6466697419842
patient_109,256.0,10.24,318.3214093271818,1138.6828492700786,843.0664696871129,673.5123837276528,11163.713385363919,1094.5820125782502,555.1056304205647,9086.801049021966,1081.8508949588067
patient_109,257.0,10.28,200.0005205439917,-2958.0222195797523,851.0664905088726,817.4729063103966,3599.013064568595,1127.280928830666,662.35393206158,2681.2075410253838,1108.34505224127
patient_109,258.0,10.32,370.9408992127579,4273.509466719155,865.9041264773828,874.1172088873345,1416.1075644234472,1162.2456171861593,808.6049659925934,3656.275848275334,1140.6892508809738
patient_109,259.0,10.36,52.25765516178245,-7967.081101274387,867.9944326838541,68.50026960710345,-20140.42348200578,1164.9856279704434,24.80263515788032,-19595.058270867827,1141.681356287289
patient_109,260.0,10.4,386.6423448587887,8359.617242425156,883.4601264782057,601.0851199946278,13314.62125968811,1189.0290327702285,428.47323191767333,10091.764918994824,1158.8202855639959
patient_109,261.0,10.44,244.52720601627536,-3552.878471062834,893.2412147188567,580.9054439050914,-504.4919022384107,1212.2652505264323,358.5326050948887,-1748.5156705696156,1173.1615897677914
patient_109,262.0,10.48,160.88789702449378,-2090.9827247945395,899.6767305998364,204.7997906392866,-9402.64133164512,1220.4572421520038,214.57846512895009,-3598.8534991484657,1181.7447283729496
patient_109,263.0,10.52,116.39611319944166,-1112.2945956263031,904.332575127814,95.62567506663092,-2729.3528893163925,1224.282269154669,262.45393336512484,1196.886705904369,1192.2428857075545
patient_109,264.0,10.56,107.74726068993446,-216.22131273767985,908.6424655554115,243.158014418709,3688.308483801952,1234.0085897314175,284.10596827244876,541.3008726830981,1203.6071244384525
patient_109,265.0,10.6,65.9819183584414,-1044.1335582873264,911.2817422897491,120.90409792205652,-3056.347912416312,1238.8447536482997,54.01283575261382,-5752.328312995874,1205.7676378685571
patient_109,266.0,10.64,72.05340188402721,151.7870881396451,914.1638783651101,249.0778052543635,3204.342683307675,1248.8078658584743,102.65040285392242,1215.939177532715,1209.8736539827141
patient_109,267.0,10.68,120.08143953649767,1200.7009413117614,918.96713594657,200.36361853338076,-1217.8546680245688,1256.8224105998095,275.2432230345658,4314.820504516085,1220.8833829040966
patient_109,268.0,10.72,328.87043811984734,5219.724964583742,932.121953471364,555.2008793771696,8870.93152109472,1279.0304457748964,418.65039765150766,3585.1793654235466,1237.629398810157
patient_109,269.0,10.76,351.5406898579681,566.7562934530196,946.1835810656827,605.8147956653785,1265.347907205222,1303.2630376015115,752.5679603346831,8347.939067079385,1267.7321172235443
patient_109,270.0,10.8,81.43048218131707,-6752.755191916276,949.4408003529353,229.43771573937374,-9409.426998150118,1312.4405462310865,120.45733604560758,-15802.765607226887,1272.5504106653686
patient_109,271.0,10.84,151.66925240770755,1755.9692556597618,955.5075704492436,88.38021306306064,-3526.4375669078277,1315.9757547536087,128.6946873446151,205.93378247518785,1277.6981981591532
patient_109,272.0,10.88,183.26394708969895,789.867367049785,962.8381283328315,1405.4492748735825,32926.726545263045,1372.193725748552,1572.1673894672904,36086.81755306688,1340.5848937378448
patient_109,273.0,10.92,380.14730037918423,4922.083832237132,978.0440203479989,596.9803524529837,-20211.72306051497,1396.0729398466713,579.6485875524895,-24812.97004787002,1363.7708372399443
patient_109,274.0,10.96,264.31905575131964,-2895.7061156966147,988.6167825780517,201.5633975596558,-9885.423872333196,1404.1354757490576,157.83590455320117,-10545.317074982207,1370.0842734220723
patient_109,275.0,11.0,251.14208523844448,-329.424262821879,998.6624659875894,186.15233878438687,-385.27646938172353,1411.581569300433,76.25022223800799,-2039.6420578798295,1373.1342823115926
patient_109,276.0,11.04,222.7364765807349,-710.1402164427398,1007.5719250508188,195.40982990953796,231.43727812877728,1419.3979624968144,81.2648676339248,125.36613489792003,1376.3848770169495
patient_109,277.0,11.08,153.74069465327105,-1724.894548186596,1013.7215528369497,129.7193576449829,-1642.2618066138766,1424.5867368026138,91.90601483038328,266.0286799114623,1380.0611176101647
patient_109,278.0,11.12,125.01403045515589,-718.166604952879,1018.722114055156,41.25668370610697,-2211.566848471898,1426.2370041508582,54.048551104656056,-946.4365931431807,1382.2230596543511
patient_109,279.0,11.16,33.65822399693979,-2283.8951614554026,1020.0684430150336,59.41827126444731,454.0396889585086,1428.6137350014362,39.12902500456151,-372.9881525023636,1383.7882206545337
patient_109,280.0,11.2,33.09049530411929,-14.193217320512552,1021.3920628271984,48.3906119673601,-275.6914824271803,1430.5493594801308,15.864017480000795,-581.6251881140179,1384.4227813537336
patient_109,281.0,11.24,42.419680632297684,233.22963320445993,1023.0888500524903,123.55608174113702,1879.136744344423,1435.4916027497761,42.53891072487803,666.8723311219308,1386.1243377827288
patient_109,282.0,11.28,23.555347130093303,-471.60833755510953,1024.031063937694,69.19991281745328,-1358.9042230920934,1438.2595992624742,44.031745248384006,37.320863087649414,1387.8856075926642
patient_109,283.0,11.32,43.926591891915535,509.28111904555584,1025.7881276133705,82.7733923975111,339.33698950144554,1441.5705349583745,76.0520875784241,800.5085582510026,1390.9276910958015
patient_109,284.0,11.36,30.07498457395111,-346.29018294911066,1026.9911269963286,121.63280542062411,971.4853255778252,1446.4358471751996,106.86632944507362,770.3560466662377,1395.2023442736045
patient_109,285.0,11.4,41.41624296276123,283.53145972025305,1028.6477767148392,11.81591736485367,-2745.422201394261,1446.9084838697936,40.22355576532611,-1666.0693419936877,1396.8112865042174
patient_109,286.0,11.44,58.64808570717966,430.79606861046074,1030.9937001431263,101.71019663535606,2247.3569817625594,1450.976891735208,32.02863647116087,-204.87298235413095,1398.0924319630637
patient_109,287.0,11.48,62.61665467906714,99.21422429718696,1033.498366330289,61.70868134454431,-1000.0378822702936,1453.4452389889898,71.4865375806873,986.4475277381606,1400.951893466291
patient_109,288.0,11.52,35.178765983663475,-685.9472173850916,1034.9055169696355,52.54888082649473,-228.99501295123946,1455.5471942220495,471.2091799631234,9993.066059560902,1419.800260664816
patient_109,289.0,11.56,193.41730930175132,3955.963582952196,1042.6422093417057,54.60998214292773,51.5275329108249,1457.7315935077668,129.8908962923381,-8532.957091769631,1424.9958965165094
patient_109,290.0,11.6,415.44368958695236,5550.659507130026,1059.2599569251836,534.9124337613163,12007.561290459713,1479.1280908582194,447.71472843857214,7945.595803655851,1442.9044856540525
patient_109,291.0,11.64,17.59256850593513,-9946.278027025432,1059.963659665421,58.249984844843084,-11916.561222911829,1481.458090252013,50.3262584364572,-9934.711750052875,1444.9175359915107
patient_109,292.0,11.68,436.6178536727397,10475.632129170115,1077.4283738123306,986.4068282637458,23203.921085472568,1520.914363382563,812.664703710578,19058.46113185302,1477.4241241399338
patient_109,293.0,11.72,378.39838568484254,-1455.4866996974297,1092.5643092397243,724.1082098711429,-6557.465459815072,1549.8786917774084,733.3943488229083,-1981.7588721917418,1506.75989809285
patient_109,294.0,11.76,320.70049897331387,-1442.4471677882166,1105.3923291986569,636.4685479450145,-2190.99154815321,1575.337433695209,1058.2713521741962,8121.925083782196,1549.0907521798179
patient_109,295.0,11.8,351.99925752568635,782.4689638093118,1119.4722994996844,475.9446458750267,-4013.097551749695,1594.37521953021,402.7366854672145,-16388.36666767454,1565.2002195985065
patient_109,296.0,11.84,231.48533452523645,-3012.848075011247,1128.7317128806937,236.40052588501135,-5988.602999750384,1603.8312405656104,568.029304286476,4132.315470481537,1587.9213917699653
patient_109,297.0,11.88,138.05516863200094,-2335.754147330888,1134.2539196259738,158.22074841268434,-1954.4944368081751,1610.1600705021178,138.3256422459579,-10742.59155101295,1593.4544174598038
patient_109,298.0,11.92,101.77139939775375,-907.0942308561797,1138.3247756018839,60.394714392698994,-2445.6508504996336,1612.5758590778257,29.634187617312076,-2717.2863657161456,1594.6397849644961
patient_109,299.0,11.96,120.83089942413628,476.48750065956307,1143.1580115788495,36.97603808901062,-585.4669075922093,1614.054900601386,90.82813818390002,1529.8487641646987,1598.2729104918521
patient_109,300.0,12.0,86.28269633287461,-863.7050772815418,1146.6093194321643,88.95899618612303,1299.5739524278101,1617.613260448831,60.05063431876593,-769.4375966283524,1600.6749358646027
patient_109,301.0,12.04,18.71698817587963,-1689.1427039248742,1147.3579989591994,19.562958663233754,-1734.9009380722318,1618.3957787953602,105.47578516638877,1135.6287711905711,1604.8939672712584
patient_109,302.0,12.08,42.87270880054409,603.8930156166115,1149.0729073112211,105.07771471092734,2137.8689011923393,1622.5988873837973,188.8778088573014,2085.0505922728157,1612.4490796255504
patient_109,303.0,12.12,148.85927780092095,2649.6642250094214,1155.0272784232582,137.34637799776723,806.7165821709974,1628.092742503708,233.32880333865768,1111.2748620339069,1621.7822317590967
patient_109,304.0,12.16,190.76369908716015,1047.6105321559799,1162.6578263867445,233.99810866956398,2416.2932667949185,1637.4526668504905,246.0805700711554,318.7941683124428,1631.625454561943
patient_109,305.0,12.2,210.9904501078421,505.66877551704863,1171.0974443910582,302.80209125064954,1720.0995645271391,1649.5647505005163,290.500108097706,1110.4884506637652,1643.2454588858513
patient_109,306.0,12.24,189.4990517918987,-537.2849578985849,1178.6774064627343,400.31293756218525,2437.771157788393,1665.5772680030038,413.0797607303257,3064.4913158154923,1659.7686493150643
patient_109,307.0,12.28,236.33041047420434,1170.7839670576411,1188.1306228817025,376.80427222372714,-587.7166334614528,1680.649438891953,630.6724377575404,5439.816925680367,1684.9955468253656
patient_109,308.0,12.32,388.48498456321727,3803.8643522253233,1203.6700222642312,798.1955756704732,10534.782586168652,1712.577261918772,950.5915755138312,7997.978443907272,1723.019209845919
patient_109,309.0,12.36,179.43343598668636,-5226.288714413273,1210.8473597036987,466.1119886926187,-8302.089674446363,1731.2217414664765,547.8005873408595,-10069.774704324294,1744.9312333395535
patient_109,310.0,12.4,271.84660658073153,2310.329264851129,1221.7212239669277,365.84540257628765,-2506.664652908276,1745.8555575695282,502.2177334769011,-1139.5713465989588,1765.0199426786296
patient_109,311.0,12.44,176.09926076566566,-2393.683645376647,1228.7651943975545,192.00347193755368,-4346.048265968349,1753.5356964470304,148.74131966273012,-8836.910345354276,1770.9695954651388
patient_109,312.0,12.48,188.1885112480269,302.2312620590313,1236.2927348474755,252.84738148665988,1521.097738727655,1763.6495917064967,41.4631052713112,-2681.955359785473,1772.6281196759912
patient_109,313.0,12.52,98.65258551693086,-2238.3981432774012,1240.2388382681527,191.36574287506267,-1537.0409652899305,1771.304221421499,15.924126785353675,-638.4744621489381,1773.2650847474051
patient_109,314.0,12.56,54.90655565052754,-1093.6507466600829,1242.4351004941739,26.066670097263344,-4132.476819444983,1772.3468882253896,38.81844477235987,572.3579496751548,1774.8178225382997
patient_109,315.0,12.6,70.17455215097269,381.6999125111288,1245.2420825802128,75.27265020141918,1230.149502603896,1775.3577942334464,72.66383670658504,846.1347983556294,1777.724376006563
patient_109,316.0,12.64,15.34647456112191,-1370.7019397462695,1245.8559415626578,23.67483264904781,-1289.9454388092843,1776.3047875394084,75.42188786966685,68.95127907704506,1780.7412515213498
patient_109,317.0,12.68,8.882043091264386,-161.61078674643812,1246.2112232863083,99.69441324328278,1900.4895148558742,1780.2925640691399,65.723380486801,-242.46268457164604,1783.3701867408217
patient_109,318.0,12.72,36.30109067413653,685.4761895718036,1247.6632669132737,32.24109055481103,-1686.333067211794,1781.582207691332,47.706367409526486,-450.42532693186297,1785.278441437203
patient_109,319.0,12.76,39.92443165333549,90.58352447997393,1249.2602441794072,27.230987060844022,-125.25258734917522,1782.671447173766,36.22514889302544,-287.0304629125261,1786.727447392924
patient_109,320.0,12.8,79.90201143419291,999.4394945214357,1252.456324636775,161.80762540801675,3364.415958679318,1789.1437521900866,40.64917307682574,110.60060459500747,1788.3534143159968
patient_109,321.0,12.84,37.98099423938448,-1048.025429870211,1253.9755644063503,107.00000680423511,-1370.1904650945407,1793.4237524622558,85.50875131505174,1121.48945595565,1791.773764368599
patient_109,322.0,12.88,18.98526294558735,-474.8932823449282,1254.734974924174,38.82030824340484,-1704.4924640207569,1794.9765647919921,91.51562137264835,150.17175143991537,1795.434389223505
patient_109,323.0,12.92,10.723136340095992,-206.55316513728397,1255.1639003777777,128.60807836336093,2244.6942529989024,1800.1208879265264,145.71287289272786,1354.9312880019877,1801.262904139214
patient_109,324.0,12.96,141.60913218140402,3272.1498960327003,1260.828265665034,50.493911453942005,-1952.8541727354732,1802.1406443846843,110.98912160392005,-868.0937822201951,1805.7024690033709
patient_109,325.0,13.0,329.18011553114127,4689.274583743431,1273.9954702862797,73.0724887896259,564.4644333920972,1805.0635439362695,444.4494495162114,8336.508197807283,1823.4804469840194
patient_109,326.0,13.04,340.1647695736562,274.6163510628733,1287.6020610692258,1961.564744417904,47212.30639070695,1883.5261337129857,1165.5365173618472,18027.176696140894,1870.1019076784933
patient_109,327.0,13.08,327.1490207149337,-325.39372146806187,1300.688021897823,160.2436857405108,-45033.02646693483,1889.9358811426061,430.44600523766917,-18377.26280310445,1887.319747888
patient_109,328.0,13.12,253.12225689247427,-1850.6690955614865,1310.8129121735221,378.5086732710317,5456.624688263022,1905.0762280734475,519.3726504384717,2223.166130020064,1908.0946539055387
patient_109,329.0,13.16,379.8832741049133,3169.025430310976,1326.0082431377186,595.7516866607208,5431.075334742228,1928.906295539876,652.8975103584515,3338.121497999495,1934.2105543198768
patient_109,330.0,13.2,128.22504011447077,-6291.455849761063,1331.1372447422973,448.91390207706047,-3670.944614591508,1946.8628516229585,289.2829751967607,-9090.363379042272,1945.7818733277472
patient_109,331.0,13.24,71.71375933445297,-1412.782019500445,1334.0057951156755,93.21325308761553,-8892.516224736124,1950.5913817464634,151.71718759375887,-3439.144690075045,1951.8505608314974
patient_109,332.0,13.28,18.628259178320004,-1327.1375039033242,1334.750925482808,127.57534251778243,859.0522357541726,1955.6943954471747,168.51291733686904,419.89324357775433,1958.5910775249722
patient_109,333.0,13.32,35.355911128434784,418.1912987528695,1336.1651619279455,125.14797914468254,-60.684084327497345,1960.7003146129618,218.10337876660992,1239.761535743522,1967.3152126756365
patient_109,334.0,13.36,109.2765361860863,1848.015626441288,1340.536223375389,54.24166927492368,-1772.6577467439715,1962.869981383959,163.22793449765635,-1371.8861067238392,1973.8443300555427
patient_109,335.0,13.4,108.79829383490625,-11.956058779501433,1344.8881551287852,52.81221108735554,-35.736454689203434,1964.9824698274533,59.687939556198174,-2588.4998735364543,1976.2318476377907
patient_109,336.0,13.44,20.875488636004217,-2198.0701299725506,1345.7231746742254,54.41690223500972,40.117278691354485,1967.1591459168537,168.24675353757033,2713.9703495343038,1982.9617177792936
patient_109,337.0,13.48,22.432237661049122,38.91872562612262,1346.6204641806676,270.32928206115315,5397.809495653585,1977.9723171992998,270.0658643091909,2545.477769290514,1993.764352351661
patient_109,338.0,13.52,65.53403523214735,1077.5449392774556,1349.2418255899536,284.8011009611792,361.7954725006513,1989.364361237747,81.80008511641041,-4706.6444798195125,1997.0363557563176
patient_109,339.0,13.56,50.53342121195334,-375.0153505048502,1351.2631624384317,178.52449890656035,-2656.9150513654713,1996.5053411940096,97.122077301683,383.0498046318148,2000.9212388483847
patient_109,340.0,13.6,132.435806512926,2047.5596325243166,1356.5605946989488,324.3476542091214,3645.578882564026,2009.4792473623745,352.300496001279,6379.460467489899,2015.0132586884358
patient_109,341.0,13.64,181.75195695673284,1232.903761095171,1363.830672977218,305.8564840334839,-462.27925439093696,2021.7135067237139,369.8530609600697,438.8141239697674,2029.8073811268387
patient_109,342.0,13.68,327.1346709589454,3634.5678500553136,1376.916059815576,520.4025308392072,5363.651170143082,2042.5296079572822,591.0494467054842,5529.909643635364,2053.449358995058
patient_109,343.0,13.72,295.3180964242662,-795.4143633669801,1388.7287836725466,334.42118037327174,-4649.533761648387,2055.906455172213,817.3986794238214,5658.730817958429,2086.145306172011
patient_109,344.0,13.76,145.56287989180962,-3743.880413311414,1394.551298868219,1320.916595776108,24662.385385070906,2108.743119003257,1023.4289160123079,5150.755914712164,2127.0824628125033
patient_109,345.0,13.8,390.01709079085106,6111.355272476036,1410.1519824998531,738.1996077180648,-14567.924701451077,2138.27110331198,1011.0052877145858,-310.5907074430519,2167.5226743210865
patient_109,346.0,13.84,422.34343081927597,808.1585007106228,1427.045719732624,520.4443182685646,-5443.882236237505,2159.0888760427224,619.6770557800052,-9783.205798364517,2192.3097565522867
patient_109,347.0,13.88,357.43344716006237,-1622.7495914803399,1441.3430576190265,285.8668890344774,-5864.43573085218,2170.5235516041016,109.32777938380687,-12758.731909904958,2196.682867727639
patient_109,348.0,13.92,293.0358614180411,-1609.9396435505312,1453.0644920757484,191.38278887465546,-2362.102503995549,2178.178863159088,41.441480928674096,-1697.1574613783193,2198.340526964786
patient_109,349.0,13.96,271.07587760816205,-548.9995952469769,1463.9075271800748,205.1511709252685,344.209551265326,2186.3849099960985,18.62285103392356,-570.4657473687635,2199.085441006143
patient_109,350.0,14.0,127.81193155781418,-3581.598651258697,1469.0200044423875,43.21963224585638,-4048.288466985303,2188.1136952859324,112.62035732607679,2349.9376573038303,2203.590255299186
patient_109,351.0,14.04,80.89907298205529,-1172.8214643939723,1472.2559673616697,70.27359177945233,676.3489883398987,2190.924638957111,62.00445992361233,-1265.3974350616113,2206.0704336961307
patient_109,352.0,14.08,47.469081710548146,-835.7497817876786,1474.1547306300918,30.438222424657905,-995.8842338698606,2192.142167854097,54.561137387506136,-186.08306340265486,2208.252879191631
patient_109,353.0,14.12,58.94414533129841,286.87659051875653,1476.5124964433437,71.80830415111095,1034.252043161326,2195.0145000201414,33.97991356984816,-514.5305954414495,2209.6120757344247
patient_109,354.0,14.16,43.629004496787886,-382.8785208627631,1478.2576566232153,52.08916749977883,-492.97841628330286,2197.0980667201325,19.084056496317224,-372.3964268382733,2210.3754379942775
patient_109,355.0,14.2,54.098848614275795,261.74610293719775,1480.4216105677863,68.81976762538571,418.2650031401719,2199.8508574251478,51.39817090694014,807.8528602655729,2212.431364830555
patient_109,356.0,14.24,75.21654842375466,527.9424952369716,1483.4302725047364,62.79283788470289,-150.67324351707043,2202.362570940536,29.944188774906547,-536.3495533008398,2213.6291323815512
patient_109,357.0,14.28,30.774976103758462,-1111.0393079999048,1484.6612715488868,101.8385228231172,976.1421234603578,2206.4361118534607,170.35648825912978,3510.307487105581,2220.4433919119165
patient_109,358.0,14.32,110.55362444157502,1994.4662084454142,1489.0834165265499,119.00581737439205,429.18236378187123,2211.1963445484366,52.273746141248324,-2952.068552947036,2222.5343417575664
patient_109,359.0,14.36,3.9785389360428636,-2664.377137638304,1489.2425580839915,9.623529599825615,-2734.5571943641608,2211.5812857324295,110.1649952486714,1447.281227685577,2226.940941567513
patient_109,360.0,14.4,58.41810331298434,1360.989109423537,1491.5792822165108,11.691424441438524,51.69737104032275,2212.048942710087,31.360278534458473,-1970.1179178553232,2228.1953527088913
patient_109,361.0,14.44,75.19879779321317,419.51736200572077,1494.5872341282395,45.67244934167081,849.5256225058072,2213.8758406837537,89.40447991525194,1451.1050345198366,2231.7715319055014
patient_109,362.0,14.48,155.07120573325082,1996.8101985009412,1500.7900823575694,97.71980720931626,1301.183946691136,2217.7846329721265,92.96607964436168,89.03999322774361,2235.4901750912763
patient_109,363.0,14.52,90.84979979258398,-1605.5351485166711,1504.4240743492728,148.87542295583103,1278.8903936628692,2223.73964989036,231.877242248374,3472.7790651003074,2244.765264781211
patient_109,364.0,14.56,38.01388780259794,-1320.8977997496509,1505.9446298613766,86.98925057250467,-1547.154309583159,2227.21921991326,349.3509437598176,2936.8425377860904,2258.7393025316037
patient_109,365.0,14.6,169.20262272843,3279.7183731458013,1512.7127347705139,81.55033150600808,-135.97297666241488,2230.4812331735,107.47566673492584,-6046.881925622294,2263.038329201001
patient_109,366.0,14.64,352.21138831177217,4575.219139583554,1526.8011903029847,182.46387014783826,2522.8384660457546,2237.779787979414,376.4719006795483,6724.905848615562,2278.097205228183
patient_109,367.0,14.68,486.6639074400323,3361.312978206503,1546.2677466005857,510.47437318977654,8200.262576048457,2258.198762907005,594.8904070277976,5460.462658706231,2301.892821509295
patient_109,368.0,14.72,457.9686168747927,-717.3822641309897,1564.5864912755776,595.9235216810015,2136.2287122806238,2282.035703774245,912.5418549385371,7941.286197768488,2338.3944957068366
patient_109,369.0,14.76,370.9712326951988,-2174.9346044898475,1579.4253405833856,1339.8381334796698,18597.865294966705,2335.629229113432,776.1657039729956,-3409.4037741385364,2369.4411238657563
patient_109,370.0,14.8,403.7544091700821,819.5794118720826,1595.575516950189,626.8196221310341,-17825.46278371589,2360.7020139986735,987.2761935226301,5277.762238740863,2408.9321716066615
patient_109,371.0,14.84,315.9006859679237,-2196.34308005396,1608.2115443889058,411.99943271620975,-5370.504735370608,2377.181991307322,616.1313399410772,-9278.621339538824,2433.5774252043047
patient_109,372.0,14.88,225.16418653568118,-2268.4124858060636,1617.218111850333,28.072793819690126,-9598.165972412991,2378.304903060109,78.02315738895099,-13452.704563803156,2436.698351499863
patient_109,373.0,14.92,91.37307918713954,-3344.7776837135407,1620.8730350178187,41.09732917777886,325.6133839522183,2379.9487962272206,19.975510832333654,-1451.1911639154334,2437.4973719331565
patient_109,374.0,14.96,20.07475731133301,-1782.458046895163,1621.676025310272,140.739030639252,2491.0425365368287,2385.5783574527904,275.0559395126808,6377.0107170086785,2448.499609513664
patient_109,375.0,15.0,18.5388549224499,-38.39755972207772,1622.41757950717,50.539822683470334,-2254.980198894542,2387.5999503601297,28.61149662083977,-6161.111072296027,2449.6440693784975
patient_109,376.0,15.04,38.179068346867304,491.0053356104351,1623.9447422410447,21.911549721868692,-715.706824040041,2388.476412349004,70.47035878156994,1046.4715540182542,2452.46288372976
patient_109,377.0,15.08,168.2074304519939,3250.709052628165,1630.6730394591243,163.15339722082388,3531.04618747388,2395.0025482378373,214.09845960376066,3590.7025205547684,2461.0268221139104
patient_109,378.0,15.12,373.1965405452433,5124.727752331235,1645.600901080934,417.18651513416427,6350.82794783351,2411.690008843204,417.2285585148564,5078.252472777393,2477.7159644545045
patient_109,379.0,15.16,516.7547894456418,3588.9562225099626,1666.2710926587597,590.7079444516261,4338.035732936545,2435.318326621269,588.3329997497464,4277.611030872249,2501.2492844444946
patient_109,380.0,15.2,232.19597070377316,-7113.970468546717,1675.5589314869108,648.867460255478,1453.9878950962986,2461.273025031488,867.2646672952343,6973.291688637199,2535.939871136304
patient_109,381.0,15.24,257.2066289463835,625.2664560652584,1685.847196644766,1455.9111691788992,20176.09272308553,2519.509471798644,1707.6497651509874,21009.627446393828,2604.2458617423435
patient_109,382.0,15.28,499.3976663761687,6054.775935744629,1705.8231032998128,537.6758200387999,-22955.883728502482,2541.0165046001957,476.17724753035964,-30786.812940515694,2623.292951643558
patient_109,383.0,15.32,446.99645014043193,-1310.0304058934184,1723.70296130543,296.55644091096246,-6027.9844781959355,2552.8787622366344,229.98566266564544,-6154.789621617855,2632.4923781501834
patient_109,384.0,15.36,260.1079919511118,-4672.211454733004,1734.1072809834745,169.64423626799922,-3172.805116074081,2559.6645316873546,116.24579200588447,-2843.496766494024,2637.142209830419
patient_109,385.0,15.4,230.791923582687,-732.9017092106199,1743.338957926782,134.2517743376158,-884.8115482595852,2565.034602660859,38.022557243863496,-1955.5808690505246,2638.663112120173
patient_109,386.0,15.44,156.7547072142424,-1850.9304092111151,1749.6091462153518,94.075149084489,-1004.4156313281703,2568.797608624239,98.60040006176827,1514.4460704476194,2642.607128122644
patient_109,387.0,15.48,108.45037171609904,-1207.6083874535836,1753.9471610839955,74.7867097234566,-482.21098402581003,2571.789077013177,129.3363467071375,768.3986661342307,2647.780581990929
patient_109,388.0,15.52,66.54605457970061,-1047.6079284099608,1756.6090032671837,93.18291601728762,459.9051573457757,2575.5163936538684,116.2702260891695,-326.6530154491999,2652.431391034496
patient_109,389.0,15.56,55.67012437568179,-271.8982551004705,1758.835808242211,80.56327451072559,-315.49103766405085,2578.7389246342977,95.24743274392151,-525.5698336311998,2656.241288344253
patient_109,390.0,15.6,14.699163676003574,-1024.2740174919554,1759.4237747892514,30.62934928195738,-1248.3481307192053,2579.964098605576,19.72613646271022,-1888.0324070302822,2657.030333802761
patient_109,391.0,15.64,23.44435659766298,218.6298230414852,1760.361549053158,36.11055846609976,137.0302296035595,2581.40852094422,83.8128823541998,1602.1686472872395,2660.3828490969295
patient_109,392.0,15.68,49.36720761428267,648.0712754154922,1762.336237357729,48.354606319066626,306.1011963241716,2583.342705196983,52.681486680686966,-778.2848918378209,2662.490108564157
patient_109,393.0,15.72,38.913999884049886,-261.3301932558196,1763.892797353091,48.4611155627876,2.6627310930242842,2585.281149819494,66.28571277671091,340.10565240059856,2665.1415370752247
patient_109,394.0,15.76,71.96468381848346,826.2670983608394,1766.7713847058303,40.971638588241916,-187.23692436364203,2586.920015363024,174.90068297628943,2715.374254989463,2672.1375643942765
patient_109,395.0,15.8,140.60925742386328,1716.1143401344955,1772.395755002785,85.99887156160956,1125.6808243341911,2590.3599702254883,154.45765777202644,-511.07563010657486,2678.315870705158
patient_109,396.0,15.84,445.67694330641274,7626.692147063735,1790.2228327350415,137.10656477825395,1277.6923304161098,2595.8442328166184,459.604257908486,7628.665003411488,2696.7000410214973
patient_109,397.0,15.88,455.89619580158836,255.4813123793906,1808.458680567105,781.0649250619159,16098.959007091547,2627.086829819095,721.3929755305473,6544.717940551534,2725.555760042719
patient_109,398.0,15.92,477.4659343500686,539.2434637120061,1827.5573179411076,864.4064358360505,2083.5377693533646,2661.6630872525366,906.6136952078696,4630.517991933056,2761.8203078510337
patient_109,399.0,15.96,538.6743459999811,1530.2102912478133,1849.1042917811067,862.81339581447,-39.8260005395116,2696.1756230851156,849.7745778857314,-1420.977933053453,2795.8112909664633
patient_109,400.0,16.0,475.06709670490943,-1590.1812323767927,1868.106975649303,1230.4421672194014,9190.719285123285,2745.393309773892,1584.4407786404668,18366.655018868383,2859.188922112082
patient_109,401.0,16.04,435.9328655041111,-978.3557800199588,1885.5442902694674,514.7627415978579,-17891.985640538587,2765.9838194378062,645.4870849784226,-23473.842341551106,2885.0084055112184
patient_109,402.0,16.08,260.69099576604077,-4381.046743451758,1895.971930100109,303.902496327088,-5271.506131769249,2778.1399192908902,252.74796098280703,-9818.478099890388,2895.118323950531
patient_109,403.0,16.12,120.6221396096558,-3501.7214039096243,1900.7968156844954,95.65151122428307,-5206.274627570123,2781.9659797398613,81.8504568464047,-4272.437603410059,2898.3923422243865
patient_109,404.0,16.16,91.96722657549887,-716.3728258539234,1904.4755047475153,66.93972903167833,-717.7945548151185,2784.6435689011287,41.02519942974969,-1020.6314354163751,2900.0333502015765
patient_109,405.0,16.2,78.51870979207611,-336.212919585569,1907.6162531391985,160.98843444569167,2351.2176353503337,2791.0831062789566,48.81635897289018,194.77898857851218,2901.986004560492
patient_109,406.0,16.24,80.02731410310295,37.715107775671086,1910.8173457033224,253.62120299627705,2315.8192137646347,2801.2279543988075,69.80724885341208,524.7722470130475,2904.778294514628
patient_109,407.0,16.28,46.061090063010106,-849.1556010023212,1912.659789305843,116.19882902165463,-3435.5593493655606,2805.8759075596736,201.35033891133338,3288.5772514480323,2912.8323080710816
patient_109,408.0,16.32,32.97351952037306,-327.1892635659261,1913.978730086658,57.272583733162485,-1473.1561322123036,2808.1668109090006,102.5188113258064,-2470.7881896381746,2916.933060524114
patient_109,409.0,16.36,22.48369815365046,-262.245534168065,1914.878078012804,29.746750729337858,-688.1458250956157,2809.3566809381737,40.6842501076765,-1545.8640304532476,2918.560430528421
patient_109,410.0,16.4,180.9648020384239,3962.027597119336,1922.116670094341,196.10940747105283,4159.066418542874,2817.201057237016,672.6848400303722,15800.014748067395,2945.4678241296356
patient_109,411.0,16.44,325.4773583760346,3612.8139084402674,1935.1357644293823,404.24633156654403,5203.42310238728,2833.3709104996774,553.5420185295693,-2978.5705375200732,2967.6095048708185
patient_109,412.0,16.48,443.5673706898748,2952.250307846005,1952.8784592569773,702.6087835897483,7459.061300580108,2861.475261843267,679.2281001663636,3142.1520409198565,2994.778628877473
patient_109,413.0,16.52,321.48598848313776,-3052.034555168426,1965.737898796303,833.6514637644749,3276.0670043681644,2894.8213203938462,914.2920503738653,5876.598755187544,3031.350310892428
patient_109,414.0,16.56,459.3225801607357,3445.9147919399484,1984.1108020027323,667.2851175492804,-4159.158655379863,2921.5127250958176,747.248078774636,-4176.099289980732,3061.2402340434132
patient_109,415.0,16.6,409.3289907619683,-1249.8397349691843,2000.483961633211,455.7715103432277,-5287.840180151316,2939.743585509547,461.46002099136007,-7144.7014445818995,3079.6986348830674
patient_109,416.0,16.64,439.5873328919938,756.4585532506371,2018.0674549488906,596.62017519221,3521.216621224558,2963.6083925172347,323.43322268568323,-3450.669957641921,3092.6359637904948
patient_109,417.0,16.68,376.9234731372184,-1566.5964938693846,2033.1443938743794,291.1277763375867,-7637.309971365583,2975.2535035707383,175.4231240273609,-3700.2524664580583,3099.652888751589
patient_109,418.0,16.72,120.16315414453567,-6419.007974817069,2037.950920040161,29.30444794077835,-6545.583209920208,2976.4256814883697,53.219266721642384,-3055.096432642963,3101.781659420455
patient_109,419.0,16.76,222.36271029634037,2554.9889037951175,2046.8454284520149,122.69422960802565,2334.7445416811825,2981.3334506726906,120.38178383834449,1679.0629279175525,3106.596930773989
patient_109,420.0,16.8,105.33744577262543,-2925.6316130928735,2051.05892628292,124.12401834126254,35.744718330922254,2986.298411406341,267.77423701156266,3684.811329330454,3117.307900254451
patient_109,421.0,16.84,57.063341685469375,-1206.8526021789014,2053.3414599503385,2.2093722902674564,-3047.866151274877,2986.3867862979514,6.181261052129256,-6539.824398985836,3117.555150696536
patient_109,422.0,16.88,29.789368019510626,-681.8493416489687,2054.533034671119,61.032714142968,1470.5835463175135,2988.8280948636702,89.61422207895481,2085.824025670639,3121.1397195796944
patient_109,423.0,16.92,64.74134369795007,873.7993919609861,2057.122688419037,58.201935814106356,-70.76945822154102,2991.1561722962347,137.0107330234145,1184.9127736114924,3126.6201489006307
patient_109,424.0,16.96,25.585445561349438,-978.8974534150159,2058.146106241491,46.77482866364052,-285.6776787616459,2993.02716544278,14.045575875467101,-3074.128928698685,3127.1819719356495
patient_109,425.0,17.0,42.31128949985976,418.14609846275806,2059.8385578214857,11.2621057038578,-887.8180739945681,2993.4776496709346,25.937589608932722,297.30034333664054,3128.219475520007
patient_109,426.0,17.04,132.79371342117165,2262.0605980327973,2065.1503063583323,62.06424380324115,1270.0534524845837,2995.9602194230642,101.51620709378999,1889.4654371214315,3132.2801238037587
patient_109,427.0,17.08,186.81768878390517,1350.5993840683382,2072.623013909689,28.372283514152297,-842.2990072272214,2997.09511076363,101.61140554644105,2.3799613162765354,3136.3445800256163
patient_109,428.0,17.12,285.1863008415735,2459.215301441708,2084.030465943352,243.2053438758931,5370.826509043521,3006.8233245186657,378.5747118457849,6924.082657483596,3151.4875684994477
patient_109,429.0,17.16,23.29773560554993,-6547.214130900589,2084.9623753675737,47.22477157224946,-4899.514307591091,3008.712315381556,31.277431937870006,-8682.431997697873,3152.738665776962
patient_109,430.0,17.2,413.43851767848673,9753.51955182342,2101.499916074713,686.4219281590746,15979.928914670629,3036.169192507919,583.4326558653825,13803.88059818781,3176.0759720115775
patient_109,431.0,17.24,424.17503811416447,268.4130108919433,2118.4669175992794,707.141600716237,517.9918139290606,3064.454856536568,739.9632478851088,3913.264800493158,3205.674501926982
patient_109,432.0,17.28,685.580745596851,6535.142687067163,2145.890147423154,1166.7725447756434,11490.77360148516,3111.1257583275938,1432.5345613395925,17314.282836362094,3262.9758843805657
patient_109,433.0,17.32,569.6870223456604,-2897.343081279766,2168.67762831698,546.4836947520723,-15507.221250589277,3132.9851061176764,461.3816967909187,-24278.821613716846,3281.4311522522025
patient_109,434.0,17.36,363.42338226822505,-5156.591001935883,2183.214563607709,334.05043796196037,-5310.831419752799,3146.347123636155,164.16620549634172,-7430.387282364424,3287.997800472056
patient_109,435.0,17.4,235.03248538169893,-3209.772422163153,2192.615863022977,172.52633140150962,-4038.1026640112686,3153.2481768922153,78.1921480973997,-2149.3514349735506,3291.125486395952
patient_109,436.0,17.44,122.01877384290547,-2825.3427884698363,2197.496613976693,116.66325806217883,-1396.5768334832699,3157.9147072147025,44.21201457749141,-849.5033379977071,3292.893966979052
patient_109,437.0,17.48,51.46443047243466,-1763.8585842617704,2199.5551911955904,54.77218050514827,-1547.276938925764,3160.1055944349087,67.18689657142204,574.3720498482658,3295.581442841909
patient_109,438.0,17.52,259.45438427962574,5199.748845179777,2209.9333665667755,269.50025811073266,5368.20194013961,3170.8856047593376,137.42542474897311,1755.9632044387768,3301.078459831868
patient_109,439.0,17.56,25.825398394245987,-5840.724647134494,2210.9663825025455,147.53400111120752,-3049.1564249881285,3176.7869648037863,71.35430304245082,-1651.7780426630572,3303.9326319535658
patient_109,440.0,17.6,325.723954383179,7497.463899723324,2223.9953406778727,485.8131874945955,8456.9796595847,3196.21949230357,353.4545969844385,7052.507348549693,3318.070815832943
patient_109,441.0,17.64,331.6779897793954,148.85088490540994,2237.262460269049,525.8648003309542,1001.2903209089657,3217.254084316808,620.4952711645531,6676.016854502864,3342.8906266795257
patient_109,442.0,17.68,302.7700096287082,-722.6995037671799,2249.373260654197,386.70416147973776,-3479.0159712804098,3232.7222507759975,456.30463744281917,-4104.765843043348,3361.1428121772387
patient_109,443.0,17.72,265.18362632709716,-939.6595825402756,2259.980605707281,900.4297331250572,12843.139291132986,3268.7394401009997,737.7988937227977,7037.3564069994645,3390.6547679261503
patient_109,444.0,17.76,426.79622653540196,4040.31500520762,2277.052454768697,629.0642078419826,-6784.138132076865,3293.9020084146787,804.7638975463128,1674.1250955878768,3422.845323828003
patient_109,445.0,17.8,231.33130814931158,-4886.622959652259,2286.3057070946693,103.13279008507868,-13148.285443922598,3298.027320018082,124.44593729967093,-17007.949006166047,3427.8231613199896
patient_109,446.0,17.84,248.48840616603127,428.9274504179922,2296.245243341311,163.72021902340165,1514.6857234580743,3304.5761287790174,88.68769640986619,-893.9560222451184,3431.370669176384
patient_109,447.0,17.88,230.0373899960957,-461.27540424838924,2305.4467389411548,145.41744009552875,-457.5694731968227,3310.3928263828384,108.14311046647225,486.3853514151515,3435.6963935950425
patient_109,448.0,17.92,181.61437214102799,-1210.5754463766928,2312.7113138267955,84.70871325735305,-1517.7181709543922,3313.7811749131324,97.41147895843146,-268.2907877010198,3439.5928527533797
patient_109,449.0,17.96,97.75802045579807,-2096.4087921307478,2316.6216346450274,50.44991676575353,-856.4699122899881,3315.7991715837625,43.66925354501073,-1343.5556353355182,3441.3396228951806
patient_109,450.0,18.0,14.184876960627447,-2089.3285873792656,2317.1890297234527,19.426211478184655,-775.5926321892218,3316.57622004289,13.371187418405684,-757.4516531651262,3441.8744703919165
patient_109,451.0,18.04,72.35565437119169,1454.269435264106,2320.0832558983,52.81552778868301,834.7329077624589,3318.6888411544373,81.65984223673242,1707.2163704581683,3445.140864081386
patient_109,452.0,18.08,29.791853130411567,-1064.095031019503,2321.274930023517,95.4527833385888,1065.9313887476446,3322.5069524879814,44.09253641916906,-939.182645439084,3446.904565538153
patient_109,453.0,18.12,38.55515164201702,219.0824627901364,2322.8171360891974,65.6828680542657,-744.2478821080776,3325.134267210152,62.323597193663794,455.7765193623684,3449.3975094258994
patient_109,454.0,18.16,30.11701668839016,-210.95337384067162,2324.0218167567327,53.23259873111291,-311.2567330788197,3327.2635711593966,93.21662135130302,772.3256039409806,3453.1261742799516
patient_109,455.0,18.2,125.38687716513937,2381.7465119187304,2329.0372918433386,77.72763321078101,612.3758619917024,3330.3726764878284,91.64523297352179,-39.28470944453082,3456.7919835988923
patient_109,456.0,18.24,441.0773839078814,7892.262668568552,2346.680387199654,752.3639169826267,16865.90709429614,3360.467233167133,851.4868916686963,18996.041467379364,3490.85145926564
patient_109,457.0,18.28,257.2094076782112,-4596.699405741755,2356.968763506782,1256.9616703407949,12614.943833954203,3410.7456999807646,783.6745535582116,-1695.3084527621172,3522.198441407969
patient_109,458.0,18.32,673.437469964909,10405.701557167446,2383.9062623053787,912.4915509706235,-8611.752984254284,3447.2453620195897,2531.4919275023076,43695.43434860239,3623.458118508061
patient_109,459.0,18.36,420.45519533073593,-6324.556865854328,2400.724470118608,599.0758803742009,-7835.391764910565,3471.2083972345577,920.8254494429459,-40266.66195148404,3660.2911364857787
patient_109,460.0,18.4,461.76327726526563,1032.7020483632423,2419.195001209219,632.7925425523572,842.9165544539075,3496.520098936652,373.11662536473085,-13692.720601955374,3675.215801500368
patient_109,461.0,18.44,180.55133531893367,-7030.2985486583,2426.417054621976,97.64333219667152,-13378.730258892141,3500.425832224519,316.34800932684163,-1419.2154009472304,3687.8697218734414
patient_109,462.0,18.48,188.40863632295827,196.43252510061515,2433.9534000748945,290.9318009054015,4832.211717718249,3512.063104260735,34.99568161660896,-7033.808192755816,3689.269549138106
patient_109,463.0,18.52,55.62243676064785,-3319.6549890577608,2436.17829754532,605.3223650428583,7859.7641034364215,3536.2759988624493,223.39612734205025,4710.011143136032,3698.2053942317884
patient_109,464.0,18.56,196.14992988431973,3513.187328091797,2444.024294740693,612.115591096099,169.83065133101718,3560.760622506293,342.77082575922975,2984.3674604294874,3711.9162272621575
patient_109,465.0,18.6,190.76337856725598,-134.6637829265937,2451.654829883383,262.4243908933374,-8742.280005069042,3571.257598142027,399.24776766875084,1411.923547738027,3727.886137968908
patient_109,466.0,18.64,12.968814356874406,-4444.864105259539,2452.173582457658,30.06795523012694,-5808.910891580261,3572.460316351232,553.6069875261791,3858.980496435706,3750.0304174699545
patient_109,467.0,18.68,14.002431793043165,25.840435904218985,2452.73367972938,86.77191857526616,1417.5990836284805,3575.9311930942426,257.5517241654707,-7401.3815840177085,3760.3324864365736
patient_109,468.0,18.72,100.36106123338865,2158.965736008637,2456.748122178715,151.54011912318046,1619.2050136978576,3581.9927978591695,1143.9656392654417,22160.347877499276,3806.0911120071914
patient_109,469.0,18.76,170.00976374581035,1741.2175628105424,2463.548512728548,1811.096580257797,41488.91152836542,3654.4366610694815,937.5444672501261,-5160.52930038289,3843.5928906971967
patient_109,470.0,18.8,250.97198887291938,2024.0556281777258,2473.5873922834644,849.1357970986423,-24049.01957897887,3688.402092953427,863.2628875171259,-1857.0394933250043,3878.1234061978816
patient_109,471.0,18.84,29.1118087612168,-5546.504502792564,2474.751864633913,26.42525790475748,-20567.763479847123,3689.4591032696176,88.24929071701096,-19375.339920002876,3881.653377826562
patient_109,472.0,18.88,194.28807433119087,4129.406639249352,2482.5233876071607,667.7805588910967,16033.88252465848,3716.1703256252617,974.4933839362337,22156.10233048057,3920.633113184011
patient_109,473.0,18.92,144.28941001004063,-1249.9666080287561,2488.294964007562,700.2407249798486,811.5041522187965,3744.1799546244556,707.094832779434,-6684.963778919993,3948.9169064951884
patient_109,474.0,18.96,307.5026520465465,4080.3310509126463,2500.595070089424,578.049894759785,-3054.7707555015877,3767.3019504148465,418.8604227912632,-7205.86024970427,3965.671323406839
patient_109,475.0,19.0,260.38800992916964,-1177.8660529344208,2511.010590486591,395.5230933977795,-4563.170034050138,3783.1228741507575,131.57562053797614,-7182.120056332176,3970.934348228358
patient_109,476.0,19.04,92.50223111416263,-4197.144470375176,2514.7106797311576,129.6624019680545,-6646.517285743125,3788.30937022948,577.325133041848,11143.737812596795,3994.0273535500314
patient_109,477.0,19.08,117.80330894214234,632.5269456994928,2519.4228120888433,49.16827784216472,-2012.3531031472446,3790.276101343167,50.25957577963547,-13176.638931555312,3996.037736581217
patient_109,478.0,19.12,281.28248359124143,4086.9793662274774,2530.674111432493,158.79463715701525,2740.658982871263,3796.627886829447,108.29743259992885,1450.9464205073346,4000.369633885214
patient_109,479.0,19.16,191.31331809207427,-2249.229137479179,2538.3266441561764,341.9895744357719,4579.873431968916,3810.3074698068785,320.80180000405676,5312.609185103197,4013.201705885376
patient_109,480.0,19.2,386.2239000194398,4872.764548184138,2553.7756001569537,904.7953917967592,14070.145434024682,3846.4992854787483,734.6013695294657,10344.989238135224,4042.585760666555
patient_109,481.0,19.24,238.11956682568814,-3702.608329843791,2563.3003828299816,456.28373325273475,-11212.791463600612,3864.750634808858,725.9142673224137,-217.17755517630053,4071.6223313594514
patient_109,482.0,19.28,24.824675923717695,-5332.372272549261,2564.29336986693,42.51219599019604,-10344.288431563467,3866.4511226484665,31.871983560228475,-17351.05709405463,4072.897210701861
patient_109,483.0,19.32,191.6925136245113,4171.695942519839,2571.9610704119104,412.57851207250087,9251.657902057621,3882.9542631313666,332.0332045270417,7504.030524170329,4086.1785388829426
patient_109,484.0,19.36,72.01288001805138,-2991.990840161498,2574.8415856126326,94.69899013902703,-7946.988048336845,3886.742222736928,156.18088896040368,-4396.30788916595,4092.4257744413585
patient_109,485.0,19.4,67.87571599138482,-103.42910066666384,2577.556614252288,152.49450970246394,1444.8879890859228,3892.842003125026,100.02251724148692,-1403.9592929729188,4096.426675131018
patient_109,486.0,19.44,103.70032920613394,895.615330368728,2581.7046274205336,269.56674715897395,2926.8059364127503,3903.624673011385,175.6480832615794,1890.6391505023116,4103.452598461481
patient_109,487.0,19.48,175.34961876185048,1791.2322388929133,2588.7186121710074,395.90029477859304,3158.338690490477,3919.4606848025287,389.87188350805457,5355.59500616188,4119.047473801804
patient_109,488.0,19.52,124.5353797531299,-1270.3559752180145,2593.7000273611325,467.7572887378606,1796.4248489816896,3938.170976352043,361.5689019347556,-707.5745393324737,4133.5102298791935
patient_109,489.0,19.56,148.93534187586968,609.9990530684945,2599.6574410361673,365.8600494481462,-2547.430982242861,3952.8053783299692,593.0120728521846,5786.0792729357245,4157.230712793282
patient_109,490.0,19.6,216.99021140514742,1701.3717382319435,2608.3370494923734,346.69250860265834,-479.18852113719623,3966.6730786740754,396.4226613842957,-4914.735286697222,4173.087619248653
patient_109,491.0,19.64,163.8156180102921,-1329.364834871383,2614.889674212785,97.52245834978417,-6229.251256321853,3970.5739770080672,249.48908150043187,-3673.3394970965956,4183.06718250867
patient_109,492.0,19.68,58.55574366184448,-2631.4968587111907,2617.231903959259,183.89892203161978,2159.41159204589,3977.929933889332,100.40711528484923,-3727.049155389566,4187.083467120065
patient_109,493.0,19.72,72.63047385877222,351.8682549231935,2620.13712291361,101.63639304331612,-2056.5632247075914,3981.9953896110646,98.12712829729506,-56.999674688854185,4191.008552251956
patient_109,494.0,19.76,63.21767766549372,-235.31990483196256,2622.6658300202294,45.60331118191714,-1400.8270465349744,3983.819522058341,156.35081688037428,1455.5922145769805,4197.262584927171
patient_109,495.0,19.8,112.46171070945184,1231.100826098953,2627.1642984486075,265.741542707536,5503.455788140471,3994.4491837666424,54.88321018687463,-2536.6901673374914,4199.457913334645
patient_109,496.0,19.84,92.68733810921935,-494.35931500581205,2630.871791972976,262.3825629615261,-83.97449365024698,4004.9444862851033,486.2245677354894,10783.533938715369,4218.906896044065
patient_109,497.0,19.88,99.3086471638481,165.53272636571847,2634.8441378595303,277.65332854635415,381.769139620701,4016.0506194269574,224.2986111506652,-6548.148914620606,4227.8788404900915
patient_109,498.0,19.92,139.41015839172763,1002.5377806969885,2640.420544195199,195.58688439708837,-2051.6611037316443,4023.874094802841,284.8955552748327,1514.9236031041874,4239.274662701086
patient_109,499.0,19.96,52.91224847263384,-2162.4477479773445,2642.5370341341045,207.4216781184072,295.86984303297044,4032.170961927577,228.9277967210192,-1399.1939638453373,4248.431774569926
patient_109,500.0,20.0,5.075829376815496,-1195.9104773954587,2642.7400673091774,148.1224730716511,-1482.4801261689024,4038.095860850443,123.38836904982483,-2638.4856917798593,4253.367309331919
patient_109,501.0,20.04,32.87736783686192,695.0384615011607,2644.0551620226515,55.96063781989014,-2304.0458812940237,4040.334286363239,72.83957630687779,-1263.719818573676,4256.280892384194
patient_109,502.0,20.08,55.76118694226642,572.0954776351125,2646.2856095003426,93.27545873421461,932.8705228581118,4044.065304712608,170.23727126189405,2434.9423738754067,4263.09038323467
patient_109,503.0,20.12,99.68067994656607,1097.9873251074914,2650.272836698205,209.44974610905032,2904.357184370893,4052.4432945569697,166.0339983600043,-105.08182254724403,4269.73174316907
patient_109,504.0,20.16,93.50144954065004,-154.48076014790075,2654.0128946798313,218.95386101953508,237.60287276211898,4061.201448997751,352.05486225799183,4650.521597449689,4283.81393765939
patient_109,505.0,20.2,116.56502977211468,576.589505786616,2658.6754958707156,346.09598535483025,3178.553108382379,4075.045288411944,395.91301836977686,1096.453902794626,4299.6504583941805
patient_109,506.0,20.24,124.17892849823562,190.3474681530234,2663.6426530106455,235.7981662511911,-2757.4454775909785,4084.4772150619915,272.27353065371904,-3090.9871929014457,4310.54139962033
patient_109,507.0,20.28,156.4497082758379,806.7694944400571,2669.9006413416787,245.26639675010438,236.7057624728318,4094.2878709319957,342.83075560082136,1763.9306236775583,4324.254629844362
patient_109,508.0,20.32,96.11739001082549,-1508.3079566253105,2673.7453369421114,127.48338992013912,-2944.5751707491313,4099.387206528801,197.64278451788198,-3629.6992770734846,4332.160341225078
patient_109,509.0,20.36,170.20024986345558,1852.0714963157523,2680.5533469366496,133.4686478066991,149.63144716399944,4104.725952441069,202.288324997947,116.13851200162557,4340.251874224996
patient_109,510.0,20.4,146.90759861434904,-582.3162812276635,2686.4296508812236,152.77595344995717,482.6826410814519,4110.836990579068,155.54281298711567,-1168.6378002707834,4346.473586744481
patient_109,511.0,20.44,56.64282458424927,-2256.6193507524945,2688.6953638645937,18.103638361528557,-3366.807877210715,4111.561136113529,84.61167172548252,-1773.2785315408287,4349.8580536135
patient_109,512.0,20.48,168.01491927384365,2784.3023672398594,2695.4159606355474,161.4742238524837,3584.264637273878,4118.020105067628,164.8774141900368,2006.643561613857,4356.453150181101
patient_109,513.0,20.52,191.61644718849976,590.0381978664029,2703.0806185230877,266.9821772939141,2637.69883603576,4128.699392159385,127.47060902465608,-935.170129134518,4361.551974542087
patient_109,514.0,20.56,163.9129791494922,-692.586700975189,2709.637137689067,233.21681653179732,-844.1340190529196,4138.028064820656,516.1729134129288,9717.557609706817,4382.198891078605
patient_109,515.0,20.6,150.6694571112086,-331.08805095709,2715.663915973515,342.4298623014287,2730.326144240785,4151.725259312714,320.77032740831703,-4885.064650115293,4395.029704174937
patient_109,516.0,20.64,117.65372104245746,-825.3934017187785,2720.3700648152135,347.75126698295725,133.035117038213,4165.6353099920325,272.403858576822,-1209.1617207873753,4405.9258585180105
patient_109,517.0,20.68,129.39390525966797,293.5046054302628,2725.5458210256,264.67364074907323,-2076.9406558471005,4176.222255621995,267.37968070229005,-125.6044468632993,4416.621045746102
patient_109,518.0,20.72,112.79111624116838,-415.0697254624898,2730.057465675247,99.19376371154222,-4136.996925938276,4180.190006170456,143.37087580824505,-3100.220122351125,4422.355880778432
patient_109,519.0,20.76,11.1872280853301,-2540.097203895957,2730.50495479866,31.9315441242267,-1681.5554896828878,4181.467267935425,88.88905289043575,-1362.0455729452324,4425.911442894049
patient_109,520.0,20.8,80.75886459864607,1739.290912832899,2733.7353093826055,122.56770840816733,2265.904107098516,4186.369976271752,176.83795199811846,2198.7224776920675,4432.984960973974
patient_109,521.0,20.84,88.82535518083532,201.66226455473117,2737.288323589839,245.670103940946,3077.5598883194666,4196.196780429391,129.3875668872893,-1186.259627770729,4438.160463649466
patient_109,522.0,20.88,154.42627436057063,1640.0229794933828,2743.4653745642613,309.8100035780683,1603.497490928057,4208.589180572513,345.01722982050546,5390.741573330404,4451.961152842286
patient_109,523.0,20.92,149.55038970332268,-121.89711643119878,2749.4473901523943,389.16537690704666,1983.8843332244594,4224.155795648795,812.4725173051997,11686.382187117357,4484.460053534493
patient_109,524.0,20.96,203.89598730042007,1358.6399399274349,2757.603229644411,566.1272488793761,4424.046799308237,4246.80088560397,517.7998005339762,-7366.817919280589,4505.1720455558525
patient_109,525.0,21.0,285.6280863118383,2043.3024752854549,2769.0283530968845,388.1628140617068,-4449.110870441733,4262.327398166438,336.7447197709786,-4526.37701907494,4518.641834346692
patient_109,526.0,21.04,245.3213356139468,-1007.6687674472872,2778.8412065214425,225.4872084821535,-4066.890139488832,4271.346886505725,325.4300241757686,-282.8673898802492,4531.6590353137235
patient_109,527.0,21.08,228.29092768118556,-425.76019831903056,2787.97284362869,122.6717263720732,-2570.3870527520075,4276.253755560608,123.4853076099019,-5048.617914146668,4536.598447618119
patient_109,528.0,21.12,105.4089103635786,-3072.0504329401742,2792.189200043233,114.84945085875046,-195.5568878330684,4280.847733594957,121.47967921323384,-50.140709916701454,4541.457634786649
patient_109,529.0,21.16,38.21734153301077,-1679.7892207641958,2793.7178937045533,40.950274988351396,-1847.4793967599767,4282.485744594492,95.34633037138705,-653.3337210461696,4545.271488001505
patient_109,530.0,21.2,111.97093663278163,1843.8398774942716,2798.1967311698645,70.00041598617636,726.2535249456242,4285.2857612339385,92.39803612022041,-73.70735627916609,4548.9674094463135
patient_109,531.0,21.24,258.1460318537032,3654.3773805230403,2808.5225724440124,213.88279005870757,3597.05935181328,4293.841072836287,120.14808088156356,693.7511190335787,4553.773332681576
patient_109,532.0,21.28,260.7838983325398,65.94666197091499,2818.953928377314,226.26394862424604,309.5289641384618,4302.891630781256,463.93262188966384,8594.613525202507,4572.330637557163
patient_109,533.0,21.32,147.97008777575485,-2820.3452639196244,2824.8727318883443,398.30189639977186,4300.948694388146,4318.823706637248,365.8546059235812,-2451.9503991520664,4586.964821794106
patient_109,534.0,21.36,252.29905638317004,2608.2242151853798,2834.9646941436713,416.3673491129329,451.63631782902627,4335.478400601764,503.7525380511486,3447.448303189185,4607.114923316152
patient_109,535.0,21.4,168.47564055476215,-2095.585395710197,2841.703719765862,478.4710555543154,1552.592661034562,4354.617242823937,425.4615732368754,-1957.2741203568298,4624.133386245627
patient_109,536.0,21.44,193.18235257082577,617.6678004015905,2849.431013868695,327.02072218251027,-3786.2583342951284,4367.698071711237,368.19240380193855,-1431.7292358734207,4638.861082397704
patient_109,537.0,21.48,134.37656781061972,-1470.1446190051513,2854.8060765811197,281.8168336256644,-1130.0972139211467,4378.970745056264,259.04632807247964,-2728.651893236473,4649.222935520604
patient_109,538.0,21.52,42.47195030030916,-2297.615437757764,2856.504954593132,174.31912143950444,-2687.442804653999,4385.9435099138445,186.90396632220694,-1803.5590437568176,4656.699094173491
patient_109,539.0,21.56,39.39225987184026,-76.99226071172251,2858.0806449880056,37.22029552624683,-3427.47064783144,4387.432321734894,93.49207269088532,-2335.2973407830405,4660.438777081127
patient_109,540.0,21.6,51.507157818789715,302.87244867373636,2860.140931300757,104.14845141563791,1673.203897234777,4391.598259791519,205.62636715865204,2803.357361694168,4668.663831767473
patient_109,541.0,21.64,119.4591476391088,1698.7997455079771,2864.9192972063215,239.52887193822934,3384.5105130647858,4401.179414669048,49.53174463373746,-3902.365563122865,4670.645101552823
patient_109,542.0,21.68,173.64945556796542,1354.7576982214152,2871.86527542904,501.5659841908605,6550.927806315778,4421.242054036683,541.2631919804317,12293.286183667355,4692.29562923204
patient_109,543.0,21.72,203.14743449458615,737.4494731655183,2879.9911728088236,544.4562638606188,1072.2569917439587,4443.020304591108,674.4124099202514,3328.7304484954943,4719.27212562885
patient_109,544.0,21.76,249.4349507796815,1157.1879071273834,2889.968570840011,792.6341829568482,6204.447977405735,4474.725671909382,826.0330864884478,3790.516914204909,4752.313449088388
patient_109,545.0,21.8,253.3108993307354,96.89871377634773,2900.101006813241,592.1074645732505,-5013.167959589944,4498.409970492311,348.297375517109,-11943.39277428347,4766.245344109072
patient_109,546.0,21.84,168.07441323475229,-2130.9121523995777,2906.8239833426305,274.4535635779857,-7941.347524881619,4509.388113035431,518.813209168173,4262.8958412766,4786.997872475799
patient_109,547.0,21.88,251.781750045022,2092.683420256743,2916.8952533444312,157.8244078649041,-2915.7288928270395,4515.701089350027,238.71822403961997,-7002.374628213826,4796.546601437384
patient_109,548.0,21.92,113.17686257630207,-3465.1221867179984,2921.4223278474838,119.81219934504672,-950.3052129964342,4520.4935773238285,159.2806278240207,-1985.9399053899815,4802.917826550344
patient_109,549.0,21.96,19.974511048504247,-2330.0587881949455,2922.221308289424,100.0560044390277,-493.90487265047545,4524.49581750139,145.72296123015454,-338.94166484665436,4808.746744999551
patient_109,550.0,22.0,168.6214453532258,3716.173357618039,2928.9661661035534,40.430996900078775,-1490.6251884737233,4526.1130573773935,178.2901521473816,814.1797729306767,4815.878351085446
patient_109,551.0,22.04,214.24489137682434,1140.5861505899636,2937.5359617586264,239.83845030325273,4985.186335079348,4535.7065953895235,216.47699308920545,954.6710235455962,4824.537430809014
patient_109,552.0,22.08,182.06694293684006,-804.4487109996069,2944.8186394761,344.50051868083955,2616.5517094396705,4549.486616136757,369.0637237298746,3814.6682660167285,4839.29997975821
patient_109,553.0,22.12,123.59450945480302,-1461.8108370509262,2949.7624198542926,450.86456909236574,2659.1012602881547,4567.521198900451,634.2260382789212,6629.057863726166,4864.669021289366
patient_109,554.0,22.16,177.73160912619582,1353.4274917848202,2956.8716842193403,488.8132980839317,948.7182247891496,4587.073730823809,147.4717423772703,-12168.857397541273,4870.567890984457
patient_109,555.0,22.2,179.93848175835532,55.171815803987556,2964.069223489674,281.2020132679336,-5190.282120399954,4598.321811354526,378.3843881236048,5772.816143658363,4885.703266509402
patient_109,556.0,22.24,154.7516536583965,-629.6707024989707,2970.25928963601,258.47612843287106,-568.1471208765629,4608.660856491841,379.3402447608673,23.89641593156142,4900.876876299836
patient_109,557.0,22.28,81.73555519614924,-1825.4024615561814,2973.528711843856,158.0445120920178,-2510.7904085213313,4614.982636975521,153.854735899135,-5637.137721543307,4907.031065735802
patient_109,558.0,22.32,54.46086547808002,-681.8672429517304,2975.707146462979,112.05004877675756,-1149.8615828815061,4619.464638926592,164.49238921248576,265.9413328337692,4913.610761304301
patient_109,559.0,22.36,42.10885544626451,-308.80025079538757,2977.3915006808297,208.1258089217208,2401.8940036240806,4627.78967128346,98.50175455445259,-1649.7658664508294,4917.550831486479
patient_109,560.0,22.4,12.12665865018243,-749.5549199020521,2977.876567026837,7.338750638438727,-5019.6764570820515,4628.083221308998,157.7430618222229,1481.0326816942577,4923.860553959368
patient_109,561.0,22.44,53.482822813528564,1033.9041040836535,2980.0158799393785,71.94958799404448,1615.2709338901439,4630.96120482876,254.7258077310827,2424.5686477214954,4934.049586268611
patient_109,562.0,22.48,112.65098789547848,1479.204127048748,2984.521919455198,148.24496404115428,1907.3844011777448,4636.891003390406,1.315394324788811,-6335.260335157348,4934.102202041603
patient_109,563.0,22.52,185.43785091493461,1819.6715754864033,2991.939433491795,292.7894824276928,3613.6129596634632,4648.602582687513,494.1937264218151,12321.958302425657,4953.869951098476
patient_109,564.0,22.56,185.94078327043135,12.573308887418477,2999.3770648226123,655.9420070784311,9078.813116268457,4674.840262970651,860.0568785366185,9146.578802870084,4988.27222623994
patient_109,565.0,22.6,295.73866121410924,2744.946948591947,3011.206611271177,600.3931577989704,-1388.721231986517,4698.855989282609,524.7481586101668,-8382.717998161292,5009.262152584347
patient_109,566.0,22.64,397.8920480153489,2553.8346700309917,3027.122293191791,421.1808066099019,-4480.308779726713,4715.703221547005,543.9428977453382,479.8684783792851,5031.019868494161
patient_109,567.0,22.68,181.5173785096616,-5409.366737642183,3034.382988332177,1531.8795370761263,27767.46826165561,4776.97840303005,1107.5083949262148,14089.137429521916,5075.320204291209
patient_109,568.0,22.72,307.75331046422025,3155.8982988639664,3046.693120750746,556.9613672699498,-24372.95424515441,4799.256857720848,275.54521714331196,-20799.079444572573,5086.342012976942
patient_109,569.0,22.76,151.8208480662338,-3898.3115599496614,3052.765954673395,104.25244996607461,-11317.72293259688,4803.426955719491,129.06672538720255,-3661.962293902735,5091.50468199243
patient_109,570.0,22.8,105.72860409335779,-1152.3060993219,3056.9950988371293,130.92650742907145,666.8514365749211,4808.664016016654,41.96320253445267,-2177.588071318747,5093.183210093808
patient_109,571.0,22.84,46.98582056548592,-1468.5695881967965,3058.8745316597488,78.64234755699641,-1307.1039968018758,4811.809709918934,62.2947343593577,508.2882956226257,5095.674999468182
patient_109,572.0,22.88,43.77816203477786,-80.19146326770166,3060.62565814114,5.719741285862747,-1823.0651567783416,4812.038499570368,49.6076201158426,-317.17785608787744,5097.659304272816
patient_109,573.0,22.92,151.49483285503274,2692.916770506372,3066.6854514553415,95.87832276732327,2253.964537036513,4815.873632481062,145.3287274413448,2393.027683137555,5103.472453370469
patient_109,574.0,22.96,212.86974039200933,1534.3726884244147,3075.200241071022,264.45069341258386,4214.309266131515,4826.4516602175645,354.34105545452064,5225.308200329396,5117.6460955886505
patient_109,575.0,23.0,294.83150711800675,2049.0441681499356,3086.9935013557424,385.02269583444865,3014.30006054662,4841.852568050943,519.6365002961194,4132.386121039968,5138.431555600496
patient_109,576.0,23.04,320.12289712106974,632.2847500765747,3099.798417240585,691.8868632579474,7671.604185587469,4869.528042581261,573.494605043949,1346.4526186957414,5161.371339802254
patient_109,577.0,23.08,339.59888220243454,486.89962703411993,3113.3823725286825,524.1749246981441,-4192.798463995084,4890.495039569187,260.344532456218,-7828.751814693275,5171.785121100503
patient_109,578.0,23.12,284.9733183445883,-1365.6390964461566,3124.781305262466,640.5947479016794,2910.4955800883827,4916.118829485254,609.8525130884286,8737.699515805265,5196.179221624039
patient_109,579.0,23.16,163.64450921862328,-3033.220228149125,3131.327085631211,362.646802414755,-6948.698637173111,4930.624701581844,587.994138025597,-546.4593765707917,5219.698987145063
patient_109,580.0,23.2,43.750207015009025,-2997.3575550903565,3133.077093911811,243.27364173986334,-2984.329016872291,4940.355647251439,314.96052734401667,-6825.840267039507,5232.297408238824
patient_109,581.0,23.24,16.36472266801537,-684.6371086748413,3133.731682818532,139.93318807881366,-2583.511341526242,4945.952974774591,240.45036533367394,-1862.7540502585682,5241.91542285217
patient_109,582.0,23.28,67.15691892162914,1269.8049063403441,3136.417959575397,162.51159505409007,564.4601743819102,4952.453438576755,71.93646016090473,-4212.847629319231,5244.792881258606
patient_109,583.0,23.32,215.98942387659807,3720.812623874223,3145.0575365304608,361.3147972402594,4970.080054654233,4966.906030466365,316.88813474569855,6123.791864619845,5257.468406648434
patient_109,584.0,23.36,240.90395221507464,622.8632084619143,3154.6936946190635,631.7991397692514,6762.1085632248,4992.177996057136,1025.7759516680612,17722.195423059064,5298.499444715158
patient_109,585.0,23.4,389.40177763378784,3712.44563546783,3170.2697657244153,313.64897322965993,-7953.754163489786,5004.7239549863225,300.46191229659115,-18132.85098428675,5310.517921207021
patient_109,586.0,23.44,350.1883729264264,-980.3351176840365,3184.2773006414723,1543.1976149195095,30738.71604224624,5066.451859583102,1544.1761583115938,31092.856150375064,5372.2849675394855
patient_109,587.0,23.48,479.7860185964633,3239.9411417509227,3203.4687413853308,911.1914773760946,-15800.153438585374,5102.899518678147,680.3488656994042,-21595.68231530474,5399.498922167461
patient_109,588.0,23.52,336.18957731687254,-3589.9110319897686,3216.916324478005,359.2732583964704,-13797.955474490604,5117.270449014005,276.66284462975716,-10092.150526741176,5410.565435952652
patient_109,589.0,23.56,202.24105754681833,-3348.7129942513557,3225.0059667798782,201.70674089846725,-3939.162937450079,5125.338718649944,206.3058804597698,-1758.9241042496838,5418.817671171043
patient_109,590.0,23.6,139.39537238764996,-1571.1421289792092,3230.5817816753843,191.90578096545624,-245.02399832527502,5133.014949888562,89.32701436096758,-2924.4716524700557,5422.390751745481
patient_109,591.0,23.64,97.39330508652994,-1050.0516825280006,3234.4775138788455,119.79007553081497,-1802.8926358660317,5137.806552909796,160.3857632040772,1776.4687210777404,5428.806182273644
patient_109,592.0,23.68,118.85976932698844,536.6616060114627,3239.2319046519247,39.47942118321048,-2007.7663586901124,5139.385729757124,92.4710644649047,-1697.8674684793123,5432.50502485224
patient_109,593.0,23.72,184.85670726475283,1649.9234484441097,3246.626172942515,169.17156166381739,3242.3035120151726,5146.152592223676,135.6703051493045,1079.9810171099953,5437.931837058213
patient_109,594.0,23.76,291.03501790701216,2654.4577660564833,3258.2675736587953,308.09299456224613,3473.035822460719,5158.476312006166,292.01550774567073,3908.6300649091554,5449.61245736804
patient_109,595.0,23.8,323.2595491623264,805.6132813828555,3271.197955625288,355.880940050184,1194.6986371984465,5172.711549608173,475.5446331979354,4588.228136306617,5468.634242695957
patient_109,596.0,23.84,288.9060882927241,-858.8365217400565,3282.7541991569974,590.3420399879204,5861.527498443411,5196.32523120769,546.6861633608478,1778.5382540728094,5490.501689230391
patient_109,597.0,23.88,248.21299578404515,-1017.3273127169743,3292.6827189883597,570.6300408331241,-492.7999788699083,5219.150432841016,559.4351827733545,318.72548531266887,5512.879096541325
patient_109,598.0,23.92,233.37882513542343,-370.854266215543,3302.0178719937767,529.0667817700188,-1039.0814765776327,5240.313104111816,537.0277326735708,-560.1862524945943,5534.360205848268
patient_109,599.0,23.96,51.77329343534075,-4540.138292502067,3304.08880373119,39.020810975917875,-12251.149269852524,5241.873936550853,83.46795241672469,-11338.994506421152,5537.698923944937
patient_109,600.0,24.0,380.654902112022,8222.040216917032,3319.314999815671,748.4583269103487,17735.937898360768,5271.812269627267,665.4571615842667,14549.730229188552,5564.317210408307
patient_109,601.0,24.04,113.85499810318,-6669.997600221051,3323.869199739798,155.81320949942298,-14816.127935273142,5278.044798007244,237.66782709076278,-10694.733362337598,5573.823923491938
patient_109,602.0,24.08,21.74860734593198,-2302.6597689312007,3324.7391440336355,106.2271477889315,-1239.651542762287,5282.293883918802,112.35286189045445,-3132.8741300077086,5578.318037967556
patient_109,603.0,24.12,39.21662961511578,436.70055672959495,3326.30780921824,47.59292385848002,-1465.855598261287,5284.197600873142,235.7103188319948,3083.936423538509,5587.746450720836
patient_109,604.0,24.16,169.151273629012,3248.3661003474053,3333.0738601634007,278.86522448627204,5781.807515694801,5295.352209852593,228.57805957043274,-178.30648153905173,5596.889573103653
patient_109,605.0,24.2,250.12500358150064,2024.343248812216,3343.0788603066608,556.5733953313552,6942.704271127079,5317.615145665847,771.1849339639261,13565.171859837335,5627.73697046221
patient_109,606.0,24.24,379.6722203391408,3238.6804189410036,3358.2657491202262,414.3863313881733,-3554.6765985795473,5334.190598921374,646.3065258486669,-3121.960202881482,5653.589231496157
patient_109,607.0,24.28,119.6830998061266,-6499.728013325354,3363.053073112471,1843.1710961493852,35719.6191190303,5407.91744276735,1398.2496995962267,18798.579343688998,5709.519219480006
patient_109,608.0,24.32,508.1169824545793,9710.847066211316,3383.377752410654,701.1602139003944,-28550.27205622477,5435.963851323365,460.2883118467989,-23449.034693735695,5727.930751953877
patient_109,609.0,24.36,47.54619553746861,-11514.269672927767,3385.279600232153,18.960920506530176,-17054.982334846605,5436.722288143626,43.91238238096745,-10409.398236645786,5729.687247249116
patient_109,610.0,24.4,198.4630926887243,3772.9224287813922,3393.2181239397014,135.28972317091123,2908.2200666095264,5442.133877070463,197.31464124770417,3835.0564716684185,5737.579832899024
patient_109,611.0,24.44,142.55845051006253,-1397.616054466544,3398.9204619601037,248.33850100634484,2826.2194458858403,5452.067417110717,34.491912443830536,-4070.5682200968413,5738.959509396777
patient_109,612.0,24.48,117.33685481315113,-630.5398924227849,3403.61393615263,94.25961246950546,-3851.972213420984,5455.837801609497,93.29529009698494,1470.08444132886,5742.691321000657
patient_109,613.0,24.52,127.81329136261937,261.9109137367058,3408.7264678071347,112.20446567857893,448.6213302268368,5460.32598023664,157.9926087468954,1617.4329662477614,5749.011025350533
patient_109,614.0,24.56,243.59691269283115,2894.5905332552948,3418.470344314848,302.35680700547437,4753.808533172386,5472.420252516858,273.9809763600028,2899.7091903276846,5759.970264404933
patient_109,615.0,24.6,243.91728123730698,8.00921361189566,3428.2270355643395,328.5012071368543,653.6100032844985,5485.560300802333,394.6729338424827,3017.298937061997,5775.757181758632
patient_109,616.0,24.64,222.7145514809556,-530.0682439087843,3437.1356176235777,475.004557341137,3662.583755107067,5504.560483095977,374.6726899824271,-500.0060965013901,5790.74408935793
patient_109,617.0,24.68,215.95049586528134,-169.10139039185665,3445.773637458189,512.6144899352604,940.2483148530848,5525.0650626933875,527.3903763727359,3817.94215975772,5811.839704412839
patient_109,618.0,24.72,225.0017537178415,226.2814463140039,3454.7737076069025,450.3115603128934,-1557.573240559175,5543.077525105904,476.9777987063085,-1260.3144416606851,5830.918816361091
patient_109,619.0,24.76,190.68865159331526,-857.827553113156,3462.401253670635,359.6602044546325,-2266.2838964565226,5557.46393328409,375.68299800341316,-2532.370017572383,5845.946136281227
patient_109,620.0,24.8,51.02301551013545,-3491.640902079495,3464.4421742910404,11.487184743971994,-8704.325492766511,5557.923420673848,46.292551026586764,-8234.76117442066,5847.797838322291
patient_109,621.0,24.84,92.3275830280615,1032.614187948151,3468.1352776121626,222.09428507543063,5265.177508286466,5566.807192076866,262.0808694992823,5394.707961817388,5858.281073102262
patient_109,622.0,24.88,96.98905633494515,116.53683267209125,3472.0148398655606,33.16328815263256,-4723.274923069952,5568.133723602971,125.36041681936966,-3418.011316997816,5863.295489775037
patient_109,623.0,24.92,79.77527522091286,-430.34452785080714,3475.2058508743976,236.23297543735507,5076.742182118062,5577.583042620466,125.20777555164824,-3.8160316930355265,5868.303800797103
patient_109,624.0,24.96,342.83314958504167,6576.44685910322,3488.9191768577994,943.7597291913895,17688.16884385086,5615.333431788122,1308.214642248973,29575.17166743312,5920.632386487061
patient_109,625.0,25.0,340.89828221742073,-48.37168419052347,3502.555108146496,634.2489108599534,-7737.770458285902,5640.70338822252,499.7396444804988,-20211.874944211853,5940.621972266281
patient_109,626.0,25.04,372.6756873981299,794.4351295177298,3517.4621356424213,582.1509991802718,-1302.44779199204,5663.989428189731,926.4827360463581,10668.577289146484,5977.681281708135
patient_109,627.0,25.08,378.9345162836048,156.4707221368721,3532.6195162937656,356.61289792774124,-5638.452531313264,5678.25394410684,289.8755658162694,-15915.179255752219,5989.276304340787
patient_109,628.0,25.12,355.8389198562685,-577.389910683408,3546.853073088016,469.83099728299726,2830.4524838814004,5697.047183998159,364.07449659074064,1854.9732693617811,6003.839284204416
patient_109,629.0,25.16,258.61599247885505,-2430.573184435336,3557.1977127871705,280.05244987256293,-4744.463685260858,5708.249281993062,398.4681322862921,859.840892388786,6019.778009495868
patient_109,630.0,25.2,84.93051822959396,-4342.136856231527,3560.594933516354,92.14806570901163,-4697.609604088782,5711.935204621423,77.33728083440671,-8028.271286297134,6022.871500729245
patient_109,631.0,25.24,174.27513602600484,2233.6154449102723,3567.565938957394,195.98907198514215,2596.025156903263,5719.7747675008295,208.42394908965778,3277.166706381277,6031.20845869283
patient_109,632.0,25.28,109.02449268782183,-1631.2660834545752,3571.926918664907,155.35788688992525,-1015.7796273804223,5725.989082976426,122.30659590479819,-2152.93382962149,6036.100722529023
patient_109,633.0,25.32,119.3337988685164,257.73265451736404,3576.700270619648,147.95717343459944,-185.01783638314535,5731.907369913811,64.05458677935324,-1456.3002281361237,6038.662906000198
patient_109,634.0,25.36,26.828703407383404,-2312.6273865283247,3577.7734187559436,75.6784699454928,-1806.9675872276662,5734.934508711631,97.89270223111198,845.9528862939685,6042.578614089442
patient_109,635.0,25.4,25.055237022641254,-44.33665961855375,3578.7756282368487,189.07999424924284,2835.038107593751,5742.4977084816,74.12863785451175,-594.1016094150058,6045.543759603623
patient_109,636.0,25.44,191.09455658143727,4150.9829889699,3586.419410500106,110.83383569848719,-1956.1539637688913,5746.9310619095395,203.98876084254627,3246.5030747008627,6053.703310037324
patient_109,637.0,25.48,225.05966487472537,849.1277073322024,3595.4217970950954,181.19674841365745,1759.0728178792563,5754.178931846087,184.6461990915976,-483.5640437737169,6061.089158000988
patient_109,638.0,25.52,209.0924805348354,-399.1796084972492,3603.7854963164887,354.82480517527756,4340.7014190405025,5768.371924053097,338.9352495325009,3857.2262610225825,6074.646567982289
patient_109,639.0,25.56,275.8027664327364,1667.757147447525,3614.8176069737983,471.656862275223,2920.8014274986353,5787.238198544106,452.4404843237937,2837.6308697823206,6092.744187355241
patient_109,640.0,25.6,454.8002341045066,4474.936691794255,3633.0096163379785,498.4033175136148,668.6613809597958,5807.174331244651,675.8047963255359,5584.107800043555,6119.776379208262
patient_109,641.0,25.64,35.020676352096764,-10494.488943810247,3634.4104433920625,29.36356143572475,-11725.993901947251,5808.348873702079,179.50002897322508,-12407.61918380777,6126.956380367191
patient_109,642.0,25.68,290.3966991224397,6384.400569258574,3646.0263113569604,536.4525184606625,12677.223925623444,5829.806974440506,568.9321974221829,9735.804211223945,6149.7136682640785
patient_109,643.0,25.72,253.32813199508675,-926.7141781838241,3656.159436636764,337.37246723371555,-4977.001280673674,5843.301873129854,496.14086404876133,-1819.7833343355385,6169.559302826029
patient_109,644.0,25.76,221.6911705232719,-790.9240367953714,3665.027083457695,391.84527999178675,1361.8203189517799,5858.975684329525,464.4590780333816,-792.0446503844928,6188.1376659473635
patient_109,645.0,25.8,183.81548779938413,-946.892068097194,3672.3797029696702,345.80765265132084,-1150.9406835116479,5872.807990435578,350.9803393658782,-2836.9684666875855,6202.176879521999
patient_109,646.0,25.84,155.66236991187876,-703.8279471876343,3678.606197766145,243.3644664354853,-2561.0796553958885,5882.542569092998,223.2237528580703,-3193.9146626951974,6211.105829636321
patient_109,647.0,25.88,79.29596422115645,-1909.1601422680576,3681.778036334991,146.4691977615349,-2422.38171684876,5888.401337003459,161.16454521387237,-1551.480191104948,6217.552411444875
patient_109,648.0,25.92,41.9572479838639,-933.4679059323138,3683.456326254346,145.10247662178847,-34.168028493660785,5894.20543606833,62.377084939265124,-2469.686506865181,6220.047494842446
patient_109,649.0,25.96,51.21377657801331,231.4132148537352,3685.5048773174663,42.88410409773476,-2555.4593131013426,5895.920800232238,129.43121222245816,1676.3531820798257,6225.224743331345
patient_109,650.0,26.0,69.33008026563249,452.9075921904795,3688.2780805280913,74.02389322492539,778.4947281797656,5898.881755961235,123.33307674281257,-152.45338699113978,6230.158066401058
patient_109,651.0,26.04,34.52264121956333,-870.1859761517289,3689.658986176874,33.365433990196124,-1016.4614808682315,5900.216373320844,4.924258159332094,-2960.2204645870115,6230.355036727431
patient_109,652.0,26.08,75.10822479186947,1014.6395893076535,3692.6633151685487,97.03013238943022,1591.6174599808523,5904.097578616421,54.15479509368347,1230.7634233587844,6232.521228531179
patient_109,653.0,26.12,48.033676996980915,-676.863694872214,3694.5846622484282,274.77959189385086,4443.736487610517,5915.0887622921755,93.76095759041263,990.154062418229,6236.271666834796
patient_109,654.0,26.16,137.11330198895485,2226.990624799348,3700.069194327986,436.1859469760512,4035.158877055008,5932.5362001712165,441.21061248132986,8686.24137227293,6253.920091334049
patient_109,655.0,26.2,207.3550699342897,1756.0441986333715,3708.363397125358,596.001480583891,3995.3883401959943,5956.376259394572,998.9540147106729,13943.585055733576,6293.878251922476
patient_109,656.0,26.24,757.1211080933579,13744.150953976703,3738.648241449092,816.6621772657347,5516.517417046094,5989.042746485202,984.481803818273,-361.8052723099993,6333.257524075208
patient_109,657.0,26.28,972.5784109902258,5386.4325724217,3777.5513778887016,844.2522927115488,689.7528861453509,6022.812838193664,645.1049150959116,-8484.422218059035,6359.061720679044
patient_109,658.0,26.32,508.56632460490346,-11600.30215963306,3797.894030872898,757.0351016312974,-2180.4297770062844,6053.094242258916,994.0001878689442,8722.381819325816,6398.821728193801
patient_109,659.0,26.36,824.9654782603932,7909.978841387243,3830.8926500033135,576.710958194248,-4508.103585926236,6076.162680586686,392.83123009483757,-15029.223944352665,6414.534977397595
patient_109,660.0,26.4,203.85725961660341,-15527.705466094743,3839.0469403879774,409.5021591860877,-4180.219975204007,6092.54276695413,205.43694301369595,-4684.857177028541,6422.752455118142
patient_109,661.0,26.44,227.8460245971171,599.719124512842,3848.1607813718624,25.2644930002341,-9605.94165464634,6093.553346674138,92.4684704369077,-2824.2118144197066,6426.451193935619
patient_109,662.0,26.48,271.9511374100995,1102.6278203245597,3859.0388268682664,29.302176024125167,100.94207559727666,6094.7254337151035,128.5651397767212,902.4167334953376,6431.593799526687
patient_109,663.0,26.52,80.93044045702945,-4775.517423826751,3862.2760444865476,92.89540662050007,1589.8307649093726,6098.441249979923,69.90401327147909,-1466.5281626310527,6434.389960057546
patient_109,664.0,26.56,124.52643104867025,1089.89976479102,3867.257101728494,166.5545967981503,1841.4797544412559,6105.103433851848,166.41050736864213,2412.6623524290762,6441.046380352292
patient_109,665.0,26.6,98.45286380153009,-651.8391811785041,3871.1952162805555,185.26668779863104,467.8022750120185,6112.514101363794,223.0726270121901,1416.5529910886996,6449.969285432779
patient_109,666.0,26.64,180.23794959413658,2044.6271448151624,3878.404734264321,226.61590064680172,1033.730321204267,6121.5787373896665,343.9307472198922,3021.453005192553,6463.726515321574
patient_109,667.0,26.68,179.2651238630421,-24.320643277361853,3885.5753392188426,223.8921272457885,-68.09433502533082,6130.534422479498,268.2563589477104,-1891.8597068045458,6474.456769679483
patient_109,668.0,26.72,205.5761650492634,657.7760296555325,3893.798385820813,264.95626832850365,1026.6035270678792,6141.132673212638,374.7822493558155,2663.147260202628,6489.448059653715
patient_109,669.0,26.76,207.47525211353485,47.47717660678603,3902.0973959053545,348.24982231389697,2082.338849634833,6155.062666105194,332.96153797096724,-1045.5177846212066,6502.766521172553
patient_109,670.0,26.8,232.00989158095248,613.3659866854408,3911.377791568593,370.54991452235333,557.5023052114091,6169.884662686088,218.3980302682229,-2864.087692568609,6511.502442383283
patient_109,671.0,26.84,184.13549373928274,-1196.8599460417436,3918.7432113181644,387.0329740424202,412.0764880016722,6185.365981647785,394.909005803203,4412.774388374502,6527.298802615411
patient_109,672.0,26.88,107.2423851688332,-1922.3277142612385,3923.0329067249177,457.4515353976983,1760.4640338819522,6203.664043063693,274.8771692491355,-3000.795913851688,6538.293889385377
patient_109,673.0,26.92,362.43983095071735,6379.936144547103,3937.5304999629466,448.0226169230683,-235.72296186574988,6221.584947740615,338.76587137515753,1597.2175531505513,6551.844524240383
patient_109,674.0,26.96,417.7504863404294,1382.7663847428014,3954.240519416564,537.5397272721998,2237.9277587282872,6243.086536831503,793.197440917644,11360.789238562162,6583.572421877088
patient_109,675.0,27.0,548.6224169735658,3271.79826582841,3976.1854160955063,535.6849770654931,-46.368755167668496,6264.513935914122,337.5943438622622,-11390.077426384547,6597.076195631579
patient_109,676.0,27.04,196.30369203232794,-8807.968123530947,3984.0375637767993,501.71789942464267,-849.1769410212598,6284.582651891108,305.18060751398764,-810.3434087068636,6609.283419932139
patient_109,677.0,27.08,225.6481736320131,733.6120399921292,3993.0634907220797,500.3863999901499,-33.28748586231853,6304.598107890713,101.23974479959665,-5098.521567859775,6613.333009724122
patient_109,678.0,27.12,314.06158554369995,2210.335297792171,4005.625954143828,125.60798358430137,-9369.460410146216,6309.622427234086,133.13745234654164,797.4426886736246,6618.658507817983
patient_109,679.0,27.16,89.35413458201056,-5617.686274042235,4009.2001195271087,333.1035771671699,5187.389839571712,6322.946570320773,71.39845219102295,-1543.475003887967,6621.514445905625
patient_109,680.0,27.2,15.475400864014633,-1846.9683429498982,4009.819135561669,220.17044978591827,-2823.3281845312904,6331.75338831221,198.83235021021375,3185.8474504797696,6629.467739914033
patient_109,681.0,27.24,74.84544208708144,1484.2510305766702,4012.8129532451526,98.20557778100839,-3049.121800122747,6335.681611423451,45.571324273334874,-3831.5256484219717,6631.290592884966
patient_109,682.0,27.28,61.98758686835845,-321.4463804680747,4015.292456719887,392.48881290458246,7357.080878089351,6351.381163939634,109.91927008542703,1608.6986453023037,6635.687363688384
patient_109,683.0,27.32,52.40761708107409,-239.4992446821089,4017.38876140313,76.1573112915204,-7908.287540326552,6354.427456391294,243.22122947906348,3332.548984840911,6645.416212867546
patient_109,684.0,27.36,48.85590359077539,-88.79283725746757,4019.342997546761,89.74735012735944,339.75097089597597,6358.017350396388,665.228730302863,10550.18752059499,6672.02536207966
patient_109,685.0,27.4,55.86381095802275,175.19768418118406,4021.577549985082,98.92529514706077,229.44862549253315,6361.974362202271,208.74830429875374,-11412.010650102733,6680.375294251611
patient_109,686.0,27.44,25.14016454699912,-768.0911602755908,4022.5831565669623,211.49650085994872,2814.280142822199,6370.434222236668,520.6482808341168,7797.499413384076,6701.201225484975
patient_109,687.0,27.48,45.51525029851316,509.37714378785097,4024.403766578903,28.08888649677655,-4585.1903590793045,6371.557777696539,268.6271714853147,-6300.527733720052,6711.9463123443875
patient_109,688.0,27.52,22.780617351857494,-568.3658236663916,4025.3149912729773,63.03801438969019,873.728197322841,6374.079298272127,167.44713511507925,-2529.500909255886,6718.64419774899
patient_109,689.0,27.56,61.755824586466275,974.3801808652196,4027.785224256436,18.010900617100226,-1125.677844314749,6374.799734296812,227.39812266712966,1498.7746888012603,6727.740122655676
patient_109,690.0,27.6,95.48993265718553,843.3527017679814,4031.6048215627234,26.85026523348271,220.98411540956207,6375.873744906151,37.23118165146073,-4754.173525391723,6729.229369921734
patient_109,691.0,27.64,152.9788128936737,1437.2220059122042,4037.7239740784703,55.189812384142854,708.4886787665037,6378.081337401516,10.296041972240825,-673.3784919804976,6729.641211600624
patient_109,692.0,27.68,128.34154749983608,-615.9316348459406,4042.857635978464,26.648241610923993,-713.5392693304715,6379.147267065954,105.4281997374337,2378.303944129822,6733.8583395901205
patient_109,693.0,27.72,47.863784695101046,-2011.944070118376,4044.772187366268,28.484874050252895,45.91581098322255,6380.286662027964,55.962314569290044,-1236.6471292035915,6736.096832172892
patient_109,694.0,27.76,18.933868714157594,-723.2478995235863,4045.5295421148344,12.943357185889074,-388.5379216090955,6380.8043963154,7.7988413031704695,-1204.0868316529893,6736.408785825019
patient_109,695.0,27.8,35.76657240915373,420.8175923749034,4046.9602050112003,3.386482529333134,-238.92186641389847,6380.939855616573,84.915187924798,1927.9086655406886,6739.8053933420115
patient_109,696.0,27.84,67.54311619002219,794.4135945217115,4049.661929658801,20.14218282178937,418.8925073114059,6381.745542929445,171.58309439814298,2166.6976618336244,6746.668717117937
patient_109,697.0,27.88,6.025605674107899,-1537.9377628978573,4049.9029538857653,44.5341269218714,609.7986025020507,6383.52690800632,36.430791780395644,-3378.807565443683,6748.125948789152
patient_109,698.0,27.92,81.65863290052737,1890.8256806604868,4053.169299201786,38.12820382048443,-160.1480775346742,6385.05203615914,10.353407594864427,-651.9346046382803,6748.540085092947
patient_109,699.0,27.96,25.611676776591032,-1401.1739030984083,4054.1937662728496,37.370819144124255,-18.934616909004376,6386.546868924905,27.99982064515042,441.16032625714985,6749.660077918753
patient_109,700.0,28.0,37.852056273323434,306.0094874183101,4055.7078485237826,24.92796382618061,-311.0713829485912,6387.543987477952,17.070343531566806,-273.2369278395904,6750.342891660016
patient_109,701.0,28.04,27.827715214556655,-250.60852646916948,4056.820957132365,46.759955486128355,545.7997914986937,6389.414385697398,37.68119430629367,515.2712693681716,6751.8501394322675
patient_109,702.0,28.08,47.627909958578336,495.004868600542,4058.726073530708,59.29498401487493,313.3757132186643,6391.786185057993,12.365980672791064,-632.8803408375651,6752.34477865918
patient_109,703.0,28.12,38.4182780840569,-230.24079686303588,4060.262804654071,47.21874988408074,-301.9058532698548,6393.674935053356,54.49899084815502,1053.3252543840988,6754.524738293107
patient_109,704.0,28.16,28.117123481767255,-257.52886505724115,4061.387489593342,63.673398203100874,411.3662079755034,6396.221870981481,90.45795341317718,898.974064125554,6758.143056429634
patient_109,705.0,28.2,25.5549437829592,-64.05449247020138,4062.40968734466,62.846183130960746,-20.680376803503187,6398.735718306719,50.99247839973478,-986.63687533606,6760.182755565624
patient_109,706.0,28.24,5.740508544072026,-495.36088097217936,4062.639307686423,68.52785307258922,142.04174854071195,6401.476832429622,27.966544244311443,-575.6483538855834,6761.301417335397
patient_109,707.0,28.28,30.615724564305893,621.8804005058468,4063.8639366689954,36.54025494476603,-799.6899531955797,6402.938442627413,9.837518051196222,-453.2256548278806,6761.694918057445
patient_109,708.0,28.32,17.952712623996568,-316.5752985077331,4064.582045173955,58.88974605986156,558.7372778773881,6405.2940324698075,82.56861824285491,1818.277504791467,6764.997662787159
patient_109,709.0,28.36,20.2205162911852,56.69509167971576,4065.3908658256028,46.9803546610604,-297.7347849700289,6407.17324665625,30.854928776411718,-1292.8422366610798,6766.231859938216
patient_109,710.0,28.4,23.959100188867595,93.4645974420599,4066.349229833157,19.466452174063246,-687.847562174929,6407.951904743212,52.205251243181884,533.7580616692542,6768.320069987943
patient_109,711.0,28.44,11.069355315330546,-322.24362183842624,4066.79200404577,17.29015786198535,-54.40735780194741,6408.643511057691,44.31445209474126,-197.26997871101554,6770.092648071733
patient_109,712.0,28.48,24.80263321984191,343.33194761278406,4067.7841093745637,20.8721374655196,89.54949008835627,6409.478396556312,43.009272681061574,-32.629485341992215,6771.813018978975
patient_109,713.0,28.52,27.8674697584398,76.62091346494728,4068.898808164901,10.822145201292996,-251.24980660566513,6409.911282364364,9.405098769170392,-840.1043477972795,6772.189222929742
patient_109,714.0,28.56,22.535683160998687,-133.29466493602783,4069.800235491341,13.642197893430534,70.50131730343847,6410.456970280102,22.656272524595224,331.2793438856208,6773.0954738307255
patient_109,715.0,28.6,17.877591275961525,-116.45229712592906,4070.515339142379,8.425509332689163,-130.41721401853428,6410.793990653408,25.178184108489557,63.04778959735833,6774.102601195065
patient_109,716.0,28.64,8.122482530623993,-243.8777186334383,4070.8402384436044,10.170960576768463,43.6362811019825,6411.20082907648,45.60345206886256,510.6316990093251,6775.92673927782
patient_109,717.0,28.68,36.419801647822254,707.4329779299566,4072.297030509517,18.628239500903742,211.43197310338198,6411.945958656515,10.113876254276562,-887.2393953646499,6776.331294327991
patient_109,718.0,28.72,12.159629651107398,-606.5042999178714,4072.7834156955614,5.548066358864739,-327.00432855097506,6412.16788131087,8.48953565909266,-40.60851487959756,6776.670875754354
patient_109,719.0,28.76,22.461514560900735,257.5471227448334,4073.6818762779976,2.22395681677786,-83.10273855217199,6412.256839583541,11.373239388412857,72.09259323300495,6777.12580532989
patient_109,720.0,28.8,22.351535847946764,-2.749467823849283,4074.5759377119157,7.225903034285533,125.04865543769183,6412.545875704913,41.27079757758688,747.4389547293507,6778.776637232994
patient_109,721.0,28.84,11.75626487687747,-264.88177427673236,4075.0461883069906,7.9073418096987655,17.03596938533081,6412.862169377301,5.869462807762904,-885.0333692455994,6779.011415745304
patient_109,722.0,28.88,15.142019146540779,84.64385674158272,4075.6518690728526,16.47615068200192,214.22022180757884,6413.52121540458,18.632102309821885,319.0659875514745,6779.756699837697
patient_109,723.0,28.92,6.312983621402151,-220.72588812846573,4075.9043884177086,18.795452811192522,57.98255322976509,6414.273033517029,31.830481267978097,329.95947395390533,6781.029919088415
patient_109,724.0,28.96,12.627270712662169,157.85717728150044,4076.409479246215,2.2134552787133153,-414.54993831198016,6414.361571728177,5.726385132660906,-652.6024033829298,6781.258974493722
patient_109,725.0,29.0,29.253844036806903,415.6643331036184,4077.5796330076873,6.189877972340353,99.41056734067595,6414.609166847071,28.087161728135463,559.019414886864,6782.382460962847
