patient,frame,time_s,wrist_speed_mm_s,wrist_accel_mm_s2,wrist_path_mm,thumb_tip_speed_mm_s,thumb_tip_accel_mm_s2,thumb_tip_path_mm,index_finger_tip_speed_mm_s,index_finger_tip_accel_mm_s2,index_finger_tip_path_mm
patient_275,147.0,5.88,,,0.0,,,0.0,,,0.0
patient_275,148.0,5.92,418.1256661495294,,16.725026645981178,462.9976595154202,,18.519906380616806,465.07967863774934,,18.603187145509974
patient_275,149.0,5.96,337.58320479795896,-2013.5615337892616,30.228354837899534,300.94617710678466,-4051.2870602158882,30.557753464888194,345.5332236116601,-2988.661375652231,32.42451608997638
patient_275,150.0,6.0,282.08543301060496,-1387.4442946838499,41.51177215832373,341.716565980145,1019.2597218340084,44.226416104093985,321.5891251982594,-598.6024603350174,45.288081097906755
patient_275,151.0,6.04,443.6527116166349,4039.181965150749,59.25788062298912,348.4891453241744,169.3144836007349,58.16598191706096,417.23148060601943,2391.0588851940006,61.977340322147526
patient_275,152.0,6.08,391.5496939666025,-1302.5754412508106,74.91986838165322,335.4238804649137,-326.6316214815177,71.58293713565752,382.7716339586228,-861.4961661849165,77.28820568049244
patient_275,153.0,6.12,262.05456786822606,-3237.3781524594106,85.40205109638228,244.05481668746225,-2284.2265944362857,81.345129803156,289.20485129885486,-2339.1695664941976,88.85639973244662
patient_275,154.0,6.16,158.17592577280817,-2596.9660523854473,91.7290881272946,434.81979508835525,4769.124460022325,98.73792160669022,252.47627996145215,-918.2142834350678,98.95545093090472
patient_275,155.0,6.2,241.18824952607795,2075.3080938317444,101.37661810833771,264.6923585883658,-4253.185912499737,109.32561595022486,309.0797794625776,1415.0874875281368,111.31864210940783
patient_275,156.0,6.24,208.32440426792672,-821.5961314537808,109.70959427905478,240.1347101158184,-613.9412118136846,118.93100435485759,262.11991411449975,-1173.9966337019468,121.80343867398783
patient_275,157.0,6.28,286.9837498505272,1966.483639565012,121.18894427307586,285.5751353636358,1136.0106311954355,130.354009769403,222.9884233006979,-978.2872703450465,130.72297560601572
patient_275,158.0,6.32,246.2249750437864,-1018.9693701685201,131.0379432748273,157.09380257914128,-3212.0333196123634,136.63776187256866,128.86760702367096,-2353.0204069256733,135.87767988696257
patient_275,159.0,6.36,213.20110006523998,-825.5968744636605,139.56598727743693,124.91949355992774,-804.3577254803384,141.63454161496577,84.50389746635184,-1109.0927389329777,139.25783578561663
patient_275,160.0,6.4,106.98290215402243,-2655.454947780439,143.84530336359782,71.8399727400723,-1326.988020496386,144.50814052456866,55.10775443326461,-734.9035758271808,141.46214596294723
patient_275,161.0,6.44,132.859570743976,646.9167147488396,149.15968619335683,113.99258497775817,1053.8153059421468,149.067843923679,67.30460289471819,304.9212115363394,144.15433007873597
patient_275,162.0,6.48,89.74334061251906,-1077.9057532864235,152.7494198178576,72.29892020286863,-1042.3416193722385,151.95980073179373,86.49528027225533,479.76693443842856,147.6141412896262
patient_275,163.0,6.52,59.83502381566056,-747.7079199214625,155.14282077048404,102.06815103843367,744.230770889126,156.04252677333108,81.53842003855301,-123.92150584255788,150.8756780911683
patient_275,164.0,6.56,60.23298030202855,9.948912159199708,157.55213998256517,65.34215881223659,-918.1498056549269,158.65621312582053,41.998749089156505,-988.4917737349127,152.55562805473457
patient_275,165.0,6.6,43.837521625090055,-409.8864669234624,159.30564084756878,51.76796254653828,-339.3549066424578,160.7269316276821,63.0587523415262,526.5000813092424,155.0779781483956
patient_275,166.0,6.64,21.169363955250397,-566.7039417459914,160.15241540577878,27.232931386770684,-613.3757789941899,161.81624888315292,46.16090788164538,-422.4461114970206,156.92441446366144
patient_275,167.0,6.68,7.105616087473519,-351.59369669442196,160.43664004927774,14.635133546736851,-314.9449460008458,162.40165422502238,57.01132774069359,271.2604964762052,159.20486757328916
patient_275,168.0,6.72,46.60222566727703,987.4152394950878,162.30072907596883,13.42545630588568,-30.241931021279278,162.93867247725782,35.54174008297403,-536.7396914429889,160.62653717660814
patient_275,169.0,6.76,46.36028754560934,-6.048453041692348,164.15514057779322,18.961447309417796,138.3997750883029,163.69713036963455,39.46387589124956,98.05339520688818,162.20509221225814
patient_275,170.0,6.8,13.638796146599539,-818.037284975245,164.7006924236572,23.148905208321473,104.68644747259192,164.6230865779674,42.5045190941009,76.01608007128355,163.90527297602216
patient_275,171.0,6.84,18.391527422909437,118.81828190774746,165.43635352057356,23.823516408056975,16.86527999338754,165.57602723428968,24.484987020587216,-450.4883018378421,164.88467245684566
patient_275,172.0,6.88,25.587114793718733,179.8896842702324,166.45983811232233,7.048654793538696,-419.371540362957,165.85797342603124,8.031384172894667,-411.34007119231376,165.20592782376144
patient_275,173.0,6.92,19.29393903275215,-157.3293940241646,167.2315956736324,27.866757667651104,520.4525718528103,166.97264373273728,72.07283928163493,1601.0363777185066,168.08884139502683
patient_275,174.0,6.96,14.541027817056225,-118.8227803923981,167.81323678631466,24.70974533289989,-78.92530836878038,167.96103354605327,51.15199596312836,-523.0210829626642,170.13492123355198
patient_275,175.0,7.0,48.15679323847747,840.3941355355311,169.73950851585377,58.66496969363455,848.8806090183665,170.30763233379864,113.00149065916374,1546.2373674008845,174.65498085991854
patient_275,176.0,7.04,24.942666453272253,-580.3531696301304,170.73721517398465,45.880530609977285,-319.6109770914317,172.14285355819774,190.109367804839,1927.6969286418814,182.2593555721121
patient_275,177.0,7.08,23.300693064189332,-41.04933472707302,171.66924289655225,55.466617726916326,239.65217792347602,174.3615182672744,185.28865334488245,-120.5178614989137,189.67090170590743
patient_275,178.0,7.12,54.98489690182598,792.1050959409162,173.86863877262527,57.69384416557193,55.68066096639015,176.6692720338973,120.39983491439462,-1622.2204607621957,194.4868951024832
patient_275,179.0,7.16,40.089500192027394,-372.3849177449646,175.47221878030635,111.04827562148971,1333.8607863979444,181.11120305875687,175.33098576816198,1373.2787713441842,201.5001345332097
patient_275,180.0,7.2,5.771503795830214,-857.9499099049295,175.7030789321396,21.65950120085303,-2234.719360515917,181.977583106791,161.05700426918665,-356.8495374743833,207.94241470397716
patient_275,181.0,7.24,16.410745710829822,265.9810478749902,176.3595087605728,19.038062450648447,-65.53596875511457,182.73910560481693,69.06190907766535,-2299.8773797880326,210.70489106708376
patient_275,182.0,7.28,32.87966645392144,411.7230185772904,177.67469541872964,33.08761421286171,351.23879405533154,184.06261017333142,21.01220995240812,-1201.2424781314307,211.54537946518008
patient_275,183.0,7.32,63.431486719158244,763.7955066309202,180.21195488749595,27.751661055563698,-133.39882893245027,185.17267661555397,34.61113997074711,339.97325045847475,212.92982506400998
patient_275,184.0,7.36,30.380186941403174,-826.2824944438768,181.42716236515207,32.755735909495336,125.10187134829094,186.48290605193378,100.23734277464631,1640.6550700974797,216.9393187749958
patient_275,185.0,7.4,86.51904122282858,1403.471357035635,184.88792401406522,14.551954034272907,-455.0945468805607,187.0649842133047,14.175351426985312,-2151.5497836915247,217.5063328320752
patient_275,186.0,7.44,77.47941008971705,-225.99077832778818,187.9871004176539,32.10797728458067,438.9005812576941,188.34930330468794,55.89470397844936,1042.983813786601,219.7421209912132
patient_275,187.0,7.48,68.01621812457337,-236.57979912859196,190.70774914263683,60.61240181264976,712.6106132017272,190.77379937719394,62.31542149381347,160.51793788410276,222.23473785096573
patient_275,188.0,7.52,38.55382061956921,-736.5599376251041,192.24990196741956,62.37430552773901,44.047592877231345,193.2687715983035,97.25919049670433,873.5942250722717,226.1251054708339
patient_275,189.0,7.56,55.60245821369481,426.21593985314,194.4740002959674,120.93954858205214,1464.1310763578283,198.1063535415856,142.03679583571764,1119.4401334753327,231.80657730426256
patient_275,190.0,7.6,123.85336089875103,1706.2725671264054,199.42813473191742,183.923335136361,1574.5946638577216,205.46328694704005,418.62255266351684,6914.643920694979,248.55147941080327
patient_275,191.0,7.64,188.6686591438605,1620.3824561277368,206.9748810976718,205.03738822161338,527.8513271313095,213.6647824759046,392.95531866188105,-641.6808500408947,264.26969215727854
patient_275,192.0,7.68,279.25025312917495,2264.539849632861,218.14489122283882,320.75618535276317,2892.9699282787446,226.4950298900151,618.3966234009758,5636.032618477369,289.0055570933175
patient_275,193.0,7.72,307.3823347576269,703.3020407112986,230.4401846131439,476.6261386538731,3896.7488325277486,245.56007543617,384.31168353661184,-5852.1234966091,304.378024434782
patient_275,194.0,7.76,396.64890636882586,2231.664290279974,246.30614086789694,374.3673588559847,-2556.46949494721,260.5347697904094,263.02173045534596,-3032.248827031647,314.89889365299587
patient_275,195.0,7.8,316.06198696205956,-2014.6729851691575,258.9486203463793,810.4906024650406,10903.081090226398,292.95439388901104,777.148996904533,12853.181661229675,345.9848535291772
patient_275,196.0,7.84,472.96009200353785,3922.452626036957,277.8670240265208,146.55303478158424,-16598.439192086407,298.8165152802744,353.3868920880501,-10594.052620412072,360.12032921269923
patient_275,197.0,7.88,271.58076105915416,-5034.483273609592,288.730254468887,663.7153063005682,12929.0567879746,325.3651275322971,472.40465007903447,2975.443949774609,379.0165152158606
patient_275,198.0,7.92,301.33025769516894,743.7374159003696,300.7834647766938,261.65492782739057,-10051.50946182944,335.8313246453927,128.7504230531468,-8591.355675647192,384.16653213798645
patient_275,199.0,7.96,251.59191277913266,-1243.4586229009071,310.8471412878591,405.2802330428826,3590.6326303873016,352.04253396710806,270.16169998738286,3535.2819233559017,394.97300013748173
patient_275,200.0,8.0,142.5170219941515,-2726.872269624529,316.5478221676251,137.81875091885564,-6686.537053100675,357.55528400386225,705.7909704061435,10890.731760469016,423.20463895372745
patient_275,201.0,8.04,225.49809504851743,2074.5268263591483,325.56774596956586,69.70041635661569,-1702.9583640559988,360.3433006581269,96.8416133393506,-15223.733926669824,427.0783034873015
patient_275,202.0,8.08,91.80714917426481,-3342.2736468563157,329.2400319365364,10.280665194929403,-1485.493779042157,360.754527265924,176.6998120864029,1996.454968676307,434.14629597075765
patient_275,203.0,8.12,82.06899951672996,-243.4537414383712,332.5227919172056,106.58219863912599,2407.538336104915,365.01781521148905,168.5955410470476,-202.60677598388241,440.89011761263953
patient_275,204.0,8.16,88.14162632519938,151.81567021173555,336.0484569702136,100.88625418738896,-142.39861129342586,369.05326537898463,381.86272639588094,5331.679633720833,456.16462666847474
patient_275,205.0,8.2,64.91656238819071,-580.6265984252168,338.64511946574123,45.961470607912524,-1373.1195894869109,370.8917242033011,87.93548679372188,-7348.180990053976,459.68204614022363
patient_275,206.0,8.24,86.65763623924221,543.5268462762874,342.1114249153109,37.83536754730119,-203.15257651528339,372.40513890519316,177.58282057374308,2241.18334450053,466.78535896317334
patient_275,207.0,8.28,54.20266104922607,-811.3743797504034,344.27953135728,93.08889669204896,1381.3382286186943,376.1286947728751,226.6425185032476,1226.4924482376132,475.85105970330324
patient_275,208.0,8.32,109.57189877440327,1384.2309431294298,348.66240730825615,78.92926709404153,-353.9907399501857,379.28586545663677,561.5042742524844,8371.543893730919,498.31123067340263
patient_275,209.0,8.36,131.8576787084883,557.1444983521257,353.93671445659567,154.40570628382036,1886.9109797444708,385.46209370798954,112.48463793483175,-11225.490907941316,502.8106161907958
patient_275,210.0,8.4,122.24355867627315,-240.3530008053785,358.8264568036466,150.3982717091821,-100.18586436595669,391.47802457635686,97.03402380699333,-386.26535319596053,506.6919771430756
patient_275,211.0,8.44,66.13443441764379,-1402.728106465734,361.4718341803523,60.59958772722709,-2244.967099548875,393.9020080854459,87.96917170631428,-226.6213025169762,510.21074401132813
patient_275,212.0,8.48,35.814253553480505,-758.0045216040821,362.90440432249153,146.4645153849339,2146.62319144267,399.7605887008433,223.65587402076193,3392.167557861191,519.1569789721586
patient_275,213.0,8.52,158.30330556303807,3062.226300238939,369.23653654501305,150.33084931738512,96.65834831128066,405.7738226735387,265.47297440870625,1045.427509698608,529.7758979485069
patient_275,214.0,8.56,230.86872251095772,1814.1354236979914,378.4712854454514,198.49693117108197,1204.1520463424213,413.71369992038194,12.742269871715886,-6318.2676134247595,530.2855887433756
patient_275,215.0,8.6,269.5840898244827,967.8841828381245,389.25464903843067,214.39214329092988,397.38030299619777,422.2893856520191,267.1328977565755,6359.765697121491,540.9709046536386
patient_275,216.0,8.64,287.1503310035211,439.15602947596,400.74066227857145,312.6864091076875,2457.3566454189404,434.79684201632665,439.06717058485776,4298.356820707057,558.5335914770329
patient_275,217.0,8.68,333.6387491988451,1162.2104548831003,414.08621224652524,118.12486664419518,-4864.038561587308,439.52183668209443,496.74162962653963,1441.861476042047,578.4032566620945
patient_275,218.0,8.72,454.6923658591714,3026.3404165081565,432.2739068808921,716.1617246248398,14950.921449516116,468.1683056670881,639.4928228741912,3568.77983119129,603.9829695770621
patient_275,219.0,8.76,416.4255088104318,-956.6714262184903,448.9309272333093,784.7331064507832,1714.2845456485843,499.5576299251194,718.507120435829,1975.3574390409453,632.7232543944953
patient_275,220.0,8.8,409.3576387243493,-176.6967521520627,465.30523278228327,668.6819764411483,-2901.2782502408727,526.3049089827654,741.2146597605187,567.6884831172401,662.371840784916
patient_275,221.0,8.84,354.3591609605035,-1374.961944096144,479.4795992207034,526.1507601025494,-3563.2804084649733,547.3509393868674,652.5709323571174,-2216.093185085032,688.4746780792007
patient_275,222.0,8.88,379.8068893611858,636.1932100170577,494.6718747951508,451.92007078351236,-1855.7672329759257,565.4277422182078,622.6174447317219,-748.8371906348874,713.3793758684695
patient_275,223.0,8.92,193.8521702711524,-4648.867977250836,502.4259616059969,121.90600653880237,-8250.351606117749,570.3039824797598,239.42702486348017,-9579.760496706043,722.9564568630086
patient_275,224.0,8.96,110.22762180095457,-2090.613711754946,506.83506647803506,75.7317755753582,-1154.3557740861042,573.3332535027741,111.24478020695257,-3204.5561164131896,727.4062480712867
patient_275,225.0,9.0,8.08554805416556,-2553.5518436697253,507.1584884002017,63.780052170425726,-298.7930851233118,575.8844555895912,35.081628174413716,-1904.0788008134712,728.8095131982633
patient_275,226.0,9.04,110.8852127147413,2569.9916165143936,511.59389690879135,45.23434776182807,-463.64261021494144,577.6938295000643,73.40320740223424,958.0394806955132,731.7456414943526
patient_275,227.0,9.08,118.02960890500292,178.6099047565404,516.3150812649915,85.95195489662717,1017.9401783699776,581.1319076959294,81.43736162865888,200.8538556606158,735.0031359594989
patient_275,228.0,9.12,67.34397810034245,-1267.1407701165115,519.0088403890052,48.44208527109761,-937.746740638239,583.0695911067733,42.30138260462356,-978.3994756008829,736.6951912636838
patient_275,229.0,9.16,59.128942238299096,-205.37589655108394,521.3739980785372,27.602674840139617,-520.9852607739498,584.1736981003789,20.772434611068572,-538.2236998388747,737.5260886481266
patient_275,230.0,9.2,70.69952302101946,289.26451956800906,524.2019789993778,37.84532992148336,256.06637703359365,585.6875112972382,39.1045038736711,458.30173156506316,739.0902688030734
patient_275,231.0,9.24,35.254759421046636,-886.1190899993206,525.6121693762198,57.47414912965662,490.72048020433135,587.9864772624245,66.93552052162671,695.7754161988904,741.7676896239385
patient_275,232.0,9.28,62.40345454362587,678.7173780644808,528.1083075579648,41.99143370805057,-387.0678855401511,589.6661346107466,57.54348287520248,-234.80094116060587,744.0694289389467
patient_275,233.0,9.32,73.2328446738501,270.73475325560565,531.0376213449188,89.39678465240023,1185.1337736087414,593.2420059968425,109.30174424309557,1293.9565341973273,748.4414987086706
patient_275,234.0,9.36,41.822029274746534,-785.2703849775891,532.7105025159086,39.27743780199233,-1252.9836712601975,594.8131035089223,64.21536706960164,-1127.1594293373482,751.0101133914546
patient_275,235.0,9.4,33.287368091661804,-213.36652957711823,534.0419972395752,74.4726245811877,879.8796694798843,597.7920084921698,81.01668112257963,420.03285132444967,754.2507806363578
patient_275,236.0,9.44,31.702533805084887,-39.620857164422944,535.3100985917786,37.93345078521352,-913.4793448993545,599.3093465235783,25.882303829228672,-1378.3594323337738,755.286072789527
patient_275,237.0,9.48,23.734239875052143,-199.2073482508186,536.2594681867806,24.759896988914925,-329.338844907465,600.2997424031349,28.500451790292203,65.45369902658828,756.4260908611386
patient_275,238.0,9.52,22.458934048259408,-31.882645669818377,537.157825548711,3.1913706242365487,-539.2131591169594,600.4273972281043,11.247275826399118,-431.32939909732715,756.8759818941945
patient_275,239.0,9.56,29.038990703037758,164.50141636945875,538.3193851768325,31.642350034567492,711.2744852582737,601.693091229487,47.18358908594475,898.4078314886409,758.7633254576323
patient_275,240.0,9.6,41.56607463411206,313.17709827685763,539.982028162197,38.96300479067674,183.01636890273124,603.2516114211141,92.26003187652191,1126.911069764429,762.4537267326932
patient_275,241.0,9.64,27.36554293331216,-355.0132925199976,541.0766498795296,51.250568611210916,307.18909551335435,605.3016341655625,19.47551859856119,-1819.6128319490178,763.2327474766356
patient_275,242.0,9.68,27.426587669252527,1.5261183985091797,542.1737133862996,84.3520394443412,827.5367708282571,608.6757157433362,56.236678729350125,919.0290032697235,765.4822146258095
patient_275,243.0,9.72,41.57985064464292,353.83157438475973,543.8369074120853,7.952208299988327,-1909.9957786088219,608.9938040753357,137.0944299885847,2021.4437814808641,770.965991825353
patient_275,244.0,9.76,28.44416263841652,-328.39220015565996,544.974673917622,26.460964072774125,462.7188943196449,610.0522426382466,40.492754333992316,-2415.0418913648095,772.5857019987126
patient_275,245.0,9.8,43.67152089055907,380.6839563035639,546.7215347532443,40.03204595217888,339.27704698511894,611.6535244763338,81.6604093059351,1029.1913742985696,775.85211837095
patient_275,246.0,9.84,30.4338264046287,-330.9423621482593,547.9388878094295,99.03584663115556,1475.095016974417,615.6149583415801,128.98151597530065,1183.0276667341386,781.0113790099621
patient_275,247.0,9.88,37.489196305168484,176.38424751349459,549.4384556616362,189.68327511974033,2266.1857122146193,623.2022893463696,223.05294787144422,2351.785797403589,789.9334969248199
patient_275,248.0,9.92,105.15676342497508,1691.6891779951648,553.6447261986352,375.5732684063393,4647.249832164975,638.2252200826232,624.7018660488923,10041.222954436202,814.9215715667757
patient_275,249.0,9.96,8.186092123880842,-2424.266782527356,553.9721698835905,132.08139919330623,-6087.296730325827,643.5084760503555,51.575013424541545,-14328.171315608768,816.9845721037574
patient_275,250.0,10.0,114.2004088173445,2650.3579173365915,558.5401862362843,126.00093995297516,-152.01148100827666,648.5485136484745,581.5309807746246,13248.899183752075,840.2458113347424
patient_275,251.0,10.04,151.00859838850306,920.2047392789641,564.5805301718244,271.22644429795895,3630.6376086245946,659.3975714203928,348.3335410958839,-5829.935991968518,854.1791529785776
patient_275,252.0,10.08,574.9160378211061,10597.685985815076,587.5771716846687,953.1268137792998,17047.509237033522,697.5226439715648,808.0604001071364,11493.171475281311,886.5015689828631
patient_275,253.0,10.12,361.9915971219372,-5323.111017479222,602.0568355695461,321.86448291682933,-15781.55827156176,710.397223288238,391.92584240430773,-10403.363942570717,902.1786026790354
patient_275,254.0,10.16,382.4828877485145,512.2822656644316,617.3561510794867,386.2566020329319,1609.8029779025637,725.8474873695553,209.8045847269096,-4553.031441934953,910.5707860681118
patient_275,255.0,10.2,267.77634259321144,-2867.663628882576,628.0672047832152,250.92076621828826,-3383.3958953660904,735.8843180182869,332.4654922554693,3066.5226882139928,923.8694057583306
patient_275,256.0,10.24,229.643120271627,-953.330558039611,637.2529295940802,181.22715736027826,-1742.3402214502503,743.133404312698,267.67240660054034,-1619.8271413732243,934.5763020223521
patient_275,257.0,10.28,196.727068908737,-822.9012840722497,645.1220123504297,194.1685508730582,323.5348378194985,750.9001463476203,149.2866801832278,-2959.643160432814,940.5477692296813
patient_275,258.0,10.32,57.334002788723616,-3484.826653000335,647.4153724619787,79.20175695668844,-2874.169847909244,754.0682166258879,186.58049102240028,932.3452709793123,948.0109888705773
patient_275,259.0,10.36,12.250894865572802,-1127.0776980787703,647.9054082566016,28.123773956304365,-1276.949575009602,755.19316758414,10.900703662590647,-4391.994683995241,948.447017017081
patient_275,260.0,10.4,63.669644768367036,1285.4687475698559,650.4521940473362,52.19241983836591,601.7161470515385,757.2808643776748,36.82526233383736,648.1139667811677,949.9200275104345
patient_275,261.0,10.44,10.7827748104636,-1322.171748947586,650.8835050397547,59.06427973138094,171.79649732537587,759.64343556693,68.38527269760463,789.000259094182,952.6554384183386
patient_275,262.0,10.48,27.177885727067313,409.8777729150928,651.9706204688374,44.52404150536601,-363.5059556503734,761.4243972271447,24.329787753348807,-1101.3871236063956,953.6286299284725
patient_275,263.0,10.52,7.825345411153611,-483.8135078978425,652.2836342852836,40.05480682250564,-111.73086707150918,763.0265895000449,21.188992571979735,-78.51987953422679,954.4761896313518
patient_275,264.0,10.56,47.95363252059711,1003.2071777360875,654.2017795861075,27.510995461339093,-313.5952840291637,764.1270293184986,76.59718485782676,1385.2048071461757,957.5400770256648
patient_275,265.0,10.6,15.657026445981646,-807.4151518653867,654.8280606439467,31.02362740809841,87.81579866898292,765.3679744148226,81.81030351175828,130.32796634828793,960.812489166135
patient_275,266.0,10.64,23.85501398194865,204.94968839917513,655.7822612032246,119.40308883983735,2209.4865357934736,770.1440979684161,28.12537141271594,-1342.1233024760586,961.9375040226437
patient_275,267.0,10.68,50.63993694850237,669.6230741638428,657.8078586811647,30.085395445671328,-2232.942334854151,771.3475137862429,78.2501620730332,1253.1197665079314,965.067510505565
patient_275,268.0,10.72,55.266065820568905,115.65322180166345,660.0185013139874,85.0807088150366,1374.882834234132,774.7507421388443,78.0024051413526,-6.193923292014958,968.1876067112191
patient_275,269.0,10.76,16.389327283623995,-971.9184634236228,660.6740744053324,51.6008045727117,-836.9976060581225,776.8147743217528,46.85116799816874,-778.7809285795964,970.0616534311458
patient_275,270.0,10.8,2.088153966350349,-357.52933293184117,660.7576005639863,16.67803696712782,-873.0691901395971,777.4818958004379,11.372557849273958,-886.9652537223695,970.5165557451168
patient_275,271.0,10.84,3.3665462484367548,31.95980705216015,660.8922624139237,45.25707886684799,714.4760474930042,779.2921789551119,128.7131374234995,2933.514489355638,975.6650812420568
patient_275,272.0,10.88,23.008480220568863,491.0483493033027,661.8126016227465,16.498426061579483,-718.9663201317127,779.952115997575,244.24157357531388,2888.2109037953596,985.4347441850692
patient_275,273.0,10.92,18.455179087219648,-113.83252833373038,662.5508087862353,104.5760328664993,2201.940170122996,784.1351573122349,60.70860267658472,-4588.324272468229,987.8630882921327
patient_275,274.0,10.96,76.34078334970755,1447.1401065621976,665.6044401202236,84.86440872496476,-492.7906035383636,787.5297336612334,59.600914159591554,-27.692212924829107,990.2471248585165
patient_275,275.0,11.0,107.72427846430982,784.5873778650567,669.9134112587959,126.498137929747,1040.843230119556,792.5896591784233,50.74039603797079,-221.5129530405191,992.2767407000352
patient_275,276.0,11.04,231.78717071320196,3101.5723062223037,679.1848980873241,244.2220811851368,2943.098581384745,802.3585424258288,287.4609859989972,5918.01474902566,1003.7751801399952
patient_275,277.0,11.08,264.9724011130191,829.6307599954282,689.783794131845,199.07211582711827,-1128.7491339504634,810.3214270589135,114.24634387705898,-4330.366053048457,1008.3450338950774
patient_275,278.0,11.12,312.38632768542055,1185.3481643100367,702.2792472392617,325.2746986641467,3155.0645709257105,823.3324150054794,395.6045423004494,7033.954960584761,1024.1692155870956
patient_275,279.0,11.16,290.5740486824848,-545.3069750733946,713.9022091865611,349.6044954599685,608.2449198955459,837.3165948238781,411.58325362672855,399.46778315697884,1040.6325457321648
patient_275,280.0,11.2,33.21805861456759,-6433.899751697929,715.2309315311437,32.974347581432006,-7915.753696963412,838.6355687271354,29.705832266284318,-9546.935534011107,1041.8207790228162
patient_275,281.0,11.24,299.11726052121185,6647.480047666106,727.1956219519922,367.3727499895837,8359.960060203792,853.3304787267188,610.1796196813934,14511.844685377728,1066.2279638100717
patient_275,282.0,11.28,359.41460646029816,1507.433648477158,741.5722062104041,482.2400056248507,2871.681390881675,872.6200789517128,521.1731266758726,-2225.162325138021,1087.0748888771068
patient_275,283.0,11.32,273.3517856163486,-2151.570521098739,752.506277635058,390.82148821038925,-2285.4629353615364,888.2529384801284,468.2004271851843,-1324.317487267207,1105.8029059645141
patient_275,284.0,11.36,237.6947519561115,-891.4258415059272,762.0140677133026,110.47489350863418,-7008.664867543876,892.6719342204738,258.9677819053726,-5230.816131995293,1116.161617240729
patient_275,285.0,11.4,160.7187688051794,-1924.3995787733027,768.4428184655096,191.53920134169962,2026.607695826636,900.3335022741418,227.63328268910362,-783.3624804067242,1125.2669485482932
patient_275,286.0,11.44,36.177128870049785,-3113.54099837824,769.8899036203117,154.4022850532659,-928.422907210843,906.5095936762725,240.88444915743932,331.2791617083924,1134.9023265145906
patient_275,287.0,11.48,51.76910705278339,389.79945456834014,771.960667902423,223.83239280262393,1735.7526937339508,915.4628893883776,145.8615532672902,-2375.572397253728,1140.736788645282
patient_275,288.0,11.52,121.65429040136951,1747.1295837146527,776.8268395184778,118.85858103425313,-2624.34529420927,920.2172326297476,76.72179756428278,-1728.4938925751853,1143.8056605478534
patient_275,289.0,11.56,29.93023319162634,-2293.101430243579,778.0240488461428,28.264528679443714,-2264.8513088702357,921.3478137769254,262.8946040963305,4654.320163301193,1154.3214447117068
patient_275,290.0,11.6,30.062105251108463,3.2968014870530915,779.2265330561872,100.76128842947621,1812.4189937508124,925.3782653141044,189.05544085582224,-1845.9790810127067,1161.8836623459397
patient_275,291.0,11.64,10.615003367143496,-486.17754709912424,779.6511331908729,62.79936890843258,-949.0479880260908,927.8902400704417,15.059450443953025,-4349.899760296731,1162.4860403636978
patient_275,292.0,11.68,153.60590819742447,3574.7726207570245,785.7953695187699,238.03736007982388,4380.949779284783,937.4117344736346,369.23543849732107,8854.399701334201,1177.2554579035907
patient_275,293.0,11.72,108.0490896841888,-1138.9204628308917,790.1173331061374,135.35572434821262,-2567.0408932902815,942.8259634475631,193.15699808924558,-4401.961010201887,1184.9817378271605
patient_275,294.0,11.76,54.330462798122696,-1342.9656721516526,792.2905516180623,73.80193918814275,-1538.8446290017466,945.7780410150888,123.50886285717232,-1741.2033808018314,1189.9220923414475
patient_275,295.0,11.8,16.56354292558988,-944.1729968133204,792.9530933350859,22.950042944858087,-1271.2974060821168,946.6960427328833,40.582304260551155,-2073.163964915529,1191.5453845118695
patient_275,296.0,11.84,20.53237255479631,99.2207407301608,793.7743882372778,57.71652322188942,869.1620069257833,949.0047036617589,23.720139649670145,-421.55411527202523,1192.4941900978563
patient_275,297.0,11.88,13.839374641869059,-167.3249478231813,794.3279632229526,44.607435851912925,-327.7271842494123,950.7890010958354,77.596971923452,1346.9208068445464,1195.5980689747944
patient_275,298.0,11.92,22.052058996889844,205.31710887551964,795.2100455828281,40.547639729544706,-101.49490305920548,952.4109066850173,102.16823372666714,614.2815450803785,1199.6847983238613
patient_275,299.0,11.96,18.535065284539627,-87.92484280875543,795.9514481942098,50.183041452267155,240.88504306806124,954.4182283431079,35.702044793947145,-1661.654723318,1201.112880115619
patient_275,300.0,12.0,49.9981447354265,786.5769862721718,797.9513739836268,68.15007235316463,449.17577252243694,957.1442312372345,125.62828156291916,2248.1559192243003,1206.1380113781358
patient_275,301.0,12.04,13.314278409387798,-917.0966581509676,798.4839451200023,16.63114989592626,-1287.9730614309594,957.8094772330716,64.38018173569796,-1531.2024956805299,1208.7132186475637
patient_275,302.0,12.08,15.592997261018473,56.96797129076687,799.107665010443,15.478593586930728,-28.8139077248883,958.4286209765487,14.488208585746202,-1247.299328748794,1209.2927469909937
patient_275,303.0,12.12,52.208108782981085,915.3777880490653,801.1959893617624,40.96464437760708,637.1512697669087,960.067206751653,144.9460488375727,3261.4460062956623,1215.0905889444966
patient_275,304.0,12.16,59.74867047467381,188.51404229231807,803.5859361807493,8.967351286999342,-799.9323272651934,960.425900803133,91.2703517321107,-1341.89242763655,1218.7414030137809
patient_275,305.0,12.2,54.43038677135825,-132.95709258288895,805.7631516516035,125.45531364710563,2912.199059002657,965.4441133490171,73.95134191738046,-432.9752453682559,1221.6994566904762
patient_275,306.0,12.24,51.207919243789256,-80.56168818922487,807.8114684213551,116.03688873503039,-235.46062280188096,970.0855888984183,107.93540323646532,849.6015329771215,1226.0168728199349
patient_275,307.0,12.28,19.794185351907096,-785.343347297054,808.6032358354314,40.82297330234215,-1880.347885817206,971.7185078305121,124.32555809626768,409.7538714950591,1230.9898951437856
patient_275,308.0,12.32,62.30179058926176,1062.6901309338666,811.0953074590019,23.490381084625373,-433.3148054429194,972.6581230738972,203.4014674814918,1976.897734630603,1239.1259538430452
patient_275,309.0,12.36,86.30475546973156,600.074122011745,814.5474976777913,518.202319081945,12367.79844993299,993.386215837175,336.05392624580503,3316.311469107831,1252.5681108928775
patient_275,310.0,12.4,177.65618050165904,2283.785625798187,821.6537448978576,468.1473372119552,-1251.3745467497458,1012.1121093256531,252.69262191973164,-2084.0326081518347,1262.6758157696668
patient_275,311.0,12.44,210.8265105269458,829.2582506321694,830.0868053189354,250.92465161984867,-5430.5671398026625,1022.1490953904471,405.78341657153436,3827.269866295068,1278.9071524325282
patient_275,312.0,12.48,268.02627169152436,1429.9940291144637,840.8078561865964,271.86437394457556,523.4930581181721,1033.02367034823,289.4574256332855,-2908.1497734562217,1290.4854494578594
patient_275,313.0,12.52,317.56148218126316,1238.38026224347,853.5103154738468,303.2526116607527,784.705942904428,1045.1537748146602,187.9201721547436,-2538.431336963547,1298.0022563440493
patient_275,314.0,12.56,225.41448791026642,-2303.6748567749187,862.5268949902576,364.8454975036855,1539.8221460733212,1059.7475947148075,593.6436346292486,10143.086561862625,1321.7480017292191
patient_275,315.0,12.6,170.3378401200091,-1376.9161947564328,869.340408595058,255.76670389400093,-2726.969840242115,1069.9782628705675,103.22626044706797,-12260.434354554516,1325.8770521471017
patient_275,316.0,12.64,123.76150674249143,-1164.4083344379417,874.2908688647576,100.00458379461452,-3894.0530024846603,1073.9784462223522,203.48696646580507,2506.5176504684273,1334.016530805734
patient_275,317.0,12.68,129.96515943741574,155.09131737310753,879.4894752422542,89.19167838791847,-270.32263516740113,1077.546113357869,122.47127470550451,-2025.3922940075138,1338.915381793954
patient_275,318.0,12.72,75.06712472444761,-1372.4508678242032,882.4921602312321,48.584177228875035,-1015.1875289760859,1079.4894804470239,17.055714238066,-2635.389011685963,1339.5976103634766
patient_275,319.0,12.76,16.1868810929989,-1472.0060907862176,883.1396354749521,164.71017585798322,2903.1499657277045,1086.0778874813434,102.01860193710866,2124.0721924760664,1343.678354440961
patient_275,320.0,12.8,35.086956876917846,472.50189459797366,884.5431137500289,195.28584544162587,764.3917395910662,1093.8893212990085,203.93761030437395,2547.975209181632,1351.835858853136
patient_275,321.0,12.84,40.13518527586055,126.20570997356762,886.1485211610633,93.74508728172565,-2538.5189539975054,1097.6391247902775,123.23539989137272,-2017.5552603250305,1356.765274848791
patient_275,322.0,12.88,10.980471978828586,-728.8678324257991,886.5877400402164,73.35052022716447,-509.8641763640295,1100.5731455993641,96.3085519516024,-673.1711984942582,1360.6176169268551
patient_275,323.0,12.92,28.15511899824197,429.3661754853346,887.7139448001461,30.35069021697064,-1074.9957502548457,1101.787173208043,47.7950294228371,-1212.8380632191324,1362.5294181037686
patient_275,324.0,12.96,58.898859729815065,768.5935182893273,890.0698991893388,79.0469191876855,1217.4057242678716,1104.9490499755505,71.90361157427702,602.714553785998,1365.4055625667397
patient_275,325.0,13.0,38.210199989432446,-517.2164935095655,891.5983071889161,18.57298031058217,-1511.8484719275834,1105.6919691879737,14.191314078325611,-1442.8074373987852,1365.9732151298729
patient_275,326.0,13.04,116.94805318157402,1968.4463298035396,896.2762293161791,126.38108845315661,2695.202703564361,1110.7472127260999,65.59491443600506,1285.090008941986,1368.597011707313
patient_275,327.0,13.08,154.18369794320472,930.8911190407674,902.4435772339073,138.60025075133427,305.4790574544416,1116.2912227561533,258.2132950946435,4815.459516465961,1378.925543511099
patient_275,328.0,13.12,140.27193155247733,-347.79415976818484,908.0544544960063,116.86265436657412,-543.4399096190039,1120.9657289308163,65.71130191962104,-4812.549829375562,1381.5539955878837
patient_275,329.0,13.16,148.73656862642682,211.61592684873725,914.0039172410635,137.7892184709751,523.1641026100245,1126.4772976696552,56.72103772594624,-224.75660484186992,1383.8228370969216
patient_275,330.0,13.2,165.10999918339886,409.335763924301,920.6083172083994,73.28525063514009,-1612.5991958958753,1129.408707695061,181.5388287841764,3120.4447764557535,1391.0843902482886
patient_275,331.0,13.24,296.6262465236276,3287.9061835057178,932.4733670693445,336.8598519067609,6589.365031790521,1142.8831017713312,279.3414886307978,2445.0664961655357,1402.2580497935205
patient_275,332.0,13.28,220.76414868746582,-1896.552445904044,941.3039330168432,244.09991075879515,-2318.9985286991446,1152.647098201683,349.7632718168691,1760.5445796517827,1416.2485806661953
patient_275,333.0,13.32,200.58250851909918,-504.54100420916603,949.3272333576072,293.3366070339779,1230.9174068795685,1164.3805624830422,415.05830327518413,1632.3757864578752,1432.8509127972025
patient_275,334.0,13.36,245.20788164057117,1115.6343280367998,959.13554862323,317.8533892839739,612.9195562499007,1177.094698054401,351.4636918211112,-1589.8652863518237,1446.909460470047
patient_275,335.0,13.4,247.77151626504684,64.0908656118917,969.0464092738318,218.72847972037604,-2478.1227390899467,1185.843837243216,267.08342487278924,-2109.5066737080488,1457.5927974649585
patient_275,336.0,13.44,134.38132109084435,-2834.7548793550623,974.4216621174656,191.29710716342353,-685.7843139238128,1193.4957215297532,277.49508700278096,260.29155324979314,1468.69260094507
patient_275,337.0,13.48,195.40448597747204,1525.579122165692,982.2378415565645,315.33033613575856,3100.8307243083755,1206.1089349751833,287.70017990226586,255.1273224871224,1480.2006081411607
patient_275,338.0,13.52,123.61611788275687,-1794.7092023678792,987.1824862718748,204.92382166071872,-2760.162861875996,1214.305887841612,228.84073374787363,-1471.4861538598057,1489.3542374910755
patient_275,339.0,13.56,101.3030507869335,-557.8266773955843,991.2346083033522,39.3825894970832,-4138.5308040908885,1215.8811914214955,66.4526649531063,-4059.701719869183,1492.0123440891996
patient_275,340.0,13.6,54.259471238003066,-1176.0894887232607,993.4049871528722,108.83742705953443,1736.3709390612808,1220.234688503877,58.826143712651785,-190.6630310113627,1494.3653898377056
patient_275,341.0,13.64,50.628602071487904,-90.77172916287904,995.4301312357317,34.52684348102555,-1857.7645894627221,1221.6157622431178,67.4910293483662,216.62214089286033,1497.06503101164
patient_275,342.0,13.68,114.4723493899766,1596.0936829622174,1000.0090252113307,79.04728164829916,1113.0109541818404,1224.7776535090497,120.75655707878634,1331.6381932605036,1501.8952932947914
patient_275,343.0,13.72,71.03574703740195,-1085.9150588143664,1002.8504550928268,88.6771784393777,240.7474197769634,1228.3247406466248,118.07041065980344,-67.15366047457252,1506.6181097211838
patient_275,344.0,13.76,97.78954297371371,668.8448984077941,1006.7620368117754,102.4405579831184,344.08448859351745,1232.4223629659496,98.9102526585577,-479.0039500311437,1510.574519827526
patient_275,345.0,13.8,69.55688544602499,-705.8164381922179,1009.5443122296164,67.51659125137085,-873.0991682936885,1235.1230266160044,67.467261419404,-786.0747809788425,1513.2732102843022
patient_275,346.0,13.84,59.75770258434994,-244.97957154187623,1011.9346203329903,79.7549464835809,305.958880805251,1238.3132244753476,189.03248274160904,3039.1305330551263,1520.8345095939667
patient_275,347.0,13.88,53.59049130683132,-154.18028193796562,1014.0782399852635,67.89007584467598,-296.62176597262294,1241.0288275091345,63.362189955244006,-3141.757319659126,1523.3689971921765
patient_275,348.0,13.92,46.50660437533936,-177.09717328729903,1015.938504160277,116.21207734937843,1208.0500376175614,1245.6773106031096,91.61563811840647,706.3362040790615,1527.0336227169128
patient_275,349.0,13.96,20.262600383266204,-656.1000998018288,1016.7490081756077,45.17104682331663,-1776.025763151545,1247.4841524760423,94.34124633891112,68.14020551261635,1530.807272570469
patient_275,350.0,14.0,6.242083856015572,-350.5129131812658,1016.9986915298483,95.24013835203755,1251.727288218023,1251.2937580101238,147.1491084727773,1320.1965533466546,1536.6932369093802
patient_275,351.0,14.04,40.67506390880164,860.8245013196516,1018.6256940862004,8.824113900970412,-2160.4006112766783,1251.6467225661627,40.44883924678562,-2667.506730649792,1538.3111904792513
patient_275,352.0,14.08,42.15446646660453,36.985063945072305,1020.3118727448646,29.003244519309025,504.4782654584653,1252.806852346935,27.399937167604573,-326.2225519795261,1539.4071879659555
patient_275,353.0,14.12,70.74574921004607,714.7820685860385,1023.1417027132665,50.53404753110624,538.2700752949304,1254.8282142481794,40.80389481909146,335.0989412871722,1541.039343758719
patient_275,354.0,14.16,60.911905643211334,-245.84608917086842,1025.5781789389948,157.83702326769335,2682.574393414678,1261.141695178887,79.26765488150618,961.5940015603678,1544.2100499539793
patient_275,355.0,14.2,61.72293684311815,20.275779997670362,1028.0470964127196,138.5559352884785,-482.0271994803711,1266.6839325904261,98.07524348946815,470.1897151990494,1548.133059693558
patient_275,356.0,14.24,30.29023002545085,-785.8176704416825,1029.2587056137374,132.62908872601474,-148.17116406159414,1271.9890961394667,93.56113916049621,-112.85260822429848,1551.875505259978
patient_275,357.0,14.28,33.668110749033474,84.4470180895656,1030.6054300436988,58.6643715811466,-1849.1179286217036,1274.3356710027126,67.8974521337485,-641.5921756686928,1554.591403345328
patient_275,358.0,14.32,40.86142961380201,179.8329716192134,1032.2398872282508,23.921611263691048,-868.5690079363887,1275.2925354532601,121.34705658996862,1336.2401114055028,1559.4452856089267
patient_275,359.0,14.36,58.5399413762868,441.9627940621197,1034.5814848833024,10.510228979129387,-335.28455711404155,1275.7129446124254,108.57995896572038,-319.1774406062059,1563.7884839675555
patient_275,360.0,14.4,47.48438671569979,-276.38886651467516,1036.4808603519302,35.3569800893363,621.1687777551728,1277.1272238159988,54.789670262909794,-1344.7572175702646,1565.9800707780719
patient_275,361.0,14.44,44.73669467767492,-68.69230095062181,1038.2703281390372,25.227283495706736,-253.242414840739,1278.136315155827,93.51981190656736,968.253541091439,1569.7208632543345
patient_275,362.0,14.48,10.21604547030717,-863.0162301841937,1038.6789699578496,25.565786992382026,8.462587416882261,1279.1589466355224,89.668047871736,-96.29410087078405,1573.307585169204
patient_275,363.0,14.52,26.150441587034397,398.35990291818064,1039.724987621331,27.289726988554122,43.098499904302386,1280.2505357150644,70.64387453970565,-475.6043333007586,1576.1333401507923
patient_275,364.0,14.56,45.43846701016839,482.20063557834976,1041.5425263017378,40.649803519213954,334.0019132664958,1281.876527855833,37.584073402677866,-826.4950284256946,1577.6367030868994
patient_275,365.0,14.6,48.54294080969205,77.6118449880915,1043.4842439341255,96.4490520330361,1394.9812128455535,1285.7344899371544,104.66396996448375,1676.9974140451475,1581.8232618854786
patient_275,366.0,14.64,63.60974810008269,376.6701822597661,1046.0286338581288,53.44694091387925,-1075.052777978921,1287.8723675737097,122.49591051009581,445.7985136403014,1586.7230983058823
patient_275,367.0,14.68,42.32550009791823,-532.1062000541115,1047.7216538620455,54.36799573352708,23.026370491195713,1290.0470874030507,76.27433056457855,-1155.5394986379315,1589.7740715284654
patient_275,368.0,14.72,54.038143355423855,292.81608143764066,1049.8831795962624,9.442502392965512,-1123.1373335140393,1290.4247874987693,132.20278469229083,1398.211353192807,1595.062182916157
patient_275,369.0,14.76,32.84538456542076,-529.8189697500775,1051.1969949788793,31.82687204781008,559.6092413711142,1291.6978623806817,48.518700640278354,-2092.102101300312,1597.0029309417682
patient_275,370.0,14.8,33.586119848808245,18.51838208468717,1052.5404397728316,11.751920178635745,-501.8737967293584,1292.1679391878272,56.360280996249706,196.03950889928382,1599.2573421816182
patient_275,371.0,14.84,10.188787177398885,-584.933316785234,1052.9479912599277,12.953346857467938,30.03566697080484,1292.6860730621258,69.01294732007018,316.3166580955119,1602.0178600744212
patient_275,372.0,14.88,17.92880934516898,193.50055419425237,1053.6651436337345,32.152819001959074,479.9868036122784,1293.9721858222042,57.082734443223934,-298.2553219211562,1604.3011694521501
patient_275,373.0,14.92,14.458763394743638,-86.75114876063353,1054.2434941695242,45.94148870233245,344.7167425093344,1295.8098453702976,93.08247972929149,899.993632151689,1608.0244686413216
patient_275,374.0,14.96,12.007504989967298,-61.28146011940849,1054.723794369123,30.488957647522884,-386.3132763702391,1297.0294036761984,114.52149430669866,535.9753644351791,1612.6053284135894
patient_275,375.0,15.0,36.66624353846256,616.4684637123815,1056.1904441106615,40.314403878589445,245.63615577666403,1298.641979831342,87.66803349914291,-671.3365201888937,1616.112049753555
patient_275,376.0,15.04,47.5422757391457,271.90080501707854,1058.0921351402274,51.70003016010912,284.6406570379919,1300.7099810377463,124.227580236539,913.9886684349023,1621.0811529630166
patient_275,377.0,15.08,137.62573441519257,2252.0864669011717,1063.597164516835,136.54574483761255,2121.1428669375855,1306.1718108312507,189.4949585937794,1631.6844589310097,1628.6609513067679
patient_275,378.0,15.12,165.34471088371518,692.9744117130654,1070.2109529521836,213.0260656575635,1912.0080204987737,1314.6928534575534,259.41014090048805,1747.8795576677164,1639.0373569427873
patient_275,379.0,15.16,177.08724574823285,293.56337161294164,1077.2944427821128,405.35780474868244,4808.293477277974,1330.9071656475007,442.05428070358266,4566.103495077366,1656.7195281709305
patient_275,380.0,15.2,372.17976753740936,4877.3130447294125,1092.1816334836094,468.5744939348304,1580.417229653699,1349.650145404894,408.8413018663136,-830.3244709317269,1673.073180245583
patient_275,381.0,15.24,433.09415378148077,1522.8596561017853,1109.5053996348686,431.88997767095105,-917.1129065969836,1366.9257445117319,448.6773884179384,995.9021637906204,1691.0202757823008
patient_275,382.0,15.28,372.91540141626564,-1504.4688091303783,1124.4220156915192,392.9867544598709,-972.580580277004,1382.6452146901265,455.42127437257005,168.59714886579127,1709.2371267572037
patient_275,383.0,15.32,438.1177406602745,1630.058481100221,1141.94672531793,399.05662125284385,151.746669824324,1398.6074795402403,367.7206252630298,-2192.516227738507,1723.9459517677249
patient_275,384.0,15.36,289.93138485193566,-3704.6588952084703,1153.5439807120074,453.5536848580259,1362.4265901295516,1416.7496269345613,377.52787502530526,245.18124405688724,1739.047066768737
patient_275,385.0,15.4,278.3374908169443,-289.8473508747841,1164.6774803446851,309.0430683959264,-3612.7654115524874,1429.1113496703983,399.02207603519076,537.3550252471375,1755.0079498101445
patient_275,386.0,15.44,162.55255191674416,-2894.6234725050035,1171.179582421355,205.33445423084353,-2592.715354127072,1437.324727839632,179.75655284801903,-5481.638079679294,1762.1982119240652
patient_275,387.0,15.48,138.28055633776677,-606.7998894744348,1176.7108046748656,76.75339146561177,-3214.526569130794,1440.3948634982562,18.173037024238628,-4039.58789559451,1762.9251334050348
patient_275,388.0,15.52,113.75205863303711,-613.2124426182415,1181.260887020187,69.52960098612819,-180.59476198708956,1443.1760475377014,161.09597314592912,3573.0734030422623,1769.3689723308719
patient_275,389.0,15.56,72.45522994657557,-1032.4207171615385,1184.15909621805,59.29002700784057,-255.9893494571904,1445.547648618015,37.76191387106299,-3083.3514818716535,1770.8794488857145
patient_275,390.0,15.6,74.60262395449126,53.68485019789233,1187.1432011762297,53.84707621615459,-136.0737697921495,1447.7015316666611,79.49874592370493,1043.4208013160487,1774.0593987226625
patient_275,391.0,15.64,94.43127817297673,495.7163554621367,1190.9204523031487,62.67154254928535,220.61165832826896,1450.2083933686326,26.739389749980457,-1318.9839043431118,1775.1289743126617
patient_275,392.0,15.68,67.78223555686888,-666.2260654026962,1193.6317417254236,64.17980064683563,37.706452438757054,1452.7755853945062,114.85359021007663,2202.855011502404,1779.7231179210648
patient_275,393.0,15.72,71.64630201813428,96.60166153163487,1196.4975938061489,75.57777018238512,284.9492383887373,1455.7986962018012,42.036815524621026,-1820.4193671363903,1781.4045905420496
patient_275,394.0,15.76,70.15802145625175,-37.207014047063325,1199.303914664399,90.15935603547827,364.5396463273286,1459.4050704432207,124.2173326194333,2054.512927370307,1786.3732838468268
patient_275,395.0,15.8,76.86597441177037,167.69882388796555,1202.3785536408698,92.57024291522734,60.272171993726786,1463.1078801598298,126.15963690328061,48.55760709618302,1791.4196693229578
patient_275,396.0,15.84,107.17959265048924,757.8404559679718,1206.6657373468893,122.45997538659654,747.24331178423,1468.0062791752937,75.52986307599804,-1265.7443456820645,1794.440863845998
patient_275,397.0,15.88,54.47122014846855,-1317.7093125505173,1208.844586152828,87.07485212615654,-884.6280815109999,1471.48927326034,152.09233873748607,1914.0618915372008,1800.5245573954974
patient_275,398.0,15.92,39.09002458547727,-384.5298890747818,1210.408187136247,14.998486794659371,-1801.9091332874293,1472.0892127321265,28.65293057936566,-3085.9852039530106,1801.6706746186721
patient_275,399.0,15.96,100.83557404363324,1543.6387364538994,1214.4416100979925,43.2793810746796,707.0223570005057,1473.8203879751136,33.93508356200413,132.0538245659618,1803.0280779611523
patient_275,400.0,16.0,130.07561265417746,731.0009652636054,1219.6446346041596,147.80285202663836,2613.086773798969,1479.7325020561793,119.62424391942476,2142.2290089355156,1807.8130477179293
patient_275,401.0,16.04,204.39148805758612,1857.8968850852164,1227.820294126463,264.75241667348547,2923.7391161711776,1490.3225987231187,230.8834914924915,2781.4811893266683,1817.0483873776288
patient_275,402.0,16.08,168.31420509314822,-901.9320741109475,1234.552862330189,214.99706048034696,-1243.8839048284628,1498.9224811423326,911.0881759727494,17005.117112006446,1853.4919144165387
patient_275,403.0,16.12,126.75272220651671,-1039.0370721657878,1239.6229712184497,111.00525484373517,-2599.7951409152947,1503.362691336082,297.981278141489,-15327.672445781507,1865.4111655421982
patient_275,404.0,16.16,101.93711015848801,-620.3903012007174,1243.7004556247894,71.47602811537072,-988.2306682091112,1506.221732460697,58.78405502942342,-5979.930577801639,1867.7625277433751
patient_275,405.0,16.2,55.793612128522746,-1153.5874507491317,1245.9322001099304,97.28487054124,645.2210606467318,1510.1131272823466,99.7571123813466,1024.3264337980795,1871.752812238629
patient_275,406.0,16.24,103.84696825953074,1201.3339032751999,1250.0860788403115,77.60821053765483,-491.91650008962927,1513.2174557038527,49.272505058936346,-1262.1151830602564,1873.7237124409864
patient_275,407.0,16.28,136.76124823087562,822.856999283622,1255.5565287695465,106.56927275550959,724.026555446369,1517.480226614073,359.6447647421532,7759.306492080421,1888.1095030306724
patient_275,408.0,16.32,68.51078411082658,-1706.2616030012261,1258.2969601339796,114.82091025413594,206.29093746565877,1522.0730630242385,191.87251806652802,-4194.306166890629,1895.7844037533337
patient_275,409.0,16.36,126.79158364323331,1457.0199883101684,1263.368623479709,36.314774761664346,-1962.65338731179,1523.5256540147052,333.7771644718006,3547.616160131814,1909.1354903322056
patient_275,410.0,16.4,163.36373869761746,914.3038763596039,1269.9031730276138,75.69649794135307,984.5430794922182,1526.5535139323592,235.07769125795545,-2467.486830346128,1918.5385979825237
patient_275,411.0,16.44,267.02405219625876,2591.5078374660325,1280.584135115464,330.52436882928276,6370.696772198242,1539.7744886855307,571.6512941315257,8414.340071839255,1941.4046497477848
patient_275,412.0,16.48,249.7308370532194,-432.330378575984,1290.573368597593,342.0077371151279,287.0842071461283,1553.4547981701357,378.7801481613968,-4821.778649253221,1956.5558556742405
patient_275,413.0,16.52,291.7221238795084,1049.7821706572247,1302.2422535527733,326.7638304184194,-381.09766741771267,1566.5253513868727,681.863485558696,7577.083434932479,1983.8303950965883
patient_275,414.0,16.56,382.7053966388847,2274.581818984407,1317.5504694183285,563.1749861471396,5910.2788932180065,1589.0523508327583,719.504524170892,941.0259653048996,2012.6105760634239
patient_275,415.0,16.6,389.8549429993505,178.7386590116455,1333.1446671383026,465.3945584333726,-2444.510692844176,1607.6681331700931,572.1458955234614,-3683.9657161857644,2035.4964118843625
patient_275,416.0,16.64,357.1853013868159,-816.7410403133645,1347.432079193775,663.5001980950918,4952.640991542981,1634.2081410938968,642.764158774367,1765.4565812726419,2061.206978235337
patient_275,417.0,16.68,325.8234069068598,-784.0473619989027,1360.4650154700494,683.5387729616534,500.96437166403973,1661.549692012363,785.0750744982608,3557.772893097345,2092.6099812152675
patient_275,418.0,16.72,303.0631065572315,-569.0075087407081,1372.5875397323387,594.0794683135425,-2236.4826162027725,1685.3128707449046,572.5468387846635,-5313.205892839935,2115.511854766654
patient_275,419.0,16.76,8.290545996390673,-7369.314014021021,1372.919161572194,68.05517801261153,-13150.607257523274,1688.035077865409,33.357639472034876,-13479.729982815716,2116.8461603455353
patient_275,420.0,16.8,564.1980701951671,13897.688104969413,1395.4870843800009,654.4271244452236,14659.2986608153,1714.212162843218,848.4566694075023,20377.475748386685,2150.7844271218355
patient_275,421.0,16.84,176.77717122286168,-9685.522474307636,1402.5581712289154,131.24748964755491,-13079.49086994172,1719.4620624291201,185.4859648277273,-16574.267614494376,2158.2038657149446
patient_275,422.0,16.88,84.03047666849382,-2318.6673638591965,1405.9193902956551,123.24442897731444,-200.0765167560118,1724.3918395882126,227.2411886463268,1043.880595464988,2167.2935132607977
patient_275,423.0,16.92,29.28136764825606,-1368.727725505944,1407.0906450015855,13.799181565941627,-2736.1311852843205,1724.9438068508503,88.4240240972039,-3470.4291137280725,2170.8304742246855
patient_275,424.0,16.96,37.41599667763572,203.3657257344914,1408.5872848686909,42.22016161934791,710.5245013351572,1726.6326133156242,93.18410680381578,119.00206766529706,2174.5578384968385
patient_275,425.0,17.0,37.110190445563084,-7.645155801815839,1410.0716924865133,60.19682665056224,449.4166257803581,1729.0404863816468,52.61838548758023,-1014.1430329058888,2176.6625739163414
patient_275,426.0,17.04,37.63035806776828,13.004190555129824,1411.576906809224,25.832316697099518,-859.1127488365679,1730.073779049531,23.6280331509073,-724.7588084168232,2177.6076952423778
patient_275,427.0,17.08,79.8830517276581,1056.3173414972455,1414.7722288783305,69.96346682113843,1103.2787531009728,1732.8723177223762,47.14706604674115,587.9758223958463,2179.4935778842473
patient_275,428.0,17.12,109.53739669032935,741.3586240667812,1419.1537247459437,93.19129746206275,580.6957660231081,1736.599969620859,149.47702749977034,2558.24903632573,2185.472658984238
patient_275,429.0,17.16,16.62384935218544,-2322.8386834535977,1419.8186787200311,30.615243351818965,-1564.4013527560946,1737.8245793549318,19.75218165187369,-3243.1211461974167,2186.2627462503133
patient_275,430.0,17.2,85.41707822686983,1719.8307218671098,1423.235361849106,32.940539212791165,58.13239652430502,1739.1422009234434,10.872360063065711,-221.9955397201995,2186.6976406528356
patient_275,431.0,17.24,103.77997169926196,459.07233680980323,1427.3865607170765,51.7405055748825,469.9991590522833,1741.2118211464385,85.4498419356866,1864.4370468155223,2190.115634330263
patient_275,432.0,17.28,222.06533930053624,2957.1341900318566,1436.2691742890977,209.6887767508628,3948.7067793995075,1749.599372216473,102.48326953519631,425.8356899877427,2194.214965111671
patient_275,433.0,17.32,81.47208530320546,-3514.8313499332694,1439.5280577012259,87.77843813061314,-3047.758465506241,1753.1105097416976,53.60889804932498,-1221.8592871467833,2196.359321033644
patient_275,434.0,17.36,17.801650280151133,-1591.760875576358,1440.240123712432,44.59996669710786,-1079.461785837632,1754.894508409582,29.586178760734867,-600.5679822147528,2197.5427681840733
patient_275,435.0,17.4,11.35098297647606,-161.26668259187684,1440.6941630314911,31.374537702171757,-330.6357248734026,1756.1494899176687,53.99953362320974,610.3338715618719,2199.7027495290017
patient_275,436.0,17.44,49.284116490270506,948.3283378448612,1442.665527691102,69.88394091954352,962.7350804342941,1758.9448475544505,204.96612245881786,3774.164720890203,2207.9013944273547
patient_275,437.0,17.48,73.9336336156895,616.2379281354749,1445.6228730357295,71.86291366357605,49.474318600813305,1761.8193641009937,220.3672288006733,385.02765854638596,2216.7160835793816
patient_275,438.0,17.52,53.83665363227706,-502.42449958531097,1447.7763391810208,119.47253764300925,1190.24059948583,1766.5982656067138,78.27568239424055,-3552.2886601608193,2219.847110875151
patient_275,439.0,17.56,25.608294324816114,-705.7089826865238,1448.8006709540134,21.043138962989893,-2460.7349670004837,1767.4399911652333,15.962805385850972,-1557.8219252097394,2220.4856230905852
patient_275,440.0,17.6,20.41224065370833,-129.9013417776946,1449.6171605801617,45.93317133658132,622.2508093397856,1769.2773180186966,27.918622937487964,298.8954387909248,2221.602368008085
patient_275,441.0,17.64,69.16705437215609,1218.870342961194,1452.383842755048,17.094368345775457,-720.9700747701465,1769.9610927525275,12.130361840257196,-394.7065274307692,2222.0875824816953
patient_275,442.0,17.68,27.000732780820364,-1054.1580397833932,1453.4638720662808,36.516548872838904,485.55451317658617,1771.421754707441,53.77422979031794,1041.0966987515187,2224.238551673308
patient_275,443.0,17.72,51.41749057465601,610.418944845891,1455.520571689267,24.50797748322402,-300.2142847403721,1772.4020738067702,31.66184786810418,-552.8095480553441,2225.5050255880324
patient_275,444.0,17.76,48.79180382585929,-65.64216871991792,1457.4722438423012,138.53684940285817,2850.7217979908537,1777.9435477828845,105.03588900503665,1834.3510284233118,2229.7064611482333
patient_275,445.0,17.8,53.418746549051576,115.67356807980715,1459.6089937042634,75.55592096608653,-1574.523210919291,1780.965784621528,34.11155404322391,-1773.1083740453187,2231.0709233099624
patient_275,446.0,17.84,15.351099995979363,-951.6911638268053,1460.2230377041024,20.107999069302448,-1386.198047419602,1781.7701045843,72.77426738149612,966.5678334568051,2233.9818940052223
patient_275,447.0,17.88,24.97977254488797,240.71681372271522,1461.222228605898,66.45827242489132,1158.7568338897217,1784.4284354812958,86.13116073605177,333.9223338638913,2237.427140434664
patient_275,448.0,17.92,7.856419527856136,-428.0838254257959,1461.5364853870124,29.712610036158512,-918.6415597183203,1785.616939882742,93.97980300778005,196.21605679320703,2241.1863325549757
patient_275,449.0,17.96,64.25090981377163,1409.8622571478875,1464.1065217795633,10.559011582064876,-478.8399613523409,1786.0393003460247,126.0142069833828,800.860099390069,2246.226900834311
patient_275,450.0,18.0,85.50480264507932,531.3473207826923,1467.5267138853667,45.019147125043645,861.5033885744692,1787.8400662310264,61.05032279566459,-1624.097104692955,2248.6689137461376
patient_275,451.0,18.04,103.60852483876772,452.59305484220994,1471.6710548789174,72.64431039742163,690.6290818094498,1790.7458386469234,60.102182574568516,-23.70350552740188,2251.07300104912
patient_275,452.0,18.08,38.93697487499615,-1616.7887490942892,1473.2285338739173,47.455660362184354,-629.716250880932,1792.6440650614106,110.89790509725044,1269.8930630670482,2255.50891725301
patient_275,453.0,18.12,15.130977878762183,-595.1499249058493,1473.8337729890677,27.28777655363198,-504.19709521380935,1793.735576123556,72.51343772110526,-959.6116844036295,2258.4094547618542
patient_275,454.0,18.16,13.100703813266268,-50.75685163739787,1474.3578011415984,23.989170470870796,-82.46515206902956,1794.6951429423907,90.07385394703242,439.0104056481789,2262.0124089197357
patient_275,455.0,18.2,44.26400312854956,779.0824828820823,1476.1283612667403,24.77735657405225,19.704652579536308,1795.6862372053529,65.12449399919898,-623.7339986958361,2264.6173886797037
patient_275,456.0,18.24,98.73036833925009,1361.6591302675133,1480.0775760003103,67.24522666842411,1061.6967523592966,1798.37604627209,257.095621060051,4799.278176521299,2274.9012135221055
patient_275,457.0,18.28,91.917578660213,-170.3197419759274,1483.754279146719,107.4111282550505,1004.1475396656598,1802.6724914022918,130.14867411538307,-3173.6736736166977,2280.107160486721
patient_275,458.0,18.32,36.43569772516726,-1387.0470233761434,1485.2117070557256,180.2272232584912,1820.4023750860174,1809.8815803326318,258.9348951674031,3219.655526300501,2290.464556293417
patient_275,459.0,18.36,142.75589404458395,2658.0049079854175,1490.9219428175088,174.38611554087464,-146.0276929404138,1816.8570249542668,204.8031675956229,-1353.293189294505,2298.656682997242
patient_275,460.0,18.4,182.94350406612804,1004.6902505386022,1498.239682980154,257.93131498629174,2088.6299861354273,1827.1742775537184,171.6290181124176,-829.3537370801324,2305.521843721739
patient_275,461.0,18.44,26.00990758487088,-3923.339912031429,1499.2800792835487,55.19868957121616,-5068.315635376889,1829.382225136567,79.3810584819322,-2306.1989907621355,2308.697086061016
patient_275,462.0,18.48,154.32237338114098,3207.811644906752,1505.4529742187942,136.65000293348422,2036.2828340567014,1834.8482252539065,155.15642262086072,1894.3841034732131,2314.9033429658502
patient_275,463.0,18.52,267.07327734112386,2818.772598999572,1516.135905312439,350.8072418017554,5353.93097170678,1848.8805149259767,288.02137241099314,3321.6237447533103,2326.42419786229
patient_275,464.0,18.56,247.60506762841013,-486.7052428178432,1526.0401080175754,369.98716785747064,479.49815139288035,1863.6800016402756,447.96630652658826,3998.623352889878,2344.3428501233534
patient_275,465.0,18.6,254.63893645188728,175.84672058692874,1536.225665475651,285.7843801966548,-2105.0696915203957,1875.1113768481416,385.1105948488744,-1571.3927919428456,2359.7472739173086
patient_275,466.0,18.64,331.95281515125083,1932.846967484089,1549.503778081701,344.1267134732469,1458.558331914803,1888.8764453870715,335.58825062306715,-1238.0586056451818,2373.1708039422315
patient_275,467.0,18.68,277.04045260652236,-1372.8090636182117,1560.585396185962,241.6915700281137,-2560.878586128331,1898.5441081881963,168.2688349814938,-4182.985391039334,2379.901557341491
patient_275,468.0,18.72,316.6275399167071,989.6771827546189,1573.2504977826302,263.22463884015883,538.3267203011286,1909.0730937418027,172.95073284643703,117.04744662358095,2386.8195866553488
patient_275,469.0,18.76,188.65106893307245,-3199.4117745908666,1580.7965405399532,154.1470067594451,-2726.940802017843,1915.2389740121805,120.34912681043195,-1315.040150900127,2391.6335517277657
patient_275,470.0,18.8,117.24538392679177,-1785.1421251570168,1585.4863558970249,47.499293110416886,-2666.1928412257057,1917.138945736597,144.27704695809265,598.1980036915174,2397.4046336060896
patient_275,471.0,18.84,6.812968157246637,-2760.8103942386288,1585.7588746233148,74.92841663385063,685.7280880858436,1920.136082401951,69.66367016879198,-1865.3344197325168,2400.1911804128413
patient_275,472.0,18.88,63.3698120503801,1413.9210973283366,1588.29366710533,90.56200379467676,390.8396790206531,1923.758562553738,23.288164685405565,-1159.3876370846606,2401.1227070002574
patient_275,473.0,18.92,71.31655989482455,198.6686961111113,1591.146329501123,97.89988531283517,183.4470379539603,1927.6745579662515,132.31725687118285,2725.727304644432,2406.4153972751046
patient_275,474.0,18.96,70.8133981247822,-12.579044251058846,1593.9788654261145,104.97810718057323,176.95554669345165,1931.8736822534743,44.64875206582118,-2191.7126201340416,2408.2013473577376
patient_275,475.0,19.0,46.10374890958331,-617.7412303799722,1595.8230153824977,21.902494528734184,-2076.8903162959764,1932.7497820346234,65.98053083044417,533.2944691155748,2410.840568590955
patient_275,476.0,19.04,68.16008015095915,551.4082810343959,1598.549418588536,11.983162350566372,-247.9833044541953,1933.229108528646,7.6057439408006395,-1459.3696722410882,2411.1447983485873
patient_275,477.0,19.08,53.07156817478634,-377.2127994043201,1600.6722813155275,58.59230609491862,1165.228593608806,1935.572800772443,25.107529142299203,437.5446300374641,2412.1490995142794
patient_275,478.0,19.12,44.13202573489471,-223.4885609972908,1602.4375623449232,57.04991075997575,-38.55988337357168,1937.854797202842,39.64298714602797,363.3864500932192,2413.7348190001203
patient_275,479.0,19.16,7.204678593006575,-923.1836785472034,1602.7257494886435,37.94999615524377,-477.4978651182996,1939.3727970490518,65.3698904872821,643.1725835313534,2416.3496146196117
patient_275,480.0,19.2,14.320983658232688,177.90762663065283,1603.2985888349729,52.56898136534421,365.474630252511,1941.4755563036656,20.937515776442385,-1110.809367770993,2417.187115250669
patient_275,481.0,19.24,30.101514135777883,394.51326193862985,1604.502649400404,114.29766496860745,1543.217090081581,1946.04746290241,92.31725436272333,1784.4934646570237,2420.8798054251783
patient_275,482.0,19.28,22.901825398171017,-179.99221844017165,1605.4187224163306,10.45565268356039,-2596.0503071261764,1946.4656890097522,12.491090956113823,-1995.6540851652378,2421.3794490634227
patient_275,483.0,19.32,9.945902558625033,-323.8980709886496,1605.8165585186757,23.43923315982496,324.58951190661423,1947.4032583361454,78.47399111325855,1649.572503928618,2424.518408707953
patient_275,484.0,19.36,12.251787694647794,57.647128400569024,1606.3066300264618,113.03389624001368,2239.8665770047182,1951.924614185746,175.97171109155292,2437.4429994573593,2431.557277151615
patient_275,485.0,19.4,45.405150814259514,828.8340779902929,1608.1228360590321,40.26484122522019,-1819.2263753698371,1953.5352078347548,26.557585914745907,-3735.3531294201753,2432.619580588205
patient_275,486.0,19.44,55.735325084084664,258.25435674562874,1610.3522490623955,8.42900230808486,-795.8959729283831,1953.8723679270781,243.70142180666141,5428.595897297888,2442.367637460471
patient_275,487.0,19.48,36.707779017285624,-475.688651669976,1611.8205602230869,79.39631182998737,1774.1827380475627,1957.0482204002776,168.17662873048963,-1888.1198269042948,2449.094702609691
patient_275,488.0,19.52,80.050538254675,1083.5689809347346,1615.022581753274,124.10990682189201,1117.8398747976162,1962.0126166731532,64.20119703771236,-2599.3857923194314,2451.6627504911994
patient_275,489.0,19.56,124.26551438241552,1105.3744031935128,1619.9932023285705,105.7119079229954,-459.9499724724154,1966.2410929900732,120.16633461052224,1399.128439320247,2456.46940387562
patient_275,490.0,19.6,129.69110005204308,135.63964174068914,1625.1808463306522,123.05872913967022,433.67053041687063,1971.16344215566,71.61712738756326,-1213.7301805739746,2459.334088971123
patient_275,491.0,19.64,99.58859579935965,-752.5626063170857,1629.1643901626264,83.91369380833294,-978.6258832834321,1974.5199899079932,143.74372345599872,1803.1649017108866,2465.083837909363
patient_275,492.0,19.68,164.10794372002275,1612.9836980165774,1635.7287079114276,167.17058110245424,2081.4221823530324,1981.2068131520914,150.802431947831,176.46771229580693,2471.115935187276
patient_275,493.0,19.72,178.19715193008645,352.23020525159257,1642.856593988631,165.70178693564424,-36.71985417024999,1987.834884629517,261.85936262785236,2776.423267000534,2481.5903096923903
patient_275,494.0,19.76,182.28093801445027,102.09465210909556,1650.147831509209,274.4856922252753,2719.597632240776,1998.814312318528,249.11091738009455,-318.71113119394533,2491.5547463875937
patient_275,495.0,19.8,280.2171434724646,2448.4051364503584,1661.3565172481076,281.9913341784149,187.6410488284904,2010.0939656856644,375.80417908882913,3167.3315427183647,2506.586913551147
patient_275,496.0,19.84,239.93726592658714,-1006.9969386469368,1670.9540078851712,433.69452974838487,3792.5798892492494,2027.4417468755998,432.0649703110197,1406.519780554764,2523.869512363588
patient_275,497.0,19.88,289.0375134708651,1227.5061886069493,1682.515508424006,365.6443662963623,-1701.254086300564,2042.0675215274543,437.58985261939864,138.12205770947372,2541.373106468364
patient_275,498.0,19.92,288.6367334417811,-10.01950072710116,1694.0609777616771,451.8168389267338,2154.311815759287,2060.1401950845234,451.52823937346227,348.4596688515907,2559.434236043302
patient_275,499.0,19.96,181.57214306787606,-2676.6147593476253,1701.323863484392,189.1544598029942,-6566.55947809349,2067.7063734766434,273.75091588599463,-4444.433087186691,2570.384272678742
patient_275,500.0,20.0,195.51417822297825,348.55087887755474,1709.1444306133112,119.8795103730629,-1731.8737357482828,2072.501553891566,118.6997398652536,-3876.2794005185256,2575.1322622733524
patient_275,501.0,20.04,83.2599912718067,-2806.3546737792885,1712.4748302641833,8.560088915135797,-2782.9855364481778,2072.8439574481718,122.17457776164093,86.8709474096832,2580.0192453838176
patient_275,502.0,20.08,102.37320637595987,477.8303776038292,1716.5697585192218,143.43623335641698,3371.9036110320294,2078.5814067824285,148.10973462246076,648.3789215204957,2585.9436347687165
patient_275,503.0,20.12,64.24695343161964,-953.1563236085055,1719.1396366564866,40.24043346367208,-2579.8949973186227,2080.1910241209753,68.11274351638367,-1999.9247776519273,2588.668144509372
patient_275,504.0,20.16,142.66638957897206,1960.4859036838104,1724.8462922396457,82.29998675741224,1051.4888323435039,2083.483023591272,39.88616210056184,-705.6645353955458,2590.2635909933942
patient_275,505.0,20.2,32.49131325668006,-2754.3769080573,1726.1459447699128,43.75090365288343,-963.7270776132203,2085.233059737387,57.481559728607486,439.88494070114115,2592.5628533825384
patient_275,506.0,20.24,45.14044773667009,316.2283619997508,1727.9515626793793,34.24786949252826,-237.57585400887928,2086.6029745170886,24.96127835468815,-813.0070343479833,2593.561304516726
patient_275,507.0,20.28,49.09475534773416,98.85769027660167,1729.9153528932886,22.291283928959462,-298.9146390892199,2087.4946258742466,21.821416230503317,-78.49655310462084,2594.434161165946
patient_275,508.0,20.32,24.150972570987417,-623.5945694186685,1730.881391796128,21.52057283902383,-19.26777724839077,2088.3554487878077,98.56325184748627,1918.5458904245738,2598.376691239846
patient_275,509.0,20.36,28.09764201268885,98.66673604253586,1732.0052974766356,66.58505576437283,1126.6120731337248,2091.0188510183825,167.19860462284183,1715.883819383889,2605.0646354247597
patient_275,510.0,20.4,36.005538204310355,197.69740479053758,1733.4455190048081,54.02411239245669,-314.0235842979033,2093.1798155140805,113.40452215716157,-1344.8520616420064,2609.600816311046
patient_275,511.0,20.44,64.52669058951383,713.0288096300869,1736.0265866283887,14.924586162800946,-977.4881557413938,2093.7767989605927,38.81968558315639,-1864.6209143501296,2611.153603734372
patient_275,512.0,20.48,51.8459740405166,-317.0179137249308,1738.1004255900093,54.562618887262545,990.9508181115399,2095.959303716083,89.70948468687392,1272.2449775929383,2614.741983121847
patient_275,513.0,20.52,66.26530584122136,360.483295017619,1740.751037823658,57.924224456010464,84.04013921869797,2098.276272694324,114.07228167460775,609.0699246933458,2619.304874388831
patient_275,514.0,20.56,57.95344286385309,-207.79657443420678,1743.069175538212,111.49139057816531,1339.1791530538712,2102.73592831745,65.5002624551184,-1214.3004804872337,2621.924884887036
patient_275,515.0,20.6,66.30614281102464,208.81749867928878,1745.7214212506528,81.19081445503147,-757.5144030783459,2105.9835608956514,26.77336673309348,-968.172393050623,2622.99581955636
patient_275,516.0,20.64,20.754044270365718,-1138.8024635164732,1746.5515830214676,51.8939328353054,-732.4220404931518,2108.059318209064,24.95890412298346,-45.3615652527505,2623.9941757212787
patient_275,517.0,20.68,19.677584169627107,-26.91150251846528,1747.3386863882529,29.380192999057776,-562.8434959061906,2109.234525929026,114.0900581540978,2228.2788507778587,2628.5577780474428
patient_275,518.0,20.72,97.39320032726853,1942.8904039410354,1751.2344144013437,159.87808100132156,3262.4472000565943,2115.629649169079,207.60576932528213,2337.892779279608,2636.862008820454
patient_275,519.0,20.76,100.94857909437718,88.88446917771624,1755.272357565119,197.45800372459945,939.4980680819472,2123.527969318063,288.42964873521555,2020.5969852483356,2648.3991947698623
patient_275,520.0,20.8,156.686398122629,1393.4454757062952,1761.539813490024,209.58495335750018,303.1737408225183,2131.911367452363,325.3367474642517,922.6774682259033,2661.4126646684326
patient_275,521.0,20.84,146.66335473538118,-250.57608468119525,1767.406347679439,287.81341475782597,1955.7115350081447,2143.423904042676,245.09393359016727,-2006.0703468521106,2671.216422012039
patient_275,522.0,20.88,123.67993560602248,-574.5854782339674,1772.3535451036798,280.1921343355395,-190.53201055716187,2154.6315894160975,274.601044542429,737.6777738065435,2682.2004637937366
patient_275,523.0,20.92,184.70217856698002,1525.5560740239384,1779.7416322463591,168.83123880322086,-2784.022388307966,2161.384838968226,271.393948167274,-80.1774093788751,2693.0562217204274
patient_275,524.0,20.96,206.08708581651453,534.6226812383627,1787.9851156790196,259.94003893428254,2277.7200032765422,2171.782440525598,279.4515011382797,201.43882427514228,2704.2342817659583
patient_275,525.0,21.0,204.43145739704588,-41.39071048671639,1796.1623739749016,198.4964915376838,-1536.0886849149686,2179.7223001871052,166.58142967786526,-2821.751786510361,2710.8975389530733
patient_275,526.0,21.04,191.58067228630657,-321.26962776848274,1803.8256008663539,165.86192529204698,-815.8641561409205,2186.356777198787,141.675248561861,-622.6545279001066,2716.5645488955474
patient_275,527.0,21.08,183.25496017959898,-208.1428026676896,1811.1557992735377,167.16475808379948,32.57081979381269,2193.043367522139,99.74123371031432,-1048.350371288667,2720.5541982439604
patient_275,528.0,21.12,104.88992445313981,-1959.1258931614793,1815.3513962516633,127.32524197648061,-995.9879026829718,2198.1363772011982,136.15400928048223,910.3193892541977,2726.0003586151793
patient_275,529.0,21.16,96.97808781303398,-197.7959160026458,1819.2305197641847,59.82752445302303,-1687.4429380864394,2200.529478179319,91.71582373707608,-1110.9546385851538,2729.6689915646625
patient_275,530.0,21.2,104.09505905023086,177.92428092992196,1823.394322126194,58.24921384399141,-39.45776522579045,2202.8594467330786,57.69795155555881,-850.4468045379317,2731.9769096268847
patient_275,531.0,21.24,30.882826046127732,-1830.3058251025782,1824.6296351680392,47.617323198667684,-265.7972661330932,2204.7641396610256,17.190406497123227,-1012.6886264608895,2732.6645258867693
patient_275,532.0,21.28,50.45569600965914,489.32174908828523,1826.6478630084257,18.168908202284147,-736.2103749095884,2205.490895989117,33.883663204685554,417.3314176890582,2734.019872414957
patient_275,533.0,21.32,39.91737643488001,-263.45798936947824,1828.244558065821,67.5901378737236,1235.5307417859865,2208.194501504066,72.04314966764636,953.9871615740202,2736.901598401663
patient_275,534.0,21.36,39.426800019267816,-12.264410390304903,1829.8216300665915,24.307574217604028,-1082.0640914029896,2209.16680447277,13.078202499609247,-1474.1236792009279,2737.4247265016475
patient_275,535.0,21.4,28.790779940656844,-265.9005019652743,1830.973261264218,106.405512121807,2052.4484476050743,2213.423024957642,124.42014849618991,2783.548649914517,2742.4015324414954
patient_275,536.0,21.44,59.59055508871093,769.9943787013522,1833.3568834677665,98.71994984176204,-192.13905700112406,2217.3718229513124,110.00123805999003,-360.472760904997,2746.801581963895
patient_275,537.0,21.48,100.38296221355299,1019.8101781210514,1837.3722019563086,130.36612952516725,791.1544920851302,2222.586468132319,102.57118170561237,-185.75140885944137,2750.9044292321196
patient_275,538.0,21.52,41.32050227719092,-1476.5614984090516,1839.0250220473963,34.43618105228951,-2398.2487118219433,2223.963915374411,41.8883057894828,-1517.0718979032395,2752.579961463699
patient_275,539.0,21.56,38.62053575753422,-67.49916299141745,1840.5698434776975,9.17426995432209,-631.5477774491856,2224.3308861725836,15.430673308275233,-661.4408120301892,2753.19718839603
patient_275,540.0,21.6,45.08373335628524,161.5799399687754,1842.3731928119491,35.96833198829492,669.8515508493207,2225.769619452116,57.895950165806475,1061.631921438281,2755.5130264026625
patient_275,541.0,21.64,48.051620082580634,74.19716815738494,1844.2952576152522,18.460153014535706,-437.70447434398034,2226.508025572697,66.83600766757154,223.50143754412653,2758.1864667093655
patient_275,542.0,21.68,78.57724492128922,763.1406209677147,1847.438347412104,128.63253141922968,2754.3094601173493,2231.6533268294666,28.115121009450874,-968.0221664530166,2759.3110715497437
patient_275,543.0,21.72,115.738111957346,929.0216759014196,1852.0678718903978,87.58139741229034,-1026.2783501734834,2235.1565827259583,65.10785293544167,924.8182981497699,2761.9153856671614
patient_275,544.0,21.76,138.07315191356392,558.3759989054478,1857.5907979669405,94.26191162712159,167.0128553707812,2238.927059191043,80.42427161612645,382.9104670171194,2765.132356531806
patient_275,545.0,21.8,175.3487395752319,931.8896915416992,1864.6047475499497,149.2086426063453,1373.6682744805928,2244.895404895297,183.01998469590245,2564.8928269944,2772.453155919642
patient_275,546.0,21.84,140.49788484178762,-871.2713683361067,1870.2246629436213,203.37054760614643,1354.0476249950282,2253.0302267995426,202.58997444269164,489.24974366972975,2780.55675489735
patient_275,547.0,21.88,129.25253777288137,-281.1336767226564,1875.3947644545365,204.75645130454149,34.647592459876364,2261.2204848517244,266.8324815226459,1606.062676998856,2791.230054158256
patient_275,548.0,21.92,245.64823294715623,2909.8923793568715,1885.2206937724227,274.34574354955106,1739.7323061252393,2272.1943145937066,314.07450850072763,1181.050674452044,2803.7930344982847
patient_275,549.0,21.96,184.33722574500527,-1532.775180053774,1892.5941828022228,215.39511327096187,-1473.7657569647297,2280.810119124545,296.8307592371074,-431.0937315905065,2815.6662648677693
patient_275,550.0,22.0,176.4789569762862,-196.45671921797643,1899.6533410812742,233.68051457272645,457.1350325441145,2290.157339707454,294.789482592665,-51.031916111058706,2827.4578441714757
patient_275,551.0,22.04,187.47919931200244,275.0060583929056,1907.1525090537543,275.7604754124581,1051.9990209932914,2301.1877587239524,256.9457977215001,-946.0921217791224,2837.735676080336
patient_275,552.0,22.08,107.97030072874036,-1987.722464581552,1911.4713210829038,187.53769043379492,-2205.5696244665796,2308.689266341304,280.1945430913162,581.2186342454013,2848.9434578039886
patient_275,553.0,22.12,118.0981732792031,253.1968137615685,1916.1952480140721,93.91693668890568,-2340.518843622231,2312.44594380886,136.56801908843207,-3590.6631000721027,2854.406178567526
patient_275,554.0,22.16,146.0207464342821,698.0643288769752,1922.0360778714435,147.62621618239012,1342.7319873371111,2318.350992456156,58.87536264346406,-1942.3164111242002,2856.7611930732646
patient_275,555.0,22.2,84.7542991769224,-1531.6611814339926,1925.4262498385203,33.4656176179651,-2854.0149641106254,2319.6896171608746,130.45236448403975,1789.4250460143921,2861.9792876526258
patient_275,556.0,22.24,70.71865677701989,-350.8910599975628,1928.254996109601,45.8754266680875,310.24522625305997,2321.5246342275977,96.5873813163086,-846.6245791932788,2865.842782905278
patient_275,557.0,22.28,121.29889687903187,1264.5060025502996,1933.1069519847622,100.2646301737444,1359.7300876414224,2325.535219434548,22.279665224451865,-1857.6929022964184,2866.7339695142564
patient_275,558.0,22.32,180.55986101147215,1481.524103311007,1940.3293464252213,77.0085599093412,-581.4017566100798,2328.6155618309217,118.4537986625503,2404.353335952461,2871.4721214607584
patient_275,559.0,22.36,67.59130471008142,-2824.213907534768,1943.0329986136246,32.37571183144323,-1115.8212019474493,2329.9105903041796,39.50409226272338,-1973.7426599956727,2873.0522851512674
patient_275,560.0,22.4,18.88287400264124,-1217.7107676860044,1943.7883135737304,47.32402684941346,373.7078754492556,2331.803551378156,6.070135434417608,-835.8489207076443,2873.2950905686444
patient_275,561.0,22.44,50.772124507025524,797.231262609607,1945.8191985540116,78.44701492186849,778.0747018113757,2334.9414319750304,88.20770576671573,2053.439258307453,2876.823398799313
patient_275,562.0,22.48,55.49437076198223,118.0561563739177,1948.0389733844909,32.65146235833581,-1144.8888140883168,2336.247490469364,20.6406982518956,-1689.1751878705034,2877.649026729389
patient_275,563.0,22.52,36.59866005385767,-472.39276770311403,1949.5029197866452,34.300506340797,41.22609956152967,2337.619510722996,83.42755520766553,1569.6714238942484,2880.986128937696
patient_275,564.0,22.56,13.810561279499646,-569.7024693589507,1950.055342237825,96.37061437507313,1551.7527008569032,2341.474335297999,81.30739178340565,-53.00408560649714,2884.2384246090323
patient_275,565.0,22.6,3.035104338936297,-269.38642351408373,1950.1767464113827,19.52465405711477,-1921.149007948959,2342.2553214602835,70.59896570831953,-267.71065187715305,2887.0623832373653
patient_275,566.0,22.64,26.3384653035803,582.5840241161001,1951.230285023526,29.7527098718202,255.7013953676358,2343.4454298551564,36.39608472438716,-855.0720245983092,2888.518226626341
patient_275,567.0,22.68,52.64326978077569,657.6201119298847,1953.336015814757,25.010813100010413,-118.54741929524471,2344.4458623791566,65.61068619796757,730.3650368395103,2891.1426540742596
patient_275,568.0,22.72,114.10575362288552,1536.5620960527456,1957.9002459596722,25.321182022293748,7.759223057083364,2345.4587096600485,155.65891091484204,2251.2056179218616,2897.369010510853
patient_275,569.0,22.76,172.932220092682,1470.6616617449122,1964.8175347633796,134.8527658564005,2738.2895958526688,2350.8528202943044,299.1114188007219,3586.312697146996,2909.333467262882
patient_275,570.0,22.8,171.93207158551306,-25.00371267922361,1971.6948176268002,490.5820237016728,8893.231446131807,2370.4761012423714,410.86973129081787,2793.9578122524,2925.7682565145146
patient_275,571.0,22.84,246.56212116584013,1865.7512395081767,1981.557302473434,332.18629637798267,-3959.893183092254,2383.763553097491,414.61172312530175,93.54979586209708,2942.3527254395267
patient_275,572.0,22.88,295.9474116367511,1234.6322617727744,1993.3951989389038,456.30562242279166,3102.9831511202246,2402.0157779944025,332.4057011692085,-2055.150548902331,2955.648953486295
patient_275,573.0,22.92,288.13912378471076,-195.20719630100842,2004.9207638902924,353.2618678506566,-2576.093864303377,2416.1462527084286,330.9127163175322,-37.32462129190708,2968.8854621389964
patient_275,574.0,22.96,232.22556136911112,-1397.8390603899911,2014.2097863450567,307.2191789906444,-1151.0672215003042,2428.4350198680545,333.56439950338836,66.29207964640358,2982.2280381191317
patient_275,575.0,23.0,169.63902978961175,-1564.6632894874842,2020.9953475366412,227.7615748966254,-1986.4401023504754,2437.5454828639195,311.93791297182327,-540.6621632891273,2994.705554638005
patient_275,576.0,23.04,202.63869349469192,824.9915926270041,2029.1008952764291,237.16368679232247,235.05279739242653,2447.0320303356125,220.40444581273368,-2288.3366789772394,3003.521732470514
patient_275,577.0,23.08,105.33791111174072,-2432.51955957378,2033.3144117208985,219.1972158766835,-449.1617728909745,2455.7999189706798,129.64560381858755,-2268.9710498536533,3008.707556623258
patient_275,578.0,23.12,95.7259381850788,-240.299323166548,2037.143449248302,105.97826180396079,-2830.4738518180675,2460.039049442838,140.88213368040036,280.9132465453203,3014.3428419704737
patient_275,579.0,23.16,83.77308380233603,-298.8213595685693,2040.4943726003953,143.63045473391188,941.3048232487771,2465.7842676321943,121.76260982942007,-477.98809627450714,3019.21334636365
patient_275,580.0,23.2,47.3040457597545,-911.7259510645383,2042.3865344307853,34.01192519218249,-2740.4632385432346,2467.144744639882,42.035993837910645,-1993.1653997877354,3020.8947861171664
patient_275,581.0,23.24,77.49264870538924,754.7150736408686,2045.486240379001,53.41940663132596,485.18703597858683,2469.281520905135,44.047489476309,50.287390959958955,3022.6566856962186
patient_275,582.0,23.28,9.789459084534789,-1692.5797405213616,2045.8778187423823,20.14170778759722,-831.9424710932186,2470.0871892166388,72.50396993108518,711.4120113694045,3025.556844493462
patient_275,583.0,23.32,88.84671074208379,1976.431291438725,2049.4316871720653,108.7055961610714,2214.0972093368546,2474.435413063082,81.22137556585955,217.93514086935915,3028.8056995160964
patient_275,584.0,23.36,126.99029158331217,953.5895210307096,2054.511298835398,140.9772160059369,806.7904961216375,2480.074501703319,81.0275514685272,-4.845602433308827,3032.0468015748374
patient_275,585.0,23.4,87.21126595640268,-994.4756406727372,2057.999749473654,86.31813174617254,-1366.477106494109,2483.5272269731663,137.16627442935447,1403.468074020682,3037.5334525520116
patient_275,586.0,23.44,111.5103441474567,607.4769547763506,2062.4601632395525,89.01913107379315,67.52498319051519,2487.087992216118,110.03668125565066,-678.2398293425953,3041.9349198022373
patient_275,587.0,23.48,63.440321765568406,-1201.7505595472076,2064.997776110175,126.84750074026938,945.7092416619058,2492.1618922457287,170.91650066767147,1521.9954853005202,3048.7715798289446
patient_275,588.0,23.52,91.54873336003756,702.7102898617288,2068.659725444577,91.74685793679099,-877.5160700869599,2495.8317665632003,108.96684449206518,-1548.7414043901574,3053.1302536086273
patient_275,589.0,23.56,64.13279476517485,-685.3984648715677,2071.2250372351837,40.59596356280898,-1278.7723593495502,2497.4556051057125,93.15842420762114,-395.210507111101,3056.856590576932
patient_275,590.0,23.6,65.37736983489047,31.11437674289057,2073.8401320285793,78.51693367957486,948.024252919147,2500.5962824528956,99.0172813528261,146.47142863012414,3060.8172818310454
patient_275,591.0,23.64,44.90598423999149,-511.7846398724746,2075.636371398179,91.08377162873515,314.1709487290072,2504.239633318045,111.43983048473504,310.5637282977234,3065.274875050435
patient_275,592.0,23.68,28.946258333502957,-398.99314766221335,2076.7942217315194,11.880771504513916,-1980.0750031055309,2504.7148641782255,65.55531306135055,-1147.1129355846124,3067.897087572889
patient_275,593.0,23.72,70.63641949570267,1042.2540290549928,2079.6196785113475,85.62973467380489,1843.7240792322743,2508.140053565178,36.48005495672115,-726.8814526157349,3069.356289771158
patient_275,594.0,23.76,87.40317732744268,419.1689457935002,2083.115805604445,69.09830708181826,-413.2856897996657,2510.9039858484502,238.97573033722398,5062.391884512571,3078.9153189846465
patient_275,595.0,23.8,161.10175580719562,1842.4644619938235,2089.5598758367328,54.17130541119729,-373.1750417655244,2513.0708380648985,259.23376600527797,506.4508917013498,3089.2846696248575
patient_275,596.0,23.84,80.0419822879648,-2026.4943379807705,2092.7615551282515,86.5636195578664,809.8078536667279,2516.533382847213,202.5421396031867,-1417.2906600522815,3097.386355208985
patient_275,597.0,23.88,13.547152515740864,-1662.3707443055985,2093.303441228881,61.5251733880881,-625.9611542444576,2518.9943897827366,105.40009464730238,-2428.5511238971085,3101.602358994877
patient_275,598.0,23.92,64.59629202061632,1276.2284876218864,2095.8872929097056,96.62967452524367,877.6125284288893,2522.859576763746,87.5243959108661,-446.89246841090693,3105.1033348313113
patient_275,599.0,23.96,41.41061874299833,-579.6418319404497,2097.543717659426,24.650470863871938,-1799.4800915342935,2523.8455955983013,31.27592496029997,-1406.2117737641533,3106.3543718297233
patient_275,600.0,24.0,296.8319478041171,6385.5332265279685,2109.41699557159,25.100826907052607,11.258901079516725,2524.849628674583,550.6633740333377,12984.686226825943,3128.3809067910565
patient_275,601.0,24.04,289.855596617671,-174.40877966115238,2121.0112194362973,238.53778678236617,5335.923996882839,2534.3911401458777,251.6996957085179,-7474.091958120496,3138.4488946193974
patient_275,602.0,24.08,282.56226238091244,-182.3333559189635,2132.3137099315336,250.02146196065135,287.09187945712955,2544.3919986243036,328.04708246274856,1908.6846688557664,3151.570777917908
patient_275,603.0,24.12,328.0677427537011,1137.6370093197168,2145.436419641682,602.376850220214,8808.884706489067,2568.4870726331123,602.2309188429996,6854.595909506275,3175.6600146716273
patient_275,604.0,24.16,370.77589505017784,1067.7038074119182,2160.267455443689,313.0461399762972,-7233.267756097921,2581.0089182321644,626.7148651842303,612.0986585307691,3200.7286092789964
patient_275,605.0,24.2,355.6266157004582,-378.7319837429905,2174.492520071707,555.7070644292701,6066.523111324323,2603.2372008093353,593.4344293435971,-832.0108960158308,3224.4659864527407
patient_275,606.0,24.24,294.92998085815697,-1517.4158710575311,2186.2897193060335,683.206872111431,3187.4951920540243,2630.565475693792,603.0811062026343,241.16692147592858,3248.5892307008457
patient_275,607.0,24.28,288.08777778642616,-171.0550767932702,2197.8132304174906,645.7152908101042,-937.2895325331712,2656.394087326196,779.7746832865006,4417.339427096658,3279.7802180323056
patient_275,608.0,24.32,278.85598907966454,-230.7947176690405,2208.9674699806774,463.2146539280591,-4562.515922051128,2674.9226734833187,606.5632539936977,-4330.285732320072,3304.0427481920533
patient_275,609.0,24.36,44.901259166511934,-5848.868247828816,2210.763520347338,148.98137805327508,-7855.8318968696,2680.8819286054495,49.69023266659355,-13921.825533177602,3306.030357498717
patient_275,610.0,24.4,210.6971451005752,4144.897148351582,2219.1914061513608,338.23422379465876,4731.321143534592,2694.4112975572357,415.90503150911127,9155.369971062943,3322.6665587590815
patient_275,611.0,24.44,241.63208694560416,773.373546125724,2228.856689629185,203.64622501797442,-3364.6999694171086,2702.5571465579546,411.44535256160447,-111.49197368767005,3339.1243728615455
patient_275,612.0,24.48,318.1912327598149,1913.9786453552688,2241.5843389395777,170.49216506703328,-828.8514987735283,2709.376833160636,88.56684897703755,-8071.962589614173,3342.6670468206266
patient_275,613.0,24.52,31.349354954893116,-7171.046945123046,2242.838313137773,24.619794568427213,-3646.8092624651517,2710.361624943373,77.31815330315803,-281.2173918469881,3345.7597729527533
patient_275,614.0,24.56,23.023383531943473,-208.14928557374105,2243.759248479051,42.53032089914775,447.7631582680135,2712.062837779339,87.51969950474957,255.03865503978852,3349.260560932943
patient_275,615.0,24.6,39.15795868230939,403.36437875914794,2245.325566826343,19.053159945348376,-586.9290238449844,2712.824964177153,102.86740599651552,383.6926622941487,3353.3752571728032
patient_275,616.0,24.64,66.72205223544724,689.1023388284461,2247.9944489157615,32.75268979397801,342.4882462157408,2714.1350717689124,112.0978507733228,230.76111942018224,3357.8591712037364
patient_275,617.0,24.68,48.48010952041624,-456.04856787577484,2249.933653296578,23.987871578594174,-219.12045538459583,2715.0945866320562,64.5014119215464,-1189.91097129441,3360.4392276805984
patient_275,618.0,24.72,40.32438995642843,-203.89298909969523,2251.546628894835,15.404495570375925,-214.5844002054562,2715.710766454871,58.800654669949424,-142.51893128992458,3362.7912538673963
patient_275,619.0,24.76,32.598146042428105,-193.1560978500082,2252.850554736532,28.067102450867203,316.56517201228195,2716.8334505529056,41.032167703384104,-444.212174164133,3364.432540575531
patient_275,620.0,24.8,36.63549671670946,100.9337668570339,2254.3159746052006,40.95489867522509,322.1949056089471,2718.471646499914,41.348168503507935,7.900020003095776,3366.0864673156716
patient_275,621.0,24.84,54.087322774641216,436.2956514482938,2256.479467516186,16.551150948302173,-610.0936931730729,2719.1336925378464,48.71741567356438,184.23117925141116,3368.0351639426144
patient_275,622.0,24.88,28.949510970813844,-628.4452950956843,2257.6374479550186,75.53897905263554,1474.6957026083342,2722.1552516999523,123.36017034969075,1866.0688669031592,3372.9695707566025
patient_275,623.0,24.92,40.084556157008244,278.37612965486,2259.240830201299,16.062703637121498,-1486.906885387851,2722.7977598454368,23.039933145622026,-2508.005930101718,3373.8911680824276
patient_275,624.0,24.96,23.46231677849546,-415.5559844628196,2260.179322872439,19.624597015472446,89.0473344587737,2723.5827437260555,313.5028336090089,7261.572511584673,3386.431281426788
patient_275,625.0,25.0,46.99513222315703,588.3203861165392,2262.059128161365,59.34878359455986,993.1046644771855,2725.9566950698377,131.39627620153433,-4552.663935186864,3391.6871324748486
patient_275,626.0,25.04,21.651933329319107,-633.579972345948,2262.9252054945377,58.35081320964055,-24.949259622982822,2728.2907275982234,74.57080936424083,-1420.6366709323377,3394.6699648494186
patient_275,627.0,25.08,8.594875922882853,-326.42643516090635,2263.2690005314535,9.842432597858584,-1212.7095152945492,2728.684424902138,121.33432839234337,1169.0879757025634,3399.5233379851124
patient_275,628.0,25.12,25.370598047598797,419.3930531178986,2264.2838244533573,13.919147151903527,101.91786385112356,2729.2411907882138,54.25278129831036,-1677.0386773508249,3401.693449237045
patient_275,629.0,25.16,31.906879040955868,163.40702483392678,2265.5600996149956,13.44549257587,-11.841364400838161,2729.7790104912488,65.31840564360117,276.6406086322702,3404.306185462789
patient_275,630.0,25.2,12.119392285538558,-494.6871688854328,2266.0448753064175,10.949060060074276,-62.41081289489312,2730.2169728936515,57.40259146392763,-197.89535449183848,3406.602289121346
patient_275,631.0,25.24,32.98129450894446,521.5475555851475,2267.364127086775,25.923173752920995,374.352842321168,2731.2538998437685,21.254554683257407,-903.7009195167557,3407.452471308676
patient_275,632.0,25.28,51.03766182480076,451.40918289640746,2269.405633559767,57.537557756579275,790.359600091457,2733.555402154032,81.96716051728605,1517.815145850716,3410.7311577293676
patient_275,633.0,25.32,28.30385125132575,-568.3452643368752,2270.5377876098196,26.633150092710174,-772.6101915967275,2734.62072815774,57.76674779769222,-605.0103179898457,3413.0418276412756
patient_275,634.0,25.36,58.50423578812973,755.0096134200996,2272.877957041345,48.9580607274464,558.1227658684056,2736.5790505868376,91.05926784545419,832.3130011940492,3416.684198355094
patient_275,635.0,25.4,86.31758854536503,695.3338189308823,2276.33066058316,142.92299773418728,2349.123425168522,2742.2959704962054,159.66545531669107,1715.154686780922,3423.0708165677615
patient_275,636.0,25.44,403.1976661062327,7922.001939021692,2292.4585672274093,329.7774918591979,4671.362353125265,2755.4870701705736,391.4443523655499,5794.47242622147,3438.7285906623833
patient_275,637.0,25.48,181.21757978896122,-5549.502157931787,2299.7072704189677,280.88097831462966,-1222.4128386142056,2766.7223093031585,308.4193827835581,-2075.6242395497948,3451.0653659737254
patient_275,638.0,25.52,170.5662471932685,-266.28331489231766,2306.5299203066984,307.0503069245305,654.2332152475211,2779.0043215801397,350.9752180538946,1063.8958817584125,3465.1043746958812
patient_275,639.0,25.56,262.9407400555668,2309.3623215574567,2317.0475499089207,406.2408559766123,2479.7637263020447,2795.2539558192047,299.26057870796217,-1292.8659836483107,3477.0747978442
patient_275,640.0,25.6,230.3854313494955,-813.8827176517822,2326.2629671629006,215.3724346617256,-4771.710532872167,2803.8688532056735,325.4155833175022,653.8751152385004,3490.0914211769
patient_275,641.0,25.64,58.80953135073188,-4289.397499969091,2328.61534841693,163.7296598739635,-1291.0693696940527,2810.4180396006323,13.049681606633193,-7809.147542771724,3490.613408441165
patient_275,642.0,25.68,166.2749310281504,2686.6349919354634,2335.266345658056,364.3501747705111,5015.51287241369,2824.992046591453,257.84722734741365,6119.938643519512,3500.927297535062
patient_275,643.0,25.72,183.13026311716058,421.3833022252544,2342.5915561827424,181.33863117460257,-4575.288589897714,2832.2455918384367,163.8139240266249,-2350.8325830197186,3507.4798544961272
patient_275,644.0,25.76,205.06011091419865,548.2461949259516,2350.7939606193104,184.66268194790464,83.10126933255191,2839.6320991163525,153.34940764798114,-261.61290946609415,3513.613830802047
patient_275,645.0,25.8,144.782813255265,-1506.9324414733408,2356.585273149521,112.03976352161679,-1815.5729606571963,2844.1136896572175,57.48354458335408,-2396.6465766156766,3515.913172585381
patient_275,646.0,25.84,94.93964263357104,-1246.0792655423493,2360.382858854864,132.3740983326541,508.35837027593305,2849.408653590524,56.157089032804656,-33.161388763735644,3518.159456146693
patient_275,647.0,25.88,99.19989479024441,106.50630391683436,2364.350854646474,116.64976378933486,-393.1083635829815,2854.074644142097,65.27785443019359,228.01913493472324,3520.7705703239008
patient_275,648.0,25.92,206.271730212441,2676.795885554915,2372.6017238549716,114.70477240193316,-48.6247846850425,2858.6628350381743,90.33087038718038,626.3253989246699,3524.3838051393877
patient_275,649.0,25.96,92.8200024928526,-2836.2931929897104,2376.3145239546857,53.122232325423276,-1539.563501912747,2860.7877243311914,56.507187146155495,-845.5920810256222,3526.644092625234
patient_275,650.0,26.0,57.37334189481181,-886.1665149510196,2378.609457630478,100.13239459437105,1175.2540567236942,2864.793020114966,70.29728813796903,344.75252479533845,3529.4559841507526
patient_275,651.0,26.04,101.64558619711089,1106.806107557477,2382.675281078363,35.281675084377,-1621.2679877498513,2866.204287118341,71.30910733593326,25.295479949105726,3532.3083484441904
patient_275,652.0,26.08,15.322517884770226,-2158.076707808517,2383.2881817937537,65.29436992518491,750.3173710201977,2868.816061915349,62.68261215175351,-215.66237960449382,3534.8156529302605
patient_275,653.0,26.12,75.12530513319788,1495.0696812106914,2386.2931939990813,50.37389045145932,-373.0119868431398,2870.8310175334072,23.198806587648434,-987.095139102627,3535.7436051937666
patient_275,654.0,26.16,46.978290291754995,-703.6753710360722,2388.1723256107516,42.20394881190358,-204.24854098889344,2872.519175485884,69.61471359315533,1160.3976751376724,3538.5281937374925
patient_275,655.0,26.2,73.72359247542369,668.6325545917173,2391.121269309768,120.831926832701,1965.6994505199357,2877.3524525591915,122.9296332469646,1332.8729913452316,3543.445379067371
patient_275,656.0,26.24,45.46019609664768,-706.5849094694001,2392.9396771536344,105.01997017715371,-395.2989163886823,2881.553251366278,129.8164895384734,172.17140728772017,3548.63803864891
patient_275,657.0,26.28,74.47104674037374,725.2712660931514,2395.9185190232492,58.607569592611824,-1160.310014613547,2883.897554149982,31.21175005275549,-2465.1184871429477,3549.88650865102
patient_275,658.0,26.32,74.15429308017593,-7.918841504945107,2398.884690746456,51.08574584522098,-188.04559368477118,2885.9409839837913,60.06965142063484,721.4475341969837,3552.2892947078453
patient_275,659.0,26.36,14.292706868492123,-1496.5396552920952,2399.456399021196,52.24423191273561,28.962151687865756,2888.0307532603,80.61479686594654,513.6286361327926,3555.5138865824833
patient_275,660.0,26.4,213.94298907259787,4991.257055102644,2408.0141185841,345.7456947971193,7337.536572109593,2901.8605810521854,540.8796776408163,11506.622019371744,3577.149073688116
patient_275,661.0,26.44,123.69166440434908,-2256.2831167062195,2412.961785160274,110.31639891726098,-5885.732396996458,2906.2732370088756,83.54293775326484,-11433.418497188788,3580.490791198247
patient_275,662.0,26.48,35.21468104134708,-2211.92458407505,2414.3703724019274,47.875778211942674,-1561.0155176329577,2908.188268137353,37.047344191646665,-1162.3898390404543,3581.9726849659123
patient_275,663.0,26.52,28.30318570839329,-172.7873833238447,2415.5024998302633,39.65370416528694,-205.55185116639336,2909.7744163039647,27.627734032695326,-235.4902539737835,3583.07779432722
patient_275,664.0,26.56,36.21091374020412,197.69320079527074,2416.9509363798716,83.53983283453458,1097.153216731191,2913.116009617346,33.47391557785654,146.1545386290303,3584.416750950334
patient_275,665.0,26.6,26.206396181600905,-250.1129389650804,2417.9991922271356,27.840320989603796,-1392.4877961232696,2914.2296224569304,29.965976827724223,-87.69846875330786,3585.615390023443
patient_275,666.0,26.64,69.18061579715855,1074.355490388941,2420.766416859022,184.67256450029757,3920.8060877673447,2921.616525036942,243.74160167148298,5344.390621093969,3595.3650540903022
patient_275,667.0,26.68,110.00013088512652,1020.4878771991993,2425.166422094427,62.2998335533302,-3059.318273674184,2924.1085183790756,283.8382007239472,1002.414976311605,3606.71858211926
patient_275,668.0,26.72,163.23857612938096,1330.9611311063609,2431.6959651396023,148.9254275631667,2165.6398502459124,2930.0655354816026,157.5168862835408,-3158.0328610101596,3613.019257570602
patient_275,669.0,26.76,237.44092298150807,1855.0586713031776,2441.193602058863,279.0757943877574,3253.7591706147678,2941.2285672571124,303.9560387099726,3660.9788106607944,3625.177499119001
patient_275,670.0,26.8,268.4713094902824,775.7596627193585,2451.932454438474,311.7271148251681,816.2830109352669,2953.6976518501197,520.4692048242629,5412.829152857257,3645.996267311971
patient_275,671.0,26.84,309.9364856401057,1036.6294037455816,2464.329913864078,410.33067744474164,2465.0890654893387,2970.1108789479094,468.81169625655934,-1291.4377141925884,3664.7487351622335
patient_275,672.0,26.88,570.2782726061886,6508.544674152073,2487.1410447683256,1295.341249095675,22125.264291273335,3021.924528911736,1197.4250767786482,18215.33451305222,3712.6457382333792
patient_275,673.0,26.92,59.03314110630373,-12781.128287497122,2489.502370412578,142.6716294508761,-28816.740491119974,3027.631394089771,33.91245040843057,-29087.815659255444,3714.0022362497166
patient_275,674.0,26.96,272.1608388341797,5328.192443196899,2500.388803965945,484.4706503716662,8544.975523019752,3047.010220104638,446.1816751155302,10306.730617677491,3731.8495032543374
patient_275,675.0,27.0,338.0573144750705,1647.41189102227,2513.9110965449477,196.8195664851763,-7191.277097162248,3054.883002764045,424.9595410819615,-530.5533508392173,3748.847884897616
patient_275,676.0,27.04,197.79684576347182,-3506.5117177899665,2521.8229703754864,119.32789522457871,-1937.2917815149397,3059.6561185730284,365.04468574673297,-1497.8713833807135,3763.449672327485
patient_275,677.0,27.08,155.454569073446,-1058.5569172506453,2528.0411531384243,78.36292115085922,-1024.1243518429872,3062.7906354190623,138.77527351901085,-5656.735305693053,3769.0006832682457
patient_275,678.0,27.12,90.86757578283145,-1614.6748322653639,2531.6758561697375,115.10021614497022,918.432374852775,3067.3946440648615,49.37887945248083,-2234.9098516632507,3770.9758384463453
patient_275,679.0,27.16,97.77403735029569,172.66153918660586,2535.5868176637496,102.30532406483847,-319.8723020032936,3071.4868570274552,36.86926021652342,-312.74048089893523,3772.450608855006
patient_275,680.0,27.2,9.774795792097876,-2199.9810389549452,2535.977809495433,39.100548069413676,-1580.11939988562,3073.050878950232,126.66998684655212,2245.0181657507173,3777.5174083288684
patient_275,681.0,27.24,16.752483776973726,174.44219962189624,2536.647908846512,51.930711489527845,320.7540855028542,3075.1281074098133,134.9458518742695,206.89662569293432,3782.9152424038393
patient_275,682.0,27.28,43.652381415078416,672.4974409526172,2538.394004103115,36.619165880246136,-382.7886402320427,3076.5928740450227,68.67884078671554,-1656.675277188849,3785.662396035308
patient_275,683.0,27.32,32.573412829098096,-276.974214649508,2539.6969406162793,28.91514623230005,-192.60049119865218,3077.749479894315,67.55680211252125,-28.05096685485715,3788.364668119809
patient_275,684.0,27.36,33.96544065542922,34.80069565827808,2541.0555582424968,42.28355370865199,334.2101869087986,3079.4408220426612,141.61411055087018,1851.4327109587232,3794.0292325418436
patient_275,685.0,27.4,36.638516949958145,66.82690736322314,2542.5210989204948,50.60096885674134,207.93537870223363,3081.4648607969307,87.95469539158,-1341.4853789822544,3797.5474203575072
patient_275,686.0,27.44,81.8265883484517,1129.7017849623387,2545.794162454433,7.0484237037093385,-1088.8136288258,3081.746797745079,13.066921254824504,-1872.1943534188874,3798.0700972077
patient_275,687.0,27.48,54.79244412769533,-675.853605518909,2547.9858602195404,21.440119010633204,359.7923826730966,3082.6044025055044,75.08661012465627,1550.4922217457943,3801.073561612686
patient_275,688.0,27.52,82.67697131224179,697.1131796136614,2551.29293907203,76.60043033335813,1379.0077830681232,3085.668419718839,33.82282078756214,-1031.5947334273535,3802.4264744441884
patient_275,689.0,27.56,113.50442085959021,770.6862386837106,2555.8331159064137,139.91107092238417,1582.7660147256508,3091.2648625557345,243.15755856849722,5233.368444523378,3812.1527767869284
patient_275,690.0,27.6,103.01399821984765,-262.26056599356406,2559.953675835208,134.03546355068988,-146.89018429235716,3096.6262810977623,187.33643623854707,-1395.528058248754,3819.6462342364703
patient_275,691.0,27.64,110.78424238630275,194.2561041613775,2564.3850455306597,236.4180252232131,2559.5640418130806,3106.0830021066913,269.42902462540854,2052.314709671537,3830.4233952214868
patient_275,692.0,27.68,111.29340465146058,12.729056628945656,2568.836781716718,175.43945477379123,-1524.464261235547,3113.100580297643,221.75478207370313,-1191.8560637926355,3839.293586504435
patient_275,693.0,27.72,118.80247291188807,187.72670651068745,2573.588880633194,140.94327422031247,-862.4045138369688,3118.738311266455,186.92393089132904,-870.7712795593523,3846.7705437400878
patient_275,694.0,27.76,115.41496787612598,-84.68762589405223,2578.205479348239,164.36086073300967,585.43966281743,3125.3127456957754,145.07806451789517,-1046.1466593358466,3852.5736663208036
patient_275,695.0,27.8,103.52965646002698,-297.132785402475,2582.3466656066403,150.85651107199712,-337.60874152531386,3131.347006138655,124.68814160243797,-509.7480728864301,3857.561191984901
patient_275,696.0,27.84,54.4334147357576,-1227.4060431067346,2584.5240021960703,208.2441863376151,1434.6918816404495,3139.67677359216,162.81790134840787,953.2439936492476,3864.073908038837
patient_275,697.0,27.88,90.69877797036504,906.6340808651861,2588.151953314885,104.75933054697713,-2587.1213947659494,3143.8671468140387,144.57670564453636,-456.0298925967878,3869.8569762646184
patient_275,698.0,27.92,105.72352532370425,375.6186838334802,2592.380894327833,59.99029980462579,-1119.2257685587833,3146.266758806224,141.45909195118003,-77.94034233390832,3875.515339942666
patient_275,699.0,27.96,42.49637549737541,-1580.678745658221,2594.0807493477278,42.449426497841586,-438.52183266960515,3147.9647358661377,53.47526405090282,-2199.5956975069303,3877.6543505047016
patient_275,700.0,28.0,15.894126466200959,-665.0562257793613,2594.716514406376,29.6509516279493,-319.9618717473071,3149.1507739312556,35.57673412572325,-447.46324812948933,3879.0774198697304
patient_275,701.0,28.04,41.7205290118606,645.660063641491,2596.3853355668502,48.43869633415713,469.6936176551957,3151.0883217846217,70.14651041016339,864.2444071110035,3881.883280286137
patient_275,702.0,28.08,32.78316116199156,-223.43419624672603,2597.69666201333,53.0006318622167,114.04838820148927,3153.2083470591106,45.42253968650018,-618.0992680915801,3883.7001818735966
patient_275,703.0,28.12,31.60622340442594,-29.423443939140448,2598.9609109495073,44.96337610528437,-200.9313939233083,3155.006882103322,31.842532598325015,-339.50017720437916,3884.97388317753
patient_275,704.0,28.16,86.10474349630883,1362.4630022970723,2602.4051006893596,48.77783092578146,95.36137051242726,3156.957995340353,39.396962105575874,188.86073768127147,3886.5497616617527
patient_275,705.0,28.2,61.82618758179969,-606.9638978627286,2604.8781481926317,55.11354991266516,158.39297467209246,3159.16253733686,46.78744730168476,184.7621299027221,3888.42125955382
patient_275,706.0,28.24,47.76224345170764,-351.5986032523012,2606.7886379307,112.37077959691159,1431.4307421061608,3163.6573685207363,77.47427643127406,767.1707282397326,3891.520230611071
patient_275,707.0,28.28,53.707415389244105,148.6292984384116,2608.9369345462696,66.33276035575244,-1150.9504810289786,3166.3106789349667,43.64683894352015,-845.6859371938478,3893.2661041688116
patient_275,708.0,28.32,58.74328606074301,125.89676678747264,2611.2866659886995,128.83738823979377,1562.6156971010332,3171.4641744645587,138.30962016512885,2366.5695305402173,3898.798488975417
patient_275,709.0,28.36,34.67630169435709,-601.674609159648,2612.6737180564737,21.821480971864997,-2675.397681698219,3172.337033703433,16.909035311770886,-3035.0146213339494,3899.4748503878877
patient_275,710.0,28.4,27.776732870933607,-172.48922058558716,2613.7847873713113,40.02967715588311,455.2049046004528,3173.9382207896683,64.01214140626847,1177.5776523624395,3902.0353360441386
patient_275,711.0,28.44,25.524871023493624,-56.296546185999574,2614.805782212251,9.653860148200723,-759.3954251920596,3174.3243751955965,24.076981945810843,-998.3789865114406,3902.9984153219707
patient_275,712.0,28.48,29.049182894627876,88.10779677835629,2615.9677495280357,54.49412844955419,1121.0067075338368,3176.5041403335786,66.40116704607347,1058.1046275065655,3905.654462003814
patient_275,713.0,28.52,34.34940052491855,132.50544075726685,2617.3417255490326,23.291090455205115,-780.0759498587269,3177.435783951787,84.39991104452243,449.96859996122396,3909.030458445595
patient_275,714.0,28.56,26.84771852635481,-187.5420499640935,2618.415634290087,51.86126806811075,714.2544403226409,3179.5102346745116,70.99996890095058,-334.9985535892962,3911.870457201633
patient_275,715.0,28.6,31.534780252646023,117.17654315728029,2619.6770255001925,47.53704551083288,-108.10556393194676,3181.411716494945,139.00124105151698,1700.0318037641603,3917.430506843694
patient_275,716.0,28.64,47.264743789747556,393.2490884275383,2621.5676152517826,35.93935607492938,-289.9422358975876,3182.8492907379423,54.963235923890394,-2100.9501281906646,3919.6290362806494
patient_275,717.0,28.68,78.00669374807097,768.5487489580854,2624.687883001706,44.573119179054025,215.84407760311618,3184.6322155051043,24.292360145878092,-766.7718944503075,3920.6007306864844
patient_275,718.0,28.72,64.14800438879267,-346.4672339819575,2627.253803177257,1.9348638937892395,-1065.9563821316196,3184.709610060856,43.244206852044584,473.79616765416233,3922.3304989605663
patient_275,719.0,28.76,61.41721933688586,-68.26962629767036,2629.7104919507324,43.60501916427505,1041.7538817621453,3186.453810827427,49.69887142228396,161.36661425598433,3924.318453817458
patient_275,720.0,28.8,62.12254270526016,17.63308420935754,2632.195393658943,71.62418276495755,700.4790900170626,3189.3187781380257,264.13532093952796,5360.9112379311,3934.883866655039
patient_275,721.0,28.84,70.223988249704,202.5361386110962,2635.004353188931,158.00784450601253,2159.5915435263746,3195.639091918266,366.7814057751485,2566.152120890514,3949.555122886045
patient_275,722.0,28.88,73.09628246665932,71.80735542388277,2637.9282044875977,61.63816232531334,-2409.2420545174796,3198.1046184112784,85.88184260961758,-7022.489079138273,3952.9903965904296
patient_275,723.0,28.92,46.41177516379839,-667.1126825715232,2639.7846754941497,41.61426995450177,-500.59730927028914,3199.7691892094585,39.403743581755926,-1161.9524756965413,3954.5665463337
patient_275,724.0,28.96,41.403560763251804,-125.20536001366463,2641.44081792468,117.4800461934836,1896.6444059745456,3204.4683910571976,229.19855971949002,4744.870403443352,3963.7344887224795
patient_275,725.0,29.0,68.67017726508506,681.6654125458314,2644.187625015283,112.23753361804333,-131.06281438600683,3208.9578924019193,116.3755753961586,-2820.5746080832855,3968.389511738326
patient_275,726.0,29.04,54.326439616138366,-358.5934412236673,2646.3606825999286,39.57149537376213,-1816.65095610703,3210.54075221687,89.90954862532897,-661.6506692707408,3971.9858936833393
patient_275,727.0,29.08,54.5802250423837,6.344635656133413,2648.543891601624,57.1102151039016,438.4679932534867,3212.825160821026,42.233868299026504,-1191.8920081575616,3973.6752484153003
patient_275,728.0,29.12,32.82771554154058,-543.8127375210781,2649.857000223286,16.875298654179097,-1005.8729112430626,3213.5001727671934,40.96476967613506,-31.72746557228603,3975.3138392023457
patient_275,729.0,29.16,9.360671790407293,-586.6760937783321,2650.231427094902,35.157236956991724,457.0484575703157,3214.906462245473,128.3843801940825,2185.490262948686,3980.449214410109
patient_275,730.0,29.2,27.296539791892453,448.39670003712905,2651.3232886865776,58.233584153408486,576.9086799104191,3217.235805611609,188.38933350636756,1500.1238328071267,3987.9847877503635
patient_275,731.0,29.24,43.080279387889995,394.59348989993856,2653.046499862093,56.93489748310288,-32.467166757640165,3219.5132015109334,45.74577447466905,-3566.088975792463,3989.81461872935
patient_275,732.0,29.28,75.97957512663245,822.4823934685614,2656.0856828671585,138.6551591431578,2043.0065415013728,3225.0594078766603,67.01050919776188,531.6183680773207,3992.4950390972604
patient_275,733.0,29.32,115.64982674041497,991.7562903445628,2660.7116759367746,157.05857979463522,460.0855162869358,3231.341751068446,269.8383950172226,5070.697145486518,4003.2885748979497
patient_275,734.0,29.36,179.37029559784318,1593.0117214357053,2667.8864877606884,200.5650075309697,1087.6606934083618,3239.3643513696843,322.6432705198981,1320.1218875668885,4016.1943057187455
patient_275,735.0,29.4,228.09428346195804,1218.0996966028715,2677.010259099167,230.6808722062223,752.8966168813149,3248.5915862579336,263.44463321490076,-1479.965932624934,4026.7320910473413
patient_275,736.0,29.44,328.19570844240144,2502.5356245110847,2690.138087436863,292.77025050451687,1552.2344574573644,3260.302396278114,454.203332958703,4768.967493595056,4044.900224365689
patient_275,737.0,29.48,385.2872453464151,1427.2884226003412,2705.5495772507193,330.35319791246286,939.5736851986499,3273.516524194613,463.4377761132898,230.8610788646689,4063.4377354102207
patient_275,738.0,29.52,405.38412004206043,502.4218673911335,2721.7649420524017,441.6961817865713,2783.574596852711,3291.1843714660754,587.7531228014576,3107.8836672041957,4086.947860322279
patient_275,739.0,29.56,544.9201639581539,3488.4010979023374,2743.561748610728,721.1845111304649,6987.20823359734,3320.0317519112946,824.7716798320449,5925.463925764683,4119.938727515561
patient_275,774.0,30.96,,,2743.561748610728,,,3320.0317519112946,,,4119.938727515561
patient_275,775.0,31.0,542.9284008598383,,2765.2788846451213,1351.7418019588586,,3374.1014239896485,1175.4895734852564,,4166.958310454971
patient_275,777.0,31.08,,,2765.2788846451213,,,3374.1014239896485,,,4166.958310454971
patient_275,778.0,31.12,515.8505088162918,,2785.912904997773,634.4057815667614,,3399.477655252319,756.1446419319382,,4197.204096132249
patient_275,779.0,31.16,91.8106143502421,-10600.997361651243,2789.5853295717825,11.125771522565337,-15582.000251104904,3399.9226861132215,71.78257663378783,-17109.05163245376,4200.075399197601
patient_275,780.0,31.2,566.9243577959668,11877.843586143117,2812.2623038836214,521.6870301372008,12764.031465365888,3420.7901673187093,744.7161240448189,16823.338685275776,4229.864044159393
patient_275,781.0,31.24,456.77708057622016,-2753.6819304936657,2830.5333871066705,678.6873593522656,3925.0082303766194,3447.9376616928,772.5902227053803,696.8524665140336,4260.767653067608
patient_275,782.0,31.28,346.5776766134656,-2754.9850990688637,2844.3964941712093,277.6459226127751,-10026.035918487263,3459.043498597311,164.29503277771943,-15207.379748191523,4267.339454378717
patient_275,783.0,31.32,203.8862518679829,-3567.2856186370673,2852.551944245928,139.07401325911215,-3464.297733841574,3464.6064591276754,134.15131270581625,-753.5930017975794,4272.7055068869495
patient_275,784.0,31.36,122.055035504202,-2045.7804090945228,2857.434145666097,323.3118635154833,4605.946256409279,3477.5389336682947,105.87938831091219,-706.7981098726016,4276.940682419387
patient_275,785.0,31.4,62.81974563436138,-1480.8822467460154,2859.946935491471,345.64796807524533,558.4026139940505,3491.3648523913043,87.34721301177177,-463.3043824785105,4280.434570939858
patient_275,786.0,31.44,17.358425982332257,-1136.532991300728,2860.641272530764,33.13977561079533,-7812.70481161125,3492.690443415736,41.98818564635276,-1133.9756841354751,4282.1140983657115
patient_275,787.0,31.48,46.62332941591361,731.6225858395338,2862.506205707401,58.41987469878287,632.0024771996884,3495.0272384036875,111.69003392852063,1742.5462070541969,4286.581699722852
patient_275,788.0,31.52,95.39346357828842,1219.2533540593702,2866.3219442505324,167.63885486995395,2730.4745042792765,3501.732792598485,386.5593523391043,6871.732960264591,4302.044073816416
patient_275,789.0,31.56,114.36930554069899,474.39604906026426,2870.8967164721607,473.5899768887178,7648.778050469096,3520.6763916740338,173.79737142838974,-5319.049522767864,4308.995968673552
patient_275,790.0,31.6,67.27712001192668,-1177.3046382193077,2873.587801272638,40.9663824140004,-10815.589861867935,3522.315046970594,64.80329080834511,-2724.8520155011156,4311.588100305886
patient_275,791.0,31.64,214.60581623661557,3683.217405617222,2882.1720339221024,154.56580384357534,2839.9855357393735,3528.497679124337,226.51723007682833,4042.8484817120802,4320.6487895089585
patient_275,792.0,31.68,457.26605647990743,6066.506006082297,2900.4626761812983,670.7476242263683,12904.545509569823,3555.3275840933916,498.91409378869645,6809.921592796703,4340.6053532605065
patient_275,793.0,31.72,252.9181012587635,-5108.698880528598,2910.579400231649,333.60763322234254,-8428.499775100645,3568.6718894222854,339.35231468118064,-3989.044477687895,4354.179445847753
patient_275,794.0,31.76,179.1058457043765,-1845.3063888596753,2917.743634059824,317.74326367370463,-396.60923871594775,3581.3816199692337,369.86271374776953,762.7599766647222,4368.973954397665
patient_275,795.0,31.8,132.17217382292182,-1173.3417970363669,2923.0305210127412,257.53051222189407,-1505.318786295264,3591.6828404581097,216.55265669116366,-3832.751426415147,4377.636060665311
patient_275,796.0,31.84,115.26779327400106,-422.6095137230189,2927.6412327437015,258.0070751927131,11.914074270475794,3602.003123465818,228.50444915582673,298.7948116165768,4386.7762386315435
patient_275,797.0,31.88,78.02388599993769,-931.0976818515844,2930.762188183699,170.35224079359006,-2191.370859978076,3608.817213097562,163.2708300674763,-1630.8404772087606,4393.307071834242
patient_275,798.0,31.92,41.74142051666083,-907.0616370819215,2932.431845004365,18.377894308390733,-3799.3586621299833,3609.552328869898,29.66394710284704,-3340.172074115732,4394.493629718357
patient_275,799.0,31.96,13.64814339467633,-702.3319280496125,2932.977770740152,15.262251097714747,-77.89108026689964,3610.162818913806,63.646600697029385,849.5663398545586,4397.039493746238
patient_275,800.0,32.0,50.32458203895828,916.9109661070488,2934.9907540217105,8.644934857112046,-165.43290601506752,3610.508616308091,32.129774182324404,-787.9206628676245,4398.324684713531
patient_275,801.0,32.04,61.72399299567774,284.98527391798643,2937.459713741538,39.34480843503806,767.4968394481504,3612.0824086454923,78.0657109207723,1148.3984184611975,4401.447313150361
patient_275,802.0,32.08,76.3732418551116,366.2312214858465,2940.5146434157423,53.406041617634735,351.5308295649168,3614.218650310198,26.260462860565507,-1295.1312015051699,4402.497731664784
patient_275,803.0,32.12,55.899273035925404,-511.84922047965495,2942.7506143371797,70.32165749758015,422.8903969986353,3617.031516610101,325.8053710620244,7488.622705036472,4415.529946507265
patient_275,804.0,32.16,167.3985400118455,2787.4816743980027,2949.446555937653,504.82250386891485,10862.521159283368,3637.224416764858,671.838842804642,8650.83679356544,4442.4035002194505
patient_275,805.0,32.2,104.4867286886622,-1572.795283079583,2953.6260250851997,208.17645370101343,-7416.151254197535,3645.5514749128984,251.89737795218332,-10498.536621311467,4452.479395337537
patient_275,806.0,32.24,213.85140657454235,2734.116947147004,2962.180081348181,178.54288103903787,-740.8393165493891,3652.69319015446,274.54878269109406,566.2851184727685,4463.461346645182
patient_275,807.0,32.28,283.1167141234382,1731.6326887223966,2973.5047499131183,465.6094368212978,7176.663894556497,3671.3175676273117,396.81023856889954,3056.536396945137,4479.333756187938
patient_275,808.0,32.32,208.00824944964194,-1877.711616844907,2981.8250798911045,455.8786422629453,-243.2698639588125,3689.55271331783,437.7338458952892,1023.0901831597421,4496.843110023749
patient_275,809.0,32.36,315.5605240288958,2688.8068644813475,2994.4475008522604,513.287089874829,1435.2111902970933,3710.084196912823,361.2020427897715,-1913.295077637943,4511.291191735339
patient_275,810.0,32.4,210.13983459294832,-2635.517235898688,3002.853094235978,167.71768403780305,-8639.23514592565,3716.792904274335,196.0904764755645,-4127.789157855175,4519.134810794362
patient_275,811.0,32.44,88.74515473804368,-3034.866996372616,3006.4029004255003,118.77493167111346,-1223.5688091672398,3721.5439015411794,133.09801581484285,-1574.811516518041,4524.458731426957
patient_275,812.0,32.48,230.45917627168694,3542.8505383410816,3015.621267476368,123.64379470188715,121.72157576934204,3726.489653329255,41.260590772162615,-2295.935626067006,4526.109155057843
patient_275,813.0,32.52,64.25951391491509,-4154.991558919296,3018.1916480329646,84.29028141511372,-983.8378321693356,3729.8612645858598,114.2743196598382,1825.3432221918895,4530.680127844236
patient_275,814.0,32.56,40.050097699943706,-605.2354053742846,3019.7936519409623,44.570563360042115,-992.9929513767902,3731.6440871202612,113.99627362257897,-6.951150931480754,4535.239978789139
patient_275,815.0,32.6,41.492971980789214,36.07185702113771,3021.453370820194,55.69679722855444,278.15584671280806,3733.8719590094033,68.48756715750821,-1137.7176616267689,4537.97948147544
patient_275,816.0,32.64,328.9144468560505,7185.5368718815325,3034.609948694436,237.18109090635298,4537.107341944964,3743.359202645657,316.0108322592418,6188.08162754334,4550.61991476581
patient_275,817.0,32.68,309.88644480895135,-475.7000511774791,3047.0054064867936,400.39492056723793,4080.3457415221237,3759.374999468347,341.652926857543,641.0523649575296,4564.286031840111
patient_275,818.0,32.72,276.91692442554904,-824.2380095850579,3058.0820834638157,235.43274932346696,-4124.054281094274,3768.792309441286,404.37891253558115,1568.1496419509542,4580.461188341535
patient_275,819.0,32.76,275.9223919651517,-24.863311509933794,3069.1189791424217,222.989164367084,-311.08962390957447,3777.711876015969,607.7104252250958,5083.287817237867,4604.769605350539
patient_275,820.0,32.8,250.9560559830784,-624.1583995518326,3079.1572213817444,311.64807250604326,2216.4727034739817,3790.177798916211,484.9403211426167,-3069.252602061978,4624.167218196243
patient_275,821.0,32.84,17.46974783107419,-5837.157703800105,3079.856011294987,48.49275689424826,-6578.882890294875,3792.117509191981,22.321341010125952,-11565.474503312269,4625.060071836649
patient_275,822.0,32.88,157.8585416380567,3509.7198451745626,3086.1703529605093,401.72988277902886,8830.928147119515,3808.1867045031418,273.53489922056497,6280.338955260975,4636.001467805471
patient_275,823.0,32.92,97.64083330036709,-1505.44270844224,3090.0759862925242,126.08576475434623,-6891.102950617065,3813.2301350933158,151.1958787732801,-3058.475511182122,4642.049302956402
patient_275,824.0,32.96,63.928832418849055,-842.800022037951,3092.633139589278,195.46272383915897,1734.4239771203186,3821.0486440468817,849.4127839224396,17455.42262872899,4676.0258143133
patient_275,825.0,33.0,20.163461139397285,-1094.1342819862944,3093.439678034854,85.0303964054646,-2760.8081858423593,3824.4498599031003,190.7540806863116,-16466.4675809032,4683.655977540752
patient_275,826.0,33.04,77.69431053827769,1438.2712349720102,3096.5474504563854,325.66921545784476,6015.970476309503,3837.476628521414,133.46261525075766,-1432.2866358888482,4688.9944821507825
patient_275,827.0,33.08,53.86591576879576,-595.7098692370483,3098.702087087137,119.46816928935255,-5155.026154212305,3842.255355292988,125.16381600120994,-207.46998123869318,4694.00103479083
patient_275,828.0,33.12,368.5683701084023,7867.561358490164,3113.444821891473,205.8334003079625,2159.130775465249,3850.488691305307,567.3270229995934,11054.080174959585,4716.694115710814
patient_275,829.0,33.16,369.85730014660317,32.223250955021854,3128.239113897337,82.13371917438455,-3092.492028339449,3853.774040072282,330.76341185897843,-5914.090278515374,4729.924652185174
patient_275,830.0,33.2,308.15807956756595,-1542.4805144759305,3140.56543708004,323.9767905144654,6046.076783502021,3866.733111692861,326.3109901612355,-111.31054244357301,4742.977091791623
patient_275,831.0,33.24,234.1027167090192,-1851.3840714636685,3149.929545748401,508.16667848453017,4604.747199251619,3887.059778832242,770.29134563938,11099.508886953612,4773.788745617198
patient_275,832.0,33.28,110.08027315254805,-3100.561088911779,3154.332756674503,125.97319102908607,-9554.837186386103,3892.0987064734054,105.17043476486415,-16628.022771862896,4777.995563007793
patient_275,833.0,33.32,422.65417691432367,7814.3475940443905,3171.2389237510756,390.510525045304,6613.433350405448,3907.7191274752176,365.21963176244213,6501.229924939449,4792.604348278291
patient_275,834.0,33.36,152.46855877407447,-6754.640453506229,3177.3376661020384,52.28949677149995,-8455.525706845101,3909.8107073460774,145.12124294996568,-5502.459720311911,4798.40919799629
patient_275,835.0,33.4,120.12625934101892,-808.5574858263886,3182.142716475679,132.057141051501,1994.191107000026,3915.092992988137,204.78087608130042,1491.4908282833685,4806.600433039542
patient_275,836.0,33.44,14.992699738250321,-2628.338990069215,3182.7424244652093,37.87837634730806,-2354.469117604823,3916.6081280420294,9.816984276030333,-4874.097295131753,4806.993112410582
patient_275,837.0,33.48,59.06279584011871,1101.7524025467096,3185.104936298814,50.641799254775215,319.0855726866788,3918.633800012221,118.78694146972391,2724.2489298423393,4811.744590069372
patient_275,838.0,33.52,219.0487679054733,3999.6493016338645,3193.866887015033,297.3031329770741,6166.533343057472,3930.525925331304,323.83090610297364,5126.099115831244,4824.697826313491
patient_275,839.0,33.56,331.4080502050118,2808.9820574884625,3207.1232090232334,254.6768846736291,-1065.6562075861245,3940.7130007182486,380.98153169311024,1428.765639753415,4839.937087581215
patient_275,840.0,33.6,593.9475360825207,6563.487146937723,3230.881110466534,503.2667036519825,6214.745474458834,3960.8436688643283,1041.4405865911756,16511.476372451634,4881.5947110448615
patient_275,841.0,33.64,423.234154071224,-4267.834550282419,3247.810476629383,298.76080343582254,-5112.647505403998,3972.794101001761,627.22023882286,-10355.50869420789,4906.683520597776
patient_275,842.0,33.68,69.86162184426598,-8834.31330567395,3250.6049415031534,97.0345300384575,-5043.156834934126,3976.675482203299,79.79779462074158,-13685.56110505296,4909.875432382605
patient_275,843.0,33.72,272.0072227191413,5053.640021871883,3261.485230411919,266.2699746187694,4230.886114507798,3987.32628118805,309.6323290250314,5745.863360107246,4922.260725543607
patient_275,844.0,33.76,125.95116395379797,-3651.4014691335833,3266.523276970071,332.7227348703775,1661.3190062902022,4000.635190582865,231.91680694089195,-1942.888052103487,4931.537397821242
patient_275,845.0,33.8,47.66998643707058,-1957.0294379181848,3268.430076427554,469.9255769928828,3430.071053062632,4019.4322136625806,220.1709747502822,-293.64580476524367,4940.344236811254
patient_275,846.0,33.84,43.359085491596566,-107.77252363685025,3270.164439847218,158.90626135842203,-7775.48289086152,4025.7884641169176,588.6033835407281,9210.810219761148,4963.888372152883
patient_275,847.0,33.88,25.164313085500687,-454.86931015239696,3271.1710123706375,44.168265116898326,-2868.4499060380926,4027.555194721593,201.7322508486679,-9671.778317301507,4971.957662186829
patient_275,848.0,33.92,70.69479491532273,1138.2620457455512,3273.9988041672505,426.41138960576495,9556.078112221665,4044.611650305824,74.44717994457596,-3182.126772602298,4974.935549384612
patient_275,849.0,33.96,63.989029171838716,-167.6441435871004,3276.558365334124,358.7155753740527,-1692.3953557928057,4058.960273320786,225.01546094767903,3764.207025077577,4983.93616782252
patient_275,850.0,34.0,145.66474641828302,2041.8929311611073,3282.3849551908556,167.31416669767898,-4785.035216909343,4065.652839988693,324.8089663471289,2494.8376349862465,4996.928526476405
patient_275,851.0,34.04,223.38473418456357,1942.999694157014,3291.3203445582385,254.20888918566965,2172.3680621997664,4075.8211955561196,476.0866125823136,3781.941155879618,5015.971990979697
patient_275,852.0,34.08,630.0045880528613,10165.496346707443,3316.520528080353,649.8670845208107,9891.454883378528,4101.815878936952,726.0135855487156,6248.17432416005,5045.012534401645
patient_275,853.0,34.12,145.44856091109995,-12113.900678544034,3322.338470516797,118.37333320043118,-13287.34378300949,4106.55081226497,109.21078955155693,-15420.069899928967,5049.380965983708
patient_275,854.0,34.16,339.94185232430857,4862.332285330215,3335.936144609769,467.56294762782653,8729.740360684884,4125.253330170082,173.68145606534316,1611.7666628446557,5056.328224226321
patient_275,855.0,34.2,295.7231720963052,-1105.4670057000849,3347.7650714936212,696.0919773359249,5713.225742702459,4153.09700926352,429.86144658051734,6404.4997628793535,5073.522682089542
patient_275,856.0,34.24,215.76300337956098,-1999.0042179186048,3356.3955916288037,318.8419543635364,-9431.250574309712,4165.850687438061,330.21934406693964,-2491.0525628394425,5086.731455852219
patient_275,857.0,34.28,168.58996698759844,-1179.3259097990635,3363.139190308307,88.84929023398588,-5749.816603238763,4169.404659047421,118.79186248450765,-5285.6870395608,5091.483130351599
patient_275,858.0,34.32,85.45591474491728,-2078.3513060670293,3366.557426898104,237.92728379818175,3726.949839104897,4178.921750399348,169.95824822006537,1279.159643388943,5098.281460280402
patient_275,859.0,34.36,40.933797315139195,-1113.052935744452,3368.1947787907097,29.8057116345961,-5203.0393040896415,4180.113978864732,55.705156371110945,-2856.3272962238607,5100.509666535247
patient_275,860.0,34.4,27.921263890512765,-325.3133356156607,3369.3116293463304,50.12806327210994,508.058790937846,4182.119101395616,180.49992429128366,3119.8691980043177,5107.729663506898
patient_275,861.0,34.44,176.95809562219816,3725.920793292135,3376.3899531712186,215.33190834149187,4130.096126734548,4190.732377729276,281.55779607600414,2526.446794618012,5118.991975349938
patient_275,862.0,34.48,311.18202830408546,3355.5983170471827,3388.837234303382,286.50704844439736,1779.3785025726372,4202.192659667052,118.94977517902561,-4065.200522424463,5123.749966357099
patient_275,863.0,34.52,277.75156581634246,-835.761562193575,3399.947296936036,428.8300506518257,3558.075055185708,4219.345861693126,539.8514948276814,10522.542991216396,5145.344026150206
patient_275,864.0,34.56,316.18793460652466,960.909219754555,3412.594814320297,324.1526096856934,-2616.936024153307,4232.311966080553,340.19811314228207,-4991.334542134984,5158.951950675898
patient_275,865.0,34.6,360.55459879956715,1109.166604826062,3427.0169982722796,513.1375626759766,4724.62382475708,4252.837468587592,589.4707053609687,6231.8148054671665,5182.5307788903365
patient_275,866.0,34.64,331.68499836759645,-721.7400107992673,3440.2843982069835,314.21501168269367,-4973.063774832073,4265.4060690549,468.21321360712716,-3031.437293846039,5201.259307434621
patient_275,867.0,34.68,258.4109705054128,-1831.8506965545907,3450.6208370272,237.12877915514642,-1927.1558131886813,4274.891220221106,390.87037618460687,-1933.5709355630072,5216.894122482006
patient_275,868.0,34.72,202.48899463333885,-1398.0493968018493,3458.7203968125336,334.1633281904127,2425.863725881657,4288.257753348723,309.96869395283,-2022.542055794422,5229.29287024012
patient_275,869.0,34.76,118.75888539726279,-2093.2527309019015,3463.470752228424,187.42012779568896,-3668.5800098680934,4295.7545584605505,561.1987815231219,6280.752189257297,5251.740821501045
patient_275,870.0,34.8,26.534807003004858,-2305.601959856448,3464.532144508544,109.31895207782694,-1952.5293929465506,4300.127316543663,170.58670514182776,-9765.30190953235,5258.564289706717
patient_275,871.0,34.84,26.98254418373429,11.193429518235831,3465.6114462758933,257.0453376750812,3693.159639931357,4310.409130050666,112.61212899088065,-1449.3644037736779,5263.068774866352
patient_275,872.0,34.88,113.5181196472292,2163.389386587373,3470.152171061782,250.80994143698038,-155.88490595252082,4320.441527708145,268.48047360449317,3896.708615340313,5273.807993810532
patient_275,873.0,34.92,215.7060911633269,2554.6992879024424,3478.7804147083157,216.78601633852443,-850.5981274613987,4329.112968361686,389.44258623649466,3024.0528158000375,5289.3856972599915
patient_275,874.0,34.96,335.0130764650888,2982.6746325440467,3492.1809377669188,340.34291398080427,3088.922441056996,4342.726684920918,642.9057070883504,6336.578021296393,5315.101925543526
patient_275,875.0,35.0,481.59004872022626,3664.4243063784374,3511.444539715728,322.7279576221372,-440.37390896667716,4355.635803225803,366.0237683237927,-6922.048469113942,5329.742876276478
patient_275,876.0,35.04,469.855215991434,-293.37081821980604,3530.2387483553857,426.40476690513435,2591.920232074929,4372.691993902009,318.91093978082324,-1177.8207135742364,5342.49931386771
patient_275,877.0,35.08,370.4253412661179,-2485.7468681329024,3545.0557620060304,539.6805394065794,2831.8943125361275,4394.279215478272,335.25672055403885,408.6445193303902,5355.909582689871
patient_275,878.0,35.12,264.1251428569006,-2657.5049602304334,3555.620767720306,156.36949400266397,-9582.776135097887,4400.533995238378,504.9938250920592,4243.427613450508,5376.109335693554
patient_275,879.0,35.16,190.50997860846462,-1840.3791062108994,3563.2411668646446,202.08677834222104,1142.9321084889266,4408.617466372067,175.00890463474855,-8249.623011432766,5383.1096918789435
patient_275,880.0,35.2,154.0946696632444,-910.3827236305058,3569.4049536511743,126.95818667699305,-1878.2147916306997,4413.695793839146,135.23909090532675,-994.245343235545,5388.519255515156
patient_275,881.0,35.24,37.79292187842465,-2907.5436946204936,3570.9166705263115,19.58891049229989,-2684.2319046173293,4414.479350258838,126.97525828211764,-206.5958155802278,5393.598265846442
patient_275,882.0,35.28,140.04096800278109,2556.201153108911,3576.5183092464226,158.97536360314024,3484.661327771009,4420.838364802964,268.04639379129543,3526.778387729445,5404.3201215980935
patient_275,883.0,35.32,229.20980700299336,2229.2209750053066,3585.6867015265425,205.08840927640472,1152.826141831612,4429.04190117402,134.63570706777355,-3335.267168088047,5409.705549880804
patient_275,884.0,35.36,234.1319326427369,123.05314099358853,3595.0519788322517,104.20694577805563,-2522.0365874587274,4433.210179005142,233.76235751865357,2478.1662612720006,5419.0560441815505
patient_275,885.0,35.4,337.6497450139675,2587.9453092807653,3608.5579686328106,620.2855409895561,12901.96488028751,4458.0216006447245,503.10805880700525,6733.642532208792,5439.18036653383
patient_275,886.0,35.44,389.2246599973271,1289.3728745839894,3624.126955032704,463.0678940422004,-3930.441173683893,4476.544316406413,546.4746517235131,1084.1648229126974,5461.039352602771
patient_275,887.0,35.48,431.546974640299,1058.0578660742985,3641.3888340183157,390.04996532663006,-1825.4482178892588,4492.146315019479,345.0457776840583,-5035.7218509863715,5474.841183710133
patient_275,888.0,35.52,471.39970606730816,996.3182856752283,3660.2448222610083,441.82767504362454,1294.442742924862,4509.819422021223,581.2421575375389,5904.909496337015,5498.090870011635
patient_275,889.0,35.56,310.17673717302347,-4030.5742223571174,3672.651891747929,689.6297700766004,6195.052375824396,4537.404612824287,643.6836249030307,1561.0366841372952,5523.838215007756
patient_275,890.0,35.6,255.55893581849463,-1365.445033863221,3682.874249180669,283.8984058485611,-10143.284105700983,4548.76054905823,331.6157160670418,-7801.697720899723,5537.102843650438
patient_275,891.0,35.64,165.78451057652322,-2244.3606310492855,3689.50562960373,89.40024795338432,-4862.453947379418,4552.336558976365,248.73603390933494,-2071.992053942671,5547.052285006812
patient_275,892.0,35.68,97.756965451891,-1700.6886281158054,3693.4159082218057,227.92493332025498,3463.117134171766,4561.453556309175,729.6927710694355,12023.918429002513,5576.23999584959
patient_275,893.0,35.72,128.8376614761049,777.0174006053473,3698.56941468085,327.69794223178366,2494.3252227882167,4574.561473998447,214.67546895906133,-12875.432552759356,5584.827014607952
patient_275,894.0,35.76,20.456281829039586,-2709.534491176633,3699.3876659540115,159.70703525217178,-4199.772674490297,4580.949755408534,89.18643111385285,-3137.225946130212,5588.394471852507
patient_275,895.0,35.8,120.83854376845403,2509.5565484853614,3704.2212077047498,126.45468208996772,-831.3088290551015,4586.007942692132,140.66159635080962,1286.8791309239193,5594.02093570654
patient_275,896.0,35.84,229.67777861530385,2720.9808711712453,3713.408318849362,185.65579339222845,1480.027782556518,4593.434174427822,317.1956255462488,4413.350729885979,5606.708760728389
patient_275,897.0,35.88,324.8261598765334,2378.7095315307383,3726.4013652444237,451.5624803456639,6647.667173835887,4611.496673641648,474.3871017763979,3929.786905753728,5625.684244799445
patient_275,898.0,35.92,438.7353242828181,2847.729110157118,3743.9507782157366,312.57919241157737,-3474.5821983521637,4623.999841338111,701.8519718335124,5686.621751427861,5653.758323672785
patient_275,899.0,35.96,414.4886248578088,-606.1674856252324,3760.530323210049,217.49015073443252,-2377.2260419286213,4632.699447367489,463.8174520171231,-5950.862995409731,5672.31102175347
patient_275,900.0,36.0,507.89763105807845,2335.225155006741,3780.846228452372,576.4082687898207,8972.952951384705,4655.755778119081,787.271780299412,8086.358207057221,5703.801892965446
patient_275,901.0,36.04,397.2109451776302,-2767.167147011206,3796.7346662594773,428.8275285842274,-3689.5185051398316,4672.90887926245,515.028576568477,-6806.080093273375,5724.403036028185
patient_275,902.0,36.08,367.9913901570249,-730.4888755151325,3811.454321865758,353.71464689371106,-1877.822042262909,4687.0574651381985,158.94498525480464,-8902.08978284181,5730.760835438377
patient_275,903.0,36.12,135.21355033727875,-5819.445995493654,3816.8628638792497,60.867525392350046,-7321.178037534026,4689.492166153892,170.02143384933723,276.91121486331485,5737.561692792351
patient_275,904.0,36.16,54.592370301943944,-2015.52950088337,3819.046558691328,37.013757939801316,-596.3441863137183,4690.972716471484,153.95622740361534,-401.6301611430471,5743.719941888496
patient_275,905.0,36.2,96.22911828901763,1040.9186996768422,3822.8957234228888,81.21465599588286,1105.0224514020388,4694.221302711319,137.76200233958582,-404.8556266007381,5749.230421982079
patient_275,906.0,36.24,192.23697243903,2400.1963537503093,3830.5852023204498,227.38725439278298,3654.314959922503,4703.316792887031,429.123931426271,7284.048227167129,5766.395379239129
patient_275,907.0,36.28,372.6086935252213,4509.293027154783,3845.489550061459,210.72764085193722,-416.4903385211438,4711.745898521109,258.63307079117715,-4262.271515877346,5776.740702070777
patient_275,908.0,36.32,400.07365759142465,686.624101655083,3861.4924963651156,852.915084795977,16054.686098600996,4745.862501912948,588.5185651150878,8247.137358097765,5800.28144467538
patient_275,909.0,36.36,447.1791917691859,1177.6383544440307,3879.3796640358833,375.73508001779,-11929.500119454675,4760.891905113659,545.5993482582069,-1072.9804214220223,5822.105418605708
patient_275,910.0,36.4,478.0065390613695,770.6836823045904,3898.499925598338,739.6479148744376,9097.82087141619,4790.477821708637,555.2051987320214,240.14626184536212,5844.313626554989
patient_275,911.0,36.44,384.8400727171036,-2329.1616586066466,3913.8935285070224,560.7773774582739,-4471.763435404091,4812.908916806968,774.0994315302235,5472.3558199550525,5875.277603816198
patient_275,912.0,36.48,335.6293280999861,-1230.2686154279386,3927.3187016310217,51.88833132142169,-12722.226153421307,4814.984450059825,388.9641063750214,-9628.383128880052,5890.8361680712
patient_275,913.0,36.52,154.9810205056543,-4516.2076898582945,3933.517942451248,374.62849605351295,8068.504118302282,4829.969589901965,289.9816625268158,-2474.56109620514,5902.435434572271
patient_275,914.0,36.56,96.20773719599497,-1469.3320827414834,3937.3662519390873,204.38904086238713,-4255.986379778145,4838.145151536461,374.89942888446495,2122.944158941229,5917.431411727651
patient_275,915.0,36.6,6.032404101245278,-2254.3833273687424,3937.6075481031376,110.40974437197987,-2349.4824122601817,4842.56154131134,569.8716327442746,4874.305096495242,5940.226277037421
patient_275,916.0,36.64,62.09157209621526,1401.4791998742496,3940.0912109869864,84.73556370810236,-641.8545165969376,4845.950963859664,203.15114470871725,-9168.012200888934,5948.35232282577
patient_275,917.0,36.68,146.194248107507,2102.566900282294,3945.9389809112868,126.29129223545222,1038.8932131837464,4851.002615549082,141.4665056219977,-1542.1159771679888,5954.01098305065
patient_275,918.0,36.72,252.65796363464096,2661.592888178349,3956.0452994566726,217.21815171944837,2273.171487099904,4859.69134161786,357.096169810878,5390.741604722008,5968.294829843085
patient_275,919.0,36.76,284.30776633918464,791.2450676135918,3967.4176101102403,277.9267872351467,1517.7158878924588,4870.8084131072665,324.47037550048225,-815.6448577598937,5981.273644863104
patient_275,920.0,36.8,420.7453853755642,3410.9404759094887,3984.2474255252623,706.487088905879,10714.007541768306,4899.067896663501,566.5949397324836,6053.114105800033,6003.937442452403
patient_275,921.0,36.84,608.1398908697241,4684.862637353998,4008.5730211600517,713.5860731064531,177.47460501435341,4927.61133958776,719.8056568392576,3830.267927669351,6032.729668725973
patient_275,922.0,36.88,525.0521129312866,-2077.1944484609376,4029.575105677303,629.7872278719607,-2094.971130862311,4952.802828702638,670.3846522692925,-1235.5251142491284,6059.5450548167455
patient_275,923.0,36.92,457.0768169452841,-1699.3823996500623,4047.858178355114,771.2483874138386,3536.528988546948,4983.6527641991925,919.8988080734265,6237.853895103351,6096.341007139683
patient_275,924.0,36.96,325.059460999167,-3300.433898652928,4060.860556795081,362.40841298590954,-10220.999360698226,4998.149100718629,622.1084853166004,-7444.758068920652,6121.225346552346
patient_275,925.0,37.0,263.1660924073651,-1547.3342147950475,4071.3872004913756,222.40625169483428,-3500.054032276881,5007.045350786422,186.65524639857094,-10886.330972950736,6128.691556408289
patient_275,926.0,37.04,154.3542268794849,-2720.296638197005,4077.5613695665547,203.35422829283695,-476.30058504993326,5015.179519918135,244.54984163893448,1447.3648810090885,6138.473550073847
patient_275,927.0,37.08,75.08151611122824,-1981.8177692064169,4080.564630211004,40.23078303339832,-4078.086131485966,5016.788751239472,194.5913981357814,-1248.9610875788273,6146.257205999278
patient_275,928.0,37.12,41.73563105096776,-833.647126506512,4082.2340554530424,54.18339955459884,348.81541303001313,5018.956087221656,86.01046795877384,-2714.5232544251885,6149.69762471763
patient_275,929.0,37.16,143.76232132677964,2550.667256895297,4087.9845483061135,357.4686449619361,7582.131135183431,5033.254833020133,609.014430096899,13075.09905345313,6174.058201921505
patient_275,930.0,37.2,244.51877680784216,2518.911387026563,4097.765299378428,219.4944415938941,-3449.35508420105,5042.034610683889,375.4729779638265,-5838.536303326812,6189.077121040059
patient_275,931.0,37.24,465.27267367011893,5518.8474215569195,4116.3762063252325,408.4373524793725,4723.57277213696,5058.372104783064,277.1465407741127,-2458.160929742846,6200.162982671023
patient_275,932.0,37.28,457.55467691513473,-192.94991887460498,4134.678393401838,730.744433987449,8057.677037701913,5087.601882142562,966.9138885271461,17244.183693825835,6238.839538212109
patient_275,933.0,37.32,437.73945700174716,-495.3804978346895,4152.187971681908,494.988437429671,-5893.89991394445,5107.401419639748,743.6518270744264,-5581.551536317994,6268.585611295085
patient_275,934.0,37.36,415.3325846401379,-560.1718090402314,4168.801275067513,445.9181468881389,-1226.7572635383033,5125.2381455152745,346.8195370572566,-9920.807250429245,6282.458392777376
patient_275,935.0,37.4,493.9438164551364,1965.280795374963,4188.559027725719,813.6397075053593,9193.03901543051,5157.783733815489,672.6796708529872,8146.503344893265,6309.3655796114945
patient_275,936.0,37.44,375.07693937759905,-2971.6719269384344,4203.562105300823,391.37592302844286,-10556.59461192291,5173.438770736627,519.5403205561666,-3828.483757420514,6330.147192433742
patient_275,937.0,37.48,326.9447194603918,-1203.305497930181,4216.639894079239,444.7003838930442,1333.1115216150338,5191.226786092348,291.5335935433927,-5700.168175319348,6341.8085361754775
patient_275,938.0,37.52,151.61142170310214,-4383.332443932241,4222.704350947362,172.78091288546386,-6797.986775189509,5198.138022607766,259.25161426439996,-807.0494819748192,6352.178600746053
patient_275,939.0,37.56,82.07708091612093,-1738.35851967453,4225.987434184007,53.76271501283401,-2975.4549468157466,5200.28853120828,611.4169877772061,8804.134337820155,6376.635280257141
patient_275,940.0,37.6,142.8498073482145,1519.3181608023394,4231.7014264779355,55.02385867738037,31.528591613658996,5202.489485555375,274.81744191981875,-8414.988646434686,6387.627977933934
patient_275,941.0,37.64,94.2951292582617,-1213.8669522488203,4235.473231648266,201.63339108374944,3665.2383101592272,5210.554821198725,216.209960989863,-1465.1870232488939,6396.276376373528
patient_275,942.0,37.68,177.9062445847755,2090.277883162845,4242.589481431657,721.5619693079569,12998.214455605188,5239.417299971044,118.40331282166869,-2445.1662042048574,6401.012508886395
patient_275,943.0,37.72,208.16944373306936,756.5799787073466,4250.91625918098,112.56426136718281,-15224.942698519353,5243.919870425731,438.8413001877474,8010.949684151967,6418.566160893904
patient_275,944.0,37.76,321.4172425740659,2831.1949710249132,4263.772948883943,203.81268103640565,2281.210491730571,5252.0723776671875,416.71911702293556,-553.0545791202953,6435.234925574822
patient_275,945.0,37.8,485.1700156685788,4093.819327362823,4283.179749510687,727.3161636730682,13087.587065916563,5281.1650242141095,537.5588434357371,3020.993160320039,6456.737279312252
patient_275,946.0,37.84,526.9964876048974,1045.6617984079658,4304.259609014882,510.5537627213919,-5419.060023791909,5301.587174722966,559.9664615142681,560.190451963274,6479.135937772823
patient_275,947.0,37.88,332.8778673866978,-4852.96550545499,4317.57472371035,385.6748250559767,-3121.9734416353785,5317.014167725205,758.927223111206,4974.019039923448,6509.4930266972715
patient_275,948.0,37.92,436.9194055105661,2601.038453096707,4335.0514999307725,473.1443049546685,2186.736997467294,5335.939939923393,558.1647783126757,-5019.061119963257,6531.819617829778
patient_275,949.0,37.96,205.2642222989522,-5791.379580290347,4343.26206882273,254.63288054201305,-5462.785610316386,5346.125255145073,383.7302597428102,-4360.8629642466385,6547.168828219491
patient_275,950.0,38.0,145.94143537992707,-1483.0696729756282,4349.099726237927,109.9312954385464,-3617.539627586666,5350.522506962615,133.571581776383,-6253.966949160679,6552.511691490546
patient_275,951.0,38.04,129.38274253215437,-413.9673211943176,4354.275035939213,120.98877035601495,276.4368729367138,5355.362057776856,74.39351665140074,-1479.4516281245565,6555.487432156602
patient_275,952.0,38.08,55.80103675075776,-1839.542644534915,4356.507077409243,113.64798938110525,-183.51952437274264,5359.907977352101,128.99369330871056,1365.0044164327455,6560.647179888951
patient_275,953.0,38.12,95.52693755922279,993.1475202116256,4360.328154911612,114.46390627695182,20.397922396164248,5364.486533603178,232.5806897982806,2589.6749122392507,6569.950407480882
patient_275,954.0,38.16,186.819403315367,2282.3116439036053,4367.800931044227,94.51864994758513,-498.6314082341671,5368.267279601082,263.7582737721343,779.4395993463432,6580.500738431767
patient_275,955.0,38.2,212.93549819997926,652.9023721153067,4376.318350972226,385.6334133861519,7277.86908596417,5383.692616136528,340.7858910455097,1925.6904318343843,6594.132174073587
patient_275,956.0,38.24,367.0697568802896,3853.356467007759,4391.001141247438,300.5663551972943,-2126.6764547214407,5395.715270344419,233.7420612990745,-2676.0957436608796,6603.48185652555
patient_275,957.0,38.28,319.3088653496039,-1194.0222882671435,4403.773495861422,229.42514368758683,-1778.5302877426866,5404.892276091922,746.2228245499691,12812.019081272365,6633.330769507548
patient_275,958.0,38.32,442.4590464217595,3078.754526803891,4421.471857718292,721.8616549973299,12310.912782743577,5433.766742291816,489.0792412186612,-6428.589583282698,6652.893939156294
patient_275,959.0,38.36,51.52309894033797,-9773.39868703554,4423.532781675905,175.21301204736588,-13666.216073749101,5440.775262773711,271.97744677543784,-5427.544861080584,6663.773037027313
patient_275,960.0,38.4,573.318052704656,13044.873844107951,4446.465503784091,1242.482294980086,26681.732073318,5490.474554572915,1239.361899242866,24184.611311685705,6713.347512997027
patient_275,961.0,38.44,344.23087227840216,-5727.179510656346,4460.234738675228,328.2250839875005,-22856.430274814637,5503.603557932414,385.6679059017554,-21342.349833527765,6728.774229233098
patient_275,962.0,38.48,194.94144284104664,-3732.235735933888,4468.0323963888695,217.88227523532814,-2758.570218804309,5512.318848941827,330.75223160485785,-1372.891857422438,6742.004318497292
patient_275,963.0,38.52,133.9188066926717,-1525.5659037093735,4473.389148656577,153.49272789099686,-1609.738683608282,5518.458558057467,77.6436536055351,-6327.714449983068,6745.110064641513
patient_275,964.0,38.56,54.543994344395074,-1984.3703087069155,4475.570908430353,407.3239243325758,6345.7799110394735,5534.751515030769,159.22897960117126,2039.633149890904,6751.47922382556
patient_275,965.0,38.6,63.2256138025692,217.04048645435313,4478.099932982455,58.199705311978164,-8728.105475514942,5537.079503243248,99.36994060360038,-1496.475974939272,6755.454021449704
patient_275,966.0,38.64,128.95534279390307,1643.2432247833467,4483.258146694212,245.34980397948004,4678.752466687547,5546.893495402427,192.701676921046,2333.2934079361403,6763.162088526546
patient_275,967.0,38.68,211.31209652471884,2058.918843270394,4491.710630555201,142.73222182610388,-2565.4395538344043,5552.602784275471,234.2981357478798,1039.9114706708453,6772.5340139564605
patient_275,968.0,38.72,234.72476260057113,585.3166518963071,4501.099621059224,179.01968061098057,907.1864696219172,5559.76357149991,505.6076039371537,6782.736704731849,6792.758318113946
patient_275,969.0,38.76,396.36776007336454,4041.0749368198353,4516.954331462158,288.27514990204264,2731.386732276552,5571.294577495992,359.9876790332602,-3640.498122597339,6807.157825275277
patient_275,970.0,38.8,17.952766769615465,-9460.374832593727,4517.672442132943,46.89726151875831,-6034.447209582108,5573.170467956741,41.9840620561393,-7950.090424428022,6808.837187757523
patient_275,971.0,38.84,337.07781917480736,7978.126310129798,4531.155554899935,720.1390781301629,16831.045415285116,5601.976031081947,652.8370242893571,15271.324055830444,6834.950668729097
patient_275,972.0,38.88,614.6473933203158,6939.239353637711,4555.741450632747,1202.1355488328904,12049.911767568188,5650.061453035263,1374.185814439729,18033.7197537593,6889.9181013066855
patient_275,973.0,38.92,388.9370954439066,-5642.757446910229,4571.298934450503,225.2114508830601,-24423.102448745758,5659.069911070586,445.6017308381187,-23214.602090040255,6907.742170540211
patient_275,974.0,38.96,307.9282249826613,-2025.2217615311338,4583.61606344981,247.34547571970776,553.3506209161914,5668.9637300993745,266.28339492913136,-4482.958397724684,6918.3935063373765
patient_275,975.0,39.0,204.47483599436944,-2586.3347247072957,4591.795056889585,156.19806797837944,-2278.685193533208,5675.21165281851,110.6371788711621,-3891.1554014492312,6922.818993492223
patient_275,976.0,39.04,97.31348064206514,-2679.0338838076073,4595.687596115267,131.06104403946216,-628.425598472932,5680.454094580088,93.3725264471703,-431.61631059979516,6926.55389455011
patient_275,977.0,39.08,96.4334371184466,-22.001088090463483,4599.544933600006,66.72116787395295,-1608.4969041377303,5683.122941295046,4.611708034504332,-2219.0204603166494,6926.73836287149
patient_275,978.0,39.12,193.90938552406087,2436.8987101403563,4607.301309020968,236.03952606515386,4232.958954780022,5692.564522337651,222.43115098766714,5445.486073829071,6935.635608910996
patient_275,979.0,39.16,323.27815833060237,3234.2193201635373,4620.232435354193,330.53256585517664,2362.3259947505694,5705.785824971859,441.91100912358644,5486.996453397983,6953.312049275939
patient_275,980.0,39.2,447.23678305512834,3098.9656181131495,4638.121906676397,488.3189937635276,3944.660697708774,5725.3185847224,611.4776122607362,4239.165078428745,6977.771153766368
patient_275,981.0,39.24,23.074031807117414,-10604.068781200272,4639.044867948682,88.48940074604184,-9995.739825437144,5728.858160752242,103.82099114539216,-12691.415527883602,6981.923993412184
patient_275,982.0,39.28,372.78070985128164,8742.666951104105,4653.956096342733,540.906724221025,11310.433086874578,5750.494429721082,632.4218118730681,13215.020518191897,7007.220865887107
patient_275,983.0,39.32,359.8103192092623,-324.2597660504842,4668.348509111104,412.10862872880284,-3219.952387305554,5766.978774870235,519.3799124888897,-2826.0474846044617,7027.996062386662
patient_275,984.0,39.36,603.8525808110935,6101.056540045781,4692.502612343548,1175.7452214760372,19090.91481868086,5814.008583729276,975.5034344018782,11403.088047824713,7067.016199762737
patient_275,985.0,39.4,368.26815475237487,-5889.610651467966,4707.233338533642,316.75402786288697,-21474.779840328756,5826.678744843792,549.4775330348716,-10650.647534175165,7088.995301084132
patient_275,986.0,39.44,218.7443057310818,-3738.096225532327,4715.983110762886,636.5884443847613,7995.8604130468575,5852.142282619183,282.79008537793567,-6667.186191423399,7100.306904499249
patient_275,987.0,39.48,186.4672499451814,-806.9263946475097,4723.441800760694,254.62767409059092,-9549.019257354259,5862.327389582806,208.88267889897432,-1847.6851619740337,7108.662211655208
patient_275,988.0,39.52,65.46995948557975,-3024.9322614900416,4726.060599140117,476.0046876593059,5534.425339217874,5881.367577089179,43.04057317240952,-4146.05264316412,7110.383834582105
patient_275,989.0,39.56,90.32963828323578,621.4919699414007,4729.673784671446,88.08779039173434,-9697.922431689289,5884.891088704848,102.27404911707933,1480.8368986167452,7114.474796546789
patient_275,990.0,39.6,183.19771474573562,2321.701911562496,4737.001693261275,111.74219701071706,591.360165474568,5889.360776585277,377.75012469638915,6886.901889482746,7129.584801534644
patient_275,991.0,39.64,48.83668652910001,-3359.0257054158906,4738.955160722439,55.54830281978585,-1404.8473547732804,5891.582708698068,20.29383139041861,-8936.407332649263,7130.39655479026
patient_275,992.0,39.68,339.59100424992727,7268.857943020682,4752.538800892437,192.61284974558987,3426.6136731451006,5899.287222687891,29.22784522770859,223.35034593224944,7131.565668599368
patient_275,993.0,39.72,359.06230708443564,486.78257086270946,4766.901293175814,281.89401960185916,2232.029246406732,5910.562983471966,729.0125654423872,17494.618005366967,7160.726171217064
patient_275,994.0,39.76,516.2876532107936,3930.633653158948,4787.552799304246,463.70294114994687,4545.223038702193,5929.111101117963,654.7241277784595,-1857.2109415981913,7186.915136328203
patient_275,995.0,39.8,479.215014515908,-926.8159673721385,4806.721399884882,642.7119991174786,4475.226449188294,5954.819581082662,356.0214703828265,-7467.566434890826,7201.155995143516
patient_275,996.0,39.84,1210.9630664831484,18293.701299181008,4855.159922544208,1634.310268040487,24789.95672307521,6020.191991804281,1286.0202977158867,23249.970683326508,7252.596807052151
