frame,time_s,WRIST_x,WRIST_y,WRIST_speed_px_s,WRIST_speed_mm_s,WRIST_accel_mm_s2,THUMB_CMC_x,THUMB_CMC_y,THUMB_CMC_speed_px_s,THUMB_CMC_speed_mm_s,THUMB_CMC_accel_mm_s2,THUMB_MCP_x,THUMB_MCP_y,THUMB_MCP_speed_px_s,THUMB_MCP_speed_mm_s,THUMB_MCP_accel_mm_s2,THUMB_IP_x,THUMB_IP_y,THUMB_IP_speed_px_s,THUMB_IP_speed_mm_s,THUMB_IP_accel_mm_s2,THUMB_TIP_x,THUMB_TIP_y,THUMB_TIP_speed_px_s,THUMB_TIP_speed_mm_s,THUMB_TIP_accel_mm_s2,INDEX_FINGER_MCP_x,INDEX_FINGER_MCP_y,INDEX_FINGER_MCP_speed_px_s,INDEX_FINGER_MCP_speed_mm_s,INDEX_FINGER_MCP_accel_mm_s2,INDEX_FINGER_PIP_x,INDEX_FINGER_PIP_y,INDEX_FINGER_PIP_speed_px_s,INDEX_FINGER_PIP_speed_mm_s,INDEX_FINGER_PIP_accel_mm_s2,INDEX_FINGER_DIP_x,INDEX_FINGER_DIP_y,INDEX_FINGER_DIP_speed_px_s,INDEX_FINGER_DIP_speed_mm_s,INDEX_FINGER_DIP_accel_mm_s2,INDEX_FINGER_TIP_x,INDEX_FINGER_TIP_y,INDEX_FINGER_TIP_speed_px_s,INDEX_FINGER_TIP_speed_mm_s,INDEX_FINGER_TIP_accel_mm_s2,MIDDLE_FINGER_MCP_x,MIDDLE_FINGER_MCP_y,MIDDLE_FINGER_MCP_speed_px_s,MIDDLE_FINGER_MCP_speed_mm_s,MIDDLE_FINGER_MCP_accel_mm_s2,MIDDLE_FINGER_PIP_x,MIDDLE_FINGER_PIP_y,MIDDLE_FINGER_PIP_speed_px_s,MIDDLE_FINGER_PIP_speed_mm_s,MIDDLE_FINGER_PIP_accel_mm_s2,MIDDLE_FINGER_DIP_x,MIDDLE_FINGER_DIP_y,MIDDLE_FINGER_DIP_speed_px_s,MIDDLE_FINGER_DIP_speed_mm_s,MIDDLE_FINGER_DIP_accel_mm_s2,MIDDLE_FINGER_TIP_x,MIDDLE_FINGER_TIP_y,MIDDLE_FINGER_TIP_speed_px_s,MIDDLE_FINGER_TIP_speed_mm_s,MIDDLE_FINGER_TIP_accel_mm_s2,RING_FINGER_MCP_x,RING_FINGER_MCP_y,RING_FINGER_MCP_speed_px_s,RING_FINGER_MCP_speed_mm_s,RING_FINGER_MCP_accel_mm_s2,RING_FINGER_PIP_x,RING_FINGER_PIP_y,RING_FINGER_PIP_speed_px_s,RING_FINGER_PIP_speed_mm_s,RING_FINGER_PIP_accel_mm_s2,RING_FINGER_DIP_x,RING_FINGER_DIP_y,RING_FINGER_DIP_speed_px_s,RING_FINGER_DIP_speed_mm_s,RING_FINGER_DIP_accel_mm_s2,RING_FINGER_TIP_x,RING_FINGER_TIP_y,RING_FINGER_TIP_speed_px_s,RING_FINGER_TIP_speed_mm_s,RING_FINGER_TIP_accel_mm_s2,PINKY_MCP_x,PINKY_MCP_y,PINKY_MCP_speed_px_s,PINKY_MCP_speed_mm_s,PINKY_MCP_accel_mm_s2,PINKY_PIP_x,PINKY_PIP_y,PINKY_PIP_speed_px_s,PINKY_PIP_speed_mm_s,PINKY_PIP_accel_mm_s2,PINKY_DIP_x,PINKY_DIP_y,PINKY_DIP_speed_px_s,PINKY_DIP_speed_mm_s,PINKY_DIP_accel_mm_s2,PINKY_TIP_x,PINKY_TIP_y,PINKY_TIP_speed_px_s,PINKY_TIP_speed_mm_s,PINKY_TIP_accel_mm_s2,WRIST_path_mm,THUMB_CMC_path_mm,THUMB_MCP_path_mm,THUMB_IP_path_mm,THUMB_TIP_path_mm,INDEX_FINGER_MCP_path_mm,INDEX_FINGER_PIP_path_mm,INDEX_FINGER_DIP_path_mm,INDEX_FINGER_TIP_path_mm,MIDDLE_FINGER_MCP_path_mm,MIDDLE_FINGER_PIP_path_mm,MIDDLE_FINGER_DIP_path_mm,MIDDLE_FINGER_TIP_path_mm,RING_FINGER_MCP_path_mm,RING_FINGER_PIP_path_mm,RING_FINGER_DIP_path_mm,RING_FINGER_TIP_path_mm,PINKY_MCP_path_mm,PINKY_PIP_path_mm,PINKY_DIP_path_mm,PINKY_TIP_path_mm
0,0.0,467.1736526489258,290.19232749938965,,,,484.0409851074219,267.1036148071289,,,,486.1751937866211,240.28512954711914,,,,476.8964385986328,220.55405616760254,,,,465.56514739990234,208.3987283706665,,,,481.2733459472656,230.12939929962158,,,,464.89837646484375,202.6718044281006,,,,452.0619583129883,192.3609209060669,,,,442.7104187011719,189.09905433654785,,,,463.16429138183594,234.05705451965332,,,,446.6025161743164,207.85380363464355,,,,440.8951950073242,203.57000827789307,,,,439.1994857788086,204.88916873931885,,,,445.37109375,240.33279418945312,,,,431.59423828125,212.88861751556396,,,,426.8209457397461,205.49624919891357,,,,425.6262969970703,203.86058807373047,,,,429.69295501708984,247.67005920410156,,,,417.68707275390625,224.08830642700195,,,,413.897705078125,213.80134105682373,,,,413.0945587158203,208.0837869644165,,,,0.0,0.0,0.0,0.0,0.0,0.0,0.0,0.0,0.0,0.0,0.0,0.0,0.0,0.0,0.0,0.0,0.0,0.0,0.0,0.0,0.0
1,0.04,467.60231018066406,290.7230758666992,17.05581112329699,17.791679080641025,,484.44286346435547,267.01045989990234,10.313342405351502,10.758308531814363,,487.5731658935547,239.45481777191162,40.64898258115304,42.402770985812865,,476.04488372802734,219.0113353729248,44.05346998239041,45.95414399522457,,462.25841522216797,208.87611865997314,83.52536734275776,87.12904476440617,,483.19801330566406,231.08252048492432,53.6934844415346,56.01007404451784,,467.176513671875,204.44369316101074,72.15217779056509,75.26516229214319,,455.06507873535156,191.7482042312622,76.62471041869884,79.93066102581288,,444.98355865478516,185.32527923583984,110.13782206693554,114.88968602490424,,463.76708984375,233.94999504089355,15.305793790225977,15.96615776415379,,446.34666442871094,206.28135681152344,39.82813960686209,41.546512982683645,,446.05079650878906,208.87187004089355,184.8816597784127,192.85832464342656,,448.61949920654297,217.60276794433594,395.5788936202448,412.6460287047281,,444.8158264160156,239.57294940948486,23.527721705404396,24.542818342389673,,430.2496337890625,208.84357452392578,106.56668699871688,111.16447538390557,,431.0433578491211,209.1848373413086,140.1660767304579,146.2135009090525,,434.1481399536133,215.51949977874756,361.0332650197949,376.60993911302955,,427.63282775878906,246.9440746307373,54.607565416551815,56.96359277450727,,415.95130920410156,220.81180572509766,92.69685792412923,96.69623661094323,,415.4710388183594,212.3792839050293,53.01901546337871,55.30650530056017,,416.86580657958984,209.33082103729248,99.30195248867183,103.58630603889969,,0.7116671632256409,0.4303323412725745,1.6961108394325146,1.838165759808983,3.485161790576247,2.2404029617807137,3.0106064916857274,3.197226441032515,4.5955874409961694,0.6386463105661516,1.6618605193073457,7.714332985737062,16.505841148189123,0.9817127336955869,4.446579015356223,5.8485400363621,15.064397564521181,2.2785437109802906,3.8678494644377293,2.212260212022407,4.143452241555988
2,0.08,468.34129333496094,289.97440338134766,26.298842567889807,27.43349839991361,241.04548298181464,484.37583923339844,265.79466819763184,30.440943961681775,31.754309540766403,524.9000252238011,487.56736755371094,238.0279541015625,35.67188629112488,37.210939339373255,-129.79579116099023,476.88018798828125,217.77327060699463,37.33746084561109,38.94837461841567,-175.1442344202225,463.7550354003906,206.95598602294922,60.862454054345314,63.48834674394838,-591.017450511445,483.0479431152344,229.45557117462158,40.8463976406591,42.60870346003098,-335.03426461217157,466.1842727661133,201.83634281158447,69.74425540734576,72.75335080551075,-62.795287165810976,453.9541244506836,190.355544090271,44.537355745821515,46.45890686768026,-836.7938539533154,444.4205856323242,185.91763973236084,20.4302101961991,21.311665609635934,-2339.4505103817073,464.58595275878906,233.27091693878174,26.59515395699536,27.74259405680113,294.4109073161835,446.4986038208008,206.0450792312622,7.022849929103457,7.325848724921739,-855.5166064440476,443.07701110839844,204.5505952835083,131.14118140479226,136.79922912743692,-1401.477387899741,443.1892776489258,208.43125820159912,266.46282236684397,277.9592825108815,-3367.168654846165,446.3264465332031,239.52199459075928,37.7869813229614,39.41728952462432,371.86177955586624,431.25537872314453,209.52406883239746,30.35822969449572,31.668026590836536,-1987.411219826726,428.5771179199219,205.72598934173584,106.20136790704784,110.78339470741233,-885.7526550410043,428.81053924560547,207.69697666168213,236.75125294698617,246.96581616214579,-3241.1030737720944,429.3048095703125,247.61527061462402,45.04183629451385,46.98515308135343,-249.46099232884595,417.1788024902344,221.95597171783447,41.951278186997435,43.76125375276048,-1323.3745714545687,414.43004608154297,212.27551460266113,26.15379927250637,27.28219725418646,-700.6077011593427,413.8322448730469,207.66082763671875,86.57141049938087,90.30650855763474,-331.99493703162375,1.8090070992221854,1.7005047229032306,3.1845484130074446,3.3961007445456097,6.024695660334182,3.944751100181953,5.920740523906158,5.0555827157397255,5.448054065381607,1.7483500728381969,1.9548944683042153,13.18630215083454,27.624212448624384,2.5584043146805597,5.713300078989684,10.279875824658593,24.943030211007013,4.157949834234428,5.618299614548148,3.303548102189865,7.755712583861378
3,0.12,469.1941833496094,290.32376289367676,23.04172093645893,24.035849213128405,-84.94122966963013,485.8675003051758,265.3001403808594,39.28748619644739,40.982533239802144,230.70559247589352,487.9521179199219,238.79785537719727,21.517156214917925,22.44550759482365,-369.13579361374013,477.00435638427734,219.2941188812256,38.14771670588165,39.793588729602185,21.130352779662864,464.3836212158203,208.4058380126953,39.50625677922828,41.21074261506931,-556.9401032219768,484.26239013671875,228.86146545410156,33.79943763536312,35.25770443676658,-183.77497558161,467.45792388916016,201.53992652893066,32.69221807117166,34.102714209946235,-966.2659148891129,455.5750274658203,189.2962646484375,48.40841559307114,50.49698245413805,100.95188966144465,446.08325958251953,183.63676071166992,70.56421619563118,73.60868856097855,1307.4255737835654,465.5467987060547,232.6494598388672,28.607624217712708,29.84189175534973,52.482442463715,447.3714828491211,204.76069450378418,38.82301126796629,40.498018677064536,829.3042488035699,440.18898010253906,197.05445766448975,200.83077810384026,209.49556299074737,1817.4083465827614,436.3872528076172,195.5479860305786,364.21683426083104,379.93086251315725,2549.2895000568938,447.09705352783203,238.9599895477295,23.84434954766414,24.873106999830682,-363.60456311984103,431.60037994384766,209.14368152618408,12.838427303775306,13.392337475929745,-456.89222787266976,426.8996047973633,200.80541610717773,129.96656116335728,135.5739302409659,619.7633883388391,425.2240753173828,198.7113618850708,241.87289588503157,252.3084308792417,133.56536792739817,430.14774322509766,247.04890251159668,25.388358238770735,26.483731492052364,-512.5355397325267,417.00679779052734,221.99761390686035,4.424342368376134,4.615229319320409,-978.6506108360019,413.1309509277344,210.94289302825928,46.52639357941263,48.533761153922256,531.2890974933949,412.0530700683594,204.38647270202637,93.16270452808342,97.18218202968902,171.89183680135685,2.7704410677473215,3.339806052495317,4.082368716800391,4.987844293729697,7.673125364936954,5.355059277652616,7.2848490923040075,7.0754620139052475,8.39240160782075,2.942025743052186,3.5748152153867965,21.566124670464433,42.821446949150676,3.5533285946737876,6.248993578026874,15.702833034297228,35.03536744617668,5.217299093916522,5.802908787320964,5.244898548346755,11.642999865048937
4,0.16,468.85311126708984,289.919958114624,13.214302503822267,13.784429700993888,-256.2854878033629,486.2740707397461,264.4659233093262,23.20045313005931,24.201429860562204,-419.52758448099854,488.4847640991211,238.5798454284668,14.388369651410038,15.009151630546265,-185.9088991069346,478.39820861816406,219.22250747680664,34.8922649303704,36.397681444179405,-84.8976821355695,467.14534759521484,207.99598217010498,69.7993302544384,72.81080184069191,790.001480640565,484.1792678833008,228.95972728729248,3.217597791377211,3.3564201022704925,-797.5321083624023,468.8625717163086,201.0478162765503,37.20893725648029,38.81430591681145,117.78979267163035,457.3020935058594,188.61193656921387,46.442585701797675,48.446337410063,-51.266126101876175,447.62908935546875,182.8755283355713,43.0774333131412,44.93599651078743,-716.8173012547779,465.52722930908203,232.5516700744629,2.4932157096961767,2.6007847686080776,-681.0276746685414,448.4717559814453,203.33932399749756,44.93672691863551,46.875508792349805,159.43725288213173,441.1023712158203,194.25323009490967,73.65951747057484,76.83753569956313,-3316.4506822796056,436.49925231933594,192.1319818496704,85.4459933766922,89.13253564400502,-7269.958171728806,446.87183380126953,238.5798454284668,11.046308111844926,11.522897828258534,-333.7552292893037,431.9763946533203,208.59643936157227,16.599342013857665,17.315515745654434,98.07945674311722,425.4092025756836,196.5924882888794,111.71968152640943,116.53979434576816,-475.8533973799434,421.4112091064453,190.86198806762695,218.16080374989727,227.57328749912728,-618.3785845028609,429.73533630371094,246.46788597106934,17.812560336284367,18.58107801597565,-197.56633690191788,416.3301086425781,222.13993549346924,17.287344304561188,18.033201692951486,335.44930934077695,411.5328598022461,210.28351306915283,43.21947749449618,45.08416914659297,-86.23980018323216,409.4466781616211,202.07043170928955,87.16838823345074,90.92924272055892,-156.3234827282525,3.321818255787077,4.307863246917805,4.682734782022242,6.443751551496873,10.585557438564631,5.4893160817434365,8.837421328976466,9.013315510307768,10.189841468252245,3.046057133796509,5.449835567080788,24.639626098446957,46.38674837491087,4.014244507804129,6.941614207853052,20.364424808127954,44.13829894614177,5.960542214555549,6.524236855039024,7.048265314210473,15.280169573871294
5,0.2,468.55159759521484,289.85873222351074,7.69167992338802,8.023535192706548,-144.0223627071835,486.4126968383789,264.4105052947998,3.7323209565395516,3.8933508470904377,-507.70197533679413,488.81629943847656,238.42539310455322,9.14368640114073,9.538188063123323,-136.77408918557353,479.04102325439453,218.7671184539795,19.694380839841966,20.544089111996453,-396.3398083045738,468.97472381591797,206.3957691192627,60.76234013021564,63.38391343399071,-235.6722101675299,484.27642822265625,228.9235782623291,2.5916794204570373,2.7034966672262213,-16.32308587610678,468.71742248535156,201.0580587387085,3.637754052853201,3.7947038821425636,-875.4900508667222,457.65453338623047,188.42358112335205,9.990359204684363,10.421390315895636,-950.6236773541841,448.5806655883789,182.0819091796875,30.977095284512053,32.31359295481804,-315.5600888992348,465.3851318359375,232.45562553405762,4.287791215745656,4.47278670734902,46.80004846852357,449.07360076904297,203.43937397003174,15.252605215227948,15.9106743837223,-774.1208602156876,442.05013275146484,193.6790370941162,27.70322105152525,28.898468380407223,-1198.4766829788978,437.568359375,190.6873369216919,44.93042443882494,46.86893439390044,-1056.5900312526144,446.59297943115234,238.46986770629883,7.493950022631102,7.81727429350435,-92.64058836885461,432.2652816772461,208.40861320495605,8.614463771105848,8.98613227828104,-208.23458668433483,425.6200408935547,195.36777019500732,31.068344075404447,32.40877864797083,-2103.275392444933,421.42642974853516,188.38098049163818,62.026356595700996,64.70246551832068,-4071.770549520165,429.3592071533203,246.23682975769043,11.035740559500642,11.511874341974696,-176.73009185002383,416.2028503417969,222.20716953277588,3.5981845386960414,3.753427152928586,-356.99436350057255,411.1665725708008,209.78968620300293,15.371062700154011,16.034242682014817,-726.2481616144538,408.7110900878906,200.72402000427246,38.35617855722146,40.01104460624051,-1272.9549528579603,3.6427596634953385,4.463597280801422,5.064262304547174,7.265515115976731,13.120913975924259,5.5974559484324855,8.989209484262169,9.430171122943593,11.482385186444967,3.22496860209047,6.08626254242968,25.79556483366325,48.26150575066689,4.326935479544303,7.301059498984293,21.660775954046784,46.726397566874596,6.421017188234536,6.674373941156167,7.689635021491066,16.880611358120913
6,0.24,468.8493347167969,290.42418479919434,15.976232521216547,16.665522377116897,216.04967961025872,486.41883850097656,264.4694995880127,1.4828280942071392,1.5468042764530896,-58.663664265933704,488.8665008544922,238.8517427444458,10.732375016931972,11.195420182246469,41.43080297807864,478.78101348876953,219.90407466888428,29.157701735894147,30.415702206357345,246.7903273590223,467.4010467529297,208.83409023284912,72.55114295936681,75.6813406958767,307.43568154714967,484.52220916748047,229.0654993057251,7.095326604414251,7.4014523850842355,117.44889294645036,469.5530319213867,202.1325445175171,34.02905760571491,35.4972312932422,792.5631852774909,458.1093215942383,189.58394050598145,31.157525284823116,32.50180755445497,552.0104309639834,448.4962463378906,183.15553665161133,26.923532438214643,28.085140331065478,-105.71131559381408,465.77110290527344,232.6288890838623,10.576918385547387,11.033256420197409,164.0117428212097,449.39517974853516,204.3674898147583,24.556211806838935,25.615682346925038,242.62519908006843,441.93756103515625,194.29319858551025,15.609827209646204,16.283308616084014,-315.37899410808024,437.061767578125,190.2737045288086,16.35021034083749,17.055635359834277,-745.3324758516541,447.14550018310547,238.6832571029663,14.807392915976086,15.446253530689761,190.72448092963526,433.14998626708984,209.3850803375244,32.94114327361825,34.36237921708061,634.4061734699892,426.4324188232422,196.6934108734131,38.86901970791967,40.546012137635486,203.43083724161647,422.0616149902344,189.6509027481079,35.497912163513725,37.029459149166165,-691.8251592288628,430.02716064453125,246.5207862854004,18.145129788216895,18.927996079152724,185.4030434294507,416.7428207397461,222.67730712890625,17.898976750723097,18.671222841213158,372.9448922071143,411.3547897338867,210.37287712097168,15.32027552137509,15.981264305336413,-1.3244594169600887,408.5289764404297,201.31997108459473,15.578893388347625,16.251040164158532,-594.0001110520494,4.309380558580014,4.5254694518595455,5.512079111837034,8.482143204231024,16.148167603759326,5.8935140438358555,10.409098735991856,10.730243425121792,12.605790799687586,3.666298858898366,7.110889836306682,26.446897178306607,48.943731165060264,4.944785620771893,8.675554667667518,23.282616439552204,48.20757593284124,7.178137031400646,7.421222854804694,8.328885593704523,17.530652964687256
7,0.28,468.4229278564453,290.16271591186523,12.504718849198374,13.044231268173982,-90.53227772357286,486.08245849609375,264.4182300567627,8.506617737075196,8.873633258813573,183.1707245590121,488.7908935546875,238.6125612258911,6.2711772520138815,6.541745351133976,-116.34187077781233,478.77540588378906,219.34454441070557,13.988958928632607,14.592508449541736,-395.5798439203902,467.7078628540039,208.24552059173584,16.59349161415783,17.30941293217928,-1459.2981940924353,483.88248443603516,229.04226779937744,16.003660419376686,16.6941336438807,232.31703146991163,468.9491653442383,202.64672756195068,19.827995457495962,20.683468493053,-370.34407000473004,457.4958038330078,190.19601345062256,21.66560253182002,22.60035858443256,-247.53622425056028,448.0449676513672,183.8134002685547,19.94425028999771,20.804739106129826,-182.0100306233913,465.1994323730469,232.65963077545166,14.312412642047292,14.929917478342194,97.41652645361962,448.0986022949219,205.33905029296875,40.50496000521739,42.25253459817404,415.921306281225,440.44742584228516,195.57044506072998,49.065399286909575,51.18231151632621,872.4750725060549,435.6407165527344,191.72388553619385,50.75930315558331,52.94929836948934,897.3415752413766,446.6965866088867,238.76392364501953,11.402589840817894,11.894551227698715,-88.79255757477615,432.0191955566406,209.96366500854492,31.755391789999205,33.125468834253496,-30.922759570677805,425.37792205810547,197.6904058456421,36.279836017525945,37.845118878012535,-67.52233149057378,421.17835998535156,190.94172477722168,39.10211722605253,40.789166579668965,93.99268576257,429.79835510253906,246.76634788513184,8.390935410794691,8.752959852570617,-254.37590566455265,416.95812225341797,222.84018516540527,6.749259059480983,7.040453857651681,-290.7692245890369,412.0405578613281,211.1834478378296,26.543629316208335,27.688846400533063,292.6895523799162,409.5358657836914,203.05638313293457,50.18062967416926,52.34565819082127,902.3654506665684,4.831149809306974,4.880414782212088,5.773748925882392,9.065843542212694,16.8405441210465,6.561279389591083,11.236437475713977,11.634257768499094,13.437980363932779,4.263495558032053,8.800991220233643,28.494189638959657,51.06170309983983,5.420567669879842,10.000573421037657,24.796421194672703,49.839142596028,7.528255425503471,7.70284100911076,9.436439449725846,19.624479292320107
8,0.32,468.4669876098633,290.15750885009766,1.1091594124334605,1.1570137692445217,-297.1804374732365,485.9988784790039,264.92237091064453,12.775553310166385,13.326750802348434,111.32793858837151,488.7366485595703,237.92617321014404,17.213204009866672,17.95586263703598,285.3529321475501,478.0672073364258,217.58161067962646,47.496582262989875,49.54580834306463,873.8324973380724,465.97583770751953,206.30435943603516,65.03853540620858,67.84460389817502,1263.3797741498934,484.0728759765625,229.41790580749512,10.528320493049634,10.982561785913234,-142.78929644918668,468.1723403930664,202.6369285583496,19.42216879680858,20.260132560383365,-10.583398316740844,456.26190185546875,189.82516765594482,32.21064161892939,33.60036028323179,275.0000424699807,446.59732818603516,183.19381713867188,39.366413956110726,41.06486631445527,506.50318020813614,465.1818084716797,232.9960012435913,8.420796196615205,8.784108973217753,-153.645212628111,447.3213577270508,206.12836360931396,27.69391437713578,28.888760172286926,-334.0943606471778,440.91148376464844,199.13987159729004,89.98665024326962,93.86909781636086,1067.1696575008664,437.87181854248047,198.07472705841064,168.28362243724496,175.5441698601817,3064.871787267309,446.54659271240234,238.99024486541748,6.787832118254992,7.08069113970791,-120.34650219977013,431.0282516479492,210.0125026702881,24.803665900642866,25.873812774866796,-181.29140148466752,425.16178131103516,199.1275978088379,36.33384752557449,37.90146069669911,1.4085454671644015,422.1988296508789,193.7389612197876,74.43911124990143,77.65076482333649,921.539956091688,429.64508056640625,246.72151565551758,3.9924156408522253,4.164667240102721,-114.7073153116974,416.7337417602539,222.22186088562012,16.444442843335786,17.153933495953137,252.8369909575364,412.55611419677734,210.94489574432373,14.201792059847932,14.81452420364086,-321.8580549223051,410.94261169433594,203.40542793273926,36.2350514814886,37.79840212633231,-363.6814016122239,4.8774303600767555,5.413484814306026,6.491983431363832,11.047675875935278,19.5543282769735,7.000581861027613,12.04684277812931,12.978272179828366,15.080575016510991,4.614859916960764,9.956541627125121,32.24895355161409,58.0834698942471,5.703795315468159,11.03552593203233,26.312479622540668,52.945173188961455,7.69484211510758,8.388998348948887,10.02902041787148,21.1364153773734
9,0.36,469.7336959838867,290.024356842041,31.842184697255547,33.216006395980564,801.4748156684011,486.6568374633789,264.5178508758545,19.309105424422114,20.14219110203036,170.38600749204815,489.2913818359375,237.71620273590088,14.82853263060302,15.468305312090237,-62.188933123643594,479.7789764404297,217.39624500274658,43.04440947721517,44.90154787116776,-116.10651179742177,468.4171676635742,205.58724403381348,63.61184271832537,66.35635697365066,-37.20617311310903,484.86175537109375,229.70392227172852,20.978204715379103,21.88330319126249,272.51853513373135,468.18702697753906,202.1650743484497,11.802067911062599,12.311264661857198,-198.7216974631542,456.3230895996094,189.7449016571045,2.523213551561626,2.6320768585429195,-774.2070856172217,446.88568115234375,183.52028846740723,10.889529422373787,11.359354968315396,-742.637783653497,466.0506820678711,234.27648067474365,38.6859866405364,40.3550821623627,789.2743297286236,447.4871826171875,205.9713649749756,5.708900144345387,5.955208962936973,-573.3387802337488,440.4528045654297,197.77141571044922,36.082008345791685,37.63875598953292,-1405.7585456706986,436.78043365478516,195.69796085357666,65.38414642294153,68.20512620063225,-2683.4760914887365,447.5819396972656,240.79805374145508,52.08236452573107,54.32944283353708,1181.2187923457293,432.03197479248047,210.7884120941162,31.716474276519463,33.08487223609451,180.2764865306929,426.23390197753906,199.98172760009766,34.26897671238367,35.74750163924376,-53.84897643638382,423.1752014160156,195.1047134399414,41.97157483502413,43.78242609370007,-846.7084682409105,431.0054016113281,248.5938549041748,57.858273000278714,60.35455118138573,1404.7470985320751,418.4566116333008,223.36040496826172,51.62704734179291,53.8544811235388,917.5136906896416,414.2916488647461,211.88499927520752,49.34492902328951,51.47390148101424,916.4844319343345,412.4822998046875,204.3136167526245,44.689529042904276,46.617645636934185,220.4810877650468,6.206070615915978,6.21917245838724,7.110715643847441,12.843737790781988,22.208582555919524,7.875913988678112,12.539293364603598,13.083555254170083,15.534949215243607,6.229063203455272,10.1947499856426,33.754503791195404,60.81167494227239,7.876973028809642,12.358920821476111,27.742379688110418,54.69647023270945,10.10902416236301,10.543177593890439,12.087976477112049,23.00112120285077
10,0.4,469.9400329589844,290.03050804138184,5.1607160686394415,5.383373646423883,-695.815818738917,487.1898651123047,264.85565185546875,15.77632673398061,16.456991713453146,-92.12998471443035,489.6134948730469,237.06988334655762,18.053489304648153,18.832401793858207,84.10241204419924,480.3346252441406,214.77383136749268,67.01585105140705,69.90723024565192,625.142059362104,469.4792175292969,201.00628852844238,117.56142878159285,122.63358206908975,1406.9306273859772,486.4952087402344,230.32021522521973,43.64621198970034,45.529314976153735,591.1502946222812,469.2551803588867,202.30032920837402,26.917066185061593,28.078395093320903,394.17826078659266,456.96292877197266,189.811749458313,16.08304221487922,16.77694034361584,353.62158712682304,447.38521575927734,183.9637041091919,16.698657410545184,17.419116075938188,151.49402769056982,467.74818420410156,234.89052772521973,45.12875526414236,47.07582214437666,168.018499550349,448.11004638671875,205.96827507019043,15.571785842234414,16.243625965057536,257.2104250530141,440.10231018066406,197.8201675415039,8.846717427364611,9.228406450267922,-710.2587384816248,435.9112548828125,195.6351613998413,21.78611239180469,22.72606780690229,-1136.976459843249,448.9242935180664,240.98230361938477,33.87349441059669,35.33495636979855,-474.8621615934633,432.61363983154297,210.35785675048828,18.0919892769242,18.872562836121006,-355.30773499933764,426.5187454223633,200.07285118103027,7.476600792694456,7.799176536141909,-698.7081275775463,423.41426849365234,195.66770553588867,15.291197788859936,15.950932022599318,-695.7873517775188,431.73084259033203,248.16081047058105,21.121554385932953,22.032837641214623,-958.0428385042776,419.2523193359375,222.36740112304688,31.812019983086486,33.184540234085624,-516.7485222363293,415.2908706665039,211.44307136535645,27.314653652086047,28.49313635473894,-574.5191281568824,413.6693572998047,204.39105033874512,29.739509252984792,31.02261163775004,-389.87584997960363,6.421405561772933,6.877452126925365,7.864011715601769,15.640027000608065,27.113925838683116,9.697086587724261,13.662429168336434,13.754632867914715,16.231713858281136,8.112096089230338,10.844495024244901,34.123640049206124,61.72071765454849,9.290371283601585,13.113823334920951,28.054346749556093,55.334507513613424,10.990337668011593,11.870559203253864,13.227701931301608,24.24202566836077
11,0.44,470.59024810791016,290.5272674560547,20.456503488479676,21.33909331828302,398.8929917964784,488.40423583984375,264.8884677886963,30.370350975266014,31.680670840702604,380.59197818123647,491.1224365234375,237.33871936798096,38.31756867530149,39.97076891231451,528.4591779614076,481.34387969970703,215.1954746246338,27.344761751261544,28.524543459003063,-1034.5671696662214,470.8080291748047,201.65762901306152,36.99649321338677,38.592696037926764,-2101.0221507790748,485.99510192871094,229.20747756958008,30.498892533280614,31.81475828645284,-342.8639172425224,468.8953399658203,201.9849443435669,11.9622510797403,12.478358886261516,-390.0009051764847,456.56497955322266,190.05927085876465,11.716186036454186,12.221677439013858,-113.88157261504959,447.1200942993164,184.691162109375,19.356596591379095,20.191731261425627,69.31537963718597,467.1739196777344,233.22629928588867,44.01303815718991,45.91196775081077,-29.09635983914729,448.0148696899414,206.43988609313965,12.027976777513722,12.546920299945247,-92.41764162780721,440.71006774902344,199.31639671325684,40.37380800332189,42.115724081709004,822.182940786027,437.33287811279297,197.80906677246094,64.93687885710914,67.7385614071467,1125.3123400061104,448.6436462402344,239.35358047485352,41.31814050818276,43.100799534904716,194.14607912765422,432.87498474121094,211.00948333740234,17.552036395078012,18.309313845907187,-14.081224755345456,426.8994903564453,200.74257373809814,19.259656803060157,20.090609034435204,307.2858124573324,423.9573669433594,195.65786361694336,13.579690475179904,14.165582228969635,-44.633744840742075,432.1828079223633,247.17490196228027,27.114205779650703,28.284040217769203,156.2800644138645,420.3809356689453,222.31690406799316,28.243636226824385,29.462199609589124,-93.05851561241249,415.8808898925781,211.53894424438477,14.94394308889054,15.588695120675567,-322.61103085158436,413.57093811035156,204.36610221862793,2.5382998185290937,2.6478140180640772,-709.369940492149,7.2749692945042534,8.14467896055347,9.462842472094348,16.781008738968186,28.65763368020019,10.969676919182374,14.161563523786894,14.24349996547527,17.03938310873816,9.948574799262769,11.346371836242714,35.80826901247448,64.43026011083435,11.014403264997773,13.846195888757238,28.857971110933505,55.901130802772215,12.12169927672236,13.049047187637427,13.85124973612863,24.347938229083333
12,0.48,470.3361511230469,288.46601486206055,51.921380073411136,54.16151275434332,820.5604859015075,486.91688537597656,262.49462127685547,70.45704597757772,73.49689451536996,1045.4055918666838,487.8685760498047,235.22765636444092,96.96711745092199,101.15073522977293,1529.4991579364605,480.13328552246094,213.01474571228027,62.35541702188298,65.04572315986269,913.0294925214906,474.01222229003906,197.22267150878906,136.78382027952443,142.68531799776076,2602.31554899585,485.8020782470703,228.934907913208,8.34986374323295,8.710116159984977,-577.6160531616965,467.91011810302734,200.6087350845337,42.31292683369621,44.138505624014144,791.5036684438156,455.40882110595703,189.17644500732422,36.36691352688578,37.93595332091719,642.8568970475833,445.6943893432617,184.450421333313,36.14718819439693,37.70674800354657,437.8754185530236,467.6020812988281,233.90234470367432,20.00562078339789,20.868757411427847,-626.080258484573,447.10620880126953,205.7211399078369,28.963993697878514,30.213636691982174,441.6679098009231,439.62581634521484,199.15821075439453,27.393246250696684,28.57511980791427,-338.51510684486834,436.4927291870117,198.1655788421631,22.816538318381827,23.800951157186994,-1098.4402562489927,449.0269470214844,240.37736892700195,27.329726074132104,28.508859072003624,-364.79851157252733,431.7955780029297,210.34069061279297,31.7451041022214,33.114737287210595,370.1355860325852,425.61676025390625,200.39122581481934,33.249453746943395,34.68399165514922,364.8345655178504,423.05870056152344,195.36479473114014,23.631158425742132,24.650717809621064,262.1283895162857,432.3048400878906,247.78613090515137,15.58229504170133,16.254588580846264,-300.73629092307345,420.0754928588867,222.1622371673584,8.559247936021256,8.928534172222468,-513.3416359341664,416.01558685302734,211.29023551940918,7.071036921539515,7.3761147309818424,-205.3145097423431,414.23667907714844,203.8738775253296,20.69867422632852,21.59171244143005,473.5974605841493,9.441429804677988,11.084554741168267,13.508871881285266,19.382837665362693,34.36504640011062,11.318081565581775,15.927103748747461,15.760938098311955,18.54765302888002,10.783325095719881,12.554917303922,36.95127380479105,65.38229815712184,12.154757627877919,15.170785380245661,30.245330777139475,56.88715951515705,12.771882819956211,13.406188554526326,14.146294325367903,25.211606726740538
13,0.52,470.56034088134766,287.37473487854004,27.851762176739854,29.053418268805416,-627.7023621384476,487.23548889160156,261.8928623199463,17.022449191968413,17.756877758592044,-1393.500418919448,487.8742218017578,235.5697774887085,8.554192619164441,8.92326074520588,-2305.686862114176,478.73477935791016,214.61442947387695,53.12019172006677,55.412046777102184,-240.84190956901264,470.1444625854492,200.29247760772705,123.44855866292492,128.7747104386249,-347.7651889783964,484.9193572998047,228.10312271118164,30.321845394982628,31.63007250141615,572.9989085357794,467.16156005859375,199.7689962387085,28.123616355676916,29.337001516380944,-370.03760269083,454.6240997314453,188.5257911682129,25.484530282676776,26.584052850522877,-283.7975117598579,445.15419006347656,184.02156829833984,17.24329919646467,17.98725627161324,-492.98729329833327,466.7503356933594,232.95491695404053,31.850136550055336,33.22430132913195,308.88859794260253,446.49269104003906,204.92805004119873,25.067354017594006,26.148877638112438,-101.6189763467434,439.0201187133789,197.88695812225342,35.204339895258045,36.72322079169242,203.70252459445373,436.0118103027344,196.55390739440918,42.04735298416341,43.86147366880891,501.51306279054796,448.58280181884766,239.51372623443604,24.278895946991195,25.326401775821406,-79.56143240455545,431.57703399658203,210.1313066482544,7.566502135910263,7.892956646384183,-630.5445160206602,425.87512969970703,200.1816701889038,8.316712499398848,8.67553461548049,-650.2114259917182,423.9432907104492,195.21104335784912,22.446313956380024,23.4147535739144,-30.8991058926666,432.5149154663086,247.1484375,16.78512257162199,17.509311750973144,31.368079253172,420.02208709716797,221.97777271270752,4.80099666829751,5.008134258294032,-98.00999784821092,416.2567901611328,211.05610370635986,8.403746996235583,8.766324190099379,34.75523647793841,415.1299285888672,203.34280014038086,25.980014903163635,27.1009150093125,137.73006419706127,10.603566535430204,11.794829851511949,13.8658023110935,21.59931953644678,39.516034817655616,12.583284465638421,17.1005838094027,16.824300212332872,19.267143279744552,12.112297148885158,13.600872409446497,38.42020263645875,67.1367571038742,13.167813698910775,15.486503646101028,30.592352161758694,57.82374965811363,13.472255289995138,13.606513924858087,14.496947292971878,26.29564332711304
14,0.56,470.81565856933594,287.2682762145996,6.915587869428686,7.213958875212077,-545.9864848398335,486.6598892211914,261.1901664733887,22.708704737192832,23.688465127835375,148.2896842310833,486.65382385253906,234.11733627319336,47.42729066018068,49.47352717442056,1013.756660730367,476.96521759033203,213.01619052886963,59.61185166670059,62.18378748390439,169.29351767005514,467.4485778808594,198.57361793518066,79.93072357652805,83.37931114953116,-1134.8849822273437,485.09090423583984,228.7199306488037,16.005475297078846,16.696026823947832,-373.35114193670796,466.94263458251953,199.61291313171387,6.72171389804249,7.011720268319848,-558.1320312015274,454.1593933105469,187.93121337890625,18.86588861478912,19.67985183342972,-172.60502542732894,444.3490982055664,182.91681289672852,34.17471101800491,35.649168879190505,441.5478151894316,466.7318344116211,234.43509578704834,37.00736138856641,38.60403311732982,134.49329470494683,446.29024505615234,204.7115707397461,7.409776664535982,7.729469300617048,-460.48520843738476,439.4564437866211,198.02613258361816,11.449593339830008,11.943582678858986,-619.4909528208358,436.9986343383789,197.35319137573242,31.747800712467587,33.11755024191318,-268.5980856723933,448.31417083740234,241.41534805297852,48.01255138599881,50.08403880221621,618.9409256598702,430.89168548583984,209.76426601409912,19.436135937629803,20.274702309389664,309.54364157513703,425.3660583496094,200.0034999847412,13.483746260349724,14.065498529193494,134.7490978428251,423.6086654663086,195.67535877227783,14.308276846205978,14.925603244805027,-212.22875822773432,431.99485778808594,248.99356842041016,47.92551579099052,49.993248082045476,812.0984082768082,419.0663146972656,222.37030506134033,25.8309712982579,26.945440961884607,548.4326675897644,415.52555084228516,211.2274932861328,18.776403567435583,19.586505980012323,270.5045447478236,414.4602584838867,203.8804292678833,21.46950057994463,22.395795871487845,-117.6279784456164,10.892124890438687,12.742368456625366,15.844743398070323,24.08667103580296,42.85120726363686,13.251125538596334,17.381052620135492,17.61149428567006,20.693110034912173,13.656458473578352,13.910051181471179,38.89794594361311,68.46145911355073,15.171175250999422,16.297491738476616,31.154972102926436,58.42077378790583,15.471985213276955,14.68433156333347,15.28040753217237,27.19147516197255
15,0.6,470.8295440673828,286.4918518066406,19.41371403690039,20.251313022344217,325.9338536783035,486.73892974853516,260.9732151031494,5.772526635466354,6.021580600314292,-441.6721131880271,487.3726272583008,234.3442440032959,18.844187666806786,19.6572146044257,-745.4078142498715,477.5543975830078,212.89867401123047,15.019637056356187,15.66765488211721,-1162.9033150446794,468.07342529296875,198.12729835510254,19.19693100440955,20.025176949640123,-1583.8533549972758,484.93419647216797,228.07019233703613,16.70922643656834,17.43014109948234,18.352856888362723,466.60438537597656,199.22873497009277,12.796615411738546,13.348721622101701,158.42503384454633,453.4797668457031,188.2512617111206,18.78035986524891,19.59063297113185,-2.2304715574467338,443.61595153808594,184.10914421081543,34.99248132268867,36.502221643285544,21.32631910237599,466.8183135986328,233.89367580413818,13.707074990690066,14.298462711956693,-607.6392601343281,445.86814880371094,204.91868019104004,11.75424314716707,12.261376512581528,113.297680299112,439.102783203125,198.4216833114624,13.264995915399489,13.837310264912235,47.343189651331215,436.74312591552734,197.83048152923584,13.53445706288696,14.118397234399712,-474.97882518783666,448.60912322998047,240.84589004516602,16.032765991660284,16.724494967524866,-833.9885958672837,430.98785400390625,210.34874439239502,14.808430001237728,15.447335360690165,-120.68417371748748,425.3409194946289,200.33703804016113,8.362101875539125,8.722882302912092,-133.56540565703506,423.35487365722656,195.70931911468506,6.401346890183849,6.6775311200793075,-206.201803118143,432.41050720214844,248.42817306518555,17.543452181655656,18.300359269120058,-792.3222203231354,418.81900787353516,222.91930675506592,15.053312027117471,15.702782749593203,-281.06645530728514,415.01293182373047,211.86108112335205,20.374797631757644,21.253862286390223,41.68390765944751,413.8787078857422,204.23203468322754,16.989472223660606,17.722478008680206,-116.83294657019098,11.702177411332457,12.983231680637937,16.63103198224735,24.713377231087648,43.65221434162247,13.948331182575627,17.915001485019562,18.395119604515333,22.1531989006436,14.22839698205662,14.40050624197444,39.4514383542096,69.02619500292671,15.840155049700417,16.91538515290422,31.50388739504292,58.687875032709,16.203999584041757,15.3124428733172,16.13056202362798,27.900374282319763
16,0.64,470.8646011352539,286.84521675109863,8.877491973367585,9.26050875501199,-274.77010668330564,486.82788848876953,261.14333152770996,4.799300428796319,5.006364835038173,-25.38039413190296,487.19905853271484,234.2636203765869,4.784497863232105,4.990923617133919,-366.65727468229454,477.15476989746094,212.00403213500977,24.49599933845387,25.55287202929101,247.130428679345,467.5251770019531,196.82457447052002,35.33470061482872,36.859205886189315,420.8507234137298,485.5621337890625,229.09502506256104,30.04774730798782,31.344148533029323,347.8501858386745,467.0513153076172,200.1214599609375,24.95876941421355,26.03560818393767,317.1721640458992,454.19979095458984,188.9150047302246,24.482002481254106,25.538271281801748,148.69095776674746,444.5650863647461,184.3178415298462,24.29520902037365,25.343418671959707,-278.97007428314595,467.3332214355469,235.03525257110596,31.3082217176666,32.65900574059614,459.0135757159862,446.9395446777344,205.76319694519043,34.10551336399986,35.57698571274412,582.8902300040647,439.8524856567383,198.72739791870117,20.240973142874843,21.114263979272398,181.92384285900408,437.0375442504883,197.61883735656738,9.064884575440221,9.455986355816831,-116.56027196457201,448.96984100341797,241.81689262390137,25.895985692579004,27.013260383137656,257.21913539031976,431.8518829345703,211.18505001068115,30.0619472943104,31.358961173587694,397.79064532243825,425.8745574951172,200.66977500915527,15.72186785381548,16.400183220911526,191.93252294998584,423.4788513183594,195.51208019256592,5.824176597312003,6.075458984581219,-15.051803387452223,432.66788482666016,248.98881912231445,15.422533088258477,16.087933744884282,-55.310638105894405,419.2023468017578,223.02216053009033,9.922437733732183,10.350538393044797,-133.80610891371015,415.3201675415039,211.8350601196289,7.708391487144029,8.04096777196843,-330.32236286054484,414.0574264526367,203.96235466003418,8.088094686884153,8.437053154647254,-232.13562135082378,12.072597761532936,13.183486274039465,16.83066892693271,25.73549211225929,45.12658257707004,15.2020971238968,18.956425812377066,19.416650455787405,23.166935647521985,15.534757211680466,15.823585670484203,40.2960089133805,69.40443445715938,16.920685465025926,18.16974359984773,32.15989472387938,58.93089339209225,16.847516933837127,15.726464409038993,16.452200734506718,28.237856408505653
17,0.68,470.41309356689453,285.373592376709,38.48325434185238,40.14360303824529,772.0773570808325,486.60003662109375,260.2639389038086,22.71078846847178,23.69063876108784,467.10684815124165,487.9228973388672,233.68284702301025,23.200758413206167,24.201748315060698,480.27061744816945,477.7935028076172,211.9746494293213,15.985209451048958,16.67488661394815,-221.9496353835715,466.41124725341797,198.50106239318848,50.320542770353704,52.49160779641301,390.8100477555923,485.1472473144531,228.16875457763672,25.373556585248892,26.468291225540277,-121.89643268722614,466.3990020751953,199.38712120056152,24.555625223449322,25.61507045556751,-10.513443209254003,453.11973571777344,188.6946201324463,27.557765302093795,28.74673698542339,80.21164259054103,443.3237838745117,184.59683418273926,31.806728578934084,33.17902053385648,195.89004654741933,466.9283676147461,234.19439792633057,23.33108374381347,24.337696493747806,-208.0327311712084,446.10469818115234,205.07838249206543,26.99466970607559,28.159346795437425,-185.44097293266734,438.86871337890625,198.27291011810303,27.092054364741358,28.260933086575022,178.6667276825656,436.1872100830078,197.2514247894287,23.15788460325299,24.157024727179884,367.5259592840763,448.6322784423828,241.0026741027832,22.035486759209334,22.986201358084795,-100.67647562632152,431.37683868408203,210.597825050354,18.882865810589934,19.697561505352898,-291.5349917058699,425.7052230834961,200.65195083618164,4.256747885802611,4.440404022060796,-298.9944799712682,423.7960433959961,196.10126495361328,16.728521616649527,17.450268764436295,284.3702444963769,432.35721588134766,248.2462978363037,20.122329850203535,20.990501856614088,122.56420279324516,418.7399673461914,222.7531099319458,13.374018311913035,13.95103640067613,90.01245019078334,415.1695251464844,211.7420196533203,4.426458767184911,4.617437029533674,-85.58826856086893,414.4368362426758,204.0676975250244,9.844062550017023,10.268781735066701,45.793214510486195,13.67834188306275,14.131111824482979,17.798738859535135,26.402487576817215,47.22624688892656,16.260828772918412,19.981028630599766,20.56651993520434,24.494096468876247,16.50826507143038,16.949959542301702,41.426446236843496,70.37071544624659,17.840133519349315,18.957646060061844,32.33751088476181,59.6289041426697,17.68713700810169,16.284505865066038,16.636898215688067,28.64860767790832
18,0.72,470.2490997314453,286.12226486206055,19.16057913379432,19.987256688252867,-503.90865874981057,486.63734436035156,261.0819625854492,20.471849744426667,21.355101683931796,-58.3884269289011,487.95291900634766,233.61996173858643,1.7420999388980234,1.817262328669976,-559.6121496597681,476.5816116333008,211.45368576049805,32.97805484920778,34.40088333174875,443.14991794501503,463.2590103149414,199.11596775054932,80.29129122610043,83.75543538435517,781.595689698554,485.4243850708008,228.61424446105957,13.116463229123513,13.682369179548195,-319.6480511498021,467.1878433227539,200.1423454284668,27.301947598396197,28.479882102097598,71.62029116325223,453.6676788330078,189.63953018188477,27.30724101615009,28.48540390280448,-6.533327065472694,443.9279556274414,185.86830139160156,35.19279374256034,36.71117648363057,88.30389874435215,467.120361328125,234.04061794281006,6.149688473237347,6.415014974708861,-448.0670379759737,446.9877243041992,205.45198917388916,23.970256135032916,25.004445789901133,-78.8725251384073,439.7829055786133,199.01551723480225,29.44499859672169,30.715394405794125,61.36153298047758,437.1194076538086,198.20553302764893,33.34774018999038,34.78651863789009,265.7373477677551,448.68003845214844,240.74535369873047,6.542878231074756,6.825168789069691,-404.02581422537764,431.86962127685547,210.76988697052002,13.048946032911237,13.61193897375208,-152.14056329002042,425.63316345214844,200.56583404541016,2.807210818002869,2.9283271035635248,-37.801922962431775,423.07579040527344,195.39838314056396,25.159580851044904,26.245083571182413,219.87037016865293,432.3269271850586,248.19517135620117,1.485623204787807,1.549719981258135,-486.0195468838988,419.2779541015625,222.74604320526123,13.450829146858185,14.031161216516375,2.0031203960061195,415.3656768798828,211.81918144226074,5.269573286074684,5.496927476506695,21.987261174325525,413.94386291503906,203.97587299346924,12.536308426839296,13.077183768856438,70.2100508447434,14.477832150592862,14.985315891840251,17.871429352681936,27.77852291008717,50.57646430430077,16.80812354010034,21.12022391468367,21.70593609131652,25.962543528221467,16.764865670418732,17.950137373897746,42.65506201307526,71.7621761917622,18.1131402709121,19.50212361901193,32.45464396890436,60.678707485516995,17.749125807352016,16.845752313726692,16.856775314748333,29.17169502866258
19,0.76,471.6781997680664,288.01846504211426,59.36066688844841,61.921765412230506,1048.362718099441,487.7322769165039,262.8988265991211,53.03225520083379,55.32031626259591,849.1303644666029,488.8615417480469,235.67357540130615,56.14114112240982,58.5633341533986,1418.6517956182156,476.0403823852539,215.93783855438232,112.91743492991226,117.78922446778445,2084.7085284008926,461.9561004638672,206.07022762298584,176.88150068161292,184.51300103404913,2518.939141242349,485.67291259765625,228.25627326965332,10.894646204722122,11.364692512734067,-57.9419166703532,467.1641159057617,201.71560764312744,39.33602822473976,41.03316959963622,313.8321874384655,454.14806365966797,189.91398811340332,13.831502491114984,14.428258600311871,-351.4286325623153,444.11319732666016,183.934965133667,48.55476015138666,50.64964100540398,348.4616130443353,466.42940521240234,232.81446933746338,35.185763778197185,36.70384321352143,757.2207059703143,446.48998260498047,206.32102489471436,25.037096017850885,26.117314165864766,27.82170939909081,440.68572998046875,201.5738296508789,67.82355010815603,70.74977724078047,1000.8595708746586,439.00787353515625,202.01338291168213,106.26036456607967,110.84493675995597,1901.4604530516472,447.92469024658203,239.1233253479004,44.73202769373509,46.661977879562585,995.9202272623223,430.9304428100586,210.6897497177124,23.56478001942837,24.581475526478886,274.23841381817016,425.5234146118164,200.37254333496094,5.556871123898626,5.7966206950921,71.70733978821438,423.8490295410156,194.43254470825195,30.930796125930964,32.26529623264965,150.50531653668102,432.05936431884766,246.37018203735352,46.1124705291519,48.10197951533107,1163.8064883518232,419.48394775390625,222.37249374389648,10.66456119853888,11.124680556592738,-72.66201649809094,415.50987243652344,211.33450984954834,12.641669968235913,13.187091102985494,192.25409066197,414.33460235595703,203.15780639648438,22.66481672922927,23.64268358466914,264.13749539531756,16.954702767082082,17.198128542344087,20.21396271881788,32.490091888798545,57.95698434566273,17.2627112406097,22.761550698669122,22.283066435328998,27.988529168437626,18.23301939895959,18.994829940532338,45.48505310270648,76.19597366216043,19.979619386094605,20.485382640071084,32.68650879670804,61.969319334822984,19.67320498796526,17.2907395359904,17.384258958867754,30.117402372049344
20,0.8,471.26983642578125,287.3381996154785,19.835600413117888,20.69140156224975,-1030.759096249519,487.42393493652344,262.9272651672363,7.741266400544576,8.075261063844035,-1181.1263799687968,489.46956634521484,235.47260284423828,16.009447981107698,16.700170908261338,-1046.5790811284314,477.58617401123047,214.4490623474121,53.653555016069795,55.96842187572865,-1545.520064801395,466.38065338134766,201.78048133850098,154.06693290749604,160.7141054396801,-594.9723898592254,485.98072052001953,228.29864501953125,7.767765213420363,8.102903160211998,-81.54473381305172,467.73765563964844,201.58199787139893,14.722419074497282,15.35761351779849,-641.8889020459432,454.8828887939453,190.19157886505127,19.637728409973203,20.484992429694035,151.4183457345541,444.8161315917969,185.03520011901855,32.6404044484636,34.04866510371709,-415.02439754217215,466.57928466796875,232.98086643218994,5.598651865311135,5.840204054311366,-771.5909789802516,446.5900421142578,205.6753635406494,16.334214274219704,17.038949147624326,-226.959125456011,440.30364990234375,199.85455513000488,44.030458663766275,45.93013986002259,-620.490934518947,437.89295196533203,199.35370445251465,72.09776181086866,75.20839855099837,-890.9134552239401,448.02562713623047,239.20140266418457,3.190251068689645,3.3278935132711647,-1083.3521091572854,430.56602478027344,209.80473518371582,23.92764125725834,24.95999230575165,9.462919481819121,425.06431579589844,199.60893630981445,22.274809365490995,23.235849467865386,435.9807193193321,422.9371643066406,194.2754030227661,23.132657042846162,24.13070873109497,-203.3646875388671,431.6231155395508,246.4849090576172,11.277058753742999,11.763604138771946,-908.459384413978,418.5901641845703,222.193021774292,22.790612879656784,23.773907173028963,316.23066541090566,415.23780822753906,211.56616687774658,8.933221441756567,9.318642654932889,-96.71121120131514,414.4792175292969,203.8986110687256,18.869703077528158,19.683830870042367,-98.9713178656693,17.782358829572072,17.52113898489785,20.881969555148334,34.72882876382769,64.38554856324994,17.58682736701818,23.375855239381064,23.102466132516756,29.35047577258631,18.466627561132047,19.67638790643731,47.32225869710738,79.20430960420038,20.112735126625452,21.483782332301146,33.61594277542265,62.934547684066786,20.143749153516136,18.24169582291156,17.757004665065068,30.90475560685104
21,0.84,472.08553314208984,286.7860221862793,24.625457436280254,25.68791555869379,124.91284991110092,487.6782989501953,261.9811248779297,24.49339832613728,25.55015879706259,436.87244333046385,487.88570404052734,233.55078220367432,62.2596095730796,64.94578212684337,1206.1402804645506,473.65478515625,211.36991500854492,124.84231720333636,130.22860228156586,1856.50451014593,459.7282409667969,198.6222267150879,184.10113253246755,192.04412177889174,783.2504084802906,487.0960235595703,228.75855445861816,30.160172021563174,31.461423777824542,583.9630154403136,466.8309783935547,201.55015468597412,22.680906301365926,23.65946733666609,207.54634547169002,453.6753845214844,190.0449800491333,30.409268538144424,31.72126749039155,280.90687651743787,444.0607452392578,184.36729431152344,25.207968845287464,26.29555925121288,-193.8276463126053,467.6438522338867,234.17731761932373,40.03747889164572,41.76488414937379,898.1170023765607,446.1140823364258,205.34382820129395,14.50115063011084,15.126798511421047,-47.803765905081974,438.92017364501953,198.21504592895508,53.63066389032256,55.94454311908992,250.36008147668323,435.96683502197266,196.5505599975586,85.0277356030333,88.69623226164884,337.19584276626193,448.857421875,240.51352500915527,38.83899084373918,40.514687686936945,929.6698543416445,429.8906707763672,209.68095302581787,17.165100007101547,17.90568320121177,-176.35772761349705,424.69635009765625,199.1168975830078,15.360274732250895,16.022989270407653,-180.32150493644332,423.35269927978516,193.5326099395752,21.278082596043756,22.196119214939056,-48.36473790389783,432.1276092529297,247.37462997436523,25.56996793772216,26.67317668808072,372.7393137327193,417.9342269897461,221.77431106567383,19.454630892563056,20.2939952237169,-86.99779873280153,414.8006820678711,210.73094844818115,23.567311903246,24.58411664767958,381.63684981866726,414.6917724609375,202.79727458953857,28.041505391035916,29.2513478983071,239.18792570661827,18.809875451919826,18.543145336780352,23.47980084022207,39.93797285509032,72.0673134344056,18.845284318131164,24.32223393284771,24.371316832132422,30.402298142634827,20.137222927106997,20.28145984689415,49.56004042187098,82.75215889466632,21.73332263410293,22.200009660349618,34.25686234623896,63.822392452664346,21.210676221039368,19.053455631860235,18.740369330972253,32.074809522783326
22,0.88,472.37903594970703,287.4576473236084,18.323895314102607,19.11447439110449,-164.33602918973244,487.6408004760742,261.84754371643066,3.4686148414063034,3.6182672091364085,-548.2972896981545,486.9866180419922,233.43704223632812,22.65629621283386,23.633795453098465,-1032.7996668436226,476.5763854980469,210.39981365203857,76.96121262965468,80.28168152574528,-1248.6730188955144,467.55821228027344,193.80502223968506,229.82861784342012,239.74450600195104,1192.5096055764825,486.73641204833984,228.26056480407715,15.356475324747814,16.01902593858469,-386.0599459809963,467.4018859863281,200.75471878051758,24.47771638623372,25.53380026447161,46.85832319513796,454.3857192993164,189.71477508544922,19.5833286023994,20.428245558413334,-282.3255482994554,444.3753433227539,184.72575187683105,11.9232907649713,12.437717640164227,-346.4460402762163,468.12416076660156,233.56857776641846,19.385247211375393,20.221618003999794,-538.58165363435,446.73328399658203,204.93849277496338,18.50181585309328,19.30007125945002,104.33181870072437,439.5792007446289,199.34669494628906,32.738988763900814,34.1515028104649,-544.8260077156256,436.8958282470703,198.96599292755127,64.69807112450468,67.48945038511677,-530.1695469133019,449.26231384277344,240.03673553466797,15.637808920796067,16.31249758993619,-605.0547524250189,430.9550094604492,209.74376678466797,26.65476508448288,27.804777088861357,247.47734719123972,425.4331588745117,199.81088161468506,25.304409322713116,26.396160624688296,259.3292838570161,423.80943298339844,194.76934432983398,32.95942228772642,34.381446873879334,304.63319147350694,432.1186828613281,247.17281341552734,5.050346763353991,5.268242489905046,-535.1233549543919,418.83487701416016,222.05217361450195,23.563452401419152,24.580090628780916,107.15238512660035,415.23963928222656,211.50062084197998,22.151171382834523,23.106877160790695,-36.930987172222096,414.50611114501953,203.81772994995117,25.930185918432937,27.04893616768287,-55.06029326560569,19.574454427564003,18.68787602514581,24.42515265834601,43.14924011612013,81.65709367448365,19.486045355674552,25.343585943426568,25.188446654468954,30.899806848241397,20.946087647266992,21.053462697272153,50.92610053428958,85.45173691007099,22.385822537700378,23.31220074390407,35.31270877122649,65.19765032761953,21.421405920635564,20.036659257011472,19.66464441740388,33.15676696949064
23,0.92,472.0656204223633,287.8271770477295,12.113564447272852,12.636200624557564,-161.95684416367317,486.37027740478516,261.4688014984131,33.14432966574625,34.57433202637014,773.9016204308433,485.1905822753906,232.85950183868408,47.16525062097427,49.200181494749486,639.1596510412755,474.1164016723633,209.81331825256348,63.22330106569859,65.95105180563345,-358.2657430027957,463.17508697509766,194.06860828399658,109.77609326382294,114.51235053891185,-3130.80388657598,486.9868850708008,228.59686374664307,10.483132694705096,10.935424373292113,-127.09003913231443,466.4970397949219,200.2838945388794,25.500270790431895,26.600472477858155,26.666805334663657,453.33118438720703,189.427227973938,27.3258945667381,28.504862255349384,201.91541742340124,443.67218017578125,184.35284614562988,19.898132695418465,20.756631781488768,207.97285353311352,468.6780548095703,234.08723831176758,18.97049307704789,19.78896942446407,-10.816214488393072,446.67579650878906,205.16040802001953,5.731011431298519,5.978274234866065,-333.0449256145989,438.7916564941406,199.28750038146973,19.744143799195548,20.595999079603484,-338.88759327153537,435.6441116333008,198.35695266723633,34.80054345724318,36.30200267505571,-779.6861927515264,449.7840118408203,240.5918312072754,19.04435623277936,19.866019384337438,88.83804486003122,431.02344512939453,209.58719730377197,4.271814831839193,4.456121027055185,-583.7164015451543,425.1081848144531,199.88299369812012,8.32196987979376,8.681018824007129,-442.8785450170292,423.3174514770508,194.80393409729004,12.329898990887274,12.8618688584645,-537.9894503853708,432.36682891845703,247.66719818115234,13.82915313185131,14.425807878633362,228.93913471820787,418.8082504272461,221.93485736846924,3.00749861948229,3.137256263363001,-536.0708591354479,414.7459411621094,211.60099983215332,12.594983512183145,13.138390373509855,-249.212169682021,413.6176300048828,204.05392169952393,22.983489711976972,23.975105619583296,-76.84576370248939,20.079902452546307,20.070849306200614,26.39315991813599,45.78728218834547,86.23758769604012,19.923462330606235,26.407604842540895,26.32864114468293,31.730072119500946,21.737646424245554,21.292593666666793,51.749940497473716,86.90381701707321,23.180463313073872,23.49044558498628,35.65994952418677,65.7121250819581,21.9984382357809,20.16214950754599,20.190180032344276,34.11577119427397
24,0.96,470.95741271972656,286.9042682647705,36.054515440563996,37.61007691099075,624.3469071608297,485.97373962402344,260.7337474822998,20.8798140882482,21.780667529446035,-319.84161242310273,485.4414367675781,231.61421298980713,31.75760040317057,33.12777273739092,-401.81021893396417,473.27667236328125,208.43695163726807,40.30764794235029,42.046709564354586,-597.6085560319717,460.1862335205078,194.08836364746094,74.7229685546856,77.94686906809547,-914.1370367704095,486.3882064819336,228.33865642547607,16.299675485117817,17.002920192619346,151.6873954831808,465.42469024658203,198.35400581359863,55.19513138510537,57.576509104058545,774.4009156550097,451.13441467285156,188.07267665863037,64.52037683801434,67.3040895308692,969.9806818879956,440.8081817626953,184.34988498687744,71.59999859732858,74.68915948992804,1348.313192710982,467.83153533935547,234.76587295532227,27.124022941912322,28.294280938610832,212.63278785366904,446.69334411621094,204.35216903686523,20.210736200354688,21.08272247275539,377.6112059472331,440.14171600341797,199.77069854736328,35.8481270964143,37.39478400240075,419.9696230699316,438.3615493774414,200.03045082092285,79.7851175175871,83.22742295997824,1173.1355071230632,449.02149200439453,241.49620056152344,29.573218773979328,30.849146604909112,274.57818051429183,431.0832214355469,209.217209815979,9.369630058751351,9.773879993425219,132.94397415925084,425.5045700073242,199.32909965515137,17.027915168256097,17.762579562819933,227.03901847032012,424.03804779052734,194.33162212371826,21.539754632064632,22.469081014035325,240.18030388927062,431.9422912597656,248.34062576293945,19.90189896025651,20.76056054071615,158.36881655206966,418.4033203125,221.3716220855713,17.34218811398625,18.090411722412803,373.82888647624503,414.87781524658203,211.0867166519165,13.273045139256737,13.845706770166728,17.682909916421828,413.98109436035156,204.10094261169434,9.162331303960364,9.557637394794424,-360.4367056197218,21.584305528985933,20.942076007378454,27.718270827631628,47.46915057091965,89.35546245876394,20.603579138311012,28.71066520670324,29.020804725917696,34.717638499098065,22.86941766178999,22.13590256557701,53.245731857569744,90.23291393547235,24.41442917727024,23.881400784723287,36.370452706699574,66.61088832251951,22.828860657409546,20.885765976442503,20.744008303150945,34.498076690065744
25,1.0,470.4319763183594,285.5002784729004,37.477249328402515,39.094194234206185,37.1029330803859,485.1298141479492,258.6361885070801,56.524131260970776,58.96284828890748,929.5545189865361,485.4669952392578,230.75356006622314,21.52580849742149,22.454533177512484,-266.8309889969609,474.3480682373047,208.17815780639648,27.555210099131372,28.744071538980258,-332.5659506343582,462.00439453125,194.36349391937256,45.971500189691,47.95492705201248,-749.7985504020746,485.3450393676758,226.4818811416626,53.24361512689566,55.54079525053829,963.4468764479734,464.93621826171875,197.30292320251465,28.976062699659956,30.226226407297784,-683.757067419019,450.95767974853516,187.33543395996094,18.953265388425073,19.770998452279716,-1188.3272769647374,441.0807800292969,183.49408149719238,22.454251099615032,23.42303316286115,-1281.6531581766726,466.9578170776367,232.50948429107666,60.49108097995162,63.10095088742541,870.1667487203645,446.05968475341797,204.683575630188,17.877264159977475,18.64857346712225,-60.85372514082845,440.46321868896484,203.0600881576538,82.62659977687694,86.19150013608895,1219.917903342205,440.1797103881836,205.2844476699829,138.99233870729188,144.9891223038983,1544.0424835980018,448.3186721801758,239.43008422851562,54.559556947182294,56.91351299383894,651.6091597232457,431.0386276245117,209.48151111602783,6.700922753161495,6.990032095604537,-69.59619744551703,424.9140167236328,199.5936155319214,16.17717972063801,16.875139384388792,-22.18600446077854,423.1770706176758,193.68833541870117,26.868888572836585,28.028138872178296,138.97644645357428,431.51397705078125,246.9565486907959,36.22087108328727,37.78360991901893,425.5762344575695,418.34197998046875,221.3775873184204,1.540742584082475,1.6072174699700819,-412.07985631106806,414.8009490966797,211.0382080078125,2.272318963308531,2.3703574970303283,-286.88373182841,414.0707015991211,203.43106269836426,16.89616368297499,17.625143698434837,201.6876575910103,23.14807329835418,23.300589938934753,28.61645215473213,48.61891343247887,91.27365954084443,22.825210948332543,29.91971426299515,29.811644664008885,35.654559825612516,25.393455697287003,22.881845504261896,56.693391863013304,96.0324788276283,26.690969697023796,24.161002068547468,37.045458282075124,67.73201387740664,24.3402050541703,20.950054675241308,20.83882260303216,35.203082438003136
26,1.04,470.3117370605469,285.08591651916504,10.786371836218796,11.25174667842901,-696.0611888944294,484.8804473876953,258.34181785583496,9.644877572901184,10.061002980663798,-1222.546132706092,485.41160583496094,230.06456851959229,17.28035983127135,18.02591587661465,-110.71543252244584,474.0530014038086,207.06843852996826,28.706938498229285,29.945490921305677,30.035484558135472,461.02954864501953,193.33489894866943,35.42890870863996,36.9574785605155,-274.93621228742455,485.2169418334961,226.19944095611572,7.753283041503669,8.087796159245006,-1186.324977282332,464.36363220214844,197.32056140899658,14.321441572476147,14.939335959320339,-382.17226119943615,450.29354095458984,187.60497093200684,17.918749205141342,18.691848372365147,-26.978751997864237,440.6755065917969,183.7521457672119,12.011549822040553,12.529784608306905,-272.3312138638561,466.7372512817383,232.73303031921387,7.851038825222117,8.189769587516588,-1372.7795324977205,445.8492660522461,204.34553146362305,9.954580866096418,10.384068331406386,-206.61262839289662,440.0001525878906,201.59515857696533,38.4093810997082,40.0665425567839,-1153.1239394826262,439.34024810791016,202.53995418548584,71.7501803414491,74.84582078125258,-1753.5825380661431,448.21475982666016,239.7685432434082,8.851281050475498,9.233166969556448,-1192.0086506070622,430.87718963623047,209.40998554229736,4.414332605117798,4.60478768776867,-59.63111019589667,424.93419647216797,199.10383701324463,12.254851580296203,12.78358354940373,-102.28889587462655,423.31409454345703,192.9798460006714,18.04045474234036,18.818804859191168,-230.2333503246782,431.59698486328125,246.99920654296875,2.333183084334041,2.4338475826664228,-883.7440584088126,418.4367370605469,221.18690013885498,5.323327476514961,5.553000875692426,98.6445851430586,415.0572967529297,210.4546022415161,15.935608933283286,16.623146096423593,356.3197149848316,414.5293426513672,202.5591802597046,24.628877888168873,25.6914835849737,201.65849716347157,23.598143165491337,23.703030058161307,29.337488789796716,49.81673306933109,92.75195868326506,23.148722794702344,30.517287701367962,30.55931859890349,36.15575120994479,25.721046480787667,23.297208237518152,58.29605356528466,99.0263116588784,27.060296375806058,24.345193576058215,37.556801624051275,68.48476607177429,24.43755895747696,21.172174710269005,21.503748446889105,36.23074178140209
27,1.08,470.14591217041016,284.0690803527832,25.756718582864007,26.867984634911693,390.40594891206706,484.48619842529297,256.72834396362305,41.52356443337918,43.3150864149692,831.352085857635,484.6311569213867,227.13968753814697,75.68036924427494,78.94557652900838,1522.9915163098433,471.93641662597656,203.37241172790527,106.47929741068869,111.07331539779014,2028.1956119121116,456.62723541259766,190.7283353805542,127.90263736281584,133.42095905474227,2411.5870123556692,485.2809524536133,225.91557025909424,7.274954128517335,7.5888298859130785,-12.474156833298178,464.03533935546875,197.19732284545898,8.766553510497415,9.144783884771746,-144.86380186371483,450.0391387939453,187.90821075439453,9.895543479968865,10.32248379460845,-209.2341144439174,440.61553955078125,184.29997444152832,13.777524777954511,14.371952034583886,46.05418565692454,466.8063735961914,232.7876615524292,2.202621449260047,2.297652904225868,-147.30291708226798,446.2164306640625,204.03326511383057,12.049899516775337,12.569788889348095,54.643013948542716,440.91114044189453,201.56118392944336,22.79052910225107,23.77381978107171,-407.31806939280483,440.48206329345703,203.07250499725342,31.49754241464474,32.85649462339442,-1049.7331539464542,448.13148498535156,239.93365287780762,4.623032727988175,4.822492116092707,-110.26687133659354,430.98438262939453,208.60207557678223,20.37475230159468,21.253815000470702,416.2256828175508,425.33069610595703,199.11333560943604,9.915334806641305,10.343129012252493,-61.01136342878091,423.7104797363281,194.1948652267456,31.951065522700567,33.32958485263379,362.7694998360656,431.14078521728516,247.09845542907715,11.6717730658392,12.175348283836922,243.53751752926246,418.30005645751953,220.42492389678955,19.35344576419262,20.188444492726383,365.8860904258489,414.86846923828125,209.59715366363525,21.949856121370907,22.89687621154803,156.84325287811092,413.79940032958984,201.99102401733398,23.1248960655284,24.122612908692176,-39.22176690703809,24.672862550887803,25.435633514760074,32.49531185095705,54.2596656852427,98.08879704545474,23.45227599013887,30.883079056758834,30.97221795068783,36.73062929132814,25.812952596956702,23.799999793092073,59.24700635652753,100.34057144381418,27.253196060449763,25.19534617607704,37.97052678454137,69.81794946587965,24.924572888830436,21.97971248997806,22.419623495351026,37.195646297749775
28,1.12,470.3988265991211,285.6130886077881,39.114632809964824,40.80222214477019,348.3559377464625,485.3343963623047,259.2835521697998,67.30772948399007,70.21170168741081,672.4153818110402,486.1872100830078,232.0768404006958,129.41401544550027,134.99754510053322,1401.299214288121,474.2487335205078,211.66969299316406,215.33648932477328,224.62711885834105,2838.845086513773,461.17218017578125,200.08295059204102,260.0064285928457,271.22432952536667,3445.08426176561,485.1642608642578,226.46703243255615,14.09182954289567,14.699817386218271,177.7746875076298,465.54115295410156,198.33337783813477,47.15728695156157,49.1918742351609,1001.1772587597288,452.56141662597656,186.94232940673828,67.52227521208518,70.43550392787867,1502.8255033317555,442.7419662475586,181.16400718688965,94.72321890293522,98.81002433852922,2110.9518075986334,465.8584976196289,232.37268447875977,25.86835468549797,26.984437244378267,617.16960850381,445.62564849853516,203.6869239807129,17.120450994249783,17.85910781982513,132.23297326192588,441.25396728515625,201.14984035491943,13.386882123064437,13.964455217178331,-245.2341140973344,441.26155853271484,203.98037910461426,29.914965139143114,31.20563751654125,-41.27142767132925,446.9369888305664,239.44858074188232,32.23076985630007,33.621356947487115,719.9716207848602,429.8423385620117,208.62536430358887,28.557037405871522,29.789122390381696,213.38268474777485,425.57151794433594,198.4237289428711,18.261169739556088,19.0490425400824,217.64783819574768,425.26283264160156,193.25703620910645,45.341225783199455,47.29745964152258,349.1968697222196,430.03902435302734,247.07110404968262,27.552507825569457,28.74125267661985,414.14760981957323,416.88976287841797,220.7567596435547,36.22018551586835,37.78289477299525,439.86125700672164,414.3832778930664,209.5530080795288,12.17988798356457,12.705385670326725,-254.7872635305326,414.8310852050781,201.85492515563965,26.015579256305305,27.138013776016294,75.38502168310295,26.30495143667861,28.24410158225651,37.89521365497838,63.244750439576336,108.9377702264694,24.0402686855876,32.85075402616527,33.78963810780298,40.68303026486931,26.892330086731832,24.51436410588508,59.80558456521466,101.58879694447583,28.59805033834925,26.38691107169231,38.73248848614467,71.70984785154056,26.07422299589523,23.491028280897872,22.927838922164092,38.28116684879043
29,1.16,469.3157196044922,284.2865180969238,42.81435274902506,44.66156541306527,96.48358170737694,484.47547912597656,258.23567390441895,33.872810611159274,35.3342430680354,-871.9364654843853,484.89559173583984,231.84210777282715,32.81936700835955,34.23534895065355,-2519.0549037469914,473.7887191772461,212.5244951248169,24.268032989469088,25.315070139190183,-4982.801217978772,461.8669891357422,200.9247636795044,27.2879181720893,28.46524738031665,-6068.97705362625,485.20679473876953,226.48414134979248,1.1461472227582075,1.1955974077731306,-337.60549946112855,466.4261245727539,198.6031723022461,23.12957817769906,24.127497029216126,-626.6094301486194,453.32637786865234,186.66380882263184,20.352202254410194,21.230292038129047,-1230.1302972437404,443.02600860595703,180.2638578414917,23.59752245184999,24.61563062152267,-1854.8598429251638,465.86620330810547,232.50409126281738,3.2908130199145944,3.432794180321441,-588.7910766014206,444.9208068847656,203.6965799331665,17.622693783851258,18.38301972694925,13.097797678102996,439.58152770996094,199.72257614135742,54.96667892911501,57.33820013400828,1084.3436229207487,438.6773681640625,201.3248062133789,92.6353983437879,96.63212537507417,1635.662196463323,446.6721725463867,239.48318481445312,6.6766901514346095,6.964753985399339,-666.4150740521943,428.9688491821289,208.46932411193848,22.182935983802267,23.140012236129962,-166.22775385629333,424.77088928222656,198.78905296325684,22.000964388832053,22.950189530185465,97.52867475257662,424.4573211669922,194.3549394607544,34.04262296836965,35.51138192948113,-294.65194280103617,429.4325256347656,246.75373077392578,17.11297920106498,17.851313658319707,-272.2484754575036,416.3701629638672,220.64440727233887,13.290201430917929,13.863603264988535,-597.9822877001678,413.7382507324219,209.2252779006958,18.0877567032071,18.868147649255047,154.06904947320803,414.0828323364258,201.69344902038574,19.136955376035516,19.96261369040978,-179.3850021401629,28.091414053201223,29.657471304977925,39.26462761300452,64.25735324514395,110.07638012168206,24.088092581898522,33.81585390733391,34.63884978932814,41.66765548973022,27.02964185394469,25.249684894963046,62.09911257057499,105.45408195947881,28.87664049776522,27.31251156113751,39.65049606735208,73.1303031287198,26.788275542228018,24.045572411497414,23.682564828134296,39.079671396406816
30,1.2,469.22191619873047,284.16346549987793,3.868221536785179,4.0351148179226675,-1015.661264878565,484.85107421875,258.8997459411621,19.0732689860001,19.896179569796956,-385.95158745596103,485.43861389160156,232.39328384399414,19.34341171877368,20.17797753136736,-351.4342854821548,473.88885498046875,212.89734363555908,9.651528086581473,10.067940428801899,-381.17824275970713,461.5629196166992,201.169695854187,9.761212866678584,10.18235752649436,-457.07224634555723,485.1039123535156,226.95782661437988,12.118233036492226,12.64107063868647,286.1368307728335,465.94783782958984,198.66860389709473,12.068541292626294,12.589234959138375,-288.4565517519438,453.2337188720703,186.83086395263672,4.775792218871727,4.981842370306643,-406.21124169556015,443.54740142822266,180.8769178390503,20.11984461478046,20.98790939643922,-90.6930306270862,465.6772232055664,233.18508625030518,17.668256353895924,18.430548080685337,374.9438475090974,444.9708938598633,203.95033836364746,6.466357461633246,6.745346553523975,-290.9418293356319,439.06993865966797,198.5639476776123,31.663694444308295,33.02981523353727,-607.7096225117753,437.4470520019531,199.15181636810303,62.42777189690714,65.12119976470099,-787.7731402593295,446.5120315551758,240.20281791687012,18.430900330021977,19.226096106981487,306.5335530395537,429.37965393066406,208.4324312210083,10.311450759356648,10.75633527130911,-309.5919241205213,425.0874710083008,198.70556831359863,8.185111331431472,8.53825555380544,-360.29834940950064,424.5288848876953,194.75655555725098,10.198555506970914,10.638569186444853,-621.820318575907,429.4059371948242,247.33509063720703,14.549188890040215,15.176909367954186,-66.86010725913802,416.56883239746094,220.77173709869385,5.899281128030077,6.153803878200082,-192.74498466971133,413.798828125,209.21270370483398,1.5467164601858179,1.6134490872018772,-431.3674640513292,413.9645004272461,201.87442302703857,5.405670160470919,5.63889621054296,-358.09293699667046,28.252818645918133,30.453318487769803,40.07174671425921,64.66007086229601,110.48367442274184,24.59373540744598,34.319423305699445,34.838123484140404,42.507171865587786,27.7668637771721,25.519498757104007,63.420305179916475,108.05892995006685,29.64568434204448,27.74276497198987,39.9920262895043,73.55584589617759,27.395351916946183,24.291724566625415,23.747102791622368,39.30522724482854
31,1.24,469.1653060913086,285.07890701293945,22.929755069814412,23.919052612079973,497.0984448539326,485.0387954711914,259.67376708984375,19.91149177021615,20.77056722964168,21.859691496118128,485.44567108154297,233.5012149810791,27.698840323787067,28.893898647458492,217.89802790227827,472.9770278930664,214.79154109954834,52.55599793258602,54.82351101450583,1118.8892646425984,460.04138946533203,204.2483425140381,85.85277826653177,89.55687114834193,1984.3628405461893,484.8541259765625,228.0366039276123,27.682956463051546,28.877329482220613,405.9064710883536,466.01280212402344,199.4194507598877,18.841300560824116,19.654202935104074,176.62419939914247,453.31653594970703,187.58365631103516,18.933353559449127,19.7502275332957,369.2096290747264,443.5559844970703,181.7036533355713,20.66950123791485,21.5612807930067,14.334284914186934,465.4938507080078,233.8308334350586,16.7819638950169,17.506016794194423,-23.113282162272863,444.81101989746094,203.93912315368652,4.006671373214143,4.179538031846909,-64.14521304192664,439.24610137939453,199.16690826416016,15.704194757125972,16.38174762366037,-416.2016902469225,437.87525177001953,200.6550407409668,39.07555627038307,40.761459659374765,-608.9935026331556,446.4474868774414,240.60450553894043,10.171005393652601,10.609830431585802,-215.4066418848921,429.1327667236328,208.1897735595703,8.65433538935272,9.027724145776878,-43.21527813830581,424.90631103515625,198.58873844146729,5.389118370148447,5.621630298092438,-72.91563139282505,424.36473846435547,194.86982345581055,4.985834003665053,5.20094634616291,-135.94057100704856,429.4424819946289,247.77769088745117,11.102660264237931,11.58168127770177,-89.8807022563104,416.1080551147461,221.2011194229126,15.745731259169315,16.425076205874685,256.781808191865,413.69163513183594,210.09162425994873,22.13582616465167,23.090869877680085,536.9355197619551,414.2957305908203,203.05888652801514,30.747634120439443,32.07423175627183,660.8833886432217,29.209580750401333,31.28414117695547,41.227502660157555,66.85301130287625,114.06594926867552,25.748828586734803,35.10559142310361,35.62813258547224,43.36962309730806,28.46710444893988,25.686680278377885,64.07557508486289,109.68938833644184,30.07007755930791,28.10387393782095,40.216891501428,73.7638837500241,27.858619168054258,24.948727614860402,24.670737586729572,40.58819651507941
32,1.28,468.73538970947266,285.8873176574707,22.890443769758136,23.87804523753836,-1.0251843635403546,484.6250534057617,260.88011741638184,31.883220577646426,33.258812757368375,312.20613819316736,485.7119369506836,234.46603775024414,25.022246214225387,26.101823671826956,-69.8018743907884,474.5974349975586,214.86478328704834,40.55153821310713,42.301122409151475,-313.05971513385896,463.653564453125,202.4318790435791,101.0796334640077,105.44068453736554,397.09533472559036,484.9586868286133,228.5297155380249,12.601885575809945,13.145590224642966,-393.29348143944117,466.4234924316406,200.30216217041016,24.33934524382862,25.38945913980176,143.3814051174422,454.09778594970703,188.29565048217773,26.425452482419846,27.565570861988952,195.3835832173313,444.63184356689453,182.03487396240234,28.14227071685703,29.35646071449071,194.87949803710026,465.6353759765625,234.26475048065186,11.410340816991981,11.902636617461427,-140.08450441832488,445.2293014526367,204.42811489105225,16.08711399327537,16.781187797693992,315.04124414617706,439.62493896484375,199.11638259887695,9.554801116497154,9.967040202026269,-160.36768554085253,438.1338882446289,200.09133338928223,15.505216951513404,16.17418497911435,-614.6818670065104,446.6070556640625,241.10698699951172,13.180236527695172,13.748893958340512,78.47658816886774,429.3399429321289,208.89716148376465,18.427555057962593,19.222606504142444,254.87205895913917,425.2192687988281,199.27798748016357,18.924303144142783,19.740786640481346,352.9789085597227,424.76070404052734,195.5989408493042,20.742482237670206,21.637410536543673,410.91160475951904,429.4846725463867,248.4469985961914,16.76590386090046,17.489263854626888,147.68956442312793,415.9836959838867,222.0103883743286,20.46920597437277,21.352343849196064,123.18169108303448,413.47137451171875,211.03865146636963,24.3076025976928,25.356346966529188,56.63692722122757,414.0221405029297,204.2627477645874,30.86394957220827,32.195565604016195,3.0333461936091766,30.164702559902867,32.6144936872502,42.27157560703063,68.54505619924231,118.28357665017015,26.274652195720524,36.12116978869568,36.73075541995179,44.543881525887684,28.943209913638338,26.357927790285643,64.47425669294394,110.33635573560642,30.620033317641532,28.872778197986644,41.006522967047246,74.62938017148585,28.55818972223933,25.802821368828244,25.68499146539074,41.87601913924005
33,1.32,468.9625930786133,286.11339569091797,8.012983532845071,8.358701351946147,-387.9835971398053,484.6384811401367,261.30414962768555,10.606119114500617,11.063717006017745,-554.8773937837657,485.86341857910156,234.8498296737671,10.315126159844242,10.760169245870355,-383.54136064891503,475.49217224121094,215.0240707397461,22.720134624457177,23.700388154225912,-465.01835637313906,464.95269775390625,202.28379249572754,32.68865398396456,34.098996351244246,-1783.5422046530325,484.8992156982422,228.67740154266357,3.980261558125722,4.151988773049687,-224.84003628983197,465.90831756591797,200.27441024780273,12.898045188146856,13.454527556397776,-298.37328958509966,453.7575149536133,188.58079433441162,11.09874337620631,11.577595396687398,-399.69938663253885,444.53685760498047,182.642240524292,15.368727856071724,16.03180710177093,-333.11634031799446,465.7012176513672,234.6558952331543,9.916190786766432,10.344021923388505,-38.965367351823055,445.2250289916992,204.88616466522217,11.45174248585065,11.945824549152945,-120.88408121352616,439.31358337402344,199.33693885803223,9.538978174693098,9.950534584049244,-0.4126404494256164,437.4576187133789,199.9250364303589,17.410398427452876,18.161564949803466,49.68449926722789,446.64207458496094,241.55871391296387,11.327056357398638,11.815758874340467,-48.328377100001106,429.3521499633789,209.29956436157227,10.064699687515228,10.498938197005787,-218.09170767841644,424.9983215332031,199.43970680236816,6.845200570540111,7.140534737003363,-315.0062975869496,424.2586898803711,195.50026416778564,12.790506842794075,13.342349500745739,-207.37652589494834,429.42806243896484,248.82376670837402,9.52493158177427,9.935881955007943,-188.83454749047362,415.99239349365234,222.2593116760254,6.22688007772291,6.495536988279413,-371.4201715229163,413.25939178466797,211.1730194091797,6.274522921251324,6.545235368287206,-470.27778995604956,413.5994338989258,204.2911148071289,10.591434102939823,11.048398413949833,-528.679179751659,30.499050613980714,33.057042367490915,42.701982376865445,69.49307172541134,119.64753650421991,26.44073174664251,36.65935089095159,37.19385923581929,45.18515380995852,29.35697079057388,26.83576077225176,64.87227807630592,111.06281833359856,31.09266367261515,29.292735725866876,41.29214435652739,75.16307415151569,28.95562500043965,26.062642848359424,25.94680088012223,42.31795507579805
34,1.36,468.5382843017578,286.1087894439697,10.608344464015467,11.06603836758327,67.68342539092806,484.5770263671875,261.3267517089844,1.636983353091683,1.7076105186681336,-233.9026621837403,486.2419128417969,235.16356945037842,12.290508388625405,12.820778760246945,51.51523785941477,475.9341049194336,215.1258087158203,11.337303136568904,11.826447747785986,-296.84851016099816,465.11287689208984,202.4688720703125,6.119222031730675,6.3832340675390205,-692.8940570926306,484.4131851196289,229.00330066680908,14.629507050520576,15.26069283185888,277.7176014702298,465.6914520263672,200.18694877624512,5.84594791563328,6.098169620031769,-183.90894840915018,453.5234832763672,188.5421848297119,5.929877728913161,6.185720560434369,-134.79687090632572,444.35447692871094,182.84972190856934,6.906122098280551,7.204084706150227,-220.6930598905176,465.17425537109375,234.66949939727783,13.178446373541178,13.74702656851176,85.07511612808139,445.1402282714844,205.02174854278564,3.9979799589999208,4.170471629121263,-194.38382300079206,439.19166564941406,199.90070343017578,14.419917310315371,15.042060403921608,127.28814549680911,437.41939544677734,200.80438613891602,22.004501358375542,22.953879101240215,119.80785378591872,446.24114990234375,241.3187026977539,11.681876576514117,12.185887707509972,9.253220829237607,429.54078674316406,209.60041522979736,8.877467248584637,9.26048296348555,-30.9613808380059,424.98355865478516,199.54972743988037,2.7751670285065937,2.894900794188733,-106.14084857036575,424.0068817138672,195.07606029510498,12.332788571409246,12.8648831090887,-11.936659791425974,429.26231384277344,248.4477710723877,10.272697899656922,10.715910430869076,19.500711896528333,416.0944366455078,222.41798400878906,4.716309072335039,4.9197928408977525,-39.393603684541525,413.1388854980469,211.40049934387207,6.435685948427329,6.713351726896707,4.202908965237517,413.1418228149414,204.23410892486572,11.528702626433043,12.026105112378266,24.442667460710823,30.94169214868404,33.125346788237636,43.21481352727532,69.96612963532279,119.90286586692147,27.051159459916867,36.90327767575286,37.44128805823666,45.47331719820453,29.906851853314347,27.002579637416613,65.47396049246278,111.98097349764815,31.58009918091555,29.6631550444063,41.40794038829494,75.67766947587923,29.38426141767441,26.259434561995334,26.215334949198095,42.798999280293174
35,1.4,469.17240142822266,286.1766529083252,15.943454375353319,16.631330027785566,139.13229150505742,484.35997009277344,260.8080768585205,14.056515988284307,14.66298023867365,323.88424300013793,485.3761672973633,234.4204330444336,28.52375178630971,29.75440067254823,423.3405478075321,474.21764373779297,214.75536346435547,43.89952072924588,45.79355264680664,849.1776224755164,462.5431442260742,202.70227432250977,64.50776400034401,67.29093251602514,1522.692461212153,485.1023864746094,228.8847255706787,17.48318050887125,18.23748719273028,74.41985902178504,465.7972717285156,200.1760482788086,2.6594912820814627,2.774234251687076,-83.09838420861733,453.33702087402344,188.7116575241089,6.299266903476358,6.571046922351823,9.633159047936356,444.0384292602539,183.18486213684082,11.516431232780736,12.013304273054016,120.23048917259473,466.02550506591797,235.04174709320068,23.22706382189478,24.229188662874684,262.05405235907307,445.34332275390625,205.17934799194336,6.426748554139976,6.70402873135998,63.33892755596793,439.46956634521484,200.48455238342285,16.16532548648221,16.862773702784903,45.517832471582366,437.8891372680664,201.76178455352783,26.66070496734362,27.81097324622209,121.42735362454688,447.1318054199219,242.0372772216797,28.609620294442927,29.84397395222373,441.45215611784397,429.8202896118164,209.90472793579102,10.329813545451474,10.775490314412242,37.87518377316728,425.0917053222656,199.67159271240234,4.0733007449415135,4.249042108231695,33.85353285107405,424.12662506103516,195.03617763519287,3.1552630390204466,3.291395935346651,-239.3371793435512,430.03997802734375,249.36796188354492,30.11968534967625,31.41919032038015,517.5819972377768,416.4598083496094,222.78595447540283,12.963861945279728,13.523183958170252,215.08477793181248,413.54339599609375,211.67434215545654,12.212151440435768,12.73904112456076,150.64223494160134,413.73279571533203,204.49945449829102,16.195239314620075,16.893978154244582,121.6968260466579,31.606945349795463,33.711865997784585,44.40498955417725,71.79787174119505,122.5945031675625,27.78065894762608,37.01424704582034,37.70412993513073,45.953849369126694,30.87601939982933,27.27074078667101,66.14847144057417,113.09341242749704,32.773858139004496,30.094174656982787,41.5779020726242,75.80932531329309,30.641029030489616,26.800361920322146,26.724896594180528,43.47475840646296
36,1.44,468.8178253173828,285.7756805419922,13.381495080450675,13.958835752194524,-66.81235688977605,484.0582275390625,260.5329895019531,10.207889793660478,10.648306198189815,-100.3668510120959,485.08522033691406,234.46429252624512,7.355855997919898,7.673222242689841,-552.0294607464598,473.1755065917969,215.35667896270752,30.079375820727012,31.377141648653417,-360.41027495383054,460.3950500488281,204.5952272415161,71.57853793165424,74.66677291014156,184.3960098529106,485.20275115966797,228.95503520965576,3.0635473045958026,3.1957231525201757,-376.0441010052526,466.7498779296875,200.54800987243652,25.566261968233395,26.669310825627733,597.3769143485164,453.8777542114258,188.92813682556152,14.561417988465669,15.189666087236454,215.46547912211577,443.8623809814453,183.32568168640137,5.635997139476723,5.879160579353153,-153.3535923425216,466.07975006103516,234.58821773529053,11.419046533688308,11.911717939745563,-307.93676807822806,445.49072265625,204.7765588760376,10.722808724370338,11.185441154804282,112.03531058610756,439.3516540527344,200.1779079437256,8.213332192054027,8.567693995164008,-207.37699269052237,437.5271987915039,201.79511547088623,9.086748967188973,9.478794080320526,-458.3044791475391,447.04524993896484,241.13971710205078,22.543097885383336,23.515713217084837,-158.20651837847234,429.6506881713867,209.0575075149536,21.600739137812653,22.532696678357397,293.93015909862885,424.9741744995117,199.4681453704834,5.873899643289284,6.127327316761057,46.957130213234045,424.00386810302734,195.49017906188965,11.757618970853567,12.264897985188654,224.33755124605005,429.82776641845703,248.1954002380371,29.790251965431985,31.075543629609896,-8.591167269256328,416.63219451904297,222.28524684906006,13.238795226761624,13.809979155264806,7.1698799273638425,414.0664291381836,211.736741065979,13.168553730354294,13.736707110142529,24.941649639544217,414.3911361694336,204.89255905151367,19.16936591398884,19.996422571495994,77.5611104312853,32.165298779883244,34.137798245712176,44.71191844388484,73.05295740714118,125.58117408396815,27.908487873726884,38.08101947884545,38.31171657862019,46.189015792300815,31.352488117419156,27.718158432863177,66.49117920038073,113.47256419070986,33.714486667687886,30.995482524117083,41.82299516529464,76.29992123270064,31.884050775674012,27.35276108653274,27.27436487858623,44.2746153093228
37,1.48,469.38282012939453,286.68442726135254,26.751632398186924,27.905823714340933,348.6746990536602,484.56626892089844,261.38431549072266,24.784849011192666,25.854184036252505,380.14694595156726,485.5352020263672,235.2421760559082,22.466451468859486,23.435759913450347,394.0634417690127,473.30509185791016,216.25858783721924,22.77926632813057,23.762071077872484,-190.37676426952333,460.56339263916016,205.66015720367432,26.953838456029434,28.116753893110406,-1163.7504754257789,485.80997467041016,229.36297416687012,18.288223410353506,19.07726343355392,397.0385070258436,466.68235778808594,200.90622425079346,9.113057609261126,9.506237801021435,-429.0768256151575,453.7723922729492,188.98072242736816,2.9438902404923217,3.0709035195592493,-302.9690641919301,443.8817596435547,182.86269664764404,11.584760427450322,12.084581510742193,155.13552328472602,466.8267822265625,234.8657512664795,19.923006758310365,20.782579028512387,221.77152721917062,445.9034729003906,205.2216625213623,15.175638765787754,15.830387239445365,116.12365211602706,439.7792053222656,200.66107749938965,16.129416209181116,16.825315130270216,206.4405283776552,438.10901641845703,202.04386711120605,15.819077280201288,16.501586719423955,175.56981597758573,447.88909912109375,241.29283905029297,21.44072895818125,22.36578290656093,-28.748257763097662,430.1154327392578,209.55146312713623,16.95545008567293,17.686987995549888,-121.14271707018771,425.24280548095703,199.6501064300537,8.111428334155406,8.46139352527108,58.351655212750565,424.2779541015625,195.05669116973877,12.821731728651791,13.374921575125205,27.75058974841378,430.71727752685547,248.22312355041504,22.248575713029098,23.208483972179426,-196.67649143576176,417.1963882446289,222.3876714706421,14.335388098530032,14.953884204141227,28.59762622191053,414.51499938964844,211.67428493499756,11.32243455480105,11.81093766542839,-48.14423611785345,414.93499755859375,204.33804988861084,19.417543973852847,20.255308200800677,6.47214073261706,33.28153172845688,35.17196560716228,45.64934884042285,74.00344025025608,126.70584423969257,28.67157841106904,38.46126899088631,38.43455271940256,46.672399052730505,32.18379127855965,28.351373922440995,67.16419180559154,114.1326276594868,34.60911798395033,31.702962043939078,42.16145090630548,76.83491809570565,32.81239013456119,27.95091645469839,27.746802385203363,45.08482763735483
38,1.52,470.2508544921875,287.5290298461914,30.27826346269188,31.58461023946766,91.96966312816821,485.9735870361328,262.3466205596924,42.62170312199866,44.46060397451034,465.1604984564459,486.4546203613281,235.67291736602783,25.382919341876303,26.47805793555019,76.05745055249606,474.23473358154297,216.27695560455322,23.245579004348087,24.248502677432384,12.1607899889975,462.09346771240234,204.68968391418457,45.29726906344723,47.25160642201776,478.3713132226838,486.49768829345703,229.15353298187256,17.972472654337256,18.747889703984562,-8.234343239233954,467.48546600341797,200.72545051574707,20.580056316984738,21.46797679725547,299.0434749058509,454.4818115234375,188.72779369354248,18.828977291631148,19.641347982084213,414.26111156312413,444.3830108642578,182.6704502105713,13.421332805079878,14.000392263742519,47.895268825008145,467.18467712402344,234.66975688934326,10.201181104950358,10.641308065077324,-253.5317740858766,446.05262756347656,204.93925094604492,7.984493228812541,8.328981842120882,-187.53513493311206,439.0311050415039,199.19477462768555,41.15290194539336,42.928431802895794,652.5779168156395,436.4573669433594,199.47455406188965,76.35982064368805,79.65434265932385,1578.8188984974972,447.9717254638672,241.13665580749512,4.417318038907081,4.607901927221222,-443.9470244834927,430.52738189697266,209.2920684814453,12.17034538219556,12.695431356226704,-124.78891598307959,425.5784606933594,199.66973304748535,8.405713299769332,8.768375329221096,7.674545098750407,424.28829193115234,195.64900875091553,14.810194708622879,15.44917620585671,51.856365768287645,430.6820297241211,248.1112003326416,2.9335573833617232,3.060124854345103,-503.7089779458581,417.6045608520508,221.96129322052002,14.756424228677718,15.393085814360195,10.980040255474188,414.99950408935547,211.66407108306885,12.115308673570347,12.638020104985948,20.677060988938933,415.3019714355469,205.04908561706543,20.003775167217757,20.866832166680144,15.288099146986678,34.54491613803559,36.95038976614269,46.70847115784486,74.97338035735338,128.59590849657326,29.421493999228424,39.31998806277653,39.22020663868593,47.2324147432802,32.609443601162745,28.68453319612583,68.88132907770736,117.31880136585977,34.79343406103917,32.21077929818814,42.51218591947432,77.45288514393991,32.934795128735,28.5666398872728,28.2523231894028,45.91950092402203
39,1.56,469.50435638427734,286.2323570251465,37.40504503030005,39.01887470288661,185.8566115854738,484.9142074584961,261.2707328796387,37.74767699479258,39.3762894227702,-127.10786379350355,486.6808319091797,235.00710010528564,17.579894216896435,18.338373585259134,-203.49210875727638,475.2660369873047,215.46592712402344,32.80009442598996,34.215244858382825,249.168554523761,462.71411895751953,204.18720245361328,19.963961065557783,20.825300297307436,-660.6576531177581,486.5003204345703,228.72766971588135,10.646785004390443,11.106137413773094,-191.04380725528668,467.4891662597656,199.32475090026855,35.01761257476996,36.528437175850534,376.5115094648766,454.3876647949219,188.0632781982422,16.778789623815026,17.50270556999462,-53.466060302239796,444.61090087890625,183.32642555236816,17.36083069408676,18.109858631151752,102.73665918523082,467.7723693847656,234.73491668701172,14.782337276469034,15.420116872981305,119.47022019759955,446.3867950439453,205.0318193435669,8.668795087215782,9.0428077030538,17.845646523322944,438.95904541015625,199.2520523071289,2.3012663677278264,2.40055382870418,-1013.1969493547903,436.3743591308594,199.3714427947998,3.3092890415567595,3.4520673444863146,-1905.0568828709384,448.8749694824219,241.37022972106934,23.323895072398358,24.330197669217608,493.05739354990965,431.2778854370117,209.53160762786865,19.69509085851705,20.544829764218566,196.23496019979655,425.5288314819336,199.9219036102295,6.425197046659418,6.702410284545241,-51.64912611689636,423.7498092651367,196.07966423034668,17.237816776700775,17.981537314460198,63.309027715087176,431.5967559814453,248.31833839416504,23.44715204414574,24.458772526779534,534.9661918108607,418.3033752441406,222.38146305084229,20.385108549271624,21.26461806540944,146.78830627623114,415.4500198364258,212.0769739151001,15.277704078528709,15.936856130102338,82.47090062790976,415.5997848510742,205.49293041229248,13.362518304903388,13.939040229244489,-173.19479843589139,36.10567112615106,38.5254413430535,47.44200610125523,76.34199015168869,129.42892050846555,29.865739495779348,40.78112554981055,39.920314861485714,47.95680908852628,33.226248276081996,29.04624550424798,68.97735123085553,117.45688405963921,35.76664196780788,33.032572488756884,42.78028233085613,78.17214663651832,33.91314602980618,29.417224609889175,28.889797434606894,46.47706253319181
40,1.6,469.53277587890625,286.1631774902344,1.8697385722371376,1.9504078933250184,-926.7116702390398,485.5643081665039,260.93762397766113,18.261853532858815,19.049755835446174,-508.1633396831006,487.89615631103516,234.02001857757568,39.14191602434964,40.830682485419715,562.3077225040145,476.6310119628906,213.17376136779785,66.69511103704042,69.57265199764724,883.9351784816105,464.2127227783203,201.25661373138428,82.28822694717076,85.83852831011008,1625.3307003200662,486.2119674682617,228.97945404052734,9.570226594639927,9.983131207889178,-28.07515514709791,467.30621337890625,198.96411895751953,10.109622728670429,10.545799429566461,-649.5659436571018,454.3430709838867,187.47576713562012,14.730025812221815,15.36554844598614,-53.42892810021205,444.5816421508789,182.43919372558594,22.192853405166055,23.150357541723253,126.01247276428751,467.0892333984375,234.99818801879883,18.302775915784235,19.09244380255374,91.80817323931083,446.3462829589844,205.13146877288818,2.689242201803884,2.805268766095612,-155.9384734239547,440.5375289916992,201.48220539093018,68.30626432834066,71.25331802410071,1721.3191048849133,439.593505859375,203.37899208068848,128.50913619889943,134.05362510482783,3265.038944008538,448.2682418823242,241.5113639831543,15.573159214144058,16.245058590694516,-202.1284769630773,431.46839141845703,209.49029445648193,4.873352740700579,5.083612112171799,-386.53044130116916,426.0481262207031,200.0134563446045,13.182586261932231,13.751345071170523,176.22336966563205,424.5511245727539,195.8948564529419,20.558759337733097,21.44576096609428,86.60559129085206,431.47239685058594,248.3181381225586,3.1089823030229184,3.243118430598772,-530.391352404519,418.6646270751953,221.7597484588623,17.976232908363997,18.75181219306596,-62.820146808587026,416.2154769897461,211.54808521270752,23.260050422985724,24.263598461173256,208.16855827677296,416.5980911254883,204.78285312652588,30.627042475728754,31.948437220498118,450.2349247813408,36.18368744188406,39.28743157647135,49.07523340067201,79.12489623159459,132.86246164086998,30.265064744094914,41.2029575269932,40.53493679932516,48.882823390195206,33.98994602818414,29.158456254891806,71.82748395181957,122.81902906383233,36.416444311435654,33.235916973243754,43.33033613370296,79.0299770751621,34.042870767030124,30.16729709761181,29.860341373053824,47.755000022011735
41,1.64,469.3331527709961,286.3528347015381,6.883823565577961,7.180824109808857,130.76040541209596,485.6350326538086,260.7757759094238,4.415650454396423,4.606162395267039,-361.0898360044784,488.1881332397461,233.55188369750977,13.793132186748846,14.388232820442841,-661.0612416244219,477.2284698486328,211.7433786392212,38.7536343089743,40.425648469570255,-728.6750882019246,465.6388854980469,198.2224702835083,83.81514841239391,87.43132835311039,39.82000107500774,486.5850830078125,228.62138271331787,12.928415439058643,13.48620812285779,87.57692287421528,467.64156341552734,199.1271686553955,9.322179568079028,9.724382265280951,-20.535429107137748,454.3826675415039,187.38271236419678,2.5282253978558353,2.637304939472256,-318.2060876628471,444.26578521728516,181.88162326812744,16.020502830937517,16.71170271633748,-160.9663706346443,467.3076629638672,234.39363956451416,16.069970220721153,16.76330436211235,-58.2284860110347,446.71215057373047,205.1224708557129,9.14945606421119,9.54420665661096,168.47344726288372,440.73131561279297,201.40706062316895,5.196151859598955,5.420338304167964,-1645.8244929983184,439.54368591308594,202.98919200897217,9.824272331777442,10.248137673678524,-3095.1371857787326,448.35926055908203,240.8983612060547,15.493079185772283,16.161523533038235,-2.088376441407025,431.44622802734375,209.42564964294434,1.7084656535454268,1.7821769019626692,-82.53588025522825,425.888671875,200.08440971374512,4.3632033069192335,4.551452431028832,-229.99731600354227,424.2353057861328,195.80443382263184,8.212709588459884,8.56704452952081,-321.96791091433676,431.4698791503906,247.89673805236816,10.535189781476785,10.98972744777034,193.66522542928922,418.8066101074219,221.79851531982422,3.6795083697663897,3.838259676785254,-372.8388129070176,416.0019302368164,211.50780200958252,5.432825700131965,5.667223367980287,-464.9093773298242,415.8595657348633,204.38342571258545,20.990503978063334,21.896133102019853,-251.30760296195663,36.47092040627641,39.47167807228203,49.65076271348973,80.74192217037739,136.3597147749944,30.804513069009225,41.591932817604444,40.64042899690405,49.551291498848705,34.660478202668635,29.540224521156247,72.04429748398628,123.22895457077948,37.06290525275719,33.307204049322266,43.51239423094411,79.37265885634292,34.482459864940935,30.32082748468322,30.087030307773038,48.63084534609253
42,1.68,469.6299743652344,286.6813087463379,11.067922595085848,11.54544486202529,109.11551880541082,485.8095932006836,260.7362651824951,4.474405132789597,4.667452026988498,1.5322407930364657,487.9457092285156,233.90652179718018,10.739459453311365,11.202810274550973,-79.63556364729669,477.60204315185547,212.51309394836426,21.38952240598614,22.31236706272357,-452.83203517116715,466.5139389038086,198.81341457366943,26.39760425930292,27.53652113547166,-1497.3701804409682,486.6278839111328,228.6161756515503,1.0779119912144124,1.1244181872221846,-309.0447483908901,467.9840850830078,199.29224967956543,9.505683735093413,9.915803665639961,4.78553500897525,454.7459411621094,187.53161430358887,9.81515126547127,10.238623081647718,190.03295355438655,444.5221710205078,182.05693244934082,7.764783847274498,8.099793163900145,-215.2977388109334,467.44266510009766,234.3356466293335,3.6732782801656505,3.8317607918000305,-323.288589257808,446.7173385620117,205.0901699066162,0.817873207988515,0.8531601071326338,-217.27616373695815,440.53478240966797,201.2261438369751,6.678144552254152,6.966271135914719,38.64832079366889,439.36580657958984,202.48874187469482,13.278069188120545,13.850947580141943,90.07024766158547,448.5404586791992,240.8668327331543,4.5980161032662625,4.796396156450826,-284.1281844146852,431.4103698730469,209.5385456085205,2.9613453734066,3.0891117490521625,32.67337117723733,425.5389404296875,200.14350414276123,8.86722319067216,9.249796928705688,117.45861244192142,423.7973403930664,195.77260494232178,10.978011066035704,11.451654126483849,72.11523992407595,431.74137115478516,247.89962768554688,6.787684547678413,7.080537202242183,-97.72975613820394,418.5346221923828,222.07892417907715,9.766222218532917,10.187583005361947,158.73308321441732,415.5162048339844,211.9878387451172,17.072720097042236,17.8093175870881,303.5523554776953,415.46974182128906,205.0601291656494,19.523867556516137,20.36621908318406,-38.24785047089483,36.93273820075743,39.658376153361566,50.09887512447177,81.63441685288633,137.46117562041326,30.849489796498116,41.988564964230044,41.04997392016996,49.87528322540471,34.813748634340634,29.574350925441554,72.32294832942287,123.78299247398516,37.25476109901522,33.43076851928435,43.88238610809234,79.83072502140227,34.76568135303063,30.728330804897702,30.79940301125656,49.44549410941989
43,1.72,469.48299407958984,286.6787624359131,3.675058508456657,3.8336178275173536,-192.7956758626984,485.64849853515625,260.9208869934082,6.1255971303923715,6.38988421795851,43.060804774250315,487.8289794921875,234.26359176635742,9.391645031338793,9.796844795533627,-35.14913697543367,477.16796875,213.19092750549316,20.122731510598424,20.990920846528645,-33.03615540487313,465.51231384277344,200.19041061401367,42.56884760315776,44.405468019845976,421.72367210935795,486.62052154541016,228.6958122253418,1.999404335402764,2.085668047727061,24.031246512621912,467.6201629638672,199.02923583984375,11.225406136442922,11.709722984481788,44.84798297104567,454.4708251953125,187.56009578704834,6.914657894946405,7.212988777254124,-75.64085760983986,444.4757080078125,182.51558303833008,11.524950496881697,12.022191098300368,98.05994836000558,467.75333404541016,234.28351879119873,7.875297815407739,8.215075224702817,109.58286082256964,446.91307067871094,204.85899925231934,7.572604114322309,7.899321892861135,176.1540446432125,440.56697845458984,200.78382968902588,11.087109372618691,11.565459447434817,114.97970778800244,439.083251953125,202.10311889648438,11.951521824138757,12.467166720080918,-34.59452150152562,448.9651870727539,240.79482078552246,10.769747237437718,11.234404816220337,160.95021649423776,431.6742706298828,209.3812894821167,7.680051218502356,8.01140477076686,123.05732554286746,425.8453369140625,200.23763179779053,8.013224268306187,8.358952473867967,-22.271111370943018,424.0316390991211,196.27764701843262,13.918588791191445,14.519102213206038,76.68620216805473,432.0745086669922,247.9519557952881,8.430555776036435,8.794289626824275,42.84381061455231,418.65623474121094,222.0911979675293,3.0557586941953936,3.18759850481351,-174.99961251371096,415.31044006347656,211.89376831054688,5.656212703875944,5.900248338335995,-297.72673121880257,414.70653533935547,204.98574256896973,19.17057477996942,19.99768359364396,-9.213387238502513,37.08608291385812,39.91397152207991,50.490748916293114,82.47405368674748,139.23739434120708,30.932916518407197,42.456953883609316,41.33849347126013,50.35617086933673,35.142351643328745,29.890323801156,72.78556670732026,124.28167914278839,37.70413729166403,33.75122471011502,44.21674420704706,80.41148910993051,35.1174529381036,30.85583474509024,31.035412944790004,50.24540145316565
44,1.76,469.4541549682617,286.29767417907715,9.554447715607685,9.966671553759307,153.32634315604884,485.5413818359375,260.58411598205566,8.834898886621884,9.216078002058921,70.65484460251028,487.725830078125,234.25844192504883,2.5819472408122484,2.6933445955514403,-177.58750499955465,477.76866912841797,213.22468757629395,15.041207710236499,15.690156195518476,-132.51911627525425,467.2496795654297,199.2130708694458,49.8349314648675,51.98504493389747,189.48942285128734,486.95701599121094,228.1554365158081,15.914506344621865,16.6011330427775,362.886624876261,467.6812744140625,199.0852689743042,2.0727882040920362,2.1622180418596795,-238.6876235655527,454.8508834838867,187.60565757751465,9.56948860521227,9.982361378124597,69.23431502176183,444.9783706665039,182.3716163635254,13.071824468514137,13.63580449273393,40.34033486083906,468.2634735107422,234.0890407562256,13.64880901801203,14.237682871014796,150.56519115779946,447.23560333251953,203.36621761322021,38.1806915764064,39.827986291222736,798.21660995904,439.22252655029297,195.79373359680176,129.20093346363143,134.7752697591923,3080.245257793937,435.5254364013672,193.79741191864014,225.89104107697065,235.63704364336724,5579.246923082158,449.4683837890625,240.57998657226562,13.678465614091989,14.268618992215043,75.85535439986764,431.7894744873047,208.89943599700928,12.385846506069138,12.920230212743066,122.72063604940513,426.04347229003906,199.53600883483887,18.22656730836954,19.012947197173723,266.34986808264387,424.0468215942383,195.62686443328857,16.273991544884336,16.976128126334306,61.4256478282067,432.3689270019531,247.57550239562988,11.947785309299732,12.463268994407516,91.724484189581,418.5693359375,222.14720249176025,2.5845585721656485,2.69606859202848,-12.288247819625752,414.72095489501953,211.83156967163086,14.8189370931635,15.458295778008505,238.95118599181276,413.68247985839844,204.92597579956055,25.64495192532717,26.75139583778934,168.8428061036345,37.48474977600849,40.282614642162265,50.59848270011517,83.10165993456822,141.31679613856298,31.596961840118297,42.5434426052837,41.73778792638511,50.90160304904609,35.711858958169344,31.48344325280491,78.17657749768794,133.70716088852308,38.274882051352634,34.268033918624745,44.977262094934005,81.09053423498389,35.6159836978799,30.96367748877138,31.653744775910344,51.31545728667722
45,1.8,469.2934799194336,285.37302017211914,23.462756443716014,24.475050173582343,362.7094654955759,485.1301956176758,260.04467010498047,16.95722486843367,17.68883935079114,211.8190337183055,487.2028350830078,234.255051612854,13.07514959604682,13.639273081916588,273.64821215912866,477.6631546020508,213.88575553894043,16.735892688172953,17.457957858673865,44.19504157888472,467.4648666381836,199.9103307723999,18.24275281700856,19.02983102482523,-823.880347726806,486.7171859741211,228.68030548095703,14.426665148125428,15.049099375210448,-38.800841689176345,470.00701904296875,198.58906745910645,59.45220781524233,62.017255845402424,1496.3759450885686,457.93304443359375,186.710786819458,80.23601822718015,83.69777764814404,1842.8854067504863,448.3723449707031,181.4384937286377,87.99779624124233,91.79443529304146,1953.9657700076884,468.0670928955078,234.98153686523438,22.846151900206028,23.83184240829406,239.85398843198163,448.499755859375,202.57402896881104,37.296484917196956,38.90563079561502,-23.05888739019295,439.5647430419922,191.9556713104248,96.33221891357276,100.48844418165875,-857.1706394383388,434.2572784423828,188.0121374130249,148.06591799401588,154.45417850176145,-2029.5716285401447,448.93272399902344,241.55141830444336,27.733227148883678,28.92976908201586,366.5287522450204,431.91944122314453,208.82407665252686,3.7558606891167483,3.9179061945101523,-225.05810045582285,425.36800384521484,196.92217826843262,67.4924433262387,70.40438495408645,1284.7859439228182,422.1343231201172,190.9182643890381,127.05452764027933,132.53625788752953,2889.0032440298805,431.5373229980469,248.4807300567627,30.730708763719644,32.05657616001158,489.8326791401017,418.4492874145508,222.22071647644043,3.519228769013729,3.6710648597724482,24.374906693599208,414.13909912109375,210.76382160186768,30.39985692949243,31.71144982065082,406.3288510660579,412.3821258544922,202.76026725769043,63.15266237362941,65.87736542795925,978.1492397542477,38.46375178295179,40.990168216193915,51.14405362339184,83.79997824891518,142.07798937955602,32.198925815126714,45.02413283909979,45.08569903231087,54.57338046076775,36.6651326545011,33.03966848462951,82.1961152649543,139.88532802859353,39.432072814633266,34.42475016640515,47.793437493097464,86.39198455048506,36.89824674428036,31.110520083162278,32.922202768736376,53.950551903795585
46,1.84,469.8495101928711,286.04458808898926,21.796977025901,22.737401192443016,-43.44122452848316,485.6155014038086,260.0631523132324,12.14143983625541,12.665278689003777,-125.58901654468411,487.78812408447266,234.08480644226074,15.238656300385433,15.896123647049201,56.421264128315315,476.64005279541016,214.39205646514893,28.538109768243363,29.769378125391867,307.7855066679501,464.9311065673828,202.21557140350342,85.63758835813175,89.33239693459926,1757.5641477443507,487.7813720703125,228.95649433135986,27.486045646085838,28.671923005939025,340.57059076821446,470.83568572998047,198.9872646331787,22.98436245039924,23.976016012048248,-951.0309958338544,458.4959411621094,187.07818508148193,16.80465355771643,17.52968539572148,-1654.202306310564,448.7692642211914,181.76133155822754,12.790845252133945,13.342702510657102,-1961.2933195596088,469.0159225463867,235.21084785461426,24.403652854610822,25.45654128354788,40.6174718813455,450.15159606933594,201.73235893249512,46.347765111139886,48.34742581289388,236.0448754319716,440.3749084472656,189.4843626022339,65.01795288169518,67.82313334669173,-816.6327708741754,433.7169647216797,184.20942306518555,96.02270346135383,100.16557477623618,-1357.2150931381316,449.71435546875,241.88421249389648,21.238228018726467,22.154545123598698,-169.38059896042904,433.4257507324219,208.07564735412598,42.049931275539734,43.86416319980878,998.6564251324656,426.0155487060547,194.63253021240234,59.486356457191626,62.05287782047059,-208.78767834039652,421.46461486816406,187.2465991973877,93.30606365046435,97.33172633926452,-880.1132887066252,431.8582534790039,248.99837493896484,15.226469503741411,15.883411054646292,-404.32912763413225,418.6064147949219,222.3828935623169,5.645264655314257,5.888827939437302,55.44407699162135,413.7031936645508,209.94940280914307,23.09344518725693,24.089805091522695,-190.54111822820312,411.1099624633789,200.66921710968018,61.19073875586969,63.830795192420446,-51.164255888470045,39.373247830649504,41.496779363754065,51.77989856927381,84.99075337393086,145.65128525693999,33.34580273536427,45.98317347958172,45.78688644813973,55.10708856119403,37.68339430584302,34.97356551714527,84.90904059882196,143.891951019643,40.31825461957722,36.1793166943975,50.27555260591628,90.28525360405565,37.53358318646621,31.34607320073977,33.88579497239729,56.5037837114924
47,1.88,470.8370590209961,287.27871894836426,39.51527921254588,41.220154318620246,462.0688281544307,486.9086456298828,261.54430389404297,49.155569335825724,51.27637192549728,965.2773309123376,489.1834259033203,235.44550895690918,48.72357295915756,50.82573719214348,873.2403386273569,477.3999786376953,215.39071083068848,31.37273724493934,32.726304771328664,73.92316614841991,465.2425003051758,203.3402967453003,29.175901382999008,30.434687071886742,-1472.442746567813,489.76844787597656,230.17484664916992,58.27120122629523,60.78529507433312,802.8343017098525,472.1866989135742,200.361328125,48.17472821537394,50.2532127032227,656.9299172793613,459.9128723144531,188.6797571182251,53.45983819279569,55.76634719705761,955.9165450334033,450.08567810058594,183.37417602539062,52.04693060787265,54.292480129708494,1023.7444404762847,470.8585739135742,236.44763946533203,55.48095140079514,57.87466074030821,810.4529864190081,451.80320739746094,203.22319507598877,55.62380552615181,58.02367826491129,241.90631130043522,442.171630859375,191.09210014343262,60.27557251675357,62.876144374931584,-123.67472429400372,435.28141021728516,185.6971836090088,53.9729164979846,56.30156211490408,-1096.6003165333027,451.48326873779297,242.86136627197266,50.521552699100724,52.70129023944877,763.6686278962517,435.27488708496094,209.1269302368164,53.17718583729874,55.47149988876865,290.18341722399674,428.01151275634766,196.03888034820557,61.04144695684061,63.675062242606714,40.55461055340306,423.2227325439453,189.08984184265137,63.6814396587277,66.42895665358856,-772.569242141899,433.5913848876953,249.45419311523438,44.80174863782062,46.73470691328615,771.2823964659965,420.0354766845703,222.56591320037842,36.01834664759175,37.57234762607756,792.0879921660064,415.0872802734375,210.50578594207764,37.29324613379767,38.90225227585802,370.31117960838304,412.4329376220703,201.64175033569336,41.0493920951803,42.820456050622106,-525.2584785449585,41.02205400339432,43.54783424077395,53.81292805695954,86.299805564784,146.86867273981545,35.777214538337596,47.99330198771063,48.01754033602204,57.27878776638237,39.99838073545534,37.29451264774172,87.42408637381922,146.14401350423915,42.42630622915516,38.398176689948244,52.82255509562056,92.9424118701992,39.402971462997655,32.84896710578287,35.44188506343161,58.21660195351729
48,1.92,472.02362060546875,288.97061347961426,51.662580139182445,53.8915469730268,316.7848163601638,487.85106658935547,264.23126220703125,71.18594594699765,74.25724265970972,574.521768355311,491.1705017089844,236.83161735534668,60.56900377706847,63.18223564071839,308.9124612143728,481.0124206542969,215.41025161743164,90.31237168037563,94.20887240912471,1537.0641909449012,469.24217224121094,202.64423847198486,101.49468186732148,105.87364008203646,1885.973825253743,492.4124526977539,232.08970069885254,81.61428922517094,85.13551374319917,608.7554667216513,476.10355377197266,203.1163787841797,119.71856611550973,124.88378845918606,1865.764393899084,463.7127685546875,191.08165740966797,112.38420831732958,117.23299194974433,1536.666118817168,453.50303649902344,184.9519157409668,94.0996846218071,98.15958785413028,1096.6776931105446,473.2509231567383,237.80234813690186,68.73213625232987,71.697564067065,345.57258316891983,454.35108184814453,205.8787965774536,92.00503909782795,95.97456946474193,948.7722799957661,445.4833984375,195.63185691833496,140.48397610312995,146.5451159567117,2091.724289544503,439.3169403076172,191.06899738311768,167.96927980601322,175.2162650085268,2972.867572340568,453.7709426879883,243.4889030456543,59.30458722099933,61.86326620401401,229.0493991141311,437.90287017822266,210.50281047821045,74.15921039024738,77.35878772336977,547.1821958650281,430.6632995605469,197.55924224853516,76.41773993525206,79.71476086169694,400.9924654772558,425.6976318359375,190.15954971313477,67.40456880693232,70.3127191144754,97.09406152217106,435.94715118408203,249.10265922546387,59.546257852870056,62.1153636442575,384.51641827428364,423.7221145629883,222.18483924865723,92.65701607024474,96.65467579198443,1477.0582041476719,419.2317581176758,210.29414176940918,103.7469573566091,108.22308933525105,1733.0209264848256,416.79229736328125,201.53443336486816,109.01701210567376,113.72051904732689,1772.5015749176193,43.17771588231539,46.51812394716234,56.34021748258828,90.06816046114898,151.1036183430969,39.18263508806556,52.98865352607807,52.70686001401181,61.20517128054758,42.866283298137944,41.13349542633139,93.2858910120877,153.15266410458023,44.900836877315726,41.492528198883036,56.011145530088434,95.75492063477822,41.887586008767954,36.71515413746225,39.77080863684165,62.76542271541037
49,1.96,472.0793151855469,288.78355979919434,4.879226732326352,5.089739535439602,-1220.04518593968,488.7047576904297,265.44633865356445,37.12478339139728,38.72652125795653,-888.2680350438297,493.71822357177734,238.69195461273193,78.86595194287331,82.26860025673294,477.1591154003637,484.5343780517578,217.23403930664062,99.15387487650213,103.43183966168047,230.57418131389403,473.9972686767578,203.91569137573242,123.05368390919544,128.36279892971956,562.2289711920776,495.22972106933594,233.70470523834229,81.18359109176927,84.68623326543596,-11.232011944080256,479.3634796142578,204.01432514190674,84.53336677961055,88.18053404065965,-917.5813604631603,468.0964660644531,191.29560470581055,109.72288190782058,114.45684339459629,-69.40371387870101,458.9208984375,184.56396102905273,135.79335597445788,141.65212040139997,1087.3133136817423,476.12335205078125,238.65849494934082,74.93261604511045,78.16556173786864,161.69994177009102,458.5673141479492,206.58708572387695,106.88278720418873,111.49421363982457,387.9911043770658,449.46353912353516,197.1027946472168,106.0812709756076,110.65811622916769,-897.1749931886002,443.18634033203125,193.8581943511963,119.24731725408562,124.39220770415982,-1270.6014326091743,456.4638137817383,243.46612930297852,67.32418478391413,70.22886694641305,209.14001855997597,442.39871978759766,210.84039688110352,112.71265537178938,117.5756097558215,1005.4205508112933,435.6379699707031,199.5167112350464,133.6483972098933,139.41461802145076,1492.4964289938455,431.16077423095703,194.2844295501709,171.13693073502387,178.52058330573584,2705.196604781511,437.90760040283203,248.25994491577148,53.3474961166044,55.649158155012096,-161.6551372311351,427.6266098022461,221.25065803527832,100.36738019900007,104.69770131460663,201.07563806555504,423.8820266723633,210.46221256256104,116.33261962532816,121.35175630298755,328.2166741934127,421.7360305786133,203.27178955078125,131.0031121317058,136.65520289614872,573.3670962205458,43.38130546373297,48.06718479748061,59.630961492857594,94.2054340476162,156.2381303002857,42.570084418683,56.515874887704456,57.28513374979566,66.87125609660359,45.99290576765268,45.59326397192437,97.71221566125442,158.12835241274664,47.709991555172245,46.1955525891159,61.587730250946464,102.89574396700763,44.113552334968446,40.90306219004652,44.624878888961156,68.23163083125631
50,2.0,473.10829162597656,289.46977615356445,30.920112790507858,32.25415196786009,679.1103108105121,490.8808135986328,266.21209144592285,57.671465293886946,60.159683711413976,535.8290613364362,496.32701873779297,238.2892942428589,65.99217563323695,68.83938865247515,-335.73029010644467,486.58103942871094,216.26771450042725,56.58293925190142,59.02419353332017,-1110.1911532090076,475.87158203125,202.79723167419434,54.566488426920635,56.920743530233075,-1786.0513849871622,499.4715118408203,235.98273754119873,120.3697951156857,125.56311454314529,1021.9220319427333,483.61888885498047,205.04744052886963,109.47555437404523,114.19884498707835,650.4577736604674,472.53501892089844,191.06296062469482,111.11614061404688,115.91021383815311,36.33426108892053,463.9963150024414,182.943434715271,133.19618716704284,138.94289750922906,-67.73057230427284,479.04571533203125,240.41253089904785,85.20874830549573,88.88505470395016,267.98732415203796,461.51798248291016,207.31557369232178,75.9816521565816,79.25985820400415,-805.8588858955104,455.40103912353516,200.66225051879883,173.06724190278578,180.53417718141418,1746.9015238061622,453.0625534057617,199.67240810394287,286.5142516528978,298.8758248193469,4362.090427879677,458.57730865478516,244.56682205200195,59.57340590685263,62.143682993048955,-202.12959883410235,445.15674591064453,210.484299659729,69.52298777418707,72.52253664536124,-1126.3268277615066,440.1015090942383,200.4166316986084,113.83386564437518,118.74519431603727,-516.7355926353373,437.88021087646484,195.91687202453613,172.87223834581022,180.33076025329436,45.25442368896293,439.64771270751953,248.7539291381836,45.221753925219296,47.17283320534872,-211.90812374158446,430.51734924316406,219.855694770813,80.2429787601636,83.70503849127698,-524.8165705832413,428.1346893310547,209.254789352417,110.51869326335367,115.2869897971344,-151.61916264632893,427.3817443847656,202.45193481445312,142.6232935254153,148.77673360032733,303.03826760446526,44.67147154244737,50.47357214593716,62.38453703895661,96.56640178894901,158.51496004149504,47.592609000408814,61.08382868718759,61.921542303321786,72.42897199697273,49.548307955810685,48.763658300084536,104.93358274851099,170.0833854055205,50.195738874894204,49.09645405493035,66.33753802358795,110.10897437713942,46.000465663182396,44.25126372969759,49.236358480846526,74.18270017526942
51,2.04,473.81126403808594,290.2632522583008,26.502058186280664,27.645481696424536,-115.21675678588883,491.6954040527344,267.7334403991699,43.14264309719667,45.004019751807505,-378.8915989901618,496.7000961303711,239.6111297607422,34.33689594654985,35.81835122880312,-825.5259355918008,486.9898223876953,215.90683937072754,13.63209372198108,14.220246398450069,-1120.0986783717526,478.79215240478516,200.27318000793457,96.50313505503325,100.66673444980162,1093.6497729892137,501.91165924072266,237.51132488250732,71.98480131796505,75.09056441083327,-1261.8137533078007,484.5198440551758,204.86766815185547,22.96789036209433,23.95883324033541,-2256.0002936685732,472.3646545410156,191.95359706878662,22.66960103141065,23.64767430416179,-2306.563488349783,463.1193542480469,185.0588321685791,57.24927155765086,59.7192745505322,-1980.5905739674217,481.3285446166992,241.15736961364746,60.03173251343862,62.62178396635059,-656.5817684399892,463.6144256591797,209.01002883911133,67.3899669637879,70.29748727910074,-224.05927312258527,459.117431640625,208.12209606170654,208.35796850780852,217.34751181207062,920.333365766411,458.75621795654297,211.9533920288086,338.41577809297075,353.0166273611777,1353.52006354577,460.73673248291016,244.64518547058105,54.02113067382426,56.35185647718774,-144.79566289653042,447.9444122314453,210.87298393249512,70.36582524574112,73.40173809187267,21.980036162785765,442.9776382446289,203.57381343841553,106.77053499180576,111.37711833873497,-184.2018994325574,440.9696578979492,200.62582969665527,140.7989818330738,146.87371251627778,-836.4261934254146,441.73877716064453,248.23637008666992,53.85407319162757,56.17759134902837,225.1189535919913,433.1235122680664,218.80946159362793,70.2081261919288,73.2372351587394,-261.6950833134396,430.67962646484375,208.49138259887695,66.42427495976636,69.2901307774317,-1149.9214754925674,429.8265075683594,201.4026975631714,66.51017700948435,69.37973904583379,-1984.9248638623387,45.77729081030435,52.27373293600945,63.817271088108726,97.13521164488701,162.5416294194871,50.596231576842136,62.04218201680101,62.867449275488255,74.81774297899403,52.053179314464714,51.57555779124856,113.6274832209938,184.2040504999676,52.44981313398171,52.03252357860525,70.79262275713735,115.98392287779053,48.24756931714352,47.18075313604717,52.007963711943795,76.95788973710276
52,2.08,473.7464904785156,289.7210884094238,13.650486553793616,14.239432783584567,-335.15122282099924,492.3414993286133,266.37182235717773,37.67826626345484,39.303883985832236,-142.5033941493817,497.2251892089844,237.18335151672363,62.097855958043105,64.77704969963374,723.9674617707655,489.01268005371094,211.7135524749756,116.39267622751022,121.41440402961706,2679.8539407791745,484.4303512573242,193.41167449951172,222.02131674527607,231.60036119289055,3273.340668577223,503.8167190551758,237.89774894714355,48.596401965411495,50.69307944325427,-609.937124189475,483.16715240478516,205.1676893234253,34.63909825279307,36.133591964716565,304.3689681095289,469.56787109375,195.57392120361328,114.36986188488261,119.30431595678483,2391.4160413155764,460.3868865966797,191.72122478485107,180.0240519332129,187.79113673564365,3201.7965546277865,484.04579162597656,242.3357105255127,74.04356240586543,77.2381501406965,365.4091543586478,464.23431396484375,210.10292530059814,31.411424942103732,32.766661637814934,-938.270641032145,459.70767974853516,212.6885175704956,115.11026839736893,120.07666709060922,-2431.771118036535,460.4910659790039,219.82030391693115,201.398237822046,210.08750559168982,-3573.2280442371975,463.20552825927734,245.9853172302246,70.22688996483912,73.25680848911631,422.6238002982143,449.11041259765625,211.72738552093506,36.138266840123364,37.69744174006531,-892.6074087951841,445.17295837402344,210.9911012649536,193.383668474478,201.72715000551065,2258.750791669392,444.93465423583984,214.79647636413574,367.87261971202526,383.7443757530219,5921.766580918604,443.18504333496094,249.43293571472168,46.92717196096729,48.95183100093994,-180.64400870221073,434.0354537963867,219.27163124084473,25.559222086700988,26.661967210475993,-1164.381698706585,432.74131774902344,210.26978015899658,68.06829673709129,71.00508339107766,42.87381534114907,433.19149017333984,204.95452880859375,122.3177550679472,127.59511865494258,1455.3844902277199,46.34686812164773,53.84588829544275,66.40835307609409,101.99178780607168,171.80564386720272,52.6239547545723,63.48752569538967,67.63962191375964,82.32938844841978,55.142705320092574,52.88622425676116,118.43054990461816,192.60755072363517,55.380085473546366,53.54042124820787,78.86170875735777,131.33369790791141,50.20564255718113,48.247231824466205,54.848167047586905,82.06169448330047
53,2.12,474.0700912475586,292.52360343933105,70.52839831665815,73.57132533014594,1483.2973136640342,492.4391555786133,269.5194911956787,78.72958409976101,82.12634886311501,1070.5616219320693,498.18397521972656,238.9136838912964,49.45528751363133,51.589021355981885,-329.7007085912963,493.4415817260742,212.12041854858398,111.18877535894694,115.98598238777083,-135.7105410461557,493.24031829833984,191.92304134368896,223.37125477609638,233.00854190323514,35.204517758614884,506.35570526123047,240.30821800231934,87.52432526338035,91.30053654901684,1015.1864276440642,486.53072357177734,207.62226104736328,104.09891132769201,108.59022825695915,1811.4159073060648,472.4917984008789,200.04212379455566,133.4966883743711,139.2563637528149,498.8011949007518,462.9661560058594,198.2616662979126,175.766190347626,183.34957096354879,-111.03914430237154,486.88961029052734,244.68555450439453,92.226187041475,96.20525877141101,474.17771576786265,466.42932891845703,212.80805110931396,87.09117452261715,90.84869764686846,1452.0509002263382,461.90704345703125,218.92333030700684,165.28401802203297,172.41514839421177,1308.4620325900637,463.59474182128906,228.49006175994873,230.2139016091194,240.14641272246692,751.4726782694275,465.75111389160156,248.42290878295898,88.1116436313097,91.91319459528776,466.40965265428633,451.49173736572266,215.33133029937744,107.99052509673197,112.64974455812107,1873.807570451394,448.01483154296875,220.20584106445312,241.07528995218948,251.47641247288414,1243.731561684337,448.7887191772461,228.16763877868652,347.88809343745174,362.89762296680095,-521.1688196555244,445.0654602050781,251.88151359558105,77.1828237209189,80.51285396239935,789.0255740364852,436.65889739990234,221.9132137298584,93.07394367883902,97.08959161969528,1760.6906102304822,435.27820587158203,213.5812282562256,104.28773252107742,108.78719608522901,944.5528173537838,435.5177307128906,208.31645965576172,102.20681872124851,106.61650187119292,-524.4654195937414,49.28972113485357,57.13094224996735,68.47191393033336,106.63122710158251,181.1259855433321,56.27597621653298,67.83113482566803,73.20987646387225,89.66337128696173,58.990915670949015,56.5201721626359,125.32715584038664,202.21340723253385,59.056613257357874,58.04641103053271,88.92076525627313,145.84960282658346,53.426156715677095,52.13081548925402,59.199654890996065,86.3263545581482
54,2.16,473.9016342163086,292.6461696624756,5.208181690467803,5.432887158553467,-1703.4609542898118,493.1379699707031,270.6067371368408,32.31142687933112,33.705493894067644,-1210.5213742261842,499.04163360595703,239.87447261810303,32.19756284478471,33.58671722922116,-450.0576031690182,493.48880767822266,212.94020175933838,20.528559423263097,21.414258085191765,-2364.293107564477,493.1916046142578,193.16046237945557,30.959488072868442,32.29522608520372,-5017.832895450785,508.2987976074219,243.80478858947754,100.00504280037421,104.31973097542647,325.47986066024066,488.5716247558594,209.4171380996704,67.94695208435661,70.87850335897012,-942.7931224497257,475.4753112792969,201.5558624267578,83.63893285391643,87.24751002616111,-1300.221343166345,466.90372467041016,199.96446132659912,107.24958594841918,111.87683780805402,-1786.818328887369,488.3632278442383,248.3119010925293,97.85811882478653,102.08017859600224,146.8729956147808,468.8245391845703,215.8285903930664,96.37391304051816,100.53193718945519,242.08098856466833,465.47393798828125,223.09354305267334,137.18921910353535,143.1082076348663,-732.673518983637,467.8000259399414,233.41193675994873,161.8434197654762,168.8261065372427,-1783.0076546306052,467.23384857177734,251.7326545715332,90.66738428447117,94.57920192766767,66.65018330949763,453.64959716796875,219.17922019958496,110.2911363456641,115.04961500312167,59.99676112501504,450.76881408691406,226.20593547821045,165.04838840919754,172.16935261099408,-1982.6764965472514,452.1902084350586,235.18325328826904,194.91821380722513,203.32790284555824,-3989.243003031068,446.41773223876953,254.2774486541748,68.78019545126402,71.74769676601014,-219.1289299097303,438.0379867553711,224.14634227752686,65.61607349184271,68.44705969474602,-716.0632981237317,436.0359191894531,212.62656211853027,30.470445789130107,31.785084215887906,-1925.0527967335277,435.68138122558594,203.5788059234619,118.51198351189981,123.6251482038194,425.2161583156621,49.50703662119571,58.479162005730046,69.8153826195022,107.48779742499019,182.41779458674023,60.44876545555004,70.66627496002684,76.69977686491869,94.1384447992839,63.074122814789106,60.541449650214105,131.05148414578127,208.96645149402357,62.83978133446459,62.648395630657575,95.8075393607129,153.9827189404058,56.296064586317506,54.86869787704386,60.47105825963158,91.27136048630096
55,2.2,474.07054901123047,292.89931297302246,7.608126560549035,7.936376944588459,62.587244650874794,493.20499420166016,271.77223205566406,29.185512816059283,30.444713187401113,-81.51951766666326,499.8114013671875,240.19174575805664,20.814728132469583,21.71277345923742,-296.8485942495934,494.0697479248047,212.59582042694092,16.883610251562047,17.612048652913675,-95.05523580695225,491.5107727050781,192.7073335647583,43.520983657495485,45.398683704366874,327.58644047907876,508.83487701416016,246.17992401123047,60.872045113060395,63.498351606072426,-1020.534484233851,489.81712341308594,212.14239120483398,74.90940942380368,78.1413538737072,181.57126286842703,477.09117889404297,202.7332878112793,49.98348905201594,52.1400119944748,-877.6874507921578,468.08170318603516,198.7083864212036,43.050533905214316,44.90793653581265,-1674.222531806034,488.6323928833008,250.49257278442383,54.930517736521445,57.30047877738988,-1119.492495465309,470.4036331176758,217.43944644927979,56.39367696941863,58.82676558529347,-1042.629290104043,467.91820526123047,224.6510124206543,72.45754504281116,75.58370452472444,-1688.1125777535462,470.4859161376953,234.64387893676758,73.87357308865464,77.06082668436315,-2294.131996321989,467.47425079345703,253.85550498962402,53.41048074685869,55.714860238624325,-971.6085422260836,454.81746673583984,220.9339714050293,52.69648423144426,54.97005855343224,-1501.9889112422359,452.87940979003906,228.73579502105713,82.36657213556862,85.92025367863172,-2156.227473309059,454.9304962158203,238.1239128112793,100.48835614034743,104.82389672738245,-2462.600152954395,446.7159652709961,256.2465190887451,49.78818457858482,51.93628116694741,-495.2853899765682,439.1917037963867,225.6919813156128,48.21866240617495,50.29904242177133,-453.7004318243671,438.3544921875,212.89112091064453,58.34044534967266,60.857526715059294,726.8110624792847,439.2713928222656,202.5979471206665,93.03986798449591,97.05404573953632,-664.2775616070771,49.824491698979244,59.696950533226094,70.68389355787171,108.19227937110672,184.23374193491492,62.98869951979294,73.79192911497513,78.78537734469768,95.9347622607164,65.3661419658847,62.89452027362585,134.07483232677026,212.04888456139807,65.06837574400956,64.84719797279486,99.24434950785815,158.17567480950106,58.3735158329954,56.880659573914706,62.905359328233956,95.15352231588241
56,2.24,473.59676361083984,292.77597427368164,12.239409717649533,12.767475452132318,120.77746268859649,492.43858337402344,271.82570457458496,19.206848827282712,20.035522674065795,-260.22976283338295,499.29622650146484,240.2442741394043,12.946147426922074,13.504705152125256,-205.20170767780414,492.1030807495117,212.8300666809082,49.514209361256405,51.65048536940262,850.9609179122236,486.0068893432617,194.1864538192749,142.47922828389918,148.6264527063141,2580.6942250486804,507.59143829345703,247.0693302154541,38.219622318379486,39.868596688614524,-590.7438729364476,488.6246109008789,212.98476219177246,36.500641872832425,38.07545133704014,-1001.6475634166765,476.57203674316406,203.6876678466797,27.160976427473432,28.33282877144397,-595.1795805757706,468.3671569824219,198.938570022583,9.167481940791399,9.563010254337499,-883.6231570368789,487.0854187011719,250.86602210998535,39.78531072311547,41.50183625933737,-394.9660629513128,469.4379425048828,217.84642696380615,26.1986581102044,27.328991513250678,-787.4443518010698,467.38086700439453,224.90398406982422,14.847707262891507,15.48830722825241,-1502.3849324118007,470.5369567871094,234.61220741271973,1.5017142970874318,1.5665053190050364,-1887.358034133953,466.0237121582031,254.22197341918945,37.402886270918465,39.016622804466074,-417.4559358539563,454.4214630126953,220.12560367584229,22.50385153611622,23.47477359561509,-787.3821239454287,452.5141906738281,227.87362575531006,23.40834313931601,24.418289223158837,-1537.5491113868222,454.8270797729492,237.76243686676025,9.399462056483753,9.804999083930642,-2375.472441086295,445.6167221069336,256.8845272064209,31.774497359894717,33.14539870834606,-469.7720614650338,438.34117889404297,227.2663450241089,44.735428466543844,46.66552537771451,-90.83792610142058,437.6015853881836,214.91137504577637,53.89976471988397,56.22525422484033,-115.80681225547416,438.74019622802734,205.3881597518921,71.00817008090141,74.07179670612814,-574.5562258352045,50.33519071706454,60.49837144018872,71.22408176395672,110.25829878588283,190.17880004316746,64.58344338733752,75.31494716845674,79.91869049555544,96.3172826708899,67.0262154162582,63.98767993415588,134.69436461590035,212.1115447741583,66.62904065618821,65.78618891661947,100.2210810767845,158.56787477285832,59.699331781329235,58.74728058902328,65.15436949722756,98.11639418412754
57,2.28,473.5547637939453,293.02785873413086,6.384050733809618,6.659488726122531,-152.6996681502447,492.3002624511719,272.528657913208,17.910822042479584,18.683579194600544,-33.79858698663129,499.12593841552734,241.55988693237305,33.164693700862934,34.59557466179591,527.2717377417664,492.30297088623047,214.61766242980957,44.96842384001023,46.90857326807991,-118.5478025330676,486.8695831298828,195.95463752746582,49.18532679688645,51.30741326346824,-2432.975986071146,507.4361801147461,246.6679286956787,10.759538853228989,11.223755994275686,-716.121017358471,488.21754455566406,212.95586585998535,10.202267131541188,10.642440947966175,-685.8252597268491,475.96221923828125,203.31865310668945,17.819393711479766,18.588206215135177,-243.61556390771986,467.71968841552734,198.68597030639648,17.374948951974837,18.12458601712633,214.03939406972077,487.2041320800781,250.4491138458252,10.837013168315034,11.304572915912477,-754.9315835856222,469.6173858642578,217.6994276046753,5.799177248146325,6.049381045844369,-531.9902616851576,466.87572479248047,224.6047067642212,14.67854641786865,15.311847988296021,-4.4114809989097115,469.5338439941406,234.3444299697876,25.955972751479038,27.075835566060686,637.7332561763913,466.19640350341797,253.76893043518066,12.121010840470882,12.643968290201249,-659.3163628566206,454.37084197998047,220.53866386413574,10.403761582540213,10.852628817824085,-315.5536194447751,451.9148635864258,228.05089473724365,15.624844992230111,16.298974336483013,-202.9828721668956,453.9312744140625,237.7580451965332,22.395403096639416,23.361646180095576,338.91617740412335,445.6208038330078,256.46029472351074,10.606302962267913,11.06390878584292,-552.0372480625784,438.2075881958008,226.3939905166626,22.063103551499346,23.01500966876018,-591.2628927238583,437.1525192260742,213.8356590270996,29.14216630148463,30.39949650019688,-645.6439431160862,438.27564239501953,204.43751335144043,26.452065638314863,27.5933322346721,-1161.961611786401,50.60157026610945,61.245714607972744,72.60790475042855,112.13464171660604,192.2310965737062,65.03239362710855,75.74064480637539,80.66221874416084,97.04226611157493,67.4783983328947,64.22965517598965,135.3068385354322,213.19457819680073,67.13479938779625,66.22029406933243,100.87304005024382,159.50234062006214,60.14188813276295,59.6678809757737,66.37034935723544,99.22012747351444
58,2.32,473.5780334472656,291.83409690856934,29.84971495816196,31.13757213568201,611.952085238987,491.64676666259766,271.5300464630127,29.835817130437214,31.123074690265355,310.9873873916203,498.64147186279297,240.34921646118164,32.600142163543076,34.006665714348806,-14.722723686177552,489.6076965332031,213.78822326660156,70.50032430577077,73.54204007431119,665.8366701557819,479.5132827758789,197.2387933731079,186.68859622077673,194.7432208274458,3585.895189099439,506.4402770996094,245.69252014160156,34.85007768037684,36.35367403768585,628.2479510852542,487.03914642333984,212.08983421325684,36.56016421086371,38.137541748849145,687.3775200220742,474.0144348144531,203.3128309249878,48.694828135973715,50.79575218201293,805.188649171944,465.20374298095703,199.9174690246582,70.02932654795174,73.05072125668127,1373.1533809888736,485.94566345214844,249.95049476623535,33.84121261507791,35.30128178570136,599.9177217447221,467.62516021728516,216.28427982330322,61.09217560159562,63.72797955982795,1441.9649628495895,464.74090576171875,223.12382698059082,64.95410508422245,67.75653085476516,1311.1170716617285,467.34901428222656,233.25682640075684,61.01414996453146,63.646587529588366,914.268799088192,464.9567413330078,253.65609169006348,31.119677046300232,32.462326364806536,495.4589518651321,452.85587310791016,219.06615257263184,52.817020143537164,55.09579495202075,1106.0791533549168,450.2393341064453,226.218523979187,62.07345262501861,64.75159349197929,1211.315478887407,452.0772171020508,235.8522891998291,66.47102016667566,69.3388927925523,1149.4311653114182,444.5595169067383,256.7054557800293,27.23088645619074,28.40575504780017,433.54615654893126,436.35337829589844,227.43169784545898,53.12091662620756,55.41280295910533,809.9448322586287,434.6727752685547,215.46496868133545,74.17791131900697,77.37829549820353,1174.4699749501663,435.04966735839844,206.27639293670654,92.83181386925948,96.8370151906557,1731.09207389959,51.847073151536726,62.49063759558336,73.96817137900251,115.07632331957848,200.02082540680402,66.48654058861598,77.26614647632935,82.69404883144136,99.96429496184219,68.89044960432275,66.77877435838276,138.0170997696228,215.74044169798424,68.43329244238852,68.42412586741325,103.46310378992298,162.27589633176422,61.27811833467496,61.88439309413791,69.46548117716357,103.09360808114066
59,2.36,474.3636703491211,292.7457904815674,30.087481954741207,31.385597519436853,6.200634593871079,491.7250061035156,271.1429214477539,9.873803331109105,10.299805673416673,-520.5817254212171,497.15213775634766,239.8584794998169,39.202509851656515,40.89389061559414,172.1806225311333,487.60974884033203,213.53702545166016,50.341926647181126,52.51391427432034,-525.7031449997712,479.5560836791992,196.21459007263184,25.62743059242282,26.733118552127237,-4200.252556882964,504.8830032348633,243.27710151672363,71.84770796286939,74.94755620323072,964.8470541386217,486.3338851928711,210.93257904052734,33.880607820066686,35.342376685229134,-69.87912659050028,473.32855224609375,201.6444969177246,45.095546186472816,47.041180270812895,-93.86429778000095,464.57447052001953,197.6161766052246,59.64441837798435,62.21775927637348,-270.82404950769484,484.56172943115234,247.0663833618164,79.97410505739435,83.42456431163743,1203.0820631484016,466.8642807006836,214.90515232086182,39.37742299508453,41.076350335179484,-566.2907306162117,463.7300491333008,221.90322875976562,39.62078952313242,41.3302168405422,-660.657850355574,466.09092712402344,231.90256118774414,46.211589217505384,48.205374650357534,-386.0303219807708,463.6811065673828,250.7479763031006,79.38977877835359,82.81502744705067,1258.8175270561032,451.5087127685547,217.5439453125,50.81803274140497,53.01056182602766,-52.1308281498273,449.10037994384766,224.49663162231445,51.612316075929634,53.83911428154012,-272.81198026097934,450.8009719848633,233.76487255096436,61.16631970038057,63.805322583960255,-138.33925521480114,443.4184265136719,254.26960945129395,67.24690802539705,70.14825610486531,1043.5625264266284,435.0963592529297,225.1138401031494,65.91927538650252,68.76334314602445,333.7635046729782,433.01685333251953,214.1916561126709,52.22189648366823,54.4749948567839,-572.5825160354907,433.0338668823242,206.1974287033081,50.43366255226543,52.60960809806365,-1105.6851773148014,53.1024970523142,62.90262982252002,75.60392700362627,117.1768798905513,201.0901501488891,69.48444283674522,78.67984154373852,84.57569604227386,102.45300533289712,72.22743217678824,68.42182837178994,139.6703084432445,217.66865668399856,71.74589354027054,70.54454834045437,105.61666836118461,164.8281092351226,64.08404857886957,64.63492681997889,71.64448097143493,105.19799240506322
60,2.4,471.68418884277344,290.46841621398926,87.9135040021089,91.7065062900284,1508.0227192647885,490.7493591308594,267.7414798736572,88.46500649001912,92.28180319066487,2049.549937931205,493.0624008178711,237.68252849578857,115.81426671040873,120.81103920392421,1997.9287147082516,486.6578674316406,212.33389377593994,38.353650782338086,40.008407771252834,-312.6376625766877,486.04442596435547,193.04100036621094,180.57245296910483,188.3631983730262,4040.7519955224743,495.58815002441406,233.87414932250977,330.5391487502554,344.80016316081293,6746.315173939555,479.2911148071289,205.0619888305664,229.21666077040567,239.10614622090668,5094.094238391938,468.2623291015625,196.10129356384277,187.73938114556395,195.83934155893385,3719.954032203024,460.4643249511719,192.8844165802002,156.69007931968974,163.45042673275174,2530.8166864094565,474.8164367675781,236.4730453491211,359.85200026358837,375.37770903615035,7298.828618112823,459.49718475341797,209.5939064025879,227.05097982143658,236.84702760399813,4894.266931720466,457.95806884765625,216.755690574646,193.34700958563758,201.68890947968714,4008.967315978624,460.3734588623047,227.2871732711792,183.69684425728252,191.62239060491476,3585.4253988639307,453.64673614501953,240.4768466949463,358.97831863559577,374.4663326711375,7291.28263060217,443.06079864501953,213.55782508850098,233.5278456078616,243.60333586089808,4764.81935087176,443.15521240234375,220.99702835083008,172.46782336557692,179.90889690761705,3151.744565651923,446.10294342041016,230.9117031097412,137.4137189583592,143.34239346993462,1988.4267721493593,433.939208984375,245.1130199432373,329.487003145403,343.7026230431183,6838.859173456325,426.1021041870117,218.51816654205322,278.83634751782984,290.86665976729813,5552.5829155318415,426.2450408935547,219.61689949035645,216.9255480222994,226.28473702626675,4295.243554237071,428.4025573730469,223.93826007843018,458.3844767572567,478.16134026443024,10638.793304159166,56.77075730391533,66.59390195014662,80.43636857178323,118.7772162014014,208.62467808381018,83.27644936317773,88.24408739257478,92.40926970463123,108.99102240220718,87.24254053823427,77.89570947594987,147.73786482243196,225.33355230819515,86.72454684711603,80.28868177489029,112.81302423748929,170.56180497392,77.8321535005943,76.26959321067082,80.69587045248561,124.32444601564042
61,2.44,471.11888885498047,288.4796333312988,51.68910324406626,53.91921440947434,-944.6822970138514,488.6814880371094,264.8188591003418,89.50489876600925,93.36656131322536,27.118953064012175,491.943359375,234.6696138381958,80.35043747858657,83.81713348451873,-924.8476429851369,485.83839416503906,210.06766319274902,60.24604494728515,62.8453428471581,570.9233768976317,483.82720947265625,191.7908763885498,63.63400688009854,66.37947740166835,-3049.593024283946,491.0298538208008,230.8421516418457,136.86460968651534,142.76959303996816,-5050.76425302112,476.7449951171875,203.07489395141602,80.74369764203361,84.22736074211853,-3871.969636969703,465.97816467285156,191.77139282226562,122.38629306753141,127.66661370637205,-1704.318196314045,456.68949127197266,186.2274169921875,191.31945278188832,199.5738743336422,903.0861900222618,471.37645721435547,234.62674140930176,97.60346294055844,101.81453565850545,-6839.079334441122,455.6008529663086,206.06215953826904,131.4691915166462,137.1413911391479,-2492.6409116212553,455.96954345703125,213.0626678466797,104.85898297963085,109.38309297689716,-2307.6454125697496,459.3836975097656,224.37203407287598,76.96453761499477,80.2851499666005,-2783.4310159578563,451.3591766357422,239.6537446975708,60.77841622735368,63.40068312961419,-7776.641238538082,439.21398162841797,211.3498592376709,110.88596157101883,115.67010378797494,-3198.3308018230787,440.9361267089844,218.2564401626587,88.158823053966,91.96240956026614,-2198.6621836837726,444.3561553955078,229.22394275665283,60.723777331244186,63.3436868543932,-1999.9676653885356,432.4295425415039,245.14955520629883,37.752711774934426,39.38154142702129,-7608.027040402425,423.7836456298828,219.01253700256348,59.26451422093457,61.82146426614095,-5726.12988752893,426.9654846191406,221.6334629058838,53.53484362181473,55.84458871326377,-4261.003707825075,430.84774017333984,228.8558006286621,137.29786048502348,143.2215363168235,-8373.495098690168,58.927525880294304,70.32856440267564,83.78905391116398,121.29102991528772,211.27985717987693,88.98723308477645,91.61318182225952,97.51593425288611,116.97397737555288,91.31512196457449,83.38136512151578,152.11318854150784,228.54495830685914,89.26057417230061,84.91548592640929,116.49152061989993,173.09555244809573,79.40741515767516,78.74245178131646,82.92965400101615,130.05330746831336
62,2.48,470.45623779296875,287.3947334289551,31.781620357632974,33.15282902572792,-519.1596345936606,488.59081268310547,263.96541595458984,21.45616494819617,22.381884877827623,-1774.6169108849435,493.13636779785156,233.22114944458008,46.9129392902916,48.936984265871644,-872.0037304661773,489.79747772216797,207.4489688873291,118.669452886914,123.78941154873033,1523.6017175393056,489.8733901977539,187.68091678619385,182.77046618221098,190.6560442201039,3106.9141704608887,490.9552764892578,231.62924766540527,19.765530739828325,20.61830875350315,-3053.782107161625,478.4891891479492,202.05013275146484,50.573883662112216,52.75587900647666,-786.7870433910468,467.05379486083984,188.6328935623169,82.94259274496139,86.52112652789498,-1028.6371794619267,457.5480651855469,182.00300216674805,107.76951616314906,112.4192002590645,-2178.8668518644427,470.8291244506836,236.37436866760254,45.7832815292916,47.758587752837194,-1351.3986976417063,453.1093978881836,201.67319297790527,126.17045978136639,131.6140471807163,-138.18359896079002,447.81837463378906,196.06028079986572,471.38275217350093,491.7204224526539,9558.43323689392,446.3455581665039,198.24525833129883,729.9835135916484,761.4784377062671,17029.832193491668,450.7284927368164,242.26750373840332,67.21931690322525,70.11947457183784,167.96978605559136,435.2101516723633,208.34139347076416,125.20363559929737,130.60550965351075,373.3851466383953,435.1808547973633,207.91056632995605,295.9732464038091,308.7429251183065,5419.51288895101,438.1751251220703,214.22687530517578,405.52216908057505,423.0183038619598,8991.865425189166,432.19188690185547,248.10625076293945,74.15578541875173,77.35521498248572,949.3418388866107,421.76525115966797,219.63822841644287,52.828768102688706,55.10804977341657,-167.83536231810956,423.9463806152344,216.37475967407227,151.5935121193098,158.1339696386518,2557.234523134701,428.17588806152344,218.82468223571777,259.5213501822682,270.718322549354,3187.419655813263,60.253639041323424,71.22383979778874,85.74653328179883,126.24260637723694,218.90609894868106,89.81196543491659,93.72341698251859,100.9767793140019,121.47074538591545,93.22546547468797,88.64592700874444,171.782005439614,259.00409581510985,92.06535315517412,90.13970631254972,128.84123762463219,190.01628460257413,82.50162375697458,80.94677377225312,89.25501278656222,140.8820403702875
63,2.52,471.3718795776367,287.56299018859863,23.274318129051757,24.2784817432235,-221.8586820626104,490.4077911376953,264.0479278564453,45.47127471266547,47.43311949382241,626.2808653998696,497.55455017089844,235.71611881256104,126.84933885486312,132.32221629228195,2084.6308006602576,498.73401641845703,213.58383178710938,270.991543536616,282.68339402430183,3972.3495618892875,502.4874496459961,197.43646144866943,398.6580202891194,415.8580033886193,5630.048979212885,490.17616271972656,231.9128179550171,20.727855277134367,21.622152500095122,25.0960936647993,480.28980255126953,202.68168926239014,47.70398473076495,49.762159129345726,-74.84299692827338,472.1774673461914,186.05903148651123,143.34570477175822,149.5303130675403,1575.2296634911331,464.4769287109375,175.36808967590332,239.83225063919153,250.17974259411938,3444.013558376372,470.75767517089844,236.39913082122803,1.8904635400461014,1.9720270337779775,-1144.6640179764804,457.63545989990234,201.45878791809082,113.27843700258452,118.16580186876529,-336.2061327987757,449.24633026123047,184.0129852294922,303.2906895969231,316.37607724701854,-4383.608630140884,442.87952423095703,174.80031967163086,592.4939556642943,618.0569332173133,-3585.5376122238454,451.00738525390625,242.21019744873047,7.117981057012303,7.425084257380334,-1567.3597578614376,435.75389862060547,208.3009672164917,13.631191844378323,14.219305609603248,-2909.6551010976873,432.86476135253906,197.4841833114624,267.01328582756247,278.5334955558035,-755.2357390625758,433.0239486694336,195.1187038421631,494.75804408954014,516.104234467223,2327.148265131581,432.17918395996094,249.16826248168945,26.55219218227453,27.697778708938625,-1241.4359068386773,420.12454986572266,220.86195945739746,51.17017195440637,53.37789398186238,-43.25389478885473,419.4013977050781,210.4068088531494,187.53884040140545,195.63014854331774,937.4044726166488,421.79222106933594,206.16093635559082,354.54342468833823,369.84009652816644,2478.044349470311,61.22477831105236,73.12116457754163,91.03942193349012,137.54994213820902,235.54041908422585,90.67685153492039,95.71390334769244,106.95799183670351,131.47793508968024,93.30434655603909,93.37255908349505,184.43704852949475,283.7263731438024,92.36235652546934,90.70847853693385,139.98257744686435,210.66045398126306,83.60953490533213,83.08188953152761,97.08021872829494,155.6756442314142
64,2.56,471.8062210083008,286.59316062927246,26.56621271152163,27.71240414979874,85.84806016438095,492.16495513916016,264.4387435913086,45.002515670381335,46.94413598045105,-12.224587834283973,499.57969665527344,236.7844533920288,57.241577201710456,59.71124822386651,-1815.274201710386,500.9389114379883,214.15995597839355,56.97302613373587,59.43111059900498,-5581.307085632422,505.3623962402344,198.52269172668457,76.8326677616654,80.1475906272125,-8392.760319035171,491.1160659790039,232.90878295898438,34.23598642079457,35.71308799122156,352.273387278161,486.29199981689453,200.47307968139648,159.89122923243238,166.78968931749884,2925.688254703828,482.00191497802734,181.81377410888672,267.5607191285771,279.1045477056719,3239.35586595329,477.5684356689453,167.99171447753906,375.664798639201,391.87274594949287,3542.3250838843373,470.70308685302734,236.2729024887085,3.4381568807517464,3.586495148722555,40.36170287361443,462.54871368408203,200.43688774108887,125.46001036065397,130.8729456285845,317.67859399548007,456.0774230957031,179.8469638824463,200.03056512884757,208.66082506217194,-2692.8813046211653,450.4906463623047,165.41992664337158,301.99436404396,315.0238221091289,-7575.827777704609,451.11568450927734,241.1531925201416,26.563463485762373,27.709536309502237,507.1113013030476,440.2881622314453,209.18330669403076,115.48287060807516,120.46534511416962,2656.150987614159,435.2198028564453,191.36778831481934,163.8530367434514,170.92242784900398,-2690.2766926699874,432.15248107910156,179.56801414489746,389.37723179267493,406.17679800059165,-2748.1859116657843,433.6592483520508,247.82398223876953,49.98549774832898,52.14210735539981,611.1082161615296,423.6591339111328,222.57452487945557,98.19039126518784,102.42678683317287,1226.2223212827623,419.60784912109375,209.27315711975098,28.807425689960336,30.050313603385668,-4139.495873498302,417.60021209716797,199.16693687438965,203.85191924191415,212.64705037515637,-3929.826153825252,62.333274477044306,74.99893001675967,93.42787186244479,139.9271865621692,238.74632270931434,92.10537505456925,102.38549092039239,118.1221737449304,147.15284492765994,93.44780636198799,98.60747690863843,192.78348153198164,296.32732602816753,93.47073797784942,95.52709234150065,146.81947456082452,226.9075259012867,85.69521919954812,87.17896100485454,98.28223127243037,164.18152624642045
65,2.6,472.9323196411133,284.25713539123535,64.8320524681297,67.62921231442857,997.9202041157457,494.8786163330078,263.4671688079834,72.05863339404624,75.16758195013398,705.5861492420731,503.1325912475586,237.44686603546143,90.35295545134542,94.25120715496335,863.498973277421,504.7260284423828,214.12382125854492,94.68223474784205,98.76727193411187,983.4040333776724,507.90061950683594,197.59446144104004,67.56565702293416,70.4807574342046,-241.67082982519725,494.1244125366211,232.40288257598877,76.26468796337808,79.55510550748622,1096.0504379066163,492.67852783203125,200.68851470947266,159.75401469808267,166.64655470239893,-3.578365377497761,491.8305206298828,181.19519233703613,246.20130542422888,256.8235883756679,-557.0239832501002,490.21575927734375,165.6833267211914,321.4065265450519,335.27351665510827,-1414.980732359615,472.9478073120117,234.1714096069336,76.87263114697261,80.1892782210315,1915.0695768077237,467.9639434814453,199.63760375976562,136.84747129800002,142.7517152207182,296.96923980334304,464.72190856933594,178.65856647491455,218.1447591366752,227.55655064578409,472.3931395903037,461.5688705444336,162.62226104736328,285.6505555488583,297.9748648007829,-426.22393270865047,453.25355529785156,238.16082000732422,91.94014616893418,95.90687674950638,1704.9335110001034,444.7543716430664,207.3140573501587,121.04007502171285,126.26231347868861,144.92420911297472,439.9739074707031,187.53719329833984,152.63307485515907,159.21838400315892,-292.60109614612657,436.6767120361328,172.80917644500732,203.3324752806596,212.1051951568845,-4851.790071092679,436.87286376953125,244.4425106048584,116.623524809571,121.6552125058927,1737.8276287623223,428.7156295776367,220.95528602600098,132.735834672456,138.46268324158427,900.8974102102851,424.6329879760742,206.68657779693604,141.29404867387422,147.39013887039917,2933.495631675338,421.8544006347656,194.83835220336914,151.72912823437406,158.275436871136,-1359.290337600509,65.03844296962144,78.00563329476503,97.19792014864332,143.87787743953368,241.56555300668253,95.28757927486869,109.05135310848834,128.3951172799571,160.56378559386428,96.65537749082925,104.31754551746717,201.88574355781302,308.24632062019884,97.30701304782968,100.57758488064819,153.18820992095087,235.39173370756208,90.56142769978383,92.7174683345179,104.17783682724634,170.51254372126587
66,2.64,473.75244140625,282.390718460083,50.966360661611276,53.16528931075015,-361.5980750919606,497.30220794677734,262.0313358306885,70.42466120357626,73.46311250981374,-42.61173600800596,505.0823211669922,236.17884635925293,58.144865734143,60.653508874508404,-839.9424570113738,502.8422164916992,212.33868598937988,64.88188978229626,67.68119984486512,-777.1518022311689,501.64573669433594,195.8158779144287,162.57098134207618,169.58505854419775,2477.6075277498285,495.74119567871094,231.14624977111816,51.192734682416564,53.401430172140245,-653.8418833836494,498.13404083251953,198.77195835113525,144.55926633473763,150.79623338742695,-396.2580328742995,498.3713150024414,178.8464069366455,173.743316204506,181.23942051014947,-1889.6041966379605,497.53787994384766,162.88591861724854,195.95749404342905,204.41202252205585,-3271.5373533263105,474.2183303833008,232.07828521728516,61.21375756937189,63.854807145864804,-408.3617768791674,471.8540573120117,197.7377414703369,108.23141391700165,112.9010264557318,-746.2672191246604,469.6501159667969,176.20960235595703,137.57873520354192,143.51452929250908,-2101.0505338318753,467.2711181640625,159.9825096130371,157.09057011520179,163.86819658591153,-3352.666705371784,454.4026184082031,235.20212173461914,79.34986413220417,82.77339069522608,-328.33715135700743,447.8257369995117,204.04937267303467,112.05872119624611,116.89346178249893,-234.22129240474197,444.8610305786133,184.6804904937744,141.5201469435567,147.62599208346535,-289.8097979923392,442.98526763916016,170.55190086364746,167.50590819186647,174.73290136229616,-934.3073448647083,438.5822296142578,240.53000450134277,106.7404433695494,111.34572842228181,-257.7371020902724,432.5962829589844,216.06303691864014,156.112083121867,162.8474930588764,609.6202454323034,430.0868606567383,202.22069263458252,176.22580951052385,183.82902026012437,910.9720347431299,428.22628021240234,191.12491607666016,184.3747156252914,192.3295085338355,851.3517915674875,67.16505454205145,80.9441577951576,99.62406050362365,146.58512543332827,248.34895534845043,97.42363648175431,115.08320244398543,135.6446941003631,168.74026649474655,99.20956977666384,108.83358657569644,207.62632472951336,314.80104848363527,100.61794867563873,105.25332335194815,159.0932496042895,242.38104976205395,95.0152568366751,99.23136805687297,111.53099763765131,178.2057240626193
67,2.68,474.26429748535156,280.2854061126709,54.16604520984013,56.503023308262264,83.44334993780294,498.2413101196289,258.9851188659668,79.69218392984303,83.13047977990885,241.6841817523778,504.10388946533203,233.4544801712036,72.36841386872432,75.49072781233181,370.9304734455852,498.3091735839844,211.3282585144043,116.10728251645486,121.11669709078994,1335.8874311481206,493.9012908935547,196.1215353012085,193.76188221521312,202.12168166691356,813.4155780678952,496.2166213989258,228.9695405960083,55.70060843725848,58.103794815041375,117.55911607252827,499.2444610595703,196.9757080078125,52.79410701329872,55.071893241513514,-2393.1085036478357,500.14820098876953,177.5855255126953,54.469864223669276,56.81995050413521,-3110.486750150357,500.05565643310547,162.5625228881836,63.46152007041768,66.19954869928645,-3455.3118455692347,474.29943084716797,229.5077133178711,64.29627310008283,67.07031690304012,80.38774392938296,471.85630798339844,194.30597305297852,85.79422888480123,89.49579567074727,-585.1307696246131,470.04337310791016,172.94713497161865,82.15208690634513,85.69651454724152,-1445.4503686316891,468.35460662841797,157.77917861938477,61.38309376357425,64.03144930038951,-2495.9186821380504,454.1951370239258,232.50065803527832,67.73549034515544,70.65791816519048,-302.8868132508901,447.5439453125,200.83900451660156,80.567790767731,84.04386441743212,-821.2399341266703,445.94234466552734,181.46594524383545,84.78849169574826,88.44666624630995,-1479.483145928885,445.6929016113281,167.87192344665527,95.24166854253647,99.35084233543235,-1884.5514756715954,438.31783294677734,237.94658660888672,64.92280803402636,67.72388350253816,-1090.5461229935913,431.8953323364258,212.76978492736816,84.17556226899413,87.80729215960964,-1876.0050224816691,430.8646774291992,198.98443222045898,83.21050264068452,86.80059531731675,-2425.7106235701904,431.1280822753906,187.99371242523193,106.72655339546621,111.33123916934977,-2024.9567341121433,69.42517547438194,84.26937698635395,102.64368961611693,151.4297933169599,256.433822615127,99.74778827435597,117.28607817364596,137.9174921205285,171.388248442718,101.89238245278545,112.41341840252633,211.05418531140302,317.36230645565087,103.44426540224634,108.61507792864542,162.6311162541419,246.35508345547126,97.72421217677663,102.74365974325734,115.00302145034398,182.6589736293933
68,2.72,474.83787536621094,281.25781059265137,28.22412596185683,29.441847579974606,-676.5293932071914,498.78475189208984,258.7707996368408,14.60440199110867,15.234504622038301,-1697.3993789467638,504.5526885986328,232.27128982543945,31.636213983750544,33.00114913658666,-1062.2394668936288,499.32071685791016,209.51285362243652,51.954996853075954,54.19657992008509,-1673.0029292676213,495.82881927490234,193.5908603668213,79.52861625083612,82.95985502147205,-2979.0456661360377,496.97540283203125,228.94490718841553,18.979529564691873,19.798395788711172,-957.6349756582551,499.81456756591797,197.05864906311035,14.402704764076683,15.024105227435095,-1001.1947003519605,500.5113220214844,177.22764015197754,12.746048795018435,13.295973323567301,-1088.0994295141977,500.0040817260742,162.10684776306152,11.464613220154162,11.959250587504618,-1356.0074527945458,474.8706817626953,229.99385833740234,18.75274294113177,19.561824522941695,-1187.7123095024608,471.9605255126953,193.88816356658936,10.765281589719299,11.22974649944379,-1956.6512292825869,470.04329681396484,172.48223304748535,11.622548259837735,12.123999688050196,-1839.3128714797833,468.28887939453125,157.5292682647705,6.460227096328712,6.738951695410402,-1432.3124401244777,454.371337890625,232.93840885162354,11.797047369905156,12.30602751092731,-1458.7972663565793,447.4896240234375,200.0709629058838,19.249005140515763,20.079497809041403,-1599.109165209768,445.8744812011719,181.0014009475708,11.736877059783179,12.243261170462235,-1905.0851268961928,445.8517837524414,167.96507835388184,4.604438857310009,4.803096018329815,-2363.6936579275634,438.1696319580078,238.03101539611816,4.264076188463877,4.4480485021862215,-1581.8958750087984,432.43736267089844,212.0976734161377,21.58603088540486,22.517353842722972,-1632.2484579221668,431.3319396972656,198.52576732635498,16.368939951971523,17.075173054535103,-1743.1355565695412,431.3718032836914,188.1185531616211,6.84585364241274,7.141215985469965,-2604.750579596995,70.60284937758092,84.87875717123548,103.96373558158041,153.5976565137633,259.7522168159859,100.53972410590443,117.88704238274336,138.44933105347118,171.86661846621817,102.67485543370313,112.8626082625041,211.53914529892504,317.6318645234673,103.93650650268344,109.41825784100708,163.12084670096039,246.54720729620442,97.90213411686409,103.64435389696627,115.6860283725254,182.94462226881208
69,2.76,473.92345428466797,280.95276832580566,24.098971696586165,25.138714746521543,-107.57832083632657,498.34747314453125,259.45509910583496,20.3020698811118,21.177996718321154,148.58730240707132,505.2893829345703,233.41707229614258,34.05451525470733,35.5237873050171,63.065954210761,501.79656982421875,210.12629985809326,63.76795920964386,66.5192090650965,308.0657286252853,500.48168182373047,194.93810176849365,121.09962141938004,126.32442898817943,1084.1143491676846,495.0437927246094,227.3146390914917,63.19064247844567,65.91698417323352,1152.9647096130584,497.0631790161133,195.80537796020508,75.58450324543112,78.84557441982435,1595.5367298097312,497.31189727783203,176.88856601715088,80.43355160940035,83.903833550075,1765.1965056626927,496.3955307006836,162.5297212600708,90.83110183646,94.74998302531213,2069.768310945188,472.9922103881836,227.75553703308105,73.05279326554916,76.20463455705874,1416.0702508529262,468.90857696533203,191.73962116241455,93.30937921201334,97.33518494974194,2152.635961257454,466.08856201171875,171.68314933776855,100.86644056384415,105.21829349219269,2327.3573451035622,463.4776306152344,158.22237968444824,121.52293573738805,126.7660070780043,3000.676384564847,453.4169006347656,230.47807216644287,65.97446039859929,68.82090909924645,1412.8720397079785,447.12310791015625,198.17951202392578,48.16586252312497,50.243964503287735,754.1116673561584,445.8974838256836,179.98746871948242,25.354827990575725,26.44875459115523,355.13733551732486,445.88619232177734,168.54924201965332,14.629403996133192,15.260585331220243,261.4372328222607,438.3313751220703,235.54611682891846,62.253924275864456,64.93985153915108,1512.2950759241214,434.0620803833008,208.8801383972168,90.11187228584329,93.99972252715223,1787.0592171107314,434.1596984863281,195.37103176116943,105.9144001522184,110.4840458131552,2335.2218189655027,435.4533386230469,185.92321872711182,115.86205161136058,120.86088577038122,2842.991744622781,71.60839796744179,85.72587703996832,105.3846870737811,156.25842487636714,264.8051939755131,103.17640347283377,121.04086535953634,141.8054843954742,175.65661778723063,105.72304081598548,116.75601566049377,215.74787703861276,322.70250480658746,106.68934286665329,111.42801642113858,164.1787968846066,247.15763070945326,100.49972817843015,107.40434279805235,120.1053902050516,187.77905769962734
70,2.8,474.50496673583984,281.96542739868164,29.19369718734203,30.453250670977052,132.8633981113877,497.53150939941406,259.9197006225586,23.47407349992176,24.486855500851426,82.72146956325682,504.45274353027344,233.62986087799072,21.581885827401273,22.513029947410264,-325.26893394017094,500.0734329223633,210.28538703918457,43.261627871328145,45.128138089043205,-534.7767744013324,496.67354583740234,193.2013463973999,104.63692855951439,109.15145808409787,-429.3242726020392,494.26513671875,225.76492309570312,43.35842509726229,45.22911160283665,-517.1968142599216,493.5508728027344,194.97183322906494,90.24650878064327,94.14016787394385,382.3648363529877,492.80784606933594,178.71877670288086,121.5425554150565,126.78647324089853,1072.0659922705881,491.82666778564453,166.80167198181152,156.37309412387796,163.11976530384473,1709.2445569633148,473.5465621948242,226.8775463104248,25.958785056751125,27.078769207417057,-1228.146633741042,468.167724609375,192.52271175384521,26.950105376815216,28.112859751290834,-1730.5581299612775,465.0905990600586,174.77594375610352,81.24541282039459,84.75072227437028,-511.68928044556026,462.74009704589844,163.8213300704956,141.18295132406507,147.2742482580897,512.7060295021352,454.6661376953125,230.44511318206787,31.241794203586764,32.589712230947754,-905.7799217074673,447.08446502685547,199.3183422088623,28.487140328492455,29.71620962414542,-513.1938719785578,445.04547119140625,183.08358192443848,80.28014428733091,83.7438075141891,1432.3763230758468,444.4261169433594,173.15518856048584,120.79570472410595,126.00739989642433,2768.6703641301024,440.06092071533203,236.03020191192627,44.90035026841182,46.83756268224517,-452.5572214226477,436.10118865966797,210.67153930664062,67.85591251428316,70.78353591340701,-580.4046653436305,436.4536666870117,199.4562864303589,117.13132538384468,122.18492198667501,292.52190433799507,437.6356506347656,192.50581741333008,173.3729563331143,180.85308157097418,1499.804895014824,72.82652799428087,86.70535126000239,106.2852082716775,158.06355039992889,269.171252298877,104.98556793694725,124.80647207449411,146.87694332511012,182.18140839938442,106.80619158428217,117.8805300505454,219.1379059295876,328.593474736911,107.99293135589122,112.6166648061044,167.52854918517417,252.19792670531024,102.37323068571996,110.23568423458863,124.99278708451861,195.01318096246632
71,2.84,474.22496795654297,283.2095146179199,31.88016943845911,33.25562997767771,70.05948266751636,496.63257598876953,259.4365882873535,25.513217226570934,26.613977484178793,53.178049583184176,500.39379119873047,233.85387897491455,101.62823837856125,106.01295884969461,2087.498222557109,490.83351135253906,216.33941173553467,276.16499330169427,288.0800507587543,6073.797816742777,480.277099609375,205.82988739013672,517.3994446471135,539.7224915963934,10764.275837807389,496.4927291870117,228.0554723739624,79.87797021390828,83.32428175858807,952.3792538937855,495.1603317260742,196.65008068084717,58.13170679226928,60.639782193955625,-837.5096419997057,492.745361328125,179.9685287475586,31.28282791784871,32.63251633274963,-2353.8489227037226,490.44734954833984,167.93684005737305,44.65930305893277,46.586115561769184,-2913.3412435518885,475.38673400878906,227.895770072937,52.57739494934574,54.845831199263976,694.1765497961729,469.5830535888672,193.9280605316162,49.86332136057543,52.014659703310485,597.5449988004913,465.4936981201172,175.9152889251709,30.213782725120925,31.51734749942838,-1330.8343693735474,462.61051177978516,165.0369358062744,30.562330225008903,31.880932978743182,-2884.832881983663,455.53062438964844,230.6833791732788,22.41801629342468,23.38523501660897,-230.1119303584696,447.72144317626953,199.91975784301758,21.90094073089889,22.845850380932816,-171.7589810803151,445.2536392211914,183.868145942688,20.29277314951763,21.168298881975133,-1564.3877158053492,444.5785140991211,174.04462337493896,22.55990888508759,23.533249522429728,-2561.853759349865,439.97501373291016,235.61309337615967,10.646582205049148,11.105925864713832,-893.2909204382835,436.43943786621094,211.97566509246826,33.68193684109016,35.13513410526417,-891.2100452035709,437.03346252441406,200.7517433166504,35.48214125892387,37.01300781353365,-2129.297854328534,438.57200622558594,193.6457347869873,36.87964725992208,38.47080880014681,-3559.556819270684,74.15675319338797,87.76991035936953,110.5257266256653,169.58675243027903,290.7601519627327,108.31853920729075,127.23206336225233,148.18224397842013,184.0448530218552,109.00002483225273,119.96111643867782,220.3985998295647,329.86871205606076,108.92834075655557,113.53049882134172,168.37528114045315,253.1392566862074,102.8174677203085,111.64108959879918,126.47330739705994,196.55201331447222
72,2.88,474.7303009033203,284.0083694458008,23.63168454542586,24.651266628583894,-215.1090837273453,497.22206115722656,260.81193923950195,37.40891442395806,39.02291104039658,310.2233389054446,502.46166229248047,233.16495895385742,54.490260917549385,56.841227207377145,-1229.2932910579366,494.1949462890625,212.16336250305176,134.02106183498134,139.80336115224313,-3706.917240162779,484.52762603759766,199.1090726852417,198.8031771856155,207.38048182692089,-8308.550244236812,500.6289291381836,229.9717140197754,113.96307538305524,118.87997877091136,888.8924253080824,494.2333221435547,194.79549407958984,51.834099705492065,54.070466700606524,-164.23288733372755,489.5783233642578,178.6406707763672,85.85356812704619,89.55769508715608,1423.129468860161,486.08428955078125,168.39503288269043,109.67632267115678,114.40827537335277,1695.5539952895897,478.0329895019531,231.86014652252197,119.16099605451032,124.30216220180304,1736.4082750634766,470.81214904785156,194.37990188598633,32.73793916100089,34.15040792275639,-446.6062945138523,467.51895904541016,177.4112606048584,62.94647072089096,65.66227769697362,853.6232549386309,465.6587219238281,168.0566167831421,107.26735956333297,111.8953782603587,2000.3611320403877,457.04593658447266,234.36598777770996,99.5545616145154,103.84981391122311,2011.6144723653533,449.5527648925781,200.3056240081787,46.788299325523234,48.806966746461384,649.0279091382142,449.3678665161133,188.04116249084473,146.50284413935054,152.8236662851035,3291.384185078209,450.18566131591797,182.17246055603027,246.85754641235303,257.5081426883221,5849.372329147309,440.44647216796875,237.65074253082275,52.28699129257133,54.542898162082444,1085.9243074342153,440.12096405029297,214.48380947113037,111.36769972790567,116.17262639603331,2025.9373072692283,444.58492279052734,209.87175464630127,296.0143142692259,308.78576484470483,6794.318925779279,448.7675094604492,208.89766216278076,458.64581575041757,478.43395465163024,10999.078646287086,75.14280385853134,89.33082680098539,112.79937571396039,175.17888687636878,299.05537123580956,113.07373835812722,129.3948820302766,151.76455178190636,188.62118403678932,113.97211132032486,121.32713275558808,223.02509093744365,334.3445271864751,113.0823333130045,115.48277749120018,174.48822779185727,263.4395823937403,104.9991836467918,116.28799465464051,138.82473799084812,215.68937150053742
73,2.92,475.1689910888672,284.97751235961914,26.595195363771673,27.742637250060636,77.28426553691854,497.3518753051758,261.1951446533203,10.114905529325327,10.551310155102732,-711.7900221323462,501.5383529663086,233.64061832427979,25.965746047275445,27.08603052783136,-743.8799169886447,492.6194763183594,213.85029315948486,57.705289338376154,60.194967084360066,-1990.2098516970768,481.8667221069336,201.71555042266846,93.12000296634972,97.13763812162647,-2756.0710926323604,501.2423324584961,230.41578769683838,18.9318690313226,19.748678955639534,-2478.282495381796,493.86791229248047,195.6157350540161,22.448825350531134,23.41737332142793,-766.3273344794649,488.2659912109375,179.33175086975098,37.07936906243884,38.67914754112476,-1271.9636886507828,484.23099517822266,168.95670890808105,48.413453636721435,50.502237862700696,-1597.6509377663017,478.6614990234375,232.10698127746582,16.881047339485253,17.6093751647487,-2667.3196759263587,471.32556915283203,194.1185188293457,14.403153007608955,15.024572810302805,-478.1458778113397,467.6975631713867,176.9500494003296,12.36464741204653,12.898116490040344,-1319.104030173332,465.64624786376953,167.85003662109375,5.173910847116989,5.397137709740228,-2662.456013765462,457.19879150390625,234.74910736083984,10.312166399836457,10.757081787887058,-2327.318303083401,449.35779571533203,199.78590488433838,13.877160817359693,14.475886841621103,-858.276997621007,449.31957244873047,186.54293060302734,37.47525105500641,39.092109745891804,-2843.2889134802926,450.4880905151367,180.22747993469238,49.20882185848401,51.331922012592024,-5154.405516893252,439.9961853027344,238.21728229522705,18.09222149249983,18.872805070569385,-891.7523272878265,439.92420196533203,213.25096607208252,31.211157506711796,32.5577537227918,-2090.371816831038,445.32291412353516,208.32674503326416,42.80541665469838,44.652243773575634,-6603.3380267782295,450.6814956665039,207.75817394256592,55.6876142028908,58.090239948251565,-10508.592867584466,76.25250934853376,89.75287920718951,113.88281693507365,177.58668555974316,302.9408767606746,113.8636855163528,130.33157696313373,153.31171768355134,190.64127355129733,114.6764863269148,121.92811566800019,223.54101559704526,334.56041269486474,113.51261658451999,116.06181296486503,176.05191218169296,265.492859274244,105.75409584961459,117.59030480355219,140.61082774179116,218.0129810984675
74,2.96,475.2129364013672,284.6913814544678,7.237147460043534,7.54939205984128,-504.83112975548397,497.5713348388672,261.2643241882324,5.752624128316639,6.000819405343961,-113.76226874396926,502.17334747314453,233.08257579803467,21.13394019122215,22.0457578284322,-126.00681748497892,494.52396392822266,210.96243381500244,86.48267402216034,90.2139435711887,750.4744121707157,486.011962890625,196.03713512420654,175.76159537955252,183.34477774692846,2155.1784906325497,501.5141296386719,230.40444374084473,6.800845190539372,7.094265657170794,-316.3603324617185,493.2272720336914,195.11658668518066,20.303463917710054,21.179450900218658,-55.94806053023183,487.28992462158203,179.67504501342773,25.866929368630803,26.982950432633842,-292.40492771227304,483.07117462158203,170.56161403656006,49.503182947061454,51.638983223808445,28.418634027693734,478.4415817260742,232.21803188323975,6.159132179248436,6.424866126639813,-279.61272595272214,470.68675994873047,193.55944633483887,21.222618437632875,22.13826207171727,177.84223153536166,467.58705139160156,176.97338104248047,2.8236964909427167,2.9455240460163843,-248.814811100599,465.985107421875,168.85010719299316,26.397998845777295,27.53693274626348,553.4948759130814,456.7134475708008,234.69719409942627,12.202810130070446,12.729296786105612,49.305374955463854,449.12315368652344,198.87725830078125,23.461344477318637,24.473577288309798,249.9422611672174,450.2815246582031,186.2614345550537,25.057335232598295,26.138426595583116,-323.8420787577172,452.24937438964844,180.8498239517212,46.700059971499,48.71492033144581,-65.42504202865533,439.30736541748047,237.85200119018555,19.492035553360424,20.33301369760924,36.50521567599636,439.90665435791016,213.05238246917725,4.9839345569710005,5.1989649483995874,-683.9697193598054,445.88497161865234,208.2190990447998,14.30682281836789,14.924086483363277,-743.2039322553089,451.4476013183594,207.51587390899658,20.087732202649736,20.954411503726586,-928.3957111131244,76.55448503092741,89.99291198340326,114.76464724821093,181.1952433025907,310.27466787055175,114.14745614263963,131.17875499914248,154.3910357008567,192.70683288024966,114.93348097198039,122.81364615086888,223.65883655888592,335.66189000471525,114.02178845596421,117.0407560563974,177.0974492455163,267.4414560875018,106.56741639751895,117.79826340148817,141.2077912011257,218.8511575586166
75,3.0,475.0595474243164,284.1568851470947,13.901764296216768,14.501551830341253,173.80399426249932,497.15747833251953,261.08439445495605,11.281952312299284,11.768708828473676,144.19723557824287,502.30247497558594,233.17794799804688,4.013241241652733,4.186391355328063,-446.4841618276035,494.4157409667969,211.66965007781982,17.886221159267258,18.65791691351347,-1788.9006664418805,484.58740234375,197.88874626159668,58.40503272310954,60.9249006917376,-3060.496926379771,501.0081481933594,230.278959274292,13.03273700979937,13.595030617102708,162.51912399829786,492.7198028564453,194.67864990234375,16.757714484983733,17.48072115049351,-92.46824374312874,486.8766784667969,179.40579414367676,12.330562013407343,12.862560486896303,-353.00974864343846,482.93468475341797,170.39731979370117,5.339831595426138,5.5702170599626255,-1151.7191540961455,477.97679901123047,232.46177673339844,13.12046407326189,13.686542638930872,181.54191280727647,470.58521270751953,193.67926597595215,3.9265592917072323,4.095969538132398,-451.0573133396218,467.70259857177734,177.29312896728516,8.499628163318327,8.866342121951556,148.0204518983793,466.32030487060547,169.2199945449829,12.479332484086477,13.017749615801677,-362.9795782615451,456.3832473754883,235.10619163513184,13.141326826029573,13.708305509034092,24.475218073212,449.1158676147461,199.4553565979004,14.453605259026094,15.077201809276854,-234.9093869758236,450.0154495239258,186.69094562530518,12.631204825482437,13.176174444724158,-324.05630377147395,451.80004119873047,181.02929592132568,12.096241780358877,12.618130576271598,-902.4197438793553,439.1701889038086,238.2978343963623,11.661492283178683,12.164623939830559,-204.209743944467,439.69444274902344,213.16163063049316,5.967041126953046,6.224487362358471,25.63806034897209,445.56896209716797,208.28969478607178,8.094974380538634,8.444229670662166,-161.9964203175278,451.04225158691406,207.5991153717041,10.345214651484833,10.79155589663824,-254.07139017720866,77.13454710414106,90.46366033654222,114.93210290242405,181.94155997913128,312.7116638982213,114.69125736732373,131.87798384516222,154.90553812033255,192.9296415626482,115.48094267753763,122.97748493239418,224.01349024376398,336.1825999893473,114.57012067632559,117.64384412876846,177.62449622330524,267.9461813105527,107.05400135511218,118.0472428959825,141.54556038795218,219.2828197944821
76,3.04,474.50721740722656,284.3661689758301,14.766265792944127,15.40335199002394,22.5450039920672,496.5576934814453,261.3104724884033,16.024456792382733,16.71582727028698,123.6779610453326,501.9556427001953,233.7596082687378,16.930396070250215,17.66085303199641,336.8615419167087,493.8084030151367,212.29395389556885,21.774621758809616,22.714081413924323,101.40411251027129,484.04335021972656,198.38775157928467,18.456012244240764,19.252291467357573,-1041.8152306095005,501.2706756591797,230.6700897216797,11.776663820447359,12.284764519219918,-32.756652447069754,493.0275344848633,196.10877513885498,36.57147921566646,38.149344936208045,516.7155946428634,487.4160385131836,181.28840446472168,48.95872547707371,51.07103529632184,955.2118702356385,483.57147216796875,172.27519512176514,49.57263584303348,51.71143264456145,1153.5303896149705,478.47633361816406,232.56839275360107,12.76963682158162,13.320579048602834,-9.149089758200946,471.2551498413086,194.7269868850708,31.089938752692962,32.431305021263185,708.3833870782697,468.0561065673828,178.28234195709229,26.262023938571392,27.395091241656125,463.2187279926143,466.1727523803711,169.75573539733887,13.892219006008649,14.49159471139295,36.846127389781856,456.8444061279297,235.10772228240967,11.529032316135734,12.026449026446265,-42.04641206469568,449.69879150390625,199.95336055755615,19.16716274625726,19.994124348740257,122.92306348658508,450.59314727783203,188.04707050323486,36.85113108345638,38.441062301629856,631.6221964226424,452.31781005859375,182.95270442962646,49.79699339598701,51.94547003818706,983.1834865478866,439.266357421875,238.3797025680542,3.157410074260056,3.29363560379055,-221.77470840100023,439.5072555541992,213.3845329284668,7.276867472859038,7.590825780933977,34.158460464387645,445.26153564453125,209.0837287902832,21.28674798473259,22.205158469275666,344.0232199653375,450.5426788330078,208.990159034729,36.9507730711349,38.54500331357691,693.8361854234669,77.75068118374202,91.13229342735369,115.6385370237039,182.85012323568827,313.4817555569156,115.18264794809252,133.40395764261052,156.9483795321854,194.99809886843065,116.01376583948174,124.27473713324471,225.10929389343022,336.762263777803,115.05117863738343,118.44360910271807,179.16213871537045,270.02400011208016,107.1857467792638,118.35087592721986,142.4337667267232,220.82461992702517
77,3.08,474.60376739501953,283.91956329345703,11.423072476098463,11.915917580257576,-87.18586024415913,496.85047149658203,261.42136573791504,7.826887908624068,8.1645766867211,-213.78126458914699,502.8152084350586,233.65628242492676,21.64384269472376,22.577659925561104,122.92017233911734,495.76805114746094,211.20999813079834,55.98649894450567,58.40201998418598,892.1984642565416,487.09861755371094,196.50117874145508,89.7698987500417,93.64299464367191,1859.7675794078582,500.65929412841797,230.7552194595337,15.431996962958848,16.09780593567669,95.32603541141928,492.6766586303711,195.714111328125,13.20211604169793,13.771717457543417,-609.4406869666157,487.27813720703125,180.53189277648926,19.224442525577814,20.053875447302158,-775.428996225492,483.59989166259766,171.77361488342285,12.559617907466025,13.101498930172966,-965.248342859712,478.082275390625,232.78223991394043,11.208604247308001,11.692196182779073,-40.70957164559403,470.73387145996094,194.51661586761475,14.053182821115831,14.65950326298748,-444.2950439568927,467.6198196411133,178.10824871063232,11.74347532932341,12.250144120402213,-378.6236780313478,465.7916259765625,170.2708625793457,16.019779752745805,16.710948441149736,55.483843243919615,456.8716812133789,235.36548614501953,6.480072296752303,6.759653111172755,-131.66989788183776,449.3688201904297,200.527925491333,16.564380663856902,17.279045998484808,-67.87695875638624,449.9829864501953,188.28749656677246,16.395520112413912,17.10290000818652,-533.4540573360835,451.43455505371094,183.34373474121094,24.148552081703404,25.19043426278047,-668.8758943851648,439.6977996826172,238.65684986114502,12.819736893309736,13.3728406731987,251.98012673520375,439.52770233154297,213.7769365310669,9.823398662036482,10.247226309713406,66.41001321948575,444.94659423828125,209.4534730911255,12.142357096546313,12.666235524220303,-238.4730736263841,450.0249481201172,209.5452117919922,18.975784806163112,19.79448946367646,-468.76284624751133,78.22731788695232,91.45887649482252,116.54164342072634,185.1862040350557,317.22747534266244,115.8265601855196,133.95482634091226,157.75053455007753,195.52215882563758,116.4814536867929,124.86111726376421,225.5992996582463,337.430701715449,115.32156476183034,119.13477094265747,179.8462547156979,271.03161748259134,107.72066040619174,118.7607649796084,142.94041614769202,221.61639950557222
78,3.12,474.75574493408203,283.00251960754395,23.23879157589407,24.241422407372887,308.1376206778828,497.0341491699219,260.15636444091797,31.956667624767764,33.33542865574794,629.2712992256711,502.3668670654297,232.6241970062256,28.13150252848549,29.345227935797197,169.18920025590234,495.0311279296875,210.81218719482422,20.93605397505347,21.839333869635755,-914.0671528637558,486.2034606933594,196.37699604034424,22.593239418707356,23.568018092124973,-1751.8744137886736,500.7643127441406,229.74768161773682,25.32490637076729,26.41754201185564,257.9934019044738,492.23907470703125,194.8652172088623,23.875993640112096,24.906116367345497,278.359972745052,487.0585250854492,180.1296043395996,11.458224949814367,11.95258669711885,-202.5322187545827,483.68995666503906,171.5273952484131,6.554378943171919,6.837165696009642,-156.6083308540831,478.23413848876953,231.94406032562256,21.2956483649062,22.214442853735594,263.05616677391305,470.94615936279297,194.702467918396,7.0536842531234285,7.358013386787777,-182.53724690499257,468.01761627197266,178.62446308135986,16.29262555707142,16.99556609749972,118.63554942743764,466.2306213378906,170.77285766601562,16.671757449132976,17.39105552359812,17.002677061209592,456.8898010253906,234.8851203918457,12.017684479798906,12.536183944070954,144.413270822455,449.9114227294922,200.93602180480957,16.97351091536148,17.705828054426355,10.66955139853869,450.7021713256836,189.73697662353516,40.452281456704334,42.197583249170286,627.3670810245942,451.9571304321289,185.53390502929688,56.29126773389858,58.71993793341019,838.2375917657431,439.66190338134766,238.45215797424316,5.1953893627111185,5.4195429095760375,-198.83244409056658,440.4065704345703,215.01123905181885,37.88066669863985,39.51501692829752,731.6947654646028,446.1374282836914,211.97625160217285,69.7428183556839,72.75185175267735,1502.1404057114262,451.1012268066406,213.27564239501953,97.06469587042051,101.25252364149745,2036.4508544455248,79.19697478324724,92.79229364105244,117.71545253815822,186.05977738984114,318.17019606634744,116.88326186599383,134.95107099560607,158.22863801796228,195.79564545347796,117.37003140094234,125.15543779923571,226.2791223021463,338.12634393639297,115.82301211959319,119.84300406483453,181.5341580456647,273.3804149999278,107.9374421225748,120.3413656567403,145.85049021779912,225.66650045123214
79,3.16,474.1450881958008,283.76827239990234,24.485697241106127,25.54212545098151,32.51757609021553,496.47499084472656,260.9466075897217,24.201527158250144,25.24569493343275,-202.2433430578798,501.13033294677734,234.02956008911133,46.79784998620026,48.816929467585894,486.7925382947174,493.53302001953125,212.70727157592773,60.39283961062365,62.99847092309593,1028.9784263365043,484.7872543334961,198.25550079345703,58.81337306038781,61.35085875283574,944.5710165177692,501.13414764404297,231.46435260772705,43.90143178943475,45.7955461591256,484.45010368174894,492.5846862792969,196.49273872375488,41.595324559394214,43.3899426105272,462.09565607954255,487.1445846557617,181.1808156967163,26.36820489450202,27.505853343718393,388.8316661649886,483.4213638305664,171.56390190124512,6.776561002411833,7.06893373488485,5.7942009718802145,478.43994140625,233.15709114074707,30.759130750936276,32.086224405512006,246.7945387944103,471.2561798095703,196.10851764678955,35.99555976207007,37.54857760707827,754.7641055072625,467.95188903808594,179.81367588043213,29.775694269316507,31.060357845974767,351.61979371187624,465.9809112548828,171.40623092651367,17.020517263542835,17.754862477682437,9.09517385210794,456.96083068847656,235.6082582473755,18.165447474847653,18.949190366400764,160.32516055824524,450.02071380615234,202.14102745056152,30.24879280371799,31.55386807757527,346.20100057872287,449.8918151855469,190.27122974395752,24.265503684993764,25.312431708616764,-422.12878851383806,450.54622650146484,185.2100944519043,36.18963242071734,37.75102347353505,-524.2228614968786,439.77916717529297,238.7319803237915,7.584991128752311,7.912243341387546,62.31751079528771,440.15708923339844,215.75318813323975,19.569256966596175,20.413566806019745,-477.53625305694436,445.2261734008789,212.36200332641602,24.73850559105932,25.805841142880194,-1173.650265244929,449.9408721923828,213.11596870422363,29.282231369486055,30.545604634384983,-1767.6729751778116,80.2186598012865,93.80212143838975,119.66812971686166,188.579716226765,320.6242304164609,118.71508371235885,136.68666870002716,159.328872151711,196.07840280287334,118.65348037716281,126.65738090351884,227.52153661598533,338.83653843550024,116.58097973424921,121.10515878793754,182.54665531400937,274.8904559388692,108.2539318562303,121.15790832898108,146.88272386351431,226.88832463660754
80,3.2,474.5650100708008,283.1110954284668,19.49705030396767,20.338244808157345,-130.0970160706041,496.64844512939453,260.60354232788086,9.610546379875709,10.025190578406923,-380.51260887564564,501.7389678955078,233.44549655914307,21.088603377403974,21.998464971108643,-670.4616124119312,494.66442108154297,210.660982131958,58.45601365355395,60.97808117944014,-50.50974359139477,487.1714401245117,195.0193691253662,100.48908541261173,104.82465746388422,1086.8449677762121,501.0487747192383,230.68973064422607,19.482808489598835,20.32338853489396,-636.8039406057909,492.1578598022461,195.594220161438,24.86861033938668,25.941559222329733,-436.2095847049367,486.5115737915039,180.27194023132324,27.68976983767974,28.884436817894343,34.464586854398775,482.5176239013672,170.61518669128418,32.75673985266462,34.17001976473547,677.5271507462655,478.31119537353516,233.09632301330566,3.5591700448056187,3.7127293901676057,-709.33737538361,470.77159881591797,195.96237659454346,12.653456705597494,13.199386375665819,-608.7297807853114,467.53414154052734,179.5564842224121,12.26429066109089,12.793429876564678,-456.67319923525224,465.64258575439453,171.02585792541504,12.726639487837769,13.275726607533707,-111.97839675371823,456.94705963134766,235.7801914215088,4.312094791252821,4.498138853477384,-361.2762878230845,449.7947311401367,202.05718517303467,6.025865749024148,6.285849955457282,-631.7004530529497,449.90577697753906,189.71837997436523,13.82565096509645,14.42215461192333,-272.2569274173358,450.6044006347656,184.44116592407227,19.278150045764765,20.1099001626602,-441.02808277187125,439.8997116088867,238.91876220703125,5.557564235853698,5.7973437111587325,-52.872490755720335,440.43643951416016,215.3699254989624,11.856612769749526,12.368162842438664,-201.135099089527,445.74031829833984,211.8342161178589,18.420510190777225,19.21525768823321,-164.76458636617463,450.57559967041016,212.47371196746826,22.57449732649946,23.548467377858024,-174.92843141317397,81.0321895936128,94.20312906152603,120.548068315706,191.01883947394256,324.81721671501623,119.52801925375461,137.72433106892038,160.48424962442678,197.44520359346276,118.80198955276951,127.18535635854546,228.0332738110479,339.36756749980157,116.76090528838832,121.35659278615583,183.1235414984863,275.6948519453756,108.48582560467665,121.65263484267864,147.65133417104363,227.83026333172188
81,3.24,474.5359420776367,283.77376556396484,16.58268405422479,17.29813908324982,-76.00264312268817,496.2849807739258,261.1365222930908,16.12788697046836,16.82371991300272,169.9632333648949,501.0044860839844,234.3064785003662,28.292594377450662,29.513270045232883,187.870126853106,493.5532760620117,212.7530336380005,59.22057686292257,61.775631243732946,19.93875160732017,485.3511047363281,198.11212062835693,89.71737841941803,93.58820833882187,-280.91122812655874,500.7912063598633,231.10899925231934,12.301616394898838,12.832366018185837,-187.2755629177031,492.12940216064453,196.18924140930176,14.89253426164601,15.53506827469124,-260.16227369096237,487.2112274169922,180.5185317993164,18.5459327930719,19.3460916118358,-238.4586301514636,483.8523483276367,170.08000373840332,35.950574466331595,37.50165143397863,83.29079173107897,478.26351165771484,233.18492889404297,2.5155440335623456,2.624076441444022,-27.216323718089598,471.1753463745117,196.4798641204834,16.40894250427673,17.116901505200733,97.93787823837286,467.8509521484375,179.90846157073975,11.838945661991962,12.349733492510161,-11.09240960136293,465.9859848022461,171.02301120758057,8.585271176111329,8.955680177356673,-108.00116075442587,456.88018798828125,235.91411590576172,3.7422907530694065,3.9037507875609423,-14.859701647911038,450.0620651245117,202.91211605072021,22.393836551911896,23.360012047256273,426.85405229497474,449.8677444458008,191.0806131362915,34.069099460894044,35.5390007424927,527.9211532642342,450.61038970947266,186.0798740386963,40.967976472106145,42.73552777442261,565.6406902940602,439.57889556884766,239.32199478149414,12.882144635461422,13.43794097904071,191.0149316970494,439.5833969116211,215.85196495056152,24.495455122386968,25.552304333181873,329.6035372685802,444.36756134033203,212.2455596923828,35.826536970353615,37.372262376697606,453.9251172116099,449.01336669921875,212.7580690383911,39.697534558689476,41.41027301809909,446.54514100602665,81.72411515694279,94.87607785804613,121.72859911751532,193.4898647236919,328.5607450485692,120.04131389448204,138.345733799908,161.2580932889002,198.9452696508219,118.90695261042728,127.8700324187535,228.52726315074833,339.72579470689584,116.91705531989075,122.29099326804608,184.54510152818602,277.4042730563525,109.02334324383828,122.6747270160059,149.14622466611155,229.48667425244585
82,3.28,474.7645950317383,283.83453369140625,5.914755845135655,6.169946247426373,-278.2048208955861,496.6618347167969,261.25688552856445,9.890216210704482,10.316926681877613,-162.66983077812768,502.3075866699219,233.92119884490967,33.97160165104238,35.43729641829455,148.10065932654172,496.47472381591797,210.79988479614258,87.85516268714224,91.64564785617699,746.7504153111012,490.7038116455078,194.4802951812744,161.7127610410974,168.68981058060785,1877.5400560446496,500.7624053955078,231.2160301208496,2.7709545248602576,2.8905065433108446,-248.5464868718748,492.5494384765625,196.96246147155762,21.998576251727272,22.947698357607294,185.31575207290138,487.83519744873047,181.12438201904297,21.74271557973779,22.680798652135294,83.36767600748738,484.48291778564453,170.7224464416504,22.504867089249682,23.47583296448997,-350.64546173721646,478.0875015258789,233.63585472106934,12.101489267552912,12.623604464758115,249.98820058285233,470.7239532470703,196.78547859191895,13.628003353668557,14.215979552399068,-72.52304882004164,467.3082733154297,179.81271743774414,13.776502976032267,14.370886147318066,50.52881637019762,465.34671783447266,170.824556350708,16.734070528090157,17.456057082029922,212.50942261683124,456.77452087402344,236.40329360961914,12.511503831144587,13.051308986171815,228.68895496527185,449.7159194946289,203.03017616271973,9.143132229038986,9.53760998142915,-345.5600516456781,449.7981643676758,189.973783493042,27.72536346073441,28.92156611735293,-165.4358656284943,450.75695037841797,184.055757522583,50.7353901414256,52.924353635365044,254.72064652356093,439.56581115722656,239.77612495422363,11.35796569623024,11.848001787510132,-39.74847978826443,439.27284240722656,215.41947841644287,13.310914280997407,13.885209764896132,-291.6773642071435,444.1326141357422,210.71146488189697,38.79954152841376,40.47353634249797,77.53184914500918,448.7371826171875,210.25018215179443,63.07621522378221,65.7976199883036,609.6836742551126,81.97091300683984,95.28875492532124,123.14609097424709,197.15569063793896,335.3083374717935,120.15693415621449,139.2636417342123,162.1653252349856,199.88430296940152,119.4118967890176,128.43867160084946,229.10209859664104,340.42403699017706,117.43910767933762,122.67249766730325,185.70196417288014,279.5212472017671,109.49726331533867,123.23013540660175,150.76516611981145,232.11857905197797
83,3.32,474.7445297241211,283.7580871582031,1.9758999545379403,2.0611495772589583,-102.71991675418536,496.75697326660156,261.2922477722168,2.537448513648446,2.6469259838845955,-191.75001744982544,502.01637268066406,234.33536052703857,12.657396219288511,13.203495858517012,-555.8450139944384,495.48866271972656,212.19736576080322,42.75854835593582,44.60335335583995,-1176.057362508426,489.0010452270508,196.8131160736084,72.20399396646503,75.31921406172091,-2334.2649129721735,500.3973388671875,230.84200859069824,13.066313441360755,13.630055693933988,268.4887287655786,492.42149353027344,197.10904598236084,4.864214227931064,5.074079320955118,-446.8404759163044,487.1253204345703,181.3348388671875,18.510427131820002,19.30905406926611,-84.29361457172959,483.134765625,170.9303855895996,34.102354551228984,35.57369061392478,302.4464412358703,477.91587829589844,233.19020748138428,11.938802162168557,12.45389827203397,-4.242654818103642,470.8396530151367,196.863112449646,3.4833041243376384,3.6335902568618885,-264.5597323884295,467.4334716796875,179.96535301208496,4.935347566736308,5.148281686753408,-230.56511151411644,465.3832244873047,170.8267307281494,0.914283742286876,0.9537302455933367,-412.5581709109146,456.65950775146484,236.24975681304932,4.795933581014343,5.0028527255983315,-201.2114065143371,449.5148468017578,203.31836700439453,8.785079291178365,9.164108954814505,-9.337525665366098,449.3505859375,190.34863471984863,14.595373697619484,15.2250868054804,-342.4119827968133,450.01007080078125,184.50353622436523,21.770606176399,22.70989258039099,-755.3615263743513,439.50748443603516,240.1146125793457,8.58690422845012,8.957383687258583,-72.26545250628872,439.33677673339844,215.54975509643555,3.6279825155454644,3.784510754730036,-252.5174752541524,444.0916442871094,210.93313694000244,5.635658226957049,5.87880704455244,-864.8682324486383,448.61053466796875,210.85865020751953,15.53771777560969,16.208088041712625,-1239.7382986647742,82.0533589899302,95.39463196467663,123.67423080858777,198.93982477217259,338.32110603426236,120.70213638397185,139.4666049070505,162.93768739775626,201.30725059395849,119.91005271989897,128.58401521112393,229.3080298641112,340.4621862000008,117.63922178836155,123.03906202549582,186.31096764509937,280.42964290498276,109.85555866282903,123.38151583679095,151.00031840159355,232.76690257364646
84,3.36,473.78936767578125,281.6827583312988,57.1146012327886,59.57879391409022,1437.9411084207816,496.82994842529297,260.5389404296875,18.920843765781616,19.73717800825767,427.2563006093268,501.9461441040039,233.78385543823242,13.89896389930724,14.498630611130244,32.37836881533078,496.6493225097656,210.87271213531494,44.03009181040826,45.92975717888428,33.16009557610826,492.45479583740234,194.62473392486572,102.21732273518822,106.6274590777264,782.7061254001371,500.372314453125,230.3636884689331,11.97435698128992,12.490987093374954,-28.47671501397584,491.7148971557617,196.20662212371826,28.65361296067724,29.88986466911104,620.3946337038981,486.04732513427734,180.59922695159912,32.62666430438197,34.03433214515799,368.131951897297,481.75899505615234,170.91965675354004,34.395310054847926,35.87928559663283,7.639874567701277,478.05057525634766,232.26480960845947,23.37873625712064,24.387404960734116,298.3376672175037,470.4020309448242,195.54139137268066,34.80714439701097,36.30888841042944,816.8824538391889,466.99840545654297,178.99469375610352,26.592550763133133,27.73987854890493,564.7899215537881,465.0535583496094,170.03082275390625,21.53702140801395,22.46622986583641,537.8124905060769,456.86031341552734,234.8316192626953,35.80709624539908,37.35198288737953,808.7282540445299,449.55127716064453,201.78597450256348,38.32063698841538,39.97396960689577,770.2465163020316,449.65370178222656,189.7360897064209,17.086006862332564,17.823177605961224,64.95227001202059,450.37837982177734,184.24304008483887,11.278014387937532,11.764601003522893,-273.6322894217024,439.54139709472656,238.437180519104,41.94437078698874,43.754048335008854,869.9166161937567,439.8759460449219,215.85737228393555,15.518776541138553,16.188329593248024,310.0954709629497,444.7584915161133,211.53798580169678,22.507323423764795,23.4783952768357,439.9897058070815,449.10083770751953,211.02438926696777,12.938955387209658,13.497202813973553,-67.77213069347678,84.43651074649381,96.18411908500693,124.25417603303298,200.77701505932794,342.5862043973714,121.20177586770684,140.66219949381494,164.29906068356257,202.7424220178238,120.88554891832835,130.0363707475411,230.4176250060674,341.36083539463425,119.13330110385674,124.63802080977166,187.0238947493378,280.9002269451237,111.60572059622939,124.02904902052087,151.939454212667,233.30679068620543
85,3.4,473.49430084228516,282.36820220947266,18.65639545764718,19.461320155603584,-1002.936843962166,497.0745849609375,261.2059020996094,17.760294615326877,18.526557305851004,-30.26551756016662,502.916259765625,233.76806259155273,24.256105042452464,25.30262756440576,270.0999238318879,497.62062072753906,210.33917427062988,27.70472523892075,28.90003746552574,-425.74299283396346,493.1385040283203,193.87381553649902,25.388670164016595,26.484056875221267,-2003.5850550626283,500.25814056396484,230.53293228149414,5.103867715771445,5.32407258808202,-179.17286263232336,491.8680953979492,197.14598178863525,23.794251951394475,24.820847957496195,-126.72541779037117,486.7940139770508,180.95887184143066,20.7196868144809,21.613631611521598,-310.5175133409098,482.9888153076172,170.20726203918457,35.53136009177897,37.064350178464366,29.62661454578832,477.89371490478516,231.99638843536377,7.772350676371359,8.107686461614115,-406.99296247800004,470.39031982421875,196.5999698638916,26.466081741545405,27.60795305855648,-217.52338379682402,467.1034622192383,179.74908828735352,19.041862306637817,19.863417858485608,-196.91151726048304,465.29605865478516,170.38006782531738,10.629514273807219,11.088121542595603,-284.4527080810202,456.97010040283203,234.44269180297852,10.1031477614405,10.539045101778719,-670.3234446400202,449.7825622558594,202.34174251556396,15.049312267157141,15.69861042116512,-606.8839796432662,449.9410629272461,189.65652465820312,7.454320247549097,7.775934703425639,-251.18107256338962,450.95531463623047,183.3932590484619,25.678074181998518,26.785947144488457,375.5336535241391,440.2089309692383,237.98448085784912,20.163991062673343,21.033960529849555,-568.0021951289825,440.63987731933594,216.0228967666626,19.541451878154284,20.384562075210358,104.90581204905834,445.5239486694336,211.49864673614502,19.161684027762963,19.988409252546997,-87.24965060721752,450.18856048583984,210.66354274749756,28.650382339187768,29.88649466340705,409.73229623583745,85.21496355271795,96.92518137724097,125.2662811356092,201.93301655794897,343.64556667238026,121.41473877123012,141.6550334121148,165.16360594802345,204.2249960249624,121.20985637679293,131.14068886988335,231.2121617204068,341.8043602563381,119.55486290792788,125.26596522661826,187.33493213747482,281.9716648309032,112.44707901742336,124.84443150352928,152.73899058276888,234.50225047274168
86,3.44,474.27738189697266,283.49101066589355,34.222751642919945,35.69928220274591,405.9490511785582,497.48424530029297,262.2777843475342,28.68746619885994,29.925178495303943,284.96552973632345,503.0258560180664,234.52807903289795,19.19694522678421,20.025191785634956,-131.93589446927012,496.9334411621094,211.50126457214355,33.751570556200335,35.20777214654388,157.69336702545348,490.92945098876953,195.80220222473145,73.30838351998253,76.47125217788864,1249.6798825666842,500.8006286621094,230.83757400512695,15.554338550836095,16.225425915400482,272.5338331829616,492.0399475097656,197.4847412109375,9.496416907652264,9.906137023652857,-372.8677733460835,486.3803482055664,181.24377250671387,12.557063738603835,13.098834562446017,-212.8699262268895,482.10758209228516,170.6607484817505,24.776777602670634,25.84576438918239,-280.46464473204946,478.1226348876953,231.94384574890137,5.871812564930044,6.125150192019507,-49.563406739865215,470.2488327026367,196.31372451782227,7.982598406844196,8.327005268615697,-482.0236947485196,466.9095993041992,179.67578887939453,5.181435191779662,5.404986690041584,-361.4607792111006,465.1997375488281,170.87430953979492,12.588502387657229,13.131629622771401,51.08770200439494,456.93065643310547,234.28278923034668,4.117391428598144,4.295035071474196,-156.10025075761308,449.5158004760742,202.04182147979736,10.03476690217115,10.467713970436806,-130.77241126820783,450.07057189941406,189.86788272857666,6.197015803192491,6.464384228403008,-32.78876187556576,451.5281677246094,184.43615913391113,29.746861694715363,31.030281298417815,106.10835384823396,439.9684524536133,237.8197717666626,7.286931847350685,7.601324379904633,-335.81590374862304,440.5233383178711,216.263108253479,6.674714285129148,6.962692870922936,-335.54673010718557,445.4605484008789,212.36028671264648,21.599233828400187,22.531126422812818,63.56792925664551,450.1996612548828,212.25760459899902,39.85251257359459,41.57193751390136,292.1360712623578,86.64293484082778,98.12218851705313,126.0672888070346,203.34132744381074,346.7044167594958,122.06375580784614,142.0512788930609,165.68755933052128,205.2588266005297,121.45486238447371,131.473769080628,231.42836118800847,342.32962544124894,119.72666431078686,125.68467378543573,187.59350750661096,283.21287608283995,112.75113199261956,125.12293921836621,153.6402356396814,236.16512797329776
87,3.48,474.01405334472656,283.1626510620117,10.522652822882282,10.976649585782528,-618.0658154240846,497.5498580932617,261.82926177978516,11.332407411416863,11.821340798011363,-452.5959424323145,503.4671401977539,234.07495021820068,15.812523714437132,16.494750401991332,-88.26103459109058,496.95865631103516,212.01773643493652,12.927175561394598,13.484914751036394,-543.0714348876872,489.21443939208984,197.52551078796387,60.78166448884896,63.40407153639685,-326.6795160372949,500.67848205566406,230.41701793670654,10.94837887975141,11.420743468232725,-120.11706117919391,492.13733673095703,196.9180154800415,14.375819856269711,14.996060378183634,127.24808386326943,486.30489349365234,181.13679885864258,3.272687631339318,3.413886777184058,-242.12369463154894,481.8833541870117,171.52708053588867,22.371988366182922,23.337221227976315,-62.71357903015185,478.15101623535156,231.89372062683105,1.4400583228963022,1.5021892159312582,-115.5740244022062,470.45101165771484,195.763521194458,14.65435146376232,15.2866091500069,173.9900970347801,467.3450469970703,179.40024375915527,12.882638668825416,13.438456327328973,200.83674093218474,465.6053161621094,171.209077835083,13.147333928434712,13.714571786106706,14.573554083382634,457.06356048583984,234.32438850402832,3.4815573745866204,3.631768144106321,-16.581673184196866,450.0773239135742,201.36956691741943,21.89798460332249,22.842766712101096,309.37631854160725,451.53846740722656,190.00242233276367,36.851205263116185,38.44113968174928,799.4188863336567,453.4584045410156,185.65608501434326,57.08564465541141,59.5485880136939,712.9576678819021,440.1049041748047,237.82193183898926,3.411720435549496,3.5589181108630696,-101.0601567260391,441.05255126953125,215.43933391571045,24.477930209819565,25.53402331341321,464.2832610622569,446.7417526245117,211.27607345581055,41.9598219204496,43.770166103081,530.9759920067046,451.7665481567383,211.34385108947754,45.34644445384513,47.302903470179224,143.27414890694658,87.08200082425908,98.59504214897359,126.72707882311425,203.8807240338522,349.2405796209517,122.52058554657543,142.65112130818824,165.82411480160866,206.19231544964873,121.51494995311096,132.08523344662825,231.9658994411016,342.8782083126932,119.87193503655111,126.59838445391978,189.13115309388093,285.5948196033877,112.89348871705408,126.14430015090275,155.39104228380464,238.05724411210494
88,3.52,474.65728759765625,283.95275115966797,25.470675153723704,26.56959994610385,389.82375900803305,497.5956344604492,262.2629642486572,10.902789416549956,11.37318706104251,-11.203843424221338,502.9016876220703,234.7785758972168,22.56692424099506,23.54056755380565,176.145428795358,495.29918670654297,213.07485580444336,49.18930733414013,51.31156553983165,945.6662697198814,487.01709747314453,198.56178760528564,60.73601254030028,63.35644994794747,-1.1905397112345284,502.46341705322266,231.8166160583496,56.705752836552534,59.1523058739799,1193.2890601436793,493.3267593383789,198.00530433654785,40.287429774443396,42.0256190895365,675.7389677838215,487.3957061767578,182.9089593887329,52.02418460457717,54.26875275678704,1271.3716494900743,483.12889099121094,173.69005680084229,62.39905975537356,65.0912488462609,1043.8506904571145,479.6162414550781,233.24159145355225,49.77223567191365,51.91964414938611,1260.4363733363712,471.1342239379883,196.56535148620605,26.335703387715743,27.471949568975667,304.6335104742192,467.58556365966797,180.39301872253418,25.53735490535266,26.63915657601627,330.0175062171824,465.66654205322266,172.36772060394287,29.00648284838522,30.25795902439777,413.5846809572766,458.19385528564453,235.5344009399414,41.395172042837906,43.18115457247908,988.7346607093189,450.71754455566406,202.1022891998291,24.325454950750213,25.374969554111548,63.305071050261304,451.48677825927734,191.54140949249268,38.49637357780002,40.15728829977148,42.90371545055507,452.8955841064453,188.00494194030762,60.383646897466356,62.988881593031664,86.00733948344406,440.9488296508789,238.6697244644165,29.90571167118331,31.195984810426385,690.9266674890829,441.5052032470703,215.9861183166504,17.74589730545617,18.511538828278027,-175.5621121283796,446.88106536865234,213.09679985046387,45.65120921774191,47.62081722022846,96.26627792868643,451.7778015136719,214.33749675750732,74.84167047739754,78.07069235037028,769.1947220047764,88.14478482210325,99.0499696314153,127.66870152526648,205.93318665544547,351.7748376188696,124.88667778153463,144.3321460717697,167.99486491188014,208.79596540349917,123.59173571908639,133.1841114293873,233.03146570414225,344.0885266736691,121.59918121945027,127.61338323608423,190.7374446258718,288.11437486710895,114.14132810947115,126.88476170403386,157.29587497261377,241.18007180611974
89,3.56,475.1203155517578,283.46385955810547,16.833929360777315,17.560224294699776,-225.23439128510185,497.5839614868164,262.1682357788086,2.386124120998276,2.4890727447954717,-222.10285790617596,503.2395935058594,234.88559246063232,8.86118400471041,9.243497183840843,-357.4267592491202,495.91548919677734,212.597336769104,19.4912350266171,20.332178632374895,-774.4846726864188,487.54669189453125,197.84683227539062,22.243417213150245,23.203102910339645,-1003.8336759401956,502.39253997802734,231.32118701934814,12.511831712277308,13.051651013639624,-1152.5163715085068,492.57213592529297,197.45790481567383,23.306419864365964,24.311968498471504,-442.8412647766248,486.1720275878906,182.34935760498047,33.63910898447395,35.09045845336353,-479.45735758558766,481.66160583496094,173.36345672607422,37.579859454484506,39.20123144401565,-647.2504350561312,479.4814682006836,233.01072120666504,6.683229991827163,6.971575985283239,-1123.7017041025717,470.8203125,196.7102336883545,8.643322690061504,9.016236306811935,-461.39283155409333,467.2501754760742,180.7011079788208,11.3854134623418,11.87663377942228,-369.06306991484973,465.37628173828125,172.81611442565918,13.353559211480873,13.929694598369792,-408.2066106506995,458.0830764770508,235.4871368408203,3.0110047636938484,3.1409136791359327,-1001.0060223335787,450.7075500488281,202.84139156341553,18.479248395597946,19.276530135634772,-152.4609854619194,451.0207748413086,191.80240631103516,13.352867782986122,13.928973338395883,-655.7078740343899,451.9508743286133,187.80638694763184,24.13375034893983,25.174993913607793,-945.3471919855967,440.7870864868164,238.85626316070557,6.172395014000434,6.438701182498564,-618.9320906981955,441.18865966796875,216.74214363098145,20.49045682415044,21.374511560640684,71.57431830906643,445.8998489379883,213.72463703155518,29.12221241773412,30.378681711997416,-431.0533877057761,450.2589416503906,214.66110706329346,38.823791950762384,40.498833042190384,-939.2964827044974,88.84719379389124,99.14953254120712,128.0384414126201,206.74647380074046,352.70296173528317,125.40874382208021,145.30462481170855,169.3984832500147,210.3640146612598,123.87059875849772,133.54476088165976,233.50653105531913,344.6457144576039,121.7248177666157,128.38444444150963,191.29460355940762,289.1213746236533,114.3988761567711,127.7397421664595,158.51102224109368,242.80002512780734
90,3.6,475.1952362060547,284.55196380615234,27.267012568508576,28.44343981061466,272.08038789787213,497.85743713378906,263.75890731811523,40.35022363202643,42.09112216964664,990.0512356212791,504.00779724121094,235.82987308502197,30.432331456505658,31.745325451586115,562.5457066936318,496.17210388183594,213.11669826507568,14.482477776732091,15.107320023272175,-130.621465227568,486.7683410644531,198.38942527770996,23.720207377482193,24.743608752207937,38.5126460467073,503.6259078979492,233.9718246459961,73.08845776563444,76.24183779151659,1579.754669446924,493.7595748901367,198.5529899597168,40.38272192359009,42.12502259044692,445.32635229938535,486.93553924560547,183.1704568862915,28.03072066095482,29.240097864216832,-146.2590147286675,482.06188201904297,173.8556957244873,15.861121001957706,16.545444405196765,-566.394675970472,480.3328323364258,235.9191656112671,75.76225043800268,79.03099046277045,1801.4853619371802,471.5065002441406,197.42201328277588,24.71694524060712,25.783350577445418,419.17785676583713,467.94971466064453,181.49715900421143,26.493540554430002,27.63659657385144,393.999069860729,466.0531234741211,173.97512912750244,33.55433852782228,35.00203060027798,526.8084000477048,458.6595153808594,237.75316715240479,58.45497831046811,60.97700116678119,1445.9021871911314,451.4543914794922,201.8644380569458,30.742989814344647,32.06938707295577,319.82142343302496,452.7506637573242,191.91075325012207,43.33196511355112,45.2015100109062,781.8134168127579,454.32132720947266,189.28542137145996,69.85068757375936,72.86437495645843,1192.234526071266,441.3561248779297,239.86126899719238,28.873013156031156,30.11873082140062,592.0007409725514,442.6338577270508,215.66338062286377,45.085523297794595,47.03072494754889,641.4053346727052,448.6648941040039,213.1450653076172,70.62833245808135,73.6755711007251,1082.422234718192,453.59718322753906,214.89240646362305,83.65612739062854,87.2654464161053,1169.165334347873,89.98493138631582,100.83317742799298,129.30825443068355,207.35076660167135,353.69270608537147,128.45841733374087,146.98962571532644,170.56808716458337,211.02583243746764,127.03183837700855,134.57609490475758,234.61199491827318,346.04579568161506,124.16389781328695,129.66721992442785,193.10266395984388,292.0359496219116,115.60362538962713,129.62097116436146,161.45804508512268,246.29064298445155
91,3.64,476.34151458740234,284.8681640625,29.727267887195403,31.009842121832023,64.16005778043407,498.0149841308594,263.5931968688965,5.716260210255094,5.962886576726857,-903.2058898229944,504.6041488647461,236.04469299316406,15.846585827615847,16.530282115030552,-380.3760834138891,497.4985885620117,212.7806568145752,34.209697667433396,35.685665017324226,514.4586248513014,489.0316390991211,196.9349241256714,67.25925398696742,70.16113472931853,1135.438149427765,504.2123794555664,232.48505115509033,39.95657252844983,41.68048710492032,-864.0337671649067,493.16162109375,198.85720252990723,16.77226189418031,17.49589620338365,-615.7281596765816,485.8544921875,183.47803115844727,28.098761924801014,29.31107474839088,1.774422104351192,480.7021713256836,174.19846057891846,35.05621302876497,36.56870303508652,500.5814657472439,481.17469787597656,234.65393543243408,37.992968034500585,39.63216347228289,-984.9706747621889,471.3288879394531,198.1142807006836,17.867223984733542,18.638100111468734,-178.6312616494171,467.01725006103516,182.46417045593262,33.58386310124066,35.03282900273773,184.90581072215724,464.5392608642578,174.9745273590088,45.34986787935606,47.306474598377505,307.6110999524881,459.64916229248047,237.1884298324585,28.486062932393867,29.71508574410886,-781.5478855668084,451.46839141845703,203.57379913330078,42.73546015641224,44.57926902273471,312.74704874447343,451.5676498413086,192.53817558288574,33.47742438137632,34.92179801559259,-256.99279988284013,452.49683380126953,188.59818935394287,48.7407942749017,50.843701516493184,-550.5168359991312,441.9085693359375,240.27008056640625,17.18141762025638,17.922704832989588,-304.90064971027584,441.90040588378906,217.0332956314087,38.84760881493099,40.523677477962565,-162.67618673965814,446.58836364746094,213.5973358154297,53.130307671254876,55.42259917803071,-456.3242980673596,450.94993591308594,214.07876014709473,69.23663531812198,72.2238295967528,-376.0404204838128,91.2253250711891,101.07169289106204,129.96946571528477,208.77819320236432,356.4991514745442,130.12563681793768,147.6894615634618,171.740530154519,212.48858055887112,128.61712491589986,135.32161890921634,236.0133080783827,347.93805466555017,125.35250124305131,131.45039068533723,194.4995358804676,294.06969768257136,116.3205335829467,131.24191826347996,163.67494905224393,249.17959616832167
92,3.68,476.54102325439453,284.6846008300781,6.7776825179300255,7.070103637860406,-598.4934620992905,498.28453063964844,263.4936332702637,7.18367204904149,7.493609467950696,38.26807228059599,505.2986145019531,235.54674625396729,21.36342488252515,22.285143569284248,143.8715363563424,498.63170623779297,211.5406894683838,41.99311466470471,43.80489525300057,202.9807558919087,490.41629791259766,195.30909061431885,53.38898901210371,55.69244124929086,-361.7173370006919,504.10667419433594,232.272047996521,5.944742835707619,6.201227017891863,-886.9815021757113,493.0482482910156,199.0010118484497,4.578107721776278,4.775628833693542,-318.00668424225273,486.0276412963867,184.0074920654297,13.926356889252157,14.52720546357414,-369.5967321204185,481.20361328125,174.88489151000977,21.251933117382855,22.16884152470799,-359.9965377594633,481.1106872558594,234.60908889770508,1.9539337189671127,2.038235614911421,-939.8481964342867,471.2921142578125,198.2896900177002,4.480564428565102,4.673877063769706,-349.1055761924757,467.2087097167969,182.67854690551758,7.185665501584089,7.495688927417269,-688.4285018830114,464.95269775390625,175.13774871826172,11.112247574145053,11.591682229276637,-892.8698092275217,459.77821350097656,237.3074769973755,4.389365122733853,4.578742990696484,-628.4085688353093,451.5622329711914,203.90408992767334,8.584078498405285,8.95443604192159,-890.6208245203279,451.90704345703125,192.6643466949463,9.052181225811445,9.442734923902483,-636.9765772922527,452.95413970947266,188.5142183303833,11.623785594502092,12.12529040715493,-967.9602777334563,442.2513198852539,240.5500030517578,11.063299035044146,11.540621819844688,-159.5520753286225,442.3145294189453,217.8202199935913,22.231006699073884,23.190156948281544,-433.3380132420255,447.2924041748047,214.65190887451172,31.699737785627846,33.06741365422308,-558.8796380951907,451.8239974975586,215.38968086242676,39.389852558570645,41.089316168528526,-778.3628357056067,91.50812921670352,101.37143726978007,130.86087145805612,210.53038901248433,358.72684912451587,130.37368589865338,147.88048671680954,172.32161837306197,213.37533421985944,128.69865434049635,135.50857399176712,236.31313563547937,348.4017219547212,125.53565096267916,131.8085681270141,194.87724527742367,294.5547092988576,116.78215845574049,132.16952454141122,164.99764559841284,250.82316881506281
93,3.72,476.4716339111328,284.50944900512695,4.709899331595275,4.91310655377792,-53.924927102062135,498.07373046875,263.0936336517334,11.303661101474345,11.791354236976376,107.44361922564201,504.7338104248047,235.3872299194336,14.672446680482492,15.305485079533362,-174.49146224377213,498.18614959716797,211.95417881011963,15.196507734800733,15.852156593991955,-698.8184664752155,490.06103515625,195.65144062042236,12.334280297376782,12.86643919513461,-1070.6500513539063,503.9374542236328,231.92660808563232,9.616526481776699,10.031428690046575,95.75504180386778,492.2069549560547,198.62590312957764,23.028257457191888,24.02180485600599,481.1544005578112,485.1478576660156,183.45253944396973,26.004706885656105,27.12667232013138,314.986671413931,480.2227783203125,174.27715301513672,28.846395991828683,30.09096526747277,198.05309356911954,481.3762664794922,234.2562961578369,11.03956071728778,11.515859319346621,236.94059261087997,470.75328826904297,198.09139251708984,14.353905063644165,14.97320007827213,257.4830753625606,466.4728546142578,182.9001760482788,19.21266198457823,20.041586638324045,313.64744277266936,464.0248489379883,175.97638607025146,31.26715562448028,32.61616786289071,525.6121408403519,460.2432632446289,237.01276302337646,13.764256031053035,14.358110811497706,244.48419552003057,451.1885070800781,203.76595973968506,9.960891981961696,10.390651738510515,35.905392414723146,451.5420150756836,193.49640369415283,22.7151459537173,23.69518424875339,356.31123312127266,452.77034759521484,190.26153087615967,43.92380244448081,45.818881989507744,842.3397895588204,442.6858139038086,240.1600170135498,14.596107403966025,15.225852167371588,92.1307586881725,441.68338775634766,216.94750785827637,26.9254325567912,28.087122429699484,122.4241370354485,446.31103515625,213.65076541900635,35.04794367256289,36.560076899941876,87.31658114296988,450.7716369628906,214.3948459625244,36.2039291116168,37.765936990960846,-83.08447943919202,91.70465347885465,101.84309143925913,131.47309086123747,211.16447527624402,359.24150669232125,130.77494304625523,148.84135891104978,173.40668526586722,214.57897283055834,129.1592887132702,136.107501994898,237.11479910101232,349.70636866923684,126.10997539513906,132.22419419655452,195.8250526473738,296.38746457843786,117.39119254243535,133.2930094385992,166.46004867441053,252.33380629470125
94,3.76,476.38343811035156,285.0380516052246,13.39774253618517,13.975784199630729,226.5669411463202,497.66895294189453,263.5959720611572,16.128172630324773,16.824017897569668,125.81659151483228,504.853515625,235.7742404937744,10.127515724667237,10.56446441361589,-118.52551664793683,499.0361022949219,211.46661758422852,24.496626520446497,25.553526270866346,242.53424192185977,491.4687728881836,194.41097259521484,46.90739842679259,48.93120434344572,901.6191287077778,503.98326873779297,232.09723949432373,4.416874413806729,4.60743916204632,-135.59973820000636,492.63092041015625,199.43472862243652,22.83015254233375,23.815152762829406,-5.166302329414574,485.48912048339844,184.8652696609497,36.33410051604723,37.901724602371424,269.3763070560011,480.62583923339844,175.7800054550171,38.899096677429846,40.577386769154025,262.1605375420313,481.4212417602539,234.5870876312256,8.34587378387682,8.70595405500528,-70.24763160853351,471.0458755493164,199.14015769958496,27.22034768091491,28.394761580162946,335.53903754727037,466.6334915161133,183.51086139678955,15.78648173920115,16.467584853388853,-89.35004462337979,464.16576385498047,175.6686544418335,8.461522061650975,8.826591943729087,-594.7393979790407,460.3271484375,237.55667209625244,13.758492948444268,14.352099082383846,-0.15029322784649857,451.6441345214844,204.9979305267334,32.838129376371604,34.25492081551827,596.6067269251939,451.85218811035156,195.0775909423828,40.28306425627458,42.021065222369536,458.1470243404037,452.9542541503906,192.0873212814331,45.875730409888064,47.85502531321156,50.90358309259546,442.8684616088867,240.8052635192871,16.764979073512652,17.488299167559077,56.56117500468723,442.19764709472656,217.8466272354126,25.894959951839002,27.012190387114945,-26.873301064613475,446.5507125854492,215.02381324768066,34.84524366659316,36.34863146179843,-5.286135953586069,450.8066940307617,216.25735759735107,46.57103839748743,48.580332159549506,270.3598792147165,92.26368484683988,102.51605215516193,131.89566943778212,212.18661632707867,361.1987548660591,130.9592406127371,149.79396502156294,174.92275424996208,216.20206830132452,129.5075268754704,137.24329245810452,237.77350249514788,350.059432346986,126.68405935843442,133.59439102917523,197.5058952562686,298.3016655909663,118.09072450913771,134.3734970540838,167.91399393288248,254.2770195810832
95,3.8,476.2076950073242,285.09387016296387,4.6098637215330465,4.808754936725112,-229.17573157264042,497.5376510620117,263.7857151031494,5.768589821460352,6.01747393362523,-270.163599098611,504.67437744140625,236.39569759368896,16.169017747212415,16.866625265018968,157.55402128507697,498.9856719970703,212.15131759643555,17.163866873058247,17.90439686396265,-191.2282351725924,491.2804412841797,195.46445846557617,26.754687347706586,27.909010468759615,-525.5548468671526,504.18460845947266,232.73953914642334,16.827925574274843,17.553961476593475,323.6630578636789,492.7424621582031,199.71158981323242,7.462141135687675,7.784093021483999,-400.77649353363523,485.35240173339844,185.05139350891113,5.773544371827112,6.02264224661117,-796.9770588940063,480.30242919921875,176.2038230895996,13.327964904460018,13.902996032495992,-666.8597684164508,481.6231155395508,234.92597579956055,9.861484846519952,10.28695571143095,39.52504141064175,471.09588623046875,199.56087112426758,10.591885276518813,11.048869053280265,-433.64731317206696,466.3018798828125,184.4208526611328,24.21325020161301,25.25792376405551,219.7584727666664,463.707275390625,177.02845573425293,35.87540267032377,37.42323637292887,714.9161107299947,460.43331146240234,237.5110960006714,2.8883135590718303,3.012928998555685,-283.47925209570406,451.44989013671875,205.57764530181885,15.284798442107217,15.944256577912048,-457.76660594015544,450.96858978271484,194.94418144226074,22.34032367890552,23.304190377074192,-467.9218711323836,451.7452621459961,191.1214256286621,38.686367743785205,40.35547970819914,-187.48864012531055,442.89806365966797,240.49630165100098,7.759418368397264,8.094196193013941,-234.8525743636284,442.2407531738281,218.90084266662598,26.37740876991048,27.515454317625867,12.581598262773053,446.2550735473633,216.0955810546875,27.794881194392396,28.99408317319479,-183.86370721509104,450.46802520751953,216.93227291107178,18.878017184859537,19.69250368709062,-722.1957118114722,92.45603504430888,102.75675111250693,132.57033444838288,212.90279220163717,362.3151152848095,131.66139907180082,150.1053287424223,175.16365993982654,216.75818814262436,129.91900510392765,137.68524722023574,238.7838194457101,351.55636180190317,126.80457651837665,134.23216129229172,198.43806287135158,299.9158847792943,118.41449235685826,135.47411522678883,169.07375725981026,255.06471972856684
96,3.84,475.5267333984375,283.8747024536133,34.91130383110841,36.417541772693255,790.2196708992036,498.0033874511719,263.135461807251,19.995932914825477,20.858651562613634,371.0294407247101,505.7908630371094,234.94853496551514,45.69477375611149,47.66626133780016,769.9909018195298,500.1068878173828,210.02301692962646,60.13936233896137,62.734057449057644,1120.741514627375,493.05477142333984,192.37160682678223,89.14166640214641,92.98765739579612,1626.9661731759124,504.04773712158203,233.2106351852417,12.264410934853302,12.793555339503214,-119.01015342725651,491.82411193847656,198.20024013519287,44.212165855268836,46.11968675488955,958.3898433351388,484.21085357666016,183.11084747314453,56.28527289110603,58.713684444887555,1317.2760549569095,478.96018981933594,174.32737827301025,57.67718191913753,60.16564697878059,1156.566273657115,480.9751892089844,235.74196815490723,26.048657041024565,27.172518692034025,422.1390745150769,469.93526458740234,197.82716274261475,52.158336767525995,54.40869287537214,1083.995595552297,465.98388671875,183.4031581878662,26.655460197066866,27.80550219187345,63.68946069544856,464.5285415649414,177.80362129211426,28.232956929477492,29.451059557097388,-199.30442039578705,459.7475814819336,238.25513362884521,25.29596803657907,26.38735514174532,584.360653579741,451.63028717041016,203.26324939727783,58.03539594894268,60.53931604760435,1114.8764867423076,453.68343353271484,194.16887283325195,70.58452391511368,73.62987245104864,1258.1420518493612,456.68731689453125,192.2988224029541,127.00927205727952,132.48904976570412,2303.3392514376246,442.2629165649414,240.83813667297363,18.03231498911467,18.810313918705244,267.9029431422826,442.67200469970703,217.70236015319824,31.842760299290802,33.21660683219643,142.52881286426415,448.3244323730469,214.7671937942505,61.475903120277195,64.128262889506,878.3544929077802,453.31703186035156,215.65958976745605,78.00865854155539,81.3743191836173,1542.045387413167,93.91273671521661,103.59109717501147,134.4769849018949,215.41215449959947,366.0346215806413,132.17314128538095,151.9501162126179,177.51220731762206,219.16481402177556,131.00590585160901,139.86159493525062,239.89603953338505,352.7344041841871,127.86007072404647,136.65373393419588,201.38325776939354,305.21544676992244,119.16690491360647,136.8027795000767,171.63888777539051,258.31969249591157
97,3.88,475.3293228149414,284.21030044555664,9.733863270584145,10.153827940115866,-656.5928458144347,497.7783966064453,263.27980041503906,6.682744286078093,6.971069323902398,-347.1895559677809,505.64849853515625,235.42181968688965,12.355820463017382,12.888908704890023,-869.4338158227534,501.07677459716797,210.70361137390137,29.621457205671486,30.8994662695569,-795.8647794875186,494.3217468261719,193.38545322418213,40.567160278528775,42.31741848399361,-1266.7559727950627,504.39136505126953,233.95282745361328,20.447027859995202,21.329208866592953,213.39133817724348,492.5861358642578,198.63050937652588,21.87767245818711,22.821578205434616,-582.4527137363733,485.0646209716797,183.3645486831665,22.266609934566954,23.227296274904358,-887.15970424958,479.6870803833008,174.23182010650635,18.328619273671382,19.11940216452025,-1026.1561203565086,481.4672088623047,236.39200687408447,20.381267068116664,21.260610844679256,-147.79769618386922,470.8363342285156,198.605318069458,29.76420050612985,31.048368187754022,-584.0081171904529,466.5869903564453,183.93010139465332,20.021912074343714,20.885751585332688,-172.99376516351907,464.6316909790039,177.82891273498535,2.655119901240205,2.769674268904394,-667.0346322048248,460.11234283447266,238.64474773406982,13.342835045823733,13.918507741737752,-311.7211850001892,452.0328903198242,204.49028491973877,32.28491781485501,33.677841103797064,-671.5368735951822,452.8303909301758,194.26764965057373,21.468560463309434,22.394815193796774,-1280.8764314312966,454.644775390625,191.16554260253906,58.396804820599755,60.91631779879262,-1789.3182991727876,442.7132797241211,240.85524559020996,11.267200467377313,11.753320519538864,-176.4248349791595,443.0565643310547,218.30796718597412,17.934707765423894,18.708495460040055,-362.7027843039094,447.7323532104492,214.78405952453613,14.8079832278152,15.44686931135965,-1217.0348394536588,452.0563507080078,214.86830234527588,37.210992599426454,38.816449936924855,-1063.946731167311,94.31888983282124,103.86993994796758,134.99254125009048,216.64813315038174,367.7273183200011,133.02630964004467,152.86297934083527,178.44129916861823,219.9295901083564,131.85633028539618,141.1035296627608,240.73146959679835,352.8451911549432,128.416811033716,138.0008475783478,202.27905037714538,307.6520994818742,119.63703773438802,137.5511193184783,172.2567625478449,259.8723504933885
98,3.92,475.5495834350586,284.56480979919434,10.434067477230071,10.884242251431893,18.26035778290067,497.96653747558594,263.63073348999023,9.954616069181002,10.384105053317706,85.3258932353827,504.95113372802734,235.21270751953125,18.20105719387035,18.986336456283187,152.4356937848291,499.5421600341797,209.93375301361084,42.92234086001232,44.77421263935788,346.86865924502445,493.7836456298828,191.74870491027832,43.073323679763504,44.93170956848569,65.35727711230183,505.04459381103516,233.863263130188,16.48350654092537,17.194682585292412,-103.36315703251353,492.7239227294922,198.0250883102417,15.522561960976933,16.192278333912604,-165.7324967880503,485.2170181274414,182.85332679748535,13.336339206367098,13.91173164119722,-232.88911584267845,480.2052688598633,174.18155193328857,13.015524059772254,13.577075019406433,-138.5581786278454,482.1221923828125,236.25718116760254,16.717905506992356,17.43919462584858,-95.53540547076693,470.45867919921875,197.5526475906372,27.959104712665127,29.165392066889755,-47.074403021606685,466.0495376586914,183.69659900665283,14.649632408461702,15.28168649245251,-140.10162732200448,464.43729400634766,178.71047973632812,22.5686530506697,23.542370952465518,519.317417089028,460.71311950683594,238.298020362854,17.341288879545015,18.089473690765935,104.27414872570458,452.25589752197266,203.34493160247803,29.171544713665966,30.430142435335974,-81.19246671152726,452.88944244384766,192.5202512741089,43.709897101077914,45.59574776294139,580.0233142286155,454.8521423339844,188.54032516479492,65.83486749357309,68.67529349936635,193.9743925143432,443.14910888671875,240.37545204162598,16.204723621397143,16.903871658649624,128.763778477769,443.3949279785156,217.45561122894287,22.926521697175957,23.915679736529487,130.1796069122358,448.14517974853516,213.31955909729004,38.03934847588753,39.6805449841799,605.8418918205064,452.6256561279297,212.29572772979736,65.87036897079015,68.71232667738225,747.3969185114349,94.75425952287851,104.28530415010029,135.7519947083418,218.43910165595605,369.52458670274046,133.71409694345638,153.51067047419178,178.99776843426613,220.47267310913264,132.5538980704301,142.2701453454364,241.34273705649645,353.7868859930419,129.14038998134663,139.21805327576124,204.10288028766306,310.39911122184884,120.313192600734,138.50774650793946,173.84398434721206,262.6208435604838
99,3.96,475.8342742919922,284.8356056213379,9.822781597897425,10.246582622523457,-15.941490722710894,498.09974670410156,263.52338790893555,4.276956594187075,4.46148462922814,-148.06551060223913,504.74903106689453,235.56673049926758,10.191226490784642,10.630923962009595,-208.8853123568398,499.4330596923828,210.7179307937622,19.793270249369495,20.64724507602942,-603.1741890832114,493.46214294433594,192.9027271270752,29.94924095109326,31.241392148322575,-342.2579355040778,504.9570083618164,233.926420211792,2.6995402237678645,2.8160110931901166,-359.4667873025574,492.75501251220703,198.6595344543457,15.880185852928774,16.565331803558852,9.326336741156194,485.2220916748047,183.37872505187988,13.135568759185592,13.702299012088716,-5.235815727712589,479.91188049316406,174.19312477111816,7.340413147852495,7.657113115395719,-147.99904760026786,482.2732925415039,236.083345413208,5.758153320644777,6.006587153049785,-285.8151868199698,470.7948303222656,198.20659160614014,18.382062468235357,19.175151150004016,-249.75602292214347,466.3002014160156,184.58835124969482,23.157806219047377,24.156942961110758,221.8814117164562,464.3999481201172,179.4834280014038,19.346248597949298,20.18093680686111,-84.03585364011023,461.0336685180664,238.22454929351807,8.221529154839342,8.576244613499192,-237.83072693166858,452.60040283203125,204.03010368347168,19.172647985341968,19.999846246852883,-260.7574047120773,453.4163284301758,193.66647720336914,31.538099216438738,32.89880123648011,-317.42366316153203,455.39207458496094,190.03606796264648,39.75529330297915,41.4705237464329,-680.1192438233361,443.5997772216797,240.49504280090332,11.656647723536217,12.159570363086381,-118.60753238908109,443.8803482055664,218.3576202392578,25.608263455369396,26.713124454579845,69.93611795125894,449.0028762817383,215.2893304824829,53.71011690660163,56.027424112401064,408.67197820552906,453.7329864501953,215.43266773223877,83.16614779135642,86.75432679105252,451.05000284175674,95.16412282777945,104.46376353526941,136.1772316668222,219.2649914589972,370.7742423886734,133.82673738718395,154.17328374633414,179.5458603947497,220.77895763374846,132.7941615565521,143.03715139143654,242.3090147749409,354.5941234653163,129.48343976588657,140.01804712563535,205.41883233712227,312.05793217170617,120.79957541525746,139.57627148612266,176.08508131170808,266.09101663212596
100,4.0,475.8697509765625,284.6946716308594,3.6332651310752655,3.790021287154041,-161.4140333842354,498.04500579833984,263.2954502105713,5.860469323100793,6.113317549355888,41.295823003193696,504.310302734375,235.23440837860107,13.759554444995004,14.353206376891237,93.05706037204105,499.4472122192383,210.20882606506348,12.7325350676869,13.28187655044242,-184.13421313967504,494.46624755859375,191.86572074890137,36.08677306807709,37.64372628436074,160.0583534009541,505.16300201416016,234.14709091186523,7.546892683280839,7.872501149685278,126.41225141237904,492.53822326660156,198.37433338165283,8.956046451816526,9.342452443342454,-180.57198400540994,484.5466995239258,183.31295013427734,16.964685696588518,17.69662207418361,99.8580765523724,479.16839599609375,174.53802108764648,20.489672193246207,21.373693077066733,342.91449904177534,482.49122619628906,236.8300724029541,19.44698362059137,20.286018012443922,356.9857714848534,470.7563018798828,198.47712993621826,6.831701330649005,7.1264530763752685,-301.2174518407187,466.2521743774414,184.7610569000244,4.481478417468395,4.674830486455565,-487.0528118663798,464.5843505859375,179.67716217041016,6.686609643589549,6.97510145112746,-330.1458838933412,461.09188079833984,239.2018461227417,24.4757247337183,25.531722682693864,423.88695172986684,452.51068115234375,204.2149829864502,5.137505260080526,5.35916141435253,-366.0171208125088,453.19252014160156,193.82858276367188,6.908706586419787,7.206780701270518,-642.3005133802399,455.2066421508789,190.16919136047363,5.706740896662916,5.952956555147955,-887.9391797821237,443.40763092041016,241.48192405700684,25.135318959832375,26.219774907805323,351.50511361797356,443.2649612426758,218.1278371810913,16.42219093018838,17.130721530553952,-239.56007310064732,448.2242202758789,215.0350284576416,20.478261268038366,21.36178983084505,-866.6408570389002,452.88829803466797,215.2241563796997,21.751084792829353,22.689528952465555,-1601.6199459646741,95.31572367926562,104.70829623724364,136.75135992189783,219.7962665210149,372.2799914400478,134.14163743317138,154.54698184406783,180.25372527771702,221.63390535683112,133.60560227704985,143.32220951449156,242.49600799439912,354.8731275233614,130.50470867319433,140.23241358220946,205.7071035651731,312.2960504339121,121.84836641156967,140.26150034734482,176.93955290494188,266.99859779022455
101,4.04,476.17767333984375,285.23749351501465,15.601918546419844,16.27505873590751,312.1259362188367,498.12713623046875,263.7539577484131,11.645132302260128,12.147558112344305,150.8560140747104,504.603271484375,235.6638479232788,12.996369950143347,13.557094511347955,-19.902796638582032,499.54246520996094,210.6606388092041,11.543609920901376,12.041655577684423,-31.005524318949895,494.81502532958984,192.50783443450928,18.268071853406866,19.056242443606386,-464.6870960188588,505.7496643066406,233.74267101287842,17.813760483733947,18.582329943434154,267.74571984372193,491.91463470458984,199.06827449798584,23.324034915851076,24.330343546174984,374.69727757081324,482.2637176513672,185.02378463745117,71.32216050990561,74.39933415989397,1417.567802142759,475.5479431152344,176.75631523132324,106.14997636125958,110.72978588848761,2233.902320285522,483.67244720458984,236.41872882843018,31.269859756973194,32.61898866438515,308.3242662985307,471.32301330566406,199.49772834777832,29.184573812524782,30.443733670835137,582.9320148614967,465.93677520751953,185.90801239013672,29.738270089715257,31.02131901114549,658.6622131172481,463.45680236816406,180.3134536743164,32.3673433160969,33.76382282906099,669.7180344483382,462.32208251953125,238.79872798919678,32.36414397538424,33.76048545373373,205.71906927599662,452.86659240722656,205.32616138458252,29.169657328165687,30.428173619143084,626.7253051197638,453.2192611694336,196.25030994415283,60.546870373546966,63.159147298008094,1398.8091649184394,454.93717193603516,193.4091854095459,81.27951631065955,84.78629714969796,1970.8335148637502,444.13368225097656,241.08369827270508,20.70226904683396,21.595462359409495,-115.60781370989571,443.1489562988281,218.59455585479736,12.022984950269125,12.541713101781532,-114.7252107193105,447.3307800292969,216.51389122009277,43.19483869903666,45.05846731754593,592.4169371675221,451.50115966796875,217.4018383026123,64.54868030094266,67.33361413838574,1116.1021296480048,95.9667260287019,105.19419856173741,137.29364370235177,220.2779327441223,373.0422411377921,134.88493063090874,155.52019558591482,183.2296986441128,226.06309679237063,134.91036182362527,144.53995886132495,243.73686075484494,356.22368043652386,131.85512809134366,141.44954052697517,208.2334694570934,315.68750231990003,122.71218490594605,140.76316887141607,178.74189159764373,269.69194235576
102,4.08,476.6271209716797,287.50831604003906,57.87183098192714,60.36869411816699,1102.340884556487,497.9138946533203,265.60266494750977,46.52412195716757,48.53139152320318,909.595835271472,504.2924118041992,237.33611583709717,42.52288880962667,44.35752634767762,770.0107959082416,500.4344177246094,212.30401039123535,46.7456511681539,48.7624785468788,918.0205742298594,499.9048614501953,193.47424507141113,129.51925835019955,135.1073286794195,2901.277155895328,506.59278869628906,234.64433670043945,30.861178571801222,32.19267504961112,340.2586276544241,491.9975280761719,200.740327835083,41.85267071190031,43.65839188713605,483.20120852402664,482.2752380371094,186.4896011352539,36.6465442139358,38.227648591762296,-904.2921392032918,475.3294372558594,177.58638381958008,21.458661884421872,22.384489543632803,-2208.63240862137,484.95323181152344,237.52580165863037,42.32330519883158,44.14933176066255,288.258577406935,471.8891906738281,200.87947368621826,37.33109455033509,38.94173365120137,212.44999950915576,466.0017776489258,187.3332166671753,35.66714654866066,37.20599510211367,154.61690227420445,463.1052017211914,181.6554880142212,34.68320184573563,36.17959839421234,60.39438912878374,463.67969512939453,240.3541374206543,51.614015162591706,53.84088667479678,502.0100305265762,453.14910888671875,206.27429008483887,24.733120423766422,25.800223634127416,-115.69874962539171,453.43605041503906,198.02783489227295,44.767402469595645,46.698878889729194,-411.5067102069725,455.4632568359375,196.38022899627686,75.43153069241176,78.68600191097137,-152.50738096816468,444.9805450439453,242.93060302734375,50.7951385642721,52.986679886352164,784.7804381735667,442.6361846923828,219.1673183441162,19.21899434067814,20.04819220206648,187.6619775071237,446.52294158935547,216.86987400054932,22.069870369869307,23.022068439519597,-550.9099719506584,451.01566314697266,217.72753715515137,14.615629785536367,15.24621683635616,-1302.1849325507394,98.38147379342858,107.13545422266554,139.06794475625887,222.22843188599745,378.4465342849689,136.17263763289318,157.26653126140027,184.75880458778326,226.95847637411597,136.67633509405175,146.09762820737302,245.22510055892948,357.67086437229233,134.00876355833554,142.48154947234028,210.10142461268256,318.8349423963389,124.83165210140014,141.56509655949873,179.66277433522453,270.30179102921426
103,4.12,476.7676544189453,287.7827453613281,7.707995126147253,8.04055431009296,-1308.203495201851,498.0319595336914,265.40491104125977,5.757925158758061,6.006349147185536,-1063.1260594004411,504.67891693115234,237.20486640930176,10.204552460105546,10.64482487635967,-842.8175367829488,501.49497985839844,212.51173496246338,27.017835973656794,28.183512564823676,-514.4741495513782,500.77098846435547,193.51959228515625,21.682832703149522,22.618332146439247,-2812.224913324507,506.4871597290039,235.2818727493286,16.155681902254432,16.85271404895036,-383.49902501651894,491.6617202758789,201.77129745483398,27.10702440774203,28.2765490076805,-384.5460719863887,481.8777847290039,187.65536785125732,30.791447354190076,32.1199352991137,-152.69283231621495,474.9836730957031,178.4666633605957,23.643774613775665,24.663878319378767,56.98471939364911,485.22411346435547,238.80125999450684,32.597649804067295,34.004065822756075,-253.6316484476618,471.7645263671875,202.44403839111328,39.23808660881532,40.931002321482744,49.731716757034405,465.89244842529297,188.4794569015503,28.786059495442068,30.02802557068552,-179.44923828570367,462.77637481689453,181.9471836090088,10.989013064419064,11.463130802853412,-617.9116897839732,464.11022186279297,242.1276569366455,45.625683157710284,47.594189845840184,-156.16742072391486,453.39168548583984,207.43753910064697,29.70681402493881,30.988505783700802,129.70705373933464,454.36946868896484,201.15478992462158,81.58246383425876,85.10231525515117,960.0859091355494,456.6656494140625,201.2625503540039,125.70503607664203,131.12854290706332,1311.0635249022987,445.3102493286133,244.7669219970703,46.6420697567258,48.65442814590249,-108.30629351124176,442.5301742553711,219.54309940338135,9.761199249382853,10.18234332168441,-246.64622200955176,446.85943603515625,218.20538520812988,34.431260302486,35.91678690713764,322.3679616904511,451.5316390991211,220.4336929321289,68.87266453601346,71.8441554022397,1414.9484641470885,98.70309596583229,107.37570818855296,139.49373775131326,223.35577238859042,379.35126757082645,136.8467461948512,158.3975932217075,186.0436019997478,227.9450315068911,138.036497726962,147.7348683002323,246.42622158175692,358.12938960440647,135.91253115216915,143.72108970368834,213.50551722288864,324.0800841126214,126.77782922723624,141.9723902923661,181.09944581151004,273.1755572453038
104,4.16,476.95594787597656,287.9985809326172,7.160631073553119,7.469574396347794,-14.274497843629131,497.59674072265625,265.73169708251953,13.606168873003071,14.193203029483534,204.67134705745,504.80289459228516,237.39119052886963,5.5950389851582365,5.83643529750628,-120.20973947133473,502.0853042602539,213.03677558898926,19.750799966847932,20.602942425652643,-189.51425347927585,500.73726654052734,194.00113105773926,12.067952333748972,12.588620589803416,-250.7427889158958,506.53675079345703,235.25323390960693,1.431663545975026,1.4934322488273655,-383.98204500307486,491.49330139160156,203.0570411682129,32.41818371950575,33.816856726730336,138.5076929762459,481.40316009521484,189.54224109649658,48.64128381965731,50.73989771190846,465.49906031986905,473.98143768310547,180.62865257263184,59.57491699126305,62.145259272752085,937.034523834333,485.3678512573242,239.20281887054443,10.662729600461892,11.12276993475512,-572.0323972000239,471.8168258666992,203.29981327056885,21.434287397129125,22.359063426250714,-464.2984723808008,465.95909118652344,190.0495147705078,39.28678984006463,40.981806839327945,273.8445317160606,462.56324768066406,183.8521671295166,47.921716042965194,49.98928439500853,963.153839803878,464.14493560791016,243.0769157409668,23.74733303027869,24.771904733320724,-570.5571278129864,453.0214309692383,207.65928268432617,10.789422597118866,11.25492906351134,-493.33941800473656,454.8223876953125,204.67725276947021,88.78654219408084,92.61721145816264,187.87240507528685,457.6396942138672,207.98938751220703,169.924802164459,177.25615780430022,1153.1903724309225,444.9702453613281,246.14673614501953,35.527188361965074,37.05999846059393,-289.86074213271405,441.62837982177734,219.14750576019287,24.618686132080192,25.680852108564444,387.46271967200084,446.30870819091797,219.46446418762207,34.356413475310845,35.838710835605305,-1.9519017883084189,451.00147247314453,223.77737045288086,84.63619207408148,88.28779570223496,411.0910074998813,99.00187894168621,107.94343630973229,139.7271951632135,224.17989008561653,379.8548123944186,136.9064834848043,159.7502674907767,188.07319790822413,230.43084187780119,138.48140852435222,148.62923083728234,248.06549385533003,360.12896098020684,136.90340734150197,144.1712868662288,217.21020568121511,331.1703304247934,128.26022916565998,142.99962437670868,182.53299424493426,276.7070690733932
105,4.2,476.2611770629883,286.85760498046875,33.39659980785311,34.83748628960317,684.1977973313843,496.84059143066406,265.07866859436035,24.97758943192565,26.0552401857818,296.5509289074566,504.46983337402344,236.71737670898438,18.79086944133935,19.60159597979341,344.1290170571782,501.9915008544922,212.58557796478271,11.52113207930666,12.018207936221485,-214.61836223577896,501.0109329223633,194.52598571777344,14.79792432038121,15.436376415321245,71.19389563794573,506.66229248046875,235.92498779296875,17.08460555202821,17.821715836535706,408.20708969270856,491.81640625,203.92358779907227,23.120605163122466,24.118136876563252,-242.4679962541771,481.48258209228516,190.88115692138672,33.53173347517125,34.97845025927509,-394.03618631583424,473.64044189453125,182.6117706298828,50.30553744880031,52.475955074672015,-241.73260495200174,485.3938293457031,240.51801681518555,32.88636205427745,34.30523447813433,579.5616135844803,472.0022964477539,204.20363903045654,23.06648462425155,24.061681322951532,42.56544741752046,465.8434295654297,191.44761085510254,35.07180377768888,36.58496644228984,-109.92100992595262,462.29087829589844,186.0063886642456,54.28429504958012,56.62637500257819,165.92726518924152,463.89461517333984,244.22418594360352,29.356528637399894,30.623107436083213,146.28006756906223,452.91595458984375,207.9803466796875,8.448644703721643,8.813158995977204,-61.04425168835341,454.5863723754883,205.05954265594482,11.231896224939547,11.716493085938833,-2022.5179593055952,457.4025344848633,208.86314392089844,22.634252235142842,23.610800394469816,-3841.1339352457603,444.3756103515625,246.87832832336426,23.569284968128372,24.586174839866317,-311.84559051819036,441.1703109741211,218.40977668762207,21.709319048931768,22.645961237824586,-75.87227176849645,445.8556365966797,217.36706256866455,53.64447444000664,55.958949520880495,503.00596713187974,450.51990509033203,220.81885814666748,74.93623210022008,78.16933380661303,-252.96154739054833,100.39537839327033,108.98564591716357,140.51125900240524,224.66061840306537,380.4722674510314,137.61935211826574,160.71499296583923,189.47233591859512,232.52988008078808,139.85361790347758,149.5916980902004,249.5288925130216,362.3940159803099,138.1283316389453,144.52381322606786,217.67886540465267,332.11476244057224,129.24367615925465,143.90546282622165,184.77135222576948,279.83384242565774
106,4.24,476.95701599121094,286.9485855102539,17.544038710307746,18.30097110337843,-413.4128796556185,496.9746398925781,265.74806213378906,17.06708639403675,17.803440819622473,-206.29498415398314,504.0631103515625,236.74808979034424,10.19702500629405,10.636972652766177,-224.1155831756808,500.0910186767578,212.16336250305176,48.67043766504133,50.770309391381765,968.8025363790069,500.06103515625,194.09854888916016,26.04092942516143,27.164457670456013,293.2020313783692,505.48553466796875,235.5170202255249,31.13675967973622,32.48014602344067,366.46075467262403,490.62366485595703,203.01910400390625,37.422611553557125,39.03719912862591,372.9765563015664,480.00144958496094,190.15789031982422,41.207311860186714,42.98518921746907,200.16847395484945,472.06905364990234,182.76974201202393,39.48271752404374,41.186187765639225,-282.24418272581977,484.43145751953125,239.69816207885742,31.606183339746284,32.96982282927437,-33.385291221499,470.8355712890625,203.32566261291504,36.50419655397942,38.07915938386032,350.43695152271977,464.8520278930664,191.75889015197754,25.978020476786057,27.098834533995124,-237.1532977073679,461.34654998779297,187.92569160461426,53.47592758894587,55.78313076547521,-21.08110592757466,463.1736755371094,243.50114822387695,25.526181452034542,26.627501047339184,-99.89015971860073,451.89613342285156,208.19186210632324,26.038120952151665,27.161528026703795,458.7092257681648,453.9805603027344,208.27640533447266,81.83525279486693,85.36601072115725,1841.2379408804604,456.8080139160156,214.74042892456055,147.6819507443582,154.05364509798483,3261.0711175878755,443.61141204833984,246.52722358703613,21.02488975179818,21.932002439854763,-66.35431000028885,439.9180221557617,219.49158668518066,41.37133786969582,43.15629208094286,512.7582710779569,444.2947769165039,221.01200580596924,99.12710951214234,103.40391951354309,1186.1242498165648,448.41251373291016,226.38256072998047,148.73610180639574,155.15327719772532,1924.5985847778072,101.12741723740547,109.69778354994847,140.93673790851588,226.69143077872064,381.5588457578497,138.91855795920335,162.27648093098426,191.1917434872939,234.17732759141364,141.17241081664858,151.11486446555483,250.6128458943814,364.625341210929,139.19343168083887,145.61027434713603,221.09350583349897,338.27690824449166,130.12095625684884,145.63171450945939,188.9075090063112,286.0399735135668
107,4.28,476.04381561279297,286.2572193145752,28.634792513544326,29.870232219318865,289.2315278985109,496.3859176635742,264.8722171783447,26.382975676805042,27.521261407081994,242.94551468648802,503.11717987060547,236.29989624023438,26.168467823456954,27.297498675455977,416.513150567245,498.93054962158203,211.67803287506104,31.446713618299842,32.803472833572386,-449.1709139452345,497.6405715942383,192.8391981124878,68.21202347154303,71.15501117323873,1099.7638375695678,503.9874267578125,235.26972770690918,37.95952532168338,39.5972778834517,177.92829650027588,488.65039825439453,202.30474948883057,52.464770644518175,54.72834775191064,392.2787155821183,478.23760986328125,190.45626640319824,44.72246954066196,46.65200734278474,91.6704531328918,470.4212188720703,184.65877532958984,62.66880369204261,65.37263080578607,604.6610760036712,482.99327850341797,239.53113555908203,36.196138784897045,37.75781055288474,119.69969309025927,468.56510162353516,202.8723907470703,57.881818639611524,60.379112690406295,557.4988326636493,463.6865997314453,194.5464277267456,75.53388532077572,78.79277259968886,1292.3484516423434,461.3808059692383,194.11331176757812,154.69287466093456,161.3670532660746,2639.598062514985,461.7875289916992,243.58091354370117,34.71099205942523,36.208587608502626,239.52716402908604,450.2739715576172,209.31225299835205,49.28669234667822,51.41315220010929,606.2906043351373,452.9460906982422,212.29619979858398,103.76919971840843,108.24629133721204,572.0070154013697,455.9809875488281,221.02522373199463,158.47440326353527,165.3117348086509,281.45224276665175,442.3757553100586,246.84250831604004,31.8811468112712,33.25664951895247,283.1161769774427,438.31546783447266,220.64703941345215,49.391619734223795,51.52260664894701,209.15786420010375,442.9283905029297,224.04805183410645,83.23380967254205,86.82490792421264,-414.4752897332612,446.68956756591797,230.85848808288574,119.90222361063275,125.07536980294988,-751.947684869386,102.32222652617821,110.79863400623175,142.02863785553413,228.00356969206354,384.4050462047793,140.50244907454143,164.4656148410607,193.05782378100528,236.79223282364507,142.68272323876397,153.53002897317106,253.76455679836894,371.0800233415719,140.64177518517897,147.6668004351404,225.42335748698744,344.88937763683765,131.45122223760694,147.69261877541726,192.3805053232797,291.0429883056848
108,4.32,475.77510833740234,285.86769104003906,11.830465874991727,12.340887847592443,-438.2336092931606,495.76446533203125,264.11335945129395,24.521266921348982,25.579229774622704,-48.55079081148226,499.7996139526367,235.7374906539917,84.1224689942616,87.75190819114559,1511.3602378922403,490.57178497314453,212.11243629455566,209.25112421866027,218.27920246352318,4636.89324074877,480.9637451171875,195.4599666595459,422.0374458526392,440.2461273956746,9227.277905560897,502.8345489501953,234.10035610198975,41.05299311323159,42.82421243353869,80.67336375217468,487.3286437988281,201.20347023010254,43.01054265027791,44.86621986993748,-246.55319704932896,476.3005065917969,190.65373420715332,48.67855417169294,50.778776082327006,103.1692184885566,468.51806640625,187.08829879760742,77.1547697399766,80.48358960069577,377.7739698727423,481.6580581665039,237.82517910003662,54.15891424933928,56.49558468456676,468.44435329205044,466.2510299682617,201.35607719421387,69.16526592298733,72.14938099004414,294.25670749094604,461.5565490722656,196.9084596633911,79.51537068550469,82.94603798011795,103.83163451072726,460.0758743286133,200.1990509033203,155.60179026727232,162.3151837690713,23.70326257491726,460.6397247314453,242.10745811462402,46.69398730922122,48.70858566593912,312.4999514359123,448.3299255371094,209.88956451416016,50.698887537948714,52.88627613779113,36.82809844204602,450.32806396484375,215.69533824920654,107.26196373624721,111.88974963189943,91.08645736718479,453.40564727783203,225.98083019256592,139.6209442192282,145.644848815868,-491.6721498195727,441.84410095214844,246.4633083343506,16.3257653419017,17.030135688605032,-405.662845758686,436.19049072265625,222.40787029266357,68.99299380611083,71.96967624332454,511.17673985943827,439.6610641479492,228.07275295257568,129.5994806195165,135.19101211496474,1209.1526047688023,442.8603744506836,236.30354404449463,166.41693562181933,173.5969453908188,1213.039389696723,102.81586204008192,111.82180319721665,145.53871418317993,236.73473779060444,402.0148913006062,142.21541757188297,166.26026363585822,195.08897482429836,240.01157640767292,144.94254662614662,156.41600421277283,257.0823983175736,377.57263069233477,142.59011861181654,149.78225148065204,229.89894747226342,350.7151715894724,132.13242766515114,150.57140582515024,197.7881458078783,297.9868661213175
109,4.36,476.1185073852539,284.91454124450684,25.328065446117336,26.420837384583052,351.99873842476524,495.4905319213867,263.0518054962158,27.408214017532174,28.59073335465009,75.28758950068467,499.2080307006836,233.1603240966797,66.10483250167344,68.95690606838475,-469.87505306902085,491.18064880371094,207.72236824035645,110.80222438164462,115.5827537821798,-2567.4112170335848,484.7970962524414,189.3999195098877,179.26717557571877,187.00160517018995,-6331.113055637116,501.95098876953125,232.8940773010254,37.38137185242733,38.99418015271332,-95.75080702063428,486.9398880004883,200.53253173828125,19.385715271661297,20.222106258609145,-616.1028402832084,475.25821685791016,190.53779125213623,26.217964477907866,27.349130848513585,-585.7411308453355,466.62925720214844,187.586088180542,48.83258696340205,50.93945457355633,-738.6033756784858,481.2321472167969,237.2843599319458,17.209835662615873,17.952348963433174,-963.5808930283396,465.7444763183594,201.62315368652344,14.31621573980381,14.933884659633494,-1430.387408260266,462.24979400634766,203.58258247375488,167.75075228305306,174.98830917982488,2301.0567799926735,462.34569549560547,211.8197536468506,296.00762277306495,308.7787846459089,3661.59002192094,460.49808502197266,242.3064136505127,6.105587224023125,6.369010990060893,-1058.4893668969557,448.26072692871094,210.26943683624268,9.653089806139981,10.069569528291689,-1070.417665237486,450.18871307373047,217.86179065704346,54.273236419277296,56.61483925092165,-1381.8727595244447,453.34617614746094,228.73416423797607,68.84940622911297,71.8198936225248,-1845.6238798335796,441.56288146972656,247.62173652648926,29.801848449753276,31.087640440838435,351.4376188058351,435.7759475708008,223.503999710083,29.297458555335194,30.561488792691534,-1035.204686265825,439.5073699951172,230.11610984802246,51.22822278042061,53.438449393700914,-2043.8140680315953,442.5518798828125,238.6731719970703,59.74061397007273,62.31810519900573,-2781.9710047953267,103.87269553546524,112.96543253140266,148.29699042591534,241.35804794189164,409.4949555074138,143.7751847779915,167.0691478862026,196.1829400582389,242.0491545906152,145.66064058468396,157.01335959915815,264.08193068476663,389.92378207817114,142.84487905141896,150.1850342617837,232.16354104230027,353.5879673343734,133.3759332827847,151.7938653768579,199.9256837836263,300.47959032927776
110,4.4,476.0793685913086,285.1318073272705,5.5190803078368695,5.757199405380002,-516.5909494800762,495.22743225097656,263.33948135375977,9.74611575140249,10.166609050617492,-460.60310760081495,498.91910552978516,232.75204181671143,12.504303622022833,13.04379812614401,-1397.8276985560185,490.7110595703125,206.8571662902832,24.6105727093849,25.672388634631915,-2247.759128688697,483.53599548339844,188.0496311187744,46.19019030633061,48.18305248945036,-3470.4638170184894,502.3114776611328,232.61090755462646,11.460185050964355,11.954631366256782,-675.9887196614134,486.7808532714844,200.3001594543457,7.039572224697335,7.343292499043483,-321.97034398914155,474.82086181640625,190.55253982543945,10.94009120001303,11.412098218988206,-398.4258157381345,466.2321472167969,188.1078815460205,16.39292257201477,17.100190397670403,-845.9816043971482,481.73900604248047,237.11874961853027,13.330712778274012,13.90586246251795,-101.16216252288059,465.90232849121094,202.06541061401367,11.73958310554143,12.24608396776928,-67.19501729660533,461.94751739501953,204.61960315704346,27.00443305418015,28.16953138032601,-3670.4694449874714,462.04002380371094,213.1283712387085,33.596085941535485,35.04557919388416,-6843.330136300618,460.9840774536133,242.27328300476074,12.178009979567397,12.703426640399137,158.3603912584561,448.3141326904297,210.63529014587402,9.243268481473784,9.642066583040107,-10.68757363128956,449.78782653808594,218.75604629516602,24.500040315975227,25.557087353599677,-776.4437974330493,453.0624771118164,229.8872423171997,29.686636299138243,30.967457495851832,-1021.3109031668242,441.93851470947266,247.82678604125977,10.698879448035873,11.1604794568764,-498.1790245990508,435.6582260131836,224.2091417312622,17.872528415848564,18.64363340070497,-297.9463847996641,439.0224075317383,231.31728172302246,32.384433608000165,33.781650476584716,-491.41997292790495,442.1952438354492,240.0245189666748,34.94037691677557,36.44786920809546,-646.7558997727567,104.10298351168045,113.37209689342735,148.8187423509611,242.3849434872769,411.4222776069918,144.25337003264178,167.36287958616435,196.6394239869984,242.733162206522,146.21687508318468,157.50320295786892,265.20871193997965,391.3256052459265,143.35301611703494,150.57071692510533,233.18582453644427,354.8266656342075,133.82235246105975,152.5396107128861,201.2769498026897,301.9375050976016
111,4.44,475.8401107788086,285.9780693054199,21.985842554125092,22.934415268365147,429.43039657462856,494.8811721801758,264.2962646484375,25.437795570830012,26.53530178327119,409.21731831634247,499.1109085083008,233.42548370361328,17.50557692567923,18.260849896357996,130.42629425534966,490.97522735595703,207.1992588043213,10.805435759758634,11.271633109346116,-360.018888132145,484.3510437011719,188.36873531341553,21.88222858184825,22.826330901711838,-633.9180396934631,501.90738677978516,232.92124271392822,12.737674225677273,13.287237435893626,33.3151517409211,488.0658721923828,201.1559772491455,38.5980709116643,40.26337333521132,823.0020209041959,476.6743469238281,190.18095016479492,47.259165244245196,49.29814803683515,947.1512454461737,467.8021240234375,186.05279445648193,64.65393510344914,67.44341012840663,1258.5804932684055,481.2828063964844,236.7668581008911,14.403683495753624,15.02512618620254,27.981593092114743,466.0031509399414,202.2459840774536,5.1703446371291255,5.393417636670729,-171.31665827746377,462.1723175048828,207.08134174346924,61.7995345719334,64.46585732501217,907.408148617154,462.74192810058594,217.48961448669434,110.43412151050074,115.19876922086458,2003.8297506745103,460.61473846435547,241.59244537353516,19.364128709401847,20.199588350466403,187.40404275168166,448.2041549682617,211.59337520599365,24.109413122752592,25.149606664950653,387.6885020477637,448.96766662597656,220.47231674194336,47.55422252487523,49.60593547710562,601.2212030876485,452.1855926513672,231.55184268951416,47.03602845483671,49.06538407623889,452.44816450967653,441.6672897338867,247.000093460083,21.751201276514056,22.689650461804597,288.2292751232049,435.2715301513672,224.67927932739258,15.218472509609354,15.87506903255313,-69.21410920379603,438.15120697021484,232.2901725769043,32.64876559655128,34.05738699108125,6.893412862413406,441.40525817871094,240.7847785949707,27.40976149418341,28.59234759672656,-196.38804028422248,105.02036012241506,114.4335089647582,149.54917634681541,242.83580881165074,412.3353308430603,144.7848595300775,168.9734145195728,198.61134990847182,245.43089861165828,146.81788013063277,157.71893966333576,267.7873462329801,395.93355601476105,144.1609996510536,151.57670119170334,235.1700619555285,356.78928099725704,134.72993847953194,153.17461347418822,202.63924528233295,303.0811990014707
