patient,frame,time_s,wrist_speed_mm_s,wrist_accel_mm_s2,wrist_path_mm,thumb_tip_speed_mm_s,thumb_tip_accel_mm_s2,thumb_tip_path_mm,index_finger_tip_speed_mm_s,index_finger_tip_accel_mm_s2,index_finger_tip_path_mm
patient_102,0.0,0.0,,,0.0,,,0.0,,,0.0
patient_102,1.0,0.04,745.1519812724677,,29.806079250898705,204.15335543660927,,8.166134217464371,23.470906059786888,,0.9388362423914756
patient_102,2.0,0.08,117.68636475385486,-15686.64041296532,34.5135338410529,174.2665699515181,-747.1696371272792,15.136797015525094,69.74406839002552,1156.829058255966,3.728598977992496
patient_102,3.0,0.12,96.99071618440227,-517.3912142363147,38.39316248842899,68.62245481976576,-2641.1028782938088,17.881695208315726,35.954172805151295,-844.7473896218556,5.166765890198548
patient_102,4.0,0.16,250.89449238474066,3847.594405008459,48.42894218381862,106.28185184287734,941.4849255777895,22.132969282030817,104.2685779097895,1707.8601276159552,9.337509006590128
patient_102,5.0,0.2,128.94988698614455,-3048.6151349649026,53.5869376632644,219.53786232075012,2831.4002619468192,30.914483774860823,31.491391734289763,-1819.4296543874934,10.59716467596172
patient_102,6.0,0.24,2.572620246814468,-3159.431668483252,53.68984247313698,93.20589647352571,-3158.2991461806105,34.64271963380185,10.373392438162524,-527.9499824031809,11.01210037348822
patient_102,7.0,0.28,174.45326484981308,4297.0161150749655,60.667973067129495,148.99364475634204,1394.693707070408,40.60246542405554,54.33837221573964,1099.1244944394277,13.185635262117806
patient_102,8.0,0.32,28.553033772921573,-3647.505776922288,61.810094418046354,69.89448375584719,-1977.479025012371,43.398244774289424,29.963643265867848,-609.3682237467948,14.384180992752519
patient_102,9.0,0.36,136.3353801355862,2694.558659066616,67.2635096234698,568.6775499838186,12469.576655699286,66.14534677364217,121.85366717103761,2297.250597629244,19.258327679594025
patient_102,10.0,0.4,61.3044018332621,-1875.7744575581028,69.71568569680028,362.39262020102313,-5157.123244569887,80.6410515816831,276.57434697424037,3868.016995080069,30.321301558563636
patient_102,11.0,0.44,149.40372571582932,2202.483097064181,75.69183472543345,260.737420402433,-2541.379994964754,91.07054839778043,49.12664301119819,-5686.192599076055,32.286367279011564
patient_102,12.0,0.48,124.53189236731664,-621.7958337128171,80.67311042012612,121.7246872846119,-3475.318327945527,95.93953588916489,139.66823481233786,2263.539795028492,37.87309667150508
patient_102,13.0,0.52,119.9185416484531,-115.33376797158859,85.46985208606424,306.916501566269,4629.795357041428,108.21619595181565,707.4899682938047,14195.543337036674,66.17269540325728
patient_102,14.0,0.56,218.7447601645201,2470.655462901675,94.21964249264504,294.923276324556,-299.8306310428248,120.01312700479788,153.29168573597235,-13854.957063945809,72.30436283269617
patient_102,16.0,0.64,,,94.21964249264504,,,120.01312700479788,,,72.30436283269617
patient_102,17.0,0.68,669.6970537148541,,121.0075246412392,172.81530710183495,,126.92573928887128,374.48655120342164,,87.28382488083304
patient_102,18.0,0.72,328.3691178021004,-8533.198397818842,134.1422893533232,95.07941839469345,-1943.3972176785373,130.72891602465901,149.55885523693024,-5623.192399162285,93.26617909031025
patient_102,19.0,0.76,174.1427252376233,-3855.6598141119275,141.10799836282814,34.66617303813357,-1510.3311339139968,132.11556294618435,34.20752103616398,-2883.7833550191567,94.63447993175681
patient_102,20.0,0.8,37.62143250967675,-3413.032318198664,142.6128556632152,100.72178287670094,1651.390245964184,136.1444342612524,99.90063539180933,1642.3278588911337,98.63050534742919
patient_102,21.0,0.84,57.41194002841297,494.7626879684055,144.90933326435174,55.86277724786716,-1121.4751407208446,138.3789453511671,65.98331492834357,-847.9330115866439,101.26983794456294
patient_102,22.0,0.88,84.65976369114372,681.1955915682688,148.29572381199748,29.13018305303099,-668.3148548709041,139.54415267328832,29.740545944434874,-906.0692245977176,102.45945978234033
patient_102,23.0,0.92,103.02405775810793,459.10735167410513,152.4166861223218,14.091449279634297,-375.96834433491733,140.1078106444737,48.71161629608697,474.2767587913025,104.40792443418381
patient_102,24.0,0.96,124.24192995187134,530.4468048440854,157.38636332039667,35.42672968439579,533.3820101190373,141.52487983184952,42.546390174251194,-154.1306530458945,106.10978004115384
patient_102,25.0,1.0,90.45445713643522,-844.6868203859029,161.0045416058541,43.71108315724473,207.10883682122355,143.2733231581393,78.10974914878432,889.0839743633281,109.23417000710522
patient_102,26.0,1.04,38.9995450963822,-1286.3728010013256,162.56452340970935,22.576924700517086,-528.353961418191,144.17640014616,26.413360415128974,-1292.4097183413835,110.29070442371038
patient_102,27.0,1.08,42.89468170509538,97.37841521782951,164.28031067791318,13.412052444578068,-229.12180639847546,144.7128822439431,49.37803822955493,574.116945360649,112.26582595289257
patient_102,28.0,1.12,91.46254552090538,1214.19659539525,167.9388124987494,42.422682533454946,725.265752221922,146.4097895452813,76.04655756704211,666.7129834371796,115.30768825557426
patient_102,29.0,1.16,106.18108405246704,367.96346328904156,172.18605586084806,12.204507040660996,-755.4543873198487,146.89796982690777,94.32169394101493,456.87840934932035,119.08055601321486
patient_102,30.0,1.2,73.26585970564632,-822.8806086705181,175.1166902490739,41.159054865760034,723.863695627476,148.54433202153817,91.0064216025608,-82.88180846135305,122.7208128773173
patient_102,31.0,1.24,82.54907727027121,232.08043911562228,178.41865333988477,23.655660119911893,-437.5848686462035,149.49055842633462,50.73642895152165,-1006.7498162759788,124.75027003537816
patient_102,32.0,1.28,85.46066484750438,72.78968943082909,181.83707993378496,40.60558758591193,423.74818665000083,151.1147819297711,47.36480114894382,-84.29069506444584,126.64486208133593
patient_102,33.0,1.32,10.364551843041639,-1877.4028251115685,182.2516620075066,52.36699865500208,294.0352767272538,153.2094618759712,32.0225989401177,-383.5550552206529,127.92576603894064
patient_102,34.0,1.36,82.97781299655958,1815.3315288379486,185.570774527369,40.990247715754286,-284.4187734811948,154.84907178460136,20.39181927943789,-290.76949151699534,128.74143881011815
patient_102,35.0,1.4,125.16079960010177,1054.5746650885549,190.57720651137308,48.76433136104762,194.35209113233327,156.79964503904327,64.09411381981512,1092.5573635094308,131.30520336291076
patient_102,36.0,1.44,95.55085116619507,-740.2487108476673,194.39924055802086,35.26595058355039,-337.45951943743063,158.2102830623853,5.154121135561674,-1473.4998171063362,131.51136820833324
patient_102,37.0,1.48,40.838727723104085,-1367.8030860772747,196.03278966694504,6.9519924318492405,-707.8489537925287,158.48836275965925,26.111213800396467,523.9273166208699,132.55581676034907
patient_102,38.0,1.52,32.654639828686186,-204.6021973604475,197.3389752600925,68.5261729148988,1539.3545120762387,161.2294096762552,20.95604350308082,-128.87925743289114,133.3940585004723
patient_102,39.0,1.56,53.97259030715683,532.9487619617661,199.49787887237875,62.993707317776234,-138.31163992806398,163.74915796896624,29.78476463765465,220.71802836434574,134.5854490859785
patient_102,40.0,1.6,94.83207322748432,1021.4870730081872,203.29116180147813,48.60727948579468,-359.6606957995389,165.69344914839803,122.05565714928271,2306.7723127907016,139.46767537194978
patient_102,41.0,1.64,15.831987283347692,-1975.0021486034157,203.92444129281205,43.52682940040104,-127.0112521348409,167.43452232441408,56.954650692625364,-1627.5251614164335,141.7458613996548
patient_102,42.0,1.68,77.91476972310521,1552.0695609939378,207.04103208173626,15.591910384908784,-698.3729753873064,168.05819873981042,39.30888918997074,-441.14403756636557,143.31821696725362
patient_102,43.0,1.72,107.96784253889278,751.3268203946893,211.35974578329197,25.152679794794533,239.0192352471437,169.0643059316022,59.37405325772353,501.62910169381973,145.69317909756256
patient_102,44.0,1.76,60.89875550519076,-1176.7271758425504,213.79569600349961,28.38753084978668,80.87127637480363,170.19980716559365,39.931992110108325,-486.05152869038017,147.2904587819669
patient_102,45.0,1.8,35.91277540110021,-624.6495026022637,215.23220701954364,27.46555442727316,-23.049410562837913,171.29842934268459,16.355169585588403,-589.420563112998,147.94466556539044
patient_102,46.0,1.84,31.42912191970578,-112.09133703486086,216.48937189633187,25.317985290340005,-53.68922842332893,172.3111487542982,23.023050948107585,166.69703406297955,148.86558760331474
patient_102,47.0,1.88,44.50227577118299,326.82884628693023,218.2694629271792,22.746590845951843,-64.28486110970404,173.22101238813627,55.52341045813737,812.5089877507445,151.08652402164023
patient_102,48.0,1.92,47.11291434077276,65.26596423974436,220.1539795008101,29.935887025361577,179.73240448524334,174.41844786915073,46.88643995122427,-215.92426267282752,152.96198161968923
patient_102,49.0,1.96,131.94612790475583,2120.8303390995766,225.4318246170003,37.180963499226806,181.12691184663072,175.9056864091198,81.67772372475568,869.7820943382853,156.22909056867945
patient_102,50.0,2.0,6.405921429014653,-3138.5051618935295,225.6880614741609,36.9701145805824,-5.271222966110223,177.3844909923431,48.630996037501646,-826.1681921813508,158.1743304101795
patient_102,51.0,2.04,73.32018349102152,1672.8565515501718,228.62086881380176,28.231056174031952,-218.47646016376112,178.51373323930437,30.25645889855167,-459.36342847374937,159.38458876612157
patient_102,52.0,2.08,10.799151831884988,-1563.0257914784136,229.05283488707715,42.23269738724636,350.04103033036023,180.20304113479423,129.8352659141973,2489.4701753911404,164.57799940268944
patient_102,53.0,2.12,29.49864159528785,467.48724408507155,230.23278055088866,41.69382416391074,-13.47183058339052,181.87079410135067,68.50072389537267,-1533.3635504706156,167.3180283585044
patient_102,54.0,2.16,97.85440559952072,1708.8941001058217,234.1469567748695,94.48536987090303,1319.7886426748073,185.65020889618677,40.25699151125656,-706.0933096029029,168.92830801895462
patient_102,55.0,2.2,75.40139889259031,-561.3251676732602,237.1630127305731,34.73610926004723,-1493.731515271395,187.0396532665887,52.565354988677406,307.7090869355212,171.03092221850173
patient_102,56.0,2.24,79.6342900074456,105.8222778713823,240.34838433087094,38.1832282424109,86.17797455909172,188.56698239628514,60.63687864609949,201.7880914355521,173.45639736434572
patient_102,57.0,2.28,86.01122890384407,159.4234724099618,243.7888334870247,58.177373107766115,499.85362163388044,190.89407732059578,18.212723626350765,-1060.603875493718,174.18490630939974
patient_102,58.0,2.32,42.49013193957587,-1088.027424106705,245.48843876460774,18.489846062363558,-992.188176135064,191.63367116309033,40.99787927905066,569.6288913174973,175.82482148056178
patient_102,59.0,2.36,90.57078816923094,1202.0164057413767,249.11127029137697,44.101959912886024,640.3028462630616,193.39774955960576,41.2639055623185,6.650657081696032,177.4753777030545
patient_102,60.0,2.4,101.33534249016836,269.1138580234355,253.1646839909837,150.89848190159117,2669.9130497176284,199.43368883566941,51.05077170977535,244.67165368642122,179.51740857144551
patient_102,61.0,2.44,29.037087696094456,-1807.4563698518475,254.32616749882746,127.51897916735824,-584.4875683558232,204.53444800236375,116.33006728726963,1631.9823894373571,184.1706112629363
patient_102,62.0,2.48,64.81929570286917,894.5552001693677,256.9189393269422,83.85018988476094,-1091.7197320649325,207.8884555977542,95.12587521027525,-530.1048019248593,187.97564627134727
patient_102,63.0,2.52,50.11410658949507,-367.6297278343524,258.92350359052205,71.1302797115482,-317.99775433031846,210.73366678621613,123.5695087923299,711.0908395513661,192.91842662304046
patient_102,64.0,2.56,117.66258692211132,1688.712008315406,263.6300070674065,93.48395907688128,558.841984133327,214.4730251492914,42.64262252953206,-2023.1721565699459,194.62413152422175
patient_102,65.0,2.6,45.38937627321549,-1806.8302662223957,265.44558211833515,20.172283215375007,-1832.7918965376568,215.27991647790637,53.48493669181311,271.05785405702625,196.76352899189428
patient_102,66.0,2.64,29.51876821083389,-396.76520155954,266.6263328467685,52.192963658831715,800.5170110864178,217.36763502425964,48.050238825484556,-135.86744665821388,198.68553854491364
patient_102,67.0,2.68,66.96624796539679,936.1869938640725,269.30498276538435,89.43566713677717,931.0675869486364,220.94506170973074,55.55887603702721,187.7159302885664,200.90789358639475
patient_102,68.0,2.72,70.39713179643711,85.77209577600797,272.12086803724185,96.39463698420259,173.97424618563554,224.80084718909882,19.326388644781485,-905.8121848061433,201.680949132186
patient_102,69.0,2.76,61.04372858094866,-233.8350803872112,274.5626171804798,8.45123872783464,-2198.584956409199,225.1388967382122,33.64597241419517,357.98959423534217,203.0267880287538
patient_102,70.0,2.8,127.6428269515185,1664.977459264246,279.6683302585405,26.324460041235746,446.8305328350276,226.19187513986162,25.373059438796492,-206.82282438496696,204.04171040630564
patient_102,71.0,2.84,181.89286665737197,1356.2509926463367,286.9440449248354,29.516600327080305,79.80350714611397,227.37253915294485,54.81007893034388,735.9254872886846,206.23411356351937
patient_102,72.0,2.88,96.66075815867156,-2130.8027124675104,290.81047525118225,165.04831340942863,3388.292827058708,233.97447168932197,58.40860946561582,89.96326338179853,208.57045794214403
patient_102,73.0,2.92,41.37259631253939,-1382.204046153304,292.46537910368386,68.1304439894658,-2422.9467354990707,236.6996894489006,53.12690616816742,-132.04258243620987,210.69553418887074
patient_102,74.0,2.96,75.62570509689806,856.3277196089666,295.49040730755974,79.22336094120323,277.32292379343556,239.86862388654873,53.04268125416397,-2.1056228500862417,212.81724143903728
patient_102,75.0,3.0,18.113992436518,-1437.7928165095013,296.21496700502047,52.42406490454833,-669.9824009163724,241.96558648273069,92.82534859675137,994.5666835646849,216.53025538290734
patient_102,76.0,3.04,83.06271894558266,1623.7181627266164,299.53747576284377,22.388969696101945,-750.8773802111597,242.86114527057478,48.308743831091896,-1112.915119141487,218.46260513615104
patient_102,77.0,3.08,31.237066509416884,-1295.6413109041443,300.7869584232205,66.24872255842843,1096.493821558162,245.5110941729119,83.05729891883746,868.7138771936392,221.78489709290454
patient_102,78.0,3.12,28.182463613083776,-76.3650724083277,301.9142569677438,73.16840688985688,172.99210828571142,248.43783044850616,151.1397721867272,1702.0618316972439,227.83048798037362
patient_102,79.0,3.16,77.38220815425169,1229.9936135291978,305.0095452939139,20.152306932097606,-1325.402498943982,249.24392272579007,88.53978961701456,-1564.9995642428162,231.37207956505418
patient_102,80.0,3.2,59.44373882757069,-448.4617331670249,307.38729484701673,100.16134140641763,2000.2258618580008,253.25037638204677,112.39138884313112,596.2899806529141,235.86773511877942
patient_102,81.0,3.24,44.12912748732818,-382.86528350606284,309.1524599465099,69.32499006046916,-770.9087836487118,256.02337598446553,161.10305611141155,1217.7916817070106,242.31185736323587
patient_102,82.0,3.28,160.40522201313627,2906.9023631452023,315.5686688270353,81.8316609367399,312.6667719067683,259.29664242193513,90.34424688654593,-1768.9702306216404,245.9256272386977
patient_102,83.0,3.32,38.96163720493957,-3036.0896202049175,317.1271343152329,54.38167226118865,-686.2497168887811,261.47190931238265,83.73741308521035,-165.17084503338958,249.27512376210612
patient_102,84.0,3.36,35.38342286268416,-89.45535855638536,318.5424712297403,31.541238498551813,-571.0108440659209,262.73355885232473,20.998216551772277,-1568.479913335952,250.115052424177
patient_102,85.0,3.4,32.11667141244018,-81.66878625609932,319.8271380862379,56.17762283902244,615.9096085117657,264.98066376588565,65.15408394703842,1103.8966848816535,252.72121578205852
patient_102,86.0,3.44,33.170853940277716,26.35456319593832,321.153972243849,14.131363292972,-1051.1564886512608,265.54591829760454,52.080223072472904,-326.8465218641378,254.80442470495746
patient_102,87.0,3.48,185.37586518112468,3805.1252810211745,328.56900685109395,76.72360596689549,1564.8060668480873,268.6148625362804,73.35206284249239,531.7959942504871,257.73850721865716
patient_102,88.0,3.52,108.00410384161529,-1934.2940334877349,332.8891710047585,253.71680911849498,4424.830078789987,278.7635349010202,198.74490375881666,3134.821022908107,265.6883033690098
patient_102,89.0,3.56,292.75738840301534,4618.832114035002,344.5994665408791,510.80472860603004,6427.197987188376,299.1957240452614,492.0567805182098,7332.796918984829,285.3705745897382
patient_102,90.0,3.6,261.2274875827486,-788.2475205066683,355.04856604418904,76.40718061664184,-10859.938699734705,302.25201126992704,380.5105602405344,-2788.6555069418846,300.5909969993596
patient_102,91.0,3.64,925.2083398490706,16599.52130665805,392.0568996381519,431.66830717464745,8881.52816395014,319.51874355691297,872.1152930331299,12290.118319814886,335.47560872068476
patient_102,92.0,3.68,275.04756665574433,-16254.019329833158,403.0588023043817,689.4747014299202,6445.159856381818,347.0977316141098,747.6727381354033,-3111.063872443165,365.38251824610086
patient_102,93.0,3.72,333.5383784794348,1462.2702955922618,416.400337443559,329.18363974362336,-9007.27654215742,360.26507720385473,489.32849450284215,-6458.606090814028,384.95565802621456
patient_102,94.0,3.76,340.47296605922514,173.3646894947583,430.0192560859281,404.9404065822056,1893.9191709645556,376.46269346714297,797.5892315651361,7706.518426557348,416.85922728882
patient_102,95.0,3.8,504.4285428774862,4098.889420456527,450.1963978010275,1160.7472285206184,18895.17054846032,422.8925826079677,967.4571158180248,4246.697106322219,455.557511921541
patient_102,96.0,3.84,418.86533459667737,-2139.080207020221,466.9510111848946,813.9079144740394,-8670.982851164474,455.4488991869293,718.3318247064368,-6228.1322777897,484.29078490979845
patient_102,97.0,3.88,126.1432998156931,-7318.050869524606,471.9967431775223,1079.0353894377417,6628.186874092557,498.61031476443895,1157.0627352869435,10968.272764512667,530.5732943212762
patient_102,98.0,3.92,226.62128527234634,2511.949636416331,481.06159458841614,836.5046151959692,-6063.269356044313,532.0704993722777,429.098105165495,-18199.115753036214,547.737218527896
patient_102,99.0,3.96,42.68352743092228,-4598.443946035602,482.768935685653,62.41139527271283,-19352.33049808141,534.5669551831862,99.01561897999015,-8252.06215463762,551.6978432870956
patient_102,100.0,4.0,155.01665329528657,2808.328146609107,488.9696018174644,17.257195457627677,-1128.8549953771287,535.2572430014912,34.0665369980396,-1623.7270495487635,553.0605047670172
patient_102,101.0,4.04,131.70411677669713,-582.813412964736,494.2377664885323,82.19539110561384,1623.454891199654,538.5450586457158,67.75124602059113,842.1177255637881,555.7705546078408
patient_102,102.0,4.08,110.06710547359984,-540.9252825774324,498.64045070747625,51.64749481092082,-763.6974073673255,540.6109584381527,39.09636617022678,-716.3719962591086,557.3344092546499
patient_102,103.0,4.12,89.22088140590023,-521.1556016924902,502.20928596371226,157.4284327432691,2644.523448308707,546.9080957478834,40.01990281868587,23.08841621147728,558.9352053673973
patient_102,104.0,4.16,84.49702360113113,-118.09644511922741,505.5891669077575,64.51106255825324,-2322.9342546253965,549.4885382502135,237.05650219330974,4925.914984365597,568.4174654551297
patient_102,105.0,4.2,23.69239876493535,-1520.1156209048945,506.5368628583549,172.9744506697323,2711.584702786977,556.4075162770027,36.379851183428016,-5016.916275247043,569.8726595024668
patient_102,106.0,4.24,27.786956622695147,102.36394644399489,507.64834112326264,202.33392904494536,733.9869593803264,564.5008734388007,63.770053250312685,684.7550516721167,572.4234616324793
patient_102,107.0,4.28,12.239749534229631,-388.6801772116379,508.1379311046319,85.70379899235617,-2915.75325131473,567.9290253984949,87.78695395329235,600.4225175744917,575.934939790611
patient_102,108.0,4.32,155.840581170888,3590.020790916459,514.3715543514674,202.81202228447293,2927.705582302919,576.0415062898738,46.51396925730881,-1031.8246173995885,577.7954985609034
patient_102,109.0,4.36,82.14363954943745,-1842.4235405362633,517.6572999334448,200.01813453189453,-69.84719381445998,584.0422316711496,201.13970883208953,3865.6434893695177,585.8410869141869
patient_102,110.0,4.4,204.50420656521905,3059.01417539454,525.8374681960536,252.23947319858655,1305.5334666673004,594.131810599093,295.82721810726514,2367.1877318793904,597.6741756384775
patient_102,111.0,4.44,45.36821990393691,-3978.3996665320537,527.6521969922111,83.89329422432624,-4208.654474356508,597.4875423680661,217.6952684746132,-1953.2987408162987,606.3819863774621
patient_102,112.0,4.48,209.25798316310707,4097.244081479254,536.0225163187354,141.3328548156721,1435.9890147836468,603.1408565606929,220.44469688004034,68.73571013567883,615.1997742526637
patient_102,113.0,4.52,142.98979717480518,-1656.7046497075473,541.7421082057276,512.1484403903979,9270.389639368144,623.6267941763089,612.4323972124827,9799.692508311058,639.697070141163
patient_102,114.0,4.56,231.76684246470168,2219.4261322474126,551.0127819043156,414.53683567972064,-2440.290117766932,640.2082676034977,612.3327077392601,-2.4922368305652753,664.1903784507334
patient_102,115.0,4.6,516.8629536679333,7127.402780080792,571.6873000510329,673.6339973905216,6477.429042770023,667.1536274991186,582.212505986323,-753.005043823427,687.4788786901864
patient_102,116.0,4.64,213.74729731625257,-7577.891408792018,580.2371919436831,312.3699538652228,-9031.60108813247,679.6484256537275,365.7955681194214,-5410.42344667254,702.1107014149633
patient_102,117.0,4.68,214.54092291665924,19.840640010166766,588.8188288603494,126.60222586148348,-4644.193200093483,684.7125146881867,199.69526829299218,-4152.50749566073,710.0985121466829
patient_102,118.0,4.72,145.4087134400501,-1728.3052369152288,594.6351773979515,225.35005061454686,2468.6956188265845,693.7265167127687,284.7572074804617,2126.5484796867386,721.4888004459015
patient_102,119.0,4.76,98.0339723252596,-1184.3685278697624,598.5565362909618,143.75801696186997,-2039.8008413169223,699.4768373912434,121.20977147677165,-4088.6859000922514,726.3371913049724
patient_102,120.0,4.8,113.82237019340113,394.70994670353826,603.1094310986979,243.33835169788566,2489.508368400392,709.210371459159,271.43494956650125,3755.6294522432395,737.1945892876324
patient_102,121.0,4.84,85.75030519464418,-701.8016249689235,606.5394433064837,226.23611223772804,-427.5559865039405,718.2598159486681,147.7916793730704,-3091.0817548357713,743.1062564625552
patient_102,122.0,4.88,36.2239324822128,-1238.1593178107846,607.9884006057722,137.8280809082614,-2210.2007832366658,723.7729391849986,274.7535541447658,3174.0468692923855,754.0963986283458
patient_102,123.0,4.92,73.13514869374137,922.7804052882142,610.9138065535219,127.5479589561875,-257.00304880184746,728.874857543246,173.15140933769965,-2540.053620176654,761.0224550018538
patient_102,124.0,4.96,103.16627530511235,750.7781652842745,615.0404575657263,37.11955917272203,-2260.7099945866366,730.3596399101549,67.33222989400608,-2645.4794860923394,763.7157441976141
patient_102,125.0,5.0,126.6164171355378,586.2535457606363,620.1051142511479,65.48506190638973,709.1375683416926,732.9790423864106,104.4847747050334,928.8136202756832,767.8951351858154
patient_102,126.0,5.04,35.71008596049263,-2272.6582793761295,621.5335176895676,55.588523905857436,-247.4134500133074,735.202583342645,34.89528558871196,-1739.7372279080362,769.2909466093639
patient_102,127.0,5.08,92.91713147651524,1430.1761379005652,625.2502029486282,179.2619982281149,3091.836858056436,742.3730632717695,104.22162478281028,1733.1584798524582,773.4598116006763
patient_102,128.0,5.12,54.134300026131804,-969.5707862595858,627.4155749496734,236.70858240054895,1436.1646043108515,751.8414065677914,244.87393760133898,3516.307820463217,783.2547691047299
patient_102,129.0,5.16,158.67474178929055,2613.511044078969,633.7625646212451,79.57579583072544,-3928.319664245588,755.0244384010205,618.0115373527577,9328.439993785469,807.9752305988403
patient_102,130.0,5.2,318.6617828248929,3999.6760258900586,646.5090359342408,158.710476300345,1978.3670117404888,761.3728574530343,246.57753818959532,-9285.849979079061,817.8383321264241
patient_102,131.0,5.24,424.401988153394,2643.5051332125267,663.4851154603765,531.4274986778438,9317.92555943747,782.629957400148,347.2584699446883,2517.023293877324,831.7286709242117
patient_102,132.0,5.28,354.7064561575907,-1742.3882998950817,677.6733737066802,662.6964188198322,3281.723003549709,809.1378141529412,994.9742196293729,16192.893742117116,871.5276397093866
patient_102,133.0,5.32,420.39737955567284,1642.2730849520533,694.4892688889071,617.6447201027597,-1126.292467926811,833.8436029570516,422.7118780683151,-14306.558539026446,888.4361148321192
patient_102,134.0,5.36,330.8116201135457,-2239.6439860531787,707.7217336934489,471.45340690873684,-3654.782829850572,852.7017392334012,560.4627817396952,3443.7725917845014,910.8546261017069
patient_102,135.0,5.4,144.045849651905,-4669.144261541018,713.4835676795251,445.6224292079882,-645.7744425187159,870.5266364017208,310.9306342375983,-6238.303687552421,923.2918514712109
patient_102,136.0,5.44,47.61246613025606,-2410.834588041224,715.3880663247354,213.7086079346987,-5797.845531832238,879.0749807191087,152.94835463502486,-3949.556990064337,929.4097856566118
patient_102,137.0,5.48,32.83804720046543,-369.36047324476567,716.701588212754,156.65060339447876,-1426.4501135054984,885.3410048548878,141.22619621562365,-293.0539604850303,935.0588335052366
patient_102,138.0,5.52,34.11540624847816,31.93397620031817,718.0662044626931,119.53978454172292,-927.770471318896,890.1225962365569,156.538389505695,382.80483225178375,941.3203690854644
patient_102,139.0,5.56,49.84835754917538,393.3237825174306,720.0601387646601,196.9448500429519,1935.1266375307248,898.000390238275,47.075739231538186,-2736.56625685392,943.203398654726
patient_102,140.0,5.6,21.302501479114127,-713.6464017515314,720.9122388238246,70.2820652164853,-3166.5696206616653,900.8116728469344,80.99919221365204,848.0863245528462,946.443366343272
patient_102,141.0,5.64,31.80494457557173,262.5610774114401,722.1844366068475,136.66536538949055,1659.5825043251314,906.278287462514,17.54267108789693,-1586.4130281438775,947.145073186788
patient_102,142.0,5.68,31.234750148698684,-14.254860671826197,723.4338266127954,60.04432639804115,-1915.5259747862349,908.6800605184357,29.859579621437604,307.9227133385168,948.3394563716454
patient_102,143.0,5.72,42.644391186906425,285.24102595519355,725.1396022602717,84.25103218148392,605.1676445860693,912.050101805695,55.34266451174172,637.0771222576028,950.5531629521151
patient_102,144.0,5.76,25.09729559818002,-438.67738971816016,726.1434940841989,34.50620745294821,-1243.6206182133928,913.430350103813,135.24771930532054,1997.6263698394707,955.9630717243278
patient_102,145.0,5.8,31.285071871847105,154.69440684167716,727.3948969590728,43.682565006317176,229.40893883422416,915.1776527040657,41.969151546524124,-2331.9641939699104,957.6418377861888
patient_102,146.0,5.84,37.04933423449203,144.1065590661231,728.8768703284525,62.22634550866852,463.59451255878366,917.6667065244125,195.19452722347933,3830.63439192388,965.4496188751281
patient_102,147.0,5.88,57.76183355225287,517.812482944021,731.1873436705426,33.59739140266566,-715.7238526500716,919.0106021805191,146.72150190659673,-1211.8256329220649,971.3184789513919
patient_102,148.0,5.92,71.54393656526972,344.5525753254213,734.0491011331535,31.66636195753902,-48.27573612816592,920.2772566588205,139.2005714139719,-188.02326231562105,976.8865018079507
patient_102,149.0,5.96,55.88310499116912,-391.52078935251495,736.2844253328002,69.64067950237049,949.3579386207866,923.0628838389155,85.45210003988346,-1343.7117843522105,980.304585809546
patient_102,150.0,6.0,24.23896472888857,-791.1035065570138,737.2539839219556,39.86592720187295,-744.3688075124385,924.6575209269904,81.44730064215996,-100.11998494308756,983.5624778352325
patient_102,151.0,6.04,7.7602567639005935,-411.9676991246994,737.5643941925117,292.09803700157596,6305.802744992575,936.3414424070534,49.907466301677154,-788.4958585120702,985.5587764872995
patient_102,152.0,6.08,108.14605384835389,2509.644927111332,741.8902363464459,339.2028834012665,1177.6211599922633,949.9095577431041,226.1942804007225,4407.170352476134,994.6065477033284
patient_102,153.0,6.12,224.15738755513752,2900.2833426695906,750.8565318486513,339.2452191197352,1.0583929617183685,963.4793665078935,258.5651523738225,809.2717993275003,1004.9491537982814
patient_102,154.0,6.16,280.14762124309544,1399.7558421989481,762.0624366983752,397.5058373079106,1456.5154547043846,979.3796000002098,432.0442929197715,4336.978513648725,1022.2309255150722
patient_102,155.0,6.2,385.51807586388986,2634.2613655198606,777.4831597329307,366.8709605732348,-765.871918366895,994.0544384231393,657.1573169910035,5627.825601780801,1048.5172181947123
patient_102,156.0,6.24,306.2347038156691,-1982.0843012055193,789.7325478855576,527.1462287513594,4006.881704453116,1015.1402875731937,506.95947217556983,-3754.9461203858427,1068.7955970817352
patient_102,157.0,6.28,339.1357589121848,822.5263774128933,803.2979782420449,453.3149948603275,-1845.7808472757988,1033.272887367607,448.3365428573407,-1465.5732329557281,1086.7290587960288
patient_102,158.0,6.32,339.26055814854163,3.1199809089201835,816.8684005679866,388.5564201934359,-1618.96436667229,1048.8151441753444,428.7880977401725,-488.7111279292057,1103.8805827056358
patient_102,159.0,6.36,223.94435980428244,-2882.90495860648,825.8261749601578,406.77429759058344,455.446934928689,1065.0861160789675,367.90106309275103,-1522.175866185536,1118.5966252293458
patient_102,160.0,6.4,153.65739353872007,-1757.1741566390592,831.9724707017066,162.96393261396574,-6095.259124415443,1071.6046733835262,159.88878437894297,-5200.306967845201,1124.9921766045036
patient_102,161.0,6.44,127.96960755051349,-642.1946497051646,837.0912550037272,117.6013226502407,-1134.0652490931259,1076.3087262895358,45.02178989363255,-2871.67486213276,1126.7930482002487
patient_102,162.0,6.48,99.50478310797622,-711.6206110634316,841.0714463280461,125.79996557181373,204.96607303932564,1081.3407249124084,102.65710340602205,1440.8828378097373,1130.8993323364896
patient_102,163.0,6.52,51.79952572025091,-1192.6314346931329,843.1434273568561,114.02589385078976,-294.3517930255993,1085.90176066644,25.430860654394557,-1930.6560687906874,1131.9165667626653
patient_102,164.0,6.56,70.24878003707651,461.23135792064005,845.9533785583392,76.7345862240198,-932.2826906692491,1088.9711441154006,41.20802525238969,394.4291149498783,1133.5648877727608
patient_102,165.0,6.6,53.034761942246355,-430.350452370754,848.074769036029,90.79909485386746,351.6127157461916,1092.6031079095553,41.80087134863581,14.821152406153004,1135.2369226267062
patient_102,166.0,6.64,153.5417776860248,2512.675393594461,854.21644014347,238.87393434308987,3701.870987230561,1102.158065283279,111.82235606754952,1750.5371179728427,1139.7098168694083
patient_102,167.0,6.68,75.45435957810415,-1952.1854526980164,857.2346145265941,6.668589656363084,-5805.13361716817,1102.4248088695335,61.77004481986579,-1251.3077811920932,1142.180618662203
patient_102,168.0,6.72,83.24709789065362,194.81845781373687,860.5644984422202,159.64316796643314,3824.3644577517516,1108.8105355881908,28.17344140537394,-839.9150853622963,1143.307556318418
patient_102,169.0,6.76,104.68392467232874,535.920669541878,864.7518554291133,113.13041281281495,-1162.8188788404548,1113.3357521007033,132.72342438644262,2613.749574526717,1148.6164932938757
patient_102,170.0,6.8,113.54568890119148,221.54410572156849,869.293682985161,297.4317411066919,4607.533207346924,1125.233021744971,277.7189916873401,3624.8891825224377,1159.7252529613693
patient_102,171.0,6.84,172.89012086907252,1483.610799197026,876.2092878199239,69.25156179142984,-5704.504482881552,1128.0030842166282,87.38630320932872,-4758.317211950285,1163.2207050897423
patient_102,172.0,6.88,110.2516725238374,-1565.961208630878,880.6193547208775,271.0421555172663,5044.764843145911,1138.8447704373189,250.6093099215889,4080.575167806505,1173.245077486606
patient_102,173.0,6.92,192.76885462977688,2062.929552648487,888.3301089060685,215.16339767434158,-1396.9689460731174,1147.4513063442926,294.0616670813359,1086.3089289936745,1185.0075441698596
patient_102,174.0,6.96,360.6836608058584,4197.870154402038,902.7574553383029,354.2833419837989,3477.998607736433,1161.6226400236444,378.5583719824331,2112.4176225274296,1200.1498790491567
patient_102,175.0,7.0,366.0130881797235,133.2356843466286,917.3979788654917,698.9755326520439,8617.304766706124,1189.581661329726,467.7548947756233,2229.913069829756,1218.8600748401816
patient_102,176.0,7.04,448.497163539954,2062.1018840057613,935.3378654070898,512.5934443650272,-4659.552207175418,1210.0853991043273,585.4413713334658,2942.1619139460618,1242.2777296935203
patient_102,177.0,7.08,388.3570216243633,-1503.5035478897669,950.8721462720645,820.7993995620981,7705.148879926773,1242.917375086811,1503.828595571504,22959.680605950954,1302.4308735163804
patient_102,178.0,7.12,344.9344787353464,-1085.5635722254235,964.6695254214783,331.03914166452455,-12244.006447439338,1256.158940753392,306.6163636010004,-29930.30579926259,1314.6955280604204
patient_102,179.0,7.16,141.44981212582803,-5087.116665237959,970.3275179065115,261.2996676534352,-1743.4868502772333,1266.6109274595294,292.8523721671548,-344.0997858461401,1326.4096229471065
patient_102,180.0,7.2,114.80815873267997,-666.0413348287016,974.9198442558187,138.70727837459768,-3064.8097319709386,1272.1592185945133,432.6714022211635,3495.4757513502173,1343.716479035953
patient_102,181.0,7.24,39.610876540676436,-1879.9320548000885,976.5042793174457,220.23222762783988,2038.1237313310548,1280.968507699627,219.08878379173427,-5339.56546073573,1352.4800303876223
patient_102,182.0,7.28,28.254488276631786,-283.9097066011162,977.634458848511,162.08873911470042,-1453.5872128284864,1287.452057264215,140.90270634976096,-1954.6519360493328,1358.1161386416127
patient_102,183.0,7.32,62.61663313265268,859.0536214005223,980.1391241738171,67.29824678147038,-2369.762308330751,1290.1439871354737,159.34343228428352,461.01814836306403,1364.489875932984
patient_102,184.0,7.36,27.911569198856363,-867.626598344908,981.2555869417713,51.54759726852966,-393.76623782351817,1292.2058910262149,128.72686679912752,-765.4141371289,1369.6389506049493
patient_102,185.0,7.4,54.39710627029887,662.1384267860627,983.4314711925832,68.05634908915013,412.7187955155119,1294.928144989781,112.89806677055613,-395.7200007142848,1374.1548732757715
patient_102,186.0,7.44,56.00682742061153,40.24302875781647,985.6717442894078,118.59767709882965,1263.533200241988,1299.6720520737342,101.00792319216656,-297.25358945973926,1378.1951902034582
patient_102,187.0,7.48,65.9835636342715,249.4184053414994,988.3110868347787,91.58611859769611,-675.2889625283384,1303.335496817642,72.85578867215428,-703.8033630003071,1381.1094217503444
patient_102,188.0,7.52,62.02234634141846,-99.03043232132606,990.7919806884354,120.41468788958662,720.7142322972626,1308.1520843332257,83.16017803010999,257.6097339488928,1384.435828871549
patient_102,189.0,7.56,25.43884690431065,-914.5874859276953,991.8095345646079,91.90395663573328,-712.7682813463334,1311.8282425986552,70.08912608553406,-326.7762986143982,1387.2393939149704
patient_102,190.0,7.6,8.117001859776845,-433.04612611334517,992.134214638999,82.27312603974612,-240.77076489967908,1315.119167640245,66.95639875230823,-78.31818333064575,1389.9176498650625
patient_102,191.0,7.64,15.90052498148492,194.58807804270188,992.7702356382583,86.84138177443377,114.20639336719134,1318.5928229112224,34.01429995849977,-823.5524698452116,1391.2782218634027
patient_102,192.0,7.68,56.303598703465205,1010.0768430495071,995.0223795863968,202.42613335885596,2889.618789610555,1326.6898682455767,153.11771369877016,2977.5853435067597,1397.4029304113533
patient_102,193.0,7.72,30.55258568874949,-643.7753253678928,996.2444830139469,47.671104774968285,-3868.875714597192,1328.5967124365757,202.12233739618227,1225.115592435303,1405.4878239072007
patient_102,194.0,7.76,30.18193747928428,-9.26620523663031,997.4517605131182,77.59674405148341,748.1409819128781,1331.7005821986352,148.37617951024907,-1343.65394714833,1411.4228710876105
patient_102,195.0,7.8,70.61385081415315,1010.7978333717218,1000.2763145456843,132.71351941001157,1377.919383963204,1337.0091229750356,116.47443384634246,-797.5436415976652,1416.0818484414642
patient_102,196.0,7.84,249.2847979468483,4466.773678317379,1010.2477064635583,285.78388589126206,3826.7591620312623,1348.4404784106862,202.82676031466607,2158.80816170809,1424.194918854051
patient_102,197.0,7.88,239.1590539914715,-253.14359888442013,1019.8140686232172,416.34626690739566,3264.05952540334,1365.0943290869818,1029.6606854390266,20670.84812810901,1465.381346271612
patient_102,198.0,7.92,508.1170412522347,6723.949681519079,1040.1387502733064,669.4571641579586,6327.772431264073,1391.8726156533003,795.8186127764692,-5846.051816563934,1497.2140907826708
patient_102,199.0,7.96,393.97744214889224,-2853.489977583561,1055.8978479592622,775.659122150183,2655.0489498056095,1422.8989805393076,504.5280233712,-7282.26473513173,1517.3952117175186
patient_102,200.0,8.0,468.78737002360776,1870.248196867888,1074.6493427602065,502.79796000384505,-6821.529053658448,1443.0108989394614,747.300711161746,6069.31719476365,1547.2872401639886
patient_102,201.0,8.04,403.05829368948736,-1643.2269083530102,1090.771674507786,518.0317134902818,380.8438371609199,1463.7321674790726,596.7561299833571,-3763.6145294597213,1571.1574853633228
patient_102,202.0,8.08,285.4353865870535,-2940.5726775608473,1102.189089971268,367.65585425594463,-3759.3964808584306,1478.4384016493102,279.40601917209005,-7933.752770281677,1582.3337261302065
patient_102,203.0,8.12,268.37267349590815,-426.56782727863316,1112.9239969111045,181.97030488726537,-4642.138734216982,1485.717213844801,193.241682148859,-2154.108425580776,1590.0633934161608
patient_102,204.0,8.16,192.03976811635715,-1908.3226344887748,1120.6055876357586,73.07708987795675,-2722.3303752327156,1488.6402974399193,166.8655209230237,-659.4040306458829,1596.7380142530817
patient_102,205.0,8.2,127.48220187580772,-1613.9391560137358,1125.704875710791,97.17830203856123,602.5303040151119,1492.527429521462,38.03007812408174,-3220.8860699735487,1598.259217378045
patient_102,206.0,8.24,126.19335155746747,-32.2212579585063,1130.7526097730897,121.75943402510914,614.5282996636979,1497.3978068824663,112.95137203416905,1873.032347752183,1602.7772722594118
patient_102,207.0,8.28,134.68013150895322,212.16949878714394,1136.1398150334478,92.92614244427033,-720.8322895209704,1501.1148525802373,83.45185607989323,-737.4878988568955,1606.1153465026073
patient_102,208.0,8.32,103.0786172694949,-790.0378559864581,1140.2629597242276,186.4515326187519,2338.1347543620395,1508.5729138849874,144.10906595478878,1516.4302468723886,1611.879709140799
patient_102,209.0,8.36,73.88798325036684,-729.7658504782014,1143.2184790542422,62.5650905827696,-3097.1610508995577,1511.0755175082982,40.982362494328534,-2578.167586511506,1613.5190036405722
patient_102,210.0,8.4,33.177781057444335,-1017.7550548230627,1144.54559029654,39.36887538983338,-579.9053798234056,1512.6502725238915,38.43540227758792,-63.67400541851538,1615.0564197316758
patient_102,211.0,8.44,73.81355563529122,1015.8943644461722,1147.4981325219517,118.54082757749666,1979.298804691582,1517.3919056269913,106.44282213418649,1700.1854964149643,1619.3141326170432
patient_102,212.0,8.48,42.839059427111835,-774.3624052044847,1149.211694899036,69.53768511988575,-1225.0785614402726,1520.1734130317868,102.58517372879926,-96.44121013468059,1623.417539566195
patient_102,213.0,8.52,93.58829394157753,1268.7308628616424,1152.9552266566993,206.88757226405443,3433.7471786042174,1528.448915922349,351.0453686791096,6211.504873757758,1637.4593543133594
patient_102,214.0,8.56,287.8053060601924,4855.425302965371,1164.467438899107,116.83629019881204,-2251.28205163106,1533.1223675303015,664.5341185876293,7837.218747712994,1664.0407190568646
patient_102,215.0,8.6,434.05839952528424,3656.3273366272965,1181.8297748801183,134.92615895236278,452.24671883876863,1538.519413888396,114.77918794450675,-13743.873266078066,1668.6318865746448
patient_102,216.0,8.64,522.0975487584553,2200.978730829277,1202.7136768304565,511.6614036015949,9418.381116230801,1558.9858700324598,407.8034822678144,7325.607358082691,1684.9440258653576
patient_102,217.0,8.68,604.9018193524277,2070.106764849308,1226.9097496045536,931.0178823184948,10483.911967922499,1596.2265853251997,1006.052062139901,14956.214496802164,1725.1861083509534
patient_102,218.0,8.72,570.2966444530746,-865.1293724838268,1249.7216153826766,1816.0082176941582,22124.758384391585,1668.866914032966,1420.1930421017203,10353.524499045483,1781.993830035022
patient_102,219.0,8.76,357.97626917340193,-5308.009381991817,1264.040666149613,529.1346852035459,-32171.83831226531,1690.032301441108,430.67280665261165,-24738.00588622772,1799.2207423011266
patient_102,220.0,8.8,276.62800161518186,-2033.7066889555017,1275.1057862142202,499.83789080049337,-732.419860076314,1710.0258170731279,1075.8231876483778,16128.759524894156,1842.2536698070617
patient_102,221.0,8.84,139.4136854778959,-3430.3579034321488,1280.682333633336,1008.8863395704426,12726.211219248731,1750.3812706559454,878.3378511295592,-4937.133412970465,1877.387183852244
patient_102,222.0,8.88,274.3539980392759,3373.5078140344995,1291.656493554907,271.7213246306817,-18429.125373494022,1761.2501236411726,458.32524739074915,-10500.315093470252,1895.720193747874
patient_102,223.0,8.92,59.23674704553151,-5377.93127484361,1294.0259634367283,72.14666487126729,-4989.36649398536,1764.1359902360232,19.737452479019783,-10964.694872793234,1896.509691847035
patient_102,224.0,8.96,82.18363694429475,573.672247469081,1297.3133089144999,72.07329804281272,-1.8341707113641803,1767.0189221577357,98.04131552272612,1957.5965760926586,1900.431344467944
patient_102,225.0,9.0,80.76379947471874,-35.495936739400236,1300.5438608934887,69.95839615487833,-52.872547198359854,1769.8172580039309,42.138015154555795,-1397.5825092042583,1902.116865074126
patient_102,226.0,9.04,63.67270070125648,-427.2774693365564,1303.090768921539,62.470092520648386,-187.20759085574858,1772.316061704757,8.995986637673377,-828.5507129220605,1902.4767045396331
patient_102,227.0,9.08,34.82629823891838,-721.1600615584524,1304.4838208510957,79.07981583745295,415.2430829201142,1775.479254338255,80.77390417732647,1794.4479384913272,1905.707660706726
patient_102,228.0,9.12,45.42912188567352,265.07059116887837,1306.3009857265226,98.59067598838864,487.7715037733921,1779.4228813777904,98.75111624050086,449.4303015793598,1909.657705356346
patient_102,229.0,9.16,58.38959816205582,324.0119069095575,1308.636569653005,66.11915360337167,-811.7880596254242,1782.0676475219254,52.28636827012738,-1161.618699259337,1911.749160087151
patient_102,230.0,9.2,61.11817698922488,68.21447067922648,1311.0812967325737,68.85035627884542,68.28006688684383,1784.8216617730793,37.93672423778759,-358.74110080849493,1913.2666290566624
patient_102,231.0,9.24,63.80702420851526,67.22118048225951,1313.6335777009144,60.985325071480275,-196.62578018412873,1787.2610747759384,30.046987609693563,-197.2434157023506,1914.4685085610502
patient_102,232.0,9.28,71.44119033491552,190.8541531600065,1316.4912253143111,136.73097736224054,1893.6413072690066,1792.730313870428,115.05992828790293,2125.3235169552345,1919.0709056925664
patient_102,233.0,9.32,95.96253357351914,613.0335809650906,1320.329726657252,132.45340097977186,-106.93940956171701,1798.028449909619,69.6033732536296,-1136.4138758568333,1921.8550406227116
patient_102,234.0,9.36,10.501708544354571,-2136.5206257291143,1320.749794999026,72.88421261402851,-1489.2297091435835,1800.9438184141802,5.286054408955222,-1607.9329711168593,1922.0664827990697
patient_102,235.0,9.4,73.28678598309112,1569.6269359684138,1323.6812664383497,80.53228958726567,191.20192433092882,1804.1651099976707,87.63200675396365,2058.6488086252107,1925.5717630692284
patient_102,236.0,9.44,94.86361249127833,539.4206627046802,1327.475810938001,41.6430084045189,-972.2320295686691,1805.8308303338517,117.31935597607212,742.1837305527116,1930.2645373082712
patient_102,237.0,9.48,113.9654511021489,477.5459652717643,1332.0344289820869,166.02934500447134,3109.658414998811,1812.4720041340304,186.51424114789398,1729.8721292955468,1937.725106954187
patient_102,238.0,9.52,276.25840374849986,4057.3238161587738,1343.0847651320269,376.8538655550918,5270.613013765511,1827.5461587562343,199.77740913736167,331.5791997366922,1945.7162033196814
patient_102,239.0,9.56,60.61416343331353,-5391.106007879658,1345.5093316693592,116.6547762946962,-6504.977231509889,1832.212349808022,33.537362197667704,-4156.001173492349,1947.0576978075883
patient_102,240.0,9.6,554.1858412908512,12339.291946438441,1367.6767653209931,1181.065245151762,26610.261721426643,1879.4549596140923,1378.2526671252074,33617.88262318849,2002.1878044925966
patient_102,241.0,9.64,509.1766369398306,-1125.2301087755143,1388.0438307985864,1039.6845296318781,-3534.5178879970945,1921.0423407993676,865.4800922452653,-12819.314371998553,2036.8070081824071
patient_102,242.0,9.68,566.7719207823541,1439.8820960630871,1410.7147076298806,499.93353249200777,-13493.77492849676,1941.039682099048,502.95348881425116,-9063.165085775352,2056.925147734977
patient_102,243.0,9.72,336.2054870063529,-5764.160844400029,1424.1629271101347,382.1588376995597,-2944.367369811202,1956.3260356070302,461.3664021150627,-1039.6771674797108,2075.3798038195796
patient_102,244.0,9.76,201.87092963662727,-3358.36393424314,1432.2377642955998,216.72254371132914,-4135.907349705763,1964.9949373554834,209.28891831845004,-6301.937094915317,2083.7513605523177
patient_102,245.0,9.8,153.30855564283115,-1214.059349844903,1438.3701065213131,109.11413362740781,-2690.2102520980334,1969.3595027005797,159.20193769875357,-1252.174515492412,2090.119438060268
patient_102,246.0,9.84,130.1948318050887,-577.843095943561,1443.5778997935165,248.70526177382928,3489.7782036605363,1979.307713171533,119.11525842892617,-1002.166981745685,2094.8840483974245
patient_102,247.0,9.88,64.73185477851204,-1636.5744256644166,1446.167173984657,94.33174200828574,-3859.3379941385883,1983.0809828518643,224.60214514785403,2637.172167973197,2103.8681342033387
patient_102,248.0,9.92,66.23737790719886,37.638078217170445,1448.816669100945,55.33563183842634,-974.9027542464852,1985.2944081254013,53.135144251957875,-4286.675022397404,2105.9935399734172
patient_102,249.0,9.96,22.772012418516226,-1086.634137217066,1449.7275495976855,65.85404142976364,262.9602397834326,1987.9285697825917,31.608200566311105,-538.1735921411693,2107.2578679960698
patient_102,250.0,10.0,71.22977883227091,1211.444160343867,1452.5767407509763,52.05199423678268,-345.05117982452396,1990.010649552063,98.99481362271304,1684.6653264100482,2111.217660540978
patient_102,251.0,10.04,52.60939097076932,-465.50969653753975,1454.6811163898071,32.13127821789306,-498.0179004722405,1991.2959006807787,166.62216381134533,1690.6837547158073,2117.8825470934316
patient_102,252.0,10.08,71.746773333186,478.43455906041703,1457.5509873231347,141.62287014591146,2737.28979820046,1996.9608154866153,78.35203202643955,-2206.7532946226447,2121.0166283744893
patient_102,253.0,10.12,99.98408389346807,705.9327640070517,1461.5503506788734,79.98029626542439,-1541.064347012177,2000.1600273372321,173.05963329432723,2367.690031697192,2127.939013706262
patient_102,254.0,10.16,79.51184873015475,-511.80587908283286,1464.7308246280795,68.52820921469832,-286.3021762681516,2002.9011557058197,74.33215532535979,-2468.186949224186,2130.9122999192764
patient_102,255.0,10.2,17.784809432848395,-1543.175982432659,1465.4422170053936,193.30357970925704,3119.384262363968,2010.6332988941901,56.092032860820154,-456.00306161349096,2133.155981233709
patient_102,256.0,10.24,48.31194785767048,763.1784606205522,1467.3746949197002,88.95513590959825,-2608.7110949914695,2014.1915043305742,183.28227196625755,3179.755977635935,2140.4872721123597
patient_102,257.0,10.28,153.44983941745338,2628.4472889945723,1473.5126884963984,116.83096912659938,696.8958304250283,2018.864743095638,102.3895334006389,-2022.3184641404664,2144.5828534483853
patient_102,258.0,10.32,214.00873413419214,1513.972367918469,1482.0730378617661,179.594497152165,1569.08820063914,2026.0485229817248,97.49442074145692,-122.3778164795494,2148.4826302780434
patient_102,259.0,10.36,264.8274217772368,1270.4671910761163,1492.6661347328554,170.4936481537193,-227.5212249611421,2032.8682689078737,100.07716834923201,64.56869019437725,2152.485717012013
patient_102,260.0,10.4,9.576158174314505,-6381.281590073057,1493.049181059828,93.77531552790558,-1917.9583156453432,2036.6192815289899,55.23738582379763,-1120.9945631358596,2154.695212444965
patient_102,261.0,10.44,385.25138914713335,9391.88077432047,1508.4592366257132,488.0738002395666,9857.462117791525,2056.142233538573,364.51677420841537,7731.9847096154435,2169.2758834133015
patient_102,262.0,10.48,374.04766518882917,-280.0930989576045,1523.4211432332665,624.0626667583524,3399.7216629696454,2081.1047402089066,635.4200867175903,6772.582812729373,2194.692686882005
patient_102,263.0,10.52,341.1742894959632,-821.8343923216494,1537.068114813105,867.6327849913147,6089.252955824057,2115.810051608559,824.0880115252685,4716.698120191955,2227.656207343016
patient_102,264.0,10.56,596.3879720717543,6380.342064394779,1560.923633695975,744.6957119568918,-3073.4268258605707,2145.5978800868347,1117.386446324753,7332.460869987113,2272.351665196006
patient_102,265.0,10.6,370.5518387337125,-5645.903333451047,1575.7457072453235,573.9278228287177,-4269.197228204353,2168.5549929999834,386.82714088536466,-18263.98263598471,2287.8247508314203
patient_102,266.0,10.64,105.21789970056602,-6633.348475828661,1579.9544232333462,160.56594163868095,-10334.047029750918,2174.977630665531,141.93223784659182,-6122.372575969321,2293.502040345284
patient_102,267.0,10.68,30.05427929617536,-1879.0905101097665,1581.1565944051936,173.41135416480626,321.13531315313253,2181.914084832123,73.85574117569342,-1701.91241677246,2296.4562699923117
patient_102,268.0,10.72,98.90613618814338,1721.2964222992007,1585.1128398527194,22.458357724170366,-3773.8249110158977,2182.81241914109,61.57629520090479,-306.9861493697159,2298.919321800348
patient_102,269.0,10.76,66.8169836339895,-802.2288138538471,1587.7855191980789,61.118776889881104,966.5104791427684,2185.257170216685,52.755452951736764,-220.5210562292006,2301.0295399184174
patient_102,270.0,10.8,24.096554784569026,-1068.0107212355117,1588.7493813894616,36.59702688400871,-613.0437501468098,2186.7210512920456,24.383292993907226,-709.3039989457385,2302.0048716381734
patient_102,271.0,10.84,161.87752113424082,3444.5241587417945,1595.2244822348314,239.8586551434552,5081.540706486162,2196.3153974977836,61.367431123296484,924.6034532347314,2304.4595688831055
patient_102,272.0,10.88,126.41500446150394,-886.5629168184221,1600.2810824132914,219.05602774500466,-520.0656849612635,2205.077638607584,71.17959038305968,245.30398149407978,2307.3067524984276
patient_102,273.0,10.92,103.35182800267782,-576.579411470653,1604.4151555333985,101.46628041583297,-2939.743683229292,2209.1362898242173,163.209204659534,2300.7403569118583,2313.835120684809
patient_102,274.0,10.96,143.17973943951912,995.6977859210326,1610.1423451109792,128.33515316268586,671.7218186713221,2214.269695950725,19.565193721013284,-3591.100273463018,2314.61772843365
patient_102,275.0,11.0,80.34748971140934,-1570.8062432027446,1613.3562446994356,49.59847335197566,-1968.416995267755,2216.2536348848034,145.8775035400978,3157.807745477113,2320.4528285752535
patient_102,276.0,11.04,71.06772701874279,-231.9940673166638,1616.1989537801853,226.78001105278284,4429.538442520179,2225.324835326915,139.0209065670444,-171.41492432633498,2326.0136648379353
patient_102,277.0,11.08,188.0564168066646,2924.7172446980453,1623.7212104524517,210.3347110578075,-411.13249987438326,2233.7382237692273,629.7966712184909,12269.394116286163,2351.205531686675
patient_102,278.0,11.12,185.08652520080935,-74.24729014638132,1631.124671460484,165.9959788101408,-1108.4683061916678,2240.378062921633,416.01031303683976,-5344.658954541279,2367.8459442081485
patient_102,279.0,11.16,229.24815337903763,1104.040704455707,1640.2945975956454,666.6713272671291,12516.883711424707,2267.044916012318,1096.5790108041053,17014.21744418164,2411.709104640313
patient_102,280.0,11.2,345.08333491475076,2895.879538392828,1654.0979309922354,514.8071684106487,-3796.603971412009,2287.6372027487437,439.4158253425229,-16429.07963653956,2429.2857376540137
patient_102,281.0,11.24,38.125259417721125,-7673.951887425741,1655.6229413689443,159.28959691319147,-8887.939287436431,2294.0087866252716,320.0302588951278,-2984.639161184877,2442.0869480098186
patient_102,282.0,11.28,248.83505902388285,5267.744990154043,1665.5763437298997,407.215870012896,6198.156827492613,2310.2974214257874,243.68472462172508,-1908.6383568350684,2451.8343369946874
patient_102,283.0,11.32,175.61274582246725,-1830.55783003539,1672.6008535627982,186.47198498913843,-5518.597125593939,2317.756300825353,338.4083759805891,2368.0912839716,2465.370672033911
patient_102,284.0,11.36,119.97057885913975,-1391.0541740831875,1677.3996767171639,347.7341211370422,4031.5534036975946,2331.6656656708346,302.39953490698974,-900.2210268399836,2477.4666534301905
patient_102,285.0,11.4,125.09581045547287,128.13078990832807,1682.4035091353828,104.16992741582054,-6089.104843030542,2335.832462767468,119.96195434225945,-4560.939514118258,2482.265131603881
patient_102,286.0,11.44,54.75859715877899,-1758.4303324173468,1684.5938530217338,52.11670823542829,-1301.330479509806,2337.917131096885,94.43392559148666,-638.2007187693198,2486.0424886275405
patient_102,287.0,11.48,58.3997538469384,91.02891720398532,1686.9298431756115,65.78882201876593,341.8028445834409,2340.5486839776354,80.64770851161903,-344.65542699669066,2489.2683969680056
patient_102,288.0,11.52,40.801689332623305,-439.9516128578774,1688.5619107489163,93.3105445691999,688.0430637608495,2344.2811057604035,61.592216743817175,-476.38729419504637,2491.7320856377582
patient_102,289.0,11.56,33.52628605471913,-181.88508194760436,1689.9029621911052,93.35222055784058,1.0418997160169141,2348.015194582717,46.81118619942,-369.5257636099294,2493.604533085735
patient_102,290.0,11.6,91.5049031224959,1449.4654266944194,1693.5631583160052,145.51996274904616,1304.1935547801395,2353.835993092679,147.32225753811872,2512.776783467468,2499.4974233872595
patient_102,291.0,11.64,42.896374968280355,-1215.2132038553887,1695.2790133147364,141.9199780506863,-89.99961745899654,2359.512792214706,98.83145674549006,-1212.2700198157165,2503.450681657079
patient_102,292.0,11.68,128.77287202130162,2146.9124263255317,1700.4299281955882,191.3196587474891,1234.9920174200697,2367.1655785646058,312.2118351239489,5334.509459461471,2515.9391550620367
patient_102,293.0,11.72,118.92300187607181,-246.2467536307454,1705.1868482706311,40.64165452953,-3766.950105448977,2368.791244745787,52.79508847478225,-6485.418666229167,2518.0509586010285
patient_102,294.0,11.76,198.7845888298157,1996.5396738435975,1713.1382318238238,209.8861655473667,4231.112775445918,2377.1866913676818,247.2373393578067,4861.056272075611,2527.9404521753404
patient_102,295.0,11.8,370.99505095825987,4305.261553211104,1727.9780338621545,508.9169384315448,7475.769322104452,2397.5433689049437,355.6535134593765,2710.404352539245,2542.166592713716
patient_102,296.0,11.84,345.08233175704936,-647.8179800302627,1741.7813271324362,475.63884524373276,-831.9523296953008,2416.5689227146927,553.0803334938971,4935.670500863016,2564.2898060534717
patient_102,297.0,11.88,354.9998848777122,247.93882801657077,1755.9813225275448,723.9730365036722,6208.354781498487,2445.5278441748396,692.7892311916743,3492.722442444429,2592.0013753011385
patient_102,298.0,11.92,293.4231628886995,-1539.4180497253174,1767.7182490430926,643.5333668973916,-2010.9917401570158,2471.2691788507354,571.7204038990203,-3026.720682316349,2614.8701914570993
patient_102,299.0,11.96,238.5216094442602,-1372.5388361109822,1777.259113420863,302.14814003218817,-8534.630671630086,2483.3551044520227,585.7741564490777,351.3438137514356,2638.3011577150623
patient_102,300.0,12.0,329.0523369659777,2263.2681880429373,1790.421206899502,707.0405154082234,10122.309384400882,2511.636725068352,630.7042204863244,1123.2516009311666,2663.5293265345153
patient_102,301.0,12.04,129.62648199808854,-4985.646374197229,1795.6062661794256,324.53005063838305,-9562.76161924601,2524.6179270938874,194.85423575733657,-10896.249618224696,2671.3234959648084
patient_102,302.0,12.08,43.27626409420368,-2158.7554475971215,1797.3373167431937,77.02805682493441,-6187.549845336215,2527.699049366885,133.59179196629879,-1531.5610947759446,2676.6671676434607
patient_102,303.0,12.12,52.269231108050924,224.82417534618105,1799.4280859875157,65.24178425473909,-294.65681425488305,2530.3087207370745,58.67021114862449,-1873.0395204418573,2679.0139760894053
patient_102,304.0,12.16,72.0814302676712,495.30497899050675,1802.3113431982229,107.04176956897115,1044.9996328558016,2534.5903915198332,57.18413250685268,-37.15196604429529,2681.3013413896797
patient_102,305.0,12.2,143.2072294628763,1778.144979880128,1808.0396323767377,95.30591723025184,-293.3963084679828,2538.402628209043,258.79804600629205,5040.347837485984,2691.6532632299313
patient_102,306.0,12.24,125.13757669069103,-451.741319304632,1813.0451354443655,106.87140532814765,289.1372024473952,2542.677484422169,96.45727264062978,-4058.519334141557,2695.5115541355567
patient_102,307.0,12.28,63.99413392504583,-1528.58606914113,1815.6049008013672,234.11327752127417,3181.046804828163,2552.0420155230204,164.2412867096602,1694.6003517257602,2702.081205603943
patient_102,308.0,12.32,103.22536720020763,980.780831879045,1819.7339154893752,175.38991262123506,-1468.0841225009779,2559.0576120278697,66.08358848448141,-2453.9424556294694,2704.7245491433223
patient_102,309.0,12.36,138.38493468363413,878.9891870856625,1825.2693128767207,140.45730507080435,-873.3151887607676,2564.6759042307017,283.8070823614218,5443.087346923509,2716.0768324377796
patient_102,310.0,12.4,213.35996594180062,1874.3757814541623,1833.803711514393,226.4747662673803,2150.4365299143983,2573.7348948813974,523.0960541137526,5982.224293808271,2737.0006746023296
patient_102,311.0,12.44,209.98708658765355,-84.32198385367684,1842.2031949778989,594.7485647273602,9206.844961499497,2597.5248374704915,548.4687000451846,634.3161482857994,2758.939422604137
patient_102,312.0,12.48,200.72253931076395,-231.61368192224003,1850.2320965503295,728.5635845758162,3345.3754962114003,2626.6673808535243,748.5168101569358,5001.202752793779,2788.8800950104137
patient_102,313.0,12.52,333.8034405539408,3327.022531079421,1863.5842341724874,188.29386467071018,-13506.74299762765,2634.199135440352,425.23490320041935,-8082.047673912911,2805.8894911384305
patient_102,314.0,12.56,216.3705333910686,-2935.822679071805,1872.2390555081301,239.38003368249082,1277.154225294516,2643.774336787652,1001.901357676447,14416.661361900691,2845.965545445488
patient_102,315.0,12.6,217.22270102390303,21.304190820860924,1880.9279635490861,313.8020391741388,1860.5501372912001,2656.326418354618,161.92207119373654,-20999.48216206776,2852.4424282932373
patient_102,316.0,12.64,219.57460843461843,58.79768526788496,1889.7109478864709,131.180855814601,-4565.529583988446,2661.5736525872017,388.71719746053094,5669.87815666986,2867.991116191659
patient_102,317.0,12.68,13.60175975416328,-5149.321217011378,1890.2550182766374,152.28834917953603,527.687334123376,2667.665186554383,33.95607467622779,-8869.028069607579,2869.349359178708
patient_102,318.0,12.72,40.132752058073116,663.2748075977458,1891.8603283589605,37.45546378415463,-2870.822134884535,2669.1634051057495,280.97366601096326,6175.439783368387,2880.588305819146
patient_102,319.0,12.76,24.768435913362982,-384.1079036177534,1892.8510657954948,188.0986778030889,3766.0803504733567,2676.687352217873,154.00962924807095,-3174.1009190723075,2886.7486909890695
patient_102,320.0,12.8,53.549786757071075,719.5337710927023,1894.993057265778,65.29957921982263,-3069.9774645816565,2679.299335386666,99.46598914349207,-1363.591002614472,2890.7273305548088
patient_102,321.0,12.84,29.51816924886784,-600.7904377050809,1896.1737840357328,90.26691330352,624.1833520924341,2682.9100119188065,60.93912483571132,-963.1716076945187,2893.1648955482374
patient_102,322.0,12.88,52.98929481881759,586.7781392487439,1898.2933558284856,14.61082808981006,-1891.4021303427485,2683.494445042399,68.86994991551286,198.27062699503858,2895.919693544858
patient_102,323.0,12.92,61.96145559112285,224.30401930763145,1900.7718140521306,155.5344270182148,3523.0899732101184,2689.7158221231275,63.9370520125986,-123.32244757285657,2898.4771756253617
patient_102,324.0,12.96,20.419826386963255,-1038.5407301039897,1901.588607107609,67.31589858336946,-2205.463210871134,2692.408458066462,35.407099760957124,-713.2488062910369,2899.8934596158
patient_102,325.0,13.0,27.126471588894002,167.66613004826868,1902.6736659711648,43.59107692890436,-593.1205413616276,2694.1521011436184,42.37043295352945,174.0833298143082,2901.588276933941
patient_102,326.0,13.04,16.736170711232074,-259.75752194154825,1903.3431127996141,36.42696119687821,-179.10289330065368,2695.6091795914936,50.55063510866553,204.50505387840198,2903.6103023382875
patient_102,327.0,13.08,19.69864563978549,74.0618732138354,1904.1310586252055,32.79319396861974,-90.84418070646177,2696.9209073502384,13.455019348219846,-927.390394011142,2904.148503112216
patient_102,328.0,13.12,29.748376194785934,251.2432638750111,1905.320993672997,74.88245322719759,1052.2314814644462,2699.9162054793264,29.863233373998135,410.2053506444572,2905.343032447176
patient_102,329.0,13.16,56.69784662560666,673.7367607705181,1907.5889075380212,27.40411910492216,-1186.9583530568857,2701.012370243523,16.915436075114282,-323.6949324720963,2906.0196498901805
patient_102,330.0,13.2,26.108893261676865,-764.7238340982449,1908.6332632684882,14.799367365041025,-315.1187934970284,2701.6043449381245,8.468026544851819,-211.1852382565616,2906.358370951975
patient_102,331.0,13.24,81.79341267501525,1392.1129853334594,1911.904999775489,126.12190218485209,2783.0633704952766,2706.6492210255183,44.29692837864425,895.722545844811,2908.130248087121
patient_102,332.0,13.28,150.1209615101417,1708.1887208781616,1917.9098382358945,117.71588683940192,-210.15038363625428,2711.357856499095,24.113884829449983,-504.57608872985674,2909.0948034802987
patient_102,333.0,13.32,207.15987029881398,1425.9727197168068,1926.196233047847,121.87424504308703,103.95895509212778,2716.232826300818,84.8813789845465,1519.1873538774128,2912.4900586396807
patient_102,334.0,13.36,282.2649261214828,1877.6263955667205,1937.4868300927064,250.6940818382882,3220.4959198800298,2726.2605895743495,261.5531645428419,4416.794638957385,2922.9521852213943
patient_102,335.0,13.4,307.2746490697753,625.2430737073126,1949.7778160554974,633.832466204343,9578.459609151369,2751.613888222523,428.2685795990416,4167.885376404992,2940.0829284053557
patient_102,336.0,13.44,285.7804204231493,-537.3557161656506,1961.2090328724234,630.1209320369443,-92.78835418496669,2776.818725504001,615.0348099766151,4669.155759439337,2964.68432080442
patient_102,337.0,13.48,287.5160303496262,43.390248161922784,1972.7096740864083,305.853439103466,-8106.687323336958,2789.0528630681392,746.6725199977838,3290.942750529217,2994.5512216043317
patient_102,338.0,13.52,214.6702859694847,-1821.1436095035374,1981.2964855251878,595.544049760305,7242.265266420976,2812.874625058552,563.3543683894957,-4582.953790207202,3017.0853963399113
patient_102,339.0,13.56,86.5872649390222,-3202.075525761562,1984.7599761227486,272.82419797233865,-8067.996294699159,2823.7875929774455,470.46055617325766,-2322.3453054059505,3035.9038185868417
patient_102,340.0,13.6,56.52242258349017,-751.6210588883009,1987.0208730260883,187.0835458619656,-2143.516302759326,2831.2709348119242,332.7456547783222,-3442.8725348733865,3049.213644777975
patient_102,341.0,13.64,8.84693876588641,-1191.887095440094,1987.3747505767235,98.56621022563183,-2212.9333909083443,2835.2135832209497,108.56609250059995,-5604.489056943056,3053.5562884779984
patient_102,342.0,13.68,95.60154938020482,2168.86526535796,1991.1988125519317,91.59023422502426,-174.39940001518934,2838.8771925899505,182.43992412174012,1846.8457905285043,3060.8538854428684
patient_102,343.0,13.72,77.95081091373964,-441.26846166162926,1994.3168449884813,262.1410451759454,4263.770273773029,2849.362834396988,102.74237371706056,-1992.438760116989,3064.9635803915507
patient_102,344.0,13.76,71.87242354969678,-151.9596841010717,1997.1917419304693,141.33770675576932,-3020.0834605044024,2855.016342667219,55.75680019447204,-1174.639338064713,3067.19385239933
patient_102,345.0,13.8,59.738089215362685,-303.3583583583523,1999.5812654990837,58.791333020126075,-2063.659343391081,2857.367995988024,95.64664121406814,997.2460254899024,3071.0197180478926
patient_102,346.0,13.84,122.51852290163748,1569.51084215687,2004.482006415149,161.51155573897978,2568.0055679713428,2863.8284582175834,103.2781004773194,190.78648158128146,3075.150842066985
patient_102,347.0,13.88,61.005123898884364,-1537.834975068828,2006.9222113711044,144.72499844176548,-419.66393243035753,2869.617458155254,40.398528367848385,-1571.9893027367752,3076.766783201699
patient_102,348.0,13.92,23.892541533457212,-927.8145591356788,2007.8779130324428,72.45436173957471,-1806.7659175547692,2872.515632624837,226.6458042298151,4656.181896549168,3085.8326153708917
patient_102,349.0,13.96,27.342369896591986,86.24570907836934,2008.9716078283063,131.154166242429,1467.4951125713574,2877.761799274534,261.5302975292738,872.1123324864677,3096.2938272720626
patient_102,350.0,14.0,149.61892831024778,3056.9139603413946,2014.9563649607164,145.33035371594664,354.4046868379411,2883.575013423172,230.95676216807254,-764.3383840300316,3105.5320977587858
patient_102,351.0,14.04,112.1291272409018,-937.2450267336496,2019.4415300503524,453.8520689817354,7713.042881644719,2901.7290961824415,333.5746711702043,2565.4477250532937,3118.875084605594
patient_102,352.0,14.08,233.02934884390405,3022.505540075056,2028.7627040041086,888.7611615555169,10872.727314344538,2937.2795426446623,477.0346357047347,3586.49911336326,3137.9564700337837
patient_102,353.0,14.12,161.47797700801166,-1788.7842958973097,2035.2218230844292,454.3004794587941,-10861.51705241807,2955.451561823014,714.7747332314767,5943.502438168551,3166.547459363043
patient_102,354.0,14.16,245.1254140567918,2091.185926219504,2045.0268396467009,671.1493184923228,5421.220975838217,2982.297534562707,625.4195100997954,-2233.880578292033,3191.5642397670345
patient_102,355.0,14.2,151.65852310577858,-2336.6722737753307,2051.093180570932,164.83674538416105,-12657.814327704042,2988.8910043780734,484.7172651309114,-3517.5561242220992,3210.9529303722707
patient_102,356.0,14.24,195.33710953108653,1091.9646606326985,2058.9066649521756,76.7781781437291,-2201.4641810107987,2991.962131503822,181.8012534161479,-7572.900292869088,3218.224980508917
patient_102,357.0,14.28,167.82237521594786,-687.8683578784667,2065.619559960813,285.37870719647356,5215.0132263186115,3003.3772797916813,241.7359502114687,1498.3674198830201,3227.8944185173755
patient_102,358.0,14.32,157.89865698636225,-248.09295573964008,2071.935506240268,180.83039673549013,-2613.7077615245857,3010.6104956611007,104.35669414362086,-3434.4814016961964,3232.0686862831203
patient_102,359.0,14.36,112.75376623678085,-1128.6222687395352,2076.445656889739,70.32520702406066,-2762.6297427857367,3013.423503942063,36.58004572949771,-1694.4162103530787,3233.5318881123003
patient_102,360.0,14.4,106.84132068830706,-147.8111387118446,2080.7193097172712,48.271885900232064,-551.3330280957149,3015.3543793780723,45.77171742781594,229.79179245795578,3235.362756809413
patient_102,361.0,14.44,108.65669502466604,45.38435840897428,2085.0655775182577,70.57128888614257,557.4850746477626,3018.1772309335183,101.09307672403384,1383.0339824054472,3239.4064798783743
patient_102,362.0,14.48,72.43984188028739,-905.4213286094662,2087.9631711934694,99.39862078383861,720.683297442401,3022.1531757648713,80.77086977847657,-508.0551736389317,3242.6373146695137
patient_102,363.0,14.52,103.41420765051555,774.359144255704,2092.09973949949,97.07296569425887,-58.14137723949351,3026.0360943926416,71.41088522248157,-233.99961389987496,3245.4937500784126
patient_102,364.0,14.56,73.4079484204248,-750.1564807522687,2095.036057436307,131.654240851806,864.5318789386785,3031.3022640267136,115.23019859472608,1095.4828343061126,3250.1029580222016
patient_102,365.0,14.6,88.63020740042094,380.5564744999035,2098.581265732324,123.22930586487867,-210.6233746731835,3036.2314362613088,112.08034392136437,-78.74636683404255,3254.5861717790563
patient_102,366.0,14.64,76.84346322244993,-294.6686044492754,2101.655004261222,117.92244891455982,-132.67142375797113,3040.948334217891,105.45731035468815,-165.57583916690567,3258.804464193244
patient_102,367.0,14.68,39.95947307566433,-922.09975366964,2103.2533831842484,60.434347970710796,-1437.2025235962258,3043.3657081367196,52.14769719822922,-1332.7403289114732,3260.890372081173
patient_102,368.0,14.72,55.21494315469134,381.38675197567534,2105.461980910436,152.58285466568498,2303.712667374354,3049.469022323347,124.00327745491097,1796.3895064170438,3265.8505031793698
patient_102,369.0,14.76,158.25916252116963,2576.105484161957,2111.792347411283,151.01587459526448,-39.17450176051247,3055.509657307158,42.04324735264249,-2049.000752556712,3267.5322330734757
patient_102,370.0,14.8,275.9063192550174,2941.1789183461947,2122.8286001814836,321.56412784992676,4263.706331366557,3068.3722224211547,148.27960339891257,2655.908901156752,3273.463417209432
patient_102,371.0,14.84,327.21098346160477,1282.6166051646837,2135.917039519948,397.7597880127625,1904.8915040708935,3084.282613941665,338.2097879485766,4748.254613741601,3286.9918087273754
patient_102,372.0,14.88,349.4880954759503,556.9278003586376,2149.896563338986,572.1650482008009,4360.13150470096,3107.169215869697,530.5270532809329,4807.931633308908,3308.212890858613
patient_102,373.0,14.92,367.58575048526325,452.4413752328243,2164.5999933583967,415.1779699645332,-3924.6769559066934,3123.776334668278,529.4914867144668,-25.88916416165432,3329.3925503271917
patient_102,374.0,14.96,325.8753942642462,-1042.758905525426,2177.635009128966,644.6220675455979,5736.102439526619,3149.561217370102,671.2864759108282,3544.8747299090373,3356.244009363625
patient_102,375.0,15.0,287.0678768060122,-970.1879364558508,2189.117724201207,460.3482608835801,-4606.845166550445,3167.975147805445,403.54716160601885,-6693.482857620235,3372.385895827866
patient_102,376.0,15.04,172.4735764589687,-2864.857508676087,2196.0166672595656,111.33285887737479,-8725.385050155133,3172.4284621605398,138.50878306785896,-6625.959463453998,3377.9262471505804
patient_102,377.0,15.08,109.00880148788167,-1586.6193742771757,2200.377019319081,145.2341087025938,847.5312456304753,3178.237826508644,115.91371392642299,-564.8767285358992,3382.562795707637
patient_102,378.0,15.12,66.84907861935281,-1053.9930717132215,2203.050982463855,130.71771261705808,-362.9099021383929,3183.4665350133264,175.8641444771721,1498.7607637687277,3389.597361486724
patient_102,379.0,15.16,50.57318261992231,-406.8973999857626,2205.0739097686514,134.86069467184643,103.5745513697087,3188.8609628002,353.50546307971535,4441.032965063581,3403.7375800099126
patient_102,380.0,15.2,26.286311911491595,-607.1717677107678,2206.125362245111,31.730776556926973,-2578.2479528729864,3190.1301938624774,39.181983804436335,-7858.086981881975,3405.3048593620897
patient_102,381.0,15.24,28.857540950691078,64.28072597998708,2207.2796638831387,115.60407490008627,2096.832458578983,3194.7543568584806,116.05930504497765,1921.9330310135326,3409.947231563889
patient_102,382.0,15.28,42.61591648579996,343.95938837772195,2208.9843005425705,222.63212216732262,2675.7011816809086,3203.6596417451738,118.80497818914499,68.64182860418353,3414.699430691455
patient_102,383.0,15.32,66.3491606440137,593.3311039553435,2211.638266968331,127.49873904040201,-2378.334578173015,3208.75959130679,144.93894300769796,653.3491204638242,3420.4969884117627
patient_102,384.0,15.36,113.22880990290304,1171.9912314722337,2216.167419364447,313.0533074558749,4638.864210386822,3221.2817236050246,163.68472465591728,468.64454120548305,3427.0443773979996
patient_102,385.0,15.4,90.6811042091689,-563.6926423433536,2219.794663532814,85.51595308269049,-5688.433859329611,3224.7023617283326,133.3460179041764,-758.4676687935222,3432.3782181141664
patient_102,386.0,15.44,53.872242973055194,-920.2215309028425,2221.9495532517362,108.49393923092235,574.4496537057965,3229.042119297569,217.64055820056504,2107.363507409716,3441.0838404421893
patient_102,387.0,15.48,38.05817894955474,-395.3516005875114,2223.4718804097183,78.29126983835103,-755.0667348142831,3232.173770091103,238.44376837292234,520.0802543089324,3450.621591177106
patient_102,388.0,15.52,26.968946038912815,-277.23082276604805,2224.550638251275,92.37637471537599,352.127621925624,3235.8688250797177,114.59563734063691,-3096.2032758071355,3455.2054166707317
patient_102,389.0,15.56,64.97647230993911,950.1881567756574,2227.1496971436723,58.12745851722987,-856.222904953653,3238.1939234204074,87.50011193352061,-677.3881351779074,3458.705421148072
patient_102,390.0,15.6,65.22733172258718,6.271485316201719,2229.7587904125758,113.25802681171754,1378.2642073621919,3242.724244492876,48.131949085366045,-984.2040712038643,3460.630699111487
patient_102,391.0,15.64,14.351036700895689,-1271.9073755422874,2230.3328318806116,47.10483767621838,-1653.829728387479,3244.6084379999247,21.857621116773668,-656.8581992148095,3461.5050039561575
patient_102,392.0,15.68,80.7211699216199,1659.2533305181053,2233.5616786774763,41.27437483727392,-145.76157097361158,3246.2594129934155,30.755970015835914,222.45872247655615,3462.7352427567907
patient_102,393.0,15.72,88.19254870465754,186.7844695759409,2237.0893806256627,17.106240275398502,-604.2033640468854,3246.9436626044317,62.410529868172134,791.3639963084055,3465.2316639515175
patient_102,394.0,15.76,55.794278247251405,-809.9567614351533,2239.321151755553,18.97975361666575,46.837833531681206,3247.702852749098,75.76666089315309,333.90327562452387,3468.2623303872433
patient_102,395.0,15.8,13.063820690784965,-1068.2614389116611,2239.8437045831843,11.070889146059496,-197.72161176515635,3248.1456883149403,166.25838799326692,2262.293177502846,3474.912665906974
patient_102,396.0,15.84,15.96579746458303,72.54941934495163,2240.4823364817676,7.383706376166238,-92.17956924733146,3248.4410365699864,11.533398634895088,-3868.1247339592956,3475.37400185237
patient_102,397.0,15.88,59.78071065839749,1095.3728298453616,2242.8735649081036,11.314272767253374,98.26415977717842,3248.8936074806766,44.116798994324846,814.585008985744,3477.1386738121428
patient_102,398.0,15.92,83.56847682496625,594.6941541642192,2246.216303981102,88.6110107085469,1932.4184485323383,3252.438047909018,105.02728814824694,1522.7622288480522,3481.339765338073
patient_102,399.0,15.96,206.35034435164832,3069.546688167052,2254.470317755168,177.98321095497653,2234.3050061607405,3259.5573763472175,204.70880978000886,2492.038040794048,3489.5281177292736
patient_102,400.0,16.0,335.9497325300358,3239.9847044596877,2267.9083070563693,935.3522593334037,18934.226209460678,3296.9714667205535,765.9874082383828,14031.964961459349,3520.1676140588083
patient_102,401.0,16.04,332.9165262604642,-75.83015673929054,2281.224968106788,1331.6647618010068,9907.812561690076,3350.2380571925937,1457.1786227363468,17279.7803624491,3578.4547589682625
patient_102,402.0,16.08,285.69758831015804,-1180.4734487576538,2292.652871639194,727.6461239913804,-15100.46594524066,3379.3439021522486,565.8138816563883,-22284.118526998966,3601.087314234518
patient_102,403.0,16.12,247.2471734969974,-961.2603703290163,2302.5427585790735,237.45874719239174,-12254.684419974716,3388.8422520399445,299.33487359287,-6661.975201587957,3613.060709178233
patient_102,404.0,16.16,170.94336692657953,-1907.5951642604466,2309.380493256137,239.98698556715047,63.20595936896822,3398.4417314626307,218.14424930182827,-2029.7656072760433,3621.786479150306
patient_102,405.0,16.2,151.73306041725604,-480.25766273308716,2315.449815672827,114.51240230286456,-3136.8645816071476,3403.022227554745,77.96722683100295,-3504.4255617706326,3624.9051682235463
patient_102,406.0,16.24,121.45700775299183,-756.9013166066053,2320.3080959829467,122.93635997680327,210.59894184846792,3407.939681953817,53.81426746716731,-603.8239840958909,3627.057738922233
patient_102,407.0,16.28,70.25159906024403,-1280.135217318695,2323.118159945356,67.84572864691866,-1377.2657832471155,3410.653511099694,65.28275210159167,286.71211586060895,3629.6690490062965
patient_102,408.0,16.32,19.636731628443485,-1265.3716857950137,2323.9036292104943,58.609144622297684,-230.91460061552436,3412.997876884586,90.17308689684883,622.258369881429,3633.2759724821703
patient_102,409.0,16.36,86.94155211283872,1682.620512109881,2327.3812912950075,53.630431322987484,-124.46783248275501,3415.1430941375056,14.375183717609405,-1894.9475794809857,3633.8509798308746
patient_102,410.0,16.4,73.57470449465583,-334.1711904545722,2330.324279474794,32.247303062548816,-534.5782065109667,3416.4329862600075,90.32555542820765,1898.7592927649562,3637.464002048003
patient_102,411.0,16.44,104.25283400160514,766.9532376737326,2334.494392834858,64.0171089932021,794.2451482663321,3418.9936706197354,28.354757163420764,-1549.2699566196723,3638.5981923345403
patient_102,412.0,16.48,54.53137814321534,-1243.036396459745,2336.6756479605865,83.29626472295881,481.97889324391775,3422.3255212086538,44.010188231947176,391.3857767131603,3640.3585998638177
patient_102,413.0,16.52,69.64596432966106,377.8646546611428,2339.461486533773,76.50544778775046,-169.77042338020885,3425.385739120164,31.897130742517845,-302.82643723573324,3641.634485093519
patient_102,414.0,16.56,16.343589388031756,-1332.5593735407324,2340.1152301092943,52.769165930629384,-593.4070464280268,3427.496505757389,48.933803472853114,425.91681825838174,3643.591837232433
patient_102,415.0,16.6,46.22151211275604,746.948068118107,2341.964090593805,13.887808681989634,-972.0339312159938,3428.0520181046686,67.70258869558911,469.2196305684,3646.2999407802567
patient_102,416.0,16.64,34.00695227120677,-305.36399603873167,2343.324368684653,66.03745610637887,1303.741185609731,3430.693516348924,35.583859116585764,-802.9682394750838,3647.72329514492
patient_102,417.0,16.68,47.48404443224728,336.92730402601273,2345.223730461943,166.6615013835043,2515.6011319281356,3437.3599764042647,141.27304486134776,2642.22964361905,3653.374216939374
patient_102,418.0,16.72,35.581985501475806,-297.5514732692869,2346.647009882002,37.00219682016451,-3241.482614083495,3438.8400642770707,64.289380758697,-1924.5916025662686,3655.9457921697217
patient_102,419.0,16.76,19.92203353064914,-391.4987992706666,2347.443891223228,27.72816624151932,-231.85076446612962,3439.9491909267317,84.8085619626567,512.9795300989922,3659.338134648228
patient_102,420.0,16.8,121.64150321778645,2542.9867421784325,2352.3095513519393,144.43150517846044,2917.583473423528,3445.7264511338703,285.554632032725,5018.651751751708,3670.7603199295368
patient_102,421.0,16.84,70.17481522671156,-1286.6671997768724,2355.1165439610077,73.41971420556949,-1775.2947743222737,3448.663239702093,96.93522630973169,-4715.485143074833,3674.6377289819266
patient_102,422.0,16.88,90.72442041090855,513.7401296049247,2358.745520777444,130.97259493697678,1438.8220182851821,3453.902143499572,97.574019555129,15.969831134932733,3678.5406897641315
patient_102,423.0,16.92,49.67117572245212,-1026.3311172114109,2360.732367806342,34.116519905690886,-2421.4018757821473,3455.2668042957994,102.30677021799428,118.31876657163214,3682.6329605728515
patient_102,424.0,16.96,52.07292275654828,60.04367585240402,2362.8152847166043,22.103726925741572,-300.3198244987328,3456.1509533728286,52.39557915269957,-1247.7797766323679,3684.7287837389595
patient_102,425.0,17.0,94.29401808827745,1055.5273832932294,2366.5870454401356,226.48062749477467,5109.422514225827,3465.2101784726196,320.917638815247,6713.051491563687,3697.565489291569
patient_102,426.0,17.04,195.05981012641357,2519.144800953403,2374.389437845192,133.97742094449967,-2312.5801637568748,3470.5692753104,368.45546418667504,1188.4456342857006,3712.303707859036
patient_102,427.0,17.08,233.57042439084807,962.7653566108627,2383.732254820826,233.12646990864715,2478.726224103687,3479.8943341067456,212.18189157901,-3906.839315191626,3720.7909835221963
patient_102,428.0,17.12,349.7087220943328,2903.4574425871183,2397.7206037045994,373.1557284992064,3500.7314647639814,3494.820563246714,390.05434003124213,4446.811211305803,3736.393157123446
patient_102,429.0,17.16,29.85402906128438,-7996.367325826211,2398.9147648670505,69.70153741617933,-7586.354777075677,3497.6086247433614,65.43253427167006,-8115.545143989301,3739.010458494313
patient_102,430.0,17.2,453.7744437470487,10598.010367144107,2417.0657426169328,180.53706523848172,2770.8881955575594,3504.8301073529005,654.7959318276414,14734.084938899283,3765.2022957674185
patient_102,431.0,17.24,407.9416372148302,-1145.8201633054614,2433.383408105526,635.9562804774848,11385.480380975077,3530.268358572,661.5732427868081,169.43277397916745,3791.665225478891
patient_102,432.0,17.28,528.5019642574405,3014.0081760652565,2454.5234866758237,817.5131725740255,4538.922302413516,3562.968885474961,1181.8676974631887,13007.361366909516,3838.939933377418
patient_102,433.0,17.32,200.77430596080097,-8193.191457415987,2462.5544589142555,229.74323122969227,-14694.24853360833,3572.1586147241487,256.4118864339484,-23136.395275731007,3849.1964088347763
patient_102,434.0,17.36,91.54927531198344,-2730.6257662204384,2466.216429926735,56.317499413247596,-4335.643295411117,3574.4113147006783,44.89797278395059,-5287.847841249944,3850.9923277461344
patient_102,435.0,17.4,77.12868277892824,-360.51481332637997,2469.301577237892,141.80888784590667,2137.284710816477,3580.0836702145148,231.44623844914094,4663.706641629758,3860.2501772840997
patient_102,436.0,17.44,56.1661004071259,-524.0645592950583,2471.5482212541774,64.51492438525156,-1932.3490865163776,3582.664267189925,187.7519273418337,-1092.357777682681,3867.760254377773
patient_102,437.0,17.48,7.735025877431525,-1210.7768632423595,2471.857622289275,217.9387553724827,3835.595774680778,3591.381817404824,142.11304139082725,-1140.972148775161,3873.444776033406
patient_102,438.0,17.52,75.57315284347774,1695.9531741511555,2474.8805484030136,318.9962823127421,2526.4381735064853,3604.1416686973334,6.846075286780456,-3381.6741526011697,3873.718619044877
patient_102,439.0,17.56,121.95738161402925,1159.6057192637875,2479.758843667575,92.14208284011002,-5671.354986815802,3607.8273520109383,35.56448476824269,717.960237036556,3875.141198435607
patient_102,440.0,17.6,72.89919369965511,-1226.4546978593532,2482.674811415561,114.96004254282516,570.4489925678786,3612.4257537126514,52.81069078754278,431.1551504825022,3877.2536260671086
patient_102,441.0,17.64,171.29702294927873,2459.9457312405902,2489.526692333532,168.5433402724105,1339.5824432396332,3619.167487323548,84.01233905174017,780.0412066049347,3880.6141196291783
patient_102,442.0,17.68,110.52994198947935,-1519.1770239949842,2493.9478900131116,131.3493585024581,-929.8495442488097,3624.421461663646,137.12610045727806,1327.8440351384472,3886.099163647469
patient_102,443.0,17.72,91.75906851500615,-469.27183686183014,2497.6182527537117,251.92737742549875,3014.4504730760164,3634.498556760666,114.5896218020605,-563.4119663804388,3890.6827485195518
patient_102,444.0,17.76,61.535749981598876,-755.5829633351818,2500.0796827529757,105.95721751791032,-3649.2539976897106,3638.736845461382,46.86910784600928,-1693.012848901281,3892.557512833392
patient_102,445.0,17.8,132.22380351875063,1767.2013384287936,2505.368634893726,300.3166053246803,4858.98469516925,3650.7495096743696,97.25831058508876,1259.730068476987,3896.447845256796
patient_102,446.0,17.84,267.5752510304332,3383.7861877920645,2516.071644934943,266.8966814173237,-835.4980976839158,3661.425376931062,57.61284549348218,-991.1366272901646,3898.7523590765354
patient_102,447.0,17.88,265.528550590428,-51.16751100013062,2526.6927869585597,459.45526999607785,4813.964714468854,3679.8035877309053,248.12748207934268,4762.8659146465125,3908.677458359709
patient_102,448.0,17.92,476.380404210717,5271.296340507226,2545.7480031269884,1138.5812612908887,16978.149782370274,3725.346838182541,1059.8756422538627,20293.704004363,3951.0724840498633
patient_102,449.0,17.96,607.267291832488,3272.172190544275,2570.038694800288,1076.989134427964,-1539.8031715731179,3768.4264035596593,1203.6732087303108,3594.939161911202,3999.2194123990757
patient_102,450.0,18.0,492.55999545505904,-2867.6824094357244,2589.7410946184905,492.828446653984,-14604.0171943495,3788.1395414258186,339.11639873699903,-21613.920249832794,4012.7840683485556
patient_102,451.0,18.04,60.633288655708554,-10798.167669983763,2592.1664261647184,159.61130261178886,-8330.428601054879,3794.5239935302898,112.70546166297089,-5660.273426850704,4017.2922868150745
patient_102,452.0,18.08,392.0754759416256,8286.054682147926,2607.8494452023833,320.1281516215051,4012.9212252429056,3807.32911959515,311.72196130183426,4975.412490971584,4029.761165267148
patient_102,453.0,18.12,251.7682769842184,-3507.67997393518,2617.9201762817524,261.669774874025,-1461.4594186870022,3817.7959105901114,346.6901834558759,874.2055538510414,4043.6287726053833
patient_102,454.0,18.16,220.09240528918582,-791.8967923758146,2626.72387249332,178.90863337750793,-2069.0285374129267,3824.9522559252114,88.50706067175314,-6454.578069603069,4047.1690550322533
patient_102,455.0,18.2,132.82697384702377,-2181.6357860540516,2632.036951447201,100.99039908332868,-1947.9558573544812,3828.991871888544,245.12773749675748,3915.516920625109,4056.9741645321237
patient_102,456.0,18.24,188.62970724164543,1395.0683348655416,2639.582139736867,133.78730543749535,819.9226588541667,3834.343364106044,276.4563660463054,783.2157137386979,4068.032419173976
patient_102,457.0,18.28,59.408745600435104,-3230.524041030258,2641.958489560884,28.103077865194237,-2642.105689307528,3835.467487220652,72.15941370982438,-5107.423808412025,4070.918795722369
patient_102,458.0,18.32,92.14543685745521,818.4172814255027,2645.644307035182,125.82488193197284,2443.045101669465,3840.5004824979305,122.92764664875371,1269.2058234732333,4075.8359015883193
patient_102,459.0,18.36,31.290275408843552,-1521.3790362152913,2646.895918051536,101.17747393037169,-616.1852000400288,3844.547581455145,248.70949002353478,3144.546084369527,4085.7842811892606
patient_102,460.0,18.4,35.81675703539175,113.16204066370501,2648.3285883329518,51.14932330215974,-1250.7037657052986,3846.5935543872315,18.09798845491865,-5765.287539215403,4086.5082007274573
patient_102,461.0,18.44,10.87771096424696,-623.4761517786199,2648.763696771522,19.461732747439118,-792.1897638680156,3847.3720236971294,83.09237901505568,1624.8597640034259,4089.8318958880595
patient_102,462.0,18.48,77.22847813573759,1658.7691792872658,2651.8528358969515,106.70723964260021,2181.1376723790277,3851.640313282833,182.8421937453412,2493.745368257138,4097.145583637873
patient_102,463.0,18.52,78.6930550383232,36.61442256464014,2655.000558098485,123.70065884219439,424.8354799898543,3856.5883396365207,81.60676411699524,-2530.8857407086493,4100.409854202553
patient_102,464.0,18.56,96.43637178272436,443.58291861002925,2658.8580129697934,36.70811237283512,-2174.813661733982,3858.0566641314344,79.05231694638756,-63.861179265191836,4103.571946880408
patient_102,465.0,18.6,48.97720692818995,-1186.4791213633603,2660.817101246921,66.68171987823267,749.3401876349388,3860.723932926564,71.26962390834613,-194.56732595103574,4106.422731836742
patient_102,466.0,18.64,48.75569358621184,-5.537833549452742,2662.7673289903696,48.38324303768511,-457.46192101368894,3862.659262648071,480.8302364395995,10239.015313281334,4125.655941294326
patient_102,467.0,18.68,64.18336961056761,385.69190060889423,2665.334663774792,64.10047514161268,392.93080259818913,3865.2232816537357,165.4180197863793,-7885.305416330504,4132.272662085781
patient_102,468.0,18.72,156.6786987273764,2312.3832279202197,2671.6018117238873,43.77820711760501,-508.05670060019173,3866.97440993844,94.67649128199812,-1768.5382126095292,4136.0597217370605
patient_102,469.0,18.76,247.99115263001752,2282.811347566028,2681.521457829088,360.3766070871652,7914.959999239005,3881.389474221927,162.92029951912096,1706.0952059280708,4142.576533717825
patient_102,470.0,18.8,360.89793935068496,2822.669668016686,2695.9573754031153,390.8710396032833,762.360812902952,3897.024315806058,274.4667723055168,2788.6618196598965,4153.555204610046
patient_102,471.0,18.84,389.5543209692651,716.4095404645038,2711.539548241886,472.7348757188758,2046.5959028898126,3915.933710834813,487.50984299963744,5326.076767353015,4173.055598330032
patient_102,472.0,18.88,56.31007790919232,-8331.10607650182,2713.7919513582538,29.175218133742217,-11088.99143962834,3917.1007195601624,46.82179338692687,-11017.201240317765,4174.928470065509
patient_102,473.0,18.92,446.4384936124159,9753.21039258059,2731.6494911027503,654.5525549058045,15634.433419301558,3943.2828217563947,651.5787854586553,15118.92480179321,4200.991621483855
patient_102,474.0,18.96,278.69212712911184,-4193.659162082602,2742.7971761879144,686.6141130680835,801.5389540569743,3970.7473862791176,577.8820219548289,-1842.4190875956583,4224.1069023620485
patient_102,475.0,19.0,353.2140787226137,1863.0487898375463,2756.925739336819,479.9851220994746,-5165.724774215222,3989.946791163097,528.167245685691,-1242.8694067284482,4245.2335921894755
patient_102,476.0,19.04,208.09491649145124,-3627.979055779061,2765.249535996477,293.05266251162953,-4673.311489696127,4001.668897663562,403.5032418598264,-3116.600095646615,4261.373721863869
patient_102,477.0,19.08,36.93153004661584,-4279.084661120885,2766.726797198341,136.031255042897,-3925.5351867183135,4007.1101478652777,117.51775211885462,-7149.637243524295,4266.074431948623
patient_102,478.0,19.12,171.90460572608495,3374.326891986728,2773.6029814273847,108.03258091495607,-699.9668531985229,4011.431451101876,121.28010355590838,94.05878592634416,4270.925636090859
patient_102,479.0,19.16,92.3829406907085,-1988.0416258844114,2777.2982990550126,208.04286787678035,2500.257174045607,4019.753165816947,67.12042352352235,-1353.9920008096508,4273.610453031801
patient_102,480.0,19.2,247.74507214483629,3884.053286353195,2787.2081019408065,486.88660881042244,6971.093523341053,4039.228630169364,380.24965792912644,7828.230860140103,4288.820439348966
patient_102,481.0,19.24,96.04246130564992,-3792.5652709796595,2791.0498003930325,212.96334952757215,-6848.081482071257,4047.747164150467,189.51497666691623,-4768.367031555255,4296.401038415643
patient_102,482.0,19.28,48.584887645897524,-1186.43934149381,2792.993195898868,47.956658842594614,-4125.167267124439,4049.665430504171,34.655798898867765,-3871.479444201211,4297.7872703715975
patient_102,483.0,19.32,127.42500945569543,1971.0030452449478,2798.090196277096,111.60601846030437,1591.2339904427438,4054.129671242583,160.71565938713522,3151.496512206686,4304.215896747082
patient_102,484.0,19.36,148.22433952980492,519.9832518527373,2804.0191698582876,165.58735581543039,1349.5334338781504,4060.7531654752,139.5634701498972,-528.8047309309504,4309.798435553078
patient_102,485.0,19.4,163.24613346863745,375.54484847081324,2810.5490151970334,278.004493900078,2810.42845211619,4071.873345231203,27.991478043566346,-2789.2998026582713,4310.918094674821
patient_102,486.0,19.44,37.28493461793051,-3149.029971267674,2812.0404125817504,272.6646088577479,-133.49712605825204,4082.7799295855134,123.51663463961013,2388.1289149010945,4315.858760060405
patient_102,487.0,19.48,31.853640427495037,-135.78235476088682,2813.31455819885,8.192114614964897,-6611.812356069575,4083.107614170112,161.927198899756,960.2641065036469,4322.335848016395
patient_102,488.0,19.52,165.03600658234933,3329.5591538713575,2819.915998462144,18.893518997825723,267.53510957152065,4083.863354930025,128.86299391006486,-826.6051247422787,4327.490367772798
patient_102,489.0,19.56,181.99842664890105,424.0605016637929,2827.1959355281,271.6658369903426,6319.307949812922,4094.7299884096387,382.88942968645983,6350.660894409874,4342.805944960256
patient_102,490.0,19.6,309.7814147735667,3194.574703116642,2839.587192119043,460.6834173097447,4725.439507985053,4113.157325102028,393.922645705358,275.8304004724536,4358.562850788471
patient_102,491.0,19.64,344.4379704092251,866.4138908914595,2853.364710935412,590.0665896471005,3234.579308433895,4136.7599886879125,516.6370962473328,3067.8612635493705,4379.228334638364
patient_102,492.0,19.68,379.1004933860224,866.5630744199319,2868.528730670853,795.5507440819651,5137.103860871616,4168.582018451191,849.4313606090299,8319.856609042426,4413.205589062725
patient_102,493.0,19.72,94.04045113135946,-7126.501056366573,2872.290348716107,149.95916882954836,-16139.789381310418,4174.580385204373,8.25219067935502,-21029.47924824187,4413.535676689899
patient_102,494.0,19.76,149.94397722347242,1397.5881523028238,2878.288107805046,282.7097665877804,3318.764943955801,4185.888775867885,258.5963283581458,6258.60344196977,4423.879529824226
patient_102,495.0,19.8,40.19890462319755,-2743.6268150068718,2879.896063989974,37.72967125231866,-6124.502383386543,4187.397962717977,138.4547551977536,-3003.539329009805,4429.417720032136
patient_102,496.0,19.84,58.12172753113896,448.0705726985352,2882.2209330912196,221.0034787772677,4581.845188123726,4196.2381018690685,131.77214102213102,-167.06535439056438,4434.688605673021
patient_102,497.0,19.88,81.56109132486726,585.9840948432076,2885.483376744214,336.16263037455957,2878.978789932297,4209.684607084051,120.6341068053377,-278.45085541983326,4439.513969945235
patient_102,498.0,19.92,93.72518073814707,304.1022353319953,2889.23238397374,309.12763002737876,-675.8750086795203,4222.049712285146,275.73657054169763,3877.5615934089983,4450.543432766903
patient_102,499.0,19.96,250.61803995976555,3922.3214805404623,2899.2571055721305,413.57433375212804,2611.167593118732,4238.592685635231,511.69604099911516,5898.986761435438,4471.011274406867
patient_102,500.0,20.0,364.9480871135944,2858.251178845721,2913.855029056674,555.6725864364101,3552.4563171070527,4260.819589092687,582.4303098241767,1768.356720626538,4494.308486799835
patient_102,501.0,20.04,406.88752254087586,1048.4858856820367,2930.130529958309,933.0347193759312,9434.053323488028,4298.140977867724,627.1611613891511,1118.2712891243596,4519.394933255401
patient_102,502.0,20.08,385.89190540293447,-524.8904284485349,2945.5662061744265,359.9728824524361,-14326.545923087377,4312.539893165822,461.1511620612471,-4150.249983197599,4537.840979737851
patient_102,503.0,20.12,209.4929169793455,-4409.974710589724,2953.9459228536,303.5814429810602,-1409.785986784398,4324.683150885065,204.88647626490237,-6406.617144908617,4546.0364387884465
patient_102,504.0,20.16,254.71101137645005,1130.4523599276138,2964.1343633086585,316.7786170606089,329.9293519887172,4337.354295567489,256.3017052250678,1285.3807240041356,4556.288506997449
patient_102,505.0,20.2,159.92397231002602,-2369.6759766606006,2970.5313222010595,217.18258933517802,-2489.9006931357717,4346.041599140896,59.18632407475286,-4927.884528757873,4558.65595996044
patient_102,506.0,20.24,112.55447905683494,-1184.2373313297771,2975.033501363333,80.29156507791829,-3422.2756064314935,4349.253261744013,176.85373471185574,2941.685265927572,4565.730109348913
patient_102,507.0,20.28,94.75982462230678,-444.8663608632039,2978.8238943482256,150.90299397508528,1765.2857224291747,4355.289381503017,161.97400512763485,-371.99323960552204,4572.209069554019
patient_102,508.0,20.32,250.29922822676764,3888.4850901115215,2988.8358634772962,237.5172675669921,2165.3568397976705,4364.790072205696,160.90244429083882,-26.789020919900963,4578.645167325652
patient_102,509.0,20.36,316.31463033200896,1650.385052631033,3001.4884486905767,423.8663511356806,4658.727089217212,4381.744726251123,316.89758087852664,3899.8784146921957,4591.3210705607935
patient_102,510.0,20.4,258.69239502838786,-1440.5558825905273,3011.836144491712,403.44932741349544,-510.42559305462873,4397.882699347663,416.5593648651683,2491.544599666041,4607.983445155401
patient_102,511.0,20.44,320.1757906452076,1537.0848904204934,3024.6431761175204,554.3780848764395,3773.218936573602,4420.057822742721,534.9759064066194,2960.413538536278,4629.382481411665
patient_102,512.0,20.48,297.4665160419,-567.7318650826905,3036.541836759196,446.96261120041015,-2685.386841900734,4437.936327190738,577.2819851412718,1057.6519683663093,4652.473760817316
patient_102,513.0,20.52,213.38040730651775,-2102.1527183845556,3045.0770530514565,451.40090215539055,110.95727387451007,4455.992363276953,543.2403846095644,-851.0400132926833,4674.203376201699
patient_102,514.0,20.56,146.42621370329942,-1673.8548400804582,3050.9341015995883,266.0868628061995,-4632.850983729776,4466.635837789201,271.3770284188047,-6796.583904768994,4685.058457338451
patient_102,515.0,20.6,36.28435647759957,-2753.5464306424965,3052.385475858692,103.77502067251487,-4057.7960533421165,4470.786838616102,88.59369629235817,-4569.583303161163,4688.6022051901455
patient_102,516.0,20.64,117.55799992643274,2031.8410862208293,3057.0877958557494,389.3917871491124,7140.419161914939,4486.362510102066,133.38869732947686,1119.875025927967,4693.937753083324
patient_102,517.0,20.68,263.6912644088824,3653.3316120612412,3067.635446432105,392.59570624943103,80.09797750796537,4502.066338352043,526.0496287519189,9816.523285561052,4714.979738233402
patient_102,518.0,20.72,212.37920687271497,-1282.801438404185,3076.1306147070136,528.1997719840938,3390.101643366569,4523.194329231407,668.0120830137864,3549.0613565466874,4741.700221553953
patient_102,519.0,20.76,350.45782824537,3451.9655343163763,3090.1489278368285,814.3707473952143,7154.274385278012,4555.769159127215,777.0791974765335,2726.6778615686776,4772.783389453014
patient_102,520.0,20.8,535.6178499939589,4629.000543714721,3111.573641836587,755.3669684805309,-1475.0944728670845,4585.983837866437,716.6072825847926,-1511.797872293522,4801.447680756406
patient_102,521.0,20.84,413.7972881235241,-3045.51404676087,3128.1255333615277,459.7593399528991,-7390.190713190795,4604.374211464553,426.51811452534105,-7252.22920148629,4818.508405337419
patient_102,522.0,20.88,391.50931843798355,-557.1992421385132,3143.7859060990468,272.57094495228966,-4679.709875015235,4615.277049262644,213.85204645720768,-5316.651701703334,4827.062487195708
patient_102,523.0,20.92,249.59175646982663,-3547.939049203923,3153.76957635784,250.05222110118643,-562.9680962775808,4625.279138106692,30.736361860369442,-4577.8921149209555,4828.2919416701225
patient_102,524.0,20.96,84.50250812902156,-4127.2312085201265,3157.149676683001,129.82428470472743,-3005.698409911475,4630.47210949488,81.00160915710035,1256.6311824182726,4831.5320060364065
patient_102,525.0,21.0,85.03648060801478,13.349311974830513,3160.5511359073216,286.049211184479,3905.62316199379,4641.91407794226,184.62688137049773,2590.6318053349346,4838.917081291227
patient_102,526.0,21.04,283.91566219344963,4971.979539635871,3171.9077623950598,83.51041422898417,-5063.469923887371,4645.254494511419,276.1147641748975,2287.197070109995,4849.961671858223
patient_102,527.0,21.08,386.603019208422,2567.1839253743087,3187.371883163397,719.6519328800911,15903.537966277674,4674.040571826623,710.4252256367769,10857.761536546985,4878.378680883694
patient_102,528.0,21.12,378.0906314847983,-212.8096930905926,3202.4955084227886,511.5910538840327,-5201.5219749014595,4694.504213981984,437.1945166585529,-6830.767724455599,4895.866461550036
patient_102,529.0,21.16,368.21312537152517,-246.93765283182785,3217.2240334376493,681.3367943305732,4243.643511163512,4721.757685755208,1045.5565146802785,15209.049950543142,4937.688722137247
patient_102,530.0,21.2,408.79817090781813,1014.6261384073241,3233.575960273962,723.0030127694195,1041.6554609711568,4750.677806265984,523.9784421431511,-13039.451813428184,4958.647859822973
patient_102,531.0,21.24,379.8002088566183,-724.9490512799952,3248.7679686282268,444.32464943803205,-6966.959083284685,4768.450792243505,657.1538355607205,3329.384835439234,4984.934013245402
patient_102,532.0,21.28,292.51671402118205,-2182.0873708859067,3260.468637189074,475.55899019083495,780.8585188200723,4787.473151851139,504.89261546486216,-3806.5305023964584,5005.129717863997
patient_102,533.0,21.32,213.63453790934338,-1972.0544027959668,3269.0140187054476,517.0266107997809,1036.6905152236484,4808.154216283129,274.5967684886197,-5757.396174406061,5016.113588603541
patient_102,534.0,21.36,24.759933302473033,-4721.865115171759,3270.0044160375464,147.8093777688473,-9230.43082577334,4814.066591393884,153.54607011737292,-3026.26745928117,5022.255431408236
patient_102,535.0,21.4,39.9939213988223,380.84970240873173,3271.6041728934997,248.85749180474616,2526.2028508974718,4824.020891066074,147.2086278847682,-158.43605581511824,5028.143776523627
patient_102,536.0,21.44,248.0223146348577,5200.709830900885,3281.525065478894,542.1328202112367,7331.883210162263,4845.706203874523,350.38475829358225,5079.4032602203515,5042.15916685537
patient_102,537.0,21.48,158.062581113558,-2248.993338032493,3287.847568723436,433.6968819547347,-2710.8984564125494,4863.054079152713,497.08479243487443,3667.5008535323045,5062.0425585527655
patient_102,538.0,21.52,311.97034750339037,3847.6941597458094,3300.3263826235716,565.6584175696322,3299.038390372438,4885.680415855498,633.999298650019,3422.8626553786144,5087.402530498766
patient_102,539.0,21.56,290.00316649314556,-549.1795252561203,3311.9265092832975,436.79809460591474,-3221.5080740929366,4903.152339639734,348.3585583301656,-7141.018507996336,5101.336872831973
patient_102,540.0,21.6,284.8126830685882,-129.7620856139332,3323.3190166060413,262.63081362044284,-4354.182024636798,4913.657572184552,259.6148789064781,-2218.5919855921866,5111.721467988232
patient_102,541.0,21.64,207.61185379811022,-1930.0207317619502,3331.6234907579656,41.93683500145298,-5517.3494654747465,4915.33504558461,91.48055214748975,-4203.35816897471,5115.380690074131
patient_102,542.0,21.68,69.39273144395686,-3455.4780588538333,3334.3992000157236,35.08890418482867,-171.19827041560765,4916.738601752003,83.753084243779,-193.18669759276867,5118.730813443883
patient_102,543.0,21.72,102.09881855888644,817.6521778732393,3338.4831527580786,182.91426697944877,3695.6340698655026,4924.055172431182,219.13155861492368,3384.461859278617,5127.49607578848
patient_102,544.0,21.76,256.471160150776,3859.3085397972386,3348.7419991641095,173.02639829708667,-247.19671705905242,4930.976228363065,221.88362568311928,68.80167670489001,5136.371420815804
patient_102,545.0,21.8,279.87353424133255,585.0593522639144,3359.9369405337625,436.54457509470274,6587.954419940403,4948.438011366853,288.17660302772003,1657.324433615019,5147.898484936913
patient_102,546.0,21.84,236.33007874539155,-1088.5863873985252,3369.3901436835786,242.43057467270262,-4852.8500105500025,4958.135234353761,425.7196818316094,3438.5769700972346,5164.927272210178
patient_102,547.0,21.88,249.49671616834215,329.165935573765,3379.370012330312,292.7396913853866,1257.7279178170998,4969.844822009177,456.4665771362857,768.6723826169072,5183.185935295629
patient_102,548.0,21.92,248.44273736783742,-26.34947001261807,3389.3077218250255,641.7793104320629,8725.990476166906,4995.515994426459,427.96670454824584,-712.4968147009965,5200.304603477559
patient_102,549.0,21.96,101.61610768095505,-3670.6657421720593,3393.372366132264,345.1508183178848,-7415.712302854452,5009.3220271591745,295.72325653616036,-3306.086200302137,5212.1335337390055
patient_102,550.0,22.0,36.0287198997366,-1639.6846945304612,3394.813514928253,151.08105713058495,-4851.744029682496,5015.365269444398,155.47640000488067,-3506.171413281992,5218.352589739201
patient_102,551.0,22.04,134.24468838427686,2455.3992121135066,3400.1833024636244,177.50828169557457,660.6806141247404,5022.465600712221,147.68324608275273,-194.82884805319856,5224.259919582511
patient_102,552.0,22.08,183.4010066067898,1228.9079555628234,3407.5193427278955,544.4161949852627,9172.697832242202,5044.242248511631,443.3374812750684,7391.355879807892,5241.993418833514
patient_102,553.0,22.12,258.959081650513,1888.9518760930798,3417.877705993916,656.5331590987748,2802.9241028378037,5070.503574875582,675.499747223709,5804.056648716016,5269.0134087224615
patient_102,554.0,22.16,403.88935073218124,3623.2567270417067,3434.033280023203,295.14763652057104,-9034.638064455095,5082.309480336405,710.0233558330943,863.0902152346323,5297.414342955785
patient_102,555.0,22.2,441.6071556279543,942.9451223943261,3451.697566248321,899.3915748010978,15106.09845701317,5118.285143328449,574.7736925986449,-3381.2415808612373,5320.405290659732
patient_102,556.0,22.24,354.5691841381086,-2175.9492872461424,3465.8803336138453,259.42619263087164,-15999.134554255654,5128.6621910336835,274.320551131896,-7511.3285366687205,5331.378112705008
patient_102,557.0,22.28,311.4730770209381,-1077.4026779292626,3478.339256694683,147.38551406786726,-2801.0169640751096,5134.557611596398,212.41566710346052,-1547.6221007108875,5339.874739389146
patient_102,558.0,22.32,173.49955110147113,-3449.338147986674,3485.2792387387417,134.7984190037697,-314.6773766024388,5139.949548356549,118.99998749786184,-2335.391990139967,5344.634738889061
patient_102,559.0,22.36,116.68929242918443,-1420.2564668071673,3489.9468104359094,233.3279876087691,2463.2392151249846,5149.2826678609,132.9698091938692,349.2455424001839,5349.953531256815
patient_102,560.0,22.4,298.783582132128,4552.357242573589,3501.898153721195,280.1622606403078,1170.8568257884679,5160.489158286512,204.09078508614405,1778.0243973068714,5358.117162660262
patient_102,561.0,22.44,385.17497951833735,2159.784934655234,3517.3051529019285,482.52973882218953,5059.186954547043,5179.7903478394,415.85026183261755,5293.986918661837,5374.751173133566
patient_102,562.0,22.48,400.7018835563276,388.1726009497555,3533.3332282441816,593.8213106590458,2782.2892959214073,5203.543200265762,569.4720304142604,3840.5442145410716,5397.530054350137
patient_102,563.0,22.52,335.4812379764882,-1630.516139495984,3546.752477763241,208.32899838465207,-9637.307806859842,5211.876360201148,414.64629860761494,-3870.643295166137,5414.115906294441
patient_102,564.0,22.56,296.42991833458245,-976.2829910476441,3558.6096744966244,366.21098802726806,3947.0497410653998,5226.524799722238,547.3670073993733,3318.0177197939583,5436.010586590416
patient_102,565.0,22.6,232.75346287402107,-1591.9113865140346,3567.9198130115856,515.6205527151347,3735.2391171966674,5247.149621830843,418.0012290379614,-3234.144459035296,5452.730635751936
patient_102,566.0,22.64,32.330468633597164,-5010.574856010598,3569.213031756929,219.31254974420682,-7407.700074273198,5255.922123820612,296.2637911171355,-3043.435948020648,5464.581187396621
patient_102,567.0,22.68,55.48698831147768,578.912991947013,3571.432511289388,14.015280907981218,-5132.431720905641,5256.48273505693,145.60870527932167,-3766.3771459453455,5470.405535607794
patient_102,568.0,22.72,127.4248073198066,1798.445475208223,3576.5295035821805,509.52706796865704,12387.794676516896,5276.863817775677,288.3075993367612,3567.4723514359885,5481.937839581265
patient_102,569.0,22.76,294.00618846976965,4164.534528749076,3588.2897511209712,548.6077982631194,977.01825736156,5298.808129706201,662.8823476071664,9364.36870676013,5508.453133485551
patient_102,570.0,22.8,166.74624417593262,-3181.498607345926,3594.959600888008,747.0682514120699,4961.511328723762,5328.690859762684,1135.428514468993,11813.654171545664,5553.87027406431
patient_102,571.0,22.84,536.7644713978312,9250.455680547466,3616.4301797439216,874.7854522887305,3192.9300219165157,5363.682277854233,811.4196523618863,-8100.221552677666,5586.327060158786
patient_102,572.0,22.88,657.6079627423925,3021.087283614031,3642.7344982536174,1105.6342237485228,5771.2192864948065,5407.907646804174,636.2961245916482,-4378.088194255952,5611.778905142452
patient_102,573.0,22.92,474.47652539870296,-4578.2859335922385,3661.713559269565,395.1322207045431,-17762.55007609949,5423.712935632356,484.4812760707058,-3795.37121302356,5631.158156185279
patient_102,574.0,22.96,289.664825345888,-4620.292501320374,3673.3001522834006,477.97854605657693,2071.158133800846,5442.832077474619,176.30897202518995,-7704.307601137896,5638.210515066287
patient_102,575.0,23.0,149.14997264728274,-3512.8713174651316,3679.266151189292,140.7406726398522,-8430.946835418117,5448.461704380213,71.13679982181556,-2629.30430508436,5641.05598705916
patient_102,576.0,23.04,155.03812706188998,147.20386036518107,3685.4676762717677,238.71456130689296,2449.3472166760193,5458.010286832489,178.17852602545403,2676.043155090962,5648.183128100177
patient_102,577.0,23.08,239.92394951003058,2122.145561203515,3695.064634252169,227.36641157599874,-283.7037432723555,5467.104943295529,331.10978493729374,3823.2814727959926,5661.427519497669
patient_102,578.0,23.12,340.9942383276831,2526.7572204413127,3708.704403785276,229.39658456670972,50.754324767774506,5476.280806678197,430.2591993057599,2478.7353592116547,5678.637887469899
patient_102,579.0,23.16,366.020655920645,625.6604398240484,3723.345230022102,610.1172162614039,9518.015792367354,5500.685495328653,276.7419763889619,-3837.93057291995,5689.707566525458
patient_102,580.0,23.2,160.39530299393772,-5140.633823167683,3729.7610421418594,102.22575896771099,-12697.286432342322,5504.774525687361,196.50275761936112,-2005.9804692400198,5697.567676830233
patient_102,581.0,23.24,93.8977873147217,-1662.4378919804005,3733.516953634449,271.0889032029805,4221.5786058817375,5515.61808181548,123.8361890763257,-1816.6642135758857,5702.521124393285
patient_102,582.0,23.28,130.1617837231665,906.5999102111202,3738.723424983375,466.3195493889293,4880.766154648721,5534.270863791037,384.9871201780611,6528.773277543385,5717.920609200408
patient_102,583.0,23.32,203.47722511682295,1832.886034841411,3746.862513988048,306.7942614319807,-3988.132198923715,5546.542634248317,404.45204581306615,486.6231408751261,5734.09869103293
patient_102,584.0,23.36,348.9337362123985,3636.4127773893892,3760.8198634365435,251.95032493816737,-1371.0984123453336,5556.620647245843,335.0188196130349,-1735.830655000781,5747.499443817452
patient_102,585.0,23.4,375.21253564549903,656.9699858275129,3775.8283648623633,381.96240806218765,3250.302078100507,5571.899143568331,346.3005195618736,282.04249872096767,5761.351464599927
patient_102,586.0,23.44,226.29198150450253,-3723.0138535249125,3784.880044122543,51.01656367173638,-8273.646109761281,5573.9398061152,155.03961235845333,-4781.522680085507,5767.553049094265
patient_102,587.0,23.48,73.92154087507349,-3809.261015735726,3787.836905757546,141.2727631489217,2256.404986929633,5579.590716641156,106.89718167923644,-1203.5607669804222,5771.828936361434
patient_102,588.0,23.52,176.48251489877276,2564.024350592482,3794.8962063534973,276.1157508193457,3371.0746917605993,5590.635346673931,148.61551410383484,1042.95831061496,5777.773556925588
patient_102,589.0,23.56,311.5934899695329,3377.774376769004,3807.3599459522784,160.1484995966322,-2899.1812805678373,5597.041286657796,242.85969370821522,2356.1044901095092,5787.487944673917
patient_102,590.0,23.6,418.22261970881686,2665.7282434820986,3824.0888507406307,249.38137266763732,2230.821826775128,5607.0165415645015,389.8018208300612,3673.55317804615,5803.080017507119
patient_102,591.0,23.64,523.5521587382664,2633.238475736238,3845.0309370901614,992.5025083042037,18578.028390914158,5646.71664189667,625.3116660113321,5887.746129531773,5828.0924841475735
patient_102,594.0,23.76,,,3845.0309370901614,,,5646.71664189667,,,5828.0924841475735
patient_102,595.0,23.8,206.1011806982804,,3853.274984318093,256.8037734843038,,5656.988792836042,393.2889491346317,,5843.8240421129585
patient_102,596.0,23.84,78.96470469300277,-3178.4119001319405,3856.433572505813,242.63820711877256,-354.13915913828123,5666.694321120794,156.79097917911076,-5912.449248888023,5850.095681280123
patient_102,597.0,23.88,137.67539231341425,1467.767190510287,3861.9405881983494,333.42489006155586,2269.6670735695825,5680.031316723255,209.80312952182192,1325.303758567779,5858.487806460996
patient_102,598.0,23.92,225.7700584922898,2202.3666544718885,3870.971390538041,622.8685789382433,7236.092221917187,5704.9460598807855,391.5782742523659,4544.378618263599,5874.15093743109
patient_102,599.0,23.96,13.749407931136759,-5300.516264028826,3871.521366855287,62.274648203697105,-14014.848268363656,5707.437045808932,48.5610143856993,-8575.431496666664,5876.093378006518
patient_102,600.0,24.0,631.4445542427976,15442.378657791522,3896.779149024999,693.3760741876717,15777.535649599366,5735.1720887764395,1193.7139003915258,28628.822150145665,5923.841934022179
patient_102,601.0,24.04,502.27929119392485,-3229.131576221819,3916.8703206727555,735.9510941119973,1064.3754981081402,5764.61013254092,431.40169225019815,-19057.805203533193,5941.098001712187
patient_102,602.0,24.08,418.23522788531807,-2101.1015827151696,3933.599729788168,222.97991710597262,-12824.279425150618,5773.529329225159,286.40733537156507,-3624.858921965827,5952.55429512705
patient_102,603.0,24.12,199.43346890990776,-5470.043974385258,3941.5770685445646,54.92442519256698,-4201.387297835141,5775.726306232861,157.0793267602483,-3233.200215282919,5958.83746819746
patient_102,604.0,24.16,153.98561712966284,-1136.196294506123,3947.736493229751,228.64881208841325,4343.109672396156,5784.8722587163975,328.4241321769941,4283.620135418644,5971.97443348454
patient_102,605.0,24.2,344.2044578874274,4755.471018944114,3961.504671545248,467.68152429870344,5975.817805257255,5803.579519688346,220.54044920141854,-2697.0920743893885,5980.796051452597
patient_102,606.0,24.24,433.3700736723029,2229.140394621888,3978.83947449214,501.0849284101321,835.0851027857161,5823.622916824751,484.699742846397,6603.9823411244615,6000.1840411664525
patient_102,607.0,24.28,459.19292312693193,645.5712363657256,3997.2071914172175,535.7125306972147,865.6900571770649,5845.05141805264,524.448428399548,993.7171388287752,6021.161978302433
patient_102,608.0,24.32,406.9860988822314,-1305.170606117514,4013.4866353725065,264.94018817125743,-6769.308563148931,5855.64902557949,516.9424210234699,-187.6501844019515,6041.839675143373
patient_102,609.0,24.36,328.4130362395557,-1964.3265660668917,4026.6231568220887,466.35613755883793,5035.398734689513,5874.303271081843,495.025040787641,-547.9345058957235,6061.640676774879
patient_102,610.0,24.4,16.715510806957905,-7792.438135814945,4027.291777254367,126.81771812122624,-8488.460485940293,5879.375979806692,39.69703907596123,-11383.200042791994,6063.228558337916
patient_102,611.0,24.44,196.82530497508432,4502.744854203161,4035.16478945337,440.57294324931144,7843.8806282021305,5896.998897536665,304.4479686755683,6618.773239990176,6075.40647708494
patient_102,612.0,24.48,168.65007923745114,-704.3806434408295,4041.9107926228685,392.4479649863036,-1203.1244565751963,5912.6968161361165,540.088339340931,5891.009266634069,6097.010010658577
patient_102,613.0,24.52,57.16448204883288,-2787.139929715456,4044.1973719048215,178.89573547205137,-5338.805737856305,5919.852645554999,196.6404937835556,-8586.196138934387,6104.875630409919
patient_102,614.0,24.56,216.84816448243595,3992.0920608400766,4052.871298484119,122.30224997036403,-1414.8371375421834,5924.744735553813,309.4775766052243,2820.9270705417166,6117.2547334741275
patient_102,615.0,24.6,301.2387423061658,2109.764445593247,4064.9208481763653,940.8729992908916,20464.26873301319,5962.3796555254485,447.5699518017177,3452.3093799123358,6135.157531546196
patient_102,616.0,24.64,349.40207948271586,1204.0834294137512,4078.896931355674,609.5224976811024,-8283.762540244728,5986.760555432693,779.4174526830325,8296.18752203287,6166.3342296535175
patient_102,617.0,24.68,535.8064878215042,4660.110208469709,4100.329190868534,734.2033430569277,3117.021134395631,6016.12868915497,856.0799237908968,1916.5617776966087,6200.577426605154
patient_102,618.0,24.72,507.39340384659323,-710.3270993727747,4120.624927022398,563.6885409607916,-4262.870052403403,6038.6762307934005,495.6250231980509,-9011.372514821149,6220.402427533076
patient_102,619.0,24.76,474.3232596996964,-826.7536036724209,4139.5978574103865,417.76480406553316,-3648.09342238146,6055.386822956023,279.45079963400923,-5404.355589101041,6231.580459518436
patient_102,620.0,24.8,46.06072135866776,-10706.563458525716,4141.440286264733,186.79066208364475,-5774.353549547211,6062.858449439369,45.97332648166525,-5836.9368288086,6233.419392577704
patient_102,621.0,24.84,249.7443836996329,5092.091558524128,4151.430061612718,168.53416533714912,-456.4124186623907,6069.599816052855,92.77536954137915,1170.0510764928476,6237.130407359358
patient_102,622.0,24.88,74.99228061199518,-4368.802577190942,4154.429752837198,382.6318079233462,5352.441064654927,6084.905088369789,197.47473111696755,2617.48403938971,6245.029396604036
patient_102,623.0,24.92,262.3379277050471,4683.641177326298,4164.9232699454,364.73087093325034,-447.5234247523957,6099.494323207119,256.76808128662907,1482.3337542415381,6255.300119855502
patient_102,624.0,24.96,620.7212705626605,8959.583571440335,4189.7521207679065,774.0252455847686,10232.359366287958,6130.45533303051,991.1532594562082,18359.62945423948,6294.94625023375
patient_102,625.0,25.0,586.0355187623463,-867.1437950078541,4213.193541518401,713.6360914104833,-1509.7288543571324,6159.000776686929,448.70213008568265,-13561.278234263136,6312.894335437177
patient_102,626.0,25.04,487.5065733952901,-2463.2236341764055,4232.693804454212,482.31233577684964,-5783.0938908408425,6178.293270118003,532.7878732408371,2102.143578878862,6334.20585036681
patient_102,627.0,25.08,324.32641906710796,-4079.5038582045536,4245.666861216896,458.3998170300638,-597.8129686696462,6196.629262799206,511.90998752189427,-521.947142973572,6354.682249867686
patient_102,628.0,25.12,203.91634564750723,-3010.2518354900185,4253.823515042796,230.75224668542188,-5691.1892586160475,6205.859352666623,392.60171107679884,-2982.706911127386,6370.386318310758
patient_102,629.0,25.16,72.34977838238984,-3289.164181627935,4256.717506178092,59.35984460483923,-4284.810052014566,6208.2337464508155,239.53502845637036,-3826.667065510712,6379.967719449012
patient_102,630.0,25.2,80.19892644628534,196.22870159738744,4259.925463235943,183.07650453634227,3092.9164982875764,6215.55680663227,190.70595237553195,-1220.72690202096,6387.595957544034
patient_102,631.0,25.24,28.634163307870498,-1289.1190784603712,4261.070829768259,88.63523584068032,-2361.0317173915487,6219.102216065898,11.340113309282604,-4484.145976656234,6388.049562076405
patient_102,632.0,25.28,257.44027502075244,5720.1527928220485,4271.368440769088,276.347378610382,4692.803569242543,6230.156111210312,274.0588585241692,6567.968630372164,6399.011916417371
patient_102,633.0,25.32,309.1319522888648,1292.291931702809,4283.733718860643,515.2625669273342,5972.879707923805,6250.766613887406,687.0686531118474,10325.244864691957,6426.494662541845
patient_102,634.0,25.36,490.3346178998791,4530.066640275358,4303.347103576638,877.6569598978156,9059.859824262034,6285.872892283318,667.8741551515366,-479.8624490077714,6453.209628747906
patient_102,635.0,25.4,505.5182603004039,379.5910600131194,4323.5678339886545,1408.8351532801394,13279.454834558095,6342.226298414524,1003.2214777373778,8383.68306464603,6493.3384878574025
patient_102,636.0,25.44,879.7181177385332,9354.996435953233,4358.7565586981955,588.8171546311638,-20500.449966224387,6365.77898459977,886.497100393268,-2918.1094336027427,6528.798371873132
patient_102,637.0,25.48,567.1553585005375,-7814.068980949893,4381.442773038217,435.3768676380216,-3836.007174828555,6383.194059305291,542.1933335234525,-8607.59417174539,6550.486105214071
patient_102,638.0,25.52,228.96015807107236,-8454.88001073663,4390.60117936106,73.30213074128382,-9051.868422418445,6386.126144534942,213.9314667179518,-8206.546670137515,6559.043363882789
patient_102,639.0,25.56,140.23046326820338,-2218.2423700717245,4396.2103978917885,77.40163738796792,102.48766616710263,6389.222210030461,123.89516081482617,-2250.9076475781408,6563.999170315382
patient_102,640.0,25.6,357.3296336272025,5427.479258974978,4410.503583236877,556.0973690456733,11967.393291442635,6411.466104792286,512.1300083434543,9705.871188215702,6584.48437064912
patient_102,641.0,25.64,13.868870499118081,-8586.51907820211,4411.058338056841,150.9986110388833,-10127.46895016975,6417.506049233842,143.54577136706166,-9214.605924409816,6590.226201503803
patient_102,642.0,25.68,440.43403569244975,10664.12912983329,4428.675699484539,302.06849182941613,3776.747019763321,6429.588788907018,432.8965805387921,7233.770229293261,6607.542064725355
patient_102,643.0,25.72,525.3587318504641,2123.1174039503585,4449.690048758557,689.2438293955021,9679.383439152149,6457.158542082838,676.9245873603271,6100.7001705383755,6634.619048219768
patient_102,644.0,25.76,503.69977279694825,-541.4739763378961,4469.838039670435,814.7714297075588,3138.1900078014182,6489.749399271141,562.2759441818534,-2866.2160794618417,6657.110085987042
patient_102,645.0,25.8,476.930576418196,-669.2299094688067,4488.915262727163,537.1291587736254,-6941.056773348336,6511.234565622086,511.7769521333361,-1262.474801212933,6677.581164072376
patient_102,646.0,25.84,234.35803600261303,-6064.313510389574,4498.289584167267,461.1751697139156,-1898.8497264927446,6529.681572410643,529.5094307756436,443.3119660576878,6698.761541303402
patient_102,647.0,25.88,237.29715851539163,73.4780628194649,4507.781470507883,256.094006993558,-5127.029068008939,6539.9253326903845,394.0726851950583,-3385.918639514634,6714.524448711204
patient_102,648.0,25.92,192.05499147018588,-1131.0541761301438,4515.4636701666905,228.8626946923936,-680.7828075291105,6549.07984047808,181.41569430113685,-5316.424772348036,6721.781076483249
patient_102,649.0,25.96,310.44945376919816,2959.8615574753067,4527.881648317458,653.2360136253569,10609.332973324084,6575.209281023094,726.0421416482106,13615.661183676842,6750.822762149178
patient_102,654.0,26.16,,,4527.881648317458,,,6575.209281023094,,,6750.822762149178
patient_102,655.0,26.2,332.72795472790636,,4541.190766506574,391.55894421404196,,6590.871638791657,201.8248334193632,,6758.895755485953
patient_102,656.0,26.24,290.4774043038663,-1056.2637606010014,4552.809862678729,512.6360878926691,3026.9285919656795,6611.377082307363,461.4987083525103,6491.846873328677,6777.355703820053
patient_102,657.0,26.28,120.81734975735172,-4241.501363662865,4557.642556669023,455.8284771238071,-1420.1902692215513,6629.610221392316,439.4411182530199,-551.4397524872593,6794.933348550174
patient_102,658.0,26.32,119.72901083965621,-27.20847294238773,4562.431717102609,113.33642065232387,-8562.30141178708,6634.143678218408,300.7395478295536,-3467.5392605866577,6806.962930463355
patient_102,659.0,26.36,39.862885446598156,-1996.6531348264514,4564.026232520473,116.63914095566972,82.56800758364626,6638.809243856635,56.41332717988737,-6108.155516241655,6809.219463550551
patient_102,660.0,26.4,69.77273745410162,747.7463001875865,4566.817142018637,29.469233218103195,-2179.247693439163,6639.98801318536,12.544115739989042,-1096.730285997458,6809.72122818015
patient_102,661.0,26.44,10.419519164308305,-1483.8304572448328,4567.233922785209,66.62896765702824,928.9933609731261,6642.65317189164,31.69500964377127,478.77234759455575,6810.989028565901
patient_102,662.0,26.48,15.754354879125541,133.3708928704309,4567.864096980375,6.045851884580992,-1514.5778943111814,6642.895005967023,23.93952620435053,-193.88708598551858,6811.946609614075
patient_102,663.0,26.52,21.432131241415853,141.9444090572578,4568.721382230031,108.32254738681033,2556.917387555733,6647.227907862496,27.871292506012576,98.2941575415512,6813.061461314315
patient_102,664.0,26.56,27.68534592332337,156.33036704768796,4569.828796066964,21.99238955647115,-2158.2539457584794,6648.107603444754,15.610623757613649,-306.5167187099732,6813.68588626462
patient_102,665.0,26.6,21.649584276731765,-150.89404116479014,4570.694779438033,29.066720758808753,176.85828005844007,6649.2702722751055,41.75759188604476,653.6742032107777,6815.356189940062
patient_102,666.0,26.64,23.871102354144014,55.53795193530622,4571.649623532198,18.857674682319924,-255.2261519122207,6650.024579262398,24.183032893129752,-439.36397482287515,6816.323511255788
patient_102,667.0,26.68,47.83693857821374,599.1459056017432,4573.563101075327,54.741587339010685,897.097816417269,6652.214242755958,33.37560107874385,229.81420464035241,6817.658535298937
patient_102,668.0,26.72,37.54442995335928,-257.3127156213616,4575.0648782734615,93.17535584183553,960.844212570621,6655.941256989632,37.393269026754965,100.4416987002779,6819.154266060007
patient_102,669.0,26.76,70.11309125975833,814.2165326599765,4577.869401923852,70.0112375448411,-579.1029574248607,6658.741706491426,29.2575990688824,-203.39174894681412,6820.3245700227635
patient_102,670.0,26.8,12.631987519201953,-1437.0275935139096,4578.37468142462,79.46838680508073,236.4287315059908,6661.92044196363,24.31683171572621,-123.51918382890474,6821.297243291392
patient_102,671.0,26.84,16.939018280540882,107.67576903347322,4579.052242155841,54.96473689844937,-612.591247665784,6664.119031439568,17.93194458037882,-159.62217838368477,6822.014521074607
patient_102,672.0,26.88,60.84028735329755,1097.5317268189165,4581.485853649972,60.77815533112303,145.33546081684162,6666.550157652813,15.373103851198099,-63.97101822951798,6822.629445228655
patient_102,673.0,26.92,35.30141613213025,-638.4717805291824,4582.897910295258,61.18569069325327,10.188384053255994,6668.997585280544,29.05633160960271,342.0806939601153,6823.791698493039
patient_102,674.0,26.96,5.5082039752424325,-744.8303039221955,4583.118238454268,62.19833021765764,25.315988110109267,6671.485518489249,11.165409289618761,-447.27305799959873,6824.238314864624
patient_102,675.0,27.0,14.217843772265633,217.74099492558003,4583.686952205158,15.293700368797012,-1172.6157462215158,6672.097266504001,12.86892874186762,42.58798630622147,6824.753072014299
patient_102,676.0,27.04,17.683758241831452,86.64786173914547,4584.394302534832,21.28125432618413,149.68884893467794,6672.948516677049,24.827286827119973,298.9589521313088,6825.7461634873835
patient_102,677.0,27.08,6.193437577285182,-287.25801661365676,4584.642040037923,52.024018690152346,768.5691090992054,6675.029477424655,19.807256194886826,-125.50076580582869,6826.538453735178
patient_102,678.0,27.12,5.256190935555627,-23.43116604323887,4584.852287675345,15.56406237934222,-911.4989077702533,6675.652039919829,28.227132350972166,210.4969039021335,6827.667539029217
patient_102,679.0,27.16,19.953697779070183,367.4376710878639,4585.650435586508,38.26174354709936,567.4420291939284,6677.182509661713,32.750096933057094,113.07411455212319,6828.9775429065385
patient_102,680.0,27.2,26.556918538617875,165.08051898869232,4586.7127123280525,52.86074415496256,364.9750151965801,6679.296939427911,23.41579652307314,-233.35751024959882,6829.914174767461
patient_102,681.0,27.24,10.779557393731682,-394.4340286221548,4587.143894623802,48.83254255633617,-100.70503996565972,6681.250241130165,13.341204413655845,-251.8648027354324,6830.447822944007
patient_102,682.0,27.28,24.851211487404093,351.7913523418103,4588.1379430832985,56.75151834622492,197.9743947472187,6683.520301864013,21.883159329367796,213.54887289279878,6831.323149317182
patient_102,683.0,27.32,5.003820097024587,-496.1847847594877,4588.338095887179,137.33211542089705,2014.5149268668035,6689.013586480849,20.334310792621515,-38.721213418657015,6832.1365217488865
patient_102,684.0,27.36,46.58925156514087,1039.6357867029071,4590.201665949785,163.6144362966293,657.058021893306,6695.558163932715,31.53441648108285,280.0026422115334,6833.3978984081305
patient_102,685.0,27.4,24.27811409756591,-557.778436689374,4591.172790513688,116.9099232958709,-1167.61282501896,6700.234560864549,20.25936877010062,-281.8761927745557,6834.2082731589335
patient_102,686.0,27.44,29.34849214759472,126.75945125072019,4592.346730199592,75.5219085131705,-1034.7003695675098,6703.255437205076,21.75999565953992,37.51567223598249,6835.078672985316
patient_102,687.0,27.48,7.855298788850369,-537.3298339686087,4592.660942151146,33.47424801158087,-1051.1915125397409,6704.594407125539,10.052747142304883,-292.681212930876,6835.480782871007
patient_102,688.0,27.52,21.118913731735518,331.5903735721287,4593.505698700415,18.146717698717197,-383.18825782159183,6705.320275833488,9.036950696787288,-25.394911137939857,6835.842260898879
patient_102,689.0,27.56,10.591765508352369,-263.1787055845787,4593.929369320749,28.041245493974685,247.3631948814372,6706.441925653247,10.092406887367622,26.38640476450833,6836.245957174373
patient_102,690.0,27.6,5.2969735225022525,-132.36979964625291,4594.141248261649,38.235546507156705,254.8575253295505,6707.971347513533,11.024647603906159,23.306017913463428,6836.68694307853
patient_102,691.0,27.64,9.052322999624185,93.88373692804831,4594.503341181634,9.527345485504283,-717.7050255413105,6708.352441332952,3.6108425827436035,-185.3451255290639,6836.83137678184
patient_102,692.0,27.68,7.995027989159661,-26.432375261613082,4594.8231423012,28.552770993894377,475.6356377097523,6709.494552172709,13.014246295167995,235.0850928106098,6837.351946633647
patient_102,693.0,27.72,12.097343860686866,102.55789678818013,4595.307036055628,19.912466567192705,-216.0076106675418,6710.291050835396,6.96626162972209,-151.19961663614762,6837.630597098835
patient_102,694.0,27.76,12.504927322870852,10.18958655459965,4595.807233148543,13.787815724809267,-153.11627105958596,6710.842563464389,3.496435081821378,-86.7456636975178,6837.770454502108
patient_102,695.0,27.8,4.64664917395989,-196.45695372277405,4595.993099115501,35.40205801545857,540.3560572662326,6712.2586457850075,13.091447328449108,239.87530616569325,6838.294112395246
patient_102,696.0,27.84,29.09757221538408,611.2730760356047,4597.157002004116,118.74070040590482,2083.466059761156,6717.008273801243,30.29150467998369,430.0014337883646,6839.505772582445
patient_102,697.0,27.88,5.925690360412456,-579.2970463742906,4597.394029618533,55.44107334856326,-1582.490676433539,6719.225916735187,2.1844930271365577,-702.6752913211783,6839.593152303531
patient_102,698.0,27.92,2.491545910654726,-85.85361124394323,4597.493691454959,29.72525706912827,-642.8954069858747,6720.414927017951,13.453858923028397,281.734147397296,6840.131306660452
patient_102,699.0,27.96,4.532641753908674,51.0273960813487,4597.674997125115,55.87817144584738,653.8228594179777,6722.650053875786,9.512243872010002,-98.54037627545989,6840.511796415331
patient_102,700.0,28.0,11.822386147382655,182.24360983684954,4598.14789257101,34.309417537090454,-539.2188477189231,6724.02243057727,15.422480009971537,147.75590344903839,6841.12869561573
patient_102,701.0,28.04,12.03785755184318,5.386785111513115,4598.629406873084,20.444974487262332,-346.61107624570303,6724.840229556761,10.434988380748504,-124.68729073057582,6841.54609515096
patient_102,702.0,28.08,9.742354994335086,-57.387563937702346,4599.019101072857,14.693109125771432,-143.7966340372725,6725.427953921791,15.479358605464792,126.10925561790722,6842.165269495179
patient_102,703.0,28.12,10.653315973312864,22.774024474444452,4599.445233711789,58.06516721090139,1084.3014521282491,6727.750560610228,10.380385490658908,-127.47432787014712,6842.580484914805
patient_102,704.0,28.16,6.506871047814168,-103.6611231374674,4599.705508553702,53.000953244915436,-126.60534914964892,6729.870598740024,8.02093613130302,-58.98623398389717,6842.901322360058
patient_102,705.0,28.2,10.640403600577882,103.33831381909285,4600.131124697725,58.0810559423335,127.00256743545157,6732.1938409777185,13.500906628871151,136.99926243920325,6843.441358625212
patient_102,706.0,28.24,3.61901937858376,-175.53460554985304,4600.275885472869,60.93477560284616,71.3429915128165,6734.631232001832,22.03984024282544,213.47334034885725,6844.322952234926
patient_102,707.0,28.28,12.19699186126978,214.4493120671505,4600.76376514732,28.001324114512443,-823.3362872083429,6735.751284966413,8.581787304051284,-336.45132346935395,6844.6662237270875
patient_102,708.0,28.32,44.77415441503647,814.4290638441672,4602.554731323921,345.9465002546732,7948.629403504019,6749.5891449766,46.85960574588182,956.9454610457635,6846.540607956923
patient_102,709.0,28.36,13.502116332116751,-781.800952072993,4603.094815977206,69.80893626986348,-6903.439099620244,6752.3815024273945,13.245056580096113,-840.3637291446428,6847.070410220126
patient_102,710.0,28.4,14.618169918489532,27.90133965931951,4603.679542773945,34.694213544322736,-877.8680681385187,6753.769270969167,17.1720615608958,98.17512451999212,6847.757292682562
patient_102,711.0,28.44,3.0352556333249767,-289.5728571291139,4603.800952999279,90.34787308875686,1391.341488610853,6757.383185892718,29.246108044988514,301.85116210231786,6848.927137004362
patient_102,712.0,28.48,2.1026226320965318,-23.315825030711125,4603.885057904563,59.281172273808,-776.6675203737215,6759.7544327836695,19.43196457232691,-245.35358681654014,6849.7044155872545
patient_102,713.0,28.52,5.255106560797804,78.81209821753181,4604.095262166995,68.44672435093857,229.13880192826426,6762.492301757707,9.343863456794251,-252.20252788831644,6850.078170125526
patient_102,714.0,28.56,11.700224203170901,161.1279410593274,4604.563271135122,26.22383202588292,-1055.5723081263911,6763.541255038743,22.6174645317344,331.8400268735037,6850.982868706796
patient_102,715.0,28.6,7.500262305924806,-104.99904743115238,4604.863281627358,59.98446612118188,844.015852382474,6765.94063368359,19.02004897484048,-89.93538892234794,6851.743670665789
patient_102,716.0,28.64,20.990573816654823,337.2577877682504,4605.702904580025,77.3373475375458,433.82203540909785,6769.0341275850915,25.29215895302642,156.80274945464845,6852.755357023911
patient_102,717.0,28.68,18.63081339230927,-58.9940106086388,4606.448137115717,70.38414921765434,-173.82995799728639,6771.849493553798,16.36628557934102,-223.14683434213495,6853.410008447084
patient_102,718.0,28.72,10.696458143381442,-198.35888122319574,4606.875995441453,42.37117145874159,-700.3244439728187,6773.544340412148,23.305806310291274,173.48801827375632,6854.342240699496
patient_102,719.0,28.76,11.030723770355813,8.356640674359284,4607.317224392267,29.816765800806817,-313.8601414483694,6774.737011044181,15.54214986247895,-194.09141119530807,6854.963926693995
patient_102,720.0,28.8,10.174228382638757,-21.412384692926388,4607.724193527572,121.14648077283785,2283.242874300776,6779.582870275094,18.89076905341904,83.7154797735022,6855.719557456132
patient_102,721.0,28.84,30.036414574807207,496.5546548042113,4608.925650110565,91.27810286382397,-746.7094477253468,6783.233994389647,22.846080821130283,98.88279419278109,6856.633400688977
patient_102,722.0,28.88,26.300189508767787,-93.40562665098551,4609.977657690915,49.0240297365731,-1056.351828181272,6785.19495557911,19.96066655200817,-72.1353567280528,6857.431827351057
patient_102,723.0,28.92,26.13514431230139,-4.126129911659948,4611.023063463407,57.63651158850948,215.31204629840948,6787.50041604265,18.167348743507297,-44.832945212521835,6858.1585213007975
patient_102,724.0,28.96,18.63525297217656,-187.49728350312074,4611.768473582294,46.90316946805152,-268.3335530114489,6789.376542821372,7.557712821044398,-265.24089806157247,6858.46082981364
patient_102,725.0,29.0,22.482302535078535,96.1762390725494,4612.667765683697,64.06673489546498,429.0891356853363,6791.93921221719,15.495076414906153,198.43408984654388,6859.080632870236
patient_102,726.0,29.04,10.102588752053151,-309.4928445756346,4613.07186923378,40.76186334695757,-582.6217887126852,6793.569686751069,1.7024124232676365,-344.8165997909629,6859.148729367166
patient_102,727.0,29.08,15.855114152554352,143.81313501253,4613.706073799881,35.922150558713334,-120.99281970610588,6795.006572773417,6.7710511013368055,126.71596695172921,6859.419571411219
patient_102,728.0,29.12,7.703605284332834,-203.78772170553793,4614.014218011254,99.45588411921968,1588.3433390126586,6798.984808138186,10.487234836813768,92.90459338692405,6859.839060804693
