patient,frame,time_s,wrist_speed_mm_s,wrist_accel_mm_s2,wrist_path_mm,thumb_tip_speed_mm_s,thumb_tip_accel_mm_s2,thumb_tip_path_mm,index_finger_tip_speed_mm_s,index_finger_tip_accel_mm_s2,index_finger_tip_path_mm
patient_128,55.0,2.2,,,0.0,,,0.0,,,0.0
patient_128,56.0,2.24,526.8398205963072,,21.073592823852287,513.0505675150193,,20.522022700600772,2475.8472509464186,,99.03389003785675
patient_128,57.0,2.28,113.98470968706526,-10321.377772731048,25.632981211334894,366.5038696299904,-3663.667447125724,35.18217748580039,334.0955375720206,-53543.792834359956,112.39771154073756
patient_128,58.0,2.32,41.9696806577902,-1800.3757257318766,27.311768437646503,112.15734886138607,-6358.663019215108,39.66847144025583,67.25379424564495,-6671.043583159391,115.08786331056336
patient_128,59.0,2.36,126.88403037050911,2122.858742817973,32.38712965246687,14.849072931983812,-2432.7068982350565,40.262434357535184,93.70106786007157,661.1818403606655,118.83590602496622
patient_128,60.0,2.4,49.20142888828027,-1942.0650370557212,34.355186807998074,89.35185045395897,1862.569438049379,43.83650837569355,35.5290103784153,-1454.3014370414069,120.25706644010285
patient_128,61.0,2.44,16.3076869728104,-822.3435478867467,35.00749428691049,154.86852361722214,1637.9168290815792,50.03124932038243,84.440186817378,1222.7794109740676,123.63467391279796
patient_128,62.0,2.48,102.29740202629331,2149.7428763370726,39.09939036796222,84.38358450641026,-1762.123477770297,53.40659270063884,83.18440184810251,-31.39462423188739,126.96204998672206
patient_128,63.0,2.52,125.84553756334307,588.703388426244,44.13321187049594,193.87551318256365,2737.2982169038346,61.16161322794139,126.21508936634218,1075.7671879559919,132.01065356137576
patient_128,64.0,2.56,163.482620956913,940.9270848392481,50.67251670877246,170.27202554592216,-590.0871909160372,67.97249424977828,172.49374308912948,1156.9663430696824,138.91040328494094
patient_128,65.0,2.6,116.05148539290386,-1185.7783891002284,55.314576124488624,201.5180405778449,781.1503757980688,76.03321587289207,234.77219884923852,1556.961394002726,148.30129123891047
patient_128,66.0,2.64,48.306779937725594,-1693.6176363794566,57.24684732199765,172.90097479426026,-715.4266445896162,82.94925486466246,185.4265401659628,-1233.6414670818933,155.718352845549
patient_128,67.0,2.68,88.70266150113974,1009.8970390853538,60.79495378204324,151.03500393901604,-546.6492713811057,88.99065502222311,179.66662480224812,-143.9978840928667,162.9050178376389
patient_128,68.0,2.72,76.76617136590376,-298.41225338089964,63.86560063667939,50.600797119551274,-2510.855170486619,91.01468690700516,74.25793177271773,-2635.21732573826,165.87533510854763
patient_128,69.0,2.76,412.4696909955174,8392.587990740341,80.36438827650008,121.82605403319417,1780.6314228410724,95.88772906833292,40.85222285892723,-835.1427228447625,167.5094240229047
patient_128,70.0,2.8,17.366711580041944,-9877.574485386885,81.05905673970176,202.79039489114848,2024.1085214488578,103.99934486397886,325.4018073423888,7113.739612086539,180.52549631660025
patient_128,71.0,2.84,47.79927166310132,760.8140020764845,82.97102760622582,108.90762706973928,-2347.06919553523,108.35564994676842,56.614770420593125,-6719.6759230448915,182.79008713342398
patient_128,72.0,2.88,45.96949109689906,-45.74451415505649,84.80980725010178,29.295352172327856,-1990.3068724352856,109.52746403366154,43.78343342049789,-320.7834250023808,184.5414244702439
patient_128,73.0,2.92,87.73920866445484,1044.2429391888943,88.31937559667999,80.76558612856172,1286.7558489058467,112.75808747880401,51.397346749015476,190.34783321293958,186.59731834020454
patient_128,74.0,2.96,71.28980731333354,-411.2350337780324,91.17096788921332,90.99369418458849,255.70270140066924,116.39783524618755,33.1027200367594,-457.3656678064019,187.92142714167494
patient_128,75.0,3.0,28.631843556589263,-1066.449093918607,92.31624163147688,66.43823541037773,-613.8864693552691,119.05536466260266,71.10044691829494,949.9431720383884,190.76544501840675
patient_128,76.0,3.04,95.84343958299753,1680.2899006602067,96.14997921479679,36.513262370199236,-748.1243260044623,120.51589515741063,21.869598031473252,-1230.7712221705422,191.6402289396657
patient_128,77.0,3.08,119.87136802920752,600.6982111552496,100.9448339359651,45.8066908606477,232.33571226121157,122.34816279183654,49.68421946874109,695.365535931696,193.62759771841536
patient_128,78.0,3.12,251.84644753368428,3299.3769876119186,111.01869183731246,72.0459172773241,655.9806604169099,125.2299994829295,142.26651929768414,2314.5574957235763,199.3182584903227
patient_128,79.0,3.16,185.60631545450184,-1656.003301979561,118.44294445549252,415.71987033139953,8591.848826351887,141.85879429618547,19.97112925112523,-3057.384751163973,200.11710366036772
patient_128,80.0,3.2,57.65323994467634,-3198.8268877456376,120.74907405327959,180.10293045570515,-5890.423496892359,149.06291151441368,108.20417315122808,2205.826097502571,204.44527058641685
patient_128,81.0,3.24,341.1825876844032,7088.233693493172,134.3963775606557,254.6759517590119,1864.3255325826685,159.24994958477416,291.37328924156117,4579.227902258327,216.1002021560793
patient_128,82.0,3.28,239.1719207580466,-2550.2666731589143,143.96325439097757,97.74924234549286,-3923.167735337976,163.15991927859386,239.1111268478747,-1306.5540598421621,225.66464722999427
patient_128,83.0,3.32,349.66112009745484,2762.2299834852056,157.94969919487576,83.45663852788685,-357.3150954401502,166.49818481970934,219.2780408122269,-495.8271508911949,234.43576886248334
patient_128,84.0,3.36,677.3543544583922,8192.330859023434,185.04387337321145,130.88883371482083,1185.8048796733494,171.73373816830218,123.75147190916508,-2388.1642225765454,239.38582773884994
patient_128,85.0,3.4,436.74198444918034,-6015.309250230297,202.51355275117868,150.94009079671764,501.28142704742015,177.7713418001709,124.60170560388333,21.25584236795639,244.3698959630053
patient_128,86.0,3.44,230.37215529137765,-5159.245728945067,211.7284389628338,170.91421715877127,499.35315905134064,184.60791048652172,209.3687569662509,2119.1762840591896,252.74464624165532
patient_128,87.0,3.48,294.2852050443905,1597.8262438253219,223.4998471646094,471.69758196563623,7519.584120171623,203.47581376514717,190.35292266934894,-475.3958574225493,260.35876314842926
patient_128,88.0,3.52,274.9851314050602,-482.50184098325803,234.4992524208118,274.12068534806616,-4939.422415439251,214.44064117906981,213.6642188633383,582.7824048497341,268.9053319029628
patient_128,89.0,3.56,300.2591525498237,631.8505286190871,246.50961852280477,214.334887105428,-1494.6449560659537,223.01403666328693,193.0515119694086,-515.3176723482425,276.6273923817391
patient_128,90.0,3.6,341.06103541165146,1020.0470715456945,260.1520599392708,419.7319656303895,5134.926963124037,239.80331528850252,204.140764572928,277.2313150879846,284.79302296465625
patient_128,91.0,3.64,357.9864216154035,423.13465509380137,274.47151680388697,247.37785279386125,-4308.8528209132055,249.69842940025697,219.43084330729104,382.2519683590763,293.5702566969479
patient_128,92.0,3.68,508.6460737621223,3766.491303667969,294.81735975437186,342.60337258502466,2380.637994779085,263.402564303658,41.08973637334431,-4458.527673348668,295.2138461518817
patient_128,93.0,3.72,613.8344015700567,2629.70819519836,319.37073581717414,385.4931656514939,1072.2448266617307,278.8222909297177,312.8625626417596,6794.3206567103825,307.7283486575521
patient_128,94.0,3.76,402.4340266043509,-5285.009374142644,335.4680968813482,225.95842246348585,-3988.368579700201,287.8606278282571,361.90042189946035,1225.9464814425187,322.2043655335305
patient_128,95.0,3.8,223.92654042737004,-4462.687154424521,344.42515849844295,326.3434011108619,2509.6244661844016,300.91436387269164,370.1253070891822,205.62212974304543,337.0093778170978
patient_128,96.0,3.84,488.6878597776987,6619.032983758217,363.97267288955095,282.7576804137353,-1089.643017428166,312.22467108924104,202.73495482589826,-4184.758806582098,345.11877601013373
patient_128,97.0,3.88,741.0829496387566,6309.877246526449,393.6159908751012,317.1210993135207,859.0854724946354,324.90951506178186,203.00727141715024,6.807914781299473,353.23906686681977
patient_128,98.0,3.92,621.057173848617,-3000.6443947534904,418.4582778290459,330.03464227556105,322.8385740510092,338.1109007528043,248.75384848812692,1143.664426774417,363.1892208063448
patient_128,99.0,3.96,554.5889116358672,-1661.7065553187444,440.6418342944806,280.3900281998708,-1241.115351892256,349.3265018807991,130.87351153320094,-2947.0084238731497,368.42416126767284
patient_128,100.0,4.0,711.9905328600207,3935.040530603837,469.1214556088814,342.26617178958116,1546.9035897427589,363.01714875238235,169.56043979585678,967.173206566396,375.2065788595071
patient_128,101.0,4.04,763.9748520867646,1299.607980668597,499.680449692352,363.37478976462353,527.715449376059,377.55214034296733,234.71090291336108,1628.7615779376076,384.5950149760415
patient_128,102.0,4.08,765.6628725067318,42.2005104991797,530.3069645926212,158.60908106944254,-5119.142717379525,383.896503585745,185.22723373007452,-1237.0917295821641,392.0041043252445
patient_128,103.0,4.12,477.438166785814,-7205.617643022944,549.4044912640538,176.38356530155826,444.3621058028931,390.9518461978073,314.8902403467692,3241.575165417367,404.59971393911525
patient_128,104.0,4.16,123.97319869156482,-8836.62420235623,554.3634192117164,20.94905564785339,-3885.862741342622,391.78980842372147,111.5749747076429,-5082.8816409781575,409.06271292742093
patient_128,105.0,4.2,303.7192748422792,4493.65190376786,566.5121902054075,229.32618083022368,5209.428129559257,400.9628556569304,349.177271956729,5940.057431227152,423.0298038056901
patient_128,106.0,4.24,628.1543838392082,8110.877724923224,591.6383655589758,275.3779021050196,1151.2930318698977,411.97797174113117,211.11124821599688,-3451.6505935183027,431.47425373433
patient_128,107.0,4.28,758.1020605688676,3248.691918241485,621.9624479817306,268.5668344024921,-170.27669256318774,422.7206451172309,297.06615112468535,2148.872572717212,443.3568997793174
patient_128,108.0,4.32,400.982045779621,-8928.000369731166,638.0017298129154,144.15150757633498,-3110.3831706539277,428.4867054202843,189.5577872216125,-2687.709097576821,450.9392112681819
patient_128,109.0,4.36,149.84776612300996,-6278.356991415276,643.9956404578359,112.4550445473965,-792.4115757234621,432.9849072021801,169.34517948965515,-505.3151932989337,457.7130184477681
patient_128,110.0,4.4,518.7961314298257,9223.709132670394,664.7474857150289,377.45156460573077,6624.913001458357,448.08296978640936,134.97601869697067,-859.2290198171121,463.11205919564696
patient_128,111.0,4.44,449.36075746647697,-1735.8843490837173,682.721916013688,341.2287913444651,-905.5693315316419,461.732121440188,87.50152340102518,-1186.8623823986372,466.6121201316879
patient_128,112.0,4.48,146.85154103952962,-7562.730410673683,688.5959776552693,87.36602634024419,-6346.569125105522,465.2267624937977,50.135075113943216,-934.1612071770492,468.61752313624567
patient_128,113.0,4.52,88.0041800678138,-1471.1840242928954,692.1161448579819,19.069040140600343,-1707.424654991096,465.98952409942177,51.13840830165287,25.08332969274143,470.66305946831176
patient_128,114.0,4.56,16.40645599030128,-1789.943101937813,692.772403097594,13.36901941251527,-142.50051820212684,466.5242848759224,59.72916288737633,214.7688646430865,473.05222598380686
patient_128,115.0,4.6,35.50271270320255,477.40641782253175,694.192511605722,29.79879265088052,410.7443309591313,467.7162365819576,15.223999595125417,-1112.6290823062727,473.6611859676119
patient_128,116.0,4.64,16.416585793931254,-477.1531727317823,694.8491750374792,54.67182880855655,621.8259039419006,469.90310973429985,23.128927679907235,197.62320211954548,474.58634307480816
patient_128,117.0,4.68,37.50062564593708,527.1009963001455,696.3492000633166,38.27110257199851,-410.0181559139509,471.4339538371798,15.557538518269888,-189.28472904093368,475.20864461553896
patient_128,118.0,4.72,69.827253241366,808.1656898857229,699.1422901929712,18.208789093544848,-501.5578369613416,472.16230540092164,21.273508325499147,142.89924518073147,476.0595849485589
patient_128,119.0,4.76,52.75932556373146,-426.6981919408634,701.2526632155206,21.525683211477475,82.92235294831568,473.0233327293807,21.64337352616964,9.246630016762314,476.92531988960565
patient_128,120.0,4.8,69.51593427572911,418.9152177999413,704.0333005865498,45.8873986284046,609.0428854231781,474.85882867451693,15.211653614265101,-160.79299779761348,477.5337860341763
patient_128,121.0,4.84,5.2723660618468235,-1606.089205347057,704.2441952290236,27.072140220212862,-470.38146020479337,475.94171428332544,39.338888224434754,603.1808652542413,479.1073415631537
patient_128,122.0,4.88,39.483334359855746,855.274207450223,705.8235286034178,28.53991413528161,36.69434787671868,477.08331084873663,68.33488909286095,724.9000217106549,481.84073712686813
patient_128,123.0,4.92,18.525911734431233,-523.9355656356129,706.5645650727951,10.23543176656788,-457.6120592178432,477.4927281193994,81.08496721675016,318.7519530972303,485.0841358155381
patient_128,124.0,4.96,35.23697893606421,417.7766800408245,707.9740442302376,27.596635396047294,434.0300907369853,478.59659353524125,35.62013249841894,-1136.6208679582805,486.5089411154749
patient_128,125.0,5.0,15.725200706890211,-487.79445572935,708.6030522585132,14.294879809441484,-332.54388966514523,479.16838872761895,37.04536805559424,35.630888929382465,487.99075583769866
patient_128,126.0,5.04,32.168843388783635,411.09106704733557,709.8898059940645,9.164092779345562,-128.26967575239806,479.53495243879274,47.20396589648953,253.96494602238224,489.87891447355827
patient_128,127.0,5.08,16.784762886251244,-384.6020125633098,710.5611965095145,36.39164214599885,680.6887341663322,480.99061812463265,51.817839661296944,115.34684412018538,491.95162806001014
patient_128,128.0,5.12,53.24130061219462,911.4134431485844,712.6908485340023,25.96456236931688,-260.6769944170493,482.0292006194054,24.23823971018312,-689.4899987778456,492.9211576484174
patient_128,129.0,5.16,87.119264192091,846.9490894974093,716.1756191016859,86.19509636247153,1505.7633498288662,485.47700447390423,120.35259817547833,2402.85896163238,497.7352615754366
patient_128,130.0,5.2,57.5707309474326,-738.7133311164598,718.4784483395831,269.0849965117902,4572.247503732968,496.24040433437585,178.85910446388036,1462.6626572100506,504.88962575399177
patient_128,131.0,5.24,53.09314202409909,-111.93972308333784,720.6021740205471,160.1861701817555,-2722.470658250868,502.6478511416461,295.252816186944,2909.8427930765915,516.6997384014695
patient_128,132.0,5.28,92.82276368227576,993.2405414544169,724.3150845678381,161.25923765872906,26.82668692433907,509.0982206479953,286.10104193476457,-228.79435630448626,528.1437800788601
patient_128,133.0,5.32,103.49079226566207,266.7007145846576,728.4547162584645,473.52649312074556,7806.681386550412,528.039280372825,337.4476110554864,1283.6642280180456,541.6416845210795
patient_128,134.0,5.36,213.6420601616757,2753.7816974003404,737.0003986649316,519.2231059847014,1142.4153215988965,548.8082046122131,324.8073286338713,-316.00706054037744,554.6339776664344
patient_128,135.0,5.4,165.4898864100871,-1203.8043437897145,743.619994121335,320.8881664502179,-4958.373488362087,561.6437312702219,411.3489989514316,2163.5417579390078,571.0879376244916
patient_128,136.0,5.44,198.35276851201453,821.5720525481856,751.5541048618156,244.80923316030248,-1901.9733322478855,571.436100596634,329.7994640458248,-2038.7383726401708,584.2799161863246
patient_128,137.0,5.48,307.4487070411042,2727.3984632272422,763.8520531434598,484.1393889160825,5983.253893894501,590.8016761532773,447.4650017541178,2941.6384427073253,602.1785162564893
patient_128,138.0,5.52,336.36169658575744,722.8247386163304,777.3065210068901,438.5979435534691,-1138.5361340653346,608.3455938954161,483.2800417606402,895.3760001630599,621.5097179269148
patient_128,139.0,5.56,367.9114323084309,788.7433930668365,792.0229782992274,403.1170263631792,-887.0229297572479,624.4702749499432,447.19090726508233,-902.2283623889464,639.3973542175181
patient_128,140.0,5.6,316.19563626740285,-1292.8949010257015,804.6708037499235,315.90122089425836,-2180.395136723021,637.1063237857136,370.92858001887254,-1906.5581811552447,654.234497418273
patient_128,141.0,5.64,241.40026743612682,-1869.8842207819005,814.3268144473685,247.0095490350743,-1722.2917964796018,646.9867057471166,228.09644475690385,-3570.803381549217,663.3583552085491
patient_128,142.0,5.68,143.1519202804407,-2456.2086788921533,820.0528912585862,131.37834226405232,-2890.7801692755493,652.2418394376787,141.27375812372722,-2170.567165829416,669.0093055334983
patient_128,143.0,5.72,71.24883602151705,-1797.5771064730911,822.9028446994469,67.74169482849597,-1590.9161858889088,654.9515072308185,63.59455463788118,-1941.9800871461512,671.5530877190135
patient_128,144.0,5.76,56.97699875286876,-356.7959317162073,825.1819246495616,10.823135530316225,-1422.9639824544936,655.3844326520311,6.88754172680502,-1417.675322776904,671.8285893880858
patient_128,145.0,5.8,89.09042274591599,802.8355998261807,828.7455415593982,44.43862958930681,840.3873514747645,657.1619778356034,6.2094197936225,-16.953048329563014,672.0769661798308
patient_128,146.0,5.84,93.36405778562639,106.84087599275998,832.4801038708233,64.12638565134252,492.19390155089275,659.7270332616571,41.95563009623094,893.655257565211,673.7551913836801
patient_128,147.0,5.88,142.0800504925639,1217.899817673438,838.163305890526,110.85443196884167,1168.2011579374787,664.1612105404107,142.52098389893428,2514.133845067583,679.4560307396375
patient_128,148.0,5.92,204.29264974735017,1555.3149813696564,846.3350118804199,297.5758269444046,4668.034874389074,676.0642436181869,186.90486079384235,1109.5969223727018,686.9322251713912
patient_128,149.0,5.96,284.2096488609289,1997.924977839468,857.703397834857,372.7669302926601,1879.7775837063882,690.9749208298932,197.88960763002657,274.6186709046057,694.8478094765923
patient_128,150.0,6.0,220.04638290720527,-1604.0816488430905,866.5052531511453,213.82299080408097,-3973.598487214478,699.5278404620565,151.0679402821935,-1170.541683695827,700.8905270878801
patient_128,151.0,6.04,64.64439041680434,-3885.049812260023,869.0910287678175,84.04366327953242,-3244.4831881137134,702.8895869932378,16.48563474662646,-3364.5576383891757,701.5499524777451
patient_128,152.0,6.08,209.12143993687212,3611.926238001695,877.4558863652924,143.7179854777321,1491.858054954992,708.638306412347,92.55810044272188,1901.8116424023856,705.252276495454
patient_128,153.0,6.12,314.86130816130714,2643.4967056108753,890.0503386917447,294.96922214358125,3781.280916646229,720.4370752980902,250.66011157413453,3952.550278285317,715.2786809584194
patient_128,154.0,6.16,257.1833884908878,-1441.947991760483,900.3376742313802,186.03861515669462,-2723.265174672166,727.8786199043581,295.75767103517995,1127.4389865261355,727.1089877998265
patient_128,155.0,6.2,192.56824683184666,-1615.3785414760287,908.0404041046542,124.6895683282509,-1533.726170711093,732.8662026374881,119.9041334230658,-4396.338440302854,731.9051531367492
patient_128,156.0,6.24,109.80472852524048,-2069.0879576651546,912.4325932456637,38.954158047328704,-2143.3852570230547,734.4243689593811,65.71512515391909,-1354.7252067286677,734.5337581429059
patient_128,157.0,6.28,70.78330904970113,-975.5354868884837,915.2639256076518,63.28051447500077,608.1589106918017,736.9555895383812,111.03891015891716,1133.0946251249518,738.9753145492625
patient_128,158.0,6.32,45.20647296294908,-639.4209021688014,917.0721845261697,41.08059568745292,-554.9979696886962,738.5988133658793,43.28337366013498,-1693.8884124695549,740.706649495668
patient_128,159.0,6.36,53.054596405165725,196.20308605541618,919.1943683823764,41.53258516146244,11.299736850238062,740.2601167723378,40.278751846705205,-75.11554533574429,742.3177995695362
patient_128,160.0,6.4,72.69842440623461,491.09570002672206,922.1023053586257,91.86390000085854,1258.2828709849023,743.9346727723721,1.2060090661000977,-976.8185695151278,742.3660399321801
patient_128,161.0,6.44,48.62709260154454,-601.7832951172517,924.0473890626876,31.56551383923188,-1507.4596540406662,745.1972933259415,58.14955026242863,1423.5885299082136,744.6920219426772
patient_128,162.0,6.48,30.34360252477075,-457.0872519193448,925.2611331636784,14.489574059613606,-426.89849449045687,745.776876288326,29.749760656344748,-709.9947401520972,745.882012368931
patient_128,163.0,6.52,30.166426534519697,-4.4293997562762755,926.4677902250593,14.221904592400609,-6.691736680324922,746.345752472022,181.06482771506248,3782.876676467943,753.1246054775335
patient_128,164.0,6.56,34.208126071573844,101.04248842635366,927.8361152679223,37.76370907096967,588.5451119642265,747.8563008348607,51.86585398586188,-3229.9743432300147,755.199239636968
patient_128,165.0,6.6,119.69829343742624,2137.25418414631,932.6240470054192,57.12730667821842,484.0899401812187,750.1413931019895,52.489647662661746,15.594841919996583,757.2988255434743
patient_128,166.0,6.64,142.54250161836703,571.1052045235195,938.3257470701539,67.63357603999081,262.6567340443099,752.8467361435892,120.75068361905377,1706.5258989098006,762.1288528882366
patient_128,167.0,6.68,115.58382738518051,-673.9668558296628,942.949100165561,68.43451217459238,20.02340336503927,755.584116630573,76.36303630678933,-1109.6911828066113,765.1833743405082
patient_128,168.0,6.72,105.33221979799997,-256.2901896795136,947.1623889574812,142.51978112111743,1852.1317236631262,761.2849078754177,35.858887774366615,-1012.6037133105677,766.6177298514829
patient_128,169.0,6.76,179.40912748042157,1851.9226920605402,954.3387540566981,88.02042102971845,-1362.4840022849746,764.8057247166065,76.75720263439094,1022.457871500608,769.6880179568585
patient_128,170.0,6.8,109.5310098330269,-1746.9529411848669,958.7199944500192,75.05888400028674,-324.03842573579277,767.8080800766179,159.98642973001074,2080.730677390495,776.087475146059
patient_128,171.0,6.84,108.4221351053967,-27.72186819075486,963.056879854235,78.76691510149277,92.7007775301508,770.9587566806777,136.32709439792464,-591.4833833021526,781.5405589219761
patient_128,172.0,6.88,119.95856105514736,288.4106487437663,967.855222296441,179.03093828481775,2506.6005795831243,778.1199942120703,81.52295482256436,-1370.103489384007,784.8014771148787
patient_128,173.0,6.92,64.0523849311011,-1397.6544031011563,970.4173176936849,122.6676399556961,-1409.082458228041,783.0266998102982,117.1587383346748,890.894587802761,789.4878266482656
patient_128,174.0,6.96,51.338269269324904,-317.85289154440494,972.470848464458,93.02420092823637,-741.0859756864934,786.7476678474277,141.9090179833724,618.75699121744,795.1641873676006
patient_128,175.0,7.0,93.8418625896448,1062.5898330079974,976.2245229680437,33.46794140618506,-1488.9064880512826,788.0863855036752,71.89110899312857,-1750.4477247560956,798.0398317273257
patient_128,176.0,7.04,83.60235397101302,-255.9877154657947,979.5686171268842,43.783722991439646,257.8945396313646,789.8377344233327,84.37307970978335,312.0492679163697,801.414754915717
patient_128,177.0,7.08,87.11634335023243,87.84973448048525,983.0532708608936,93.71128269855765,1248.1889926779502,793.586185731275,115.644044913993,781.7741301052412,806.0405167122767
patient_128,178.0,7.12,65.07454811330867,-551.0448809230941,985.6562527854259,55.71818771528672,-949.8273745817734,795.8149132398866,57.635487907452564,-1450.2139251635108,808.3459362285748
patient_128,179.0,7.16,28.30316270579482,-919.2846351878462,986.7883792936576,16.51219057160433,-980.1499285920597,796.4754008627507,13.421989896857035,-1105.3374502648883,808.8828158244492
patient_128,180.0,7.2,40.03755346615841,293.3597690090897,988.3898814323039,48.067290526636924,788.8774988758149,798.3980924838162,133.93745638349853,3012.8866621660372,814.2403140797891
patient_128,181.0,7.24,78.73993915996724,967.5596423452207,991.5394789987026,92.81879742464065,1118.7876724500932,802.1108443808017,186.9094036802779,1324.2986824194845,821.7166902270002
patient_128,182.0,7.28,78.08125963052485,-16.46698823605952,994.6627293839238,119.7483559848028,673.2389640040537,806.9007786201939,27.53008864679753,-3984.482875837009,822.817893772872
patient_128,183.0,7.32,112.72383988230878,866.0645062945981,999.1716829792161,117.45808961764686,-57.25665917889842,811.5991022048999,114.02674987175456,2162.4165306239256,827.3789637677422
patient_128,184.0,7.36,75.98733958063681,-918.4125075417992,1002.2111765624416,139.75689173570623,557.4700529514843,817.1893778743281,23.483258775252597,-2263.587277412549,828.3182941187524
patient_128,185.0,7.4,65.9330446148335,-251.3573741450827,1004.8484983470349,65.1435222407486,-1865.334237373941,819.795118763958,111.38149546495792,2197.4559172426334,832.7735539373507
patient_128,186.0,7.44,204.6270716394762,3467.3506756160677,1013.033581212614,269.5576480353271,5110.353144864462,830.577424685371,233.04339693378745,3041.547536720738,842.0952898147021
patient_128,187.0,7.48,169.27583711825704,-883.7808630304792,1019.8046146973443,221.39068826050692,-1204.1739943705038,839.4330522157913,254.17450178444238,528.2776212663734,852.2622698860799
patient_128,188.0,7.52,123.1392030089797,-1153.4158527319335,1024.7301828177035,258.35913735316234,924.2112273163855,849.7674177099179,289.5393139282098,884.120303594186,863.8438424432082
patient_128,189.0,7.56,181.5374666373032,1459.9565907080873,1031.9916814831956,485.01492780271565,5666.394761238833,869.1680148220266,553.8836198370636,6608.6076477213455,885.9991872366908
patient_128,190.0,7.6,253.2540731561493,1792.9151629711528,1042.1218444094416,164.0092956183296,-8025.140804609651,875.7283866467598,492.613178363924,-1531.7610368284904,905.7037143712478
patient_128,191.0,7.64,296.0190730031529,1069.1249961750905,1053.9626073295676,175.33341973242977,283.10310285250466,882.7417234360569,81.54140437646087,-10276.79434968658,908.9653705463062
patient_128,192.0,7.68,192.10328814437563,-2597.8946214694324,1061.6467388553426,193.43718995096148,452.5942554632927,890.4792110340953,186.31618341437732,2619.3694759479113,916.4180178828813
patient_128,193.0,7.72,118.9546466361274,-1828.7160377062055,1066.404924720788,149.89217737766833,-1088.6253143323288,896.4748981292021,95.60617966427036,-2267.7500937526743,920.2422650694521
patient_128,194.0,7.76,112.9572325157872,-149.93535300850525,1070.9232140214192,199.07940949298785,1229.680802882988,904.4380745089215,259.16501492950744,4088.9708816309267,930.6088656666325
patient_128,195.0,7.8,153.11988767199344,1004.0663789051561,1077.048009528299,158.24120533132762,-1020.9551040415057,910.7677227221747,178.096984292778,-2026.7007659182361,937.7327450383435
patient_128,196.0,7.84,90.14192666918679,-1574.4490250701663,1080.6536865950666,83.16635588308226,-1876.871236206134,914.0943769574978,66.48519627074747,-2790.294700550763,940.3921528891734
patient_128,197.0,7.88,76.73917481658894,-335.0687963149461,1083.7232535877301,62.86470854935629,-507.5411833431493,916.6089652994722,73.2514186705857,169.15555999595603,943.3222096359968
patient_128,198.0,7.92,77.94530148291939,30.1531666582612,1086.841065647047,48.9719382594315,-347.31925724811975,918.5678428298494,48.637488254882555,-615.3482603925788,945.2677091661922
patient_128,199.0,7.96,39.98872669521085,-948.9143696927135,1088.4406147148554,81.1841560915412,805.3054458027425,921.815209073511,43.788475780451876,-121.225311860767,947.0192481974103
patient_128,200.0,8.0,51.43146793701826,286.0685310451853,1090.497873432336,141.00992110279176,1495.6441252812642,927.4556059176227,56.403633949331365,315.3789542219872,949.2753935553836
patient_128,201.0,8.04,40.513464808339464,-272.9500782169699,1092.1184120246696,103.46860168294505,-938.5329854961678,931.5943499849404,73.01060102092487,415.17417678983753,952.1958175962205
patient_128,202.0,8.08,59.20981250197298,467.408692340838,1094.4868045247485,73.68825001570147,-744.5087916810895,934.5418799855685,59.22552026737935,-344.62701883863787,954.5648384069158
patient_128,203.0,8.12,31.722933220215136,-687.1719820439462,1095.7557218535571,82.75527082682933,226.67552027819653,937.8520908186417,3.9177910703557046,-1382.6932299255911,954.72155004973
patient_128,204.0,8.16,29.631065998986905,-52.29668053070577,1096.9409644935167,85.79991486940291,76.1161010643395,941.2840874134179,140.34544320036753,3410.6913032502957,960.3353677777446
patient_128,205.0,8.2,30.415565361967,19.6124840745024,1098.1575871079954,93.15043574739849,183.76302194988943,945.0101048433138,23.534374478360732,-2920.27671805017,961.2767427568791
patient_128,206.0,8.24,62.62003482635594,805.1117366097234,1100.6623885010495,11.194886218322132,-2048.888738226909,945.4579002920467,44.49732380860525,524.073733256113,963.0566357092233
patient_128,207.0,8.28,66.88339576361668,106.58402343151837,1103.3377243315942,113.51942561535856,2558.1134849259106,949.9986773166611,72.81099298270938,707.8417293526032,965.9690754285316
patient_128,208.0,8.32,33.70865168219821,-829.3686020354617,1104.686070398882,91.39983146756953,-552.9898536947258,953.6546705753639,49.21611351814548,-589.8719866140975,967.9377199692575
patient_128,209.0,8.36,71.24324649844297,938.364870406119,1107.5358002588198,99.22430240027037,195.6117733175212,957.6236426713747,89.45782174595833,1006.0427056953213,971.5160328390957
patient_128,210.0,8.4,114.52306749241491,1081.9955248492984,1112.1167229585162,141.42664457644867,1055.0585544044573,963.2807084544326,71.21839029433788,-455.9857862905112,974.3647684508692
patient_128,211.0,8.44,128.75927401041912,355.90516295010525,1117.2670939189331,126.37877459869927,-376.19674944373503,968.3358594383806,162.24031766653437,2275.548184304912,980.8543811575306
patient_128,212.0,8.48,48.11418081642616,-2016.1273298498238,1119.19166115159,90.71419903002726,-891.6143892168002,971.9644273995816,40.22035048847512,-3050.4991794514813,982.4631951770696
patient_128,213.0,8.52,62.838400743403206,368.1054981744261,1121.7051971813262,156.52290440595786,1645.217634398265,978.2253435758198,105.90921353759606,1642.2215762280234,986.6995637185735
patient_128,214.0,8.56,47.86348593856978,-374.3728701208356,1123.619736618869,44.44677306880488,-2801.9032834288246,980.0032144985721,33.18555296893891,-1818.0915142164288,988.026985837331
patient_128,215.0,8.6,22.593789421034952,-631.7424129383708,1124.5234881957106,108.03566517586617,1589.7223026765323,984.3246411056067,76.63195508815345,1086.1600529803634,991.0922640408571
patient_128,216.0,8.64,136.37986580103092,2844.651909499899,1129.9786828277518,105.27838785985172,-68.9319329003613,988.5357766200009,96.16196109599491,488.2501501960366,994.9387424846968
patient_128,217.0,8.68,242.92709971485448,2663.680847845589,1139.695766816346,290.03883239701645,4619.011113429118,1000.1373299158815,83.9881151645851,-304.34614828524536,998.2982670912803
patient_128,218.0,8.72,427.0150375113578,4602.198444912582,1156.7763683168005,270.7821840361411,-481.41620902188436,1010.9686172773271,171.9664477262448,2199.458314041493,1005.1769250003301
patient_128,219.0,8.76,430.1112809127012,77.40608503358573,1173.9808195533085,561.5816238253224,7269.985994729533,1033.43188223034,439.4588978520948,6687.311253146251,1022.7552809144139
patient_128,220.0,8.8,261.53701134083855,-4214.356739296566,1184.4423000069419,492.69350836070686,-1722.2028866153878,1053.1396225647682,551.0064606424244,2788.689069758239,1044.7955393401107
patient_128,221.0,8.84,156.95515338097195,-2614.546448996665,1190.7205061421807,11.671852965188293,-12025.541384887963,1053.6064966833758,329.5774989664822,-5535.724041898554,1057.97863929877
patient_128,222.0,8.88,143.92365921554526,-325.78735413566733,1196.4774525108028,89.754129711889,1952.0569186675175,1057.1966618718513,278.7689484689112,-1270.213762439275,1069.1293972375265
patient_128,223.0,8.92,190.39670646053273,1161.8261811246866,1204.093320769224,102.19898518735442,311.1213868866358,1061.2846212793454,71.05675637092979,-5192.804802449536,1071.9716674923638
patient_128,224.0,8.96,140.88252649756953,-1237.85449907408,1209.7286218291267,51.460999977285326,-1268.4496302517275,1063.3430612784368,201.6501719717457,3264.8353900203974,1080.0376743712336
patient_128,225.0,9.0,67.8502799269501,-1825.806164265486,1212.442633026205,53.633743517328995,54.318588501091725,1065.48841101913,23.35923724720078,-4457.273368113622,1080.9720438611216
patient_128,226.0,9.04,59.0332475012196,-220.4258106432624,1214.8039629262537,70.10514823304814,411.78511789297863,1068.292616948452,50.28395286556174,673.1178904590239,1082.983401975744
patient_128,227.0,9.08,38.986806315805765,-501.1610296353458,1216.3634351788858,142.41340809595815,1807.7064965727502,1073.9891532722902,133.55655548016946,2081.8150653651933,1088.3256641949508
patient_128,228.0,9.12,13.35343191333705,-640.8343600617179,1216.8975724554193,27.025768646368146,-2884.69098623975,1075.070184018145,73.1240312085101,-1510.813106791484,1091.2506254432913
patient_128,229.0,9.16,18.606758207253044,131.33315734789988,1217.6418427837095,69.47257496341864,1061.1701579262622,1077.8490870166818,68.68233909520505,-111.0423028326263,1093.9979190070994
patient_128,230.0,9.2,33.16841115535298,364.04132370249835,1218.9685792299235,77.30782344709905,195.8812120920104,1080.9413999545657,80.41277875509654,293.2609914972872,1097.2144301573032
patient_128,231.0,9.24,25.38047861176415,-194.69831358972067,1219.9837983743942,94.71111225772792,435.0822202657216,1084.7298444448747,41.145611701272806,-981.6791763455933,1098.8602546253542
patient_128,232.0,9.28,22.812728576714225,-64.19375087624815,1220.8963075174627,75.66114465733315,-476.24919000986915,1087.7562902311681,41.82435321855197,16.9685379319791,1100.5332287540962
patient_128,233.0,9.32,34.87293281826987,301.50510603889103,1222.2912248301936,62.73290585350934,-323.20597009559543,1090.2656064653086,52.803749179557904,274.48489902514837,1102.6453787212786
patient_128,234.0,9.36,32.034370800388494,-70.96405044703431,1223.572599662209,65.63930119641378,72.65988357261115,1092.891178513165,69.73417106545881,423.26054714752263,1105.434745563897
patient_128,235.0,9.4,13.756783452018142,-456.9396837092588,1224.12287100029,62.550470089876015,-77.2207776634442,1095.39319731676,66.09737813394396,-90.91982328787118,1108.0786406892546
patient_128,236.0,9.44,84.39868872764836,1766.0476318907556,1227.4988185493958,65.20753855113249,66.4267115314118,1098.0014988588052,155.41683468448073,2232.9864137634195,1114.295314076634
patient_128,237.0,9.48,164.40353530083232,2000.1211643295987,1234.0749599614292,168.65219186924463,2586.1163329528035,1104.747586533575,222.48784994391738,1676.7753814859161,1123.1948280743907
patient_128,238.0,9.52,8.762915567105523,-3891.01549334317,1234.4254765841133,47.089562719218954,-3039.065728750642,1106.6311690423438,27.47130063121933,-4875.413732817451,1124.2936800996395
patient_128,239.0,9.56,212.93287254835738,5104.248924531296,1242.9427914860476,370.11639184910206,8075.670728247077,1121.435824716308,332.488689211228,7625.4347145002175,1137.5932276680885
patient_128,240.0,9.6,99.48090636723043,-2836.299154528174,1246.922027740737,86.0607624888645,-7101.390734005939,1124.8782552158625,174.9096145645942,-3939.4768661658454,1144.5896122506722
patient_128,241.0,9.64,78.86803424288733,-515.3218031085775,1250.0767491104523,54.7070478231479,-783.8428666429148,1127.0665371287885,100.54722669911799,-1859.0596966369053,1148.6115013186368
patient_128,242.0,9.68,27.80023864674634,-1276.6948899035249,1251.188758656322,54.84077728681918,3.343236591781995,1129.2601682202612,36.912824837178185,-1590.860046548495,1150.088014312124
patient_128,243.0,9.72,43.79978965539322,399.988775216172,1252.940750242538,36.85612962377646,-449.61619157606805,1130.7344134052123,173.5887249263601,3416.8975022295476,1157.0315633091784
patient_128,244.0,9.76,34.81928338616014,-224.51265673082705,1254.3335215779844,226.8935404022424,4750.935269461648,1139.8101550213019,212.44868944340934,971.4991129262309,1165.5295108869147
patient_128,245.0,9.8,110.42676295315418,1890.186989174851,1258.7505920961105,183.47585433593224,-1085.4421516577538,1147.1491891947392,291.27511373230243,1970.6606072223274,1177.1805154362069
patient_128,246.0,9.84,262.77135911975597,3808.614904165044,1269.2614464609007,225.9598548789792,1062.100013576174,1156.1875833898985,355.33661810692917,1601.5376093656685,1191.393980160484
patient_128,247.0,9.88,344.1853673171202,2035.350204934106,1283.0288611535857,437.7356634307523,5294.395213794328,1173.6970099271284,317.91888593924915,-935.4433041920004,1204.110735598054
patient_128,248.0,9.92,317.2811496082714,-672.6054427212205,1295.7201071379166,291.05554889592526,-3667.0028633706766,1185.3392318829654,327.46354249085005,238.61641379002236,1217.209277297688
patient_128,249.0,9.96,25.316896921128265,-7299.106317178578,1296.7327830147617,66.04630235019837,-5625.231163643172,1187.9810839769734,15.768967179749529,-7792.364382777512,1217.8400359848779
patient_128,250.0,10.0,283.5135090045426,6454.915302085358,1308.0733233749434,299.07779625250856,5825.787347557754,1199.9441958270736,272.88009034879195,6427.77807922606,1228.7552395988296
patient_128,251.0,10.04,252.42742182010005,-777.1521796110633,1318.1704202477474,409.8716164882595,2769.845505893774,1216.3390604866042,261.50840690691837,-284.29208604683964,1239.2155758751064
patient_128,252.0,10.08,280.9259489901634,712.4631792515843,1329.407458207354,360.6864317673964,-1229.6296180215777,1230.7665177573,413.2281660066272,3792.9939774927207,1255.7447025153715
patient_128,253.0,10.12,55.91335443345811,-5625.314863917633,1331.6439923846922,50.3302484066318,-7758.904584019115,1232.7797276935653,184.59993068644022,-5715.705883004674,1263.128699742829
patient_128,254.0,10.16,43.63409424249673,-306.98150477403453,1333.389356154392,193.86027841410913,3588.2507501869336,1240.5341388301297,146.8568650885214,-943.5766399479703,1269.00297434637
patient_128,255.0,10.2,51.89767583744443,206.58953987369256,1335.4652631878896,91.97350137524863,-2547.1694259715127,1244.2130788851396,106.73205849522041,-1003.1201648325247,1273.2722566861787
patient_128,256.0,10.24,38.37029918319726,-338.18441635617927,1337.0000751552175,102.87185281554264,272.45878600735017,1248.3279529977613,92.70628332487203,-350.64437925870953,1276.9805080191736
patient_128,257.0,10.28,15.29763672977674,-576.816561335513,1337.6119806244085,72.66588433152536,-755.1492121004319,1251.2345883710223,104.77191770919688,301.64085960812133,1281.1713847275414
patient_128,258.0,10.32,29.82260144916605,363.1241179847328,1338.8048846823751,76.29025686947237,90.60931344867527,1254.2861986458013,23.97617664385921,-2019.893526633442,1282.1304317932959
patient_128,259.0,10.36,2.6966304467308673,-678.1492750608795,1338.9127499002443,66.11767114020638,-254.31464323164974,1256.9309054914095,15.797437353740602,-204.46848225296517,1282.7623292874455
patient_128,260.0,10.4,16.657346116993402,349.01789175656336,1339.5790437449239,15.068381193151321,-1276.2322486763765,1257.5336407391355,28.076820277855354,306.9845731028688,1283.8854020985598
patient_128,261.0,10.44,20.133587292331853,86.90602938346129,1340.384387236617,41.787691785696516,667.9827648136298,1259.2051484105634,106.5432713277221,1961.6612762466686,1288.1471329516687
patient_128,262.0,10.48,28.71387303450439,214.50714355431347,1341.5329421579972,39.340594479301146,-61.17743265988427,1260.7787721897355,29.332042385343154,-1930.2807235594735,1289.3204146470823
patient_128,263.0,10.52,70.29083122475718,1039.42395475632,1344.3445754069876,262.68125232095593,5583.516446041369,1271.2860222825736,101.0296673723033,1792.4406246740034,1293.3616013419744
patient_128,264.0,10.56,96.96877088797055,666.9484915803341,1348.2233262425063,123.7593859308891,-3473.046659751671,1276.2363977198092,97.43334368335482,-89.90809222371183,1297.2589350893086
patient_128,265.0,10.6,35.540559395497404,-1535.7052873118287,1349.6449486183265,2.613891680687398,-3028.6373562550425,1276.340953387037,91.7142228582987,-142.97802062640307,1300.9275040036407
patient_128,266.0,10.64,49.40645206428111,346.6473167195927,1351.6212067008976,91.91763136655395,2232.5934921466637,1280.0176586416992,38.88112530845441,-1320.8274387461072,1302.4827490159787
patient_128,267.0,10.68,114.89293341586297,1637.1620337895465,1356.216924037532,168.27657527923128,1908.9735978169333,1286.7487216528684,128.7839611801329,2247.5708967919622,1307.6341074631841
patient_128,268.0,10.72,306.4430038109136,4788.751759876266,1368.4746441899686,389.9104894870614,5540.847855195753,1302.345141232351,140.8981304443566,302.85423160559264,1313.2700326809584
patient_128,269.0,10.76,443.2787264472662,3420.8930659088155,1386.2057932478592,344.1713922701953,-1143.4774304216517,1316.1119969231586,272.6683533141196,3294.2555717440746,1324.176766813523
patient_128,270.0,10.8,22.312547789652704,-10524.154466440337,1387.0982951594453,34.463987436729916,-7742.685120836636,1317.4905564206276,70.3957436156653,-5056.815242461357,1326.9925965581497
patient_128,271.0,10.84,506.78573872942894,12111.829773494406,1407.3697247086225,532.3653817491667,12447.534857810919,1338.7851716905943,370.15530774854705,7493.989103322044,1341.7988088680913
patient_128,272.0,10.88,386.40854173752473,-3009.4299247976055,1422.8260663781234,375.0023199573323,-3934.076544795859,1353.7852644888876,536.4547143948603,4157.4851661578305,1363.2569974438857
patient_128,273.0,10.92,246.80650176196582,-3490.0509993889727,1432.698326448602,359.55621281415864,-386.15267857934157,1368.1675130014542,387.16807274800783,-3732.166041171311,1378.7437203538059
patient_128,274.0,10.96,134.30427764615644,-2812.5556028952346,1438.0704975544484,243.9767905061915,-2889.4855576991786,1377.9265846217015,423.3474162524255,904.4835876104414,1395.6776170039032
patient_128,275.0,11.0,95.93418699074822,-959.2522663852055,1441.9078650340784,346.8320565459279,2571.3816509934104,1391.7998668835387,340.91288777912325,-2060.863211832556,1409.314132515068
patient_128,276.0,11.04,42.42847845002945,-1337.642713517969,1443.6050041720796,119.47401585687915,-5683.95101722622,1396.578827517814,178.57068704620445,-4058.5550183229698,1416.456959996916
patient_128,277.0,11.08,42.87452290874007,11.151111467765418,1445.3199850884293,53.90970586207994,-1639.1077498699801,1398.7352157522973,60.94426271083689,-2940.6606083841893,1418.8947305053496
patient_128,278.0,11.12,55.33652737465414,311.55011164785174,1447.5334461834154,66.10918102101746,304.9868789734381,1401.3795829931382,79.66384310339605,467.989509813979,1422.0812842294854
patient_128,279.0,11.16,55.65149320914057,7.874145862160731,1449.759505911781,83.78565937745181,441.91195891085863,1404.731009368236,115.03263338652715,884.2197570782777,1426.6825895649465
patient_128,280.0,11.2,14.669492689690513,-1024.5500129862514,1450.3462856193685,28.75305423781198,-1375.8151284909957,1405.8811315377488,45.55359629294801,-1736.9759273394784,1428.5047334166645
patient_128,281.0,11.24,32.787056310793645,452.9390905275783,1451.6577678718002,30.190126866520988,35.92681571772518,1407.0887366124098,64.27917775226469,468.139536482917,1431.075900526755
patient_128,282.0,11.28,23.071169265916435,-242.89717612193024,1452.5806146424368,63.65210422242434,836.549433897584,1409.6348207813069,238.63995195101978,4359.019354968877,1440.621498604796
patient_128,283.0,11.32,51.550983066756075,711.995345020991,1454.6426539651072,52.835310617564545,-270.41984012149493,1411.7482332060092,91.69721798623438,-3673.5683491196355,1444.2893873242456
patient_128,284.0,11.36,58.100497383582386,163.73785792065777,1456.9666738604503,35.572505210773215,-431.57013516978327,1413.1711334144402,50.86913808346748,-1020.7019975691724,1446.324152847584
patient_128,285.0,11.4,22.82593969325323,-881.863942258229,1457.8797114481806,37.11466666025984,38.55403623716569,1414.6557200808506,23.39582516016815,-686.8328230824833,1447.2599858539907
patient_128,286.0,11.44,25.807616345425004,74.54191630429436,1458.9120161019976,32.8820232562775,-105.81608509955859,1415.9710010111019,87.44649347939549,1601.2667079806831,1450.7578455931664
patient_128,287.0,11.48,51.351393055656644,638.594417755791,1460.966071824224,76.17609922860682,1082.351899308233,1419.018044980246,241.90523624479763,3861.4685691350537,1460.4340550429583
patient_128,288.0,11.52,24.089209835869177,-681.5545804946867,1461.9296402176585,93.78509987762035,440.22501622533844,1422.7694489753508,214.33596964078708,-689.2316651002637,1469.0074938285898
patient_128,289.0,11.56,72.46564105445789,1209.4107804647178,1464.8282658598368,31.601983184944867,-1554.5779173168871,1424.0335283027487,111.27573092653721,-2576.505967856247,1473.4585230656512
patient_128,290.0,11.6,134.96088026528844,1562.3809802707638,1470.2267010704484,145.78070299851765,2854.4679953393197,1429.8647564226894,220.1713970057862,2722.3916519812246,1482.2653789458825
patient_128,291.0,11.64,13.156106632023628,-3045.1193408316203,1470.7529453357292,1.480540815982279,-3607.5040545633847,1429.9239780553287,40.16901784457778,-4500.05947903021,1483.8721396596657
patient_128,292.0,11.68,160.95264489141556,3694.913456484798,1477.1910511313858,174.51203233885954,4325.7872880719315,1436.9044593488832,258.35065251401437,5454.540866735915,1494.2061657602262
patient_128,293.0,11.72,153.78134349432062,-179.2825349273734,1483.3423048711588,231.8790985044988,1434.1766541409818,1446.179623289063,219.85978938385497,-962.2715782539849,1503.0005573355802
patient_128,294.0,11.76,74.38387611332442,-1984.936684524905,1486.3176599156918,101.13048988126027,-3268.7152155809636,1450.2248428843136,191.34941243709744,-712.7594236689383,1510.6545338330643
patient_128,295.0,11.8,17.19556264769249,-1429.7078366407982,1487.0054824215995,93.01030236895805,-203.00468780755557,1453.945254979072,154.67807954608332,-916.7833222753529,1516.8416570149075
patient_128,296.0,11.84,28.0253208805787,270.74395582215527,1488.1264952568226,142.55601648315286,1238.6428528548702,1459.6474956383981,207.6897403149878,1325.291519222612,1525.1492466275067
patient_128,297.0,11.88,129.74344918029811,2542.9532074929853,1493.3162332240347,345.1377187804146,5064.542557431544,1473.4530043896148,475.6895692740225,6699.995723975869,1544.1768293984676
patient_128,298.0,11.92,239.15841629339874,2735.3741778275157,1502.8825698757707,118.87390350991798,-5656.595381762416,1478.2079605300116,442.0677283745614,-840.546022486528,1561.8595385334502
patient_128,299.0,11.96,283.6167548435812,1111.458463754561,1514.227240069514,238.81381515564183,2998.4977911430965,1487.7605131362373,244.68943860788602,-4934.457244166884,1571.6471160777655
patient_128,300.0,12.0,510.2749012677513,5666.453660604253,1534.638236120224,672.8215379648108,10850.193070229225,1514.6733746548298,613.9203814557491,9230.773571196576,1596.2039313359955
patient_128,301.0,12.04,97.68621264191106,-10314.717215646007,1538.5456846259008,20.455818830310474,-16309.142978362508,1515.4916074080422,150.28894168856246,-11590.785994179665,1602.2154890035379
patient_128,302.0,12.08,338.0258078597905,6008.489880446987,1552.0667169402923,279.6227195762885,6479.1725186494505,1526.676516191094,307.31272625082585,3925.5946140565848,1614.5079980535709
patient_128,303.0,12.12,324.43742831519756,-339.70948861482384,1565.0442140729003,294.26750605019174,366.1196618475813,1538.4472164331016,211.83884824203585,-2386.84695021975,1622.9815519832523
patient_128,304.0,12.16,298.69274003860664,-643.6172069147731,1576.9919236744445,230.28637675579944,-1599.5282323598076,1547.6586715033336,277.3091584723372,1636.757755757533,1634.0739183221458
patient_128,305.0,12.2,220.2841010503028,-1960.215974707596,1585.8032877164567,271.3150502385736,1025.7168370693535,1558.5112735128766,168.58703149828426,-2718.053174351323,1640.817399582077
patient_128,306.0,12.24,168.60893202856582,-1291.8792255434248,1592.5476449975995,131.4832332605987,-3495.795424449372,1563.7706028433008,399.3161130650445,5768.227039169005,1656.790044104679
patient_128,307.0,12.28,144.41476086001035,-604.8542792138868,1598.3242354319998,225.1318045391521,2341.2142819638357,1572.7758750248668,196.1242504223974,-5079.796566066177,1664.6350141215748
patient_128,308.0,12.32,149.8464933208958,135.7933115221364,1604.3180951648358,217.1277128670477,-200.1022918026102,1581.4609835395488,163.59106495785664,-813.3296366135191,1671.1786567198892
patient_128,309.0,12.36,125.22936347324175,-615.4282461913514,1609.3272697037653,201.38969450724346,-393.4504589951061,1589.5165713198385,222.05019741850464,1461.4783115162,1680.0606646166293
patient_128,310.0,12.4,61.64266557903392,-1589.6674473551957,1611.7929763269267,46.9974544551936,-3859.8060013012464,1591.3964694980461,114.94844795435219,-2677.5437366038113,1684.6586025348035
patient_128,311.0,12.44,133.83501205475986,1804.8086618931486,1617.146376809117,133.82960830273723,2170.803846188591,1596.7496538301557,176.04471746920817,1527.4067378713994,1691.700391233572
patient_128,312.0,12.48,25.36493994700126,-2711.751802693965,1618.1609744069972,163.1317867005492,732.5544599452996,1603.2749252981778,59.2153792897539,-2920.7334544863565,1694.0690064051619
patient_128,313.0,12.52,20.68619843897407,-116.96853770067976,1618.9884223445563,40.95337220539575,-3054.4603623788366,1604.9130601863935,166.00765179247045,2669.8068125679138,1700.7093124768608
patient_128,314.0,12.56,32.812217041485596,303.15046506278816,1620.3009110262158,57.97895720182406,425.63962491070765,1607.2322184744667,68.14913619077608,-2446.4628900423595,1703.4352779244916
patient_128,315.0,12.6,48.323739200484475,387.788053974972,1622.233860594235,99.80382458105814,1045.6216844808519,1611.2243714577091,97.27005365742089,728.0229366661204,1707.3260800707885
patient_128,316.0,12.64,51.09596153574398,69.30555838148766,1624.2776990556647,134.05579044504756,856.2991465997356,1616.586603075511,147.58010503505415,1257.7512844408313,1713.2292842721906
patient_128,317.0,12.68,46.29784326788361,-119.95295669650936,1626.1296127863802,53.36913320173112,-2017.1664310829112,1618.7213684035803,76.15255658667652,-1785.6887112094405,1716.2753865356578
patient_128,318.0,12.72,67.780737115219,537.0723461833848,1628.8408422709888,30.995508323034777,-559.3406219674085,1619.9611887365018,127.95458442429987,1295.0506959405836,1721.3935699126296
patient_128,319.0,12.76,40.892358423237084,-672.2094672995478,1630.4765366079184,71.23470605889084,1005.9799433964015,1622.8105769788572,60.20637767259743,-1693.705168792561,1723.8018250195337
patient_128,320.0,12.8,40.114887231785275,-19.436779786295233,1632.0811320971898,42.32723004280436,-722.6869004021619,1624.5036661805696,37.332226118763224,-571.8537888458551,1725.2951140642842
patient_128,321.0,12.84,60.94427800787366,520.7347694022097,1634.5189032175049,81.09741889045478,969.2547211912604,1627.747562936188,67.15197676769527,745.4937662233012,1727.9811931349918
patient_128,322.0,12.88,60.178096389593144,-19.154540457012992,1636.9260270730886,64.92192867494022,-404.38725538786395,1630.3444400831856,80.34456395189936,329.8146796051021,1731.1949756930678
patient_128,323.0,12.92,13.680739160242648,-1162.4339307337625,1637.4732566394982,73.724798113068,220.07173595319466,1633.2934320077084,66.85234027922755,-337.3055918167953,1733.869069304237
patient_128,324.0,12.96,24.372995184443116,267.3064006050117,1638.448176446876,147.10219707652982,1834.4349740865455,1639.1775198907696,147.96996815953852,2027.9406970077744,1739.7878680306185
patient_128,325.0,13.0,71.23306746190853,1171.5018069366356,1641.2974991453523,99.47971052309008,-1190.5621638359935,1643.1567083116931,67.05239638920473,-2022.939294258345,1742.4699638861866
patient_128,326.0,13.04,141.64276339667768,1760.2423983692286,1646.9632096812193,156.7368773610668,1431.4291709494182,1649.4261834061358,262.8212909212286,4894.222363300597,1752.982815523036
patient_128,327.0,13.08,112.9056390243936,-718.4281093071022,1651.479435242195,121.04010600976001,-892.4192837826698,1654.2677876465261,44.8361956241375,-5449.627382427277,1754.7762633480013
patient_128,328.0,13.12,127.9881798884448,377.0635216012803,1656.5989624377328,169.32130201763377,1207.029900196844,1661.0406397272316,73.43492498929237,714.9682341288717,1757.7136603475728
patient_128,329.0,13.16,249.4614652660585,3036.832134440342,1666.5774210483753,274.2500759489666,2623.2193482833204,1672.01064276519,105.33653300761956,797.5402004581799,1761.9271216678776
patient_128,330.0,13.2,412.85519124375514,4084.8431494424162,1683.0916286981255,276.6184308972343,59.208873706693055,1683.0753800010796,206.91685212152962,2539.507977847751,1770.2037957527389
patient_128,331.0,13.24,539.4670224203061,3165.2957794137733,1704.6703095949376,425.0358929783934,3710.4365520289775,1700.076815720215,374.7753344024527,4196.462057023077,1785.194809128837
patient_128,332.0,13.28,618.7934912791047,1983.1617214699663,1729.4220492461018,693.4624320263058,6710.66347619781,1727.8153130012672,722.0262828086155,8681.27371015407,1814.0758604411815
patient_128,333.0,13.32,635.6385769912594,421.1271428038657,1754.8475923257522,799.7496778417875,2657.1811453870423,1759.8053001149385,993.2467572632752,6780.511861366492,1853.8057307317126
patient_128,334.0,13.36,574.3160164298388,-1533.0640140355144,1777.8202329829458,586.7670779836245,-5324.564996454074,1783.2759832342836,930.7757532286015,-1561.775100866842,1891.0367608608567
patient_128,335.0,13.4,385.47982238730185,-4720.904851063423,1793.2394258784377,493.6009405842307,-2329.153434984845,1803.020020857653,512.2509816160546,-10463.119290313674,1911.5268001254988
patient_128,336.0,13.44,250.31488947241658,-3379.1233228721317,1803.2520214573344,363.27613062995243,-3258.1202488569575,1817.551066082851,303.22529001956684,-5225.642289912193,1923.6558117262816
patient_128,337.0,13.48,99.43611458958179,-3771.9693720708697,1807.2294660409177,106.5468712335081,-6418.231484911108,1821.8129409321912,257.90000649339504,-1133.1320881542952,1933.9718119860172
patient_128,338.0,13.52,90.18242942823831,-231.34212903358707,1810.8367632180473,233.5892393039913,3176.0592017620797,1831.156510504351,285.84558824754964,698.639543853865,1945.4056355159191
patient_128,339.0,13.56,107.35303262293476,429.2650798674114,1815.1308845229648,70.69170343019864,-4072.4383968448165,1833.9841786415586,218.268433134322,-1689.428877830691,1954.1363728412919
patient_128,340.0,13.6,90.1751258909588,-429.44766829939914,1818.737889558603,122.82673027322966,1303.3756710757752,1838.8972478524877,62.03662255637301,-3905.795264448725,1956.6178377435467
patient_128,341.0,13.64,126.24400886153822,901.7220742644856,1823.7876499130646,169.7158412731779,1172.2277749987056,1845.685881503415,110.07026789200381,1200.84113339077,1961.020648459227
patient_128,342.0,13.68,114.15872531431809,-302.1320886805032,1828.3539989256374,117.60635296462462,-1302.7372077138316,1850.3901356220001,92.62698351623382,-436.08210939424976,1964.7257277998763
patient_128,343.0,13.72,112.50230844458954,-41.41042174321363,1832.854091263421,77.82319264715252,-994.5790079368023,1853.5030633278861,141.97768531178536,1233.7675448887885,1970.4048352123477
patient_128,344.0,13.76,14.327719194298547,-2454.364731257275,1833.427200031193,34.05757530533171,-1094.1404335455204,1854.8653663400994,52.999915241786226,-2224.4442517499783,1972.5248318220192
patient_128,345.0,13.8,22.440531267179818,202.82030182203178,1834.32482128188,50.82372490609029,419.1537400189645,1856.898315336343,11.312450991823876,-1042.1866062490587,1972.9773298616922
patient_128,346.0,13.84,20.500499520003334,-48.50079367941209,1835.14484126268,63.247284255117684,310.58898372568484,1859.4282067065476,97.2109332006712,2147.462055221183,1976.8657671897192
patient_128,347.0,13.88,17.66210183585899,-70.95994210360858,1835.8513253361143,37.17517983504123,-651.8026105019114,1860.915213899949,79.2292683802815,-449.54162050974276,1980.0349379249303
patient_128,348.0,13.92,78.5907674731476,1523.2166409322151,1838.9949560350403,105.01746450746765,1696.0571168106603,1865.1159124802477,186.37298528744725,2678.592922679144,1987.4898573364283
patient_128,349.0,13.96,51.471410298513284,-677.9839293658578,1841.053812446981,114.96412076425105,248.66640641958497,1869.7144773108178,221.92897145578868,888.8996542085358,1996.3670161946598
patient_128,350.0,14.0,47.755992562849364,-92.88544339159799,1842.964052149495,59.922181482824385,-1376.0484820356667,1872.1113645701307,129.1663530908154,-2319.0654591243324,2001.5336703182925
patient_128,351.0,14.04,76.03907734627798,707.0771195857153,1846.0056152433463,164.9614014254507,2625.980498565658,1878.7098206271487,321.02892365277035,4796.564264048874,2014.3748272644034
patient_128,352.0,14.08,93.55701414526483,437.9484199746713,1849.7478958091567,176.46421890395146,287.570436962519,1885.7683893833068,163.45952160133203,-3939.235051285958,2020.9132081284565
patient_128,353.0,14.12,139.09623797810752,1138.4805958210673,1855.311745328281,314.9444018904685,3462.0045746629257,1898.3661654589255,363.4384732781486,4999.473791920414,2035.4507470595825
patient_128,354.0,14.16,200.55320594331752,1536.42419913025,1863.3338735660136,383.3538000765331,1710.2349546516152,1913.7003174619867,398.99397810213594,888.8876205996837,2051.410506183668
patient_128,355.0,14.2,267.79376827701213,1681.0140583423654,1874.0456242970943,488.72856391024027,2634.369095842679,1933.2494600183966,397.4070155452047,-39.67406392328172,2067.3067868054763
patient_128,356.0,14.24,203.10817609073206,-1617.1398046570018,1882.1699513407234,452.57507400243674,-903.8372476950883,1951.352462978494,1023.7008508907475,15657.345883638569,2108.2548208411063
patient_128,357.0,14.28,178.55346118740525,-613.8678725831703,1889.3120897882195,171.65929256185046,-7022.894536014657,1958.218834680968,446.49082680813177,-14430.250602065393,2126.1144539134316
patient_128,358.0,14.32,80.98662597785982,-2439.1708802386356,1892.5515548273338,169.1213635757219,-63.448224653214425,1964.983689223997,154.34151951049148,-7303.7326824410075,2132.288114693851
patient_128,359.0,14.36,68.1663912622533,-320.5058678901629,1895.2782104778241,62.33852547338774,-2669.570952558354,1967.4772302429326,78.82653043576805,-1887.8747268680859,2135.441175911282
patient_128,360.0,14.4,143.70534610883743,1888.4738711646032,1901.0264243221775,71.6351143259538,232.41472131415134,1970.3426348159708,104.19146226728245,634.1232957878599,2139.608834401973
patient_128,361.0,14.44,98.77079344773499,-1123.363816527561,1904.977256060087,178.18545657388552,2663.7585561982933,1977.470053078926,210.105004581652,2647.838557859239,2148.0130345852394
patient_128,362.0,14.48,164.16218127966172,1634.7846957981683,1911.5437433112734,91.79160936574351,-2159.84618020355,1981.1417174535557,88.80500016636788,-3032.5001103821032,2151.565234591894
patient_128,363.0,14.52,144.78366173836625,-484.4629885323869,1917.335089780808,93.63101599412656,45.98516570957614,1984.8869580933208,81.67669007842328,-178.20775219861497,2154.832302195031
patient_128,364.0,14.56,81.01649848081408,-1594.1790814388041,1920.5757497200404,85.97416443537966,-191.42128896867234,1988.3259246707357,122.0099623741049,1008.3318073920406,2159.712700689995
patient_128,365.0,14.6,48.33593634060019,-817.0140535053472,1922.5091871736645,58.75666657020926,-680.43744662926,1990.6761913335442,29.39271511628567,-2315.431181445481,2160.8884092946464
patient_128,366.0,14.64,20.8252701343227,-687.7666551569373,1923.3421979790373,76.28199331943422,438.133168730624,1993.7274710663216,87.09552323432439,1442.570202950968,2164.3722302240194
patient_128,367.0,14.68,4.48100123022221,-408.6067226025122,1923.521438028246,101.83313236173166,638.7784760574359,1997.8007963607909,112.06679611612476,624.2818220450093,2168.854902068664
patient_128,368.0,14.72,8.282587531044781,95.03965752056428,1923.8527415294877,20.16321664403339,-2041.747892942457,1998.6073250265522,19.028451547331784,-2325.9586142198245,2169.616040130558
patient_128,369.0,14.76,26.11480306375501,445.8053883177557,1924.897333652038,10.777772449737684,-234.63610485739267,1999.0384359245415,17.577806777526344,-36.26611924513598,2170.319152401659
patient_128,370.0,14.8,30.304191374738174,104.73470777457914,1926.1095013070276,2.7216684353746015,-201.40260035907707,1999.1473026619567,14.00673346791663,-89.27683274024285,2170.8794217403756
patient_128,371.0,14.84,27.46018509328997,-71.10015703620513,1927.207908710759,18.059133506176213,383.4366267700403,1999.8696680022038,12.075203085789175,-48.288259553186386,2171.362429863807
patient_128,372.0,14.88,36.32358200244545,221.584922728887,1928.6608519908568,83.80696208027153,1643.695714352383,2003.2219464854145,123.25098696527151,2779.3945969870583,2176.292469342418
patient_128,373.0,14.92,37.482716155772266,28.978353833170445,1930.1601606370875,26.097805508086743,-1442.7289143046198,2004.2658587057379,79.93676588410158,-1082.8555270292484,2179.489939977782
patient_128,374.0,14.96,57.69035512573667,505.1909742491102,1932.467774842117,30.11205586612694,100.35625895100493,2005.470340940383,32.75301881462281,-1179.593676736969,2180.8000607303666
patient_128,375.0,15.0,62.029479373964556,108.47810620569706,1934.9489540170755,27.231490970324465,-72.01412239506189,2006.559600579196,61.819656209222615,726.665934864995,2183.2728469787353
patient_128,376.0,15.04,50.02697036936761,-300.06272511492364,1936.9500328318504,26.13090086449043,-27.514752645850837,2007.6048366137757,41.23461537907532,-514.6260207536823,2184.9222315938987
patient_128,377.0,15.08,54.92819572492232,122.5306338888677,1939.1471606608475,80.39282849800097,1356.5481908377635,2010.8205497536956,19.38183167734322,-546.3195925433025,2185.6975048609925
patient_128,378.0,15.12,28.27481275625137,-666.3345742167737,1940.2781531710975,114.75218339425238,858.9838724062854,2015.4106370894658,29.41504382247479,250.8303036282892,2186.8741066138914
patient_128,379.0,15.16,31.797424281629514,88.06528813445355,1941.5500501423626,47.63241864511121,-1677.9941187285297,2017.31593383527,71.66676928031934,1056.293136446114,2189.740777385104
patient_128,380.0,15.2,38.53968418088401,168.55649748136238,1943.0916375095978,41.27402993359776,-158.9597177878362,2018.966895032614,6.661746715676189,-1625.125564116079,2190.0072472537313
patient_128,381.0,15.24,27.585982434137097,-273.8425436686728,1944.1950768069635,131.5618715961554,2257.1960415639414,2024.2293698964602,36.24417318675268,739.5606617769124,2191.4570141812014
patient_128,382.0,15.28,70.0845132223786,1062.4632697060379,1946.9984573358586,126.21351315405575,-133.70896105249165,2029.2779104226224,160.4996188361137,3106.3861412340257,2197.8769989346456
patient_128,383.0,15.32,158.13816378737695,2201.341264124959,1953.3239838873537,32.52729279119591,-2342.155509071496,2030.5790021342702,204.80449453642697,1107.6218925078315,2206.0691787161027
patient_128,384.0,15.36,316.8802048631644,3968.5510268946864,1965.9991920818802,305.2722039193654,6818.622778204237,2042.789890291045,195.501850935015,-232.5660900352993,2213.889252753503
patient_128,385.0,15.4,401.1924710582499,2107.8066548771376,1982.0468909242104,203.23957407160046,-2550.815746194123,2050.919473253909,226.0755856909142,764.3433688974802,2222.93227618114
patient_128,386.0,15.44,433.0600987107449,796.6906913123751,1999.3692948726402,395.9549104122178,4817.883408515434,2066.7576696703977,325.78053684018766,2492.6237787318364,2235.9634976547472
patient_128,387.0,15.48,351.234554210337,-2045.6386125101972,2013.4186770410536,352.4496192421336,-1087.632279252105,2080.8556544400835,405.39820997004426,1990.4418282464148,2252.179426053549
patient_128,388.0,15.52,226.4901558180329,-3118.6099598076034,2022.478283273775,258.0693481672185,-2359.506776872878,2091.178428366772,329.13289895248647,-1906.632775438945,2265.3447420116486
patient_128,389.0,15.56,140.00022484281854,-2162.248274380359,2028.0782922674878,287.6720534526144,740.0676321348982,2102.6853105048767,262.3007413526799,-1670.8039399951645,2275.836771665756
patient_128,390.0,15.6,92.60642751936065,-1184.8449330864473,2031.7825493682624,137.55412959360896,-3752.9480964751365,2108.187475688621,267.51955997071576,130.4704654508967,2286.537554064584
patient_128,391.0,15.64,27.74235653322253,-1621.6017746534528,2032.8922436295913,65.00252453700386,-1813.7901264151274,2110.7875766701013,178.8075794629218,-2217.799512694849,2293.689857243101
patient_128,392.0,15.68,66.05405074627078,957.792355326206,2035.5344056594422,15.209462864390177,-1244.8265418153421,2111.395955184677,158.01199522078738,-519.8896060533606,2300.0103370519328
patient_128,393.0,15.72,21.873373086864355,-1104.5169414851605,2036.4093405829167,135.20673939435432,2999.9319132491037,2116.804224760451,80.27104573304152,-1943.5237371936466,2303.221178881254
patient_128,394.0,15.76,81.77446186097657,1497.5272193528053,2039.6803190573557,31.75316375661278,-2586.3393909435385,2118.0743513107154,104.32919472574301,601.4537248175372,2307.394346670284
patient_128,395.0,15.8,56.30967668744654,-636.6196293382508,2041.9327061248537,41.24362922256471,237.2616366487982,2119.724096479618,184.89413033324766,2014.1233901876162,2314.790111883614
patient_128,396.0,15.84,43.937984988644914,-309.29229247004065,2043.6902255243995,112.13673484832513,1772.3276406440107,2124.2095658735507,93.2666670404571,-2290.686582319764,2318.5207785652324
patient_128,397.0,15.88,48.79231222857562,121.35818099826761,2045.6419180135426,39.377702193354885,-1818.975816374256,2125.784673961285,55.01177413911888,-956.3723225334554,2320.721249530797
patient_128,398.0,15.92,23.6459815326086,-628.6582673991754,2046.587757274847,58.41931339487009,476.04028003788005,2128.12144649708,130.96903372429142,1898.9314896293138,2325.960010879769
patient_128,399.0,15.96,100.05577175474936,1910.2447555535189,2050.589988145037,34.9320264198949,-587.1821743743797,2129.518727553876,58.19094677747323,-1819.4521736704548,2328.287648750868
patient_128,400.0,16.0,71.6384964626688,-710.4318823020141,2053.455528003544,20.70785475657608,-355.6042915829706,2130.347041744139,74.750180228,413.9808362631694,2331.277655959988
patient_128,401.0,16.04,48.38089178810617,-581.4401168640657,2055.390763675068,69.24851431805043,1213.5164890368585,2133.116982316861,73.9282700451646,-20.547754570885246,2334.2347867617946
patient_128,402.0,16.08,30.273740969763725,-452.6787704585611,2056.6017133138585,41.26401193071137,-699.6125596834764,2134.7675427940894,31.847862900130497,-1052.0101786258526,2335.5087012778
patient_128,403.0,16.12,40.138616847183606,246.621896935497,2058.207257987746,31.534740505591643,-243.23178562799316,2136.028932414313,95.00294068782144,1578.8769446922736,2339.308818905313
patient_128,404.0,16.16,73.40495803662036,831.6585297359188,2061.1434563092107,92.03842106351168,1512.5920139480008,2139.7104692568537,54.28304272177071,-1017.997449151268,2341.4801406141837
patient_128,405.0,16.2,60.97208423441406,-310.8218450551574,2063.5823396785872,95.46433539006702,85.64785816388358,2143.5290426724564,189.30900857574946,3375.6491463494685,2349.052500957214
patient_128,406.0,16.24,77.28654564915256,407.8615353684624,2066.673801504553,114.7472754838304,482.07350234408466,2148.1189336918096,236.5299019674547,1180.5223347926308,2358.5136970359117
patient_128,407.0,16.28,50.57332010170977,-667.8306386860697,2068.696734308621,69.82015587244442,-1123.1779902846497,2150.9117399267075,67.78395433249575,-4218.6486908739735,2361.225055209212
patient_128,408.0,16.32,35.935632851575306,-365.9421812533616,2070.1341596226844,70.13708472397644,7.9232212883006525,2153.7172233156666,46.16987281226276,-540.3520380058249,2363.0718501217025
patient_128,409.0,16.36,57.208569941457796,531.8234272470622,2072.422502420343,27.437317139265247,-1067.49418961778,2154.8147160012372,50.68780972624239,112.94842284949081,2365.099362510752
patient_128,410.0,16.4,38.34196825047133,-471.6650422746616,2073.9561811503618,67.76243605623021,1008.1279729241242,2157.5252134434863,99.94496595882381,1231.4289058145355,2369.097161149105
patient_128,411.0,16.44,47.943715786848635,240.04368840943258,2075.8739297818356,106.3067846675696,963.6087152834847,2161.777484830189,83.48117732026225,-411.5947159640392,2372.436408241915
patient_128,412.0,16.48,62.75011543079627,370.1599910986909,2078.3839343990676,106.27184803546349,-0.8734158026527439,2166.028358751608,219.4613000638351,3399.503068589321,2381.2148602444686
patient_128,413.0,16.52,74.26304212521492,287.8231673604663,2081.354456084076,153.71625208755265,1186.110101302229,2172.17700883511,293.6738409736692,1855.3135227458527,2392.9618138834157
patient_128,414.0,16.56,133.59801276342066,1483.3742659551433,2086.698376594613,287.0204414866675,3332.604734977871,2183.6578264945765,447.8660999917353,3854.806475451653,2410.876457883085
patient_128,415.0,16.6,284.90218857763034,3782.604395355242,2098.094464137718,263.15263830256436,-596.6950796025785,2194.183932026679,333.77123241837256,-2852.371689334069,2424.22730717982
patient_128,416.0,16.64,318.4258688036048,838.0920056493621,2110.8314988898624,327.8656205230388,1617.8245555118608,2207.2985568476006,175.12331566697586,-3966.197918784918,2431.232239806499
patient_128,417.0,16.68,334.93689714215697,412.7757084638034,2124.2289747755485,431.1402916541091,2581.8667782767575,2224.544168513765,418.7256587942492,6090.0585781818345,2447.9812661582687
patient_128,418.0,16.72,35.23683302172473,-7492.501603010805,2125.6384480964175,58.56630229642286,-9314.349733942156,2226.886820605622,31.709920705458334,-9675.393452219772,2449.2496629864872
patient_128,419.0,16.76,334.440856979017,7480.100598932306,2139.016082375578,319.2879877428002,6518.042136159434,2239.658340115334,257.20026660217604,5637.2586474179425,2459.537673650574
patient_128,420.0,16.8,444.64187004378675,2755.025326619244,2156.8017571773294,556.6805361705946,5934.813710694859,2261.9255615621573,614.1875714417768,8924.682620990017,2484.105176508245
patient_128,421.0,16.84,249.4547005517517,-4879.679237300877,2166.7799451993997,138.77786062758767,-10447.566888575173,2267.476675987261,139.36071109834364,-11870.671508585829,2489.6796049521786
patient_128,422.0,16.88,144.00282808998554,-2636.296811544154,2172.540058322999,193.66991682020662,1372.3014048154737,2275.223472660069,297.2415751995304,3947.0216025296695,2501.56926796016
patient_128,423.0,16.92,49.88757326522259,-2352.881370619074,2174.535561253608,105.74642757669396,-2198.0872310878167,2279.453329763137,201.60587470990325,-2390.892512240679,2509.633502948556
patient_128,424.0,16.96,26.440052569752023,-586.1880173867643,2175.593163356398,36.7649237584742,-1724.537595455494,2280.923926713476,31.606729385963902,-4249.978633098483,2510.897772123995
patient_128,425.0,17.0,63.73362484824297,932.3393069622736,2178.1425083503277,106.36332855680024,1739.9601199581512,2285.178459855748,31.762387615612184,3.8914557412070394,2512.168267628619
patient_128,426.0,17.04,67.84285156794188,102.73066799247275,2180.8562224130455,76.05873473567802,-757.6148455280556,2288.220809245175,179.4543122239024,3692.2981152072553,2519.346440117575
patient_128,427.0,17.08,65.33950555137476,-62.58365041417804,2183.4698026351007,52.58092617209309,-586.945214089623,2290.324046292059,70.81482610958719,-2715.9871528578806,2522.1790331619586
patient_128,428.0,17.12,39.919013323767714,-635.512305690176,2185.0665631680513,31.045115898442475,-538.3952568412655,2291.5658509279965,43.98861139133445,-670.6553679563184,2523.9385776176123
patient_128,429.0,17.16,11.966697698306438,-698.8078906365319,2185.5452310759833,62.0472777605862,775.054046553593,2294.04774203842,35.91991517102399,-201.7174055077616,2525.3753742244535
patient_128,430.0,17.2,17.041955607415975,126.88144772773842,2186.22690930028,23.864950827619328,-954.5581733241718,2295.0023400715245,34.52820444173585,-34.792768232203386,2526.756502402123
patient_128,431.0,17.24,59.343951211076835,1057.5498900915213,2188.600667348723,28.377012401489107,112.80153934674448,2296.1374205675843,68.51312894793932,849.6231126550867,2529.4970275600404
patient_128,432.0,17.28,92.18175483575355,820.9450906169179,2192.287937542153,93.31014851362475,1623.328402803391,2299.8698265081293,30.27914452463838,-955.8496105825235,2530.708193341026
patient_128,433.0,17.32,111.68822663410278,487.66179495873064,2196.7554666075175,48.78531670806254,-1113.1207951390554,2301.821239176452,87.86182825590686,1439.5670932817118,2534.222666471262
patient_128,434.0,17.36,66.11300746839407,-1139.3804791427176,2199.399986906253,93.18448540365188,1109.9792173897335,2305.548618592598,46.311998021379395,-1038.7457558631866,2536.0751463921174
patient_128,435.0,17.4,86.85563064501102,518.5655794154236,2202.874212132054,161.73370152842728,1713.7304031193848,2312.017966653735,36.96579990660946,-233.65495286924835,2537.553778388382
patient_128,436.0,17.44,31.869163116209602,-1374.6616882200353,2204.148978656702,44.24376263997545,-2937.248472211296,2313.787717159334,62.321029507395636,633.8807400196544,2540.0466195686777
patient_128,437.0,17.48,36.80271290080817,123.33874461496413,2205.6210871727344,72.15536289747573,697.7900064375069,2316.673931675233,80.21588218338023,447.37131689961484,2543.255254856013
patient_128,438.0,17.52,39.58033433150601,69.44053576744605,2207.2043005459946,5.406907708206568,-1668.7113797317288,2316.890207983561,102.18652414855805,549.2660491294455,2547.342715821955
patient_128,439.0,17.56,12.013617425363593,-689.1679226535605,2207.6848452430095,20.87180210337347,386.6223598791725,2317.725080067696,14.907373729951392,-2181.9787604651665,2547.9390107711533
patient_128,440.0,17.6,48.336466921027345,908.0712373915939,2209.6183039198504,64.60597864147097,1093.3544134524375,2320.3093192133547,48.71535674164102,845.1995752922408,2549.887625040819
patient_128,441.0,17.64,85.25764032930051,923.0293352068293,2213.0286095330225,72.92297862932989,207.92499969647304,2323.226238358528,92.81914941133074,1102.5948167422432,2553.600391017272
patient_128,442.0,17.68,236.57303678290717,3782.884911340166,2222.491531004339,233.51920829158811,4014.9057415564557,2332.5670066901916,123.69294384483993,771.8448608377297,2558.548108771066
patient_128,443.0,17.72,708.5370430017546,11799.100155471186,2250.833012724409,694.9725576131126,11536.333733038111,2360.365908994716,809.0389624258034,17133.65046452409,2590.909667268098
patient_128,444.0,17.76,591.5411097339575,-2924.898331694928,2274.4946571137675,760.5389354132056,1639.1594450023263,2390.787466411244,704.5341167473144,-2612.621141962225,2619.0910319379905
patient_128,445.0,17.8,376.6142692087288,-5373.171013130716,2289.559227882117,520.6635386523827,-5996.884919020573,2411.6140079573397,595.3186353643198,-2730.3870345748664,2642.9037773525633
patient_128,446.0,17.84,221.05442464090368,-3888.996114195628,2298.4014048677527,301.67787588995316,-5474.641569060739,2423.6811229929376,419.9054081872106,-4385.3306794277305,2659.699993680052
patient_128,447.0,17.88,177.87457588104272,-1079.496218996524,2305.5163879029947,188.1593487984404,-2837.9631772878192,2431.2074969448754,313.7422808499536,-2654.0781834314243,2672.2496849140502
patient_128,448.0,17.92,56.66413934035754,-3030.2609135171297,2307.782953476609,113.88881389547444,-1856.7633725741487,2435.7630495006943,124.43273384883913,-4732.738675027862,2677.2269942680036
patient_128,449.0,17.96,120.47047725188297,1595.1584477881356,2312.601772566684,113.8510089849269,-0.9451227636883885,2440.3170898600915,109.67497164945516,-368.9440549845994,2681.6139931339817
patient_128,450.0,18.0,17.111854758218172,-2583.9655623416197,2313.2862467570126,71.23685963048469,-1065.3537338610554,2443.166564245311,30.426088868189584,-1981.2220695316394,2682.8310366887094
patient_128,451.0,18.04,136.3269921484147,2980.378434754913,2318.7393264429493,172.98043076342933,2543.589278323616,2450.085781475848,181.28965609778137,3771.5891807397943,2690.082622932621
patient_128,452.0,18.08,151.5172312766478,379.7559782058279,2324.800015694015,151.9155250359198,-526.6226431877378,2456.1624024772846,221.91228204749433,1015.5656487428239,2698.95911421452
patient_128,453.0,18.12,130.22482789106124,-532.3100846396642,2330.0090088096576,227.3840983286382,1886.7143323179598,2465.25776641043,99.79001750877003,-3053.0566134681076,2702.950714914871
patient_128,454.0,18.16,70.4980538058859,-1493.1693521293835,2332.828930961893,58.96761416943427,-4210.412103980098,2467.6164709772074,91.18402614403139,-215.14978411846607,2706.5980759606323
patient_128,455.0,18.2,37.55326748772243,-823.6196579540868,2334.331061661402,68.33823960896926,234.26563598837475,2470.3500005615665,18.830973907390174,-1808.8263059160304,2707.351314916928
patient_128,456.0,18.24,27.14303334140469,-260.25585365794353,2335.4167829950584,67.34845905343693,-24.74451388830836,2473.043938923704,96.25601532606261,1935.626035466811,2711.2015555299704
patient_128,457.0,18.28,91.32241367348749,1604.48450830207,2339.0696795419976,152.09202370155072,2118.5891162028447,2479.127619871766,112.69305703371288,410.92604269125667,2715.7092778113188
patient_128,458.0,18.32,34.146817496471115,-1429.3899044254094,2340.4355522418564,154.92009813612384,70.70186086432813,2485.324423797211,200.52594980976224,2195.822319401234,2723.730315803709
patient_128,459.0,18.36,93.84973155001117,1492.5728513385013,2344.189541503857,95.10927792654608,-1495.270505239444,2489.128794914273,111.72679546794605,-2219.978858545405,2728.199387622427
patient_128,460.0,18.4,74.80832676259011,-476.03511968552647,2347.1818745743603,103.2733578769647,204.10199876046528,2493.2597292293513,79.75340979036915,-799.3346419394225,2731.3895240140414
patient_128,461.0,18.44,12.261272996155665,-1563.6763441608612,2347.6723254942067,24.63108854137088,-1966.0567333898457,2494.244972771006,45.07798057606934,-866.885730357495,2733.192643237084
patient_128,462.0,18.48,49.835193983217394,939.3480246765431,2349.6657332535356,77.61536824676153,1324.6069926347664,2497.3495875008766,22.832627078158964,-556.1338374477594,2734.1059483202102
patient_128,463.0,18.52,75.63817632987329,645.0745586663974,2352.6912603067303,44.840768655169555,-819.3649897897994,2499.1432182470835,28.25540927236513,135.5695548551542,2735.236164691105
patient_128,464.0,18.56,161.38725731726348,2143.7270246847547,2359.146750599421,128.72134233511457,2097.0143419986252,2504.292071940488,251.70707466833824,5586.291634899328,2745.304447677838
patient_128,465.0,18.6,332.36833072520807,4274.526835198615,2372.441483828429,398.3518298781039,6740.762188574733,2520.226145135612,560.372764747357,7716.642251975469,2767.7193582677323
patient_128,466.0,18.64,317.38200555589833,-374.6581292327434,2385.136764050665,796.6544872346275,9957.566433913089,2552.092324624997,732.3763900747831,4300.090633185653,2797.0144138707237
patient_128,467.0,18.68,616.9121170892826,7488.252788334606,2409.8132487342364,1425.0805007609458,15710.650338157959,2609.095544655435,1895.8013447462251,29085.623866786053,2872.846467660573
patient_128,468.0,18.72,457.04038569607565,-3996.793284830173,2428.0948641620794,294.59082362111315,-28262.241928495816,2620.8791776002795,277.5295976369892,-40456.7936777309,2883.9476515660526
patient_128,469.0,18.76,379.06501661086185,-1949.384227130345,2443.257464826514,432.6054203040924,3450.3649170744807,2638.1833944124432,248.25954218798498,-731.7513862251054,2893.878033253572
patient_128,470.0,18.8,299.2058212260279,-1996.4798846208482,2455.2256976755552,323.48887457145815,-2727.9136433158556,2651.1229493953015,248.89930797932928,15.994144783607567,2903.8340055727454
patient_128,471.0,18.84,29.635522464072068,-6739.257469048897,2456.411118574118,63.59692013045841,-6497.298861024994,2653.6668262005196,34.824938722489684,-5351.85923142099,2905.227003121645
patient_128,472.0,18.88,246.30080751988362,5416.632126395289,2466.263150874913,273.43537557513577,5245.961386116934,2664.604241223525,183.6390391017583,3720.352509481715,2912.5725646857154
patient_128,473.0,18.92,226.8046668709381,-487.4035162236382,2475.335337549751,210.50787353048733,-1573.187551116211,2673.0245561647444,87.39620974934375,-2406.0707338103634,2916.0684130756895
patient_128,474.0,18.96,110.70832934755386,-2902.4084380846057,2479.763670723653,59.77637321417571,-3768.2875079077903,2675.4156110933113,141.48552265607606,1352.2328226683076,2921.7278339819327
patient_128,475.0,19.0,152.4666773120036,1043.958699111244,2485.862337816133,60.101952709027074,8.139487371284027,2677.8196892016726,240.38595849784687,2472.5108960442703,2931.3432723218466
patient_128,476.0,19.04,151.80893499803292,-16.443557849267165,2491.9346952160545,109.22646959840515,1228.1129222344518,2682.1887479856086,222.23069777880016,-453.88151797616774,2940.232500232998
patient_128,477.0,19.08,186.84979537758738,876.0215094888615,2499.408687031158,205.623590565395,2409.9280241747465,2690.4136916082243,97.57432367538287,-3116.4093525854323,2944.1354731800134
patient_128,478.0,19.12,126.5741534644483,-1506.891047828477,2504.471653169736,172.14862214696868,-836.8742104606582,2697.2996364941027,254.61350654204128,3925.97957166646,2954.3200134416948
patient_128,479.0,19.16,101.07897481298735,-637.3794662865237,2508.5148121622556,155.62848087886633,-413.00353170255875,2703.5247757292573,181.82810837671158,-1819.6349541332424,2961.5931377767633
patient_128,480.0,19.2,75.74449328490508,-633.362038202057,2511.5445918936516,234.97330491539878,1983.6206009133114,2712.9237079258733,126.39609965037313,-1385.8002181584613,2966.648981762778
patient_128,481.0,19.24,87.75784917708114,300.3338973044016,2515.054905860735,111.56924725419634,-3085.101441530061,2717.3864778160414,116.97194844346959,-235.60378017258864,2971.3278597005174
patient_128,482.0,19.28,39.18217589278508,-1214.3918321074016,2516.622192896446,72.03589201837565,-988.3338808955173,2720.2679134967766,57.324118805506735,-1491.1957409490713,2973.6208244527375
patient_128,483.0,19.32,65.48877707001488,657.6650294307449,2519.2417439792466,211.22772511421644,3479.79582739602,2728.7170225013456,216.63033197451773,3982.6553292252747,2982.2860377317184
patient_128,484.0,19.36,31.42503419345081,-851.5935719141016,2520.498745346985,22.541350866420487,-4717.1593561948985,2729.618676536002,124.3263382152072,-2307.599843982763,2987.259091260327
patient_128,485.0,19.4,19.850508408017163,-289.36314463584114,2521.292765683306,169.47013687451278,3673.219650202307,2736.397482010983,119.3382756905527,-124.70156311636238,2992.0326222879485
patient_128,486.0,19.44,56.17485834429382,908.1087484069163,2523.5397600170777,32.14499779504297,-3433.128476986745,2737.6832819227843,124.56368233049274,130.63516599850084,2997.0151695811683
patient_128,487.0,19.48,24.450528776345916,-793.1082391986976,2524.5177811681315,169.34589432418835,3430.0224132286344,2744.457117695752,280.2631446662711,3892.4865583944593,3008.2256953678193
patient_128,488.0,19.52,35.21490547958573,269.1094175809954,2525.926377387315,12.961284144551946,-3909.61525449091,2744.975569061534,68.66161119650255,-5290.038336744214,3010.9721598156793
patient_128,489.0,19.56,56.22105810788428,525.1538157074638,2528.1752197116302,76.24353902346627,1582.056371972858,2748.0253106224723,34.36710393652274,-857.3626814994952,3012.3468439731405
patient_128,490.0,19.6,35.40132979204309,-520.4932078960297,2529.591272903312,14.158406187143344,-1552.1283209080732,2748.591646869958,171.93759985737634,3439.2623980213402,3019.2243479674357
patient_128,491.0,19.64,178.35794954100805,3573.9154937241237,2536.7255908849525,208.7467403430787,4864.708353898383,2756.941516483681,169.00540622762065,-73.30484074389219,3025.98456421654
patient_128,492.0,19.68,10.214961994095097,-4203.574688672824,2537.1341893647163,35.40856349934332,-4333.454421093385,2758.357859023655,52.70668344059931,-2907.4680696755336,3028.092831554164
patient_128,493.0,19.72,108.96414247980168,2468.7295121426646,2541.4927550639086,145.45906608118824,2751.2625645461226,2764.1762216669026,55.06601225162629,58.98322027567442,3030.2954720442294
patient_128,494.0,19.76,120.30043429797972,283.407295454451,2546.3047724358275,122.7316269625663,-568.1859779655487,2769.0854867454054,31.489050003421273,-589.4240562051255,3031.5550340443665
patient_128,495.0,19.8,198.37290265838274,1951.8117090100754,2554.2396885421626,41.41084837942946,-2033.019464578421,2770.7419206805826,290.52554316903576,6475.912329140363,3043.1760557711277
patient_128,496.0,19.84,328.27674139180846,3247.5959683356427,2567.370758197835,296.1399124276288,6368.226601204984,2782.587517177688,204.75082618498607,-2144.367924601242,3051.3660888185273
patient_128,497.0,19.88,558.551328530738,5756.864678473239,2589.712811339065,544.585000161114,6211.127193337128,2804.3709171841324,602.3996880966196,9941.221547790838,3075.462076342392
patient_128,498.0,19.92,599.2390849604078,1017.1939107417444,2613.682374737481,729.7357984480972,4628.769957174581,2833.560349122056,961.4224559520393,8975.569196385493,3113.9189745804733
patient_128,499.0,19.96,585.9633882015594,-331.89241897121065,2637.1209102655434,932.7393380855823,5075.088490937128,2870.869922645479,954.0251667025755,-184.9322312365956,3152.079981248576
patient_128,500.0,20.0,372.4491719541221,-5337.855406185932,2652.0188771437083,746.4880942866756,-4656.281094972666,2900.729446416946,736.8848961641492,-5428.506763460658,3181.555377095142
patient_128,501.0,20.04,196.3591846618768,-4402.249682306133,2659.873244530184,289.3945357272615,-11427.338963985354,2912.3052278460364,457.50853787125357,-6984.40895732239,3199.855718609992
patient_128,502.0,20.08,119.49899536665252,-1921.5047323806073,2664.6532043448497,111.1667415237339,-4455.69485508819,2916.7518975069856,170.69923430314864,-7170.232589202624,3206.683687982118
patient_128,503.0,20.12,122.47381195447676,74.3704146956059,2669.552156823029,208.9574330174932,2444.7672873439824,2925.1101948276855,205.37401885495143,866.8696137950697,3214.8986487363163
patient_128,504.0,20.16,164.95060224451137,1061.9197572508654,2676.1501809128094,166.40831132584054,-1063.7280422913163,2931.766527280719,198.05012247204,-183.09740957278606,3222.8206536351977
patient_128,505.0,20.2,110.12332121040778,-1370.6820258525897,2680.555113761226,68.41001350392298,-2449.957445547939,2934.502927820876,72.43395001544268,-3140.4043114149326,3225.7180116358154
patient_128,506.0,20.24,16.99865354619707,-2328.1166916052675,2681.2350599030738,28.272848943419664,-1003.4291140125831,2935.633841778613,9.78566342787248,-1566.207164689255,3226.1094381729304
patient_128,507.0,20.28,28.610705435926008,290.3012972432235,2682.379488120511,58.362185521278285,752.2334144464655,2937.9683291994643,25.996452436636464,405.26972521909954,3227.149296270396
patient_128,508.0,20.32,25.545585004937475,-76.6280107747133,2683.401311520708,36.591850623409506,-544.2583724467195,2939.432003224401,65.94956294724003,998.8277627650891,3229.787278788285
patient_128,509.0,20.36,11.655276681581062,-347.2577080839103,2683.867522587972,72.36933516066237,894.4371134313217,2942.326776630827,68.15607132318534,55.16270939863297,3232.5135216412127
patient_128,510.0,20.4,40.47579475735082,720.5129518942439,2685.4865543782657,97.94534224204678,639.4001770346101,2946.2445903205094,105.11863983442873,924.0642127810847,3236.71826723459
patient_128,511.0,20.44,114.55384333786203,1851.9512145127806,2690.068708111781,127.10454500724333,728.9800691299139,2951.328772120799,330.9988596155192,5647.005494527262,3249.9582216192107
patient_128,512.0,20.48,209.12977657714143,2364.398330981985,2698.4338991748664,199.50803350661968,1810.0872124844088,2959.3090934610636,360.03797931912885,725.9779925902408,3264.3597407919756
patient_128,513.0,20.52,168.03464580383138,-1027.3782693327512,2705.1552850070193,524.1625483024931,8116.362869896835,2980.2755953931633,538.7674698585671,4468.237263485956,3285.9104395863183
patient_128,514.0,20.56,118.54321722902262,-1237.285714370219,2709.8970136961802,495.9279461018897,-705.8650550150844,3000.112713237239,504.7628934949861,-850.1144090895252,3306.100955326118
patient_128,515.0,20.6,140.07253927484976,538.2330511456786,2715.499915267174,458.43258788266303,-937.3839554806665,3018.4500167525457,486.1494392013991,-465.3363573396746,3325.5469328941736
patient_128,516.0,20.64,158.47026480848868,459.94313834097295,2721.8387258595135,277.57935272407315,-4521.330878964747,3029.5531908615085,276.10940367463337,-5251.000888169144,3336.591309041159
patient_128,517.0,20.68,128.86519793526998,-740.1266718304676,2726.9933337769244,147.4262207252119,-3253.8282999715316,3035.4502396905173,185.0382856885377,-2276.7779496523913,3343.9928404687007
patient_128,518.0,20.72,172.3842411410216,1087.9760801437903,2733.888703422565,99.48631088826886,-1198.4977459235758,3039.429692126048,95.5099928813489,-2238.2073201797207,3347.8132401839543
patient_128,519.0,20.76,77.87951943030468,-2362.618042767923,2737.0038841997775,124.7954102185145,632.7274832561411,3044.4215085347887,41.23662128415026,-1356.8342899299657,3349.46270503532
patient_128,520.0,20.8,94.7382417792829,421.4680587244555,2740.793413870949,30.098466769978064,-2367.423586213411,3045.625447205588,80.02051799383112,969.5974177420215,3352.663525755074
patient_128,521.0,20.84,50.6932515138911,-1101.1247566347952,2742.821143931504,134.34344061856115,2606.124346214577,3050.9991848303303,102.17665312097222,553.9033781785274,3356.7505918799125
patient_128,522.0,20.88,47.13001389939286,-89.08094036245603,2744.7063444874802,120.98762324515721,-333.89543433509846,3055.8386897601367,128.16409378661237,649.6860166410038,3361.8771556313773
patient_128,523.0,20.92,47.1516714742269,0.5414393708511156,2746.5924113464494,120.41548752259108,-14.30339306415327,3060.6553092610407,148.23824153051228,501.85369359749785,3367.806685292598
patient_128,524.0,20.96,23.869549785293035,-582.0530422233467,2747.5471933378612,60.39370781752952,-1500.544492626539,3063.071057573742,90.38230936364366,-1446.3983041717156,3371.421977667144
patient_128,525.0,21.0,52.345837434913406,711.9071912405093,2749.6410268352574,122.1259903797289,1543.3070640549847,3067.9560971889314,35.73357643340656,-1366.2183232559273,3372.8513207244805
patient_128,526.0,21.04,23.456805816437463,-722.2257904618986,2750.5792990679156,61.72683466866827,-1509.978892776516,3070.425170575678,83.85334524176302,1202.9942202089114,3376.2054545341507
patient_128,527.0,21.08,72.91449985865768,1236.4423510555052,2753.495879062262,115.68804700455405,1349.0303083971446,3075.05269245586,104.91163195665143,526.4571678722102,3380.401919812417
patient_128,528.0,21.12,24.831743225512827,-1202.0689158286214,2754.4891487912823,112.70332765587577,-74.61798371695707,3079.5608255620955,98.65076060467753,-156.5217837993476,3384.347950236604
patient_128,529.0,21.16,53.543696105976856,717.7988220116007,2756.6308966355214,80.67237994404172,-800.7736927958512,3082.7877207598567,99.31098231909375,16.505542860405598,3388.3203895293677
patient_128,530.0,21.2,42.71564864539731,-270.7011865144887,2758.3395225813374,85.44642672634545,119.3511695575932,3086.2055778289105,48.65796319259016,-1266.32547816259,3390.266708057071
patient_128,531.0,21.24,28.728582908200643,-349.6766434299166,2759.488665897665,54.8787453727199,-764.1920338406388,3088.4007276438188,46.55685718231704,-52.52765025682802,3392.128982344364
patient_128,532.0,21.28,31.69117569307958,74.0648196219734,2760.7563129253886,30.284009775346924,-614.8683899343243,3089.612088034833,39.06720672412561,-187.24126145478567,3393.691670613329
patient_128,533.0,21.32,115.65735152308267,2099.1543957500776,2765.3826069863117,95.46897292950729,1629.624078854009,3093.430846952013,61.10131354457281,550.85267051118,3396.135723155112
patient_128,534.0,21.36,85.86996937026034,-744.6845538205583,2768.8174057611222,260.6178243663435,4128.721285920905,3103.855559926667,36.52863387099975,-614.3169918393265,3397.596868509952
patient_128,535.0,21.4,44.9270982870266,-1023.5717770808433,2770.6144896926035,74.92905168835219,-4642.219316949782,3106.8527219942007,19.400554407863776,-428.20198657839927,3398.3728906862666
patient_128,536.0,21.44,98.37020536369714,1336.0776769167635,2774.549297907151,62.50341927723728,-310.6408102778728,3109.3528587652904,258.3312105808953,5973.266404325787,3408.7061391095026
patient_128,537.0,21.48,259.81679271067486,4036.1646836744426,2784.941969615578,213.85127152548554,3783.696306206207,3117.90690962631,24.413451764153177,-5847.943970418553,3409.6826771800684
patient_128,538.0,21.52,492.4350309627111,5815.455956300906,2804.639370854086,521.7072611799422,7696.399741361415,3138.7752000735077,517.4788240483649,12326.634307105292,3430.381830142003
patient_128,539.0,21.56,551.6091218167372,1479.3522713506534,2826.703735726756,837.152408364847,7886.128679622621,3172.2612964081013,932.6689602510079,10379.753405066074,3467.6885885520433
patient_128,540.0,21.6,483.091721679866,-1712.9350034217807,2846.0274045939505,763.2832989914334,-1846.7277343353403,3202.7926283677584,915.8594844592205,-420.23689479468374,3504.322967930412
patient_128,541.0,21.64,190.14956745341485,-7323.553855661279,2853.633387292087,291.78261204168746,-11787.517173743649,3214.463932849426,362.58593344644896,-13831.83877531929,3518.82640526827
patient_128,542.0,21.68,60.84931669737509,-3232.5062689009937,2856.067359959982,151.61418903363722,-3504.210575201256,3220.528500410772,176.58006301739664,-4650.1467607263085,3525.8896077889653
patient_128,543.0,21.72,70.3424930695635,237.3294093047104,2858.8810596827643,136.31055536359582,-382.5908417510348,3225.9809226253155,284.81707843731914,2705.9253854980625,3537.2822909264582
patient_128,544.0,21.76,68.48657791422491,-46.39787888346483,2861.6205227993337,38.11521364606811,-2454.883542938193,3227.5055311711585,38.2943911528187,-6163.067182112512,3538.8140665725705
patient_128,545.0,21.8,47.98855419793618,-512.4505929072182,2863.5400649672506,235.8966773460195,4944.536592498784,3236.941398264999,252.99158560727827,5367.429861361489,3548.9337299968615
patient_128,546.0,21.84,72.67943237037402,617.2719543109458,2866.447242262066,117.30912107593932,-2964.688906752004,3241.633763108037,45.801360192790675,-5179.75563536219,3550.7657844045734
patient_128,547.0,21.88,14.096802721942753,-1464.5657412107817,2867.011114370944,53.74493849969065,-1589.1045644062167,3243.7835606480244,78.93563900335303,828.3569702640589,3553.9232099647074
patient_128,548.0,21.92,39.949962082476745,646.3289840133498,2868.609112854243,38.035545716278904,-392.7348195852936,3245.304982476676,94.37922456855989,386.08963913017146,3557.69837894745
patient_128,549.0,21.96,34.33522344745892,-140.36846587544557,2869.9825217921416,40.005034527670375,49.23722028478679,3246.9051838577825,159.63383729517398,1631.3653181653522,3564.083732439257
patient_128,550.0,22.0,23.874351902388597,-261.52178862675817,2870.937495868237,24.691067259865893,-382.84918169511207,3247.892826548177,73.29052328476354,-2158.582850260261,3567.0153533706475
patient_128,551.0,22.04,78.23916965796607,1359.120443889437,2874.0670626545557,56.799156701334894,802.7022360367251,3250.16479281623,19.410804887425147,-1346.9929599334598,3567.7917855661444
patient_128,552.0,22.08,94.49624151044428,406.4267963119551,2877.8469123149735,75.20792605900006,460.2192339416291,3253.17310985859,50.96114178281981,788.7584223848665,3569.8302312374567
patient_128,553.0,22.12,41.789926109389995,-1317.657885026357,2879.5185093593486,28.959756134667316,-1156.2042481083186,3254.3315001039773,17.365371825158622,-839.8942489415298,3570.5248461104634
patient_128,554.0,22.16,16.982038101726413,-620.1972001915896,2880.1977908834174,43.54204471467392,364.5572145001651,3256.073181892564,47.71394679177453,758.7143741653978,3572.433403982134
patient_128,555.0,22.2,54.32366009046683,933.5405497185103,2882.370737287036,10.656082114082581,-822.1490650147836,3256.4994251771277,36.48866667924278,-280.63200281329375,3573.892950649304
patient_128,556.0,22.24,31.775853656483967,-563.6951608495716,2883.641771433295,3.269876447357311,-184.65514166813176,3256.630220235022,27.54591663700539,-223.5687510559348,3574.994787314784
patient_128,557.0,22.28,28.032696291280683,-93.57893413008212,2884.7630792849463,72.03195129809347,1719.0518712684043,3259.511498286946,122.15640694214264,2365.262257628431,3579.8810435924697
patient_128,558.0,22.32,49.31898348104348,532.1571797440699,2886.7358386241885,60.81112880998359,-280.52056220274704,3261.9439434393453,42.049857407391414,-2002.6637383687805,3581.563037888765
patient_128,559.0,22.36,29.45234921427684,-496.66585666916603,2887.9139325927595,38.56723234761089,-556.0974115593176,3263.48663273325,59.2587206633375,430.2215813986521,3583.933386715298
patient_128,560.0,22.4,28.201203798558534,-31.278635392957632,2889.0419807447015,65.29651480459115,668.2320614245066,3266.098493325434,75.54651477063415,407.1948526824162,3586.9552473061235
patient_128,561.0,22.44,33.04618718534958,121.12458466977616,2890.3638282321153,65.22041771825869,-1.9024271583116814,3268.707310034164,122.81722083343672,1181.7676515700643,3591.867936139461
patient_128,562.0,22.48,115.18903627845054,2053.571227327524,2894.971389683253,113.00957543705098,1194.7289429698073,3273.2276930516464,53.5375216878136,-1731.9924786405777,3594.0094370069737
patient_128,563.0,22.52,145.00003978946611,745.2750877753892,2900.771391274832,160.36165039917748,1183.8018740531625,3279.6421590676136,205.2984122473505,3794.0222639884228,3602.221373496868
patient_128,564.0,22.56,130.14092906220566,-371.47776818151146,2905.9770284373203,159.9293360564631,-10.807858567859796,3286.039332509872,375.11101113466293,4245.31497218281,3617.2258139422547
patient_128,565.0,22.6,111.87216084208268,-456.7192055030745,2910.4519148710037,271.2418686513463,2782.8133148720804,3296.8890072559257,503.015894102617,3197.6220741988514,3637.3464497063596
patient_128,566.0,22.64,131.70902611591504,495.921631845809,2915.7202759156407,275.87296267736343,115.77735065042845,3307.9239257630197,265.65716186578317,-5933.9683059208455,3647.9727361809905
patient_128,567.0,22.68,275.11941216910685,3585.2596513297954,2926.725052402405,472.48481280457474,4915.296253180283,3326.823318275203,357.03772453613226,2284.5140667587275,3662.254245162436
patient_128,568.0,22.72,365.46906746112063,2258.7413823003444,2941.3438151008495,362.9748343225726,-2737.7494620500543,3341.3423116481054,381.21823448467165,604.5127487134848,3677.5029745418224
patient_128,569.0,22.76,355.1066490290741,-259.0604608011631,2955.5480810620124,356.86747782920725,-152.68391233413325,3355.6170107612734,365.7344273866882,-387.09517744958646,3692.13235163729
patient_128,570.0,22.8,299.31368015722387,-1394.8242217962559,2967.520628268301,331.5510435126843,-632.9108579130732,3368.8790525017807,381.614455837301,397.00071126532066,3707.396929870782
patient_128,571.0,22.84,283.7425878235171,-389.27730834266896,2978.8703317812424,328.693509220874,-71.43835729525847,3382.0267928706157,386.9030653744279,132.2152384281722,3722.873052485759
patient_128,572.0,22.88,250.0637004615438,-841.9721840493331,2988.872879799704,255.7158244404012,-1824.4421195118193,3392.2554258482314,257.0451775647568,-3246.447195241778,3733.154859588349
patient_128,573.0,22.92,247.9417007675887,-53.049992348876884,2998.790547830408,288.41097735301054,817.3788228152332,3403.791864942352,248.13305411367966,-222.80308627692804,3743.080181752897
patient_128,574.0,22.96,205.62283221411394,-1057.9717138368692,3007.0154611189723,190.38067024614782,-2450.757677671568,3411.4070917521976,255.27253927532982,178.48712904125392,3753.2910833239102
patient_128,575.0,23.0,179.5687067190268,-651.3531373771784,3014.198209387733,178.68269886900342,-292.44928442861,3418.5543997069576,178.37154588888643,-1922.5248346610847,3760.4259451594658
patient_128,576.0,23.04,196.20059989224904,415.79732933055595,3022.0462333834234,182.23007213414826,88.68433162862104,3425.8436025923234,286.40283773237746,2700.782296087276,3771.8820586687607
patient_128,577.0,23.08,117.77830297389131,-1960.5574229589433,3026.7573655023793,77.86983058169494,-2609.006038811333,3428.9583958155913,55.07177279210258,-5783.276623506872,3774.0849295804446
patient_128,578.0,23.12,64.71852517779723,-1326.4944449023521,3029.346106509491,212.42803157310536,3363.9550247852603,3437.455517078515,238.32597429376153,4581.355037541473,3783.617968552195
patient_128,579.0,23.16,67.03701939636974,57.962355464312765,3032.0275872853463,182.99835053771213,-735.7420258848308,3444.775451100024,156.80715597636285,-2037.970457934967,3789.89025479125
patient_128,580.0,23.2,37.39705537163611,-740.9991006183409,3033.523469500212,35.459414767421194,-3688.473394257274,3446.193827690721,97.00983318760738,-1494.9330697188866,3793.7706481187543
patient_128,581.0,23.24,18.287915103255624,-477.72850670951203,3034.2549861043417,83.74906807696756,1207.2413327386591,3449.5437904138,59.19970155583049,-945.2532907944225,3796.1386361809873
patient_128,582.0,23.28,54.6910320245076,910.0779230312994,3036.4426273853223,122.15914958643451,960.2520377366737,3454.430156397257,107.46240889278171,1206.5676834237806,3800.4371325366983
patient_128,583.0,23.32,46.377559529888416,-207.8368123654796,3038.297729766518,47.535736589297684,-1865.5853249284205,3456.3315858608294,20.47957200209202,-2174.5709222672426,3801.256315416782
patient_128,584.0,23.36,37.25209175628631,-228.1366943400526,3039.7878134367693,102.31005041722695,1369.3578456982316,3460.4239878775184,32.269397860897946,294.74564647014813,3802.5470913312183
patient_128,585.0,23.4,41.757174389099816,112.6270658203376,3041.4581004123334,70.84385384382811,-786.6549143349708,3463.257742031272,63.76327979470886,787.3470483452728,3805.097622523007
patient_128,586.0,23.44,93.52979213861714,1294.315443737933,3045.1992920978782,103.66396192064573,820.5027019204405,3467.4043005080975,117.7995938842866,1350.9078522394434,3809.809606278378
patient_128,587.0,23.48,68.22653402764023,-632.5814527744228,3047.9283534589836,184.59193359204252,2023.1992917849198,3474.7879778517795,117.81878226209423,0.4797094451909345,3814.522357568862
patient_128,588.0,23.52,123.6400094179175,1385.3368847569318,3052.8739538357,189.89402433583135,132.5522685947206,3482.3837388252127,160.8544534246996,1075.8917790651346,3820.95653570585
patient_128,589.0,23.56,105.69073718448345,-448.7318058358511,3057.1015833230795,87.22862495908998,-2566.6349844185343,3485.872883823576,99.30003588523519,-1538.8604384866105,3824.9285371412593
patient_128,590.0,23.6,17.6122249897941,-2201.962804867234,3057.806072322671,252.90977946599608,4142.028862672652,3495.989275002216,24.478403200349995,-1870.54081712213,3825.9076732692733
patient_128,591.0,23.64,94.70626649735347,1927.3510376889842,3061.594322982565,110.3002917773725,-3565.2371922155894,3500.4012866733106,47.821726488594315,583.583082206108,3827.820542328817
patient_128,592.0,23.68,100.43766349022373,143.28492482175648,3065.611829522174,97.65863703937067,-316.04136845004547,3504.3076321548856,72.44445130758501,615.5681204747674,3830.7183203811205
patient_128,593.0,23.72,164.9034412953711,1611.6444451286843,3072.2079671739893,33.72171481252364,-1598.4230556711757,3505.6565007473864,232.16337569586878,3992.9731097070944,3840.004855408955
patient_128,594.0,23.76,396.88156112844035,5799.452995826731,3088.0832296191265,297.69592300097906,6599.355204711385,3517.5643376674257,125.99869068580111,-2654.117125251692,3845.044803036387
patient_128,595.0,23.8,486.198782284396,2232.9305288988908,3107.5311809105024,362.9629070885659,1631.6746021896706,3532.082853950969,295.3187892425799,4233.00246391947,3856.8575546060897
patient_128,596.0,23.84,595.3479897584506,2728.730186851365,3131.3451005008405,489.8270601333839,3171.6038261204503,3551.6759363563037,715.0401170736378,10493.033195776448,3885.4591592890356
patient_128,597.0,23.88,637.6687568828352,1058.0191781096146,3156.8518507761537,923.2801554999854,10836.327384165039,3588.6071425763034,938.6666324675799,5590.6628848485525,3923.0058245877385
patient_128,598.0,23.92,484.40298843428263,-3831.6442112138134,3176.2279703135255,683.931796146542,-5983.708983836087,3615.964414422165,933.1371852665873,-138.23618002481624,3960.3313119984023
patient_128,599.0,23.96,40.249309652512146,-11103.841969544263,3177.8379426996257,17.53415773804432,-16659.94096021244,3616.665780731687,95.3097653291337,-20945.685498436338,3964.1437026115677
patient_128,600.0,24.0,398.11891357439475,8946.740098047067,3193.7626992426017,473.2441909395987,11392.75083003886,3635.595548369271,647.067133661788,13793.934208316357,3990.026387958039
patient_128,601.0,24.04,243.30232135325585,-3870.4148055284727,3203.494792096732,349.8850138297706,-3083.9794277457017,3649.590948922462,179.42800186443947,-11690.978294933715,3997.2035080326164
patient_128,602.0,24.08,184.83117931746335,-1461.7785508948125,3210.8880392694305,131.0624398529622,-5470.56434942021,3654.8334465165804,112.01756774497056,-1685.2608529867225,4001.684210742415
patient_128,603.0,24.12,137.69137920807694,-1178.4950027346604,3216.3956944377533,23.759043013039665,-2682.5849209980634,3655.7838082371018,214.85417904329745,2570.915282458172,4010.278377904147
patient_128,604.0,24.16,67.62553880015558,-1751.646010198034,3219.10071598976,111.66415241763274,2197.627735114827,3660.2503743338075,255.35337351868188,1012.4798618846107,4020.492512844894
patient_128,605.0,24.2,70.48607164044698,71.51332100728496,3221.920158855378,121.91433703219094,256.25461536395517,3665.1269478150953,175.18658324909867,-2004.16975673958,4027.499976174858
patient_128,606.0,24.24,89.28635702508625,470.00713461598167,3225.4916131363816,60.188349590050414,-1543.1496860535133,3667.5344817986975,136.22541135502482,-974.0292973518465,4032.9489926290594
patient_128,607.0,24.28,116.67165971104266,684.6325671489104,3230.1584795248236,123.92817945647153,1593.4957466605279,3672.4916089769563,98.09733423186513,-953.2019280789921,4036.872885998334
patient_128,608.0,24.32,59.536942753472225,-1428.367923939261,3232.5399572349625,78.4128472202569,-1137.883305905366,3675.6281228657667,140.109188993616,1050.2963690437714,4042.4772535580787
patient_128,609.0,24.36,58.8599778102924,-16.924123579495642,3234.8943563473745,37.84040494819571,-1014.3110568015295,3677.1417390636943,49.74152658518845,-2259.1915602106883,4044.466914621486
patient_128,610.0,24.4,59.77099259393355,22.77536959102875,3237.285196051131,54.220536269027136,409.5032830207856,3679.3105605144556,79.36252771135666,740.5250281542053,4047.6414157299405
patient_128,611.0,24.44,173.51605746887188,2843.626621873458,3244.2258383498865,161.72186876885428,2687.5333124956787,3685.77943526521,181.70871187281122,2558.654604036364,4054.9097642048528
patient_128,612.0,24.48,63.65200543026671,-2746.601300965129,3246.771918567097,111.54282940718676,-1254.475984041688,3690.2411484414974,237.87647514548863,1404.194081816935,4064.4248232106725
patient_128,613.0,24.52,73.88964332021305,255.94094724865855,3249.727504299906,78.50937872724755,-825.8362669984801,3693.381523590587,128.70429628051724,-2729.304471624285,4069.572995061893
patient_128,614.0,24.56,69.24276737895418,-116.17189853147174,3252.497214995064,21.514226228691598,-1424.8788124638988,3694.2420926397353,80.30154438013814,-1210.0687975094775,4072.7850568370986
patient_128,615.0,24.6,53.16720227611137,-401.8891275710704,3254.623903086108,123.84730364729653,2558.3269354651234,3699.1959847856274,195.3941063373261,2877.314048929699,4080.6008210905916
patient_128,616.0,24.64,68.96476799532248,394.93914298027767,3257.3824938059206,87.42048797327321,-910.670391850583,3702.692804304558,411.41399597767247,5400.497241008659,4097.057380929698
patient_128,617.0,24.68,89.74985429372424,519.6271574600441,3260.97248797767,131.13668338138586,1092.9048852028163,3707.938271639813,135.39734668020415,-6900.416232436709,4102.4732747969065
patient_128,618.0,24.72,91.64486121971618,47.3751731497984,3264.6382824264583,73.98270147300443,-1428.849547709536,3710.897579698734,48.91143269062834,-2162.147849739395,4104.4297321045315
patient_128,619.0,24.76,86.4674836752647,-129.43443861128685,3268.096981773469,69.39353615322904,-114.72913299438474,3713.673321144863,211.65412260948438,4068.567247971401,4112.895897008911
patient_128,620.0,24.8,25.668322081029398,-1519.9790398558825,3269.12371465671,43.49828009508151,-647.3814014536881,3715.4132523486664,36.84702970686352,-4370.1773225655215,4114.369778197185
patient_128,621.0,24.84,143.6494449425932,2949.5280715390945,3274.869692454414,125.80550254410362,2057.6805612255525,3720.4454724504303,148.9721121409487,2803.1270608521295,4120.328662682823
patient_128,622.0,24.88,250.9052751891656,2681.39575616431,3284.9059034619804,223.52236291087337,2442.9215091692436,3729.386366966866,220.34504629920852,1784.3233539564956,4129.1424645347915
patient_128,623.0,24.92,164.47241384294,-2160.82153365564,3291.4848000156985,314.908420652078,2284.651443530116,3741.9827037929485,95.52410311370699,-3120.523579637538,4132.96342865934
patient_128,624.0,24.96,113.57358582129322,-1272.4707005411694,3296.0277434485497,225.234988156257,-2241.835812395525,3750.992103319199,360.8094373162579,6632.133355063773,4147.395806151991
patient_128,625.0,25.0,42.46148187360777,-1777.8025986921364,3297.7262027234938,83.07680251794557,-3553.954640957786,3754.3151754199166,134.64611974807508,-5654.082939204571,4152.7816509419135
patient_128,626.0,25.04,78.57671795633637,902.880902068215,3300.8692714417475,59.86790476158053,-580.2224439091258,3756.7098916103796,123.83227390423077,-270.34614609610765,4157.734941898083
patient_128,627.0,25.08,182.84057850648503,2606.5965137537164,3308.182894582007,138.38004874262185,1962.803599526033,3762.2450935600846,161.5267158529075,942.3610487169182,4164.1960105322
patient_128,628.0,25.12,74.13106320176587,-2717.7378826179793,3311.1481371100776,79.55536136183528,-1470.6171845196643,3765.427308014558,274.40230292186516,2821.889676723941,4175.172102649074
patient_128,629.0,25.16,51.30377417311625,-570.6822257162404,3313.200288077002,39.06679050367537,-1012.2142714539978,3766.9899796347054,55.42725541552082,-5474.376187658609,4177.389192865695
patient_128,630.0,25.2,11.089704337421347,-1005.3517458923727,3313.643876250499,3.2989656219608023,-894.1956220428642,3767.1219382595837,6.688491603986057,-1218.469095288369,4177.656732529854
patient_128,631.0,25.24,24.4009718824721,332.7816886262688,3314.619915125798,32.37447912879279,726.8878376707997,3768.416917424735,15.102482676667341,210.3497768170321,4178.26083183692
patient_128,632.0,25.28,14.95682038005043,-236.10378756054172,3315.2181879409995,5.658265500028262,-667.9053407191133,3768.643248044736,97.64002903345067,2063.4386589195833,4182.166432998259
patient_128,633.0,25.32,19.697929311579333,118.52772328822256,3316.0061051134626,29.40759447877202,593.7332244685939,3769.819551823887,18.441746271695333,-1979.9570690438834,4182.9041028491265
patient_128,634.0,25.36,129.03154154488632,2733.340305832675,3321.167366775258,151.8969363855639,3062.233547669797,3775.8954292793096,47.73119515500819,732.2362220828213,4184.813350655327
patient_128,635.0,25.4,258.89516016654704,3246.590465541518,3331.52317318192,281.09087185970753,3229.848386853591,3787.1390641536977,330.7383526592777,7075.178937606738,4198.042884761698
patient_128,636.0,25.44,88.89753803491544,-4249.94055329079,3335.0790747033166,59.09092502042487,-5549.998670982067,3789.502701154515,206.86202263890397,-3096.908250509344,4206.317365667254
patient_128,637.0,25.48,129.25664022063145,1008.9775546429003,3340.2493403121416,151.30961385531884,2305.4672208723496,3795.555085708728,115.1767993292871,-2292.1305827404217,4210.924437640426
patient_128,638.0,25.52,138.1717064671443,222.87665616282126,3345.7762085708273,95.51833427373938,-1394.7819895394864,3799.3758190796775,178.89664705409578,1592.9961931202167,4218.080303522589
patient_128,639.0,25.56,109.5286206882986,-716.0771444711426,3350.157353398359,188.9533219283896,2335.874691366256,3806.933951956813,128.07732639046333,-1270.4830165908113,4223.203396578208
patient_128,640.0,25.6,94.85387680738147,-366.8685970229284,3353.9515084706545,155.7274730721096,-830.6462214070002,3813.1630508796975,150.40362673231778,558.1575085463612,4229.2195416475015
patient_128,641.0,25.64,20.977168517608003,-1846.9177072443365,3354.790595211359,19.735705062471045,-3399.7942002409636,3813.9524790821965,76.5530857960785,-1846.2635234059817,4232.281665079345
patient_128,642.0,25.68,159.50949083293497,3463.3080578831746,3361.170974844676,190.09805337504804,4259.058707814424,3821.556401217198,371.03085307461737,7361.944181963471,4247.122899202329
patient_128,643.0,25.72,226.88372601470815,1684.3558795443294,3370.2463238852647,362.0566321064134,4298.964468284134,3836.0386665014544,329.5424088228347,-1037.2111062945664,4260.3045955552425
patient_128,644.0,25.76,269.860315734232,1074.4147429880968,3381.040736514634,964.8954870541414,15070.9713736932,3874.63448598362,719.4522648946357,9747.746401795026,4289.082686151028
patient_128,645.0,25.8,317.6291883418258,1194.2218151898444,3393.745904048307,460.3255283832612,-12614.248966772006,3893.04750711895,860.013983544206,3514.042966239256,4323.4832454927955
patient_128,646.0,25.84,334.53489611647643,422.6426943662659,3407.1272998929658,727.7064800394571,6684.523791404898,3922.1557663205285,694.4470492540393,-4139.173357254168,4351.261127462957
patient_128,647.0,25.88,528.1155184459758,4839.515558237484,3428.2519206308048,853.2140968967616,3137.690421432612,3956.2843301963985,1028.030355524577,8339.582656763447,4392.3823416839405
patient_128,648.0,25.92,308.32822957793326,-5494.682221701063,3440.5850498139225,312.25667030107644,-13523.935664892128,3968.774597008442,322.1797973102352,-17646.263955358547,4405.26953357635
patient_128,649.0,25.96,249.53721498237917,-1469.7753648888522,3450.5665384132176,266.6806476209221,-1139.4005670038582,3979.4418229132784,192.30695633086282,-3246.8210244843094,4412.961811829585
patient_128,650.0,26.0,130.48202812632175,-2976.3796714014356,3455.7858195382705,152.02437631478585,-2866.4067826534065,3985.5227979658703,112.60929576362213,-1992.4415141810173,4417.46618366013
patient_128,651.0,26.04,16.732473109673887,-2843.7388754161966,3456.4551184626575,93.86795324037615,-1453.9105768602426,3989.277516095485,46.334270067644304,-1656.8756423994457,4419.319554462836
patient_128,652.0,26.08,105.2756883458825,2213.5803809052154,3460.6661459964926,186.10517614166733,2305.9305725322793,3996.7217231411514,81.46464865843086,878.2594647696639,4422.578140409172
patient_128,653.0,26.12,78.3520788856999,-673.0902365045652,3463.8002291519206,67.11749507736323,-2974.6920266076027,3999.406422944246,117.73803687496032,906.8347054132364,4427.287661884171
patient_128,654.0,26.16,43.96620555893743,-859.6468331690617,3465.5588773742784,81.37296514239807,356.38675162587106,4002.6613415499414,135.63680021355938,447.4690834649767,4432.713133892713
patient_128,655.0,26.2,53.45239028936892,237.15461826078723,3467.6969729858533,61.411855826204885,-499.0277329048297,4005.1178157829895,100.98167987789893,-866.3780083915115,4436.752401087829
patient_128,656.0,26.24,50.92966312435954,-63.06817912523446,3469.734159510828,115.52690806395972,1352.8763059438709,4009.7388921055476,45.24178267086446,-1393.4974301758616,4438.562072394664
patient_128,657.0,26.28,21.877145035648397,-726.3129522177786,3470.6092453122533,48.10562772606946,-1685.5320084472567,4011.6631172145903,52.377020212835745,178.38093854928215,4440.657153203178
patient_128,658.0,26.32,78.24175672854254,1409.1152923223535,3473.7389155813953,92.61416026742556,1112.7133135339027,4015.3676836252876,49.584902430251105,-69.802944564616,4442.640549300387
patient_128,659.0,26.36,19.451932580352715,-1469.7456037047455,3474.5169928846094,123.7556608789119,778.5375152871584,4020.3179100604443,89.40505885306148,995.5039105702592,4446.21675165451
patient_128,660.0,26.4,162.18601944971599,3568.352171734082,3481.004433662598,161.7824985233487,950.6709411109199,4026.7892100013783,120.4140932325182,775.225859486418,4451.033315383811
patient_128,661.0,26.44,61.04299142239621,-2528.5757006829945,3483.4461533194935,51.23421463138266,-2763.707097299151,4028.8385785866335,26.1910455223234,-2355.57619275487,4452.080957204704
patient_128,662.0,26.48,19.446535456661266,-1039.9113991433737,3484.22401473776,22.157960187810186,-726.9063610893119,4029.7248969941456,7.366310831491415,-470.61836727079964,4452.375609637963
patient_128,663.0,26.52,29.13017487559235,242.09098547327707,3485.389221732784,63.775276890964825,1040.4329175788662,4032.2759080697847,148.13368205025918,3519.1842804691946,4458.300956919974
patient_128,664.0,26.56,44.10553972767509,374.3841213020684,3487.1534433218912,163.36185669918763,2489.6644952055703,4038.8103823377523,17.163733542590563,-3274.2487126917154,4458.9875062616775
patient_128,665.0,26.6,68.50845345259478,610.0728431229923,3489.893781459995,156.54586447666452,-170.39980556307768,4045.072216916819,281.18098963597845,6600.431402334698,4470.234745847117
patient_128,666.0,26.64,61.3846457291152,-178.0951930869895,3492.34916728916,23.065304992619136,-3337.0139871011347,4045.9948291165238,247.08436035352835,-852.4157320612524,4480.118120261258
patient_128,667.0,26.68,49.99424448278678,-284.7600311582104,3494.3489370684715,14.041202014371303,-225.60257445619584,4046.5564771970985,158.09035523161864,-2224.8501280477426,4486.4417344705225
patient_128,668.0,26.72,26.055072406485138,-598.4793019075412,3495.391139964731,83.42314473288089,1734.5485679627395,4049.8934029864135,124.4086116236442,-842.043590199361,4491.418078935469
patient_128,669.0,26.76,67.15673122018468,1027.5414703424885,3498.077409213538,64.88727812754293,-463.39666513344895,4052.488894111515,86.68725998652316,-943.0337909280262,4494.885569334929
patient_128,670.0,26.8,119.478700978973,1308.0492439697077,3502.856557252697,91.02570592086538,653.4606948330612,4056.1299223483497,479.49920698898507,9820.298675061547,4514.065537614489
patient_128,671.0,26.84,208.30967403271663,2220.774326343591,3511.1889442140055,95.07283358271704,101.17819154629153,4059.9328356916585,288.09138602421683,-4785.195524119206,4525.589193055457
patient_128,672.0,26.88,358.4673368246442,3753.9415697981885,3525.5276376869915,470.1420828808318,9376.731232452868,4078.7385190068917,363.48719118245253,1884.8951289558927,4540.128680702755
patient_128,673.0,26.92,582.4587064193654,5599.78423986803,3548.8259859437658,545.3240703557185,1879.549686872167,4100.55148182112,513.6300876948576,3753.5724128101265,4560.67388421055
patient_128,674.0,26.96,672.5853887760687,2253.1670589175833,3575.729401494809,616.9245403128964,1790.0117489294473,4125.2284634336365,712.0754526822376,4961.1341246845,4589.156902317839
patient_128,676.0,27.04,,,3575.729401494809,,,4125.2284634336365,,,4589.156902317839
patient_128,677.0,27.08,751.5878742503925,,3605.792916464825,1828.7432159543387,,4198.37819207181,1690.9203274187369,,4656.793715414588
patient_128,678.0,27.12,747.8468710375487,-93.52508032109483,3635.7067913063265,412.4886185924635,-35406.36493404688,4214.87773681551,2583.9503609656936,22325.750838673917,4760.151729853216
patient_128,679.0,27.16,372.13916281375975,-9392.692705594724,3650.592357818877,699.9836926705398,7187.376851951906,4242.877084522331,585.0041165566787,-49973.656110225376,4783.551894515484
patient_128,680.0,27.2,185.5340001974916,-4665.129065406704,3658.0137178267773,577.1979287077652,-3069.6440990693645,4265.965001670642,1370.7833951378032,19644.481964528113,4838.383230320996
patient_128,681.0,27.24,302.7709450786088,2930.9236220279304,3670.1245556299214,429.39885467046486,-3694.976850932508,4283.1409558574605,1307.440583974376,-1583.5702790856772,4890.68085367997
patient_128,682.0,27.28,463.9034944543751,4028.3137343941576,3688.6806954080967,865.03483976027,10890.899627245128,4317.742349447871,1464.0717788871427,3915.7798728191665,4949.243724835455
patient_128,683.0,27.32,199.56905302098733,-6608.361035834694,3696.663457528936,354.4679166437757,-12764.173077912355,4331.921066113622,375.11921004360056,-27223.814221088553,4964.2484932372
patient_128,684.0,27.36,274.91636926556174,1883.6829061143603,3707.660112299558,174.39074622980732,-4501.9292603492095,4338.896695962814,384.969188136768,246.24945232918662,4979.64726076267
patient_128,685.0,27.4,19.154194776007984,-6394.054362238844,3708.4262800905985,591.4769293002443,10427.154576760924,4362.555773134824,541.058125832111,3902.2234423835753,5001.289585795955
patient_128,686.0,27.44,124.47356385533287,2632.984226983122,3713.4052226448125,273.61566203790125,-7946.531681558575,4373.5003996163405,139.39515006144114,-10041.574394266747,5006.865391798412
patient_128,687.0,27.48,21.627576474878083,-2571.1496845113697,3714.270325703807,129.94647060557855,-3591.7297858080674,4378.698258440563,149.79541776425168,260.00669257026345,5012.857208508983
patient_128,688.0,27.52,21.92523836156809,7.4415471672502065,3715.14733523827,98.09094092203358,-796.3882420886243,4382.621896077445,117.22129251039213,-814.3531313464887,5017.546060209398
patient_128,689.0,27.56,52.20854147412289,757.08257781387,3717.2356768972345,70.46941159148042,-690.5382332638289,4385.440672541104,112.0559883540222,-129.1326039092482,5022.02829974356
patient_128,690.0,27.6,113.16643395404044,1523.9473119979389,3721.762334255396,342.2713263664597,6795.047869374482,4399.1315255957625,38.133077982794745,-1848.0727592806866,5023.553622862872
patient_128,691.0,27.64,31.146434388835267,-2050.4999891301295,3723.0081916309496,68.2508290926884,-6850.512431844282,4401.8615587594695,1080.9977576247231,26071.61699104821,5066.79353316786
patient_128,692.0,27.68,150.05945612955568,2972.8255435180104,3729.010569876132,59.40121366290117,-221.24038574468088,4404.237607305986,333.5962665686549,-18685.037276401705,5080.137383830606
patient_128,693.0,27.72,93.95751888534306,-1402.5484311053156,3732.768870631546,274.1620135628212,5369.0199974980005,4415.204087848499,169.43663294511734,-4103.99084058844,5086.914849148411
patient_128,694.0,27.76,23.95615482463199,-1750.0341015177767,3733.727116824531,307.87561840140074,842.840120964489,4427.519112584555,553.567588867701,9603.273898064592,5109.057552703119
patient_128,695.0,27.8,58.0863908374404,853.2559003202102,3736.050572458029,43.400980276467465,-6611.865953123332,4429.2551517956135,767.9672910368407,5359.992554228492,5139.776244344593
patient_128,696.0,27.84,105.5132188893752,1185.67070129837,3740.271101213604,38.44527351546765,-123.89266902499543,4430.792962736232,52.22902149031064,-17893.45673866325,5141.865405204205
patient_128,697.0,27.88,19.72052310534387,-2144.8173946007832,3741.0599221378175,60.223188966835046,544.447886284185,4433.201890294905,562.0216027925464,12744.814532555896,5164.346269315906
patient_128,698.0,27.92,14.608625369592406,-127.79744339378655,3741.6442671526015,18.45081678403272,-1044.3093045700582,4433.939922966267,781.9943948351304,5499.319801064598,5195.626045109312
patient_128,699.0,27.96,32.530384874611904,448.04398762548743,3742.945482547586,46.7623881535687,707.7892842383994,4435.81041849241,27.97035012830197,-18850.60111767071,5196.744859114444
patient_128,700.0,28.0,32.333981466417875,-4.910085204850745,3744.238841806243,71.60469244340472,621.0576072459004,4438.674606190146,596.3770565831109,14210.16766137022,5220.599941377768
patient_128,701.0,28.04,19.848890279941006,-312.1272796619217,3745.0327974174406,39.3080295227157,-807.4165730172253,4440.246927371054,134.60486671231186,-11544.304746769976,5225.984136046261
patient_128,702.0,28.08,94.45538318673175,1865.1623226697686,3748.81101274491,190.55883162161123,3781.2700524723878,4447.869280635919,26.29383420085408,-2707.7758127864445,5227.0358894142955
patient_128,703.0,28.12,79.13234618619457,-383.0759250134296,3751.9763065923576,39.024047675125864,-3788.369598662134,4449.430242542923,304.32149922763745,6950.691625669585,5239.208749383401
patient_128,704.0,28.16,45.13978227798626,-849.8140977052078,3753.781897883477,156.62516569804689,2940.0279505730255,4455.695249170845,712.219037249625,10197.43845054969,5267.697510873386
patient_128,705.0,28.2,15.583447058838424,-738.9083804786958,3754.4052357658306,51.271296256374875,-2633.8467360418,4457.746101021101,625.2838321020523,-2173.3801286893167,5292.708864157467
patient_128,706.0,28.24,36.766260638262175,529.5703394855938,3755.875886191361,35.17228817352112,-402.4752020713439,4459.152992548042,53.409433288869735,-14296.859970329564,5294.845241489023
patient_128,707.0,28.28,65.5194059519624,718.8286328425056,3758.4966624294398,252.28601081630086,5427.843066069494,4469.244432980693,51.25281665937685,-53.91541573732219,5296.895354155397
patient_128,708.0,28.32,85.62888397824486,502.73695065706147,3761.9218177885696,244.3161020131258,-199.24772007937648,4479.0170770612185,73.35155723825716,552.4685144720078,5299.829416444928
patient_128,709.0,28.36,91.39323454774704,144.10876423755462,3765.5775471704796,327.85771917643865,2088.5404290828214,4492.131385828276,394.5648119685705,8030.331368257834,5315.61200892367
patient_128,710.0,28.4,193.25819139326538,2546.6239211379584,3773.3078748262105,173.2593787462615,-3864.958510754429,4499.061760978127,403.0165243506797,211.29280955272947,5331.732669897698
patient_128,711.0,28.44,200.83766683159374,189.48688595820897,3781.3413814994738,486.3960425680443,7828.41659554457,4518.5176026808485,112.56558254941413,-7261.2735450316395,5336.235293199674
patient_128,712.0,28.48,65.05611252332326,-3394.538857706762,3783.9436260004068,1116.8879304557647,15762.29719719301,4563.193119899079,184.92092444805735,1808.8835474660805,5343.632130177596
patient_128,713.0,28.52,76.74114694797183,292.1258606162141,3787.0132718783257,32.48199969455267,-27110.1482690303,4564.492399886861,19.444274397348114,-4136.91625126773,5344.409901153489
patient_128,714.0,28.56,127.68464553294297,1273.5874646242785,3792.120657699643,108.7722048603404,1907.2551291446932,4568.843288081275,96.7116455136836,1931.6842779083875,5348.2783669740365
patient_128,715.0,28.6,56.36435587336191,-1783.0072414895262,3794.3752319345776,119.73154178559174,273.98342313128376,4573.632549752699,41.746170344071714,-1374.1368792402973,5349.948213787799
patient_128,716.0,28.64,204.0398816074966,3691.888143353367,3802.5368271988777,225.4978371767874,2644.157384779892,4582.65246323977,149.43093472818435,2692.119109602816,5355.925451176927
patient_128,717.0,28.68,324.17159250747613,3003.2927724994884,3815.503690899177,309.98812445526244,2112.2571819618756,4595.051988217981,120.80868886368916,-715.55614661238,5360.7577987314735
patient_128,718.0,28.72,195.0288854551354,-3228.5676763085185,3823.3048463173823,89.11837946512664,-5521.743624753395,4598.616723396586,23.496503796874904,-2432.8046266703564,5361.697658883349
patient_128,719.0,28.76,48.045947489655134,-3674.5734491370067,3825.2266842169684,122.9293252297271,845.2736441150115,4603.533896405775,168.14633318110208,3616.24573460568,5368.423512210592
patient_128,720.0,28.8,133.6548629648817,2140.2228868806637,3830.5728787355633,302.4158056459291,4487.162010405049,4615.630528631612,519.6183070694324,8786.799347208258,5389.208244493369
patient_128,721.0,28.84,231.82521431791707,2454.2587838258846,3839.8458873082795,230.1102261255289,-1807.6394880100047,4624.834937676633,863.0959321724497,8586.940627575434,5423.732081780267
patient_128,723.0,28.92,,,3839.8458873082795,,,4624.834937676633,,,5423.732081780267
patient_128,724.0,28.96,1110.448068456982,,3884.2638100465592,2374.4004165388014,,4719.810954338185,1979.1599470989443,,5502.898479664224
patient_128,725.0,29.0,570.2280270966235,-13505.501034008961,3907.0729311304244,431.0909044576351,-48582.73780202916,4737.054590516491,569.596355174059,-35239.089798122135,5525.6823338711865
patient_128,726.0,29.04,506.0598629278728,-1604.2041042187661,3927.315325647539,271.4781722471343,-3990.3183052625195,4747.913717406376,906.4639908316043,8421.690891438633,5561.940893504451
patient_128,727.0,29.08,402.9882896738745,-2576.7893313499585,3943.434857234494,873.8475073300642,15059.233377073248,4782.867617699579,283.93029951552086,-15563.342282902084,5573.298105485072
patient_128,728.0,29.12,275.08024960474626,-3197.7010017282055,3954.4380672186835,565.3315813064531,-7712.8981505902775,4805.480880951837,562.3095505996117,6959.481277102272,5595.790487509055
patient_128,729.0,29.16,197.1351526420879,-1948.6274240664593,3962.323473324367,540.3880447687189,-623.5884134433547,4827.096402742586,353.3633112172448,-5223.655984559173,5609.9250199577455
patient_128,730.0,29.2,310.0488040953129,2822.8412863306253,3974.725425488179,729.547502488505,4728.98644299465,4856.278302842126,798.6246379702591,11131.533168825357,5641.870005476556
patient_128,731.0,29.24,190.72217404536883,-2983.1657512486017,3982.354312449994,240.9652419467837,-12214.556513543032,4865.916912519998,281.52992710825055,-12927.367771550213,5653.131202560887
patient_128,732.0,29.28,240.2459160889344,1238.093551089139,3991.964149093552,392.83890645587854,3796.8416127273713,4881.630468778233,436.1588293750949,3865.722556671109,5670.57755573589
patient_128,733.0,29.32,247.06247764193486,170.41403882501172,4001.8466481992286,366.5603918289036,-656.9628656743731,4896.292884451389,473.31481561602465,928.8996560232433,5689.510148360531
patient_128,735.0,29.4,,,4001.8466481992286,,,4896.292884451389,,,5689.510148360531
patient_128,736.0,29.44,26.551461122887137,,4002.9087066441443,209.3688191592792,,4904.66763721776,39.34111656095655,,5691.083793022969
patient_128,737.0,29.48,37.77046866332836,280.4751885110305,4004.4195253906773,27.93020000789024,-4535.965478784724,4905.784845218076,14.580457123091609,-619.0164859466236,5691.667011307893
patient_128,738.0,29.52,14.123963236286077,-591.162635676057,4004.9844839201287,76.26066584982674,1208.2616460484126,4908.835271852069,112.01073430509788,2435.756929550157,5696.147440680096
patient_128,739.0,29.56,15.87160221464692,43.69097445902108,4005.619348008714,71.45026578184023,-120.26000169966267,4911.693282483342,44.84902734972007,-1679.0426738844453,5697.9414017740855
patient_128,740.0,29.6,29.314592832651503,336.07476545011457,4006.7919317220203,15.640231092293224,-1395.2508672386753,4912.3188917270345,85.48937824219972,1016.0087723119913,5701.360976903774
patient_128,741.0,29.64,24.32415944836074,-124.7608346072691,4007.7648980999547,53.87949271575347,955.9815405865063,4914.474071435665,9.7344738811524,-1893.872609026183,5701.750355859021
patient_128,743.0,29.72,,,4007.7648980999547,,,4914.474071435665,,,5701.750355859021
patient_128,744.0,29.76,330.3835416108972,,4020.9802397643903,464.01409727776934,,4933.034635326776,139.7724748458257,,5707.341254852853
patient_128,745.0,29.8,600.7199459865161,6758.410109390472,4045.009037603851,179.98458264058212,-7100.73786592968,4940.234018632399,510.4358639019521,9266.584726403158,5727.758689408931
patient_128,746.0,29.84,186.23376399628808,-10362.154549755702,4052.4583881637027,423.50882498648315,6088.106058647526,4957.174371631858,588.3668222882721,1948.2739596580018,5751.293362300462
patient_128,747.0,29.88,511.9636006674795,8143.245916779786,4072.9369321904023,602.5408509316915,4475.800648630208,4981.276005669126,482.49923504904046,-2646.689680980792,5770.593331702424
patient_128,748.0,29.92,585.3447154067501,1834.5278684817642,4096.350720806672,608.1976154214075,141.41911224290027,5005.603910285982,731.221081881893,6218.046170821314,5799.8421749777
patient_128,749.0,29.96,623.2410699278072,947.4088630264276,4121.280363603785,762.6909176989698,3862.332556939057,5036.1115469939405,813.7047621123405,2062.092005761187,5832.390365462194
patient_128,750.0,30.0,562.8199523028914,-1510.527940622896,4143.7931616959,568.6077536999088,-4852.079099976524,5058.855857141937,597.5645568826748,-5403.505130741643,5856.292947737501
patient_128,751.0,30.04,539.3286958442689,-587.2814114655625,4165.366309529671,508.98629031890397,-1490.536584525121,5079.215308754693,279.879773527563,-7942.119583877795,5867.488138678604
patient_128,752.0,30.08,288.22931614261904,-6277.484492541245,4176.895482175376,258.6800146898955,-6257.656890725212,5089.562509342289,691.7405847844338,10296.520281421772,5895.15776206998
patient_128,753.0,30.12,156.07890763596976,-3303.7602126662323,4183.138638480815,435.7415565754398,4426.538547138608,5106.992171605306,466.8854500595609,-5621.378368121823,5913.833180072363
patient_128,754.0,30.16,42.54877959996102,-2838.2532009002184,4184.840589664813,153.53094039222006,-7055.265404580493,5113.1334092209945,282.345922823789,-4613.488180894298,5925.127016985314
patient_128,755.0,30.2,113.83044594766928,1782.0416586927063,4189.39380750272,124.5044467207985,-725.6623417855391,5118.113587089826,382.27976250157667,2498.3459919446914,5940.418207485377
patient_128,756.0,30.24,191.45890484921742,1940.7114725387037,4197.052163696689,205.0910514515671,2014.6651182692149,5126.3172291478895,194.01504412707084,-4706.617959362646,5948.178809250459
patient_128,757.0,30.28,193.67071991077424,55.29537653892049,4204.79899249312,247.16341053189822,1051.8089770082781,5136.203765569165,228.38309449838775,859.2012592829228,5957.314133030395
patient_128,758.0,30.32,132.93101973476686,-1518.4925044001843,4210.11623328251,176.72927138471528,-1760.8534786795738,5143.272936424553,163.04712001537143,-1633.399362075408,5963.8360178310095
patient_128,759.0,30.36,27.747179444821583,-2629.596007248632,4211.226120460303,128.8026218879636,-1198.166237418792,5148.425041300073,291.5528166533747,3212.6424159500816,5975.498130497144
patient_128,760.0,30.4,79.6506432954117,1297.5865962647529,4214.4121461921195,122.82081160119115,-149.54525716931107,5153.337873764121,82.25769129381439,-5232.378133989007,5978.788438148897
patient_128,761.0,30.44,113.55914634248698,847.7125761768822,4218.954512045819,78.90950869813425,-1097.7825725764226,5156.494254112045,44.68890658983108,-939.2196175995828,5980.57599441249
patient_128,762.0,30.48,122.50972542463231,223.76447705363313,4223.854901062804,42.334979968655546,-914.3632182369676,5158.187653310792,40.14393679776742,-113.62424480159152,5982.181751884401
patient_128,763.0,30.52,114.74106739150598,-194.2164508281582,4228.4445437584645,93.22488924358149,1272.2477318731485,5161.916648880535,42.95335913684789,70.23555847701175,5983.899886249876
patient_128,764.0,30.56,32.10131644857749,-2065.9937735732124,4229.7285964164075,85.726747630154,-187.4535403356873,5165.345718785741,101.71783462989832,1469.1118873262608,5987.968599635072
patient_128,765.0,30.6,56.090887116691114,599.7392667028405,4231.972231901075,99.10944447882153,334.5674212166884,5169.310096564894,152.68429333694922,1274.1614676762727,5994.07597136855
patient_128,766.0,30.64,20.58302996231255,-887.696428859464,4232.795553099568,31.562997080509078,-1688.6611849578112,5170.572616448114,116.8208528294568,-896.5860126873107,5998.748805481729
patient_128,767.0,30.68,67.10288162985202,1162.9962916884867,4235.479668364762,134.55038321875222,2574.6846534560786,5175.954631776864,312.8249494625978,4900.1024158285245,6011.261803460233
patient_128,768.0,30.72,28.006086091135256,-977.419888467919,4236.599911808407,127.31648378544465,-180.84748583268924,5181.047291128281,394.4418725888778,2040.4230781570006,6027.0394783637885
patient_128,769.0,30.76,26.350903269865526,-41.37957053174324,4237.653947939201,20.681239464600182,-2665.8811080211117,5181.874540706865,64.44312533423847,-8249.968681365983,6029.617203377158
patient_128,770.0,30.8,164.1496955547918,3444.9698071231564,4244.219935761394,243.77799037939238,5577.418772869805,5191.625660322041,628.9495311240145,14112.660144744399,6054.775184622118
patient_128,771.0,30.84,158.60730602319057,-138.55973829003077,4250.56422800232,215.2241303169445,-713.8465015611971,5200.234625534718,144.15368714382998,-12119.896099504613,6060.541332107872
patient_128,772.0,30.88,154.26724323495233,-108.50156970595606,4256.734917731719,98.71821194712278,-2912.647959245543,5204.183354012604,34.486611683240724,-2741.6768865147315,6061.920796575202
patient_128,773.0,30.92,45.40833136656419,-2721.4727967097033,4258.551250986381,34.9291113187155,-1594.7275157101822,5205.580518465353,53.209780533523336,468.0792212570653,6064.049187796543
patient_128,774.0,30.96,52.73508110991682,183.1687435838157,4260.660654230778,180.65469033180037,3643.139475327122,5212.806706078624,130.70743535541962,1937.441370547407,6069.27748521076
patient_128,775.0,31.0,39.42991268458893,-332.6292106331973,4262.237850738162,43.517825491858396,-3428.4216209985493,5214.547419098299,42.28662686197813,-2210.5202123360373,6070.968950285239
patient_128,776.0,31.04,37.862392002504976,-39.1880170520988,4263.752346418261,74.15356183307378,765.8934085303846,5217.513561571621,35.721275533410854,-164.13378321418185,6072.397801306575
patient_128,777.0,31.08,34.097898905911165,-94.11232741484525,4265.116262374498,37.0820116710285,-926.788754051132,5218.996842038462,41.76637397085052,151.12746093599173,6074.068456265409
patient_128,778.0,31.12,27.453746648684334,-166.1038064306708,4266.214412240445,61.65524143790029,614.3307441717945,5221.463051695978,118.48588519361869,1917.987780569204,6078.807891673154
patient_128,779.0,31.16,24.796166425774576,-66.43950557274394,4267.206258897476,216.2080093512671,3863.81919783417,5230.111372070029,111.85019363667891,-165.8922889234944,6083.28189941862
patient_128,780.0,31.2,197.38299345527827,4314.670675737592,4275.101578635687,125.95834091750017,-2256.241710844173,5235.149705706728,361.60019766196893,6243.750100632251,6097.745907325098
patient_128,781.0,31.24,331.69995036379663,3357.923922712959,4288.369576650239,88.96972764970346,-924.7153316949177,5238.708494812717,310.96515946838696,-1265.8759548395494,6110.1845137038335
patient_128,782.0,31.28,633.3691406192655,7541.729756386722,4313.704342275009,476.25656431288706,9682.170916579591,5257.7587573852325,438.04165253529266,3176.9123266726424,6127.7061798052455
patient_128,783.0,31.32,731.7513671489062,2459.5556632410166,4342.974396960965,649.7584340502411,4337.546743433852,5283.749094747242,595.3244029250983,3932.068759745141,6151.519155922249
patient_128,784.0,31.36,737.7528415631222,150.03686035539943,4372.48451062349,730.224976687534,2011.6635659323208,5312.958093814744,631.0367738499716,892.8092731218328,6176.760626876248
patient_128,785.0,31.4,586.7811416118285,-3774.2924987823417,4395.955756287964,841.6638108986209,2785.9708552771735,5346.624646250688,983.4470663583825,8810.257312710271,6216.098509530583
patient_128,786.0,31.44,601.6164675984317,370.8831496650788,4420.020414991901,860.7570541635702,477.3310816237313,5381.054928417231,630.1401797911932,-8832.672164179732,6241.304116722231
patient_128,787.0,31.48,270.65278448088196,-8274.092077938742,4430.846526371137,505.7164574723336,-8876.014917280914,5401.283586716125,354.3666370318366,-6894.338568983914,6255.478782203505
patient_128,788.0,31.52,48.83859835027048,-5545.354653265287,4432.8000703051475,129.82734462735522,-9397.22782112446,5406.476680501219,149.4422733767547,-5123.109091377048,6261.456473138574
patient_128,789.0,31.56,65.10342867150986,406.6207580309845,4435.4042074520075,102.80691602289555,-675.5107151114917,5410.588957142135,93.00115526426158,-1411.0279528123283,6265.176519349146
patient_128,790.0,31.6,27.342149497230018,-944.0319793569961,4436.497893431897,46.58070790168124,-1405.6552030303578,5412.452185458202,3.9294182881385753,-2226.7934244030753,6265.333696080671
patient_128,791.0,31.64,34.58512889810737,181.0744850219338,4437.881298587821,107.9966896325347,1535.3995432713366,5416.772053043504,110.34510459853743,2660.3921577599713,6269.747500264612
patient_128,792.0,31.68,148.77027371010482,2854.6286202999363,4443.832109536225,180.32105453682217,1808.109122607187,5423.984895224977,156.22888372151607,1147.094478074466,6275.996655613472
patient_128,793.0,31.72,53.180615799473394,-2389.7414477657853,4445.959334168204,196.34130430951245,400.5062443172569,5431.838547397358,171.39054045003627,379.041418213005,6282.852277231474
patient_128,794.0,31.76,66.15263488086842,324.30047703487566,4448.605439563439,129.05375184814767,-1682.1888115341196,5437.000697471283,183.45670787589248,301.65418564640515,6290.190545546509
patient_128,795.0,31.8,40.99109318277681,-629.0385424522902,4450.24508329075,32.895959448194944,-2403.944809998818,5438.316535849211,32.896398638520445,-3764.0077309343005,6291.50640149205
patient_128,796.0,31.84,54.58452299193077,339.835745228849,4452.428464210428,24.829300617926823,-201.66647075670303,5439.3097078739265,34.15342583338453,31.425679871602163,6292.872538525386
patient_128,797.0,31.88,178.60938139743942,3100.6214601377164,4459.572839466326,141.91361828678174,2927.107941721373,5444.9862526053985,23.772925959647726,-259.51249684342014,6293.823455563771
patient_128,798.0,31.92,332.68054092310575,3851.7789881416584,4472.880061103249,391.58842256872526,6241.870107048588,5460.649789508147,253.98323521260022,5755.257731323813,6303.982784972275
patient_128,799.0,31.96,386.55578836952935,1346.88118616059,4488.342292638031,793.5403594024032,10048.798420841948,5492.391403884243,734.7877858356504,12020.113765576256,6333.374296405701
patient_128,800.0,32.0,116.49728268005687,-6751.462642236813,4493.002183945233,93.84212602020696,-17492.455834554905,5496.145088925051,18.146807091449457,-17916.024468605025,6334.100168689359
patient_128,801.0,32.04,399.4190729581804,7073.044756953088,4508.97894686356,653.9318188872703,14002.242321676584,5522.302361680541,786.1261441288309,19199.483425934537,6365.545214454512
patient_128,802.0,32.08,531.2405241594438,3295.536280031585,4530.228567829937,539.9677783370855,-2849.10101375462,5543.901072814025,642.4780018735809,-3591.203556381251,6391.244334529456
patient_128,803.0,32.12,443.51671329529927,-2193.095271603613,4547.969236361749,571.8931010997258,798.1330690660059,5566.776796858014,599.7728391351646,-1067.6290684604055,6415.235248094862
patient_128,804.0,32.16,456.119510333623,315.0699259580932,4566.214016775094,489.49432022150785,-2059.969521955448,5586.356569666874,566.0762907573151,-842.4137094462395,6437.878299725155
patient_128,805.0,32.2,118.93532363472093,-8429.604667472551,4570.971429720483,50.469940247465246,-10975.609499351065,5588.3753672767725,87.26188101591808,-11970.360243534924,6441.368774965791
patient_128,806.0,32.24,105.99721599992455,-323.45269086990953,4575.21131836048,54.68397555326106,105.35088264489528,5590.562726298903,83.30082261337695,-99.02646006352818,6444.700807870326
patient_128,807.0,32.28,49.94509319996689,-1401.3030699989415,4577.209122088479,86.29289206441781,790.222912778919,5594.014441981479,66.11456648940948,-429.6564030991867,6447.345390529903
patient_128,808.0,32.32,70.34495929675344,509.99665241966386,4580.022920460348,65.40950574408106,-522.0846580084188,5596.630822211242,43.87774183704796,-555.9206163090382,6449.100500203385
patient_128,809.0,32.36,45.73755927177621,-615.1850006244308,4581.852422831219,54.20163894432003,-280.1966699940257,5598.798887769015,70.39924271858301,663.0375220383763,6451.916469912128
patient_128,810.0,32.4,35.454922431553435,-257.06592100556946,4583.2706197284815,53.893960455712396,-7.691962215190884,5600.954646187244,26.186707783382925,-1105.313373380002,6452.963938223464
patient_128,811.0,32.44,7.433106682126491,-700.5453937356735,4583.567943995767,10.59185780078199,-1082.55256637326,5601.378320499276,30.30384045962184,102.92831690597284,6454.176091841848
patient_128,812.0,32.48,41.40906108638266,849.3988601064041,4585.224306439221,31.621852545328196,525.7498686136552,5602.643194601089,71.95564203427442,1041.2950393663145,6457.054317523219
patient_128,813.0,32.52,22.35546172793833,-476.33998396110815,4586.118524908339,43.03610165864535,285.3562278329289,5604.3646386674345,59.72783399799707,-305.6952009069338,6459.44343088314
patient_128,814.0,32.56,20.41572096893768,-48.49351897501624,4586.9351537470975,73.27569191377196,755.9897563781653,5607.295666343985,81.51678328433579,544.723732158468,6462.704102214513
patient_128,815.0,32.6,168.77204790398645,3708.908173376219,4593.686035663257,68.278750630988,-124.92353206959912,5610.026816369225,263.00385084279907,4537.176688961582,6473.224256248225
patient_128,816.0,32.64,364.1106750980829,4883.465679852411,4608.25046266718,259.58649272034694,4782.693552233974,5620.41027607804,264.62249872858206,40.46619714457478,6483.809156197368
patient_128,817.0,32.68,423.7272170151243,1490.4135479260362,4625.199551347785,384.9511552187837,3134.116562460919,5635.808322286791,195.71380797060155,-1722.7172689495128,6491.637708516192
patient_128,818.0,32.72,585.1053793031356,4034.4540572002816,4648.60376651991,749.801910722855,9121.268887601784,5665.800398715705,482.48134781216334,7169.1884960390435,6510.936962428678
patient_128,819.0,32.76,473.8591014155478,-2781.1569471896946,4667.558130576533,418.0080581703624,-8294.846313812315,5682.52072104252,698.898274473852,5410.423166542216,6538.892893407632
patient_128,820.0,32.8,363.17644263605774,-2767.066469487251,4682.085188281975,303.65752923007705,-2858.763223507134,5694.667022211723,619.6215921486762,-1981.9170581293947,6563.677757093579
patient_128,821.0,32.84,13.921116318560287,-8731.383157937436,4682.6420329347175,118.17587294887882,-4637.041407029956,5699.394057129677,27.176285460240898,-14811.13266721088,6564.764808511989
patient_128,822.0,32.88,177.44014956487612,4087.975831157896,4689.739638917312,384.26080131673916,6652.1232091965085,5714.764489182347,524.4298984168397,12431.34032391497,6585.742004448662
patient_128,823.0,32.92,116.29169294515746,-1528.7114154929664,4694.391306635119,226.17169847228377,-3952.227571111385,5723.811357121238,248.2437952768728,-6904.652578499173,6595.671756259737
patient_128,824.0,32.96,103.02274084825243,-331.72380242262597,4698.512216269049,164.9510749165504,-1530.515588893334,5730.4094001179,212.1403220277943,-902.5868312269622,6604.1573691408485
patient_128,825.0,33.0,51.21594927053745,-1295.1697894428744,4700.56085423987,89.72222792620057,-1880.7211747587455,5733.998289234948,97.087620839246,-2876.3175297137072,6608.040873974419
patient_128,826.0,33.04,50.234622238084086,-24.533175811334118,4702.5702391293935,152.69685759910953,1574.365741822724,5740.106163538912,122.81587880526415,643.2064491504538,6612.953509126629
patient_128,827.0,33.08,42.60870258902278,-190.64799122653255,4704.274587232954,105.08632666329079,-1190.2632733954686,5744.309616605444,39.434857905906824,-2084.525522483933,6614.530903442866
patient_128,828.0,33.12,73.4537283569926,771.1256441992454,4707.212736367234,126.69611468038504,540.2447004273562,5749.377461192659,108.11129655621191,1716.9109662576273,6618.855355305114
patient_128,829.0,33.16,26.398302094332934,-1176.3856565664917,4708.268668451007,69.75588691923669,-1423.5056940287088,5752.167696669429,49.86476150290239,-1456.1633763327382,6620.84994576523
patient_128,830.0,33.2,19.304823276461086,-177.3369704467962,4709.0408613820655,339.4205674698518,6741.617013765378,5765.744519368222,107.13973537720142,1431.8743468574758,6625.135535180318
patient_128,831.0,33.24,56.291465251192115,924.6660493682757,4711.292519992113,57.318797795802546,-7052.544241851231,5768.0372712800545,55.851583111542126,-1282.2038066414823,6627.369598504779
patient_128,832.0,33.28,14.018240344852217,-1056.8306226584975,4711.853249605908,35.016150039141564,-557.5661939165245,5769.437917281621,12.511010983512385,-1083.5143032007436,6627.870038944119
patient_128,833.0,33.32,112.58081537748983,2464.0643758159404,4716.356482221006,132.56025126211927,2438.6025305744424,5774.740327332106,114.03987392026922,2538.221573418921,6632.43163390093
patient_128,834.0,33.36,181.8308876302894,1731.2518063199893,4723.629717726219,213.5979869664128,2025.9433926073384,5783.284246810762,166.46175631338312,1310.5470598278475,6639.090104153466
patient_128,835.0,33.4,241.95619978318152,1503.132803822303,4733.307965717546,328.0583916950555,2861.510118216067,5796.406582478564,302.6719383747378,3405.254551533867,6651.196981688455
patient_128,836.0,33.44,240.8655877937129,-27.26529973671532,4742.942589229294,448.6904628266413,3015.801778289645,5814.35420099163,518.6224213329286,5398.762073954771,6671.941878541772
patient_128,837.0,33.48,301.04169567274397,1504.4026969757765,4754.984257056204,471.97807786886057,582.1903760554818,5833.233324106384,437.4842409984936,-2028.4545083608762,6689.441248181712
patient_128,838.0,33.52,239.23514415897142,-1545.1637878443137,4764.553662822563,348.08361626221273,-3097.361540166196,5847.156668756873,401.46489244675007,-900.483713793588,6705.499843879582
patient_128,839.0,33.56,182.45785644216477,-1419.4321929201665,4771.8519770802495,214.29699421770897,-3344.665551112594,5855.728548525582,238.3788359082001,-4077.151413463749,6715.03499731591
patient_128,840.0,33.6,225.42902819473008,1074.2792938141329,4780.869138208039,216.62447708341057,58.187071642539934,5864.393527608918,156.6443664447391,-2043.3617365865252,6721.300771973699
patient_128,841.0,33.64,43.1274543059596,-4557.539347219262,4782.594236380277,95.42917686182557,-3029.882505539625,5868.210694683391,51.52517446407395,-2627.979799516628,6723.361778952261
patient_128,842.0,33.68,3.563874026050394,-989.0895069977303,4782.736791341319,23.669309690622576,-1793.9966792800747,5869.157467071016,11.41004513916316,-1002.8782331227698,6723.8181807578285
patient_128,843.0,33.72,50.65863798860124,1177.3690990637713,4784.763136860863,72.75663105007176,1227.1830339862297,5872.067732313019,59.28683188065268,1196.9196685372378,6726.1896540330545
patient_128,844.0,33.76,55.916356751691566,131.4429690772581,4786.99979113093,51.28639063959753,-536.7560102618559,5874.119187938603,66.14613614830816,171.48260669138705,6728.835499478987
patient_128,845.0,33.8,65.37528651036767,236.47324396690266,4789.614802591345,88.37503348954466,927.2160712486784,5877.654189278185,77.2826629596529,278.41317028361846,6731.926805997373
patient_128,846.0,33.84,55.91187709938389,-236.58523527459465,4791.8512776753205,29.480038455288696,-1472.3748758563993,5878.833390816397,82.74011639572997,136.43633590192684,6735.236410653202
patient_128,847.0,33.88,56.55169600664972,15.99547268164585,4794.113345515587,44.5705436507608,377.26262988680253,5880.616212562428,84.70283023308467,49.06784593386746,6738.624523862526
patient_128,848.0,33.92,28.706314581712718,-696.1345356234251,4795.261598098855,23.03130352154237,-538.4810032304607,5881.537464703289,43.8253518640619,-1021.9369592255692,6740.377537937089
patient_128,849.0,33.96,39.95715228982811,281.2709427028848,4796.859884190449,34.63930070336557,290.19992954558,5882.923036731423,24.442767056935644,-484.5646201781564,6741.355248619366
patient_128,850.0,34.0,41.045245542008914,27.202331304520122,4798.501694012129,21.63789625056845,-325.03511131992803,5883.788552581445,58.74209031151369,857.4830813644512,6743.704932231826
patient_128,851.0,34.04,61.62215224287433,514.4226675216354,4800.966580101843,114.94108203383935,2332.5796445817728,5888.3861958627995,196.2467217896751,3437.615786954035,6751.554801103413
patient_128,852.0,34.08,488.47434682610213,10671.304864580696,4820.505553974887,374.7189210448258,6494.445975274661,5903.374952704592,431.61032792604686,5884.0901534092945,6768.819214220455
patient_128,853.0,34.12,56.647625094440244,-10795.668043291547,4822.771458978665,169.1266368447703,-5139.807105001387,5910.140018178383,22.946470502226514,-10216.596435595508,6769.7370730405455
patient_128,854.0,34.16,353.1420104662894,7412.359634296228,4836.897139397316,296.21615743899815,3177.2380148556963,5921.988664475943,268.8771173558634,6148.2661713409225,6780.4921577347795
patient_128,855.0,34.2,365.4854093916663,308.58497313442257,4851.516555772982,124.10270574018361,-4302.836292470363,5926.95277270555,434.35960636079415,4137.062225123269,6797.86654198921
patient_128,856.0,34.24,248.2038166906369,-2932.0398175257346,4861.444708440608,457.51601123622135,8335.332637400945,5945.253413155,395.14242514255704,-980.4295304559275,6813.672238994913
patient_128,857.0,34.28,193.63925564594183,-1364.1140261173766,4869.190278666446,326.05757054687507,-3286.461017233657,5958.295715976874,515.5799271307554,3010.9375497049596,6834.295436080142
patient_128,858.0,34.32,95.02968645576517,-2465.2392297544166,4872.991466124677,232.34792737943852,-2342.741079185914,5967.5896330720525,253.12255795178766,-6561.434229474195,6844.420338398213
patient_128,859.0,34.36,30.241683017341632,-1619.7000859605887,4874.20113344537,203.63694878777937,-717.7744647914785,5975.735111023564,142.33885452482474,-2769.592585674073,6850.113892579207
patient_128,860.0,34.4,43.96096143553986,342.98196045495564,4875.959571902792,48.79118031363832,-3871.144211853526,5977.68675823611,102.45587574539312,-997.0744694857906,6854.212127609022
patient_128,861.0,34.44,15.068553156743842,-722.3102069699004,4876.562314029062,19.293592556053053,-737.4396939396318,5978.458501938352,96.57723785682218,-146.9659472142734,6858.075217123296
patient_128,862.0,34.48,13.108988231498195,-48.989123131141184,4877.086673558322,64.7054806162654,1135.2972015053087,5981.046721163003,39.93209243180323,-1416.1286356254739,6859.6725008205685
patient_128,863.0,34.52,16.03902528408461,73.25092631466035,4877.728234569685,87.92418403023699,580.4675853492895,5984.563688524213,58.46116468597492,463.22680635429236,6862.010947408008
patient_128,864.0,34.56,58.945734281109125,1072.667724925613,4880.086063940929,17.338493520120437,-1764.6422627529137,5985.257228265018,65.80677481910875,183.6402533283458,6864.643218400772
patient_128,865.0,34.6,28.96406541229717,-749.5417217202988,4881.244626557422,52.356715740023326,875.4555554975722,5987.351496894619,218.18384240214704,3809.4266895759574,6873.370572096858
patient_128,866.0,34.64,14.59718148243656,-359.17209824651525,4881.828513816718,146.60806491393845,2356.283729347878,5993.215819491177,195.49301559758635,-567.2706701140171,6881.190292720761
patient_128,867.0,34.68,36.66791205522809,551.7682643197883,4883.295230298928,137.79247481889823,-220.38975237600553,5998.727518483934,93.95782314736205,-2538.3798112556074,6884.948605646655
patient_128,868.0,34.72,31.085535550995505,-139.5594126058147,4884.538651720967,102.89949922556048,-872.3243898334438,6002.843498452956,317.94058800796034,5599.569121514958,6897.6662291669745
patient_128,869.0,34.76,34.46944922282596,84.59784179576131,4885.917429689881,97.52498179517758,-134.36293575957237,6006.744497724762,133.33590866200197,-4615.116983648959,6902.999665513455
patient_128,870.0,34.8,20.176897894151782,-357.3137832168544,4886.724505605647,82.3806632723241,-378.60796307133705,6010.039724255655,19.166578841316703,-2854.2332455171318,6903.766328667107
patient_128,871.0,34.84,16.453646077914303,-93.08129540593697,4887.382651448764,42.35924810345034,-1000.535379221844,6011.734094179793,9.299701439525922,-246.67193504476953,6904.138316724688
patient_128,872.0,34.88,30.6951252377456,356.0369789957824,4888.610456458274,109.98093766971257,1690.5422391565558,6016.133331686582,65.01859789992842,1392.9724115100626,6906.739060640685
patient_128,873.0,34.92,57.936822165743024,681.0424231999356,4890.9279293449035,101.89214914990156,-202.21971299527547,6020.209017652578,20.75102419164378,-1106.689342707116,6907.569101608351
patient_128,874.0,34.96,119.02521384847977,1527.2097920684184,4895.688937898843,242.82287846583472,3523.2682328983287,6029.9219327912115,154.42292405020214,3341.797496463959,6913.7460185703585
patient_128,875.0,35.0,185.55234275425138,1663.1782226442904,4903.111031609013,227.4636761959865,-383.9800567462056,6039.020479839051,258.83132624824106,2610.210054950973,6924.099271620288
patient_128,876.0,35.04,200.95740911060912,385.1266589089434,4911.149327973437,141.56037554562104,-2147.5825162591364,6044.682894860876,595.7943962908639,8424.076751065571,6947.931047471923
patient_128,877.0,35.08,261.54752640392564,1514.7529323329131,4921.611229029594,384.63228793422894,6076.797809715197,6060.068186378245,433.63892237088345,-4053.8868479995117,6965.276604366759
patient_128,878.0,35.12,394.8669925213254,3332.9866529349943,4937.405908730448,404.62789091057994,499.89007440877486,6076.253302014668,657.8661344641719,5605.68030233221,6991.5912497453255
patient_128,879.0,35.16,418.4982756463416,590.7820781254045,4954.145839756301,343.1845494858929,-1536.0835356171763,6089.980683994104,451.753042200785,-5152.8273065846715,7009.661371433356
patient_128,880.0,35.2,385.95304509922175,-813.6307636779961,4969.58396156027,435.7155325622852,2313.274576909808,6107.4093052965945,759.7366284973783,7699.589657414834,7040.050836573251
patient_128,881.0,35.24,342.7293154976551,-1080.5932400391669,4983.293134180176,461.7449191700613,650.7346651944019,6125.879102063398,370.58445325416665,-9728.804381080292,7054.874214703417
patient_128,882.0,35.28,396.40400968471135,1341.8673546764069,4999.1492945675645,396.5139872083778,-1630.7732990420873,6141.739661551733,377.382510540858,169.95143216728366,7069.969515125052
patient_128,883.0,35.32,371.08326845977547,-633.0185306233972,5013.992625305956,372.7280449059117,-594.6485575616521,6156.648783347969,389.95311608378734,314.26513857323357,7085.567639768403
patient_128,884.0,35.36,413.3703885233545,1057.178001589476,5030.5274408468895,427.044348937411,1357.907600787482,6173.730557305465,415.4771296701131,638.1003396581434,7102.186724955208
patient_128,885.0,35.4,346.3330538570947,-1675.9333666564955,5044.380763001173,361.78223101853695,-1631.5529479718507,6188.201846546206,685.8394450999508,6759.057885745943,7129.620302759206
patient_128,886.0,35.44,249.3703184429286,-2424.068385354152,5054.35557573889,423.15769457171496,1534.3865888294501,6205.128154329074,766.7594954899072,2023.0012597489094,7160.290682578803
patient_128,887.0,35.48,240.4318482978842,-223.4617536261105,5063.972849670806,249.76767014671523,-4334.750610624993,6215.118861134943,392.275545877104,-9362.09874032008,7175.981704413887
patient_128,888.0,35.52,118.8283612843133,-3040.087175339272,5068.7259841221785,43.9821868732777,-5144.637081835938,6216.878148609873,130.88182690922815,-6534.842974196896,7181.216977490257
patient_128,889.0,35.56,53.40581939904395,-1635.563547131734,5070.86221689814,66.63599984016098,566.345324172082,6219.54358860348,107.89893676220667,-574.572253675537,7185.5329349607455
patient_128,890.0,35.6,46.11036306124296,-182.3864084450248,5072.70663142059,239.08095870398097,4311.1239715955,6229.106826951639,234.53197347822595,3165.8259179004817,7194.914213899875
patient_128,891.0,35.64,52.34629747401912,155.898360319404,5074.800483319551,222.97686047158933,-402.60245580979085,6238.025901370503,275.53566083931366,1025.0921840271928,7205.935640333448
patient_128,892.0,35.68,21.259055362951138,-777.1810527766995,5075.650845534069,135.16236505302572,-2195.36238546409,6243.432395972623,296.8394482797651,532.5946860112865,7217.809218264638
patient_128,893.0,35.72,42.23913495397687,524.5019897756433,5077.340410932228,69.74564351276037,-1635.4180385066338,6246.222221713134,120.90480017965957,-4398.366202502639,7222.6454102718235
patient_128,894.0,35.76,53.27790746314531,275.96931272921097,5079.471527230754,126.79421741205981,1426.2143474824861,6251.2939904096165,81.19762132435692,-992.6794713825665,7225.893315124798
patient_128,895.0,35.8,67.28971709723093,350.2952408521406,5082.163115914644,92.58355716078674,-855.2665062818268,6254.997332696047,76.68611387924034,-112.78768612791445,7228.960759679967
patient_128,896.0,35.84,87.72351121346168,510.84485290576856,5085.672056363182,95.42161980835193,70.95156618912988,6258.814197488382,109.50615722042299,820.5010835295664,7233.341005968785
patient_128,897.0,35.88,58.18168315191812,-738.5457015385889,5087.999323689259,80.9753449705289,-361.156870945576,6262.053211287203,2.701367887586003,-2670.1197333209248,7233.449060684287
patient_128,898.0,35.92,33.41802477884561,-619.0914593268127,5089.336044680413,28.65270198310792,-1308.0660746855244,6263.199319366528,34.62387721987372,798.062733307193,7234.834015773083
patient_128,899.0,35.96,26.22463160320026,-179.83482939113378,5090.38502994454,54.19045431819004,638.4438083770531,6265.366937539255,19.678833844989594,-373.62608437210315,7235.621169126883
patient_128,900.0,36.0,67.85659644202819,1040.7991209706981,5093.099293802222,93.23702696511934,976.1643161732325,6269.09641861786,135.71198509151947,2900.8287811632467,7241.049648530544
patient_128,901.0,36.04,167.69797708148687,2496.034515986467,5099.807212885481,142.91225809618595,1241.8807782766653,6274.812908941708,494.0648812275144,8958.822403399872,7260.812243779644
patient_128,902.0,36.08,175.15817134030644,186.50485647048924,5106.813539739092,32.2588639352851,-2766.3348540225215,6276.103263499119,505.70729684471786,291.06039043008707,7281.040535653433
patient_128,903.0,36.12,254.9439439841368,1994.6443160957592,5117.011297498459,119.33172827621907,2176.821608523349,6280.876532630167,162.16594831435432,-8588.533713259088,7287.527173586007
patient_128,904.0,36.16,258.53621551935305,89.80678838040603,5127.3527461192325,279.98864221038895,4016.4228483542474,6292.076078318583,148.8739879599117,-332.2990088610659,7293.482133104403
patient_128,905.0,36.2,404.4682061173275,3648.2997649493614,5143.531474363926,326.1736457082143,1154.6250874456334,6305.123024146912,233.83533378292987,2124.0336455754546,7302.83554645572
patient_128,906.0,36.24,458.87114752801006,1360.073535267064,5161.886320265046,270.9299036259685,-1381.0935520561443,6315.960220291951,451.1676700224164,5433.3084059871635,7320.8822532566155
patient_128,907.0,36.28,573.1002464725277,2855.7274736129416,5184.810330123947,404.6252930342126,3342.3847352061016,6332.145232013319,435.40174929099,-394.14801828566084,7338.298323228256
patient_128,908.0,36.32,640.2293525476052,1678.227651876938,5210.419504225852,858.2059965951421,11339.517589023239,6366.473471877125,822.4935943470415,9677.296126401288,7371.198067002137
patient_128,909.0,36.36,517.3634226829239,-3071.6482466170332,5231.114041133169,810.2493022354573,-1198.9173589921193,6398.883443966544,619.1362626596905,-5083.933292183775,7395.963517508524
patient_128,910.0,36.4,356.00053468211723,-4034.0722000201667,5245.354062520453,663.4920334767949,-3668.9317189665617,6425.423125305616,543.7727757477468,-1884.0871727985927,7417.714428538435
patient_128,911.0,36.44,145.9375438553978,-5251.574770667986,5251.191564274669,350.2614121185567,-7830.765533955954,6439.433581790358,287.48405807965327,-6407.217941702338,7429.2137908616205
patient_128,912.0,36.48,105.58202124367497,-1008.8880652930704,5255.4148451244155,168.48692643245508,-4544.36214215254,6446.173058847657,172.01960922618017,-2886.6112213368274,7436.094575230668
patient_128,913.0,36.52,144.02088652959054,960.9716321478892,5261.175680585599,262.26647269652403,2344.488656601724,6456.6637177555185,153.14672498895072,-471.82210593073603,7442.220444230225
patient_128,914.0,36.56,77.92647319840495,-1652.3603332796397,5264.292739513535,114.26964881090964,-3699.92059714036,6461.234503707954,181.14923464122464,700.0627413068479,7449.466413615874
patient_128,915.0,36.6,76.25832233276768,-41.70377164093182,5267.343072406847,125.26134420261509,274.7923847926362,6466.244957476059,161.70983781967925,-485.9849205386347,7455.934807128662
patient_128,916.0,36.64,43.282982154409275,-824.38350445896,5269.074391693022,52.37288983034412,-1822.2113593067743,6468.339873069273,54.00708134731402,-2692.5689118091304,7458.095090382554
patient_128,917.0,36.68,36.0081791880289,-181.87007415950944,5270.514718860544,55.85413560814662,87.03114444506248,6470.5740384936,39.481075701990186,-363.1501411330959,7459.674333410634
patient_128,918.0,36.72,49.03257939947191,325.6100052860754,5272.476022036522,77.88445017186979,550.7578640930792,6473.689416500474,84.70055448120137,1130.4869694802794,7463.062355589883
patient_128,919.0,36.76,7.487518950485923,-1038.62651122465,5272.775522794542,44.97685083277134,-822.6899834774612,6475.488490533786,118.7085652946405,850.2002703359782,7467.810698201668
patient_128,920.0,36.8,11.08483201729798,89.93282667030142,5273.218916075234,97.01102100981731,1300.8542544261493,6479.368931374179,89.02157527562291,-742.1747504754396,7471.371561212693
patient_128,921.0,36.84,4.060108785879444,-175.6180807854634,5273.381320426669,332.67173919434646,5891.5179546132285,6492.675800941952,249.73164290469182,4017.751690726723,7481.360826928881
patient_128,922.0,36.88,12.544565679715031,212.1114223458897,5273.883103053858,415.3582431449101,2067.162598764091,6509.290130667749,351.67961554141505,2548.6993159180806,7495.428011550538
patient_128,923.0,36.92,93.82543208133661,2032.0216600405395,5277.636120337111,66.0907310792398,-8731.687801641758,6511.9337599109185,182.7875753825926,-4222.301003970561,7502.739514565841
patient_128,924.0,36.96,154.82432278452538,1524.972267579719,5283.8290932484915,178.4959179787723,2810.1296724883123,6519.07359663007,428.68197423712843,6147.359971363396,7519.886793535326
patient_128,925.0,37.0,224.59977677216912,1744.3863496910935,5292.8130843193785,473.0402897041109,7363.609293133464,6537.9952082182335,340.43493326434384,-2206.176024319615,7533.5041908659
patient_128,926.0,37.04,384.48779120129177,3997.2003607280662,5308.19259596743,825.9326868001125,8822.30992740004,6571.032515690238,549.0123389599937,5214.435142391247,7555.464684424299
patient_128,927.0,37.08,430.4617407817273,1149.3487395108887,5325.4110655987,194.19939603289853,-15793.332269180348,6578.800491531554,294.39841615916583,-6365.348070020697,7567.240621070666
patient_128,928.0,37.12,485.7850099497325,1383.08172920013,5344.842465996689,648.4297533074214,11355.75893186307,6604.737681663852,682.9063079655848,9712.697295160475,7594.55687338929
patient_128,929.0,37.16,368.0035538520157,-2944.5364024429196,5359.562608150769,401.9329166997413,-6162.420915192001,6620.814998331841,509.87951320408183,-4325.669869037574,7614.952053917452
patient_128,930.0,37.2,297.10978984087825,-1772.344100278437,5371.446999744404,408.7746980413333,171.0445335397992,6637.165986253493,765.3259634068685,6386.161255069666,7645.565092453728
patient_128,931.0,37.24,177.86475867117446,-2981.125779242595,5378.561590091251,231.78277482222964,-4424.798080477592,6646.4372972463825,229.76218071702897,-13389.094567245987,7654.755579682408
patient_128,932.0,37.28,108.61713919772112,-1731.1904868363335,5382.906275659159,287.4004058181241,1390.4407748973617,6657.933313479108,35.42226774271294,-4858.497824357901,7656.172470392117
patient_128,933.0,37.32,57.500020868784915,-1277.927958223405,5385.206276493911,116.13651608208649,-4281.597243400941,6662.578774122392,290.9882248593836,6389.148927916766,7667.811999386492
patient_128,934.0,37.36,29.10623578751723,-709.8446270316921,5386.370525925411,99.9568498880349,-404.4916548512898,6666.577048117913,55.68677131041966,-5882.536338724099,7670.039470238909
patient_128,935.0,37.4,24.82366448564663,-107.06428254676501,5387.363472504837,38.28592935442788,-1541.7730133401753,6668.10848529209,99.95681693738828,1106.7511406742155,7674.037742916405
patient_128,936.0,37.44,67.1440942637703,1058.0107444530918,5390.049236275388,120.20202292344905,2047.9023392255292,6672.916566209028,98.94043186273068,-25.40962686644015,7677.995360190914
patient_128,937.0,37.48,49.76245376398419,-434.5410124946527,5392.039734425946,207.34343633556904,2178.5353353029996,6681.21030366245,113.48899255542302,363.71401731730873,7682.534919893131
patient_128,938.0,37.52,153.0243020709822,2581.5462076749504,5398.160706508786,109.40919212722227,-2448.3561052086693,6685.58667134754,274.6753492031801,4029.6589161939264,7693.521933861257
patient_128,939.0,37.56,312.1197687251617,3977.3866663544873,5410.645497257792,435.43392262710984,8150.61826249719,6703.004028252624,123.81831363727323,-3771.425889147671,7698.474666406749
patient_128,940.0,37.6,310.05066653144013,-51.72755484303906,5423.047523919049,239.76378668493146,-4891.75339855446,6712.594579720021,288.1390852243253,4108.019289676302,7710.000229815722
patient_128,941.0,37.64,401.25580187631226,2280.1283836218036,5439.097755994102,402.589860775104,4070.6518522543133,6728.698174151025,254.61259379961743,-838.1622856176967,7720.184733567707
patient_128,942.0,37.68,451.3210290986267,1251.6306805578608,5457.150597158046,273.77644025619577,-3220.3355129727056,6739.649231761273,184.69388725255567,-1747.967663676544,7727.572489057809
patient_128,943.0,37.72,326.08127581128616,-3130.9938321835134,5470.193848190497,393.57751089158876,2995.0267658848247,6755.392332196937,396.44111514480625,5293.680697306265,7743.430133663602
patient_128,944.0,37.76,243.65177944325893,-2060.7374092006808,5479.9399193682275,373.4297176949974,-503.6948299147838,6770.3295209047365,481.14742375945923,2117.6577153663247,7762.67603061398
patient_128,945.0,37.8,175.8829800476253,-1694.2199848908408,5486.975238570133,386.1349323365417,317.63036603860684,6785.774918198198,386.0195776138539,-2378.1961536401327,7778.116813718534
patient_128,946.0,37.84,129.7422776194114,-1153.5175607053475,5492.164929674909,304.9902345126046,-2028.6174455984267,6797.974527578702,287.7298904207023,-2457.2421798287905,7789.626009335363
patient_128,947.0,37.88,109.05345785171713,-517.2204941923567,5496.527067988978,232.77531898159285,-1805.3728882752941,6807.285540337965,172.32138126502838,-2885.212728891848,7796.518864585964
patient_128,948.0,37.92,119.2629047665123,255.2361728698795,5501.297584179639,210.57712610039542,-554.9548220299357,6815.708625381982,376.6724613431443,5108.777001952897,7811.58576303969
patient_128,949.0,37.96,103.74088335542808,-388.0505352771056,5505.447219513856,124.50393024845162,-2151.829896298595,6820.68878259192,113.56708165860262,-6577.6344921135415,7816.128446306035
patient_128,950.0,38.0,40.393220498103254,-1583.6915714331208,5507.062948333781,173.61628391902477,1227.8088417643285,6827.633433948681,681.2774119726397,14192.758257850926,7843.37954278494
patient_128,951.0,38.04,6.2832113919321335,-852.750227654278,5507.314276789458,161.617647121981,-299.965919926094,6834.09813983356,291.05450806452984,-9755.572597702747,7855.021723107521
patient_128,952.0,38.08,32.88282366100861,664.9903067269119,5508.629589735898,66.58465771222053,-2375.8247352440117,6836.761526142049,147.49511813035176,-3588.984748354452,7860.921527832735
patient_128,953.0,38.12,83.10369850848298,1255.5218711868592,5511.953737676238,90.32890063501422,593.6060730698422,6840.3746821674495,45.68507893939891,-2545.2509797738207,7862.74893099031
patient_128,954.0,38.16,133.87861129391533,1269.3728196358088,5517.308882127994,194.30940756199087,2599.5126731744162,6848.147058469929,518.6557505331527,11824.266789843845,7883.495161011637
patient_128,955.0,38.2,228.07571049920483,2354.9274801322376,5526.431910547963,575.0410141420351,9518.290164501108,6871.148699035611,387.29279505165465,-3284.073887037452,7898.986872813703
patient_128,956.0,38.24,350.0989270664904,3050.5804141821386,5540.435867630622,389.3120517068192,-4643.224060880398,6886.721181103884,711.9484972476595,8116.392554900121,7927.464812703609
patient_128,957.0,38.28,395.6487364853133,1138.7452354705729,5556.261817090034,317.23998978986094,-1801.8015479239566,6899.410780695479,698.5989568416902,-333.7385101492316,7955.408770977276
patient_128,958.0,38.32,325.53534402703906,-1752.8348114568557,5569.283230851116,407.70560817010954,2261.640459506215,6915.7190050222825,553.1514281661388,-3636.188216888786,7977.534828103921
patient_128,959.0,38.36,266.2042701316898,-1483.2768473837318,5579.931401656383,274.97405910845293,-3318.288726541415,6926.71796738662,330.49169443313303,-5566.4933433251435,7990.754495881247
patient_128,960.0,38.4,150.43513695372576,-2894.228329449101,5585.948807134531,175.15462735881619,-2495.485793740919,6933.724152480972,139.12077323695937,-4784.2730299043415,7996.319326810725
patient_128,961.0,38.44,140.13359575858522,-257.5385298785136,5591.554150964875,185.9368028174646,269.55438646621064,6941.161624593671,80.73540673702402,-1459.6341624983836,7999.548743080206
patient_128,962.0,38.48,99.42086282479416,-1017.8183233447764,5595.530985477867,148.45466295925334,-937.0534964552817,6947.099811112042,27.645806750710907,-1327.2399996578279,8000.654575350234
patient_128,963.0,38.52,72.04985339693124,-684.2752356965728,5598.412979613744,82.70935567221888,-1643.6326821758616,6950.40818533893,94.97910456433644,1683.3324453406383,8004.453739532809
patient_128,964.0,38.56,63.94136491904647,-202.71221194711924,5600.9706342105055,72.14771043784567,-264.04113085933005,6953.294093756444,176.9432322879763,2049.1031930909962,8011.531468824327
patient_128,965.0,38.6,45.40254891096289,-463.4704002020895,5602.786736166944,150.5633214629874,1960.3902756285431,6959.316626614963,18.012607390265625,-3973.2656224427665,8012.251973119938
patient_128,966.0,38.64,72.07655461558896,666.8501426156517,5605.669798351567,69.98714275642803,-2014.4044676639844,6962.1161123252205,142.81903148331276,3120.1606023261784,8017.964734379271
patient_128,967.0,38.68,141.79292599292933,1742.9092844335091,5611.341515391284,285.4931513544055,5387.650214949436,6973.535838379396,174.37976074691719,789.0182315901108,8024.939924809148
patient_128,968.0,38.72,231.38262338427734,2239.7424347837004,5620.596820326655,165.8313832731798,-2991.5442020306423,6980.169093710324,323.37792298591415,3724.9540559749244,8037.875041728585
patient_128,969.0,38.76,423.5372810224781,4803.866440955019,5637.538311567553,371.0542205917604,5130.570932964515,6995.011262533994,201.31522490922546,-3051.567451917217,8045.927650724953
patient_128,970.0,38.8,42.74865293290706,-9519.715702239277,5639.24825768487,14.614424912029103,-8910.994891993281,6995.595839530475,36.50372034491114,-4120.287614107859,8047.38779953875
patient_128,971.0,38.84,449.0410072870094,10157.308858852557,5657.2098979763505,498.9573468583385,12108.573048657734,7015.554133404808,195.27955434069332,3969.395849894555,8055.198981712378
patient_128,972.0,38.88,680.0292595678101,5774.7063070200165,5684.4110683590625,249.01635470176413,-6248.524803914359,7025.51478759288,474.47988314129145,6980.008220014954,8074.178177038029
patient_128,973.0,38.92,228.3181059803247,-11292.778839687133,5693.543792598275,150.06387740052526,-2473.8119325309717,7031.517342688901,426.194330883903,-1207.1388064347118,8091.225950273386
patient_128,974.0,38.96,58.6370747272263,-4242.02578132746,5695.889275587364,277.96791458714057,3197.600929665383,7042.636059272387,320.5668428753264,-2640.687200214414,8104.048623988399
patient_128,975.0,39.0,41.96399920912223,-416.82688795260174,5697.567835555728,92.56837695908798,-4634.988440701315,7046.338794350751,214.93297334806473,-2640.846738181542,8112.645942922321
patient_128,976.0,39.04,8.02206950155727,-848.548242689124,5697.88871833579,71.1335028887889,-535.8718517574772,7049.184134466303,91.58896541393668,-3083.6001983532014,8116.30950153888
patient_128,977.0,39.08,11.18858727494308,79.16294433464523,5698.336261826788,246.28964310489332,4378.90350540261,7059.035720190498,207.69713239603703,2902.704174552509,8124.617386834721
patient_128,978.0,39.12,29.0902958095523,447.5427133652305,5699.499873659171,130.08650642129882,-2905.0784170898623,7064.23918044735,79.08205483533409,-3215.376939017574,8127.780669028135
patient_128,979.0,39.16,29.410937772063875,8.01604906278941,5700.676311170054,22.45092863138305,-2690.8894447478942,7065.137217592605,105.1022671576878,650.5053080588428,8131.984759714443
patient_128,980.0,39.2,11.942007748500135,-436.7232505890935,5701.153991479993,64.96280200817772,1062.7968344198666,7067.735729672932,35.88668421415987,-1730.3895735881983,8133.42022708301
patient_128,981.0,39.24,13.497242188846785,38.88086100866626,5701.693881167547,38.826938271681755,-653.396593412399,7069.288807203799,24.72629116709819,-279.00982617654205,8134.409278729693
patient_128,982.0,39.28,33.5113965705194,500.35385954181544,5703.034337030367,228.54644814198272,4742.987746757524,7078.430665129478,117.70915736816634,2324.571655026704,8139.11764502442
patient_128,983.0,39.32,216.20016559260978,4567.21922555226,5711.682343654072,468.1895828222884,5991.078367007642,7097.15824844237,449.60897081128263,8297.495336077907,8157.10200385687
patient_128,984.0,39.36,351.26710025116125,3376.673366463787,5725.733027664118,498.6039657943862,760.3595743024457,7117.102407074144,245.75658234429156,-5096.309711674777,8166.9322671506425
patient_128,985.0,39.4,346.02719811509377,-130.99755340168713,5739.574115588722,362.49366482582883,-3402.757524213935,7131.602153667178,599.7012308424777,8848.616212454652,8190.920316384341
patient_128,986.0,39.44,575.7561940528715,5743.224898444443,5762.604363350837,204.5100905235563,-3949.5893575568134,7139.782557288119,540.276993576322,-1485.605931653893,8212.531396127395
patient_128,987.0,39.48,566.7023418694946,-226.3463045844219,5785.272457025617,566.1052195513613,9039.878225695125,7162.426766070174,608.2894146721987,1700.3105273969197,8236.862972714283
patient_128,988.0,39.52,528.9998314808109,-942.5627597170916,5806.432450284849,630.7222636299224,1615.4261019640273,7187.655656615371,739.3258366384883,3275.91054915724,8266.436006179822
patient_128,989.0,39.56,458.4156248511378,-1764.6051657418284,5824.769075278895,732.372001400991,2541.243444276716,7216.950536671411,975.0457924020353,5892.998894088674,8305.437837875903
patient_128,990.0,39.6,319.4301935849834,-3474.6357816538607,5837.546283022294,228.37540542981162,-12599.914899279485,7226.085552888603,707.7834884571696,-6681.557598621643,8333.74917741419
patient_128,991.0,39.64,7.908846311722952,-7788.033681831512,5837.862636874764,88.17062976060656,-3505.119391730126,7229.612378079028,65.47890848698226,-16057.614499254683,8336.36833375367
patient_128,992.0,39.68,198.6319729406135,4768.078165722264,5845.8079157923885,277.9387164739822,4744.202167834391,7240.729926737987,354.987591438237,7237.7170737813685,8350.5678374112
patient_128,993.0,39.72,175.37621517625598,-581.3939441089382,5852.822964399438,145.6687453909681,-3306.7492770753524,7246.556676553625,162.95804912925593,-4800.738557724528,8357.08615937637
patient_128,994.0,39.76,156.39068625905435,-474.63822293004085,5859.0785918498,156.6199485396983,273.780078718255,7252.821474495214,141.90139243600092,-526.4164173313752,8362.76221507381
patient_128,995.0,39.8,83.99401192106463,-1809.9168584497431,5862.438352326642,121.51865395173851,-877.5323646989946,7257.6822206532825,181.40922890790478,987.6959117975964,8370.018584230125
patient_128,996.0,39.84,141.6874053166472,1442.334834889564,5868.105848539309,59.9222281186467,-1539.9106458272954,7260.079109778028,165.11565954588795,-407.3392340504206,8376.62321061196
patient_128,997.0,39.88,125.07218971827945,-415.3803899591935,5873.10873612804,112.5847716781738,1316.5635889881773,7264.582500645155,38.423115517647716,-3167.3136007060057,8378.160135232667
patient_128,998.0,39.92,82.92283728073596,-1053.733810938587,5876.425649619269,74.26676562235367,-957.950151395503,7267.5531712700495,93.95704259055623,1388.3481768227127,8381.918416936289
patient_128,999.0,39.96,97.28379448349078,359.02393006887047,5880.317001398608,22.97967717106588,-1282.1772112821948,7268.472358356892,348.9063854345006,6373.733571098609,8395.87467235367
patient_128,1000.0,40.0,2.4791163879150777,-2370.1169523893923,5880.416166054126,41.97728210573848,474.94012336681504,7270.151449641122,90.50529075897958,-6460.0273668880245,8399.494883984029
patient_128,1001.0,40.04,19.699406295864705,430.5072476987407,5881.20414230596,22.535035253644658,-486.0561713023456,7271.052851051268,54.992553818578784,-887.81842351002,8401.694586136771
patient_128,1002.0,40.08,126.94162857729306,2681.0555570357087,5886.281807449052,81.47244545518002,1473.4352550383842,7274.311748869475,94.3600095544616,984.1863933970703,8405.46898651895
patient_128,1003.0,40.12,262.74532653292925,3395.0924488909054,5896.791620510369,188.18902499015388,2667.9144883743465,7281.839309869081,191.9042830244298,2438.606836749205,8413.145157839926
patient_128,1004.0,40.16,456.320175151581,4839.3712154662935,5915.044427516433,232.69384510735227,1112.62050292996,7291.147063673376,617.718917270714,10645.365856157105,8437.853914530755
patient_128,1005.0,40.2,583.2773528427749,3173.929442279848,5938.375521630143,633.2129704928509,10012.978134637466,7316.47558249309,141.51367363715235,-11905.13109083904,8443.514461476241
patient_128,1006.0,40.24,649.2695038205111,1649.8037744434043,5964.346301782964,471.0709700722261,-4053.55001051562,7335.318421295979,489.1233920571768,8690.242960500611,8463.079397158528
patient_128,1007.0,40.28,647.4603611535998,-45.22856667278177,5990.244716229107,836.2516149446553,9129.516121810731,7368.7684858937655,590.6213784793512,2537.44966055436,8486.704252297703
patient_128,1008.0,40.32,809.8282614459187,4059.197507307971,6022.637846686944,911.1081762722864,1871.414033190777,7405.212812944656,1631.7126360741338,26027.28143986957,8551.972757740668
patient_128,1009.0,40.36,359.1365509390025,-11267.292762672903,6037.003308724504,363.8008156010249,-13682.684016781535,7419.764845568698,424.1271275643871,-30189.637712743668,8568.937842843245
patient_128,1010.0,40.4,141.50609431728716,-5440.761415542884,6042.663552497196,314.1107427253321,-1242.25182189232,7432.329275277711,669.657119823554,6138.2498064791735,8595.724127636186
patient_128,1011.0,40.44,87.83697612801564,-1341.7279547317883,6046.177031542316,119.14337674509318,-4874.184149505973,7437.095010347514,198.68271388503362,-11774.360148463009,8603.671436191587
patient_128,1012.0,40.48,15.879465586270358,-1798.937763543632,6046.812210165767,53.26546005496191,-1646.9479172532815,7439.225628749713,98.99253840433116,-2492.2543870175614,8607.631137727762
patient_128,1013.0,40.52,50.96390591945944,877.1110083297272,6048.850766402546,216.6907640063401,4085.6325987844543,7447.893259309967,190.40323244019424,2285.267350896577,8615.24726702537
patient_128,1014.0,40.56,18.49114194706038,-811.8190993099767,6049.590412080429,39.451199265793015,-4430.989118513677,7449.471307280598,82.76280522682642,-2691.0106803341955,8618.557779234441
patient_128,1015.0,40.6,85.42302511105615,1673.297079099894,6053.007333084871,105.82360127297319,1659.3100501795043,7453.704251331517,94.44210315015769,291.9824480832819,8622.335463360449
patient_128,1016.0,40.64,132.7641974657374,1183.5293088670312,6058.3179009835,58.96248297174729,-1171.5279575306474,7456.062750650387,185.7041185555594,2281.5503851350427,8629.76362810267
patient_128,1017.0,40.68,210.21408280516675,1936.247133485734,6066.726464295707,468.5718975470677,10240.23536438301,7474.80562655227,184.8049332366217,-22.47963297344242,8637.155825432135
patient_128,1018.0,40.72,323.9652171825864,2843.778359435491,6079.685072983011,430.5433870945804,-950.7127613121825,7492.027362036053,390.85799318886734,5151.326498806141,8652.79014515969
patient_128,1019.0,40.76,753.4314181312021,10736.655023715393,6109.822329708259,346.7796972524654,-2094.0922460528755,7505.898549926152,730.3527526402477,8487.368986284508,8682.0042552653
patient_128,1020.0,40.8,431.9179442399176,-8037.836847282114,6127.0990474778555,759.4266073000031,10316.172751188442,7536.2756142181515,711.320994718192,-475.7939480513926,8710.45709505403
patient_128,1021.0,40.84,400.0578101944656,-796.503351136299,6143.101359885634,440.2999946144771,-7978.1653171381495,7553.8876140027305,446.8562007589997,-6611.619848979806,8728.331343084388
patient_128,1022.0,40.88,293.5715117939989,-2662.1574600116674,6154.844220357394,272.56384308667674,-4193.403788195009,7564.790167726198,624.0866372881374,4430.7609132284415,8753.294808575914
patient_128,1023.0,40.92,44.67552301996835,-6222.399719350764,6156.631241278194,13.930224267711225,-6465.840470474137,7565.347376696906,39.10376363131599,-14624.571841420533,8754.858959121166
patient_128,1024.0,40.96,214.57702027919584,4247.537431480687,6165.21432208936,160.34473397086637,3660.3627425788786,7571.761166055741,300.3689387066449,6531.629376883222,8766.873716669432
patient_128,1025.0,41.0,193.05197901738438,-538.1260315452863,6172.936401250056,156.03016369478212,-107.86425690210635,7578.002372603532,160.34161106824686,-3500.6831909599505,8773.287381112163
patient_128,1026.0,41.04,151.04432377415392,-1050.1913810807614,6178.978174201022,155.44464791390845,-14.637894521841588,7584.220158520089,31.235778759662765,-3227.6458077146026,8774.53681226255
patient_128,1027.0,41.08,42.11858849922821,-2723.143381873143,6180.662917740991,107.34908605738306,-1202.3890464131348,7588.514121962386,63.94411838512308,817.7084906365079,8777.094576997953
patient_128,1028.0,41.12,42.823934532023884,17.633650819891855,6182.375875122272,39.23914089756824,-1702.7486289953706,7590.083687598289,98.63872887939296,867.3652623567468,8781.04012615313
patient_128,1029.0,41.16,24.658818274023194,-454.12790645001724,6183.362227853233,75.18547204267604,898.6582786276949,7593.091106479996,24.420985422183353,-1855.4435864302402,8782.016965570017
patient_128,1030.0,41.2,24.075238763720176,-14.589487757575448,6184.325237403782,26.884850219794586,-1207.5155455720364,7594.166500488787,20.59987538955719,-95.52775081565406,8782.8409605856
patient_128,1031.0,41.24,29.39473989179499,132.9875282018704,6185.501026999454,36.93166987140984,251.17049129038128,7595.643767283644,41.93622052263101,533.4086283268455,8784.518409406504
patient_128,1032.0,41.28,109.26531293577857,1996.7643260995892,6189.871639516885,230.23464200067843,4832.574303231715,7604.85315296367,201.9265635649956,3999.758576059115,8792.595471949106
patient_128,1033.0,41.32,20.970385073666545,-2207.3731965528004,6190.71045491983,102.59972033373037,-3190.8730416737017,7608.957141777019,113.75875610811616,-2204.195186421986,8797.14582219343
patient_128,1034.0,41.36,59.98443839506118,975.351333034866,6193.109832455633,154.84420855272367,1306.1122054748325,7615.15091011913,195.29435692195753,2038.3900203460344,8804.957596470307
patient_128,1035.0,41.4,32.427827346608055,-688.9152762113282,6194.406945549497,60.64381016602401,-2355.0099596674913,7617.57666252577,13.08991929262804,-4555.110940733238,8805.481193242013
patient_128,1036.0,41.44,34.293555557532734,46.64320527311698,6195.778687771799,88.76751525984926,703.0926273456313,7621.127363136164,46.500793722260205,835.2718607408042,8807.341224990903
patient_128,1037.0,41.48,149.3226656277523,2875.727751755489,6201.751594396908,83.00586882505394,-144.0411608698831,7624.447597889166,185.87134821582043,3484.2638623390058,8814.776078919536
patient_128,1038.0,41.52,318.2565338732601,4223.346706137695,6214.481855751839,478.4334092577223,9885.68851081671,7643.584934259475,297.6181648844628,2793.6704167160583,8826.680805514914
patient_128,1039.0,41.56,469.6867683191907,3785.755861148266,6233.2693264846075,474.1767235209546,-106.41714341919197,7662.552003200312,360.4515785209913,1570.835340913213,8841.098868655754
patient_128,1040.0,41.6,552.6334662866186,2073.6674491856975,6255.374665136072,419.2785191329158,-1372.4551097009708,7679.323143965628,505.2452143773017,3619.84089640776,8861.308677230845
patient_128,1041.0,41.64,611.3993995615409,1469.1483318730575,6279.830641118534,889.0607110748554,11744.55479854849,7714.8855724086225,539.924477890838,866.9815878384086,8882.905656346478
patient_128,1042.0,41.68,501.3029548936365,-2752.41111669761,6299.88275931428,610.119164765232,-6973.538657740584,7739.290338999232,497.830636941712,-1052.346023728151,8902.818881824147
patient_128,1043.0,41.72,311.53426264637204,-4744.217306181612,6312.344129820134,341.52128196718814,-6714.947069951096,7752.95119027792,485.6635765857158,-304.17650889990426,8922.245424887575
patient_128,1044.0,41.76,157.10799731302114,-3860.6566333337723,6318.628449712655,212.76834701408293,-3218.8233738276303,7761.461924158484,296.049498109604,-4740.351961902796,8934.08740481196
patient_128,1045.0,41.8,114.62973311499921,-1061.9566049505484,6323.213639037255,216.49103459438462,93.06718950754203,7770.121565542259,211.56500194803039,-2112.1124040393397,8942.550004889881
patient_128,1046.0,41.84,19.67136197460273,-2373.959278509912,6324.00049351624,138.8328395927512,-1941.454875040835,7775.674879125969,124.2262829954801,-2183.467973813757,8947.519056209701
patient_128,1047.0,41.88,30.979371887637665,282.7002478258734,6325.239668391745,16.00948075315857,-3070.583970989816,7776.315258356095,91.2606561093102,-824.1406721542476,8951.169482454074
patient_128,1048.0,41.92,22.363009904309177,-215.4090495832122,6326.134188787917,123.48576405732358,2686.907082604125,7781.254688918388,109.86539560650095,465.1184874297687,8955.564098278333
patient_128,1049.0,41.96,78.55548761679034,1404.8119428120292,6329.27640829259,119.540674847797,-98.62723023816429,7786.036315912299,123.29765155971423,335.8063988303318,8960.496004340723
patient_128,1050.0,42.0,33.21276700116514,-1133.56801539063,6330.6049189726355,54.09094102833202,-1636.243345486625,7788.199953553432,84.16119254967298,-978.4114752510312,8963.86245204271
patient_128,1051.0,42.04,20.005961902300765,-330.17012747160936,6331.405157448728,46.35032807667301,-193.51532379147525,7790.053966676499,9.863095652556881,-1857.4524224279023,8964.256975868811
patient_128,1052.0,42.08,11.54651941863741,-211.4860620915839,6331.867018225473,147.68435493433628,2533.3506714415817,7795.961340873872,132.16349903542812,3057.510084571781,8969.543515830228
patient_128,1053.0,42.12,35.933993262227965,609.6868460897639,6333.304377955962,77.38231349436262,-1757.5510359993416,7799.056633413647,83.5867773117917,-1214.4180430909103,8972.8869869227
patient_128,1054.0,42.16,110.26848980554013,1858.3624135828038,6337.715117548184,485.49243008863715,10202.752914856863,7818.476330617193,186.2651122430222,2566.9583732807623,8980.33759141242
patient_128,1055.0,42.2,195.23330387815062,2124.1203518152624,6345.524449703309,396.06398534261575,-2235.711118650535,7834.318890030898,227.83269052352037,1039.189457012454,8989.450899033362
patient_128,1056.0,42.24,335.7885123439617,3513.880211645277,6358.955990197067,348.4276083485039,-1190.9094248527963,7848.255994364838,340.7072424431227,2821.8637979900586,9003.079188731086
patient_128,1057.0,42.28,369.9414452583438,853.8233228595516,6373.7536480074,290.3671840638164,-1451.5106071171872,7859.8706817273915,308.658107116834,-801.2283831572176,9015.42551301576
patient_128,1058.0,42.32,337.0957426708069,-821.1425646884222,6387.237477714233,177.41532407147383,-2823.7964998085645,7866.96729469025,778.2954129995954,11740.932647069036,9046.557329535744
patient_128,1059.0,42.36,304.0627264449688,-825.8254056459521,6399.399986772032,359.8109076472673,4559.889589394837,7881.3597309961415,416.19484096820435,-9052.514300784778,9063.205123174472
patient_128,1060.0,42.4,245.04842661420733,-1475.3574957690369,6409.2019238366,269.9235005136012,-2247.1851783416523,7892.156671016685,420.33337987166146,103.46347258642794,9080.018458369339
patient_128,1061.0,42.44,225.57669585341299,-486.7932690198586,6418.224991670736,259.2584670101081,-266.62583758732694,7902.52700969709,203.05638479768785,-5431.92487684934,9088.140713761246
patient_128,1062.0,42.48,121.86921117891256,-2592.6871168625107,6423.099760117893,180.88673067323995,-1959.2934084217043,7909.762478924019,30.493118195025232,-4314.081665066566,9089.360438489046
patient_128,1063.0,42.52,35.93312804570482,-2148.4020783301935,6424.537085239721,96.77682403923149,-2102.747665850212,7913.6335518855885,187.0502734692931,3913.9288818566965,9096.842449427819
patient_128,1064.0,42.56,24.438927888552946,-287.3550039287968,6425.514642355262,66.39632961424105,-759.5123606247607,7916.289405070158,140.7006554786472,-1158.7404497661473,9102.470475646964
patient_128,1065.0,42.6,22.982534762165375,-36.40982815968927,6426.433943745749,65.57186799039637,-20.611540596117095,7918.9122797897735,96.14827924529689,-1113.8094058337579,9106.316406816775
patient_128,1066.0,42.64,53.38017777972797,759.9410754390649,6428.569150856938,41.00284925717912,-614.2254683304312,7920.552393760061,5.673533747158524,-2261.868637453459,9106.543348166662
patient_128,1067.0,42.68,31.730333731714886,-541.2461012003272,6429.838364206207,69.12857874833873,703.1432372789901,7923.3175369099945,44.346234407114125,966.8175164988901,9108.317197542947
patient_128,1068.0,42.72,50.98638305297743,481.4012330315636,6431.877819528326,69.34534790775325,5.419228985363134,7926.091350826305,71.63936623709735,682.3282957495805,9111.18277219243
patient_128,1069.0,42.76,66.51559867621985,388.23039058106053,6434.538443475375,52.39300125802593,-423.8086662431829,7928.1870708766255,99.83779050553811,704.960606711019,9115.17628381265
patient_128,1070.0,42.8,138.64181551699158,1803.1554210192933,6440.0841160960545,113.96565705081592,1539.3163948197498,7932.745697158658,151.89951077536978,1301.5430067457917,9121.252264243665
patient_128,1071.0,42.84,266.82499170858677,3204.5794047898794,6450.757115764398,334.54752229948474,5514.54663121672,7946.127598050637,374.75491065289873,5571.384996938224,9136.242460669782
patient_128,1072.0,42.88,474.64666672018075,5195.5418752898495,6469.742982433206,574.0365070371178,5987.224618440825,7969.089058332122,353.76338048495785,-524.788254198522,9150.39299588918
patient_128,1073.0,42.92,509.184584456662,863.4479434120308,6490.110365811473,509.66923841245847,-1609.1817156164823,7989.47582786862,477.8733083196454,3102.7481958671883,9169.507928221967
patient_128,1074.0,42.96,342.8565691418853,-4158.200382869417,6503.824628577147,449.17007071861605,-1512.4791923460607,8007.4426306973655,378.8951298140069,-2474.454462640962,9184.663733414527
patient_128,1075.0,43.0,303.599572331947,-981.4249202484575,6515.968611470425,288.7829340768245,-4009.6784160447883,8018.993948060438,577.7607611089559,4971.6407823737245,9207.774163858885
patient_128,1076.0,43.04,228.76358594984873,-1870.8996595524568,6525.119154908419,297.96527566669823,229.55853974684288,8030.912559087106,340.152105157236,-5940.216398792997,9221.380248065174
patient_128,1077.0,43.08,179.41672038990345,-1233.6716389986323,6532.295823724015,231.22068154124105,-1668.6148531364297,8040.161386348756,274.1773690186777,-1649.368403463957,9232.34734282592
patient_128,1078.0,43.12,170.5113029582636,-222.63543579099618,6539.116275842346,202.3235772403073,-722.427607523344,8048.254329438369,225.61163847771354,-1214.1432635241044,9241.37180836503
patient_128,1079.0,43.16,131.98279650625344,-963.212661300254,6544.3955877025965,136.5764519932428,-1643.678131176612,8053.7173875181,102.26793363331957,-3083.592621109849,9245.462525710362
patient_128,1080.0,43.2,60.82496900300371,-1778.9456875812434,6546.828586462716,103.50583257600336,-826.7654854309864,8057.857620821139,131.3483480716994,727.0103609594959,9250.716459633231
patient_128,1081.0,43.24,36.61714599092384,-605.1955753019968,6548.293272302353,60.73811309691648,-1069.192986977172,8060.287145345015,46.032519472292506,-2132.8957149851726,9252.557760412123
patient_128,1082.0,43.28,49.03072578646579,310.33949488854876,6550.254501333812,124.83031668676249,1602.3050897461503,8065.280358012486,102.52261348075086,1412.2523502114589,9256.658664951352
patient_128,1083.0,43.32,52.87098024183528,96.00636138423724,6552.369340543485,29.778214023497373,-2376.302566581628,8066.471486573427,41.12975887821129,-1534.8213650634893,9258.30385530648
patient_128,1084.0,43.36,37.33447367363588,-388.412664204985,6553.86271949043,109.39986030126124,1990.5411569440969,8070.847480985477,26.58466865301857,-363.62725562981797,9259.367242052602
patient_128,1085.0,43.4,32.89117583190827,-111.08244604319015,6555.178366523706,143.13205597069216,843.304891735773,8076.572763224304,76.36244906954724,1244.4445104132167,9262.421740015383
patient_128,1086.0,43.44,25.016554086610654,-196.86554363244042,6556.179028687171,300.0186265928828,3922.164265554766,8088.57350828802,168.22808327521267,2296.6408551416357,9269.15086334639
patient_128,1087.0,43.48,48.02316839904906,575.1653578109602,6558.099955423133,239.85369515874007,-1504.1232858535686,8098.167656094369,172.82857356435454,115.01225722854684,9276.064006288965
patient_128,1088.0,43.52,36.591512518977936,-285.79139700177814,6559.563615923892,108.30639298867156,-3288.682554251713,8102.499911813917,105.68205810854423,-1678.6628863952578,9280.291288613307
patient_128,1089.0,43.56,104.84321637698662,1706.292596450217,6563.757344578971,263.77566498424477,3886.73179988933,8113.0509384132865,107.24390804774036,39.04624847990341,9284.581044935216
patient_128,1090.0,43.6,165.75613208601553,1522.8228927257228,6570.387589862412,286.8774942524318,577.5457317046757,8124.526038183383,45.23087612878171,-1550.3257979739662,9286.390279980367
patient_128,1091.0,43.64,120.71313713386749,-1126.074873803701,6575.216115347766,332.17223586988274,1132.3685404362734,8137.812927618179,413.2868564299958,9201.399507530352,9302.921754237566
patient_128,1092.0,43.68,69.26921757218427,-1286.0979890420804,6577.986884050653,684.3642209728368,8804.799627573853,8165.1874964570925,809.6921525985703,9910.132404214362,9335.30944034151
patient_128,1093.0,43.72,841.3929552517504,19303.093441989153,6611.642602260723,652.5025113622145,-796.5427402655592,8191.287596911582,612.842470922897,-4921.242041891833,9359.823139178427
patient_128,1094.0,43.76,395.99053830867547,-11135.060423576873,6627.48222379307,398.2095873944711,-6357.323099193584,8207.21598040736,487.1270064117602,-3142.886612778419,9379.308219434895
patient_128,1095.0,43.8,267.19948547565497,-3219.7763208255124,6638.170203212097,238.7652332330571,-3986.10885403535,8216.766589736682,319.79534729984937,-4183.29147779777,9392.100033326891
patient_128,1096.0,43.84,369.0911906273429,2547.292628792198,6652.93385083719,249.84967196783103,277.11096836934814,8226.760576615396,614.9203027025047,7378.123885066384,9416.69684543499
patient_128,1097.0,43.88,225.14359036155508,-3598.690006644695,6661.939594451653,354.2446843421666,2609.8753093583887,8240.930363989082,666.683259497099,1294.073919864857,9443.364175814875
patient_128,1098.0,43.92,273.36616206194236,1205.564292509682,6672.87424093413,36.80446543653722,-7936.005472640734,8242.402542606544,174.48309501347777,-12305.004112090532,9450.343499615414
patient_128,1099.0,43.96,535.0966279042739,6543.261646058288,6694.278106050301,110.83601165580147,1850.7886554816062,8246.835983072777,268.61610533018296,2353.32525791763,9461.088143828621
patient_128,1100.0,44.0,288.8471788559496,-6156.236226208107,6705.831993204539,278.1135061442952,4181.937362212342,8257.960523318548,182.46600287883368,-2153.752561283732,9468.386783943773
patient_128,1101.0,44.04,170.88566862333252,-2949.0377558154273,6712.667419949472,288.0232568237798,247.74376698711507,8269.4814535915,262.9212125071476,2011.3802407078474,9478.90363244406
patient_128,1102.0,44.08,171.27846240698682,9.819844591357452,6719.518558445751,357.7009310569958,1741.9418558304003,8283.789490833778,367.29949567036675,2609.4570790804796,9493.595612270874
patient_128,1103.0,44.12,237.1538510633514,1646.8847164091144,6729.004712488285,188.7087033102376,-4224.8056936689545,8291.337838966188,267.27584194491214,-2500.591343136365,9504.28664594867
patient_128,1104.0,44.16,118.59297387031198,-2964.0219298259854,6733.748431443097,348.3715954619713,3991.5723037933426,8305.272702784667,271.36759329390105,102.29378372472269,9515.141349680425
patient_128,1105.0,44.2,117.01040587011641,-39.564200004889116,6738.428847677902,458.386471151953,2750.3718922495423,8323.608161630744,243.8806219909102,-687.1742825747709,9524.896574560064
patient_128,1106.0,44.24,92.7628949141461,-606.1877738992578,6742.139363474467,387.38473385609643,-1775.0434323964143,8339.103550984988,191.44151936474324,-1310.9775656541742,9532.554235334652
patient_128,1107.0,44.28,22.08564073909541,-1766.9313543762673,6743.022789104031,242.44740722405064,-3623.4331658011447,8348.80144727395,26.07045739287429,-4134.276549296724,9533.597053630367
patient_128,1108.0,44.32,42.06857432153714,499.57333956104327,6744.705532076893,82.08448689718449,-4009.073008171654,8352.084826749839,46.78924487928245,517.969687160204,9535.468623425539
patient_128,1109.0,44.36,15.96620952181523,-652.5591199930478,6745.344180457765,41.30506470773743,-1019.4855547361765,8353.737029338146,12.802162745353826,-849.6770533482156,9535.980709935353
patient_128,1110.0,44.4,23.897036143005867,198.27066552976592,6746.300061903486,25.561936931352516,-393.5781944096228,8354.759506815402,20.433464043561344,190.78253245518795,9536.798048497096
patient_128,1111.0,44.44,23.258779518943438,-15.956415601560714,6747.230413084243,102.59368908604796,1925.793803867386,8358.863254378844,18.91225340101646,-38.03026606362208,9537.554538633136
patient_128,1112.0,44.48,3.4603734011618017,-494.9601529445409,6747.3688280202905,59.33413436633214,-1081.4888679928956,8361.236619753498,47.16314211550844,706.2722178622995,9539.441064317756
patient_128,1113.0,44.52,9.040023952649939,139.49126378720345,6747.730428978397,67.01855607066918,192.11054260842602,8363.917361996324,12.518291160220027,-866.1212738822105,9539.941795964165
patient_128,1114.0,44.56,27.617193441271365,464.42923721553564,6748.835116716048,88.4682769352391,536.2430216142482,8367.456093073733,35.101171982176275,564.5720205489062,9541.345842843453
patient_128,1115.0,44.6,7.783461234570619,-495.8433051675186,6749.146455165431,75.07024431219276,-334.9508155761587,8370.458902846221,18.334706660202748,-419.1616330493382,9542.079231109861
patient_128,1116.0,44.64,13.65391012962647,146.76122237639626,6749.692611570616,47.65049509750504,-685.4937303671928,8372.364922650122,17.448925238566048,-22.14453554091751,9542.777188119404
patient_128,1117.0,44.68,21.473126807326917,195.4804169425112,6750.551536642909,27.397552600070558,-506.32356243586213,8373.460824754125,31.14256894913114,342.34109276412727,9544.02289087737
patient_128,1118.0,44.72,10.59621342003104,-271.9228346823969,6750.97538517971,30.986344257312968,89.71979143106026,8374.700278524419,5.719299316914348,-635.5817408054197,9544.251662850045
patient_128,1119.0,44.76,11.658441422338685,26.555700057691123,6751.441722836604,74.31883488010192,1083.3122655697239,8377.673031919621,8.409370598359704,67.25178203613392,9544.58803767398
patient_128,1120.0,44.8,10.51842182360993,-28.500489968218858,6751.862459709548,29.35019229466538,-1124.2160646359134,8378.847039611408,5.457815062248993,-73.78888840276778,9544.80635027647
patient_128,1121.0,44.84,8.92420979613751,-39.855300686810494,6752.219428101393,12.43489660660487,-422.88239220151274,8379.344435475672,17.647580329127,304.74413167195013,9545.512253489635
patient_128,1122.0,44.88,4.385752777336618,-113.46142547002232,6752.394858212486,12.265544842407179,-4.233794104942268,8379.835057269369,11.660254364178568,-149.68314912371076,9545.978663664202
patient_128,1123.0,44.92,8.892779868698138,112.675677284038,6752.750569407234,29.71089328600981,436.13371109006584,8381.023493000808,11.376833947592134,-7.085510414660856,9546.433737022106
patient_128,1124.0,44.96,9.240247532979906,8.686691607044184,6753.120179308554,41.14691206567011,285.90046949150747,8382.669369483436,8.236379708560722,-78.51135597578529,9546.763192210448
patient_128,1125.0,45.0,10.592916043264122,33.81671275710541,6753.543895950284,14.489233279656219,-666.4419696503472,8383.248938814622,10.768495776337247,63.30290169441311,9547.193932041502
patient_128,1126.0,45.04,9.88887853210763,-17.600937778912318,6753.939451091569,5.221220595419021,-231.70031710592994,8383.45778763844,6.769038368622027,-99.98643519288049,9547.464693576248
patient_128,1127.0,45.08,14.642000068089262,118.82803839954082,6754.525131094293,14.318837459567481,227.44042160371148,8384.030541136823,12.229401063237832,136.5090673653951,9547.953869618777
patient_128,1128.0,45.12,18.680103668011395,100.95258999805333,6755.272335241013,66.45492379455082,1303.4021583745835,8386.688738088604,19.17191617913197,173.56287789735342,9548.720746265943
patient_128,1129.0,45.16,11.620248218443994,-176.49638623918503,6755.737145169751,46.4106839141073,-501.105997011088,8388.545165445168,28.2296738060469,226.44394067287328,9549.849933218184
patient_128,1130.0,45.2,8.630770202981568,-74.73695038656065,6756.0823759778705,10.98901262195017,-885.5417823039282,8388.984725950048,15.708771389294625,-313.02256041880685,9550.478284073755
patient_128,1131.0,45.24,10.878782906231294,56.200317581243155,6756.51752729412,30.82506130809898,495.90121715372027,8390.217728402371,22.699956342446793,174.77962382880418,9551.386282327454
patient_128,1132.0,45.28,17.202029412032317,158.08116264502559,6757.205608470601,13.263334246065307,-439.0431765508419,8390.748261772214,1.2130968997486016,-537.1714860674548,9551.434806203442
patient_128,1133.0,45.32,7.750908841724203,-236.27801425770284,6757.51564482427,85.997478981213,1818.3536183786923,8394.188160931462,3.732266493389214,62.979239841015314,9551.584096863178
patient_128,1134.0,45.36,13.601506752479228,146.26494776887563,6758.059705094369,6.562041465003525,-1985.885937905237,8394.450642590062,11.436150588821159,192.59710238579862,9552.041542886733
patient_128,1135.0,45.4,27.378914440142026,344.43519219156997,6759.154861671975,60.26940396065671,1342.6840623913297,8396.861418748487,32.06914158039037,515.8247747892303,9553.324308549949
patient_128,1136.0,45.44,21.76395665303195,-140.3739446777519,6760.025419938096,112.3540717837309,1302.1166955768547,8401.355581619837,31.332326910573503,-18.420366745421735,9554.577601626372
patient_128,1137.0,45.48,16.103343998731184,-141.51531635751917,6760.669553698045,91.5627911410519,-519.782016066975,8405.018093265478,19.133382832072467,-304.9736019625259,9555.342936939654
patient_128,1138.0,45.52,67.52240780990724,1285.4765952794014,6763.370450010441,172.7405687480799,2029.4444401757,8411.927716015402,72.62700084607651,1337.340450350101,9558.248016973497
patient_128,1139.0,45.56,8.918965065517106,-1465.0860686097533,6763.7272086130615,140.4611454184014,-806.9855832419627,8417.546161832137,46.85531593080478,-644.2921228817934,9560.12222961073
patient_128,1140.0,45.6,77.55337333520032,1715.8602067420802,6766.829343546469,122.21318296083639,-456.1990614391252,8422.434689150572,36.278419282417445,-264.4224162096833,9561.573366382025
patient_128,1141.0,45.64,23.363215722065274,-1354.753940328376,6767.763872175352,135.25387661513724,326.01734135752133,8427.844844215177,17.134045152701862,-478.6093532428896,9562.258728188133
patient_128,1142.0,45.68,19.032731938479778,-108.2620945896374,6768.52518145289,99.98184478248038,-881.8007958164217,8431.844118006476,10.360737848057639,-169.3326826161056,9562.673157702056
patient_128,1143.0,45.72,44.58141359157588,638.7170413274026,6770.308437996553,94.81121367488483,-129.26577768988886,8435.636566553472,22.295297208928364,298.36398402176815,9563.564969590414
patient_128,1144.0,45.76,41.47352754292914,-77.69715121616852,6771.967379098271,66.97432391736143,-695.9222439380849,8438.315539510166,33.485074493622975,279.74443211736525,9564.904372570158
patient_128,1145.0,45.8,37.78811502944631,-92.13531283707077,6773.478903699449,95.42464099661893,711.2579269814375,8442.132525150031,40.75182340650051,181.66872282193847,9566.534445506419
patient_128,1146.0,45.84,44.373058780012286,164.6235937641494,6775.253826050649,54.88182491941897,-1013.5704019299991,8444.327798146807,4.247181075801674,-912.6160582674711,9566.70433274945
patient_128,1147.0,45.88,14.505012664823191,-746.7011528797274,6775.834026557242,35.856922809354366,-475.62255275161505,8445.762075059181,20.424582089113795,404.43502533280304,9567.521316033015
patient_128,1148.0,45.92,58.235964350259565,1093.2737921359094,6778.163465131252,19.663857930985966,-404.82662195921,8446.54862937642,18.607070009938532,-45.43780197938156,9568.265598833414
patient_128,1149.0,45.96,31.09850607322543,-678.4364569258533,6779.4074053741815,124.32120495056672,2616.433675489519,8451.521477574444,18.193838479795218,-10.330788253582845,9568.993352372605
patient_128,1150.0,46.0,52.87877534867882,544.5067318863348,6781.522556388129,43.91869990105872,-2010.0626262376998,8453.278225570486,12.600854827680784,-139.82459130286085,9569.497386565712
patient_128,1151.0,46.04,96.40545619378848,1088.1670211277415,6785.37877463588,156.71467531165524,2819.8993852649132,8459.546812582954,41.42543218264643,720.6144338741412,9571.154403853017
patient_128,1152.0,46.08,27.307915052408433,-1727.4385285345013,6786.471091237976,31.029274050208667,-3142.135031536164,8460.787983544962,56.322555202214765,372.4280754892083,9573.407306061104
patient_128,1153.0,46.12,26.406067722921225,-22.546183237180184,6787.527333946893,70.60545725390112,989.4045800923113,8463.612201835118,5.925473037255616,-1259.9270541239787,9573.644324982595
patient_128,1154.0,46.16,14.961187696300353,-286.1220006655218,6788.125781454744,83.45483133192567,321.2343519506138,8466.950395088395,12.352191728027835,160.66796726930548,9574.138412651717
patient_128,1155.0,46.2,31.54090183864335,414.49285355857495,6789.387417528291,75.3171012816475,-203.44325125695448,8469.963079139661,17.972368955652595,140.504430690619,9574.857307409942
patient_128,1156.0,46.24,26.048867375812186,-137.3008615707791,6790.429372223323,66.79355452578285,-213.08866889661607,8472.634821320693,8.439184071344663,-238.3296221076983,9575.194874772797
patient_128,1157.0,46.28,2.6881926341694853,-584.0168685410675,6790.53689992869,40.73995867299516,-651.3398963196923,8474.264419667612,18.8003359238871,259.028796313561,9575.946888209752
patient_128,1158.0,46.32,26.68607718656431,599.9471138098706,6791.6043430161535,46.969757135847615,155.74496157131142,8476.143209953047,2.3425338072023316,-411.4450529171192,9576.04058956204
