patient,frame,time_s,wrist_speed_mm_s,wrist_accel_mm_s2,wrist_path_mm,wrist_x,wrist_y
patient_160,0.0,0.0,,,0.0,440.20713806152344,179.40144538879395
patient_160,1.0,0.04,98.47577535302418,,3.939031014120967,442.8242874145508,176.6793966293335
patient_160,2.0,0.08,55.01647198578266,-1086.482584181038,6.139689893552274,444.3367385864258,175.2086591720581
patient_160,3.0,0.12,9.998971693279179,-1125.4375073125868,6.53964876128344,443.9590835571289,175.27487754821777
patient_160,4.0,0.16,13.31667959286911,82.9426974897483,7.072315944998206,444.4307327270508,175.0791835784912
patient_160,5.0,0.2,21.067106450368513,193.76067143748506,7.915000203012946,445.21854400634766,174.90045547485352
patient_160,6.0,0.24,6.7653271690441334,-357.5444820331095,8.185613289774711,445.03196716308594,175.0806999206543
patient_160,7.0,0.28,21.813247073277118,376.1979976058246,9.058143172705796,444.7584915161133,175.87117195129395
patient_160,8.0,0.32,42.09636429354034,507.0779305065805,10.74199774444741,444.60025787353516,174.2647361755371
patient_160,9.0,0.36,19.598013497412765,-562.4587699031894,11.52591828434392,443.8645553588867,174.41800117492676
patient_160,10.0,0.4,11.66078469270891,-198.43072011759637,11.992349672052276,444.28646087646484,174.2699146270752
patient_160,11.0,0.44,9.408926597741555,-56.29645237418388,12.368706735961936,444.13318634033203,174.596529006958
patient_160,12.0,0.48,55.41911336845217,1150.2546692677654,14.585471270700022,446.2340545654297,174.27666664123535
patient_160,13.0,0.52,29.270557154387472,-653.7139053516175,15.756293556875521,447.0770263671875,175.017728805542
patient_160,14.0,0.56,37.592085251694215,208.03820243266858,17.25997696694329,446.12056732177734,176.09619140625
patient_160,15.0,0.6,15.149117101856483,-561.0742037459434,17.86594165101755,446.2261962890625,176.66740894317627
patient_160,16.0,0.64,35.75923723680055,515.2530033736017,19.29631114048957,447.4197006225586,177.34251022338867
patient_160,17.0,0.68,22.23467438329529,-338.1140713376316,20.18569811582138,446.5834426879883,177.5086498260498
patient_160,18.0,0.72,15.354045106955763,-172.01573190848816,20.79985992009961,447.15660095214844,177.37401008605957
patient_160,19.0,0.76,55.618274894313025,1006.6057446839317,23.024590915872132,445.0250244140625,177.44370460510254
patient_160,20.0,0.8,8.800062348560171,-1170.4553136438215,23.376593409814536,444.70481872558594,177.55017757415771
patient_160,21.0,0.84,3.128826489532433,-141.78089647569348,23.501746469395833,444.637451171875,177.6494550704956
patient_160,22.0,0.88,2.542012759219111,-14.670343257833052,23.6034269797646,444.7127151489258,177.58751392364502
patient_160,23.0,0.92,6.39369539931594,96.29206600242074,23.859174795737236,444.88590240478516,177.76104927062988
patient_160,24.0,0.96,8.01409392216045,40.50996307111274,24.179738552623654,445.1116180419922,177.96958923339844
patient_160,25.0,1.0,17.189910052792886,229.3954032658109,24.86733495473537,444.61151123046875,177.54019260406494
patient_160,26.0,1.04,9.763412969040287,-185.66242709381498,25.25787147349698,444.5829391479492,177.16690063476562
patient_160,27.0,1.08,11.439034945825174,41.89054941962218,25.715432871329984,445.0124740600586,177.25579261779785
patient_160,28.0,1.12,10.933178675035764,-12.646406769735252,26.152760018331414,444.68505859375,176.99395179748535
patient_160,29.0,1.16,6.212180848797258,-118.02494565596264,26.401247252283305,444.63592529296875,176.7608642578125
patient_160,30.0,1.2,10.503372836681654,107.2797996971099,26.821382165750574,444.64759826660156,176.35827541351318
patient_160,31.0,1.24,11.855974275999122,33.81503598293669,27.295621136790537,444.78870391845703,176.79044723510742
patient_160,32.0,1.28,3.1409268168442077,-217.87618647887282,27.421258209464305,444.6852493286133,176.728777885437
patient_160,33.0,1.32,4.05493156609453,22.850118731258064,27.583455472108085,444.7526550292969,176.58865928649902
patient_160,34.0,1.36,3.883723404235984,-4.280204046463654,27.738804408277524,444.6251678466797,176.66563510894775
patient_160,35.0,1.4,6.346690867058317,61.57418657055833,27.992672042959857,444.3821334838867,176.65290355682373
patient_160,36.0,1.44,6.141256895486621,-5.135849289292405,28.238322318779325,444.59617614746094,176.75109386444092
patient_160,37.0,1.48,8.303357073136917,54.0525044412574,28.5704566017048,444.28009033203125,176.7893886566162
patient_160,38.0,1.52,8.753241129498866,11.247101409048721,28.920586246884753,443.9618682861328,176.68264389038086
patient_160,39.0,1.56,17.414209925890134,216.5242199097817,29.617154643920358,444.21749114990234,177.2995376586914
patient_160,40.0,1.6,24.82101312847711,185.17008006467438,30.609995169059445,444.1107177734375,178.24530601501465
patient_160,41.0,1.64,36.294172815333546,286.82899217141096,32.06176208167279,443.8744354248047,179.61682319641113
patient_160,42.0,1.68,5.337143514068189,-773.9257325316339,32.275247822235514,443.9802932739258,179.44167137145996
patient_160,43.0,1.72,6.449426285780203,27.807069292800346,32.533224873666725,444.0315246582031,179.68361377716064
patient_160,44.0,1.76,8.69309373260749,56.09168617068219,32.880948622971026,444.3628692626953,179.64717864990234
patient_160,45.0,1.8,6.1768627298658085,-62.90577506854205,33.12802313216565,444.15287017822266,179.75672721862793
patient_160,46.0,1.84,5.252106436051355,-23.11890734536133,33.33810738960771,444.3035125732422,179.89039421081543
patient_160,47.0,1.88,9.190216834514628,98.4527599615818,33.705716062988294,444.2306137084961,180.23517608642578
patient_160,48.0,1.92,16.692259142381502,187.55105769667188,34.37340642868356,443.70906829833984,180.6062364578247
patient_160,49.0,1.96,13.924056305420486,-69.20507092402542,34.93036868090037,444.1537094116211,180.90182304382324
patient_160,50.0,2.0,3.5349541470934076,-259.72755395817694,35.071766846784115,444.1808319091797,180.7690143585205
patient_160,51.0,2.04,10.511508717106503,174.41386425032738,35.492227195468374,443.84490966796875,180.54625511169434
patient_160,52.0,2.08,8.324418891407095,-54.6772456424852,35.82520395112466,444.0348434448242,180.2897071838379
patient_160,53.0,2.12,10.567403247827547,56.0746089105113,36.247900081037756,444.4141387939453,180.14711380004883
patient_160,54.0,2.16,12.513434526182824,48.65078195888191,36.748437462085064,444.5524597167969,179.68764781951904
patient_160,55.0,2.2,7.617540265905241,-122.39735650693957,37.05313907272128,444.72110748291016,179.44915294647217
patient_160,56.0,2.24,20.08546057281967,311.69800767286074,37.856557495634064,445.27435302734375,178.91332626342773
patient_160,57.0,2.28,8.989426787728599,-277.4008446272768,38.21613456714321,445.5448532104492,178.69966506958008
patient_160,58.0,2.32,6.97441613592141,-50.37526629517972,38.49511121258006,445.77598571777344,178.56512546539307
patient_160,59.0,2.36,7.061783435234171,2.1841824828190193,38.77758254998943,445.56976318359375,178.74062061309814
patient_160,60.0,2.4,22.111771281575372,376.24969615853,39.66205340125244,444.92462158203125,179.29080963134766
patient_160,61.0,2.44,10.158084224877161,-298.8421764174553,40.068376770247525,445.2628707885742,179.09764766693115
patient_160,62.0,2.48,11.618507221794813,36.510574922941295,40.53311705911932,445.5300521850586,178.741135597229
patient_160,63.0,2.52,7.5834593294336745,-100.87619730902846,40.836455432296674,445.5603790283203,178.45192909240723
patient_160,64.0,2.56,8.73297341215717,28.73785206808739,41.18577436878296,445.77369689941406,178.19379329681396
patient_160,65.0,2.6,4.787036978987147,-98.64841082925058,41.37725584794244,445.6257629394531,178.30246925354004
patient_160,66.0,2.64,18.404601919889437,340.4391235225573,42.113439924738024,445.0946807861328,178.76724243164062
patient_160,67.0,2.68,7.029430999932665,-284.3792729989193,42.39461716473533,445.00572204589844,179.0216875076294
patient_160,68.0,2.72,5.061383448535951,-49.20118878491786,42.59707250267677,445.1227569580078,178.86686325073242
patient_160,69.0,2.76,12.026019377277331,174.1158982185345,43.07811327776786,445.53504943847656,178.66029739379883
patient_160,70.0,2.8,3.5135391171779817,-212.8120065024837,43.21865484245498,445.66280364990234,178.61751079559326
patient_160,71.0,2.84,5.780729564433616,56.679761181390866,43.449884025032325,445.5514144897461,178.80915641784668
patient_160,72.0,2.88,3.156204947749526,-65.61311541710225,43.576132222942306,445.46791076660156,178.89676094055176
patient_160,73.0,2.92,3.393513868106619,5.93272300892732,43.71187277766657,445.5100631713867,179.01987075805664
patient_160,74.0,2.96,6.99825270310965,90.11847087507579,43.99180288579096,445.6269836425781,178.77832889556885
patient_160,75.0,3.0,4.060696146556834,-73.4389139138204,44.154230731653236,445.56846618652344,178.634033203125
patient_160,76.0,3.04,1.0564392207425646,-75.10642314535674,44.19648830048293,445.5857849121094,178.597412109375
patient_160,77.0,3.08,4.81916985984052,94.06826597744889,44.38925509487655,445.76488494873047,178.55189323425293
patient_160,78.0,3.12,6.169727421071835,33.76393903078287,44.63604419171943,446.00128173828125,178.54253768920898
patient_160,79.0,3.16,1.829767163150322,-108.49900644803783,44.70923487824544,445.982666015625,178.61018657684326
patient_160,80.0,3.2,4.498319580141898,66.71381042478939,44.88916766145112,446.0535430908203,178.76744270324707
patient_160,81.0,3.24,5.120982513709147,15.566573339181232,45.09400696199948,446.19850158691406,178.63497734069824
patient_160,82.0,3.28,4.226243507381147,-22.368475158199995,45.26305670229473,446.05506896972656,178.5595464706421
patient_160,83.0,3.32,8.24988754373705,100.59110090889756,45.59305220404421,446.0940170288086,178.24560642242432
patient_160,84.0,3.36,18.30990055299672,251.50032523149176,46.32544822616408,445.4154968261719,178.42605113983154
patient_160,85.0,3.4,7.212594237269111,-277.4326578931902,46.613951995654844,445.4654312133789,178.69807720184326
patient_160,86.0,3.44,6.086349465113729,-28.15611930388455,46.85740597425939,445.6964111328125,178.73149394989014
patient_160,87.0,3.48,10.008368489581725,98.05047561169991,47.25774071384266,445.8517837524414,178.3805751800537
patient_160,88.0,3.52,8.413036396014254,-39.88330233918678,47.594262169683226,445.5345916748047,178.4394121170044
patient_160,89.0,3.56,8.95994099186588,13.672614896290636,47.952659809357854,445.2931594848633,178.68385791778564
patient_160,90.0,3.6,2.1177799870670198,-171.0540251199715,48.03737100884054,445.3308868408203,178.61194610595703
patient_160,91.0,3.64,4.434446006544737,57.91665048694292,48.21474884910233,445.41126251220703,178.76179218292236
patient_160,92.0,3.68,5.853702050932791,35.48140110970135,48.448896931139636,445.5054473876953,178.55804443359375
patient_160,93.0,3.72,8.570604564653388,67.92256284301494,48.79172111372577,445.58067321777344,178.2381248474121
patient_160,94.0,3.76,5.29932396488484,-81.78201499421371,49.00369407232117,445.50315856933594,178.42596530914307
patient_160,95.0,3.8,6.197488088062756,22.454103079447908,49.25159359584368,445.4814147949219,178.6626148223877
patient_160,96.0,3.84,4.299655585793916,-47.445812556721,49.42357981927544,445.6338119506836,178.59970092773438
patient_160,97.0,3.88,19.33301665958972,375.8340268448951,50.19690048565903,446.2666702270508,178.2136058807373
patient_160,98.0,3.92,4.041791773274055,-382.2806221578916,50.358572156589986,446.11499786376953,178.181734085083
patient_160,99.0,3.96,15.397243241100618,283.88628669566407,50.97446188623401,445.6589126586914,178.55667114257812
patient_160,100.0,4.0,2.352607260684168,-326.1158995104112,51.06856617666138,445.73524475097656,178.60475063323975
patient_160,101.0,4.04,3.541135436620922,29.713204398418846,51.210211594126214,445.8662414550781,178.56900215148926
patient_160,102.0,4.08,7.489950253614114,98.72037042482981,51.50980960427078,445.74440002441406,178.30892086029053
patient_160,103.0,4.12,3.31642283243609,-104.3381855294506,51.64246651756822,445.7612991333008,178.1828784942627
patient_160,104.0,4.16,11.235246209039147,197.97058441507642,52.091876365929785,446.13563537597656,177.96961784362793
patient_160,105.0,4.2,7.298833489820875,-98.41031798045681,52.38382970552262,446.2353515625,177.7081060409546
patient_160,106.0,4.24,18.295891193313814,274.92644258732344,53.115665353255174,446.67964935302734,177.1651554107666
patient_160,107.0,4.28,344.80866040753267,8162.8192303554715,66.90801176955648,456.49974822998047,168.31167697906494
patient_160,108.0,4.32,369.9384049972082,628.2436147418878,81.70554796944481,465.0553894042969,156.99666023254395
patient_160,109.0,4.36,228.25062188847838,-3542.194577718245,90.83557284498394,469.35150146484375,149.3711757659912
patient_160,110.0,4.4,72.51322149463185,-3893.4350098461637,93.73610170476923,466.6880798339844,150.16974449157715
patient_160,111.0,4.44,176.81299612144477,2607.494365670323,100.80862154962702,467.6540756225586,143.4589147567749
patient_160,112.0,4.48,188.4565375817115,291.08853650666833,108.34688305289548,462.576904296875,138.31651210784912
patient_160,113.0,4.52,301.8227068098961,2834.1542307046147,120.41979132529133,451.3629150390625,141.17902278900146
patient_160,114.0,4.56,215.53236239583424,-2157.2586103515464,129.0410858211247,443.5328674316406,143.82399559020996
patient_160,115.0,4.6,186.17250690560846,-733.9963872556445,136.48798609734905,438.57177734375,148.9573574066162
patient_160,116.0,4.64,195.53155235974808,233.97613635349046,144.30924819173896,433.1221008300781,154.10688400268555
patient_160,117.0,4.68,181.83157252256302,-342.4994959296264,151.58251109264148,426.4280319213867,156.05735778808594
patient_160,118.0,4.72,200.86630533687713,475.8683203578528,159.6171633061166,418.8507843017578,157.43986129760742
patient_160,119.0,4.76,320.2815517761089,2985.381160980795,172.42842537716092,407.5296401977539,162.20054626464844
patient_160,120.0,4.8,76.88550302792079,-6084.901218704704,175.50384549827777,404.71019744873047,163.0623722076416
patient_160,121.0,4.84,19.990197980055182,-1422.38262619664,176.30345341747997,404.8402404785156,162.30694770812988
patient_160,122.0,4.88,70.0502712701131,1251.501832251448,179.1054642682845,403.1940460205078,164.42951202392578
patient_160,123.0,4.92,41.35668698317638,-717.339607173418,180.75973174761154,401.80721282958984,165.19866943359375
patient_160,124.0,4.96,59.9612089622596,465.1130494770804,183.15818010610192,399.7129821777344,166.14774227142334
patient_160,125.0,5.0,29.887848253163966,-751.8340177273908,184.3536940362285,399.04327392578125,165.2177095413208
patient_160,126.0,5.04,53.00878885423138,578.0235150266855,186.47404559039774,397.06939697265625,165.70298194885254
patient_160,127.0,5.08,45.269848137446644,-193.47351791961847,188.28483951589558,397.2392272949219,163.97541046142578
patient_160,128.0,5.12,156.12538779062902,2771.388491329559,194.52985502752074,403.1564712524414,164.8848295211792
patient_160,129.0,5.16,220.1915892493808,1601.6550364687944,203.33751859749597,409.6376037597656,170.29644012451172
patient_160,130.0,5.2,281.43241250061334,1531.0205812808135,214.59481509752052,408.98990631103516,181.06867790222168
patient_160,131.0,5.24,465.03952032641416,4590.17769564502,233.19639591057708,407.5901794433594,198.84587287902832
patient_160,132.0,5.28,486.1649307439079,528.1352604373438,252.64299314033343,400.4916763305664,216.08379364013672
patient_160,133.0,5.32,387.24460924761536,-2473.008037407314,268.13277751023804,392.5165557861328,228.60952377319336
patient_160,134.0,5.36,275.8919585240118,-2783.8162680900896,279.16845585119853,385.4947280883789,236.52244091033936
patient_160,135.0,5.4,145.14252963113861,-3268.735722321829,284.97415703644407,380.82183837890625,239.54564094543457
patient_160,136.0,5.44,46.42430771703347,-2467.9555478526286,286.8311293451254,379.6249008178711,240.86334228515625
patient_160,137.0,5.48,54.31769500382151,197.334682169701,289.0038371452783,378.32019805908203,242.4869155883789
patient_160,138.0,5.52,55.5900206455998,31.808141044457194,291.2274379711023,377.5623321533203,244.47927474975586
patient_160,139.0,5.56,70.29677669199451,367.66890115986774,294.03930903878205,376.4780044555664,246.94713592529297
patient_160,140.0,5.6,25.01839751834116,-1131.9594793413337,295.04004493951567,375.78697204589844,247.61258125305176
patient_160,141.0,5.64,55.841381013090384,770.5745873687306,297.2737001800393,374.1703796386719,249.01674270629883
patient_160,142.0,5.68,68.46329203711424,315.5477756005965,300.01223186152384,371.6171646118164,249.62757110595703
patient_160,143.0,5.72,63.97775445496052,-112.13843955384313,302.5713420397223,369.1712951660156,249.81791496276855
patient_160,144.0,5.76,42.619262951680774,-533.9622875819936,304.27611255778953,367.54425048828125,249.66450691223145
patient_160,145.0,5.8,26.587508302264435,-400.7938662354085,305.33961288988013,366.5810775756836,249.99873161315918
patient_160,146.0,5.84,19.6290371035738,-173.96177996726587,306.12477437402305,365.86944580078125,249.75354194641113
patient_160,147.0,5.88,29.68424991350884,251.38032024837597,307.31214437056343,366.8462371826172,250.33793449401855
patient_160,148.0,5.92,36.267610468276416,164.58401386918942,308.76284878929454,367.8155517578125,251.33517265319824
patient_160,149.0,5.96,109.49642131303179,1830.7202711188843,313.1427056418158,369.77989196777344,255.04603385925293
patient_160,150.0,6.0,49.504782162350324,-1499.7909787670367,315.1228969283098,371.1597442626953,256.34968757629395
patient_160,151.0,6.04,44.67276025212997,-120.80054775550889,316.90980733839496,372.8700256347656,256.4462184906006
patient_160,152.0,6.08,32.11584571268118,-313.92286348621974,318.1944411669022,373.9507293701172,255.85573196411133
patient_160,153.0,6.12,107.93995885860286,1895.602828648042,322.5120395212463,377.57884979248047,253.8636875152588
patient_160,154.0,6.16,132.52638006325083,614.6605301161991,327.8130947237764,381.92237854003906,251.2257957458496
patient_160,155.0,6.2,271.9290823559031,3485.067557316307,338.6902580180125,387.97088623046875,242.73204803466797
patient_160,156.0,6.24,340.3891492541619,1711.5016724564698,352.30582398817904,392.0112991333008,230.3207302093506
patient_160,157.0,6.28,550.2216187211216,5245.811736673992,374.3146887370239,399.55806732177734,210.61803817749023
patient_160,158.0,6.32,652.3006550241195,2551.9759075749475,400.4067149379887,406.9293975830078,186.71602249145508
patient_160,159.0,6.36,484.0283512100929,-4206.807595350663,419.7678489863923,411.0306930541992,168.6144733428955
patient_160,160.0,6.4,457.8194052376706,-655.2236493105581,438.0806251958992,411.5433120727539,151.0666036605835
patient_160,161.0,6.44,281.0222289498698,-4419.929407195019,449.32151435389403,414.09679412841797,140.59754848480225
patient_160,162.0,6.48,176.80186519992125,-2605.5090937487143,456.3935889618908,416.61754608154297,134.30402755737305
patient_160,163.0,6.52,59.169653234604915,-2940.8052991329087,458.7603750912751,414.417724609375,133.74844551086426
patient_160,164.0,6.56,72.40592503997703,330.90679513430297,461.6566120928741,413.54137420654297,136.38296127319336
patient_160,165.0,6.6,143.3277541719219,1773.0457282986215,467.389722259751,412.3248291015625,141.74261569976807
patient_160,166.0,6.64,113.01087734117394,-757.921920768699,471.91015735339795,413.97594451904297,145.74920654296875
patient_160,167.0,6.68,85.70034676353022,-682.7632644410929,475.3381712239391,416.96815490722656,147.10787773132324
patient_160,168.0,6.72,48.796721202613604,-922.5906390229154,477.2900400720437,417.8895568847656,148.73642921447754
patient_160,169.0,6.76,159.73837203739492,2773.541270869533,483.6795749535395,416.45904541015625,154.6923065185547
patient_160,170.0,6.8,140.5833901231459,-478.8745478562255,489.3029105584653,414.9917984008789,159.87954139709473
patient_160,171.0,6.84,96.74824455842212,-1095.8786391180947,493.1728403408022,413.59596252441406,163.31680297851562
patient_160,172.0,6.88,111.92051918686848,379.306865711159,497.6496611082769,410.947265625,166.69359683990479
patient_160,173.0,6.92,37.509135381040814,-1860.2845951456914,499.15002652351853,412.376708984375,166.8530559539795
patient_160,174.0,6.96,30.72689333783426,-169.55605108016388,500.37910225703195,412.94200897216797,167.8868293762207
patient_160,175.0,7.0,28.03568646267982,-67.28017187886097,501.5005297155391,412.93079376220703,168.9618158340454
patient_160,176.0,7.04,49.05523759826796,525.4887783897035,503.4627392194698,413.3335876464844,170.79923629760742
patient_160,177.0,7.08,68.07566367518015,475.51065192280487,506.185765766477,415.5611038208008,172.16025352478027
patient_160,178.0,7.12,104.23857310323116,904.0727357012752,510.35530869060625,419.010009765625,174.1805934906006
patient_160,179.0,7.16,149.29677047309417,1126.4549342465752,516.3271795095301,422.18666076660156,178.9432668685913
patient_160,180.0,7.2,156.67533727329274,184.46417000496425,522.5941930004617,424.71893310546875,184.39132690429688
patient_160,181.0,7.24,88.13444684451036,-1713.5222607195594,526.1195708742421,424.55535888671875,187.7669334411621
patient_160,182.0,7.28,44.584615059220994,-1088.7457946322343,527.9029554766109,424.4146728515625,189.47075843811035
patient_160,183.0,7.32,27.37451909675714,-430.25239906159635,528.9979362404812,423.51741790771484,190.01554012298584
patient_160,184.0,7.36,35.36221696817542,199.69244678545692,530.4124249192082,423.9940643310547,188.74608993530273
patient_160,185.0,7.4,121.9793770820284,2165.4290028463247,535.2916000024893,425.63175201416016,184.36479091644287
patient_160,186.0,7.44,120.91748456724989,-26.547312869463013,540.1282993851794,427.3487091064453,180.05774974822998
patient_160,187.0,7.48,70.03233451120835,-1272.1287514010385,542.9295927656277,429.8280334472656,179.02600765228271
patient_160,188.0,7.52,65.6783800575662,-108.84886134105365,545.5567279679303,429.5772171020508,181.53196334838867
patient_160,189.0,7.56,227.78591522897256,4052.688379285159,554.6681645770892,424.0345764160156,188.28267574310303
patient_160,190.0,7.6,335.7109574121323,2698.1260545789937,568.0966028735746,414.87125396728516,197.3241662979126
patient_160,191.0,7.64,364.9868924908944,731.8983769690519,582.6960785732103,403.30841064453125,205.20950317382812
patient_160,192.0,7.68,244.6219762191221,-3009.122906794307,592.4809576219752,396.1914825439453,211.31990432739258
patient_160,193.0,7.72,234.94146387826657,-242.01280852138822,601.878616177106,389.88128662109375,217.74975299835205
patient_160,194.0,7.76,108.23678927419948,-3167.6168651016774,606.2080877480739,387.4557113647461,221.1176061630249
patient_160,195.0,7.8,52.52199451154412,-1392.869869066384,608.3089675285356,386.08985900878906,222.59767055511475
patient_160,196.0,7.84,38.33028251446921,-354.79279992687276,609.8421788291145,384.72652435302734,223.14687252044678
patient_160,197.0,7.88,36.86480530759725,-36.63693017179899,611.3167710414183,383.5942840576172,223.99322032928467
patient_160,198.0,7.92,57.56645498422794,517.5412419157672,613.6194292407874,382.0960998535156,225.61437606811523
patient_160,199.0,7.96,53.32483481123933,-106.04050432471527,615.752422633237,380.32073974609375,226.6288661956787
patient_160,200.0,8.0,83.06337226925834,743.4634364504752,619.0749575240073,378.87622833251953,229.4675874710083
patient_160,201.0,8.04,5.843987021768206,-1930.4846311872534,619.3087170048781,379.09732818603516,229.5040798187256
patient_160,202.0,8.08,91.02499439022718,2129.5251842114744,622.9497167804872,382.40150451660156,228.3791971206665
patient_160,203.0,8.12,240.22421593658459,3729.9805386589355,632.5586854179505,388.14918518066406,221.1808204650879
patient_160,204.0,8.16,386.17790932445564,3648.8423346967766,648.0058017909288,394.5364761352539,207.82095909118652
patient_160,205.0,8.2,415.1692586398875,724.7837328857969,664.6125721365242,402.5425720214844,194.06065464019775
patient_160,206.0,8.24,362.7517009801504,-1310.4389414934276,679.1226401757303,409.1013717651367,181.79410457611084
patient_160,207.0,8.28,308.801380485322,-1348.7580123707105,691.4746953951432,410.8509063720703,170.08289337158203
patient_160,208.0,8.32,255.87012863001624,-1323.281296382644,701.7095005403439,411.78672790527344,160.3161334991455
patient_160,209.0,8.36,236.90043075073015,-474.24244698215216,711.1855177703732,418.1898498535156,153.87248039245605
patient_160,210.0,8.4,207.2556568240792,-741.1193481662735,719.4757440433364,422.39173889160156,147.12678909301758
patient_160,211.0,8.44,63.75502631711897,-3587.515762674006,722.025945096021,423.95347595214844,145.24592399597168
patient_160,212.0,8.48,82.63284076326894,471.9453611537494,725.3312587265517,426.90032958984375,144.08140182495117
patient_160,213.0,8.52,68.59945368169424,-350.83467703936753,728.0752368738196,429.17652130126953,145.3998899459839
patient_160,214.0,8.56,60.156696327647914,-211.06893385115822,730.4815047269254,430.55702209472656,147.24793910980225
patient_160,215.0,8.6,63.845204946699475,92.21271547628902,733.0353129247934,430.4964828491211,149.69537258148193
patient_160,216.0,8.64,39.99449477455535,-596.2677543036032,734.6350927157757,430.4206085205078,151.22710704803467
patient_160,217.0,8.68,62.98822560315576,574.8432707150104,737.1546217399019,430.5669403076172,153.6379909515381
patient_160,218.0,8.72,58.227067874247126,-119.0289432227159,739.4837044548717,431.17687225341797,155.7858180999756
patient_160,219.0,8.76,71.85158391999832,340.6129011437798,742.3577678116717,432.82649993896484,157.992582321167
patient_160,220.0,8.8,62.45589131579568,-234.8923151050659,744.8560034643035,434.79846954345703,159.3515968322754
patient_160,221.0,8.84,40.833187518507266,-540.5675949322105,746.4893309650438,436.34742736816406,159.5804500579834
patient_160,222.0,8.88,38.23112207168245,-65.05163617062041,748.0185758479112,436.488037109375,161.03968620300293
patient_160,223.0,8.92,58.59618376822571,509.12654241358143,750.3624231986402,438.5726547241211,161.87810897827148
patient_160,224.0,8.96,47.125117253985465,-286.77666285600606,752.2474278887996,440.223388671875,162.61327743530273
patient_160,225.0,9.0,71.02641890342598,597.5325412360128,755.0884846449366,442.79308319091797,163.51571559906006
patient_160,226.0,9.04,23.80778108029078,-1180.46594557838,756.0407958881482,443.64322662353516,163.84840965270996
patient_160,227.0,9.08,27.096844835948282,82.22659389143755,757.124669681586,444.56703186035156,163.37280750274658
patient_160,228.0,9.12,16.61736995878262,-261.9868719291415,757.7893644799374,443.9301300048828,163.39239120483398
patient_160,229.0,9.16,31.73598138559174,377.96528567022796,759.058803735361,442.7385711669922,163.63961219787598
patient_160,230.0,9.2,53.10735730020237,534.2843978652659,761.1830980273692,442.96142578125,165.66381454467773
patient_160,231.0,9.24,28.188010815816863,-622.9836621096377,762.3106184600018,442.61756896972656,166.6885471343994
patient_160,232.0,9.28,48.06829163928206,497.0070205866299,764.2333501255732,441.24168395996094,167.9150676727295
patient_160,233.0,9.32,57.11378329738377,226.13729145254274,766.5179014574685,439.0535354614258,167.82354354858398
patient_160,234.0,9.36,63.838814539627876,168.12578105610268,769.0714540390536,437.1245574951172,166.31641387939453
patient_160,235.0,9.4,46.768015111276675,-426.76998570878004,770.9421746435047,436.7152404785156,164.57040309906006
patient_160,236.0,9.44,64.51729384852237,443.7319684311424,773.5228663974456,436.51615142822266,162.10447311401367
patient_160,237.0,9.48,21.20987438978345,-1082.685486468473,774.371261373037,436.1071014404297,161.40151977539062
patient_160,238.0,9.52,7.63001648868486,-339.4964475274648,774.6764620325844,436.39896392822266,161.38107776641846
patient_160,239.0,9.56,100.11338212059252,2312.0841407976914,778.680997317408,437.6336669921875,157.74614810943604
patient_160,240.0,9.6,11.18952461191683,-2223.0964377168925,779.1285783018847,437.82470703125,157.3619556427002
patient_160,241.0,9.64,183.26107425111664,4301.788740979995,786.4590212719294,434.92610931396484,163.76355171203613
patient_160,242.0,9.68,395.48750716231154,5305.660822779872,802.2785215584217,424.6027374267578,174.87261772155762
patient_160,243.0,9.72,285.6024148277587,-2747.1273083638207,813.7026181515321,417.8617858886719,183.50378036499023
patient_160,244.0,9.76,317.5531808791312,798.7691512843128,826.4047453866973,407.6028823852539,190.06339073181152
patient_160,245.0,9.8,243.7751119021075,-1844.4517244255926,836.1557498627817,399.4221496582031,194.58612442016602
patient_160,246.0,9.84,165.99985440455865,-1944.3814374387216,842.795744038964,393.7519073486328,197.4785614013672
patient_160,247.0,9.88,105.72116955058118,-1506.9671213494366,847.0245908209873,390.2806091308594,199.5724868774414
patient_160,248.0,9.92,18.20297686120056,-2187.9548172345153,847.7527098954354,390.88722229003906,199.91778373718262
patient_160,249.0,9.96,102.57282013918952,2109.246081949724,851.855622701003,387.41477966308594,201.7650318145752
patient_160,250.0,10.0,61.285133427789276,-1032.192167785006,854.3070280381145,386.1915588378906,203.77159595489502
patient_160,251.0,10.04,96.98027480703917,892.3785344812472,858.1862390303961,382.93922424316406,205.57479858398438
patient_160,252.0,10.08,82.4735249361745,-362.66874677161667,861.4851800278431,381.9271469116211,208.57097625732422
patient_160,253.0,10.12,40.735545513963196,-1043.4494855552825,863.1146018484015,382.48146057128906,210.0313425064087
patient_160,254.0,10.16,28.29802264857759,-310.93807163464015,864.2465227543446,381.93775177001953,210.97040176391602
patient_160,255.0,10.2,22.267108211803826,-150.77286091934408,865.1372070828168,382.7167510986328,211.31999015808105
patient_160,256.0,10.24,79.13190758413226,1421.6199843082109,868.302483386182,385.6367874145508,210.49492835998535
patient_160,257.0,10.28,181.51905276273794,2559.678629465142,875.5632454966915,389.4905471801758,204.69868183135986
patient_160,258.0,10.32,231.8680621606698,1258.7252349482967,884.8379679831182,393.8918685913086,196.9733762741089
patient_160,259.0,10.36,33.68188954844847,-4954.654315305534,886.1852435650563,394.4309616088867,195.79971313476562
patient_160,260.0,10.4,300.5079303954432,6670.651021174869,898.2055607808741,400.9556198120117,186.3017177581787
patient_160,261.0,10.44,337.3130122774256,920.1270470495601,911.6980812719712,408.5405731201172,175.82465171813965
patient_160,262.0,10.48,307.6795208552767,-740.8372855537237,924.0052621061822,416.83143615722656,167.43072509765625
patient_160,263.0,10.52,454.89331392639536,3680.3448267779672,942.2009946632379,430.53821563720703,156.64240837097168
patient_160,264.0,10.56,202.49121585148126,-6310.0524518728525,950.3006432972973,435.96179962158203,151.08592987060547
patient_160,265.0,10.6,60.94840823581166,-3538.57019039174,952.7385796267296,437.82032012939453,152.50295162200928
patient_160,266.0,10.64,27.714910658347314,-830.8374394366087,953.8471760530634,438.88092041015625,152.43547439575195
patient_160,267.0,10.68,25.943656928070574,-44.281343256918504,954.8849223301862,438.1463623046875,153.106369972229
patient_160,268.0,10.72,22.723316131042942,-80.50851992569079,955.793854975428,437.3334503173828,153.4200668334961
patient_160,269.0,10.76,3.424142405326142,-482.4793431429201,955.930820671641,437.29637145996094,153.54602336883545
patient_160,270.0,10.8,39.13463348605167,892.7622770181381,957.496206011083,438.23265075683594,154.71875667572021
patient_160,271.0,10.84,65.48138142402631,658.668698449366,960.115461268044,440.21751403808594,156.25662803649902
patient_160,272.0,10.88,80.78175961862945,382.5094548650785,963.3467316527891,440.8575439453125,159.28740978240967
patient_160,273.0,10.92,59.155879126249694,-540.6470123094939,965.7129668178392,442.67295837402344,160.64746856689453
patient_160,274.0,10.96,69.69869925138374,263.5705031283512,968.5009147878945,441.610107421875,163.0996799468994
patient_160,275.0,11.0,44.366489906221545,-633.305233629055,970.2755743841434,442.5466537475586,164.5199489593506
patient_160,276.0,11.04,36.976094546606085,-184.75988399038653,971.7546181660077,442.7648162841797,163.11896324157715
patient_160,277.0,11.08,30.91244339127705,-151.59127888322584,972.9911159016588,443.47015380859375,162.1662998199463
patient_160,278.0,11.12,47.0001027588144,402.1914841884337,974.8711200120114,445.0721740722656,162.99190521240234
patient_160,279.0,11.16,35.50651988049617,-287.33957195795574,976.2913808072312,445.3778076171875,164.31867599487305
patient_160,280.0,11.2,5.111114322167876,-759.8851389582074,976.4958253801179,445.5544662475586,164.23380374908447
patient_160,281.0,11.24,27.60815747666404,562.4260788624041,977.6001516791845,445.58563232421875,165.29199600219727
patient_160,282.0,11.28,35.00917859136532,185.025527867532,979.0005188228391,445.4288864135742,166.6252613067627
patient_160,283.0,11.32,60.48294765399043,636.8442265656278,981.4198367289987,444.20692443847656,168.59649181365967
patient_160,284.0,11.36,72.95291007580775,311.74906054543305,984.337953132031,441.51641845703125,167.8304958343506
patient_160,285.0,11.4,51.208738551268596,-543.6042881134789,986.3863026740817,441.25038146972656,165.88497161865234
patient_160,286.0,11.44,27.544181773339236,-591.613919448234,987.4880699450154,441.7008972167969,166.84026718139648
patient_160,287.0,11.48,39.594395151050215,301.2553344427745,989.0718457510573,440.3586959838867,167.5499439239502
patient_160,288.0,11.52,101.84161930563535,1556.1806038646284,993.1455105232827,436.5142059326172,168.23573112487793
patient_160,289.0,11.56,17.613579465664728,-2105.7009959992656,993.8500537019094,435.9853744506836,168.65585803985596
patient_160,290.0,11.6,77.27616156676554,1491.5645525275202,996.94110016458,438.91929626464844,168.24033737182617
patient_160,291.0,11.64,53.62824911344859,-591.1978113329237,999.0862301291179,439.12967681884766,166.1947202682495
patient_160,292.0,11.68,146.94165925109013,2332.8352534410387,1004.9638964991615,440.164794921875,171.73338890075684
patient_160,293.0,11.72,232.96110688793584,2150.4861909211427,1014.2823407746789,439.46826934814453,180.6392240524292
patient_160,294.0,11.76,297.5447241181802,1614.5904307561095,1026.184129739406,437.46253967285156,191.8710708618164
patient_160,295.0,11.8,241.11167178464956,-1410.8263083382667,1035.828596610792,434.50660705566406,200.63138008117676
patient_160,296.0,11.84,357.2996060226605,2904.6983559502733,1050.1205808516984,428.7171936035156,213.04896354675293
patient_160,297.0,11.88,270.2237488044967,-2176.8964304540946,1060.9295308038784,423.5429382324219,222.02648162841797
patient_160,298.0,11.92,298.8864757906386,716.568174653547,1072.8849898355038,416.15917205810547,230.79198360443115
patient_160,299.0,11.96,281.09798123821264,-444.712363810649,1084.1289090850323,409.0115737915039,238.860182762146
patient_160,300.0,12.0,92.64065882713571,-4711.433060276923,1087.8345354381177,405.87650299072266,240.5306911468506
patient_160,301.0,12.04,23.47382560996931,-1729.1708304291599,1088.7734884625165,405.0150680541992,240.26965141296387
patient_160,302.0,12.08,44.85652397465172,534.5674591170603,1090.5677494215026,403.31878662109375,240.55460929870605
patient_160,303.0,12.12,40.8696088499766,-99.67287811687804,1092.2025337755017,401.7752456665039,240.82571983337402
patient_160,304.0,12.16,19.65046705858472,-530.478544784797,1092.9885524578451,401.4633560180664,241.51165008544922
patient_160,305.0,12.2,39.72757842144619,501.92778407153673,1094.5776555947032,401.1759948730469,243.0076789855957
patient_160,306.0,12.24,51.779281781048326,301.2925839900534,1096.648826865945,400.11871337890625,244.6882724761963
patient_160,307.0,12.28,47.546530082496915,-105.81879246378527,1098.5506880692449,399.47338104248047,246.39344215393066
patient_160,308.0,12.32,48.8207103187532,31.854505906407127,1100.5035164819951,398.8352966308594,248.15340042114258
patient_160,309.0,12.36,54.71156640378522,147.2714021258005,1102.6919791381465,399.0819549560547,250.23679733276367
patient_160,310.0,12.4,46.590865067987224,-203.0175333949499,1104.555613740866,400.86055755615234,250.4051685333252
patient_160,311.0,12.44,301.8748533387614,6382.099706769354,1116.6306078744165,411.02699279785156,244.87006187438965
patient_160,312.0,12.48,78.35480596159249,-5588.001184429223,1119.7648001128803,409.4087219238281,247.40158081054688
patient_160,313.0,12.52,289.1384726020071,5269.591666010365,1131.3303390169606,417.18761444091797,239.50129508972168
patient_160,314.0,12.56,358.8086614693831,1741.7547216844,1145.6826854757358,426.0707092285156,228.99447441101074
patient_160,315.0,12.6,491.3964942234802,3314.695818852428,1165.338545244675,433.5590362548828,211.70345306396484
patient_160,316.0,12.64,444.93368579640133,-1161.5702106769718,1183.135892676531,438.3088684082031,195.31671524047852
patient_160,317.0,12.68,377.32542077138095,-1690.2066256255098,1198.2289095073863,441.8579864501953,181.2899923324585
patient_160,318.0,12.72,282.5034037644641,-2370.5504251729208,1209.5290456579648,436.5250778198242,171.86084747314453
patient_160,319.0,12.76,232.60663357664862,-1247.4192546953873,1218.8333110010308,437.5483703613281,163.0003023147583
patient_160,320.0,12.8,129.7398936666553,-2571.668497749833,1224.0229067476969,437.7470397949219,158.02931785583496
patient_160,321.0,12.84,34.22528906037471,-2387.8651151570148,1225.391918310112,436.5392303466797,157.51593589782715
patient_160,322.0,12.88,60.26833858354965,651.0762380793734,1227.8026518534539,434.449462890625,158.5027027130127
patient_160,323.0,12.92,96.50946405647632,906.0281368231667,1231.663030415713,432.27294921875,161.4957046508789
patient_160,324.0,12.96,123.73355533338709,680.6022819227692,1236.6123726290484,429.23370361328125,165.1391315460205
patient_160,325.0,13.0,138.84405317324428,377.76244599642973,1242.1661347559782,425.6314468383789,169.05950546264648
patient_160,326.0,13.04,95.63553331676478,-1080.2129964119874,1245.9915560886486,423.3932876586914,171.96450233459473
patient_160,327.0,13.08,70.47624082366086,-628.982312327598,1248.810605721595,422.1317672729492,174.35444355010986
patient_160,328.0,13.12,39.82006891200328,-766.4042977914395,1250.403408478075,422.6696014404297,172.92537689208984
patient_160,329.0,13.16,59.72518255840884,497.627841160139,1252.7924157804116,424.9597930908203,172.920241355896
patient_160,330.0,13.2,74.61589561923121,372.26782652055925,1255.7770516051808,427.80750274658203,172.642822265625
patient_160,331.0,13.24,27.70746795348368,-1172.7106916436883,1256.8853503233202,428.8229751586914,172.95528888702393
patient_160,332.0,13.28,40.34856178992016,316.02734591091206,1258.499292794917,428.57410430908203,174.48233127593994
patient_160,333.0,13.32,69.01209550005538,716.5883427533805,1261.2597766149192,426.341552734375,175.90312957763672
patient_160,334.0,13.36,23.57696775077445,-1135.8781937320232,1262.2028553249502,425.9952163696289,176.73823356628418
patient_160,335.0,13.4,41.89065898111113,457.842280758417,1263.8784816841946,426.2397766113281,178.3258295059204
patient_160,336.0,13.44,6.327081151433777,-889.0894457419339,1264.1315649302521,426.09474182128906,178.5203218460083
patient_160,337.0,13.48,44.35911579625908,950.8008661206326,1265.9059295621023,427.7168655395508,179.03221607208252
patient_160,338.0,13.52,56.22731888343198,296.70507717932236,1268.1550223174397,429.82704162597656,179.4747018814087
patient_160,339.0,13.56,103.67546173169112,1186.2035712064785,1272.3020407867073,433.77342224121094,179.9549674987793
patient_160,340.0,13.6,133.49904876477314,745.5896758270505,1277.6420027372983,435.70533752441406,184.69552516937256
patient_160,341.0,13.64,211.27521879507242,1944.404250757482,1286.0930114891012,434.02503967285156,192.62083053588867
patient_160,342.0,13.68,193.3947060298476,-447.0128191306202,1293.828799730295,431.80957794189453,199.69799995422363
patient_160,343.0,13.72,181.6520075497181,-293.567462003238,1301.0948800322838,428.1534957885742,205.6269121170044
patient_160,344.0,13.76,223.32094883140516,1041.7235320421767,1310.02771798554,422.9667663574219,212.44081020355225
patient_160,345.0,13.8,113.54399433572186,-2744.4238623920824,1314.569477758969,420.08209228515625,215.70197582244873
patient_160,346.0,13.84,135.80182008708155,556.4456437839922,1320.0015505624522,415.97991943359375,218.90965461730957
patient_160,347.0,13.88,80.6482099349838,-1378.8402538024438,1323.2274789598514,413.2318115234375,220.3279209136963
patient_160,348.0,13.92,107.57871097280992,673.262525945653,1327.530627398764,409.5843505859375,222.2548484802246
patient_160,349.0,13.96,83.19589703879862,-609.5703483502824,1330.8584632803158,406.61731719970703,223.42705249786377
patient_160,350.0,14.0,59.05781756837246,-603.4519867606541,1333.2207759830508,404.71282958984375,224.65235710144043
patient_160,351.0,14.04,32.769453408461935,-657.209103997763,1334.531554119389,403.56067657470703,224.15086269378662
patient_160,352.0,14.08,12.46821822738235,-507.53087952698957,1335.0302828484844,404.00463104248047,223.97342205047607
patient_160,353.0,14.12,65.14055062040458,1316.8083098255559,1337.6359048733004,406.48597717285156,224.26011085510254
patient_160,354.0,14.16,61.66774045442365,-86.82025414952328,1340.1026144914774,408.8426971435547,224.06617641448975
patient_160,355.0,14.2,25.395614740700516,-906.8031428430784,1341.1184390811054,409.31018829345703,224.92043495178223
patient_160,356.0,14.24,8.964802109327072,-410.77031578433605,1341.4770311654784,409.04449462890625,224.7023105621338
patient_160,357.0,14.28,38.15867315395922,729.8467761158037,1343.0033780916367,408.0643081665039,223.61592292785645
patient_160,358.0,14.32,63.03405346952546,621.884507889156,1345.5247402304178,405.79322814941406,222.78860092163086
patient_160,359.0,14.36,37.858582843130385,-629.3867656598769,1347.039083544143,404.34532165527344,222.89361476898193
patient_160,360.0,14.4,56.26746405716082,460.2220303507609,1349.2897821064296,402.6894760131836,224.2768907546997
patient_160,361.0,14.44,38.425456604989385,-446.05018630428594,1350.8268003706291,401.56192779541016,225.2254056930542
patient_160,362.0,14.48,50.81325721636558,309.6950152844048,1352.8593306592838,399.727783203125,225.88299751281738
patient_160,363.0,14.52,43.76799888489226,-176.131458286833,1354.6100506146793,401.3514709472656,225.45830726623535
patient_160,364.0,14.56,105.20263183727458,1535.8658238095582,1358.8181558881704,405.1628875732422,224.1366720199585
patient_160,365.0,14.6,165.8196256783787,1515.4248460276033,1365.4509409153054,410.33130645751953,220.4329776763916
patient_160,366.0,14.64,262.5285171453441,2417.7222866741345,1375.952081601119,415.94093322753906,212.07398414611816
patient_160,367.0,14.68,308.8152863165143,1157.1692292792548,1388.3046930537798,422.46639251708984,202.19246864318848
patient_160,368.0,14.72,432.1775658480279,3084.05698828784,1405.5917956877008,428.0414581298828,186.586275100708
patient_160,369.0,14.76,407.4808924962015,-617.4168337956601,1421.8910313875488,429.7416305541992,171.05395317077637
patient_160,370.0,14.8,377.709093080668,-744.2949853883363,1436.9993951107754,427.4104690551758,156.75930976867676
patient_160,371.0,14.84,408.0208386435365,757.7936390717114,1453.3202286565167,418.82057189941406,143.68243217468262
patient_160,372.0,14.88,255.29521484149808,-3818.1405950509597,1463.5320372501767,415.83072662353516,134.36073303222656
patient_160,373.0,14.92,85.35256103858892,-4248.566345072729,1466.9461396917204,413.26297760009766,132.33132362365723
patient_160,374.0,14.96,43.03445141118689,-1057.9527406850507,1468.6675177481677,411.76891326904297,131.6307020187378
patient_160,375.0,15.0,102.56748292514516,1488.3257878489567,1472.7702170651735,409.1508102416992,134.56568241119385
patient_160,376.0,15.04,93.21445775764255,-233.8256291875652,1476.4987953754792,408.1209945678711,137.98848152160645
patient_160,377.0,15.08,133.85237697173127,1015.9479803522181,1481.8528904543482,405.9284210205078,142.62924671173096
patient_160,378.0,15.12,117.11187148113706,-418.5126372648554,1486.5373653135937,406.68792724609375,147.05527782440186
patient_160,379.0,15.16,76.92398348703131,-1004.6971998526437,1489.614324653075,407.21752166748047,149.95704174041748
patient_160,380.0,15.2,71.77969420838944,-128.60723196604658,1492.4855124214105,407.0964813232422,152.70681381225586
patient_160,381.0,15.24,70.67210600127072,-27.689705177968094,1495.3123966614614,408.0516815185547,155.24285316467285
patient_160,382.0,15.28,27.540993952966442,-1078.277801207607,1496.41403641958,407.80818939208984,156.27047538757324
patient_160,383.0,15.32,40.10165774149539,314.01659471322364,1498.0181027292397,406.36985778808594,156.81434154510498
patient_160,384.0,15.36,75.91310749479935,895.286243832599,1501.0546270290317,409.25235748291016,157.22020626068115
patient_160,385.0,15.4,124.98019214807287,1226.677116331838,1506.0538347149547,414.04102325439453,157.41034984588623
patient_160,386.0,15.44,183.1969035985391,1455.417786261656,1513.3817108588962,418.8545227050781,162.52678871154785
patient_160,387.0,15.48,149.35844377951628,-845.9614954755707,1519.3560486100769,419.7504425048828,168.1835174560547
patient_160,388.0,15.52,240.2936071023319,2273.37908307039,1528.96779289417,417.6862335205078,177.16352462768555
patient_160,389.0,15.56,228.29153949083104,-300.0516902875212,1538.0994544738032,414.2579650878906,185.21827697753906
patient_160,390.0,15.6,212.56727851127548,-393.10652448888914,1546.6021456142544,409.9686813354492,192.1494483947754
patient_160,391.0,15.64,164.69779100651968,-1196.737187618895,1553.190057254515,406.2114715576172,197.22567558288574
patient_160,392.0,15.68,41.13005316520526,-3089.1934460328607,1554.8352593811235,405.73375701904297,198.7287425994873
patient_160,393.0,15.72,45.07210948059993,98.55140788486665,1556.6381437603475,405.10509490966797,200.3386688232422
patient_160,394.0,15.76,22.77957691434441,-557.313314156388,1557.5493268369212,404.7855758666992,201.1516284942627
patient_160,395.0,15.8,53.47666303388748,767.4271529885768,1559.6883933582765,404.1250228881836,203.0929183959961
patient_160,396.0,15.84,13.430204602805402,-1001.161460777052,1560.2256015423886,404.6105194091797,202.921142578125
patient_160,397.0,15.88,46.00219606806263,814.2997866314307,1562.065689385111,404.30633544921875,204.65869903564453
patient_160,398.0,15.92,94.66391605918696,1216.5429997781082,1565.8522460274785,407.6201629638672,203.17713260650635
patient_160,399.0,15.96,131.57054456887596,922.665712742225,1571.1150678102335,411.42269134521484,199.86136436462402
patient_160,400.0,16.0,254.50526105456677,3073.36791214227,1581.2952782524162,416.4421844482422,191.49202823638916
patient_160,401.0,16.04,295.80960470827694,1032.6085913427542,1593.1276624407474,421.43592834472656,181.30743026733398
patient_160,402.0,16.08,377.18212443776486,2034.312993237198,1608.214947418258,426.34178161621094,167.70159244537354
patient_160,403.0,16.12,421.83926963405065,1116.428629907145,1625.08851820362,433.51001739501953,153.20094108581543
patient_160,404.0,16.16,291.3550124516162,-3262.106429560862,1636.7427187016847,436.2528991699219,142.37069606781006
patient_160,405.0,16.2,221.35254798738558,-1750.061611605765,1645.5968206211803,439.4590377807617,134.51162338256836
patient_160,406.0,16.24,194.9775467219885,-659.3750316349272,1653.3959224900598,442.4951934814453,127.67932891845703
patient_160,407.0,16.28,93.5733251908963,-2535.1055382773047,1657.1388554976957,443.96312713623047,124.40521717071533
patient_160,408.0,16.32,57.18688856012213,-909.6609157693542,1659.4263310401004,446.1446762084961,124.18272972106934
patient_160,409.0,16.36,66.06680664389943,221.99795209443243,1662.0690033058565,446.7664337158203,126.63861751556396
patient_160,410.0,16.4,63.98522989677612,-52.03941867808268,1664.6284125017276,445.25638580322266,128.5724401473999
patient_160,411.0,16.44,121.93611459516464,1448.772117459713,1669.505857085534,442.51155853271484,132.35770225524902
patient_160,412.0,16.48,134.71800961642137,319.54737553141825,1674.894577470191,438.1125259399414,135.06591796875
patient_160,413.0,16.52,58.312690067756655,-1910.132988716618,1677.2270850729014,436.49078369140625,136.6053342819214
patient_160,414.0,16.56,85.59898535523041,682.1573821868438,1680.6510444871105,436.1788558959961,139.87282276153564
patient_160,415.0,16.6,94.57777924785522,224.4698473156202,1684.4341556570248,434.52125549316406,143.09848308563232
patient_160,416.0,16.64,166.12715113795417,1788.7342972524739,1691.079241702543,431.06231689453125,148.4478521347046
patient_160,417.0,16.68,142.58085210683242,-588.6574757780437,1696.7824757868161,426.2982177734375,151.13024711608887
patient_160,418.0,16.72,27.52114579510064,-2876.4926577932947,1697.8833216186204,427.17689514160156,150.54576873779297
patient_160,419.0,16.76,107.26242828474456,1993.532062241098,1702.17381875001,424.1500473022461,153.33060264587402
patient_160,420.0,16.8,57.22929000388924,-1250.828457021383,1704.4629903501657,426.0365295410156,154.45175170898438
patient_160,421.0,16.84,157.60613576001066,2509.4211439030355,1710.7672357805661,429.39178466796875,159.47829723358154
patient_160,422.0,16.88,210.8900011953964,1332.0966358846433,1719.202835828382,431.30626678466797,167.33510971069336
patient_160,423.0,16.92,251.92559607927276,1025.8898720969094,1729.279859671553,432.98805236816406,176.847825050354
patient_160,424.0,16.96,334.40837147788693,2062.069384965354,1742.6561945306685,431.3275146484375,189.56294059753418
patient_160,425.0,17.0,300.626299722378,-844.5517938877231,1754.6812465195635,427.8219223022461,200.54467678070068
patient_160,426.0,17.04,326.88085376068074,656.3638509575683,1767.7564806699907,426.378173828125,212.99569129943848
patient_160,427.0,17.08,203.24401004984492,-3090.9210927708955,1775.8862410719844,423.90892028808594,220.38768768310547
patient_160,428.0,17.12,205.3421221576547,52.45280269524457,1784.0999259582907,422.1713638305664,228.0675458908081
patient_160,429.0,17.16,34.081173078890366,-4281.523726969108,1785.4631728814463,421.34857177734375,227.0522117614746
patient_160,430.0,17.2,176.82771193691238,3568.6634714505503,1792.536281358923,418.97789001464844,233.40484142303467
patient_160,431.0,17.24,101.46414507068425,-1884.0891716557032,1796.5948471617503,415.73238372802734,235.55059432983398
patient_160,432.0,17.28,76.60527156503494,-621.4718376412328,1799.659058024352,412.83206939697266,236.01635456085205
patient_160,433.0,17.32,44.6607418198639,-798.613243629276,1801.4454876971463,411.5638732910156,237.16721534729004
patient_160,434.0,17.36,36.04889460147926,-215.29618045961598,1802.8874434812055,410.89290618896484,238.37576866149902
patient_160,435.0,17.4,54.29137418504831,456.06198958922624,1805.0590984486075,410.23609161376953,240.35127639770508
patient_160,436.0,17.44,29.0866593982688,-630.1178696694878,1806.2225648245385,409.82215881347656,241.38696670532227
patient_160,437.0,17.48,32.23769593768292,78.77591348535304,1807.5120726620457,409.4410705566406,242.56293296813965
patient_160,438.0,17.52,31.72069377322344,-12.925054111487011,1808.780900412975,409.3644332885742,243.77686500549316
patient_160,439.0,17.56,12.70499103605449,-475.3925684292238,1809.2891000544168,409.83654022216797,243.6566162109375
patient_160,440.0,17.6,19.675414485528695,174.2605862368551,1810.0761166338382,410.3321075439453,244.22550201416016
patient_160,441.0,17.64,85.38423622550575,1642.7205434994264,1813.4914860828585,413.37806701660156,245.42630195617676
patient_160,442.0,17.68,138.7296168827402,1333.6345164308614,1819.040670758168,418.5718536376953,244.2758846282959
patient_160,443.0,17.72,402.47646728868955,6593.6712601487325,1835.1397294497156,430.53382873535156,234.52423095703125
patient_160,444.0,17.76,288.93531102971,-2838.5289064744884,1846.6971418909038,436.04393005371094,224.91216659545898
patient_160,445.0,17.8,353.1552031978532,1605.4973042035797,1860.8233500188178,438.9707565307617,211.69029235839844
patient_160,446.0,17.84,503.7560377494228,3765.0208637892392,1880.9735915287947,442.95719146728516,192.78928756713867
patient_160,447.0,17.88,442.3879932979508,-1534.2011112867995,1898.669111260713,448.81866455078125,176.87049865722656
patient_160,448.0,17.92,331.53174420348745,-2771.4062273615837,1911.9303810288525,446.7223358154297,164.33175086975098
patient_160,449.0,17.96,287.678181679875,-1096.3390630903107,1923.4375082960476,443.2344436645508,153.86648654937744
patient_160,450.0,18.0,73.58563578392206,-5352.313647398824,1926.3809337274042,445.6254577636719,152.36816883087158
patient_160,451.0,18.04,132.6559177328563,1476.7570487233559,1931.6871704367184,443.7668228149414,147.63311862945557
patient_160,452.0,18.08,44.064443585078315,-2214.7868536944493,1933.4497481801216,444.23072814941406,146.00837230682373
patient_160,453.0,18.12,39.41941430362434,-116.1257320363493,1935.0265247522664,445.73741912841797,146.12960815429688
patient_160,454.0,18.16,76.27220976226958,921.319886466131,1938.0774131427572,443.92303466796875,148.423490524292
patient_160,455.0,18.2,156.38384482760134,2002.790876633294,1944.3327669358612,439.72400665283203,152.70458221435547
patient_160,456.0,18.24,47.19938395854249,-2729.6115217264714,1946.2207422942029,440.31715393066406,154.4145154953003
patient_160,457.0,18.28,54.28146864709563,177.05211721382847,1948.3920010400866,440.6667709350586,156.46639823913574
patient_160,458.0,18.32,68.79400970272445,362.8135263907206,1951.1437614281956,440.3852844238281,159.08928394317627
patient_160,459.0,18.36,33.890378884402864,-872.5907704580397,1952.4993765835718,440.7367706298828,160.34039497375488
patient_160,460.0,18.4,28.290638491290906,-139.99350982779896,1953.6310021232234,441.81640625,160.2344512939453
patient_160,461.0,18.44,84.76347717970843,1411.820967210438,1957.021541210412,440.1676940917969,163.03556442260742
patient_160,462.0,18.48,31.190284347001775,-1339.3298208176664,1958.269152584292,439.00257110595703,163.30561637878418
patient_160,463.0,18.52,76.4635141294107,1131.830744560223,1961.3276931494684,436.7432403564453,165.17437934875488
patient_160,464.0,18.56,82.13970533928052,141.9047802467457,1964.6132813630395,434.2701721191406,167.1248960494995
patient_160,465.0,18.6,26.33500446581403,-1395.1175218366623,1965.6666815416722,434.6405792236328,168.06434154510498
patient_160,466.0,18.64,82.87979013963394,1413.6196418454977,1968.9818731472574,436.7389678955078,170.45116424560547
patient_160,467.0,18.68,300.39836644252864,5437.964407572367,1980.9978078049585,437.3318099975586,181.9548511505127
patient_160,468.0,18.72,217.15305980701046,-2081.1326658879543,1989.6839301972389,437.1486282348633,190.2796983718872
patient_160,469.0,18.76,213.21628474922326,-98.41937644468004,1998.2125815872078,433.55525970458984,197.62361526489258
patient_160,470.0,18.8,203.01990749044344,-254.90943146949547,2006.3333778868255,429.78248596191406,204.4332504272461
patient_160,471.0,18.84,35.05536012362323,-4199.113684170506,2007.7355922917704,428.5371398925781,203.92724990844727
patient_160,472.0,18.88,140.82941793965537,2644.3514454008036,2013.3687690093566,426.68418884277344,208.99958610534668
patient_160,473.0,18.92,75.3449733728387,-1637.1111141704168,2016.3825679442702,425.0884246826172,211.408052444458
patient_160,474.0,18.96,111.30359647183336,898.9655774748666,2020.8347118031438,422.8397750854492,215.03564357757568
patient_160,475.0,19.0,45.793506937275055,-1637.7522383639575,2022.6664520806348,421.46018981933594,216.12201690673828
patient_160,476.0,19.04,79.29463107454524,837.5281034317545,2025.8382373236166,419.8231887817383,218.68433475494385
patient_160,477.0,19.08,43.98171994635973,-882.8227782046376,2027.597506121471,419.9418640136719,220.3666591644287
patient_160,478.0,19.12,27.52839896838577,-411.33302444934907,2028.6986420802066,419.5391082763672,221.34239673614502
patient_160,479.0,19.16,76.74614098630309,1230.443550447933,2031.7684877196587,416.85962677001953,222.55931854248047
patient_160,480.0,19.2,25.093815265468212,-1291.308143020872,2032.7722403302773,417.31468200683594,223.40715408325195
patient_160,481.0,19.24,9.751023837203537,-383.56978570661687,2033.1622812837657,417.6438522338867,223.58450889587402
patient_160,482.0,19.28,23.85446369606806,352.58599647161304,2034.1164598316082,418.1095886230469,224.37177658081055
patient_160,483.0,19.32,41.85667567183562,450.055299394189,2035.7907268584815,417.10601806640625,225.62434673309326
patient_160,484.0,19.36,62.791567377399794,523.3722926391044,2038.3023895535775,419.4912338256836,225.9532070159912
patient_160,485.0,19.4,82.98471861421197,504.82878092030444,2041.6217782981462,422.46543884277344,224.82190132141113
patient_160,486.0,19.44,132.84300466118262,1246.457151174266,2046.9354984845934,426.05403900146484,221.20662689208984
patient_160,487.0,19.48,186.46425588559512,1340.5312806103125,2054.394068720017,429.76184844970703,215.09305000305176
patient_160,488.0,19.52,265.41589802567097,1973.7910535018962,2065.010704641044,432.81139373779297,205.3831386566162
patient_160,489.0,19.56,326.96229447407825,1538.659911210182,2078.089196420007,435.3729248046875,193.1100368499756
patient_160,490.0,19.6,446.79498727161894,2995.8173199385174,2095.9609959108716,440.8240509033203,176.8677520751953
patient_160,491.0,19.64,522.2257046224862,1885.7679337716818,2116.850024095771,443.79154205322266,157.06379413604736
patient_160,492.0,19.68,161.72882602410897,-9012.42196495943,2123.3191771367356,438.30089569091797,154.18065547943115
patient_160,493.0,19.72,118.77657028426356,-1073.8063934961353,2128.070239948106,435.52886962890625,150.56681156158447
patient_160,494.0,19.76,73.84869742337274,-1123.1968215222703,2131.024187845041,435.8777618408203,147.7566146850586
patient_160,495.0,19.8,21.45246137713881,-1309.9059011558484,2131.8822863001265,435.2608871459961,148.3008098602295
patient_160,496.0,19.84,92.03113550820095,1764.4668532765536,2135.5635317204546,433.0628204345703,151.06165409088135
patient_160,497.0,19.88,85.66923923513903,-159.0474068265479,2138.9903012898603,432.838134765625,154.33899879455566
patient_160,498.0,19.92,93.59776918514243,198.21324875008486,2142.734212057266,432.2003936767578,157.87094593048096
patient_160,499.0,19.96,49.394366092033465,-1105.085077327724,2144.7099867009474,431.67301177978516,159.6900987625122
patient_160,500.0,20.0,72.00283439009843,565.2117074516241,2147.590100076551,429.63573455810547,161.5535831451416
patient_160,501.0,20.04,74.51701972194148,62.8546332960763,2150.570780865429,426.77833557128906,161.55452728271484
patient_160,502.0,20.08,64.25016002705699,-256.6714923721122,2153.1407872665113,424.62310791015625,160.3608512878418
patient_160,503.0,20.12,72.35174049839537,202.5395117834595,2156.034856886447,422.0176696777344,159.40752983093262
patient_160,504.0,20.16,76.49112328554139,103.48456967865047,2159.0945018178686,419.1949462890625,160.20458221435547
patient_160,505.0,20.2,28.184729385866394,-1207.659847491875,2160.2218909933035,418.3130645751953,159.57982063293457
patient_160,506.0,20.24,79.80434428957216,1290.4903725926442,2163.4140647648865,420.90797424316406,157.95780658721924
patient_160,507.0,20.28,121.54313911328755,1043.469870592885,2168.2757903294178,425.5354309082031,158.51300239562988
patient_160,508.0,20.32,104.68736680114742,-421.3943078035033,2172.4632850014636,429.1675567626953,160.2224636077881
patient_160,509.0,20.36,120.18707661963303,387.4927454621403,2177.270768066249,430.07362365722656,164.74116325378418
patient_160,510.0,20.4,144.15661519509973,599.2384643866675,2183.0370326740526,431.41056060791016,170.1048231124878
patient_160,511.0,20.44,130.55965391101907,-339.92403210201655,2188.2594188304934,429.9132537841797,174.88205909729004
patient_160,512.0,20.48,118.8171407762223,-293.56282836991915,2193.0121044615425,428.44844818115234,179.19628143310547
patient_160,513.0,20.52,150.48202787814768,791.6221775481343,2199.031385576668,425.2912902832031,184.02628898620605
patient_160,514.0,20.56,76.9544293884334,-1838.189962242857,2202.1095627522054,423.45958709716797,186.3398265838623
patient_160,515.0,20.6,136.19249200078818,1480.9515653088695,2207.557262432237,419.4354248046875,189.66839790344238
patient_160,516.0,20.64,59.367231684047546,-1920.631507918516,2209.931951699599,417.1651840209961,189.50008392333984
patient_160,517.0,20.68,25.721036924824165,-841.1548689805844,2210.960793176592,416.50047302246094,190.22872924804688
patient_160,518.0,20.72,25.783776334667348,1.568485246079554,2211.9921442299787,416.65164947509766,191.20579719543457
patient_160,519.0,20.76,13.869851611494713,-297.84811807931584,2212.5469382944384,417.1670150756836,191.3371753692627
patient_160,520.0,20.8,19.331977881753097,136.5531567564596,2213.3202174097087,416.86798095703125,192.01548099517822
patient_160,521.0,20.84,36.13000297576663,419.9506273503383,2214.7654175287394,415.83736419677734,192.94135093688965
patient_160,522.0,20.88,87.57341155654473,1286.0852145194524,2218.2683539910013,415.02784729003906,196.20037078857422
patient_160,523.0,20.92,41.270421887905165,-1157.5747417159891,2219.9191708665176,416.5974426269531,196.40235900878906
patient_160,524.0,20.96,68.36917035468224,677.4687116694269,2222.6539376807045,419.19322967529297,196.03497505187988
patient_160,525.0,21.0,91.42924297153336,576.5018154212779,2226.311107399566,422.69737243652344,196.14622592926025
patient_160,526.0,21.04,95.63491158971837,105.14171545462538,2230.1365038631548,426.09039306640625,194.75496768951416
patient_160,527.0,21.08,168.18033289902087,1813.6355327325625,2236.8637171791156,429.99969482421875,189.62596893310547
patient_160,528.0,21.12,228.38872941667688,1505.2099129414003,2245.9992663557828,434.0822219848633,181.87804698944092
patient_160,529.0,21.16,160.6509619883355,-1693.4441857085346,2252.425304835316,436.0207748413086,176.03075981140137
patient_160,530.0,21.2,94.45899814735715,-1654.7990960244585,2256.2036647612103,436.9581604003906,172.53207206726074
patient_160,531.0,21.24,116.67397328419274,555.3743784208898,2260.870623692578,439.60693359375,168.92651081085205
patient_160,532.0,21.28,46.58363235955382,-1752.258523115973,2262.7339689869605,440.38658142089844,167.3193597793579
patient_160,533.0,21.32,55.35854227681856,219.3727479316186,2264.948310678033,442.30552673339844,168.22696208953857
patient_160,534.0,21.36,107.39491630654919,1300.9093507432658,2269.244107330295,444.7688293457031,171.5271234512329
patient_160,535.0,21.4,84.9302470544635,-561.6167313021422,2272.6413172124735,445.11940002441406,174.76490020751953
patient_160,536.0,21.44,181.08129965085482,2403.7763149097827,2279.8845691985075,449.25193786621094,180.3449249267578
patient_160,537.0,21.48,139.80545462049432,-1031.8961257590124,2285.4767873833275,452.21187591552734,184.81462955474854
patient_160,538.0,21.52,160.6302841324662,520.6207377992968,2291.901998748626,455.5336380004883,190.0016212463379
patient_160,539.0,21.56,74.76587646918286,-2146.610191582083,2294.892633807393,456.0374450683594,192.82394886016846
patient_160,540.0,21.6,22.63901663170723,-1303.1714959368908,2295.7981944726616,455.24662017822266,193.18200588226318
patient_160,541.0,21.64,26.59900679995677,98.99975420623849,2296.8621547446596,454.50252532958984,192.48441696166992
patient_160,542.0,21.68,73.6870700249107,1177.2015806238483,2299.809637545656,452.2141647338867,190.82692623138428
patient_160,543.0,21.72,37.70728058082578,-899.4947361021228,2301.3179287688895,451.0245132446289,191.64874076843262
patient_160,544.0,21.76,112.14417868333646,1860.9224525627671,2305.8036959162228,453.64356994628906,195.05939483642578
patient_160,545.0,21.8,62.572502109606155,-1239.2919143432578,2308.3065960006074,451.38031005859375,195.8560609817505
patient_160,546.0,21.84,60.688587631941196,-47.097861941623975,2310.7341395058847,453.66432189941406,196.30200862884521
patient_160,547.0,21.88,105.59606411547713,1122.6869120883985,2314.957982070504,457.61592864990234,197.18539237976074
patient_160,548.0,21.92,83.03208762137051,-564.0994123526657,2318.2792655753587,460.79898834228516,197.11162090301514
patient_160,549.0,21.96,87.69667401643409,116.6146598765895,2321.787132536016,464.1055679321289,197.72385120391846
patient_160,550.0,22.0,7.994415352882921,-1992.5564665887791,2322.1069091501317,464.3498229980469,197.90908813476562
patient_160,551.0,22.04,5.211946537854414,-69.56172037571268,2322.3153870116457,464.1853713989258,198.02265644073486
patient_160,552.0,22.08,24.19921975857096,474.6818305179136,2323.283355801989,463.37162017822266,197.57670879364014
patient_160,553.0,22.12,14.2802048427308,-247.97537289600396,2323.8545639956983,462.84507751464844,197.42637634277344
patient_160,554.0,22.16,25.538207224123695,281.4500595348224,2324.876092284663,463.4935760498047,198.16015720367432
patient_160,555.0,22.2,18.911587706609694,-165.66548793785003,2325.6325557929276,463.0970764160156,197.55297660827637
patient_160,556.0,22.24,8.602135385473934,-257.736308028394,2325.9766412083463,462.77320861816406,197.4904203414917
patient_160,557.0,22.28,38.47546172953503,746.8331586015273,2327.5156596775278,461.3035202026367,197.6197099685669
patient_160,558.0,22.32,61.64836458907199,579.322571488424,2329.9815942610903,459.1777038574219,198.6536979675293
patient_160,559.0,22.36,31.42571499702675,-755.566239801131,2331.2386228609716,459.17118072509766,199.858717918396
patient_160,560.0,22.4,41.08366550803397,241.44876277518046,2332.8819694812933,457.64636993408203,200.25465488433838
patient_160,561.0,22.44,35.5137579111471,-139.24768992217162,2334.302519797739,456.28902435302734,200.14464855194092
patient_160,562.0,22.48,22.26422025890769,-331.23844130598525,2335.193088608095,456.8953323364258,200.7456922531128
patient_160,563.0,22.52,23.50382380442656,30.990088637971702,2336.1332415602724,456.2302017211914,201.35387420654297
patient_160,564.0,22.56,26.712332605531813,80.21272002763133,2337.2017348644936,455.2233123779297,201.16581916809082
patient_160,565.0,22.6,10.979941493850662,-393.3097777920288,2337.6409325242475,454.854736328125,200.96230030059814
patient_160,566.0,22.64,41.43134791338341,761.2851604883188,2339.298186440783,456.4384460449219,201.08824253082275
patient_160,567.0,22.68,21.07076841637999,-509.0144874250855,2340.1410171774382,455.65067291259766,201.26777172088623
patient_160,568.0,22.72,7.332037916286083,-343.46826250234767,2340.4342986940896,455.4011535644531,201.3973331451416
patient_160,569.0,22.76,10.067817493758907,68.3944894368206,2340.83701139384,455.2743911743164,201.03268146514893
patient_160,570.0,22.8,3.8221773454283117,-156.1410037082649,2340.989898487657,455.390625,200.94340324401855
patient_160,571.0,22.84,2.9405887368768178,-22.039715213787346,2341.107522037132,455.4977798461914,200.90829849243164
patient_160,572.0,22.88,18.453549597736373,387.8240215214889,2341.8456640210416,455.7437515258789,200.24481296539307
patient_160,573.0,22.92,8.016542253526653,-260.925183605243,2342.1663257111827,455.4524612426758,200.343017578125
patient_160,574.0,22.96,29.04076802550546,525.6056442994701,2343.327956432203,454.6037292480469,199.62209701538086
patient_160,575.0,23.0,16.622594788006364,-310.45433093747744,2343.9928602237233,454.42626953125,199.00989532470703
patient_160,576.0,23.04,79.78531707219321,1579.068057104671,2347.184272906611,457.03224182128906,200.6126832962036
patient_160,577.0,23.08,32.96192758157307,-1170.5847372655035,2348.502750009874,456.3373565673828,199.55689430236816
patient_160,578.0,23.12,12.041780914764212,-523.0036666702215,2348.9844212464645,455.90309143066406,199.7138214111328
patient_160,579.0,23.16,5.190964590056303,-171.27040811769774,2349.1920598300667,456.0498809814453,199.57938194274902
patient_160,580.0,23.2,22.437819498608842,431.17137271381347,2350.089572610011,455.2022171020508,199.43193912506104
patient_160,581.0,23.24,25.038290015323998,65.01176291787888,2351.091104210624,456.1571502685547,199.5314884185791
patient_160,582.0,23.28,11.848233741777978,-329.7514068386505,2351.5650335602954,456.5013885498047,199.23498630523682
patient_160,583.0,23.32,26.80069590050538,373.8115539681851,2352.637061396316,457.50083923339844,198.9957332611084
patient_160,584.0,23.36,22.637054217009187,-104.09104208740487,2353.5425435649963,456.6370391845703,199.08133506774902
patient_160,585.0,23.4,15.553230893201105,-177.09558309520204,2354.164672800724,456.05804443359375,198.93831253051758
patient_160,586.0,23.44,34.0546160992726,462.53463015178744,2355.526857444695,457.06756591796875,199.76662158966064
patient_160,587.0,23.48,32.0604322907082,-49.85459521411002,2356.8092747363235,455.9475326538086,199.2597770690918
patient_160,588.0,23.52,24.073047742613998,-199.68461370235505,2357.772196646028,456.12274169921875,200.1660919189453
patient_160,589.0,23.56,27.122711476897493,76.24159335708738,2358.857105105104,456.5476608276367,201.11536502838135
patient_160,590.0,23.6,13.06898230107144,-351.34322939565135,2359.379864397147,456.7647933959961,200.66370964050293
patient_160,591.0,23.64,6.416629668977863,-166.30881580233944,2359.636529583906,456.9931411743164,200.57207107543945
patient_160,592.0,23.68,15.490530729636797,226.84752651647332,2360.256150813091,456.48193359375,200.8745527267456
patient_160,593.0,23.72,16.35994946358806,21.735468348781552,2360.910548791635,457.09178924560547,201.0215950012207
patient_160,594.0,23.76,20.021430231635673,91.53701920119035,2361.7114060009003,457.83226013183594,200.81881999969482
patient_160,595.0,23.8,18.393108525476887,-40.708042653969656,2362.447130341919,457.6221466064453,200.14554977416992
patient_160,596.0,23.84,12.667760164741317,-143.13370901838925,2362.953840748509,457.1666717529297,199.97673511505127
patient_160,597.0,23.88,19.31415507147154,166.15987266825556,2363.7264069513676,456.6241455078125,199.4725799560547
patient_160,598.0,23.92,13.238987941172654,-151.87917825747212,2364.2559664690143,457.00267791748047,199.81085300445557
patient_160,599.0,23.96,20.91769871707016,191.96776939743762,2365.0926744176973,457.0372009277344,199.00949478149414
patient_160,600.0,24.0,70.41908440244282,1237.5346421343165,2367.909437793795,455.4287338256836,196.84056758880615
patient_160,601.0,24.04,179.90315985008235,2737.1018861909884,2375.1055641877983,452.2200393676758,190.73372840881348
patient_160,602.0,24.08,187.72453788549134,195.53445088522494,2382.614545703218,453.8487243652344,183.72199058532715
patient_160,603.0,24.12,138.66225837018072,-1226.5569878827655,2388.1610360380255,450.11634826660156,179.93506908416748
patient_160,604.0,24.16,77.11659044124876,-1538.641698223299,2391.2456996556753,447.1624755859375,179.79735374450684
patient_160,605.0,24.2,149.75891311686573,1816.0580668904242,2397.23605618035,442.63927459716797,183.3354377746582
patient_160,606.0,24.24,200.38385702020742,1265.6235975835423,2405.2514104611582,438.78528594970703,189.98285293579102
patient_160,607.0,24.28,189.95091290384605,-260.8236029090342,2412.8494469773123,435.1639175415039,196.3025951385498
patient_160,608.0,24.32,198.6181029065458,216.67975006749387,2420.794171093574,431.4041519165039,202.92600631713867
patient_160,609.0,24.36,88.47276786433886,-2753.6333760551734,2424.3330818081477,433.4803771972656,200.24298191070557
patient_160,610.0,24.4,125.54001372208042,926.6811464435389,2429.3546823570305,430.469970703125,203.99946212768555
patient_160,611.0,24.44,150.48815235375224,623.7034657917956,2435.374208451181,424.8878479003906,205.46207427978516
patient_160,612.0,24.48,75.16497036210569,-1883.0795497911638,2438.380807265665,423.3986282348633,202.99437046051025
patient_160,613.0,24.52,254.56298729996027,4484.950423446365,2448.5633267576636,430.06141662597656,195.86053848266602
patient_160,614.0,24.56,379.7378968193605,3129.372737985006,2463.752842630438,435.4850387573242,182.34702587127686
patient_160,615.0,24.6,540.8008806266421,4026.574595182039,2485.384877855504,443.05824279785156,163.0420160293579
patient_160,616.0,24.64,498.3424204626209,-1061.4615041005295,2505.3185746740087,448.0139923095703,144.58657264709473
patient_160,617.0,24.68,414.7783949639706,-2089.100637466258,2521.9097104725674,435.4865264892578,134.78712558746338
patient_160,618.0,24.72,380.18022100220605,-864.9543490441133,2537.1169193126557,422.51712799072266,128.12982559204102
patient_160,619.0,24.76,106.96560292590867,-6830.365451907434,2541.395543429692,418.6244201660156,126.83737277984619
patient_160,620.0,24.8,33.15324467247297,-1845.3089563358922,2542.721673216591,419.76478576660156,126.27548217773438
patient_160,621.0,24.84,153.6849781167799,3013.293336107673,2548.869072341262,419.0470886230469,132.12475776672363
patient_160,622.0,24.88,119.1789098781312,-862.6517059662174,2553.6362287363872,419.13795471191406,136.69384002685547
patient_160,623.0,24.92,228.59695464222648,2735.451119102382,2562.7801069220764,418.1287384033203,145.40123462677002
patient_160,624.0,24.96,254.19076532788475,639.8452671414567,2572.9477375351917,414.3721008300781,154.39531803131104
patient_160,625.0,25.0,313.0252915795253,1470.8631562910134,2585.4687491983727,411.25728607177734,165.98726749420166
patient_160,626.0,25.04,325.4427757033929,310.43710309669024,2598.4864602265084,408.1023406982422,178.06117057800293
patient_160,627.0,25.08,290.6518424188046,-869.7733321147069,2610.112533923261,405.2392578125,188.83236408233643
patient_160,628.0,25.12,131.12162690259916,-3988.2553879051366,2615.3573989993647,402.69237518310547,193.1675148010254
patient_160,629.0,25.16,102.39268709304402,-718.2234952388786,2619.4531064830862,400.38299560546875,196.34283542633057
patient_160,630.0,25.2,13.172908791756175,-2230.494457532196,2619.9800228347567,399.9122619628906,196.1596441268921
patient_160,631.0,25.24,28.668913738410186,387.4001236663503,2621.126779384293,399.18121337890625,196.9806718826294
patient_160,632.0,25.28,96.09145748930017,1685.5635937722495,2624.970437683865,400.6235885620117,193.59003067016602
patient_160,633.0,25.32,157.15089038025087,1526.4858222737676,2631.2564732990745,403.3414077758789,188.21167945861816
patient_160,634.0,25.36,354.90463858349653,4943.843705081142,2645.452658842414,410.2321243286133,176.47610664367676
patient_160,635.0,25.4,733.3243143533975,9460.491894247525,2674.78563141655,424.276123046875,152.1145248413086
patient_160,636.0,25.44,499.7417788174394,-5839.563388398953,2694.7753025692473,427.6202392578125,133.24567794799805
patient_160,637.0,25.48,216.07528461775635,-7091.662354992076,2703.4183139539573,427.93975830078125,124.96630668640137
patient_160,638.0,25.52,105.28488446442822,-2769.7600038332034,2707.6297093325347,424.38507080078125,123.05233955383301
patient_160,639.0,25.56,50.06374742410219,-1380.5284260081507,2709.632259229499,422.46814727783203,123.1559944152832
patient_160,640.0,25.6,106.37270037838951,1407.723823857183,2713.8871672446344,424.6306610107422,126.6144847869873
patient_160,641.0,25.64,24.177358926573966,-2054.8835362953887,2714.8542616016975,423.80760192871094,126.18777751922607
patient_160,642.0,25.68,90.39698600578593,1655.490676980299,2718.470141041929,425.5222702026367,129.2003059387207
patient_160,643.0,25.72,157.85453521797734,1686.4387303047852,2724.7843224506482,425.22483825683594,135.24601936340332
patient_160,644.0,25.76,202.47051224617246,1115.399425704878,2732.883142940495,424.3842315673828,142.96422958374023
patient_160,645.0,25.8,426.7544483333127,5607.098402178506,2749.953320873828,416.60526275634766,157.3612117767334
patient_160,646.0,25.84,505.04581190365985,1957.2840892586783,2770.1551533499746,408.0223846435547,174.72171306610107
patient_160,647.0,25.88,641.3825812041664,3408.4192325126637,2795.8104565981407,393.0426788330078,194.22768115997314
patient_160,648.0,25.92,144.03483030771048,-12433.693772411398,2801.571849810449,389.38724517822266,198.3680248260498
patient_160,649.0,25.96,122.85626596085376,-529.464108671418,2806.4861004488835,385.52669525146484,201.0679578781128
patient_160,650.0,26.0,28.760360265557225,-2352.3976423824133,2807.6365148595055,384.4878387451172,201.43811702728271
patient_160,651.0,26.04,15.64848799211094,-327.7968068361571,2808.26245437919,383.9070510864258,201.58893585205078
patient_160,652.0,26.08,31.619922258914226,399.2858566700821,2809.5272512695465,384.4029998779297,200.4825210571289
patient_160,653.0,26.12,112.17469353041022,2013.8692817873998,2814.014239010763,387.13062286376953,197.15653896331787
patient_160,654.0,26.16,214.51701430770805,2558.5580194324457,2822.5949195830717,391.26564025878906,190.04562377929688
patient_160,655.0,26.2,373.2630410580615,3968.650668758836,2837.525441225394,401.4784240722656,180.0176239013672
patient_160,656.0,26.24,460.12166309773613,2171.4655509918657,2855.9303077493037,411.1659622192383,165.27145385742188
patient_160,657.0,26.28,440.7635492639209,-483.9528458453813,2873.560849719861,421.14288330078125,151.62900924682617
patient_160,658.0,26.32,327.3827688493168,-2834.519510365102,2886.6561604738336,429.7331237792969,142.47462272644043
patient_160,659.0,26.36,154.7104151597908,-4316.80884223815,2892.844577080225,424.6916961669922,139.34762477874756
patient_160,660.0,26.4,182.8175806254421,702.6791366412823,2900.1572803052427,417.78568267822266,140.55201530456543
patient_160,661.0,26.44,49.971756622346064,-3321.1456000774006,2902.1561505701366,416.21307373046875,141.64687156677246
patient_160,662.0,26.48,16.934866185713712,-825.9222609158087,2902.8335452175647,415.59906005859375,141.85824394226074
patient_160,663.0,26.52,116.65001677199113,2492.8787646569353,2907.4995458884446,419.88208770751953,143.14802169799805
patient_160,664.0,26.56,131.8575067399796,380.18724919971197,2912.7738461580434,423.31329345703125,146.86171531677246
patient_160,665.0,26.6,204.25790844390306,1810.0100425980863,2920.9441624958,424.2009735107422,154.64364051818848
patient_160,666.0,26.64,319.2829057841895,2875.6249335071607,2933.7154787271675,420.4159927368164,166.28697395324707
patient_160,667.0,26.68,479.7595078323011,4011.91505120279,2952.9058590404597,413.0882263183594,183.16124439239502
patient_160,668.0,26.72,456.14458012957414,-590.373192568174,2971.1516422456425,404.47277069091797,198.3833885192871
patient_160,669.0,26.76,328.5207786318565,-3190.595037442941,2984.2924733909167,397.85472869873047,209.1022539138794
patient_160,670.0,26.8,224.84373212630794,-2591.9261626387142,2993.286222675969,392.04334259033203,215.47113418579102
patient_160,671.0,26.84,197.8856308224379,-673.9525325967513,3001.201647908866,386.7732620239258,220.930495262146
patient_160,672.0,26.88,145.97472685323638,-1297.772599230038,3007.0406369829957,382.33551025390625,224.34197902679443
patient_160,673.0,26.92,128.60872671888146,-434.150003358873,3012.1849860517514,378.3115768432617,227.1930170059204
patient_160,674.0,26.96,79.98643095468769,-1215.5573941048442,3015.3844432899386,375.4436492919922,228.28033447265625
patient_160,675.0,27.0,38.892364517239066,-1027.3516609362157,3016.940137870628,374.2050552368164,229.11100387573242
patient_160,676.0,27.04,39.93651497772001,26.10376151202356,3018.5375984697366,373.0109405517578,228.15223217010498
patient_160,677.0,27.08,115.01446053506699,1876.9486389336744,3023.138176891139,374.9353790283203,224.18395042419434
patient_160,678.0,27.12,342.49556819966085,5687.027691614847,3036.8379996191256,382.96329498291016,213.79004001617432
patient_160,679.0,27.16,466.14834592664437,3091.319443174588,3055.4839334561916,393.19271087646484,199.131760597229
patient_160,680.0,27.2,557.1004983988835,2273.8038118059776,3077.767953392147,405.66295623779297,181.78693771362305
patient_160,681.0,27.24,536.868637263647,-505.7965283809125,3099.2426988826924,415.3395080566406,163.61635208129883
patient_160,682.0,27.28,533.6792204296908,-79.73542084890539,3120.5898676998804,426.15516662597656,146.2437629699707
patient_160,683.0,27.32,284.4257949385171,-6231.335637279342,3131.9668994974213,428.6772918701172,135.63291549682617
patient_160,684.0,27.36,124.78184069895963,-3991.098855988936,3136.9581731253793,426.4728546142578,131.38614177703857
patient_160,685.0,27.4,171.57039289669845,1169.7138049434707,3143.820988841247,419.89917755126953,131.12234115600586
patient_160,686.0,27.44,83.1760768656667,-2209.857900775794,3147.148031915874,417.14588165283203,132.73226737976074
patient_160,687.0,27.48,77.4654189136618,-142.7664488001227,3150.2466486724206,418.9141082763672,135.11910438537598
patient_160,688.0,27.52,110.4505170532497,824.6274534896976,3154.6646693545504,420.9640884399414,138.82521629333496
patient_160,689.0,27.56,151.53720477185968,1027.1671929652496,3160.7261575454245,426.4054870605469,140.863938331604
patient_160,690.0,27.6,231.18432687405132,1991.178052554791,3169.9735306203866,425.26317596435547,149.65493202209473
patient_160,691.0,27.64,260.3308118053664,728.6621232828771,3180.3867630926015,426.53202056884766,159.55650329589844
patient_160,692.0,27.68,341.59521033097764,2031.6099631402808,3194.0505715058407,424.2189025878906,172.4493169784546
patient_160,693.0,27.72,364.6426456435359,576.1858828139566,3208.636277331582,418.83365631103516,185.353102684021
patient_160,694.0,27.76,332.8921339527096,-793.7627922706567,3221.9519626896904,414.8577117919922,197.48305320739746
patient_160,695.0,27.8,245.73252109577842,-2178.99032142328,3231.7812635335217,412.0381546020508,206.4740753173828
patient_160,696.0,27.84,178.9623292772197,-1669.2547954639679,3238.9397567046103,407.62081146240234,211.7257261276245
patient_160,697.0,27.88,135.1450164762161,-1095.4328200250898,3244.345557363659,404.0413284301758,215.47307968139648
patient_160,698.0,27.92,147.27196958455448,303.17382770845927,3250.2364361470413,399.5913314819336,218.94996643066406
patient_160,699.0,27.96,78.09594140145005,-1729.400704577611,3253.3602738030995,397.4124526977539,221.00430965423584
patient_160,700.0,28.0,75.9796538903128,-52.90718777843111,3256.399459958712,394.52465057373047,221.3903045654297
patient_160,701.0,28.04,43.28211139050231,-817.4385624952624,3258.1307444143326,393.40991973876953,222.61990070343018
patient_160,702.0,28.08,21.773865651738465,-537.7061434690961,3259.001699040402,393.81431579589844,221.8894386291504
patient_160,703.0,28.12,166.0233868697474,3606.2380304502235,3265.6426345151917,397.6422119140625,216.80253982543945
patient_160,704.0,28.16,289.76062338899237,3093.430912981124,3277.2330594507516,404.8786926269531,208.3711338043213
patient_160,705.0,28.2,395.9470582845941,2654.6608723900436,3293.070941782136,412.2789764404297,195.11391162872314
patient_160,706.0,28.24,539.8132379488001,3596.654491605149,3314.6634713000876,423.90575408935547,177.98832893371582
patient_160,707.0,28.28,439.7972258821885,-2500.4003016652887,3332.255360335375,432.4971389770508,163.4765338897705
patient_160,708.0,28.32,394.00759376823294,-1144.7408028488894,3348.0156640861037,437.66380310058594,149.2789649963379
patient_160,709.0,28.36,167.5909188410057,-5660.416873180681,3354.719300839744,437.7302551269531,142.85293579101562
patient_160,710.0,28.4,130.250569276221,-933.5087391196175,3359.929323610793,436.7564010620117,137.9542636871338
patient_160,711.0,28.44,103.9153924519657,-658.3794206063825,3364.0859393088713,432.8649139404297,138.81108283996582
patient_160,712.0,28.48,110.72664562430795,170.2813293085562,3368.5150051338437,429.791259765625,141.7402696609497
patient_160,713.0,28.52,86.7485131846431,-599.4533109916212,3371.9849456612296,427.0659637451172,143.64758491516113
patient_160,714.0,28.56,61.6748528737503,-626.8415077723201,3374.4519397761796,427.0962905883789,146.01234912872314
patient_160,715.0,28.6,158.5787871493681,2422.5983568904453,3380.795091262154,431.7890930175781,149.87935066223145
patient_160,716.0,28.64,203.85186663226318,1131.8269870723768,3388.9491659274445,432.2252655029297,157.68399238586426
patient_160,717.0,28.68,239.21974240780006,884.1968943884218,3398.5179556237567,433.27526092529297,166.79672241210938
patient_160,718.0,28.72,294.5991361568384,1384.4848437259593,3410.301921070031,433.7285614013672,178.08420181274414
patient_160,719.0,28.76,321.56712543377705,674.1997319234656,3423.164606087382,432.5356674194336,190.35704612731934
patient_160,720.0,28.8,248.1762559148091,-1834.7717379741987,3433.091656323974,430.8363342285156,199.72055912017822
patient_160,721.0,28.84,163.38863032908063,-2119.690639643212,3439.6272015371374,428.9674758911133,205.70056915283203
patient_160,722.0,28.88,173.8378913957927,261.23152666780175,3446.5807171929687,425.4800796508789,211.38145923614502
patient_160,723.0,28.92,104.46879210661845,-1734.2274822293562,3450.7594688772333,422.27535247802734,213.78501892089844
patient_160,724.0,28.96,123.78728424296972,482.9623034087817,3455.710960246952,418.3881378173828,216.50911331176758
patient_160,725.0,29.0,66.54218415415943,-1431.1275022202572,3458.3726476131183,416.00635528564453,217.42441177368164
patient_160,726.0,29.04,69.76145648628271,80.48180830308205,3461.1631058725698,417.8617477416992,215.49739837646484
patient_160,727.0,29.08,233.31092250753673,4088.7366505313507,3470.495542772871,423.12843322753906,208.2654619216919
patient_160,728.0,29.12,348.6510372129955,2883.5028676364695,3484.4415842613907,429.8057174682617,196.6831398010254
patient_160,729.0,29.16,391.5078409866067,1071.4200943402802,3500.1018979008554,436.51966094970703,183.25551509857178
patient_160,730.0,29.2,483.67010405319337,2304.0565766646664,3519.448702062983,442.5918960571289,165.73110580444336
patient_160,731.0,29.24,413.4014146120647,-1756.717236028217,3535.9847586474657,446.88594818115234,150.47165393829346
patient_160,732.0,29.28,229.50958741647483,-4597.295679889747,3545.1651421441243,445.2176284790039,141.8305492401123
patient_160,733.0,29.32,174.86720432101998,-1366.059577386371,3552.1598303169653,443.9945602416992,135.23765087127686
patient_160,734.0,29.36,148.3657297456138,-662.5368643851544,3558.0944595067895,438.3292770385742,135.7584571838379
patient_160,735.0,29.4,125.81004738280106,-563.8920590703186,3563.1268614021014,434.3092727661133,138.42548847198486
patient_160,736.0,29.44,170.3719927832967,1114.0486350123908,3569.941741113433,428.95591735839844,142.1700668334961
patient_160,737.0,29.48,191.00950531804926,515.9378133688143,3577.5821213261556,423.8407516479492,147.4123477935791
patient_160,738.0,29.52,117.27792436483293,-1843.2895238304084,3582.273238300749,420.870361328125,150.78882694244385
patient_160,739.0,29.56,76.73542919660498,-1013.5623792056986,3585.3426554686134,423.40831756591797,152.27774620056152
patient_160,740.0,29.6,188.47799010908275,2793.564022811944,3592.881775072977,428.7962341308594,157.09482192993164
patient_160,741.0,29.64,185.13239525251933,-83.63987141408558,3600.287070883077,428.5386276245117,164.1891574859619
patient_160,742.0,29.68,314.5912600673366,3236.471620370431,3612.8707212857703,430.4702377319336,176.0966920852661
patient_160,743.0,29.72,522.4759281500651,5197.116702068213,3633.7697584117727,426.22005462646484,195.67533016204834
patient_160,744.0,29.76,446.15426029084585,-1908.0416964804813,3651.6159288234066,424.39769744873047,212.68604278564453
patient_160,745.0,29.8,308.8453962737598,-3432.721600427152,3663.9697446743567,421.44439697265625,224.15475368499756
patient_160,746.0,29.84,163.26812273305467,-3639.4318385176275,3670.500469583679,420.72864532470703,230.37431716918945
patient_160,747.0,29.88,207.46772547461993,1104.9900685391315,3678.799178602664,417.5377655029297,237.66182899475098
patient_160,748.0,29.92,131.67560678037606,-1894.8029673560968,3684.0662028738793,413.9229202270508,241.18703842163086
patient_160,749.0,29.96,101.08054332648526,-764.8765863472701,3688.109424606939,411.34361267089844,244.08021926879883
patient_160,750.0,30.0,88.37408548899283,-317.66144593731053,3691.6443880264983,409.7987747192383,247.09636688232422
patient_160,751.0,30.04,13.231764026696624,-1878.5580365574053,3692.1736585875665,410.18211364746094,247.42876052856445
patient_160,752.0,30.08,170.541171726634,3932.735192498434,3698.995305456632,416.0901641845703,244.62518692016602
patient_160,753.0,30.12,310.0747415799218,3488.339246332195,3711.398295119829,422.57091522216797,234.6566390991211
patient_160,754.0,30.16,413.46621025060745,2584.786716767141,3727.9369435298536,429.96768951416016,220.63322067260742
patient_160,755.0,30.2,425.42096524427023,298.8688748415697,3744.9537821396243,434.43859100341797,204.9448299407959
patient_160,756.0,30.24,447.6368852633453,555.3980004768761,3762.859257550158,439.2340087890625,188.46339225769043
patient_160,757.0,30.28,505.8628616234998,1455.6494090038627,3783.093772015098,444.0613555908203,169.67605590820312
patient_160,758.0,30.32,401.39553964355946,-2611.683049498508,3799.1495936008405,448.8451385498047,155.04658699035645
patient_160,759.0,30.36,173.23902308145804,-5703.912914052536,3806.079154524099,449.2832565307617,148.41809749603271
patient_160,760.0,30.4,116.55928737569813,-1416.9933926439978,3810.741526019127,448.1992721557617,144.0820026397705
patient_160,761.0,30.44,170.80220716450927,1356.0729947202783,3817.573614305707,441.65111541748047,144.21521186828613
patient_160,762.0,30.48,190.02000062729533,480.44483656965156,3825.1744143307988,434.5594787597656,145.8887529373169
patient_160,763.0,30.52,164.47883883209582,-638.5290448799879,3831.753567884083,429.02740478515625,148.91776084899902
patient_160,764.0,30.56,160.79442643051757,-92.11031003945607,3838.1853449413034,424.46155548095703,153.06138038635254
patient_160,765.0,30.6,74.50146564961707,-2157.3240195225126,3841.165403567288,425.01800537109375,155.86346626281738
patient_160,766.0,30.64,142.41889233908125,1697.9356672366046,3846.8621592608515,426.14734649658203,161.2065553665161
patient_160,767.0,30.68,237.50638707912682,2377.187368501139,3856.362414744016,427.4220657348633,170.22422790527344
patient_160,768.0,30.72,278.40997532688374,1022.5897061939229,3867.4988137570913,426.7294692993164,180.87753295898438
patient_160,769.0,30.76,605.7548147751896,8183.620986207648,3891.729006348099,422.74879455566406,203.76192569732666
patient_160,770.0,30.8,417.131645515245,-4715.579231498616,3908.414272168709,419.6462631225586,219.45330619812012
patient_160,771.0,30.84,344.1197539255636,-1825.297289742035,3922.1790623257316,416.2941360473633,232.21590042114258
patient_160,772.0,30.88,227.85922792164666,-2906.5131500979232,3931.2934314425975,411.9927215576172,239.82115745544434
patient_160,773.0,30.92,245.82460575400225,449.1344458088896,3941.126415672758,405.977783203125,247.07894325256348
patient_160,774.0,30.96,202.73080662144935,-1077.3449783138226,3949.235647937616,400.4108428955078,252.5049591064453
patient_160,775.0,31.0,121.62121795684237,-2027.7397166151743,3954.1004966558894,395.88096618652344,253.6138916015625
patient_160,776.0,31.04,96.18788445351665,-635.8333375831431,3957.94801203403,393.311767578125,256.26028060913086
patient_160,777.0,31.08,11.173134767263562,-2125.3687421563272,3958.3949374247204,393.6056137084961,256.5720748901367
patient_160,778.0,31.12,81.77784037315048,1765.117640147173,3961.6660510396464,396.1620330810547,254.75601196289062
patient_160,779.0,31.16,206.4307607778267,3116.323010116905,3969.9232814707593,401.57310485839844,248.97857666015625
patient_160,780.0,31.2,346.2150293665833,3494.6067147189146,3983.7718826454225,410.3389358520508,239.00824069976807
patient_160,781.0,31.24,481.12034807110007,3372.63296761292,4003.0166965682665,422.1718978881836,224.85405921936035
patient_160,782.0,31.28,475.83304897881385,-132.18247730715547,4022.0500185274195,432.0751190185547,209.52936172485352
patient_160,783.0,31.32,440.90128659143795,-873.2940596843974,4039.686069991077,438.80226135253906,194.0187406539917
patient_160,784.0,31.36,355.00830003889996,-2147.3246638134497,4053.8864019926327,443.55472564697266,181.26225471496582
patient_160,785.0,31.4,323.41004782468184,-789.956305355453,4066.8228039056203,447.11326599121094,169.3824291229248
patient_160,786.0,31.44,231.2436773668916,-2304.159261444756,4076.072551000296,449.6229934692383,160.87783813476562
patient_160,787.0,31.48,144.4532807150932,-2169.75991629496,4081.8506822288996,447.45128631591797,155.78217029571533
patient_160,788.0,31.52,164.46334467132237,500.25159890572934,4088.429216015753,441.4263916015625,153.91887187957764
patient_160,789.0,31.56,88.13024406449492,-1908.3275151706864,4091.9544257783327,438.20701599121094,154.94649410247803
patient_160,790.0,31.6,139.08368729762583,1273.8360808282728,4097.517773270238,432.88780212402344,154.55986976623535
patient_160,791.0,31.64,224.16783378400834,2127.1036621595626,4106.484486621598,424.61170196533203,156.8825340270996
patient_160,792.0,31.68,36.01175617387957,-4703.901940253219,4107.924956868553,423.23280334472656,156.8083620071411
patient_160,793.0,31.72,26.546817166566594,-236.62347518282436,4108.986829555216,423.21327209472656,157.82612800598145
patient_160,794.0,31.76,85.74816971853257,1480.0338137991491,4112.416756343957,425.12451171875,160.50167083740234
patient_160,795.0,31.8,182.85967617240036,2427.7876613466947,4119.731143390853,426.01531982421875,167.4567174911499
patient_160,796.0,31.84,346.6763017484587,4095.415639401458,4133.598195460791,424.0460968017578,180.6035614013672
patient_160,797.0,31.88,443.3059808765043,2415.7419782011402,4151.330434695852,417.9961395263672,196.48934841156006
patient_160,798.0,31.92,485.98566491183476,1066.9921008832616,4170.769861292325,411.2346649169922,213.85485649108887
patient_160,799.0,31.96,408.98440456310254,-1925.0315087183053,4187.129237474849,402.9276657104492,227.1568250656128
patient_160,800.0,32.0,14.37541595168105,-9865.224715285536,4187.704254112917,402.86739349365234,226.60889625549316
patient_160,801.0,32.04,384.5065056840288,9253.277243308694,4203.084514340278,395.03257751464844,239.0990924835205
patient_160,802.0,32.08,226.83323389531685,-3941.831794717799,4212.15784369609,390.53749084472656,246.54559135437012
patient_160,803.0,32.12,331.04116838253196,2605.198362180378,4225.399490431391,381.0674285888672,254.99868392944336
patient_160,804.0,32.16,50.582374586887056,-7011.469844891123,4227.422785414867,379.2765808105469,255.74363708496094
patient_160,805.0,32.2,54.080209373494526,87.44586966518675,4229.585993789807,377.4893569946289,256.79540634155273
patient_160,806.0,32.24,18.43651708126604,-891.0923073057122,4230.323454473058,377.03643798828125,257.338228225708
patient_160,807.0,32.28,11.27948010465074,-178.9259244153825,4230.774633677243,376.77650451660156,257.6839256286621
patient_160,808.0,32.32,73.29343503450075,1550.3488732462502,4233.706371078624,379.02050018310547,255.99180221557617
patient_160,809.0,32.36,162.19443086237635,2222.5248956968903,4240.1941483131195,384.2271041870117,252.5899314880371
patient_160,810.0,32.4,38.48208866812232,-3092.808554856351,4241.733431859844,383.1060791015625,253.5494899749756
patient_160,811.0,32.44,245.84826865526554,5184.154499678581,4251.567362606054,389.86061096191406,246.97314262390137
patient_160,812.0,32.48,248.08627109917668,55.95006109777856,4261.490813450022,396.10828399658203,239.7992992401123
patient_160,813.0,32.52,334.4655192649326,2159.4812041438977,4274.869434220619,403.0327606201172,229.0039587020874
patient_160,814.0,32.56,414.7750759384629,2007.738916838258,4291.460437258158,412.066650390625,215.91383457183838
patient_160,815.0,32.6,629.1982458056426,5360.579246679492,4316.628367090383,423.4466552734375,194.6392822265625
patient_160,816.0,32.64,380.9176191201229,-6207.015667137994,4331.865071855189,429.6258544921875,181.40419006347656
patient_160,817.0,32.68,300.38033624490936,-2013.432071880338,4343.880285304985,434.35760498046875,170.90271949768066
patient_160,818.0,32.72,194.95050406374227,-2635.7458045291773,4351.678305467535,438.6265182495117,164.7659969329834
patient_160,819.0,32.76,161.56958384679953,-834.5230054235685,4358.141088821407,440.2534484863281,158.7879467010498
patient_160,820.0,32.8,116.03939797968741,-1138.254646677803,4362.782664740595,438.96961212158203,154.52758312225342
patient_160,821.0,32.84,33.213529517469176,-2070.646711555456,4364.111205921293,438.11248779296875,155.46958923339844
patient_160,822.0,32.88,117.66812846708153,2111.364973740309,4368.817931059976,438.1260681152344,150.95755577087402
patient_160,823.0,32.92,72.0379267002503,-1140.7550441707808,4371.699448127986,435.5869674682617,149.8696804046631
patient_160,824.0,32.96,37.77754066328104,-856.5096509242314,4373.210549754518,434.5310974121094,148.87792110443115
patient_160,825.0,33.0,32.453092316442934,-133.11120867095258,4374.508673447175,433.53485107421875,148.13219547271729
patient_160,826.0,33.04,81.3753525770593,1223.0565065154092,4377.763687550258,430.4533386230469,147.64118671417236
patient_160,827.0,33.08,135.026821222312,1341.2867161313177,4383.1647603991505,425.2815246582031,147.3947238922119
patient_160,828.0,33.12,71.70637270155542,-1583.0112130189145,4386.033015307213,422.9286575317383,145.9718942642212
patient_160,829.0,33.16,86.80669892531766,377.50815559405595,4389.505283264225,419.7215270996094,146.86310291290283
patient_160,830.0,33.2,69.43433753219789,-434.30903482799437,4392.282656765513,417.1125793457031,147.39442348480225
patient_160,831.0,33.24,18.50874000246928,-1273.139938243215,4393.023006365611,416.4088439941406,147.4864625930786
patient_160,832.0,33.28,92.30964940228417,1845.022734995372,4396.715392341703,412.9856872558594,148.3871555328369
patient_160,833.0,33.32,93.0150798634161,17.635761528298488,4400.43599553624,409.41917419433594,148.42540740966797
patient_160,834.0,33.36,121.20043334694218,704.6338370881518,4405.284012870117,404.7718811035156,148.46949577331543
patient_160,835.0,33.4,28.632740618278977,-2314.19231821658,4406.429322494848,405.11287689208984,147.4258518218994
patient_160,836.0,33.44,49.80530413010264,529.3140877955916,4408.421534660052,405.9697723388672,145.71906566619873
patient_160,837.0,33.48,44.8941130961286,-122.77977584935104,4410.217299183898,405.23048400878906,144.164400100708
patient_160,838.0,33.52,105.24186939651908,1508.693907509762,4414.4269739597585,408.4389114379883,141.71659469604492
patient_160,839.0,33.56,327.7028048018444,5561.523385133134,4427.535086151832,416.87103271484375,132.39980220794678
patient_160,840.0,33.6,188.19714174869947,-3487.641576328624,4435.06297182178,420.92823028564453,126.43176555633545
patient_160,841.0,33.64,245.53589358157998,1433.468795822013,4444.884407565042,427.3951721191406,119.58888530731201
patient_160,842.0,33.68,22.45004217183532,-5577.146285243616,4445.782409251916,426.534423828125,119.5750093460083
patient_160,843.0,33.72,250.3869130484475,5698.421771915305,4455.797885773854,433.3095932006836,112.77201175689697
patient_160,844.0,33.76,230.0792120153115,-507.6925258284,4465.001054254466,439.24198150634766,106.2417984008789
patient_160,845.0,33.8,204.67194008804435,-635.1817981816787,4473.187931857988,444.6465301513672,100.55091619491577
patient_160,846.0,33.84,108.87694850694743,-2394.874789527423,4477.543009798266,447.87975311279297,97.90961265563965
patient_160,847.0,33.88,141.54725957676087,816.757776745336,4483.204900181337,453.1929016113281,96.80032253265381
patient_160,848.0,33.92,123.01213884930489,-463.3780181863994,4488.125385735309,457.89581298828125,96.43637180328369
patient_160,849.0,33.96,170.26142233573995,1181.2320871608765,4494.935842628738,464.2662048339844,97.86571025848389
patient_160,850.0,34.0,180.01713737182055,243.89287590201505,4502.13652812361,469.11739349365234,102.7764630317688
patient_160,851.0,34.04,358.630411114535,4465.33184356786,4516.481744568192,469.4263458251953,116.52488708496094
patient_160,852.0,34.08,353.15401204542786,-136.90997672767793,4530.607905050009,464.8860168457031,129.28296089172363
patient_160,853.0,34.12,21.884883964756522,-8281.728202016784,4531.4833004085995,464.06837463378906,129.09401893615723
patient_160,854.0,34.16,250.39283826685454,5712.698857552451,4541.499013939273,462.71533966064453,138.5996675491333
patient_160,855.0,34.2,227.53861092445857,-571.3556835598993,4550.600558376252,458.4160614013672,146.19200706481934
patient_160,856.0,34.24,246.90482428042344,484.15533389912184,4560.476751347469,452.6351547241211,153.6899185180664
patient_160,857.0,34.28,240.12145371611797,-169.58426410763678,4570.081609496114,446.4736557006836,160.53212642669678
patient_160,858.0,34.32,240.1373913781675,0.3984415512384487,4579.68710515124,452.0327377319336,167.872953414917
patient_160,859.0,34.36,98.93394975379742,-3530.0860406092524,4583.644463141392,450.4722213745117,164.41509246826172
patient_160,860.0,34.4,76.44634677008784,-562.1900745927395,4586.702317012196,450.8075714111328,161.50295734405518
patient_160,861.0,34.44,91.93413202268273,387.19463131487225,4590.379682293103,453.3682632446289,159.08007144927979
patient_160,862.0,34.48,41.94955456980599,-1249.6144363219184,4592.057664475895,454.6870803833008,158.15906524658203
patient_160,863.0,34.52,90.81991152092336,1221.7589237779341,4595.690460936732,457.6707458496094,156.36300086975098
patient_160,864.0,34.56,40.85412259656064,-1249.1447231090679,4597.324625840594,458.7559509277344,155.2331829071045
patient_160,865.0,34.6,50.95211378058362,252.44977960057452,4599.362710391818,459.9691390991211,153.70169162750244
patient_160,866.0,34.64,66.23914552932236,382.17579371846836,4602.012276212991,462.4952697753906,153.9665651321411
patient_160,867.0,34.68,42.43113650817325,-595.2002255287276,4603.709521673318,464.122314453125,153.96931171417236
patient_160,868.0,34.72,6.189098278688254,-906.0509557371249,4603.957085604465,464.2671585083008,153.7813138961792
patient_160,869.0,34.76,32.31216963383747,653.0767838787303,4605.249572389818,465.1876449584961,154.61071014404297
patient_160,870.0,34.8,29.41667224334726,-72.38743476225524,4606.426239279553,464.1240692138672,154.9864625930786
patient_160,871.0,34.84,51.75894172211275,558.5567369691373,4608.4965969484365,462.5089645385742,156.13996982574463
patient_160,872.0,34.88,39.55924420354166,-304.9924379642773,4610.078966716578,461.15997314453125,156.8337106704712
patient_160,873.0,34.92,30.858529293650317,-217.51787274728355,4611.313307888325,460.12203216552734,157.40190982818604
patient_160,874.0,34.96,14.980865357237606,-396.9415984103178,4611.912542502614,459.59739685058594,157.6358985900879
patient_160,875.0,35.0,39.84830189930749,621.685913551747,4613.506474578587,458.2596969604492,158.37438583374023
patient_160,876.0,35.04,39.13401604277221,-17.85714641338192,4615.0718352202975,457.15309143066406,157.36083984375
patient_160,877.0,35.08,22.95101422065856,-404.57504555284123,4615.989875789124,456.4790725708008,157.92672157287598
patient_160,878.0,35.12,47.847484100145444,622.411746987172,4617.90377515313,454.6444320678711,157.94583320617676
patient_160,879.0,35.16,41.700153119889684,-153.68327450639399,4619.571781277926,453.06915283203125,158.22033405303955
patient_160,880.0,35.2,18.647702217390318,-576.3112725624842,4620.317689366621,452.35443115234375,158.24223518371582
patient_160,881.0,35.24,33.866518241745005,380.4704006088672,4621.672350096291,453.48644256591797,158.8786268234253
patient_160,882.0,35.28,44.04032089108211,254.34506623342764,4623.433962931935,451.97559356689453,158.12416076660156
patient_160,883.0,35.32,21.127051016005037,-572.8317468769268,4624.279044972575,451.65016174316406,157.38226890563965
patient_160,884.0,35.36,19.494117914218425,-40.82332754466531,4625.058809689143,451.2849807739258,158.0345106124878
patient_160,885.0,35.4,39.555969522826715,501.54629021520725,4626.641048470057,451.07086181640625,156.53290271759033
patient_160,886.0,35.44,16.23676749392602,-582.9800507225174,4627.290519169814,451.30271911621094,155.95507621765137
patient_160,887.0,35.48,10.077564381269228,-153.9800778164198,4627.693621745065,451.66595458984375,156.08694076538086
patient_160,888.0,35.52,29.345769368621138,481.7051246837977,4628.867452519809,451.96449279785156,155.00198364257812
patient_160,889.0,35.56,14.090868264208405,-381.37252761031834,4629.4310872503775,451.42555236816406,154.96335983276367
patient_160,890.0,35.6,13.919256162880822,-4.290302533189561,4629.987857496893,451.94435119628906,154.83794689178467
patient_160,891.0,35.64,30.412422688885165,412.3291631501086,4631.204354404448,452.7615737915039,155.66988945007324
patient_160,892.0,35.68,27.243281583368745,-79.2285276379105,4632.294085667783,452.9414749145508,156.69894218444824
patient_160,893.0,35.72,40.9977666046702,343.8621255325363,4633.933996331971,453.7303161621094,158.0587863922119
patient_160,894.0,35.76,46.569111966103264,139.28363403582668,4635.796760810615,451.94801330566406,158.169207572937
patient_160,895.0,35.8,9.426844376386624,-928.556689742916,4636.17383458567,451.99954986572266,157.81142234802246
patient_160,896.0,35.84,19.018478975136404,239.7908649687445,4636.934573744676,452.0041275024414,157.08216190338135
patient_160,897.0,35.88,11.815819377098858,-180.06648995093863,4637.40720651976,452.15065002441406,157.51090049743652
