patient,frame,time_s,wrist_speed_mm_s,wrist_accel_mm_s2,wrist_path_mm,thumb_tip_speed_mm_s,thumb_tip_accel_mm_s2,thumb_tip_path_mm,index_finger_tip_speed_mm_s,index_finger_tip_accel_mm_s2,index_finger_tip_path_mm
patient_106,131.0,5.24,,,0.0,,,0.0,,,0.0
patient_106,132.0,5.28,528.3199173382483,,21.13279669352993,655.374276125822,,26.21497104503288,1294.7378512070998,,51.78951404828399
patient_106,133.0,5.32,788.4519113697286,6503.299850787008,52.67087314831908,1003.3724301844725,8699.953851466262,66.34986825241178,1024.942370159552,-6744.887026188695,92.78720885466606
patient_106,134.0,5.36,792.7118617936025,106.49876059684686,84.37934762006319,1183.3018121704256,4498.234549648828,113.6819407392288,658.8843914454565,-9151.449467852388,119.14258451248432
patient_106,135.0,5.4,749.1846767087555,-1088.1796271211726,114.34673468841339,1187.840530150058,113.46794949080845,161.19556194523113,1475.3179515279296,20410.839002061828,178.15530257360152
patient_106,136.0,5.44,725.5249347777501,-591.493548275136,143.36773207952342,858.4941607384653,-8233.659235289815,195.53532837476973,1500.4610616577793,628.5777532462419,238.1737450399127
patient_106,137.0,5.48,593.8186426425032,-3292.6573033811737,167.12047778522356,910.6735098876064,1304.4837287285277,231.962268770274,527.35544028308,-24327.64053436748,259.26796265123585
patient_106,138.0,5.52,409.56014077035843,-4606.462546803618,183.5028834160379,354.70944087979035,-13899.101725195402,246.1506464054656,298.6134446270467,-5718.549891400833,271.2125004363177
patient_106,139.0,5.56,195.29959058187066,-5356.513754712194,191.3148670393127,258.99284115912394,-2392.9149930166604,256.51036005183056,360.3348909403942,1543.0361578336872,285.6258960739335
patient_106,140.0,5.6,193.62954413048982,-41.75116128452103,199.0600488045323,157.55814122244513,-2535.86749841697,262.81268570072837,201.5060404989007,-3970.7212610373376,293.6861376938895
patient_106,141.0,5.64,163.14926407823367,-762.0070013064037,205.58601936766163,140.74534539244192,-420.31989575008026,268.44249951642604,88.49204172130119,-2825.3499694399875,297.2258193627416
patient_106,142.0,5.68,106.57651495102076,-1414.318728180323,209.8490799657025,83.58359128989721,-1429.0438525636177,271.7858431680219,184.07795257711135,2389.647771395254,304.58893746582606
patient_106,143.0,5.72,3.9048093946857434,-2566.7926389083755,210.0052723414899,149.03156323680292,1636.1992986726427,277.747105697494,15.026569493475836,-4226.284577090887,305.1900002455651
patient_106,144.0,5.76,83.72928468570997,1995.6118822756057,213.3544437289183,127.0503194836412,-549.531093829043,282.8291184768397,172.42391055249772,3934.933526475547,312.086956667665
patient_106,145.0,5.8,29.14809773890512,-1364.5296736701212,214.52036763847454,39.30884326531308,-2193.5369054582034,284.40147220745223,109.19487049239797,-1580.7260015024938,316.4547514873609
patient_106,146.0,5.84,70.82994109948281,1042.0460840144422,217.35356528245384,36.1158546326254,-79.82471581719199,285.84610639275724,70.55558471753959,-965.9821443714595,319.27697487606247
patient_106,147.0,5.88,148.35331155411896,1938.0842613659038,223.2876977446186,252.98047111060458,5421.6154119494795,295.9653252371814,97.1196835890227,664.1024717870778,323.16176221962337
patient_106,148.0,5.92,159.30838732717646,273.87689432643754,229.66003323770565,213.98692392530867,-974.8386796323978,304.52480219419374,454.0071967905792,8922.187830038913,341.3220500912466
patient_106,149.0,5.96,182.79409995897512,587.1428157949665,236.97179723606467,507.4192585958337,7335.808366763126,324.82157253802706,538.0586066969122,2101.285247658325,362.84439435912304
patient_106,150.0,6.0,159.74740034454163,-576.1674903608373,243.36169324984633,469.7420645013897,-941.9298523611005,343.6112551180826,497.15586766790483,-1022.568475725184,382.73062906583925
patient_106,151.0,6.04,307.46679274785373,3692.9848100828026,255.66036495976047,411.96091670701077,-1444.5286948594728,360.08969178636306,505.24604934555146,202.25454194116566,402.9404710396613
patient_106,152.0,6.08,351.21763666407224,1093.7710979054627,269.70907042632336,463.41783962679455,1286.4230729945943,378.6264053714348,516.5876440201006,283.5398668637282,423.6039768004653
patient_106,153.0,6.12,379.72524332570754,712.6901665408823,284.89808015935165,543.4737686569507,2001.3982257539042,400.36535611771285,466.8741035255447,-1242.8385123638975,442.27894094148706
patient_106,154.0,6.16,427.8694196602261,1203.6044083629633,302.01285694576075,480.09594467196206,-1584.4455996247164,419.5691939045914,424.5851844272429,-1057.2229774575449,459.26234831857687
patient_106,155.0,6.2,389.5776014792589,-957.29545452418,317.5959610049311,335.9197113310757,-3604.4058335221594,433.00598235783445,182.43028244488434,-6053.872549558964,466.5595596163722
patient_106,156.0,6.24,304.075779765491,-2137.5455428441965,329.7589921955507,142.39767111719428,-4838.051005347035,438.70188920252224,172.90657736044835,-238.0926271108997,473.47582271079017
patient_106,157.0,6.28,217.38325745280903,-2167.3130578170494,338.45432249366314,328.33999035053824,4648.557980833599,451.8354888165437,35.49110353771259,-3435.3868455683937,474.8954668522986
patient_106,158.0,6.32,185.4408052569415,-798.5613048966883,345.8719547039408,173.62345539155268,-3867.913373974639,458.78042703220586,242.0337688235136,5163.566632145026,484.57681760523917
patient_106,159.0,6.36,176.33953112649874,-227.53185326106902,352.9255359490008,172.14168833912694,-37.04417631064345,465.6660945657709,267.3082368824754,631.8617014740447,495.26914708053823
patient_106,160.0,6.4,120.34948977964979,-1399.751033671224,357.73951554018674,103.90441601921431,-1705.931807997816,469.82227120653954,25.311598703995983,-6049.915954461986,496.2816110286981
patient_106,161.0,6.44,59.77919729199467,-1514.2573121913779,360.13068343186654,143.2757299681437,984.2828487232349,475.55330040526525,25.441692497308704,3.2523448328180216,497.2992787285904
patient_106,162.0,6.48,25.305936019236,-861.8315318189667,361.142920872636,46.23281982238714,-2426.072753643914,477.40261319816074,82.15985666150827,1417.954104104989,500.5856729950508
patient_106,163.0,6.52,27.094405759571078,44.71174350837694,362.22669710301886,91.70790648263336,1136.8771665061554,481.0709294574661,139.61831227956037,1436.4613904513026,506.1704054862332
patient_106,164.0,6.56,57.360874864942495,756.6617276342854,364.5211320976166,164.82429739248627,1827.9097727463227,487.66390135316556,156.70506531963693,427.168826001914,512.4386080990187
patient_106,165.0,6.6,12.990072370529509,-1109.2700623603246,365.0407349924377,55.06953481123832,-2743.8690645311985,489.8666827456151,50.706244281570875,-2649.9705259516513,514.4668578702815
patient_106,166.0,6.64,36.07580327861801,577.1432727022125,366.4837671235824,187.2544864105359,3304.623789982439,497.35686220203655,478.25597564212813,10688.743284013932,533.5970968959667
patient_106,167.0,6.68,78.51187667563272,1060.9018349253677,369.6242421906078,61.30281463158832,-3148.791794473689,499.8089747873001,148.30693417533496,-8248.72603666983,539.52937426298
patient_106,168.0,6.72,77.49380425112273,-25.45181061274988,372.7239943606526,19.83732399138047,-1036.6372660051961,500.6024677469553,154.92495464314624,165.45051169528193,545.7263724487059
patient_106,169.0,6.76,87.60598014992493,252.80439747005516,376.22823356664964,93.21375013129199,1834.410653497788,504.33101775220695,24.73688900676905,-3254.70164090943,546.7158480089766
patient_106,170.0,6.8,211.86861874349495,3106.5659648392502,384.7029783163894,214.1551451469355,3023.5348753910876,512.8972235580844,282.6351545381977,6447.4566382857165,558.0212541905046
patient_106,171.0,6.84,299.7199367657703,2196.2829505568834,396.6917757870202,149.90887147407994,-1606.1568418213888,518.8935784170476,287.7047102802111,126.73889355033481,569.5294426017131
patient_106,172.0,6.88,446.4316207728433,3667.7921001768254,414.54904061793394,226.82931052291678,1923.010976220921,527.9667508379642,373.56943131611223,2146.6180258975287,584.4722198543575
patient_106,173.0,6.92,531.8350897322524,2135.0867239852278,435.822444207224,875.3406859591563,16212.784385905989,562.9803782763305,1468.2353759181685,27366.648615051407,643.2016348910843
patient_106,174.0,6.96,545.6939865042877,346.4724193008834,457.65020366739554,684.8108839540348,-4763.245050128037,590.3728136344919,558.0705978194418,-22754.119452468167,665.5244588038619
patient_106,175.0,7.0,305.20081450885573,-6012.3292998858005,469.85823624774974,396.98815624976544,-7195.568192606735,606.2523398844825,385.59214557368034,-4311.961306144036,680.948144626809
patient_106,176.0,7.04,189.729660845084,-2886.778841594293,477.44742268155306,565.9284209970875,4223.506618683052,628.889476724366,517.6407184145198,3301.214321020987,701.65377336339
patient_106,177.0,7.08,35.43369098369473,-3857.399246534732,478.86477032090085,425.50468754672477,-3510.593336259069,645.909664226235,384.69181691306886,-3323.722537536274,717.0414460399127
patient_106,178.0,7.12,80.10895039910805,1116.881485385333,482.06912833686516,201.84829683011736,-5591.4097679151855,653.9835960994396,100.96996741382102,-7093.046237481195,721.0802447364655
patient_106,179.0,7.16,136.45464933343086,1408.6424733580702,487.5273143102024,367.2411581831681,4134.821533826269,668.6732424267664,93.33721469560061,-190.8188179555104,724.8137333242895
patient_106,180.0,7.2,169.69340936213106,830.969000717505,494.31505068468766,174.0004825601658,-4831.016890575058,675.633261729173,236.10732575792954,3569.2527765582236,734.2580263546067
patient_106,181.0,7.24,108.88807389669456,-1520.1333866359125,498.67057364055546,170.04785581687022,-98.81566858238955,682.4351759618477,37.09129578481113,-4975.4007493279605,735.7416781859991
patient_106,182.0,7.28,59.329779041119814,-1238.9573713893687,501.04376480220026,153.3604461270892,-417.1852422445255,688.5695938069313,24.63540377177424,-311.3973003259223,736.7270943368702
patient_106,183.0,7.32,50.25977176499452,-226.7501819031324,503.05415567280005,66.62751285534411,-2168.3233317936274,691.234694321145,53.80652516436717,729.2780348148233,738.8793553434449
patient_106,184.0,7.36,47.05316910672271,-80.16506645679513,504.93628243706894,254.38028324762502,4693.819259807023,701.4099056510499,371.70986621930604,7947.5835263734725,753.7477499922171
patient_106,185.0,7.4,16.73551717225068,-757.9412983618008,505.60570312395896,110.77110339154873,-3590.229496401907,705.8407497867119,93.87826270658829,-6945.790087817943,757.5028805004807
patient_106,186.0,7.44,61.66840480609235,1123.3221908460416,508.07243931620263,100.44759394265935,-258.0877362222345,709.8586535444182,151.6008216047424,1443.063972453853,763.5669133646703
patient_106,187.0,7.48,159.03903190642384,2434.2656775082874,514.4340005924596,288.6453740309614,4704.9445022075515,721.4044685056567,238.81718574786535,2180.4091035780734,773.119600794585
patient_106,188.0,7.52,67.28738143284632,-2293.791261839438,517.1254958497735,23.275656739646752,-6634.242932282867,722.3354947752425,138.60256193638563,-2505.365595286993,778.6637032720405
patient_106,189.0,7.56,130.09039618935054,1570.0753689126057,522.3291116973476,216.67665542004994,4835.024967010079,731.0025609920446,693.6398412556103,13875.931982980617,806.409296922265
patient_106,190.0,7.6,32.503463187863204,-2439.6733250371835,523.6292502248621,481.09569227573127,6610.475921392033,750.2463886830739,564.2382789064835,-3235.039058728171,828.9788280785242
patient_106,191.0,7.64,297.99426347424765,6637.270007159612,535.5490207638319,588.0709408939297,2674.38121545496,773.7692263188311,479.1473213039276,-2127.2739400638984,848.1447209306814
patient_106,192.0,7.68,311.4961027151675,337.54598102299695,548.0088648724386,694.9416231989651,2671.767057625885,801.5668912467896,630.9560443787577,3795.2180768707535,873.3829627058317
patient_106,193.0,7.72,283.2160791578949,-707.0005889318154,559.3375080387544,370.8742385558444,-8101.684616078018,816.4018607890233,708.1879284398443,1930.7971015271646,901.7104798434256
patient_106,194.0,7.76,268.88917527000024,-358.1725971973668,570.0930750495545,115.31348601595926,-6389.018813497129,821.0144002296616,463.2903942410963,-6122.438354968701,920.2420956130694
patient_106,195.0,7.8,240.8360637900938,-701.3277869976612,579.7265176011582,35.20713061827367,-2002.6588849421394,822.4226854543926,218.74513839884844,-6113.6313960561965,928.9919011490233
patient_106,196.0,7.84,199.45284123247936,-1034.5805639403607,587.7046312504574,169.86664457998813,3366.4878490428614,829.2173512375922,132.1171895371758,-2165.698721541816,934.2765887305104
patient_106,197.0,7.88,130.5786951400632,-1721.8536523104042,592.9277790560599,210.82289461741144,1023.9062509355825,837.6502670222887,52.22803390952094,-1997.2288906913711,936.3657100868912
patient_106,198.0,7.92,97.38136351077647,-829.9332907321681,596.823033596491,112.26596583352394,-2463.9232195971877,842.1409056556298,70.49084871370776,456.5703701046706,939.1853440354395
patient_106,199.0,7.96,95.21805608580796,-54.0826856242127,600.6317558399232,84.7449134224622,-688.0263102765433,845.5307021925282,83.26923273590364,319.459600554897,942.5161133448756
patient_106,200.0,8.0,94.30902898342548,-22.72567755956203,604.4041169992603,202.05291626565378,2932.7000710797893,853.6128188431544,294.0450137140506,5269.3945244536735,954.2779138934377
patient_106,201.0,8.04,43.6683762621333,-1266.0163180323045,606.1508520497457,46.547902932727986,-3887.625333323145,855.4747349604636,39.74383405491283,-6357.529491478444,955.8676672556342
patient_106,202.0,8.08,8.605464090906604,-876.5728042806675,606.4950706133819,35.14993562964331,-284.9491825771169,856.8807323856494,74.02873418044244,857.1225031382403,958.8288166228518
patient_106,203.0,8.12,54.83216042768975,1155.6674084195788,608.6883570304894,78.17248571898709,1075.5637522335946,860.0076318144088,53.066027730069976,-524.0676612593116,960.9514577320547
patient_106,204.0,8.16,65.58522033521871,268.8264976882239,611.3117658438982,134.80985399358192,1415.934206864871,865.4000259741521,110.00105042030653,1423.3755672559137,965.3514997488669
patient_106,205.0,8.2,76.91223776157148,283.1754356588192,614.3882553543611,99.32901656857725,-887.020935625117,869.3731866368951,242.6629513504891,3316.5475232545646,975.0580178028864
patient_106,206.0,8.24,55.568323466066566,-533.5978573876228,616.6109882930037,35.08461808196006,-1606.1099621654296,870.7765713601735,90.73737036112804,-3798.139524734026,978.6875126173315
patient_106,207.0,8.28,174.77325296965367,2980.1232375896775,623.6019184117899,193.8230228463006,3968.4601191085135,878.5294922740255,228.12106176100968,3434.5922849970407,987.8123550877718
patient_106,208.0,8.32,278.71363813603864,2598.509629159624,634.7504639372314,164.59085118364314,-730.8042915664366,885.1131263213713,315.25239393409925,2178.283304327239,1000.4224508451359
patient_106,209.0,8.36,345.4004179268489,1667.1694947702563,648.5664806543053,421.1726824830251,6414.545782484549,901.9600336206922,300.55656878920246,-367.3956286224197,1012.444713596704
patient_106,210.0,8.4,389.89563330374057,1112.380384422292,664.1623059864551,345.78394084904915,-1884.7185408493986,915.7913912546543,468.6232375427217,4201.6667188379815,1031.1896430984127
patient_106,211.0,8.44,243.0772742400579,-3670.4589765920664,673.8853969560573,483.40567966542847,3440.5434704094832,935.1276184412715,1045.8984855902988,14431.88120118943,1073.0255825220247
patient_106,212.0,8.48,241.4714704475405,-40.145094812935156,683.544255773959,376.73852099171205,-2666.6789668429105,950.19715928094,379.14172603379376,-16668.91898891263,1088.1912515633767
patient_106,213.0,8.52,174.0650893626832,-1685.1595271214321,690.5068593484664,318.1100320622619,-1465.712223236254,962.9215605634304,249.80721445541718,-3233.3627894594147,1098.1835401415933
patient_106,214.0,8.56,47.51454621638714,-3163.7635786574015,692.4074411971218,146.7268183055881,-4284.580343916845,968.790633295654,287.1394871492587,933.3068173460376,1109.6691196275635
patient_106,215.0,8.6,82.1832893074657,866.718577276964,695.6947727694204,59.245536575321786,-2187.0320432566577,971.1604547586669,148.70091058241147,-3460.9644141711806,1115.61715605086
patient_106,216.0,8.64,74.19682772167754,-199.66153964470408,698.6626458782874,125.09409223082746,1646.2138913876415,976.1642184479001,215.8107086248187,1677.7449510601805,1124.249584395853
patient_106,217.0,8.68,60.64567132773813,-338.7789098484852,701.0884727313969,86.53266103150726,-964.0357799830049,979.6255248891603,44.9301500146045,-4272.013965255355,1126.046790396437
patient_106,218.0,8.72,70.78850857846534,253.5709312681803,703.9200130745355,15.480763889335947,-1776.2974285542828,980.2447554447338,9.749787866953003,-879.5090536912874,1126.436781911115
patient_106,219.0,8.76,104.492694442162,842.6046465924167,708.0997208522219,77.62176357289258,1553.5249920889157,983.3496259876495,35.74178163986698,649.7998443228494,1127.8664531767097
patient_106,220.0,8.8,35.73985951577327,-1718.8208731597185,709.5293152328528,33.98650745818685,-1090.8814028676431,984.7090862859769,118.39705153065707,2066.3817472697524,1132.6023352379361
patient_106,221.0,8.84,32.302745136014735,-85.92785949396333,710.8214250382933,77.97726671228585,1099.768981352475,987.8281769544684,102.38987011745044,-400.1795353301656,1136.6979300426342
patient_106,222.0,8.88,66.70774380951335,860.1249668374653,713.489734790674,109.38555893841335,785.2073056531875,992.2035993120049,152.40967930306954,1250.4952296404774,1142.7943172147568
patient_106,223.0,8.92,112.52628845557972,1145.4636161516594,717.9907863288972,238.10727299372786,3218.042851382863,1001.7278902317541,530.5352313559989,9453.138801323235,1164.015726468997
patient_106,224.0,8.96,166.5354435747607,1350.2288779795247,724.6522040718877,472.86291047196295,5868.890936955877,1020.6424066506327,855.9632008935534,8135.699238438863,1198.254254504739
patient_106,225.0,9.0,51.943273738634666,-2864.804245903151,726.729935021433,467.9625399227988,-122.50926372910413,1039.3609082475446,756.219787408125,-2493.5853371357125,1228.5030460010641
patient_106,226.0,9.04,117.04087228978636,1627.4399637787924,731.4115699130244,325.8288116318173,-3553.3432072745372,1052.3940607128172,336.6038717148987,-10490.397892330657,1241.96720086966
patient_106,227.0,9.08,227.03977704992496,2749.972619003465,740.4931609950214,260.3134574418278,-1637.883854749738,1062.8065990104906,68.00332513699355,-6715.013664447628,1244.6873338751398
patient_106,228.0,9.12,207.7555897116269,-482.1046834574517,748.8033845834865,83.19357552326755,-4427.997047964006,1066.134342031421,161.74392797236453,2343.5150708842743,1251.1570909940344
patient_106,229.0,9.16,152.85723815724157,-1372.4587888596332,754.9176741097762,237.40159882143547,3855.200582454198,1075.6304059842785,217.81140584160343,1401.6869467309725,1259.8695472276986
patient_106,230.0,9.2,181.43089914266773,714.341524635654,762.1749100754828,209.8191093198142,-689.5622375405317,1084.023170357071,170.73393426806558,-1176.9367893384463,1266.698904598421
patient_106,231.0,9.24,85.31824078947427,-2402.8164588298364,765.5876397070617,96.18325626544448,-2840.896326359243,1087.8705006076889,82.89106509200957,-2196.0717294014003,1270.0145472021013
patient_106,232.0,9.28,34.12318420790169,-1279.8764145393147,766.9525670753778,86.29729332295504,-247.14907356223605,1091.322392340607,138.26386419205068,1384.3199775010276,1275.5451017697833
patient_106,233.0,9.32,16.01716675521677,-452.6504363171229,767.5932537455866,9.122825839351224,-1929.3616870900955,1091.687305374181,57.64993900706923,-2015.3481296245359,1277.851099330066
patient_106,234.0,9.36,20.112866317366393,102.39248905374056,768.3977683982812,27.88472923316667,469.0475848453861,1092.8026945435079,62.19644656282905,113.66268889399561,1280.3389571925793
patient_106,235.0,9.4,27.311036750330405,179.95426082410032,769.4902098682943,136.99871779792906,2727.84971411906,1098.282643255425,65.72335952340141,88.17282401430901,1282.9678915735153
patient_106,236.0,9.44,55.05264847151894,693.5402930297134,771.6923158071551,46.31311657244099,-2267.1400306372016,1100.1351679183226,34.348376541661835,-784.3745745434894,1284.3418266351819
patient_106,237.0,9.48,23.67408519038539,-784.4640820283388,772.6392792147705,46.877961426589394,14.121121353710109,1102.0102863753862,51.413152170521,426.61939072147914,1286.3983527220025
patient_106,238.0,9.52,37.50840395093828,345.85796901382224,774.1396153728081,82.86579442427895,899.6958249422388,1105.3249181523572,11.628857412933908,-994.6073689396773,1286.8635070185198
patient_106,239.0,9.56,48.391125481232216,272.06803825734835,776.0752603920574,82.23983540471721,-15.648975489043337,1108.614511568546,58.15205516205417,1163.0799437280064,1289.189589225002
patient_106,240.0,9.6,75.76592570213433,684.3700055225528,779.1058974201427,71.35408248596417,-272.14382296882604,1111.4686748679844,16.090502257922726,-1051.5388226032862,1289.833209315319
patient_106,241.0,9.64,11.589228159568604,-1604.417438564143,779.5694665465255,30.67457753677152,-1016.9876237298162,1112.6956579694554,37.69012478576589,539.990563196079,1291.3408143067497
patient_106,242.0,9.68,44.587577170900325,824.958725283293,781.3529696333615,124.8348400947756,2354.0065639501017,1117.6890515732464,146.84078386754564,2728.766477044494,1297.2144456614515
patient_106,243.0,9.72,122.80459233056733,1955.425378991675,786.2651533265843,145.49197070249565,516.4282651930013,1123.5087304013462,85.34270698513052,-1537.451922060378,1300.6281539408567
patient_106,244.0,9.76,327.94109018315055,5128.41244631458,799.3827969339103,303.4511586097488,3948.9796976813286,1135.6467767457364,287.0952284386192,5043.8130363372165,1312.1119630784015
patient_106,245.0,9.8,345.20629969346294,431.6302377578097,813.1910489216488,144.65949234547617,-3969.791656606816,1141.4331564395552,375.3024780009197,2205.1812390575124,1327.1240621984384
patient_106,246.0,9.84,372.4178506029525,680.2887727372394,828.0877629457668,583.6513335762445,10974.796030769208,1164.779209782605,608.1646827380131,5821.555118427335,1351.4506495079588
patient_106,247.0,9.88,281.84967927783646,-2264.2042831279014,839.3617501168803,261.83551192081154,-8045.395541385824,1175.2526302594374,471.9765267614042,-3404.7038994152217,1370.329710578415
patient_106,248.0,9.92,106.23159141886889,-4390.452196474189,843.611013773635,405.21424932193037,3584.468435027971,1191.4612002323147,712.8346472328898,6021.453011787139,1398.8430964677307
patient_106,249.0,9.96,49.96430333489219,-1406.6822020994173,845.6095859070307,149.77571393217454,-6385.963384743895,1197.4522287896016,93.40724690105472,-15485.685008295877,1402.579386343773
patient_106,250.0,10.0,22.81861055297897,-678.6423195478305,846.5223303291499,318.79782004333777,4225.552652779081,1210.204141591335,327.74367228469913,5858.4106345911105,1415.6891332351609
patient_106,251.0,10.04,72.78991571914668,1249.2826291541928,849.4339269579157,240.72080554745423,-1951.9253623970883,1219.8329738132334,237.2988130194257,-2261.121481631836,1425.181085755938
patient_106,252.0,10.08,14.160864492373303,-1465.7262806693343,850.0003615376106,20.471849758481202,-5506.223894724326,1220.6518478035725,158.0465141724393,-1981.3074711746601,1431.5029463228357
patient_106,253.0,10.12,11.681075075027948,-61.99473543363388,850.4676045406117,240.27501963357219,5495.079246877274,1230.2628485889154,352.4128055874142,4859.157285374373,1445.5994585463322
patient_106,254.0,10.16,4.301061831972852,-184.5003310763774,850.6396470138905,32.163648367810474,-5202.7842816440425,1231.5493945236278,388.6650817202764,906.3069033215555,1461.1460618151434
patient_106,255.0,10.2,24.200066304792934,497.47511182050204,851.6076496660822,15.726461522222351,-410.9296711397031,1232.1784529845168,179.21604151952045,-5236.2260050189,1468.314703475924
patient_106,256.0,10.24,30.005372116127372,145.13264528336097,852.8078645507273,111.53088390788153,2395.1105596414795,1236.639688340832,289.14672033820733,2748.266970467172,1479.8805722894522
patient_106,257.0,10.28,82.9049808152872,1322.4902174789956,856.1240637833389,169.8051213365375,1456.855935716399,1243.4318931942935,256.64644601986384,-812.5068579585871,1490.1464301302467
patient_106,258.0,10.32,203.49211508145567,3014.6783566542117,864.2637483865972,471.74870772835817,7548.589659795516,1262.3018415034278,534.2763404769149,6940.747361426277,1511.5174837493232
patient_106,259.0,10.36,16.848317392654852,-4666.09494222002,864.9376810823034,46.921978985348666,-10620.668218575238,1264.178720662842,87.81631834717662,-11161.500553243459,1515.0301364832103
patient_106,260.0,10.4,240.30546437988463,5586.428674680745,874.5498996574987,574.3712389567766,13186.231499285697,1287.153570221113,761.7332859028414,16847.92418889162,1545.499467919324
patient_106,261.0,10.44,225.9822671127289,-358.07993167889333,883.5891903420079,686.604998346072,2805.8439847323853,1314.617770154956,914.0915341828088,3808.9562069991844,1582.0631292866362
patient_106,262.0,10.48,285.2641005398558,1482.0458356781728,894.9997543636022,579.5671624680635,-2675.9458969502107,1337.8004566536783,668.5677020843973,-6138.095802460288,1608.8058373700121
patient_106,263.0,10.52,572.2306820360429,7174.164537404678,917.8889816450438,926.8156205949252,8681.211453171542,1374.8730814774754,976.0745468232667,7687.671118471735,1647.8488192429425
patient_106,264.0,10.56,459.20018504129104,-2825.7624248687976,936.2569890466955,277.2739095838139,-16238.542775277785,1385.9640378608278,285.37429865182935,-17267.506204285935,1659.2637911890156
patient_106,265.0,10.6,303.8070935397107,-3884.8272875395082,948.4092727882839,325.01887273499085,1193.6240787794234,1398.9647927702274,265.65927163826285,-492.87567533916246,1669.8901620545462
patient_106,266.0,10.64,239.35362134729166,-1611.336804810476,957.9834176421756,327.50282672193714,62.09884967365724,1412.064905839105,248.94649070768313,-417.8195232644931,1679.8480216828536
patient_106,267.0,10.68,179.22088639981502,-1503.3183736869162,965.1522530981683,168.17650152936758,-3983.1581298142387,1418.7919659002794,265.19973904430395,406.3312084155207,1690.4560112446259
patient_106,268.0,10.72,115.05117394330837,-1604.242811412666,969.7543000559007,160.42337768756974,-193.8280960449461,1425.2089010077823,124.21750574534536,-3524.555832473965,1695.4247114744396
patient_106,269.0,10.76,96.03922957214535,-475.29860927907566,973.5958692387866,45.4573548626574,-2874.1505706228086,1427.0271952022886,98.70193291428669,-637.8893207764669,1699.3727887910109
patient_106,270.0,10.8,24.140734577841034,-1797.4623748576078,974.5614986219002,105.01181732397767,1488.8615615330068,1431.2276678952476,27.552066549511515,-1778.746659119379,1700.4748714529915
patient_106,271.0,10.84,41.91392586164024,444.3297820949801,976.2380556563659,81.4139447487305,-589.9468143811791,1434.4842256851969,44.13073037139416,414.46659554706605,1702.2401006678472
patient_106,272.0,10.88,33.41075104423322,-212.57937043517535,977.5744856981353,5.930525062098407,-1887.0854921658022,1434.7214466876808,30.599749697750646,-338.2745168410878,1703.4640906557572
patient_106,273.0,10.92,50.437073974176656,425.6580732485858,979.5919686571023,74.72371036942961,1719.82963268328,1437.7103951024578,37.59527611000869,174.8881603064511,1704.9679017001574
patient_106,274.0,10.96,32.3736216465851,-451.5863081897889,980.8869135229656,63.97154621523748,-268.80410385480326,1440.2692569510673,47.437914443421974,246.06595833533208,1706.8654182778942
patient_106,275.0,11.0,119.26449273194223,2172.2717771339285,985.6574932322433,11.373251475639513,-1314.9573684899492,1440.724187010093,9.060483087400682,-959.4357839005322,1707.22783760139
patient_106,276.0,11.04,22.803290175841177,-2411.5300639025263,986.5696248392769,114.99836061280956,2590.6277284292514,1445.3241214346053,17.25111543020304,204.76580857005894,1707.9178822185984
patient_106,277.0,11.08,13.409047901280672,-234.8560568640126,987.1059867553282,52.081896120304904,-1572.9116123126164,1447.4073972794174,50.2700645086844,825.4737269620339,1709.9286847989458
patient_106,278.0,11.12,48.90950867990874,887.5115194657017,989.0623671025246,59.41105851894653,183.22905996604072,1449.7838396201755,53.741820742623666,86.79390584848167,1712.0783576286508
patient_106,279.0,11.16,77.65739363509704,718.6971238797074,992.1686628479285,139.852591760871,2011.0383310481118,1455.3779432906103,65.98730215813515,306.13703538778714,1714.7178497149764
patient_106,280.0,11.2,174.82420537876243,2429.1702935916346,999.161631063079,111.63878783547868,-705.3450981348082,1459.8434948040294,107.85312271017061,1046.6455138008864,1719.0319746233831
patient_106,281.0,11.24,31.122239010429308,-3592.549159208328,1000.4065206234961,27.89925284401319,-2093.4883747866375,1460.95946491779,17.849891661008073,-2250.0807762290633,1719.7459702898236
patient_106,282.0,11.28,356.34453286672505,8130.557346407393,1014.6603019381652,315.5792433946246,7191.999763765286,1473.582634653575,286.0762956244436,6705.660099085888,1731.1890221148014
patient_106,283.0,11.32,465.0824874060158,2718.4488634822683,1033.263601434406,343.8674591466866,707.20539380155,1487.3373330194424,437.3292996844546,3781.3251015002747,1748.6821941021794
patient_106,284.0,11.36,397.84567971328823,-1680.9201923181888,1049.1774286229374,301.38442775833107,-1062.0757847088882,1499.3927101297759,450.63943328420817,332.7533399938389,1766.7077714335478
patient_106,285.0,11.4,456.6476188371115,1470.048478095582,1067.4433333764218,612.0225260600216,7765.952457542264,1523.8736111721767,659.5307455557376,5222.282806788235,1793.0890012557772
patient_106,286.0,11.44,450.52546803950435,-153.05376994017905,1085.464352098002,567.9794595806968,-1101.0766619831202,1546.5927895554044,682.5402854787809,575.2384980760837,1820.3906126749287
patient_106,287.0,11.48,599.7407235527118,3730.3813878301853,1109.4539810401106,911.0733965560972,8577.34842438501,1583.035725417648,1078.435012777503,9897.368182468053,1863.5280131860286
patient_106,288.0,11.52,101.92147277479656,-12445.48126944788,1113.5308399511025,206.63879698329018,-17610.864989320176,1591.3012772969796,279.3692445946408,-19976.644204571556,1874.7027829698145
patient_106,289.0,11.56,68.84531876536968,-826.9038502356718,1116.2846527017173,79.75873809163136,-3172.0014722914707,1594.4916268206448,271.17039867903424,-204.97114789016422,1885.5495989169756
patient_106,290.0,11.6,97.79684008040127,723.7880328757897,1120.1965263049333,138.90464987892383,1478.647794682312,1600.047812815802,219.70466332663867,-1286.6433838098892,1894.337785450041
patient_106,291.0,11.64,22.673501699092448,-1878.0834595327206,1121.1034663728972,104.20407474954821,-867.5143782343905,1604.2159758057837,28.08863069632311,-4790.400815757888,1895.461330677894
patient_106,292.0,11.68,83.79133944871542,1527.9459437405742,1124.4551199508458,133.71960742121777,737.888316791739,1609.5647601026326,77.05207358367194,1224.0860721837207,1898.5434136212407
patient_106,293.0,11.72,56.88688895967246,-672.6112622260739,1126.7305955092327,85.95158169777059,-1194.2006430861795,1613.0028233705434,316.8611027874842,5995.225730095306,1911.2178577327402
patient_106,294.0,11.76,43.042767288514504,-346.1030417789489,1128.4523062007734,93.76468861628602,195.32767296288574,1616.7534109151948,97.36062138447055,-5487.5120350753405,1915.112282588119
patient_106,295.0,11.8,12.434266315923496,-765.2125243147752,1128.9496768534102,86.17163506124712,-189.82633887597268,1620.2002763176447,97.50505727810994,3.61089734098492,1919.0124848792434
patient_106,296.0,11.84,61.13706381792016,1217.5699375499166,1131.395159406127,88.09167612859385,48.00102668366826,1623.7239433627883,66.7903283799579,-767.8682224538012,1921.6840980144418
patient_106,297.0,11.88,10.638704564386643,-1262.458981338338,1131.8207075887026,73.21676503357511,-371.8727773754683,1626.6526139641314,182.70556847461043,2897.881002366313,1928.9923207534262
patient_106,298.0,11.92,71.77182521801734,1528.3280163407674,1134.6915805974231,111.75668199798163,963.4979241101629,1631.1228812440509,131.4078499576124,-1282.4429629249507,1934.2486347517306
patient_106,299.0,11.96,96.28719124774332,612.8841507431496,1138.543068247333,40.91745002033949,-1770.9807994410535,1632.7595792448642,103.40630202048692,-700.038698428137,1938.3848868325501
patient_106,300.0,12.0,55.588578197449074,-1017.4653262573562,1140.766611375231,110.79731163947318,1746.9965404783422,1637.1914717104432,27.64279468547988,-1894.0876833751759,1939.4905986199694
patient_106,301.0,12.04,27.785020009860567,-695.0889546897126,1141.8780121756254,40.41829077615043,-1759.4755215830687,1638.8082033414892,72.39265993164142,1118.7466311540384,1942.386305017235
patient_106,302.0,12.08,48.30870782240356,513.0921953135748,1143.8103604885216,85.38778844282461,1124.2374416668547,1642.223714879202,19.496177583325395,-1322.4120587079008,1943.166152120568
patient_106,303.0,12.12,17.399215074885436,-772.7373186879531,1144.506329091517,118.33815785543239,823.7592353151942,1646.9572411934193,12.449676550358944,-176.16252582416126,1943.6641391825824
patient_106,304.0,12.16,50.0558898757707,816.4168700221318,1146.5085646865477,178.33550021457881,1499.9335589786608,1654.0906612020024,150.91219386976744,3461.5629329852127,1949.700626937373
patient_106,305.0,12.2,111.67096378203429,1540.3768476565897,1150.9754032378291,158.49333843271643,-496.0540445465597,1660.430394739311,160.56271593365193,241.26305159711237,1956.123135574719
patient_106,306.0,12.24,146.97296353311378,882.5499937769873,1156.8543217791537,496.311163158868,8445.44561815379,1680.2828412656659,936.1619845463657,19389.981715317845,1993.5696149565736
patient_106,307.0,12.28,177.06941669373805,752.4113290156066,1163.9370984469033,413.5383833787099,-2069.3194945039522,1696.8243766008143,498.39364826724994,-10944.208406977894,2013.5053608872636
patient_106,308.0,12.32,210.715861793614,841.1611274968991,1172.3657329186478,497.2328865368431,2092.3625789533303,1716.713692062288,497.80647653638346,-14.679293271662175,2033.417619948719
patient_106,309.0,12.36,275.8526976417328,1628.4208962029695,1183.3998408243172,328.87515716840596,-4208.943234210929,1729.868698349024,294.1415134579893,-5091.624076959854,2045.1832804870385
patient_106,310.0,12.4,135.60841448440962,-3506.1070789330793,1188.8241774036935,225.26560100953577,-2590.2389039717546,1738.8793223894056,574.4511413085752,7007.740696264647,2068.1613261393813
patient_106,311.0,12.44,345.8279834821409,5255.489224943281,1202.6572967429793,345.890550247707,3015.6237309542803,1752.714944399314,370.05776507778705,-5109.834405769703,2082.963636742493
patient_106,312.0,12.48,79.57648017458672,-6656.287582688854,1205.8403559499627,191.71926258948366,-3854.282191455583,1760.3837149028932,26.632082115563783,-8585.642074055582,2084.0289200271154
patient_106,313.0,12.52,94.27433830133903,367.4464531688077,1209.6113294820163,41.00984641609871,-3767.735404334624,1762.024108759537,59.20182230321908,814.2435046913824,2086.3969929192444
patient_106,314.0,12.56,66.96152986117772,-682.8202110040327,1212.2897906764636,72.12758142135374,777.9433751313757,1764.9092120163912,82.54616760460372,583.608632534616,2089.6988396234283
patient_106,315.0,12.6,30.55537918766673,-910.1537668377748,1213.5120058439702,78.10603950955337,149.46145220499076,1768.0334535967734,125.93871451473119,1084.8136727531867,2094.7363882040177
patient_106,316.0,12.64,30.138140620521224,-10.43096417863767,1214.717531468791,18.323101658643566,-1494.573446272745,1768.766377663119,27.087092816169307,-2471.290542464047,2095.8198719166644
patient_106,317.0,12.68,47.00770795242443,421.7391832975802,1216.597839786888,74.42145180163774,1402.4587535748544,1771.7432357351845,26.726536805513803,-9.013900266387598,2096.888933388885
patient_106,318.0,12.72,46.34837019859505,-16.48344384573459,1218.4517745948317,42.40623448382799,-800.3804329452439,1773.4394851145378,27.038679266431817,7.803561522950364,2097.970480559542
patient_106,319.0,12.76,48.327677671080295,49.48268681213115,1220.3848817016749,74.80831654754768,810.0520515929923,1776.4318177764396,42.49906914656715,386.5097470033834,2099.670443325405
patient_106,320.0,12.8,34.87180559356498,-336.3968019378829,1221.7797539254175,72.36837169004747,-60.99862143750521,1779.3265526440416,45.92166726649777,85.56495299826548,2101.507310016065
patient_106,321.0,12.84,11.543864693371775,-583.1985225048302,1222.2415085131524,20.81014583142348,-1288.9556464655996,1780.1589584772987,17.07983925668329,-721.045700245362,2102.1905035863324
patient_106,322.0,12.88,32.168397473249755,515.6133194969495,1223.5282444120824,33.03608859045432,305.648568975771,1781.4804020209167,29.758542501158665,316.9675811118844,2103.3808452863786
patient_106,323.0,12.92,39.66315074854637,187.3688318824154,1225.1147704420243,48.419000915792886,384.57280813346415,1783.4171620575485,58.847764165474736,727.2305416079017,2105.7347558529973
patient_106,324.0,12.96,32.993757124088596,-166.73484061144438,1226.4345207269878,120.5281693182398,1802.729210061173,1788.238288830278,359.3574362596608,7512.741802354651,2120.109053303384
patient_106,325.0,13.0,129.92384776073098,2423.2522659160595,1231.631474637417,60.05571214960668,-1511.8114292158282,1790.6405173162625,50.65923177626343,-7717.455112084935,2122.1354225744344
patient_106,326.0,13.04,208.8293858870144,1972.6384531570857,1239.9846500728977,322.21769408062124,6554.049548275364,1803.5292250794873,224.2690539971125,4340.245555521227,2131.106184734319
patient_106,327.0,13.08,226.53823871174055,442.7213206181534,1249.0461796213672,117.2546740197054,-5124.075501522895,1808.2194120402755,225.5460647028442,31.925267643292443,2140.128027322433
patient_106,328.0,13.12,313.84217336869597,2182.5983664238856,1261.599866556115,212.68333108647613,2385.716426669268,1816.7267452837345,396.24786565450034,4267.545023791404,2155.977941948613
patient_106,329.0,13.16,312.381658947095,-36.512860540024406,1274.095132913999,231.63142847661945,473.7024347535829,1825.9920024227995,316.7342702921357,-1987.839884059116,2168.6473127602985
patient_106,330.0,13.2,333.2013412550683,520.4920576993331,1287.4231865642016,240.93276938619402,232.53352273936443,1835.629313198247,314.748089647736,-49.6545161099931,2181.2372363462077
patient_106,331.0,13.24,276.7045398998289,-1412.4200338809856,1298.4913681601947,375.99513982762795,3376.559261035848,1850.669118791352,404.67740147264595,2248.232795622749,2197.4243324051135
patient_106,332.0,13.28,263.3513362206977,-333.8300919782796,1309.0254216090227,350.3989785505876,-639.9040319260096,1864.6850779333756,420.3361956593654,391.4698546679858,2214.237780231488
patient_106,333.0,13.32,132.91619031845687,-3260.878647556021,1314.342069221761,367.59145667145526,429.81195302169226,1879.388736200234,472.485605351501,1303.7352423033908,2233.1372044455484
patient_106,334.0,13.36,147.18894845659574,356.81895345347175,1320.2296271600248,349.31529235309785,-456.9041079589354,1893.3613478943578,416.21735644783587,-1406.7062225916288,2249.785898703462
patient_106,335.0,13.4,83.3154028120893,-1596.838641112661,1323.5622432725086,148.16955787003226,-5028.643362076639,1899.288130209159,175.0963435631203,-6028.025322117889,2256.789752445987
patient_106,336.0,13.44,72.31353046091913,-275.04680877925443,1326.4547844909453,9.736354795910948,-3460.8300768530326,1899.6775844009953,98.24381088163547,-1921.3133170371211,2260.719504881252
patient_106,337.0,13.48,11.673458003088676,-1516.0018114457612,1326.9217228110688,82.74279373472469,1825.1609734703436,1902.9872961503843,30.595089320522476,-1691.2180390278247,2261.943308454073
patient_106,338.0,13.52,33.76562074800089,552.3040686228054,1328.272347640989,53.348357005434174,-734.8609182322627,1905.1212304306018,44.07703960878243,337.0487572064988,2263.706390038424
patient_106,339.0,13.56,75.34288187178448,1039.4315280945898,1331.2860629158604,244.04716578644536,4767.47021952528,1914.8831170620597,131.9127606000796,2195.893024782429,2268.9829004624276
patient_106,340.0,13.6,186.7993826884763,2786.4125204172956,1338.7580382233996,361.61555094402655,2939.20962893953,1929.347739099821,496.90884002494226,9124.901985621567,2288.8592540634254
patient_106,341.0,13.64,231.22663937050987,1110.6814170508394,1348.0071037982198,334.4316899378512,-679.5965251543834,1942.725006697335,389.31375239607945,-2689.8771907215705,2304.4318041592683
patient_106,342.0,13.68,375.61637066049616,3609.743282249657,1363.0317586246395,454.08811742116967,2991.4106870829614,1960.8885313941819,386.6013118483462,-67.81101369333129,2319.895856633202
patient_106,343.0,13.72,383.9151768491099,207.47015471534382,1378.3883656986038,393.63017527963865,-1511.4485535382755,1976.6337384053672,365.14815794816457,-536.3288475045408,2334.5017829511285
patient_106,344.0,13.76,392.3741375143267,211.47401663042018,1394.0833311991769,326.2760803345728,-1683.8523736266466,1989.68478161875,368.5815472046729,85.83473141270872,2349.2450448393156
patient_106,345.0,13.8,366.98660805043534,-634.6882365972846,1408.7627955211944,222.18291540132026,-2602.329123331313,1998.5720982348028,375.21029720087796,165.71874990512612,2364.2534567273506
patient_106,346.0,13.84,308.3070072128632,-1466.9900209393036,1421.0950758097088,287.2303054861437,1626.1847521205866,2010.0613104542485,255.4409108309151,-2994.2346592490717,2374.4710931605873
patient_106,347.0,13.88,253.2291477635046,-1376.9464862339646,1431.2242417202492,206.20335935007736,-2025.6736534016588,2018.3094448282513,232.49238148523858,-573.713233641913,2383.7707884199967
patient_106,348.0,13.92,145.79825729274071,-2685.7722617690974,1437.0561720119588,92.81856332258374,-2834.6199006873403,2022.0221873611547,197.14114377148235,-883.7809428439059,2391.6564341708563
patient_106,349.0,13.96,75.63383724843504,-1754.1105011076418,1440.081525501896,196.01935661516902,2580.019832314632,2029.8629616257615,34.3928378192669,-4068.7076488053863,2393.0321476836266
patient_106,350.0,14.0,51.221477252143146,-610.3089999072974,1442.1303845919817,37.1999697008905,-3970.484672856963,2031.350960413797,79.99607285612998,1140.080875921577,2396.2319905978716
patient_106,351.0,14.04,11.402321571931033,-995.4788920053028,1442.5864774548588,55.62240480903122,460.5608777035179,2033.5758566061581,41.410736123867416,-964.6334183065642,2397.8884200428265
patient_106,352.0,14.08,49.41502069465285,950.3174780680455,1444.563078282645,106.98253085098472,1284.0031510488375,2037.8551578401975,140.98874334561214,2489.450180543618,2403.527969776651
patient_106,353.0,14.12,91.21237705505497,1044.933909010053,1448.211573364847,274.45811835358063,4186.889687564898,2048.8334825743405,162.48981076428007,537.5266854666983,2410.0275622072218
patient_106,354.0,14.16,90.52783117578309,-17.113646981797004,1451.8326866118784,126.34383687008072,-3702.8570370874972,2053.8872360491437,151.9113128623815,-264.4624475474643,2416.1040147217172
patient_106,355.0,14.2,100.46871549019528,248.5221078603047,1455.8514352314864,131.22903285242654,122.1298995586455,2059.136397363241,218.8141974589053,1672.5721149130954,2424.8565826200734
patient_106,356.0,14.24,102.43661831369809,49.19757058757028,1459.9488999640341,102.77776191875367,-711.2817733418218,2063.247507839991,64.17378508156945,-3866.0103094333963,2427.4235340233363
patient_106,357.0,14.28,29.396940778432533,-1825.9919383816389,1461.1247775951715,58.88891149308435,-1097.221260641733,2065.6030642997143,46.48796502920783,-442.1455013090405,2429.2830526245043
patient_106,358.0,14.32,34.983529931677424,139.66472883112226,1462.5241187924385,61.22727559418118,58.459102527420725,2068.0521553234817,76.40717512109428,747.9802522971614,2432.339339629348
patient_106,359.0,14.36,44.842851840276666,246.48304771498104,1464.3178328660497,70.00459690766758,219.4330328371599,2070.8523391997883,89.81410660621623,335.1732871280486,2435.931903893597
patient_106,360.0,14.4,46.64240541508988,44.988839370330425,1466.1835290826534,132.32844127595249,1558.0961092071227,2076.1454768508265,137.33837514849378,1188.1067135569388,2441.425438899537
patient_106,361.0,14.44,50.70533344616786,101.5732007769495,1468.2117424205,70.13331666736866,-1554.8781152145957,2078.9508095175215,109.40829865645263,-698.2519123010288,2445.8017708457946
patient_106,362.0,14.48,31.90222047935606,-470.07782417029506,1469.4878312396745,103.77768386975018,841.109180059538,2083.1019168723114,103.25271894124458,-153.8894928802012,2449.9318796034445
patient_106,363.0,14.52,23.51364183427255,-209.71446612708772,1470.4283769130454,64.59271341835614,-979.624261284851,2085.6856254090458,139.29347742294988,901.0189620426324,2455.5036187003625
patient_106,364.0,14.56,30.318203219197166,170.11403462311537,1471.6411050418133,72.34105183745105,193.70846047737268,2088.579267482544,84.23218177189804,-1376.5323912762958,2458.8729059712387
patient_106,365.0,14.6,24.323470604537036,-149.86831536650325,1472.614043865995,53.336477000463596,-475.1143709246863,2090.7127265625622,67.69984455199773,-413.30843049750786,2461.5808997533186
patient_106,366.0,14.64,39.88779261243841,389.10805019753434,1474.2095555704925,89.78099146124563,911.112861519551,2094.303966221012,87.77422796826191,501.8595854066046,2465.091868872049
patient_106,367.0,14.68,51.976852021242244,302.22648522009587,1476.2886296513423,109.95629742369326,504.3826490611906,2098.70221811796,115.52175711786174,693.6882287399957,2469.7127391567633
patient_106,368.0,14.72,172.8565670407336,3021.992875487284,1483.2028923329717,233.09601423893898,3078.492920381143,2108.0260586875174,284.0893930617478,4214.190898597151,2481.0763148792335
patient_106,369.0,14.76,348.47201602085164,4390.38622450295,1497.1417729738057,267.73010585245595,865.8522903379243,2118.7352629216157,411.0701495095978,3174.5189111962504,2497.519120859617
patient_106,370.0,14.8,458.0569338532466,2739.6229458098746,1515.4640503279356,369.2252294985736,2537.3780911529407,2133.5042721015584,160.39872351471618,-6266.78564987204,2503.935069800206
patient_106,371.0,14.84,469.391119491027,283.35464094450913,1534.2396951075766,520.0760949691384,3771.271636764119,2154.307315900324,581.300204698727,10522.537029600273,2527.1870779881547
patient_106,372.0,14.88,438.13600097843,-781.3779628149248,1551.7651351467139,907.5333032738814,9686.430207618576,2190.6086480312792,968.1945171548302,9672.35781140258,2565.914858674348
patient_106,373.0,14.92,532.274171093317,2353.454252872176,1573.0561019904467,648.0612531224067,-6486.801253786868,2216.531098156175,756.1930822176838,-5300.035873428661,2596.1625819630553
patient_106,374.0,14.96,370.50597666365866,-4044.204860741459,1587.8763410569932,491.01235415761556,-3926.2224741197783,2236.17159232248,405.25608971770845,-8773.424812499385,2612.372825551764
patient_106,375.0,15.0,255.50016222214927,-2875.145361037735,1598.0963475458789,254.97825291984583,-5900.852530944243,2246.370722439274,302.38743560503104,-2571.716352816935,2624.468322975965
patient_106,376.0,15.04,65.37849421936632,-4753.041700069573,1600.7114873146536,51.15069488938018,-5095.688950761641,2248.416750234849,82.18530612446654,-5505.053237014113,2627.7557352209433
patient_106,377.0,15.08,77.57226234795955,304.8442032148308,1603.814377808572,219.77987266332195,4215.729444348544,2257.207945141382,32.97547026153407,-1230.2458965733117,2629.0747540314046
patient_106,378.0,15.12,33.436768387967405,-1103.3873489998036,1605.1518485440909,277.92753913720236,1453.6916618470102,2268.32504670687,137.429155304466,2611.3421260732985,2634.571920243583
patient_106,379.0,15.16,56.83218960551973,584.8855304388081,1607.4251361283116,35.8174939816623,-6052.751128888502,2269.7577464661363,25.99105563257752,-2785.952491797212,2635.6115624688864
patient_106,380.0,15.2,21.20835916960565,-890.595760897852,1608.2734704950958,69.32859929995631,837.7776329573502,2272.5308904381345,169.71769440217182,3593.1659692398575,2642.4002702449734
patient_106,381.0,15.24,36.65144998434274,386.07727036842726,1609.7395284944694,218.69945636650561,3734.271426663733,2281.2788686927947,170.95704486046193,30.983761457252967,2649.238552039392
patient_106,382.0,15.28,38.81304443876699,54.03986136060617,1611.2920502720199,192.0428414293318,-666.4153734293457,2288.9605823499683,444.1747551486947,6830.442757205818,2667.0055422453397
patient_106,383.0,15.32,88.23599130899076,1235.5736717555944,1614.8214899243796,210.7782187990422,468.3844342427605,2297.39171110193,412.24206238913115,-798.3173189890891,2683.495224740905
patient_106,384.0,15.36,106.30396300021803,451.6992922806818,1619.0736484443883,338.8442818390349,3201.651575999818,2310.9454823754913,557.9750234514206,3643.3240265572367,2705.814225678962
patient_106,385.0,15.4,101.19985756394898,-127.60263590672629,1623.1216427469462,358.0362710275489,479.79972971284894,2325.2669332165933,394.78995681947094,-4079.6266657987417,2721.6058239517406
patient_106,386.0,15.44,154.4898759183537,1332.250458860118,1629.3012377836806,238.7186865614848,-2982.9396116516023,2334.815680679053,190.34312124345652,-5111.1708894003605,2729.2195488014786
patient_106,387.0,15.48,167.90797649806262,335.452514492723,1636.0175568436032,148.60469158477514,-2252.8498744177414,2340.759868342444,97.36289246300952,-2324.5057195111754,2733.114064499999
patient_106,388.0,15.52,156.28067487586378,-290.68254055497107,1642.2687838386378,88.4928082141131,-1502.797084266551,2344.2995806710082,132.74882975769503,884.648432367138,2738.4240176903068
patient_106,389.0,15.56,153.84051248280903,-61.00405982636872,1648.42240433795,108.30341072238909,495.2650627068998,2348.631717099904,122.9008966460129,-246.19832779205348,2743.340053556147
patient_106,390.0,15.6,123.39640135554855,-761.1027781815121,1653.3582603921718,59.05685928230968,-1231.1637860019853,2350.9939914711963,144.76052138859058,546.490618564442,2749.1304744116906
patient_106,391.0,15.64,79.14105595467032,-1106.3836350219556,1656.5239026303586,77.4974042018872,461.01362298943815,2354.093887639272,132.25033404267776,-312.7546836478203,2754.4204877733973
patient_106,392.0,15.68,57.16125290984559,-549.4950761206184,1658.8103527467524,18.375326335024454,-1478.0519466715689,2354.828900692673,48.74457413902856,-2087.6439975912303,2756.3702707389584
patient_106,393.0,15.72,57.98787752566707,20.665615395537174,1661.129867847779,43.894006411316994,637.9670019073135,2356.5846609491255,27.69497193799756,-526.240055025775,2757.478069616478
patient_106,394.0,15.76,34.78489619109744,-580.0745333642409,1662.521263695423,29.555577362669638,-358.4607262161839,2357.766884043632,30.22462636541205,63.24136068536221,2758.6870546710943
patient_106,395.0,15.8,59.475943358076584,617.2761791744787,1664.900301429746,65.06419468453635,887.7154330466677,2360.3694518310135,68.69418833613041,961.739049267959,2761.4348222045396
patient_106,396.0,15.84,33.10608991053966,-659.2463361884231,1666.2245450261678,10.10352271005501,-1374.0167993620335,2360.773592739416,44.348340769450296,-608.6461891670028,2763.2087558353173
patient_106,397.0,15.88,57.84564101530352,618.4887776190966,1668.5383706667799,80.52510989307665,1760.539679575541,2363.994597135139,40.20014325719613,-103.70493780635411,2764.8167615656052
patient_106,398.0,15.92,81.77010448483188,598.1115867382089,1671.809174846173,74.00137613316315,-163.09334399783745,2366.9546521804655,109.19259909836326,1724.8113960291782,2769.18446552954
patient_106,399.0,15.96,102.93576351188011,529.1414756762059,1675.9266053866481,81.64116190722507,190.994644351548,2370.2202986567545,183.10804281545362,1847.886092927259,2776.5087872421577
patient_106,400.0,16.0,211.47986625036265,2713.6025684620636,1684.3858000366627,176.1514717853354,2362.7577469527578,2377.266357528168,196.73886979651823,340.7706745266154,2784.3783420340187
patient_106,401.0,16.04,334.5841852783996,3077.6079757009243,1697.7691674477985,247.40664788753008,1781.3794025548673,2387.1626234436694,207.58892384479134,271.25135120682774,2792.68189898781
patient_106,402.0,16.08,374.4403747557698,996.4047369342552,1712.7467824380292,317.59015048345196,1754.587564898047,2399.8662294630076,461.28043809475736,6342.2878562491505,2811.1331165116007
patient_106,403.0,16.12,288.63036574394323,-2145.2502252956647,1724.291997067787,315.2432031329133,-58.673683763466045,2412.475957588324,363.2115024059221,-2451.7233922208816,2825.6615766078376
patient_106,404.0,16.16,232.76968556090017,-1396.5170045760765,1733.602784490223,348.8560870497706,840.3220979214325,2426.430201070315,495.09439158723256,3297.072229532762,2845.4653522713265
patient_106,405.0,16.2,85.24994266994266,-3687.9935722739374,1737.0127821970207,188.37929904340848,-4011.9197001590537,2433.965373032051,412.7666438850144,-2058.1936925554546,2861.976018026727
patient_106,406.0,16.24,81.73505599623704,-87.87216684264045,1740.2821844368702,227.98085215049264,990.0388276771039,2443.084607118071,230.60550653143048,-4554.028433839598,2871.2002382879846
patient_106,407.0,16.28,102.04563174393608,507.7643936924762,1744.3640097066277,90.20421250968111,-3444.4159910202884,2446.6927756184577,91.3215410914954,-3482.0991359983764,2874.8530999316445
patient_106,408.0,16.32,109.16702975174192,178.03495019514594,1748.7306908966973,103.17291047748448,324.2174491950841,2450.819692037557,175.51857154777034,2104.9257614068733,2881.873842793555
patient_106,409.0,16.36,50.08849159540824,-1476.963453908342,1750.7342305605137,35.866197968323924,-1682.6678127290138,2452.25433995629,21.083766392474196,-3860.8701288824036,2882.7171934492544
patient_106,410.0,16.4,51.42306695507313,33.364383991622226,1752.7911532387166,53.36509221052512,437.4723560550299,2454.388943644711,46.183508137138745,627.4935436166137,2884.5645337747396
patient_106,411.0,16.44,76.72360452942394,632.5134393587701,1755.8600974198937,139.26441843748606,2147.4831556740232,2459.9595203822105,59.47977246940891,332.40660830675404,2886.943724673516
patient_106,412.0,16.48,39.47431520379771,-931.2322331406557,1757.4390700280458,45.26886121814739,-2349.8889304834665,2461.7702748309366,24.313145247534354,-879.1656805468638,2887.9162504834176
patient_106,413.0,16.52,44.382069061742065,122.69384644860892,1759.2143527905155,14.883211620189538,-759.6412399489463,2462.3656032957438,28.010842059212415,92.4424202919515,2889.036684165786
patient_106,414.0,16.56,43.21887398478711,-29.079876923873904,1760.9431077499069,44.95291665113698,751.7426257736861,2464.1637199617894,46.55026174703211,463.4854921954924,2890.8986946356677
patient_106,415.0,16.6,33.87335364662475,-233.638008454059,1762.2980418957718,61.917105357305324,424.10471765420857,2466.6404041760816,70.39115349724482,596.0222937553176,2893.714340775557
patient_106,416.0,16.64,21.689474399048734,-304.59698118940037,1763.1656208717336,22.10132275804823,-995.3945649814273,2467.5244570864033,32.36264693746746,-950.7126639944339,2895.008846653056
patient_106,417.0,16.68,46.90663485427691,630.4290113807044,1765.0418862659049,53.3841590654316,782.0709076845842,2469.659823449021,80.7475812310891,1209.623357340541,2898.2387499023
patient_106,418.0,16.72,49.65769355427068,68.77646749984424,1767.0281940080756,111.85167388772031,1461.6878705572178,2474.1338904045297,269.86175613546743,4727.854372609459,2909.033220147718
patient_106,419.0,16.76,124.297560471895,1865.9966729406078,1772.0000964269514,281.47885125344794,4240.6794341431905,2485.3930444546677,364.2587412811878,2359.924628643009,2923.6035697989655
patient_106,420.0,16.8,176.11431802838132,1295.418938912158,1779.0446691480868,317.17508981968933,892.4059641560348,2498.0800480474554,457.72558418194905,2336.6710725190314,2941.9125931662434
patient_106,421.0,16.84,155.08274420104277,-525.7893456834637,1785.2479789161284,464.10818326414693,3673.3273361114398,2516.6443753780213,564.7699256490355,2676.108536677161,2964.5033901922043
patient_106,422.0,16.88,151.92783848127027,-78.87264299431251,1791.3250924553793,444.0240615637407,-502.1030425101557,2534.405337840571,518.9052990484697,-1146.6156650141443,2985.259602154143
patient_106,423.0,16.92,300.02149488414443,3702.341410071854,1803.325952250745,391.209348430717,-1320.3678283255927,2550.0537117778,478.42183146340756,-1012.086689626554,3004.396475412679
patient_106,424.0,16.96,328.4402382779489,710.4685848451112,1816.463561781863,309.1546709053232,-2051.366938134845,2562.4198986140127,358.71650887316093,-2992.6330647561654,3018.7451357676055
patient_106,425.0,17.0,329.0486075810777,15.209232578220622,1829.6255060851063,284.85800414930105,-607.4166689005538,2573.814218779985,321.11744163851665,-939.976680866107,3031.589833433146
patient_106,426.0,17.04,343.979454187342,373.27116515660776,1843.3846842525998,364.31623511451545,1986.45577413036,2588.386868184565,267.317346701147,-1345.0023734342408,3042.282527301192
patient_106,427.0,17.08,267.68213173639543,-1907.4330612736644,1854.0919695220555,278.9744229446843,-2133.5453042457784,2599.545845102353,209.5365719869484,-1444.5193678549658,3050.6639901806698
patient_106,428.0,17.12,199.3079846395743,-1709.3536774205284,1862.0642889076387,185.68899787398902,-2332.135626767382,2606.9734050173124,201.86696249053642,-191.74023741029913,3058.738668680291
patient_106,429.0,17.16,2.420651845115321,-4922.183319861475,1862.1611149814435,36.85746803992558,-3720.788245851586,2608.4477037389092,16.377221053912365,-4637.243535915602,3059.3937575224477
patient_106,430.0,17.2,97.3361949628801,2372.88857794412,1866.0545627799586,143.58833611973947,2668.271701995347,2614.191237183699,122.66746737996216,2657.256158151245,3064.300456217646
patient_106,431.0,17.24,125.3220290728458,699.6458527491424,1871.0674439428724,89.89540351491283,-1342.323315120666,2617.7870533242954,139.1775089477424,412.75103919450623,3069.867556575556
patient_106,432.0,17.28,34.4137857104916,-2272.706084058855,1872.4439953712922,100.74105361817443,271.14125258154013,2621.8166954690223,45.597345994972606,-2339.5040738192447,3071.691450415355
patient_106,433.0,17.32,41.68598041329766,181.80486757015154,1874.111434587824,39.16706673720879,-1539.349672024141,2623.3833781385106,58.52926489265169,323.2979724419771,3074.032621011061
patient_106,434.0,17.36,19.78665577534105,-547.4831159489154,1874.902900818838,124.46205814638442,2132.3747852293905,2628.361860464366,50.93728644141195,-189.7994612809935,3076.070112468718
patient_106,435.0,17.4,4.227034954409156,-388.99052052329733,1875.0719822170142,27.751218231604877,-2417.7709978694884,2629.47190919363,82.27412966174478,783.4210805083208,3079.3610776551877
patient_106,436.0,17.44,44.36424754134669,1003.4303146734384,1876.8465521186681,125.96889167734928,2455.44183614361,2634.510664860724,28.990586581432083,-1332.0885770078173,3080.5207011184452
patient_106,437.0,17.48,192.96717550905882,3715.0731991928033,1884.5652391390304,312.76280835216346,4669.847916870354,2647.0211771948107,49.40431279759466,510.3431554040645,3082.4968736303485
patient_106,438.0,17.52,328.1071730145114,3378.499937636314,1897.689526059611,334.2009908860352,535.9545633467931,2660.389216830252,208.3212055850351,3972.922319686011,3090.82972185375
patient_106,439.0,17.56,376.0110092996337,1197.5959071280586,1912.7299664315963,399.8357404014776,1640.8687378860604,2676.3826464463114,367.0738635632523,3968.81644945543,3105.5126763962803
patient_106,440.0,17.6,66.99418157228247,-7725.420693183782,1915.4097336944876,56.59581395845436,-8580.998161075582,2678.6464790046493,27.742737868874517,-8483.278142359444,3106.622385911035
patient_106,441.0,17.64,388.3000839623849,8032.647559752561,1930.9417370529832,345.4846765759922,7222.221565438445,2692.4658660676887,428.3761483423443,10015.835261836744,3123.757431844729
patient_106,442.0,17.68,371.19947658624244,-427.51518440356193,1945.7897161164326,478.4465257700759,3324.0462298520924,2711.603727098492,589.1544603190517,4019.4577994176852,3147.323610257491
patient_106,443.0,17.72,629.2114269809151,6450.298759866817,1970.9581731956694,1135.0015857261722,16413.87649890241,2757.003790527539,1411.7242907462373,20564.24576067964,3203.7925818873405
patient_106,444.0,17.76,466.30060785289055,-4072.7704782006144,1989.6101975097852,456.260716090602,-16968.521740889253,2775.254219171163,440.0776445352248,-24291.16615527531,3221.39568766875
patient_106,445.0,17.8,169.7835696280356,-7412.925955621374,1996.4015402949067,344.02228421454527,-2805.9607969014182,2789.015110539745,428.5134153380226,-289.1057299300556,3238.5362242822703
patient_106,446.0,17.84,81.0407423195352,-2218.57068271251,1999.643169987688,234.40585923415244,-2740.4106245098205,2798.391344909111,276.15889821908826,-3808.862927973358,3249.582580211034
patient_106,447.0,17.88,38.631932280368666,-1060.2202509791632,2001.1884472789027,53.1161016404082,-4532.243939843606,2800.5159889747274,64.2793273761586,-5296.989271073241,3252.1537533060805
patient_106,448.0,17.92,37.37017956795159,-31.543817810426944,2002.683254461621,49.786071859104496,-83.25074453259269,2802.5074318490915,260.2408255667105,4899.037454763797,3262.563386328749
patient_106,449.0,17.96,22.453221157951784,-372.9239602499951,2003.5813833079387,28.012595157619373,-544.3369175371281,2803.6279356553964,44.21328820128056,-5400.688434135748,3264.3319178568
patient_106,450.0,18.0,1.4341258928353187,-525.4773816279117,2003.6387483436522,20.415880129364826,-189.91787570636367,2804.4445708605713,32.20312316388856,-300.25412593479996,3265.6200427833555
patient_106,451.0,18.04,19.14180707917456,442.692029658481,2004.4044206268193,23.25999007067983,71.1027485328751,2805.3749704633983,108.25235853625651,1901.2308843091987,3269.9501371248057
patient_106,452.0,18.08,16.591582994258456,-63.755602122902566,2005.0680839465897,84.95045909682759,1542.2617256536937,2808.7729888272715,104.6806926253476,-89.29164777272263,3274.1373648298195
patient_106,453.0,18.12,69.3999616652156,1320.2094667739284,2007.8440824131983,68.42113569916985,-413.23308494144334,2811.5098342552387,136.11151443480227,785.7705452363667,3279.5818254072115
patient_106,454.0,18.16,81.5056374794584,302.64189535607,2011.1043079123765,54.05345189290521,-359.1920951566161,2813.6719723309548,187.0076751740735,1272.404018481781,3287.0621324141744
patient_106,455.0,18.2,200.96716393890713,2986.5381614862185,2019.1429944699328,686.040484786766,15799.67582234652,2841.113591722425,1030.3227725352945,21082.877434030524,3328.275043315586
patient_106,456.0,18.24,182.0812992224368,-472.1466179117584,2026.4262464388303,439.5832541313226,-6161.430766386085,2858.6969218876784,573.751567580916,-11414.280123859462,3351.2251060188223
patient_106,457.0,18.28,162.8216025459219,-481.4924169128723,2032.9391105406671,450.4707652169107,272.18777713970326,2876.715752496355,528.5535848539154,-1129.9495681750159,3372.367249412979
patient_106,458.0,18.32,225.9272447881621,1577.6410560560053,2041.9762003321935,379.2348176602869,-1780.8986889155947,2891.885145202766,485.5374247403589,-1075.4040028389113,3391.788746402593
patient_106,459.0,18.36,239.85042847183328,348.0795920917792,2051.570217471067,432.7929270000035,1338.9527334929141,2909.1968622827662,332.34140380004965,-3829.9005235077316,3405.082402554595
patient_106,460.0,18.4,270.8393063848182,774.7219478246229,2062.4037897264598,339.34452205078276,-2336.2101237305183,2922.770643164798,253.76239282222528,-1964.475274445609,3415.2328982674844
patient_106,461.0,18.44,59.42380238765456,-5285.38759992909,2064.780741821966,145.01082305150527,-4858.342474981937,2928.571076086858,15.698775368598799,-5951.590436340662,3415.860849282228
patient_106,462.0,18.48,217.4697032857162,3951.1475224515407,2073.4795299533944,271.9907731212407,3174.4987517433856,2939.450707011708,183.53933426296993,4196.013972359278,3423.202422652747
patient_106,463.0,18.52,172.79361771383222,-1116.9021392970997,2080.3912746619476,192.19366669212235,-1994.9276607279585,2947.1384536793926,294.6671383224118,2778.195101486047,3434.9891081856435
patient_106,464.0,18.56,124.0539387718734,-1218.4919735489705,2085.3534322128226,107.81841771003143,-2109.381224552273,2951.451190387794,206.43409180673385,-2205.826162891949,3443.2464718579126
patient_106,465.0,18.6,101.9146051250703,-553.4833411700778,2089.4300164178258,97.75191773314378,-251.66249942219105,2955.3612670971197,86.77432804609742,-2991.4940940159104,3446.7174449797567
patient_106,466.0,18.64,68.35571866568809,-838.9721614845552,2092.164245164453,93.3970085698251,-108.87272908296701,2959.0971474399125,67.79661486178904,-474.44282960770965,3449.4293095742282
patient_106,467.0,18.68,36.824394629151875,-788.2831009134053,2093.6372209496194,104.15828189162023,269.0318330448782,2963.2634787155775,102.73791468755627,873.5324956441808,3453.538826161731
patient_106,468.0,18.72,62.9084856918215,652.1022765667406,2096.1535603772923,36.047180817028995,-1702.7775268647808,2964.7053659482585,21.115854205725395,-2040.5515120457717,3454.3834603299597
patient_106,469.0,18.76,49.68888528831551,-330.49001008764964,2098.1411157888247,101.46251991590796,1635.3834774719744,2968.7638667448946,22.465965048287988,33.752771064064824,3455.2820989318916
patient_106,470.0,18.8,21.068983785517343,-715.4975375699541,2098.9838751402453,42.131253058165214,-1483.2816714435687,2970.449116867221,83.74969229981915,1532.093181288279,3458.6320866238843
patient_106,471.0,18.84,16.508378117218598,-114.01514170746863,2099.6442102649344,36.625715696706344,-137.63843403647175,2971.9141454950895,11.229622362723008,-1813.0017484274035,3459.0812715183934
patient_106,472.0,18.88,17.108800719155827,15.010565048430724,2100.3285622937005,59.1180008708965,562.3071293547539,2974.278865529925,79.02333181546958,1694.8427363186643,3462.2422047910118
patient_106,473.0,18.92,37.46745039522852,508.9662419018173,2101.8272603095097,52.517620682996785,-165.0095046974929,2976.379570357245,88.88332596987705,246.49985386018685,3465.7975378298065
patient_106,474.0,18.96,11.140398888908845,-658.1762876579918,2102.272876265066,60.08587110815118,189.2062606288599,2978.783005201571,134.62618326070844,1143.571432270785,3471.1825851602352
patient_106,475.0,19.0,35.22992956976503,602.2382670214046,2103.6820734478565,30.059416716402605,-750.6613597937144,2979.9853818702272,81.94727223971414,-1316.9727755248578,3474.460476049824
patient_106,476.0,19.04,128.7710333117422,2338.527593549429,2108.832914780326,102.88416853939995,1820.6187955749335,2984.1007486118033,118.09759297798672,903.7580184568146,3479.184379768943
patient_106,477.0,19.08,206.86083874316228,1952.2451357855018,2117.1073483300524,257.1057066449589,3855.538452638974,2994.3849768776017,190.94271191213062,1821.1279733535976,3486.822088245428
patient_106,478.0,19.12,236.78311947266803,748.0570182376439,2126.5786731089593,195.45518653118708,-1541.2630028442954,3002.2031843388486,289.71617827181683,2469.336658992155,3498.410735376301
patient_106,479.0,19.16,330.21346943115003,2335.75874896205,2139.7872118862056,332.11780631490103,3416.5654945928486,3015.487896591445,352.830828938605,1577.8662666697046,3512.523968533845
patient_106,480.0,19.2,602.8869549273742,6816.837137405603,2163.9026900833005,831.3292783277617,12480.286800321517,3048.7410677245553,871.6680597858972,12970.930771182304,3547.390690925281
patient_106,481.0,19.24,494.59780075940427,-2707.228854199248,2183.6866021136766,505.9131529661307,-8135.403134040775,3068.9775938432,614.2050999832924,-6436.5739950651205,3571.958894924612
patient_106,482.0,19.28,32.40846091637493,-11554.733496075734,2184.9829405503315,61.90466011491134,-11100.212321280485,3071.4537802477967,40.4083728335149,-14344.918178744436,3573.5752298379525
patient_106,483.0,19.32,425.32507650172886,9822.915389633848,2201.995943610401,508.89544236118263,11174.769556156782,3091.809597942244,551.437114007909,12775.718529359852,3595.632714398269
patient_106,484.0,19.36,306.8350366903379,-2962.2509952847736,2214.2693450780143,368.02624453459777,-3521.7299456646215,3106.530647723628,394.7188886584711,-3917.9556337359486,3611.421469944608
patient_106,485.0,19.4,198.5891007684396,-2706.1483980474577,2222.212909108752,375.71231024163365,192.151642675897,3121.5591401332936,348.37888898274633,-1158.499991893119,3625.3566255039173
patient_106,486.0,19.44,96.04315891114481,-2563.6485464323696,2226.054635465198,110.26142501614866,-6636.272130637124,3125.9695971339393,265.33781730044757,-2076.0267920574693,3635.9701381959353
patient_106,487.0,19.48,74.55294959080094,-537.255233008597,2229.0367534488296,159.60934913927372,1233.6981030781265,3132.35397109951,236.7197221131442,-715.4523796825843,3645.4389270804613
patient_106,488.0,19.52,116.66169848434289,1052.718722338549,2233.7032213882035,116.61264859905603,-1074.9175135054422,3137.018477043472,206.9750104518467,-743.6177915324372,3653.717927498535
patient_106,489.0,19.56,92.82130049191859,-596.0099498106075,2237.41607340788,44.02652920142286,-1814.6529849408291,3138.779538211529,62.15571665617728,-3620.482344891736,3656.2041561647825
patient_106,490.0,19.6,35.73088506620585,-1427.2603856428186,2238.8453088105284,32.444405202049076,-289.5530999843446,3140.0773144196114,29.46107662118547,-817.3660008747953,3657.3825992296297
patient_106,491.0,19.64,108.6262291880703,1822.383603046611,2243.190357978051,124.24935753463569,2295.1238083146654,3145.0472887209967,45.57206073176151,402.77460276440104,3659.2054816589
patient_106,492.0,19.68,45.92473299608206,-1567.537404799706,2245.0273472978947,100.62014552917387,-590.7303001365456,3149.0720945421635,52.654073859489046,177.05032819318836,3661.31164461328
patient_106,493.0,19.72,53.066912274148244,178.55448195165468,2247.1500237888604,77.21075327132597,-585.2348064461975,3152.1605246730164,90.64885783019193,949.8695992675721,3664.9375989264877
patient_106,494.0,19.76,134.6221710392965,2038.881469128706,2252.534910630432,86.25584541298284,226.12730354142167,3155.610758489536,138.9173138396996,1206.7114002376918,3670.494291480076
patient_106,495.0,19.8,108.1692907095861,-661.3220082427599,2256.8616822588156,52.60626978791261,-841.2393906267557,3157.715009281052,117.7258311601182,-529.787066989535,3675.203324726481
patient_106,496.0,19.84,124.51090663857447,408.5403982247094,2261.8421185243587,51.758025538401014,-21.206106237789868,3159.7853303025877,58.72434031481049,-1475.037271132693,3677.5522983390733
patient_106,497.0,19.88,67.51498523350745,-1424.8980351266755,2264.542717933699,104.546269003369,1319.7060866241998,3163.967181062723,238.782179260563,4501.445973643813,3687.103585509496
patient_106,498.0,19.92,101.90666649975186,859.7920316561105,2268.618984593689,190.81286699186865,2156.664949712491,3171.5996957423977,337.42227219712413,2466.002323414028,3700.6004763973815
patient_106,499.0,19.96,200.5196819540238,2465.325386356799,2276.63977187185,247.64288115063562,1420.7503539691743,3181.5054109884227,460.0181919251881,3064.897993201599,3719.001204074389
patient_106,500.0,20.0,225.3639944903342,621.1078134077595,2285.6543316514635,459.67195591674994,5300.726869152858,3199.892289225093,602.5692244281583,3563.7758125742566,3743.103973051515
patient_106,501.0,20.04,243.014060137275,441.2516411735204,2295.3748940569544,393.68044979727324,-1649.7876529869175,3215.639507216984,476.48791495405703,-3152.032736852533,3762.163489649677
patient_106,502.0,20.08,228.67277585419401,-358.5321070770249,2304.521805091122,278.3279738535972,-2883.811898591901,3226.7726261711277,381.0969094308328,-2384.7751380806058,3777.4073660269105
patient_106,503.0,20.12,264.4155485228312,893.56931671593,2315.0984270320355,308.4560784947152,753.20261602795,3239.1108693109163,317.6070676644234,-1587.2460441602343,3790.111648733488
patient_106,504.0,20.16,203.52680375094795,-1522.2186192970817,2323.2394991820734,201.97063771368337,-2662.1360195257957,3247.189694819464,203.91542572852958,-2842.291048397346,3798.2682657626287
patient_106,505.0,20.2,176.66109166477003,-671.6428021544481,2330.305942848664,143.0760150168858,-1472.3655674199392,3252.912735420139,132.5016872989903,-1785.343460738482,3803.5683332545887
patient_106,506.0,20.24,137.67090137224943,-974.7547573130148,2335.8127789035543,159.66022044308673,414.6051356550231,3259.299144237862,113.39884803862026,-477.57098150925117,3808.1042871761333
patient_106,507.0,20.28,121.13166426288932,-413.4809277340029,2340.6580454740697,132.00966291841664,-691.2639381167523,3264.5795307545986,140.15625039505963,668.9350589109843,3813.7105371919356
patient_106,508.0,20.32,74.30571915737431,-1170.648627637875,2343.6302742403645,68.31140810152414,-1592.4563704223126,3267.3119870786595,78.8211965486682,-1533.3763461597857,3816.863385053882
patient_106,509.0,20.36,73.2969372283922,-25.219548224552923,2346.5621517295003,90.62634813737553,557.8735008962848,3270.9370410041547,46.378356413949156,-811.071003367976,3818.71851931044
patient_106,510.0,20.4,42.96324967203855,-758.3421889088411,2348.280681716382,33.26373248922919,-1434.0653912036585,3272.267590303724,57.011343303836014,265.82467224717146,3820.9989730425937
patient_106,511.0,20.44,49.888782968461776,173.13833241058063,2350.27623303512,51.043114412302174,444.4845480768246,3274.309314880216,64.58969638450695,189.4588270167734,3823.5825608979735
patient_106,512.0,20.48,19.86034835063716,-750.7108654456154,2351.070646969146,67.23088835537757,404.694348576885,3276.9985504144306,40.83272294680166,-593.9243359426323,3825.2158698158455
patient_106,513.0,20.52,36.19600236600909,408.3913503842982,2352.518487063786,43.09370061193839,-603.4296935859796,3278.722298438908,12.835540443677068,-699.9295625781148,3825.7292914335926
patient_106,514.0,20.56,36.46052772078155,6.613133869311483,2353.976908172617,7.641917263950317,-886.2945836997018,3279.027975129466,27.67729061764895,371.04375434929705,3826.8363830582985
patient_106,515.0,20.6,44.66292569422283,205.059949336032,2355.7634252003863,42.33592090394455,867.3500909998558,3280.7214119656237,9.365039372257622,-457.80628113478326,3827.210984633189
patient_106,516.0,20.64,54.36740088526183,242.61187977597504,2357.9381212357966,81.91556566572056,989.4911190444004,3283.9980345922527,50.92711874755664,1039.0519843824754,3829.248069383091
patient_106,517.0,20.68,17.662147117785047,-917.6313441869196,2358.644607120508,61.185319407249374,-518.2561564617797,3286.445447368543,57.83897627979798,172.79643830603356,3831.561628434283
patient_106,518.0,20.72,27.11980339389799,236.44140690282356,2359.729399256264,55.43421855211511,-143.77752137835654,3288.662816110627,28.180403224487367,-741.4643263827654,3832.6888445632626
patient_106,519.0,20.76,21.00230643995821,-152.93742384849446,2360.5694915138624,60.35436645911515,123.0036976750009,3291.0769907689914,48.33374498508837,503.83354401502515,3834.6221943626665
patient_106,520.0,20.8,120.83689561176253,2495.8647292951077,2365.402967338333,74.0629276844222,342.71403063267644,3294.0395078763686,38.12878830018133,-255.12391712267615,3836.1473458946734
patient_106,521.0,20.84,98.5641620447821,-556.8183391745108,2369.3455338201243,159.48295915381988,2135.500786734942,3300.4188262425214,63.5165669721855,634.6944668001044,3838.688008573561
patient_106,522.0,20.88,115.10899774357794,413.62089246989626,2373.949893729867,154.78962376600373,-117.33338469540371,3306.6104111931613,135.01331186548765,1787.4186223325537,3844.0885410481806
patient_106,523.0,20.92,62.10089764786511,-1325.2025023928209,2376.4339296357816,67.02788457242409,-2194.0434798394913,3309.2915265760585,95.11562083209259,-997.4422758348766,3847.8931658814645
patient_106,524.0,20.96,51.721016152101335,-259.4970373940944,2378.5027702818657,48.572787999967986,-461.3774143114025,3311.2344380960567,55.59780831856777,-987.9453128381205,3850.1170782142067
patient_106,525.0,21.0,65.69544268044757,349.36066320865586,2381.1305879890833,51.34875645276452,69.39921131991333,3313.288388354167,34.457736356901826,-528.5017990416486,3851.4953876684826
patient_106,526.0,21.04,35.87969347479132,-745.3937301414063,2382.565775728075,60.46698420661813,227.95569384634024,3315.707067722432,84.31162071897415,1246.3471090518083,3854.8678524972415
patient_106,527.0,21.08,23.334296670670778,-313.6349201030135,2383.499147594902,275.684068847545,5380.427116023172,3326.7344304763337,103.4764862503036,479.121638283236,3859.006911947254
patient_106,528.0,21.12,66.07274438141151,1068.4611927685182,2386.142057370158,224.2414201958248,-1286.0662162930055,3335.704087284167,148.5243522751619,1126.1966506214576,3864.94788603826
patient_106,529.0,21.16,64.86204548392409,-30.26747243718546,2388.736539189515,60.35248272423984,-4097.2234367896235,3338.1181865931367,77.10387877221913,-1785.5118375735692,3868.032041189149
patient_106,530.0,21.2,84.7268847225355,496.62098096528524,2392.1256145784164,85.63461230979024,632.05323963876,3341.543571085528,49.622594142736844,-687.0321157370572,3870.0169449548584
patient_106,531.0,21.24,34.888911723167055,-1245.9493249842112,2393.521171047343,32.49900056318733,-1328.3902936650727,3342.8435311080557,24.240884611321288,-634.5427382853889,3870.986580339312
patient_106,532.0,21.28,49.1722273961354,357.08289182420856,2395.4880601431887,62.279636646870586,744.5159020920814,3345.3347165739306,34.391142882518075,253.75645677991966,3872.3622260546126
patient_106,533.0,21.32,40.01178703057189,-229.01100913908775,2397.088531624411,23.466435893412175,-970.3300188364602,3346.273374009667,58.499816753636495,602.7168467779605,3874.702218724758
patient_106,534.0,21.36,118.91428852787138,1972.562537432487,2401.8451031655263,110.00245476935383,2163.4004718985416,3350.673472200441,116.38719251254201,1447.184393972638,3879.35770642526
patient_106,535.0,21.4,198.04487429666946,1978.264644219952,2409.766898137393,146.02598407030706,900.5882325238307,3356.5145115632536,128.5023564152203,302.8790975669573,3884.4978006818687
patient_106,536.0,21.44,263.7558115727125,1642.773431901076,2420.3171306003014,264.1864117596212,2954.010692232853,3367.0819680336385,186.23761168601507,1443.3813817698692,3891.947305149309
patient_106,537.0,21.48,312.7164450860974,1224.0158378346223,2432.8257884037453,281.85993681458,441.8381263739704,3378.3563655062217,246.15682050484037,1497.9802204706325,3901.7935779695026
patient_106,538.0,21.52,251.24615692190423,-1536.757204104829,2442.8756346806213,362.7908683763023,2023.2732890430568,3392.8680002412743,372.32051194610904,3154.092286031717,3916.686398447347
patient_106,539.0,21.56,139.48234616585162,-2794.095268901315,2448.4549285272556,262.1791680802471,-2515.292507401379,3403.355166964484,438.9143693779964,1664.8464357971848,3934.2429732224664
patient_106,540.0,21.6,122.30359955175662,-429.4686653523751,2453.3470725093257,267.60557780256335,135.66024305790592,3414.059390076586,348.7606596740098,-2253.842742599666,3948.1933996094267
patient_106,541.0,21.64,82.21048069430391,-1002.3279714363177,2456.6354917370977,194.96448871353326,-1816.0272272257523,3421.8579696251277,201.69451017380598,-3676.6537375050953,3956.261180016379
patient_106,542.0,21.68,19.241794771826857,-1574.2171480619263,2457.405163527971,204.64502248239134,242.0133442214521,3430.0437705244235,212.55629909983244,271.5447231506616,3964.7634319803724
patient_106,543.0,21.72,63.509551542157375,1106.6939192582631,2459.9455455896573,425.1733227913783,5513.2075077246745,3447.0507034360785,109.82742219450888,-2568.221922633089,3969.1565288681527
patient_106,544.0,21.76,92.26916171863759,718.9902544120054,2463.636312058403,178.76897913789156,-6160.108591337169,3454.2014626015944,246.47089501390025,3416.0868204847843,3979.0153646687086
patient_106,545.0,21.8,195.67097029955312,2585.0452145228883,2471.4631508703847,149.63877710297768,-728.2550508728469,3460.1870136857137,131.79240274831798,-2866.9623066395566,3984.2870607786417
patient_106,546.0,21.84,230.6908325160228,875.4965554117418,2480.690784171026,268.9453178615105,2982.6635189633203,3470.944826400174,404.429439363841,6815.925915388076,4000.4642383531955
patient_106,547.0,21.88,261.8603470411059,779.2378631270778,2491.16519805267,101.35782157169079,-4189.687407245492,3474.9991392630413,427.0788028173247,566.2340863370914,4017.5473904658884
patient_106,548.0,21.92,271.12776827536,231.68553085635182,2502.010308783684,329.43060854375136,5701.819674301514,3488.1763636047917,187.25750584598566,-5995.532424283476,4025.037690699728
patient_106,549.0,21.96,210.39603411781277,-1518.2933539386802,2510.4261501483966,92.35007331621733,-5927.0133806883505,3491.8703665374405,133.3455417047013,-1347.799103532109,4030.3715123679162
patient_106,550.0,22.0,135.80092020630562,-1864.877847787679,2515.8581869566488,114.64921262496821,557.478482718772,3496.456335042439,181.83794491102657,1212.3100801581315,4037.645030164357
patient_106,551.0,22.04,116.9763815036616,-470.6134675661005,2520.537242216795,134.0071159109343,483.94758214915186,3501.8166196788766,83.32674030254857,-2462.78011521195,4040.978099776459
patient_106,552.0,22.08,19.046970323876113,-2448.2352794946373,2521.2991210297505,78.94489092549293,-1376.555624636034,3504.974415315896,47.09906793763373,-905.6918091228712,4042.862062493965
patient_106,553.0,22.12,102.80877535350801,2094.0451257407976,2525.4114720438906,65.11068690301308,-345.8551005619963,3507.578842792017,107.5303259100239,1510.7814493097544,4047.163275530366
patient_106,554.0,22.16,230.97514339774798,3204.159201105999,2534.650477779801,235.97527116889555,4271.614606647061,3517.0178536387725,156.9565487924325,1235.6555720602148,4053.441537482063
patient_106,555.0,22.2,346.81049484973414,2895.883786299654,2548.52289757379,259.1719290287988,579.916446497581,3527.3847307999245,145.742331120649,-280.35544179458753,4059.271230726889
patient_106,556.0,22.24,361.13867738942514,358.204563492275,2562.9684446693673,307.32567328663833,1203.8436064459888,3539.67775773139,296.305881304121,3764.0887545868,4071.123465979054
patient_106,557.0,22.28,332.25225984519415,-722.1604386057749,2576.258535063175,370.24903340656573,1573.0840029981848,3554.487719067653,338.7556881050612,1061.2451700235056,4084.673693503256
patient_106,558.0,22.32,216.2838748157867,-2899.209625735186,2584.9098900558065,310.1086779595429,-1503.508886175571,3566.8920661860348,479.09343073385384,3508.4435657198155,4103.83743073261
patient_106,559.0,22.36,60.08485624588809,-3904.9754642474654,2587.313284305642,244.74438425531332,-1634.1073426057392,3576.6818415562475,304.3394614911177,-4368.849231068404,4116.011009192255
patient_106,560.0,22.4,52.0295860276691,-201.38175545547483,2589.3944677467484,259.7758626859081,375.78696076487006,3587.0728760636844,306.45405436134536,52.86482175569205,4128.269171366708
patient_106,561.0,22.44,102.06127694526553,1250.7922729399108,2593.476918824559,131.21001964151054,-3214.1460761099397,3592.321276849345,128.85242744467055,-4440.04067291687,4133.423268464495
patient_106,562.0,22.48,137.48208632761492,885.5202345587347,2598.9762022776636,411.16920535432223,6998.979642820293,3608.7680450635175,124.36951896329651,-112.07271203435099,4138.398049223028
patient_106,563.0,22.52,101.882168514358,-889.9979453314231,2603.051489018238,294.2672760985308,-2922.5482313947864,3620.538736107459,258.2557342624101,3347.15538247784,4148.728278593523
patient_106,564.0,22.56,200.52321717515838,2466.0262165200093,2611.0724177052443,314.9672003429686,517.4981061109463,3633.137424121178,262.8407399976662,114.62514338140295,4159.24190819343
patient_106,565.0,22.6,315.6058269563817,2877.0652445305827,2623.6966507834995,332.4135626270952,436.1590571031641,3646.4339666262617,322.8700371917644,1500.7324298524552,4172.156709681101
patient_106,566.0,22.64,298.5595411921747,-426.15714410517427,2635.639032431186,245.90272592943853,-2162.7709174414163,3656.2700756634395,309.49655872819426,-334.33696158925414,4184.536572030229
patient_106,567.0,22.68,340.383450069794,1045.5977219404815,2649.2543704339782,250.0341336644798,103.28519337603197,3666.2714410100184,231.80887024248062,-1942.1922121428408,4193.808926839928
patient_106,568.0,22.72,242.04987174639558,-2458.33945808496,2658.9363653038336,82.22188664503477,-4195.3061754861255,3669.5603164758195,234.40736067586107,64.9622608345112,4203.185221266963
patient_106,569.0,22.76,195.10104386203398,-1173.7206971090402,2666.7404070583148,226.38825393839673,3604.159182334049,3678.6158466333554,151.23277153582117,-2079.3647285009974,4209.234532128396
patient_106,570.0,22.8,93.07918252921687,-2550.546533320428,2670.463574359483,130.32825712582454,-2401.4999203143047,3683.8289769183884,79.96122648008028,-1781.7886263935222,4212.432981187599
patient_106,571.0,22.84,13.005506499034459,-2001.8419007545604,2670.9837946194443,76.49636800908652,-1345.7972279184503,3686.888831638752,99.34903218326164,484.6951425795339,4216.40694247493
patient_106,572.0,22.88,245.97648764412835,5824.2745286273475,2680.8228541252097,311.08190047959494,5864.63831176271,3699.332107657936,179.6448970543764,2007.3966217778689,4223.592738357104
patient_106,573.0,22.92,382.2408951673043,3406.6101880793985,2696.112489931902,372.86279200197566,1544.5222880595181,3714.246619338015,226.03119295588309,1159.657397537667,4232.63398607534
patient_106,574.0,22.96,467.7991518440954,2138.956416919777,2714.8244560056655,370.42689774686954,-60.89735637765301,3729.06369524789,344.8670159780643,2970.89557555453,4246.4286667144615
patient_106,575.0,23.0,457.47210650885233,-258.17613338107606,2733.12334026602,449.2960234137086,1971.7281416709766,3747.0355361844386,374.3475688533342,737.0138218817488,4261.402569468595
patient_106,576.0,23.04,355.9058654261031,-2539.1560270687305,2747.359574883064,426.10473436870956,-579.7822261249763,3764.079725559187,510.4519963138885,3402.610686513857,4281.820649321151
patient_106,577.0,23.08,131.03858756876733,-5621.681946433395,2752.6011183858145,159.583244734513,-6663.037240854914,3770.4630553485677,366.1386337641236,-3607.834063744123,4296.466194671716
patient_106,578.0,23.12,63.433866379380916,-1690.1180297346602,2755.1384730409895,344.2720424608235,4617.219943157763,3784.2339370470004,281.2036467024516,-2123.3746765418005,4307.714340539814
patient_106,579.0,23.16,88.72063751689765,632.1692784379185,2758.6872985416658,188.8831941297102,-3884.721208277833,3791.789264812189,312.5278858767256,783.10597935685,4320.215455974883
patient_106,580.0,23.2,126.20522875126349,937.1147808591459,2763.735507691716,160.3044039931411,-714.4697534142274,3798.2014409719145,119.28755822240738,-4831.008191357955,4324.986958303779
patient_106,581.0,23.24,147.18370157291278,524.4618205412323,2769.622855754633,318.6524237461261,3958.7004938246246,3810.9475379217597,352.9119139838201,5840.608894035318,4339.103434863132
patient_106,582.0,23.28,174.33934075080268,678.8909794472474,2776.5964293846646,570.9822423788224,6308.245465817408,3833.786827616913,314.8090089623366,-952.5726255370885,4351.695795221625
patient_106,583.0,23.32,381.33736687101754,5174.950653005371,2791.849924059505,300.2109925776807,-6769.281245028543,3845.79526732002,518.9430661477251,5103.351429634712,4372.453517867534
patient_106,584.0,23.36,388.607923441768,181.76391426876108,2807.394240997176,417.4581168055315,2931.17810569627,3862.493591992241,501.33001389525907,-440.3263063116498,4392.506718423345
patient_106,585.0,23.4,403.4798022266846,371.79696962291615,2823.5334330862433,365.8644507396876,-1289.8416516460984,3877.1281700218283,625.4975367652117,3104.188071748817,4417.5266198939535
patient_106,586.0,23.44,398.4656749442092,-125.35318206188606,2839.472060084012,256.1292434283678,-2743.3801827829952,3887.373339758963,339.51374478101474,-7149.594799604925,4431.107169685194
patient_106,587.0,23.48,389.7436467338482,-218.05070525902437,2855.0618059533654,572.7870982538863,7916.446370637962,3910.2848236891186,326.2637656629396,-331.24947795187865,4444.157720311711
patient_106,588.0,23.52,344.76238266500525,-1124.531601721074,2868.8523012599658,648.8989210438286,1902.7955697485595,3936.2407805308717,153.6162661538587,-4316.187487727022,4450.302370957866
patient_106,589.0,23.56,158.4357209920652,-4658.166541823502,2875.1897300996484,68.96816753123116,-14498.268837814936,3938.999507232121,128.3309592989663,-632.1326713723103,4455.435609329824
patient_106,590.0,23.6,48.29925379422344,-2753.4116799460444,2877.121700251417,221.27983487722864,3807.791683649937,3947.8507006272102,64.66450173173209,-1591.661439180855,4458.022189399094
patient_106,591.0,23.64,52.56086557261806,106.54029445986559,2879.2241348743223,56.29787511002736,-4124.5489941800315,3950.1026156316116,34.975515960667195,-742.2246442766223,4459.421210037521
patient_106,592.0,23.68,134.82197892080865,2056.5278337047644,2884.6170140311547,100.21780066170365,1097.9981387919072,3954.1113276580795,155.12230232510072,3003.669659110838,4465.6261021305245
patient_106,593.0,23.72,281.52084805100077,3667.471728254803,2895.8778479531948,303.8522706302205,5090.8617492129215,3966.265418483288,177.86367309669455,568.534269289846,4472.740649054393
patient_106,594.0,23.76,384.8831584545001,2584.057760087484,2911.2731742913747,367.8162012197159,1599.098264737384,3980.978066532077,159.78365984258863,-452.000331352648,4479.131995448097
patient_106,595.0,23.8,497.0346779717131,2803.7879879303246,2931.154561410243,413.7350287301606,1147.970687761118,3997.5274676812837,358.84470365321846,4976.526095265745,4493.485783594225
patient_106,596.0,23.84,618.2142659635954,3029.489699797057,2955.883132048787,514.0839579450629,2508.7232303725586,4018.0908259990865,457.4418601947409,2464.9289135380614,4511.783458002014
patient_106,597.0,23.88,542.9572194846207,-1881.426161974366,2977.601420828172,527.2729500851416,329.72480350196633,4039.181744002492,600.474410286716,3575.8137522993766,4535.802434413483
patient_106,598.0,23.92,480.71195458409903,-1556.1316225130427,2996.829899011536,551.9616629834151,617.217822456837,4061.260210521829,594.4795097052861,-149.87251453574686,4559.581614801695
patient_106,599.0,23.96,278.49611012141366,-5055.3961115671345,3007.9697434163927,384.0382262174547,-4198.08591914901,4076.621739570527,337.1752028686256,-6432.607670916512,4573.068622916439
patient_106,600.0,24.0,176.50819009996718,-2549.698000536162,3015.030071020391,271.63749251561427,-2810.01834254601,4087.4872392711513,371.8131309140855,865.9482011364971,4587.941148153003
patient_106,601.0,24.04,116.63050566896297,-1496.9421107751052,3019.6952912471497,431.82635881136827,4004.72165739385,4104.760293623606,377.7875100703662,149.35947890701726,4603.052648555818
patient_106,602.0,24.08,166.29810999339932,1241.6901081109088,3026.3472156468856,424.2114524379244,-190.37265933609717,4121.728751721123,177.18189800698786,-5015.140301584458,4610.139924476098
patient_106,603.0,24.12,204.4650744004576,954.1741101764571,3034.525818622904,377.64932037419686,-1164.0533015931878,4136.834724536091,110.8416253287457,-1658.5068169560539,4614.573589489248
patient_106,604.0,24.16,186.8453011334114,-440.4943316761553,3041.99963066824,179.38271663580554,-4956.665093459783,4144.010033201524,196.89413507380993,2151.312743626606,4622.4493548922
patient_106,605.0,24.2,251.9387039839346,1627.3350712630802,3052.0771788275974,408.35683976504635,5724.35307823102,4160.344306792125,440.63683788928773,6093.567570386945,4640.074828407772
patient_106,606.0,24.24,358.04629386986744,2652.6897471483207,3066.399030582392,501.93896622349286,2339.5531614611627,4180.421865441065,532.8041969097849,2304.183975512429,4661.386996284164
patient_106,607.0,24.28,371.80301440970675,343.9180134959827,3081.2711511587804,541.0893231286773,978.7589226296107,4202.065438366212,465.585410835599,-1680.4696518546464,4680.010412717587
patient_106,608.0,24.32,380.97490122010896,229.29717026005534,3096.510147207585,401.2576102127153,-3495.7928228990495,4218.115742774721,481.3186169933427,393.33015394359165,4699.263157397321
patient_106,609.0,24.36,320.57668835717635,-1509.9553215733154,3109.333214741872,246.36068818673186,-3872.4230506495855,4227.97017030219,201.244889044583,-7001.843198718992,4707.312952959104
patient_106,610.0,24.4,50.32622892922241,-6756.261485698849,3111.3462638990404,3.3582470246372385,-6075.0610290523655,4228.104500183175,57.43869106243834,-3595.154949553617,4709.610500601602
patient_106,611.0,24.44,464.58066995978254,10356.361025764003,3129.9294906974324,637.5452652933466,15854.675456717734,4253.606310794909,479.30591275756876,10546.68054237826,4728.782737111905
patient_106,612.0,24.48,188.69949570219663,-6897.029356439649,3137.47747052552,168.55738595240987,-11724.696983523418,4260.348606233006,105.43885385153463,-9346.676472650854,4733.000291265967
patient_106,613.0,24.52,122.71239193837323,-1649.677594095585,3142.385966203055,205.96894032235122,935.2888592485335,4268.5873638459,196.5192374913342,2277.009590994989,4740.861060765619
patient_106,614.0,24.56,153.61087970315162,772.4621941194598,3148.530401391181,86.38208193774841,-2989.67145961507,4272.04264712341,85.94620454544096,-2764.3258236473307,4744.298908947438
patient_106,615.0,24.6,123.53265280320014,-751.9556724987872,3153.471707503309,17.66021173030645,-1718.0467551860488,4272.749055592622,85.64545687845035,-7.518691674765421,4747.724727222576
patient_106,616.0,24.64,50.193810633664334,-1833.4710542383953,3155.4794599286556,48.82719531977607,779.1745897367404,4274.702143405413,77.52644941776911,-202.9751865170308,4750.825785199286
patient_106,617.0,24.68,140.6387158043374,2261.122629266827,3161.105008560829,123.36976569816468,1863.5642594597155,4279.6369340333395,216.54684191581876,3475.5098124512415,4759.487658875919
patient_106,618.0,24.72,368.79013098962474,5703.785379632183,3175.856613800414,165.7909378688561,1060.5293042672856,4286.268571548094,264.9190687394877,1209.3056705917243,4770.084421625498
patient_106,619.0,24.76,533.6655473992786,4121.885410241346,3197.2032356963846,454.71458364668877,7223.091144445817,4304.457154893961,299.0126825728265,852.3403458334699,4782.0449289284115
patient_106,620.0,24.8,62.10413644239645,-11789.035273922053,3199.687401154081,34.85530727405349,-10496.481909315882,4305.851367184923,34.99533549569922,-6600.433676928182,4783.444742348239
patient_106,621.0,24.84,455.703175536602,9839.975977355138,3217.915528175545,382.95696834043014,8702.541526659417,4321.1696459185405,353.15041379981653,7953.876957602933,4797.570758900231
patient_106,622.0,24.88,428.18501668369555,-687.9539713226607,3235.0429288428927,550.2423723581481,4182.13510044295,4343.179340812866,609.108405271407,6398.949786789763,4821.935095111088
patient_106,623.0,24.92,672.4923934542908,6107.6844192648805,3261.9426245810646,960.451758707418,10255.234658731746,4381.597411161163,930.8147234517418,8042.657954508369,4859.167684049157
patient_106,624.0,24.96,165.21690865628977,-12681.887119950024,3268.5513009273163,329.72260669339715,-15768.228800350522,4394.786315428899,311.2151162423302,-15489.990180235287,4871.61628869885
patient_106,625.0,25.0,114.99597367450612,-1255.5233745445914,3273.1511398742964,87.02944471394865,-6067.329049486213,4398.267493217457,53.41877895495038,-6444.908432184497,4873.753039857049
patient_106,626.0,25.04,65.94032001460691,-1226.3913414974802,3275.7887526748805,92.32482046203033,132.38439370204205,4401.960486035938,106.39228134809409,1324.3375598285927,4878.008731110972
patient_106,627.0,25.08,153.74122448962282,2195.0226118753976,3281.938401654466,87.93061658028722,-109.85509704357774,4405.47771069915,223.00704866993587,2915.369183046045,4886.929013057769
patient_106,628.0,25.12,274.6600456316674,3022.9705285511145,3292.9248034797324,493.57101171003234,10141.009878243627,4425.220551167551,415.0689035222443,4801.546371307711,4903.531769198659
patient_106,629.0,25.16,379.88541579290876,2630.634254031034,3308.1202201114484,533.2654308546495,992.3604786154285,4446.5511684017365,525.8126913256297,2768.594695084634,4924.564276851685
patient_106,630.0,25.2,343.1087584825907,-919.4164327579515,3321.844570450752,508.55706886829284,-617.7090496589159,4466.8934511564685,470.1021198350933,-1392.7642872634096,4943.368361645088
patient_106,631.0,25.24,76.44507223177689,-6666.592156270346,3324.9023733400227,5.82947172765396,-12568.18992851597,4467.126630025575,21.411089020044244,-11217.275770376225,4944.224805205889
patient_106,632.0,25.28,335.60976312343007,6479.117272291331,3338.32676386496,419.7168082000556,10347.18341181004,4483.915302353577,253.71571074758918,5807.615543188624,4954.373433635794
patient_106,633.0,25.32,250.85335421721734,-2118.910222655318,3348.360898033649,303.0116548287355,-2917.628834283002,4496.035768546726,176.24474860006478,-1936.7740536881101,4961.423223579796
patient_106,634.0,25.36,226.2818739581565,-614.2870064765212,3357.4121729919752,282.1762036489779,-520.8862794939407,4507.322816692686,167.30847626797214,-223.40680830231605,4968.115562630515
patient_106,635.0,25.4,140.676341740223,-2140.1383054483376,3363.039226661584,98.075372148061,-4602.520787522922,4511.245831578608,40.32983354437194,-3174.466068090005,4969.72875597229
patient_106,636.0,25.44,116.73814142198192,-598.4550079560269,3367.7087523184637,125.60644988780743,688.2769434936606,4516.27008957412,142.98004414852355,2566.2552651037904,4975.447957738231
patient_106,637.0,25.48,200.95069814079505,2105.3139179703285,3375.746780244095,210.94704732590768,2133.514935952506,4524.707971467157,114.52677929128403,-711.331621430988,4980.029028909882
patient_106,638.0,25.52,431.7485134336236,5769.945382320713,3393.0167207814397,405.46744907164356,4863.010043643397,4540.926669430022,194.96316566047017,2010.9096592296535,4987.827555536302
patient_106,639.0,25.56,485.3104913060468,1339.0494468105799,3412.429140433682,386.5012374385107,-474.1552908283211,4556.386718927563,305.7649444527604,2770.044469807256,5000.058153314411
patient_106,640.0,25.6,470.46163195823897,-371.2214836951958,3431.2476057120116,552.4397416510799,4148.462605314229,4578.484308593606,384.7998280822515,1975.8720907372776,5015.450146437702
patient_106,641.0,25.64,39.80477736415364,-10766.421364852133,3432.839796806578,27.98164776504317,-13111.452347150918,4579.603574504208,59.56621818527471,-8130.84024742442,5017.832795165113
patient_106,642.0,25.68,417.4029784989286,9439.955028369373,3449.535915946535,550.0885760428296,13052.67320694466,4601.607117545921,527.4928129397902,11698.164868862887,5038.932507682704
patient_106,643.0,25.72,391.64040006668336,-644.0644608061305,3465.201531949202,553.5861604898333,87.439611175094,4623.750563965515,592.9323958422052,1635.9895725603765,5062.649803516392
patient_106,644.0,25.76,285.9181297424094,-2643.056758106849,3476.6382571388986,558.3310123849118,118.62129737696137,4646.083804460911,529.1713105238628,-1594.0271329585612,5083.816655937347
patient_106,645.0,25.8,222.9963018727961,-1573.0456967403327,3485.5581092138104,402.79946192175026,-3888.2887615790382,4662.195782937782,501.3035994496076,-696.6927768563792,5103.868799915331
patient_106,646.0,25.84,131.10457320012603,-2297.2932168167517,3490.8022921418155,91.53746965282679,-7781.5498067230865,4665.857281723895,89.9185396475873,-10284.626495050506,5107.465541501234
patient_106,647.0,25.88,306.9188490384873,4395.356895959031,3503.079046103355,329.27819758309334,5943.518198256664,4679.028409627218,442.07792169758665,8803.984551249983,5125.148658369138
patient_106,648.0,25.92,268.5078820327018,-960.2741751446374,3513.819361384663,386.96510353413214,1442.17264877597,4694.507013768583,260.9848987700816,-4527.325573187626,5135.588054319941
patient_106,649.0,25.96,338.49716910793586,1749.732176880852,3527.3592481489804,377.12834822028464,-245.9188828461876,4709.5921476973945,533.3326710380213,6808.694306698493,5156.921361161461
patient_106,650.0,26.0,454.9708535733295,2911.8421116348413,3545.5580822919133,586.1975164378962,5226.729205440289,4733.040048354911,498.08233272575603,-881.2584578066321,5176.844654470492
patient_106,651.0,26.04,428.8123543293597,-653.962481099245,3562.710576465088,652.5678444936536,1659.2582013939364,4759.142762134657,525.4592814821413,684.4237189096305,5197.863025729777
patient_106,652.0,26.08,45.90003013137764,-9572.808104949552,3564.546577670343,107.82496691315315,-13618.571939512512,4763.455760811183,49.39728063212386,-11901.550021250436,5199.838916955062
patient_106,653.0,26.12,399.90124873193406,8850.03046501391,3580.5426276196204,583.494653001711,11891.742152213945,4786.795546931251,477.8004729377262,10710.079807640059,5218.950935872572
patient_106,654.0,26.16,373.06547810981795,-670.8942655529029,3595.465246744013,354.884575519081,-5715.251937065748,4800.990929952014,272.3111608875627,-5137.2328012540875,5229.843382308074
patient_106,655.0,26.2,345.95149280391513,-677.8496326475704,3609.303306456169,398.94965426649156,1101.6269686852638,4816.948916122674,207.45117709937273,-1621.4995947047498,5238.141429392049
patient_106,656.0,26.24,245.22564264572594,-2518.1462539547297,3619.1123321619984,147.4126551338282,-6288.424978316584,4822.845422328027,124.20238312601641,-2081.219849333908,5243.10952471709
patient_106,657.0,26.28,161.738568772263,-2087.1768468365735,3625.581874912889,28.78999284161675,-2965.566557305286,4823.997022041691,117.5540176918855,-166.20913585327273,5247.811685424765
patient_106,658.0,26.32,98.63574710264213,-1577.5705417405215,3629.5273047969945,75.88452592999292,1177.3633272094041,4827.032403078892,23.126784706781976,-2360.680824627588,5248.736756813036
patient_106,659.0,26.36,100.02077385664596,34.62566885009579,3633.52813575126,87.48951602080821,290.1247522703823,4830.531983719724,220.3157648556573,4929.724503721883,5257.549387407262
patient_106,660.0,26.4,189.18016014644155,2228.9846572448896,3641.0953421571176,156.66389472600608,1729.3594676299467,4836.7985395087635,185.11110655426054,-880.116457534919,5264.9538316694325
patient_106,661.0,26.44,353.76606354488496,4114.647584961085,3655.245984698913,192.4616912092174,894.9449120802832,4844.497007157132,203.8890984210329,469.4497966693092,5273.109395606273
patient_106,662.0,26.48,33.292293395693314,-8011.844253729791,3656.5776764347406,101.96124650982115,-2262.511117484906,4848.575457017525,89.81162544425328,-2851.9368244194907,5276.701860624043
patient_106,663.0,26.52,402.71447562743094,9235.55455579344,3672.686255459838,453.37714596033084,8785.397486262742,4866.710542855939,262.05553936496847,4306.09784801788,5287.184082198642
patient_106,664.0,26.56,439.7387059934953,925.6057591516083,3690.275803699578,512.2170363888087,1470.9972607119453,4887.199224311491,472.09501181072466,5250.986811143905,5306.06788267107
patient_106,665.0,26.6,401.6845814142886,-951.3531144801675,3706.343186956149,627.4782036942328,2881.5291826356033,4912.29835245926,587.3726435450684,2881.9407933585935,5329.562788412873
patient_106,666.0,26.64,385.9393602503572,-393.6305290982844,3721.7807613661635,553.1760566970214,-1857.5536749302842,4934.425394727141,696.3019193837431,2723.2318959668673,5357.414865188222
patient_106,667.0,26.68,341.78986110962717,-1103.7374785182508,3735.452355810549,498.17880891081916,-1374.9311946550563,4954.352547083574,472.2985926683954,-5600.083167883693,5376.3068088949585
patient_106,668.0,26.72,222.2403506915715,-2988.7377604513913,3744.3419698382118,382.5586298743357,-2890.504475912087,4969.654892278547,376.4306584612522,-2396.698355178579,5391.36403523341
patient_106,669.0,26.76,109.78263992108614,-2811.442769262134,3748.7332754350555,380.8532103764297,-42.63548744765018,4984.889020693604,348.54902917409703,-697.0407321788798,5405.305996400373
patient_106,670.0,26.8,77.98401110723754,-794.9657203462152,3751.8526358793447,40.42255399308558,-8510.766409583603,4986.505922853328,193.6423991286819,-3872.6657511353787,5413.05169236552
patient_106,671.0,26.84,294.5403761789981,5413.909126794014,3763.6342509265046,786.4016259168318,18649.476798093656,5017.961987890001,403.51088170894883,5246.712064506673,5429.192127633877
patient_106,672.0,26.88,256.1669551677652,-959.3355252808224,3773.880929133215,441.2416544817382,-8628.99928587734,5035.611654069271,451.15976957307475,1191.2221966031482,5447.2385184168
patient_106,673.0,26.92,53.255963818259794,-5072.774783737635,3776.0111676859456,34.371326690814065,-10171.758194773103,5036.986507136903,51.40565814590383,-9993.852785679273,5449.294744742636
patient_106,674.0,26.96,321.4464980256628,6704.763355185075,3788.869027606972,296.4073169391784,6550.899756209108,5048.842799814471,501.72655845604874,11258.022507753623,5469.363807080878
patient_106,675.0,27.0,349.0712229300612,690.6181226099604,3802.831876524174,280.78848924371846,-390.47069238649783,5060.074339384219,427.53255210040567,-1854.8501588910767,5486.465109164894
patient_106,676.0,27.04,405.95805183087924,1422.1707225204511,3819.070198597409,333.72979791807364,1323.5327168588797,5073.423531300942,423.24758503254196,-107.1241766965926,5503.395012566196
patient_106,677.0,27.08,387.1446107784761,-470.3360263100791,3834.555983028548,490.77906622729256,3926.231707730473,5093.054693950034,315.5930921698401,-2691.362321567547,5516.01873625299
patient_106,678.0,27.12,317.667990838956,-1736.9154984880026,3847.262702662106,169.1293642428643,-8041.242549610706,5099.819868519748,253.58003557329678,-1550.3264149135823,5526.161937675922
patient_106,679.0,27.16,315.7077252089815,-49.00664074936145,3859.891011670465,340.12123526626505,4274.796775585019,5113.424717930398,298.7781555613735,1129.9529997019185,5538.113063898377
patient_106,680.0,27.2,219.94103541748163,-2394.167244787497,3868.6886530871643,204.60996260681037,-3387.781816486367,5121.609116434672,107.463347420545,-4782.870203520713,5542.411597795198
patient_106,681.0,27.24,153.54771350593037,-1659.8330477887814,3874.8305616274015,112.64157785002276,-2299.2096189196905,5126.114779548672,52.800537750589775,-1366.5702417488808,5544.5236193052215
patient_106,682.0,27.28,33.24648345500231,-3007.5307512732015,3876.1604209656016,80.27144232746758,-809.2533880638794,5129.325637241771,200.56079487553092,3694.0064281235286,5552.546051100242
patient_106,683.0,27.32,143.90941450893428,2766.5732763482993,3881.916797545959,162.21216696097554,2048.518115837699,5135.8141239202105,128.69180252624992,-1796.724808732025,5557.6937232012915
patient_106,684.0,27.36,330.6572619422744,4668.696185833503,3895.1430880236503,362.6229081745128,5010.268530338432,5150.319040247191,249.6251979763052,3023.334886251382,5567.678731120344
patient_106,685.0,27.4,454.1695331178488,3087.8067793893606,3913.3098693483644,129.2169287519651,-5835.149485563693,5155.487717397269,228.10807984060736,-537.927953392446,5576.8030543139685
patient_106,686.0,27.44,461.9036755846995,193.35356167126747,3931.7860163717523,608.3342728416511,11977.93360224215,5179.821088310935,414.04419753277773,4648.402942304259,5593.36482221528
patient_106,687.0,27.48,444.8554854133251,-426.2047542843604,3949.5802357882853,525.9002413279813,-2060.850787841744,5200.857097964054,530.903153051854,2921.4738879769075,5614.600948337354
patient_106,688.0,27.52,373.75489457139014,-1777.5147710483736,3964.5304315711414,600.6070515100298,1867.6702545512114,5224.881380024456,652.3189143553037,3035.3940325862422,5640.693704911566
patient_106,689.0,27.56,347.0177511295858,-668.4285860451084,3978.411141616325,520.7580188363235,-1996.2258168426588,5245.711700777909,666.9060853380213,364.67927456793916,5667.369948325086
patient_106,690.0,27.6,222.0118007639156,-3125.148759141755,3987.291613646881,471.70039273492574,-1226.440652534943,5264.579716487306,444.05545328884705,-5571.265801229356,5685.132166456639
patient_106,691.0,27.64,149.1322170170384,-1821.9895936719297,3993.256902327563,483.8261636767399,303.1442735453538,5283.932763034375,360.72091340141253,-2083.363497185863,5699.561002992697
patient_106,692.0,27.68,79.54643630196628,-1739.6445178768033,3996.4387597796413,143.67373596624006,-8503.810692762496,5289.679712473025,99.28594369266314,-6535.874242718735,5703.532440740403
patient_106,693.0,27.72,59.709771850095414,-495.9166112967717,3998.827150653645,141.90074532884105,-44.32476593497512,5295.355742286179,237.7353393873357,3461.2348923668137,5713.041854315898
patient_106,694.0,27.76,104.39745757045324,1117.1921430089458,4003.003048956463,341.61463348472785,4992.8472038971695,5309.020327625567,279.9700400009813,1055.8675153411407,5724.240655915936
patient_106,695.0,27.8,272.16103597020674,4194.089459993837,4013.889490395271,597.9299774393835,6407.883598866391,5332.937526723142,454.3182606412077,4358.705516005659,5742.413386341585
patient_106,696.0,27.84,321.44441471648713,1232.08446865701,4026.747266983931,345.84035826980625,-6302.240479239431,5346.771141053934,504.7359683697866,1260.442693214472,5762.602825076377
patient_106,697.0,27.88,434.0499912714763,2815.139413874729,4044.1092666347895,325.9680640565828,-496.80735533058566,5359.809863616198,383.15422053316405,-3039.543695915563,5777.928993897703
patient_106,698.0,27.92,462.9450714473883,722.3770043977993,4062.627069492685,754.5843202115979,10715.406403875377,5389.993236424662,655.42497230509,6806.768794298149,5804.145992789907
patient_106,699.0,27.96,444.58101730606035,-459.10135353319816,4080.4103101849278,269.6631125689318,-12123.030191066651,5400.779760927419,411.38652261456997,-6100.961242263002,5820.6014536944895
patient_106,700.0,28.0,340.2136915686934,-2609.1831434341743,4094.0188578476755,360.16731475434494,2262.6050546353285,5415.186453517593,300.0582761246199,-2783.2061622487518,5832.603784739474
patient_106,701.0,28.04,276.52445218629384,-1592.2309845599884,4105.079835935127,307.6287543459529,-1313.4640102098003,5427.491603691431,134.87497438283393,-4129.5825435446495,5837.998783714787
patient_106,702.0,28.08,191.1116015453617,-2135.3212660233035,4112.724299996942,104.94843550613339,-5067.007970995488,5431.689541111677,8.959032853492987,-3147.8985382335236,5838.357145028927
patient_106,703.0,28.12,84.82608580767977,-2657.137893442048,4116.117343429249,24.057077417590644,-2022.2839522135687,5432.65182420838,134.66310278298138,3142.60174823721,5843.743669140245
patient_106,704.0,28.16,107.29963500225044,561.8387298642666,4120.409328829339,164.6473053162646,3514.755697466849,5439.237716421031,60.31229048332915,-1858.7703074913059,5846.156160759579
patient_106,705.0,28.2,286.5233212969647,4480.592157367856,4131.870261681217,260.4716651839619,2395.608996692432,5449.656583028389,34.574179810960175,-643.4527668092244,5847.539127952017
patient_106,706.0,28.24,399.97275731458205,2836.235900440434,4147.869171973801,369.7117544068295,2731.002230571691,5464.445053204662,106.91516278801606,1808.524574426397,5851.815734463537
patient_106,707.0,28.28,558.3905267568762,3960.444236057353,4170.204793044076,220.76404926656943,-3723.6926285065024,5473.275615175326,457.4744686883657,8763.982647508741,5870.114713211073
patient_106,708.0,28.32,597.52222301937,978.2924065623462,4194.10568196485,857.8622345724634,15927.454632647352,5507.590104558225,487.1256364948361,741.2791951617606,5889.599738670866
patient_106,709.0,28.36,524.5283671738969,-1824.8463961368288,4215.086816651807,546.4643813531501,-7784.946330482833,5529.448679812351,629.4618130852101,3558.4044147593504,5914.778211194274
patient_106,710.0,28.4,405.71790060062887,-2970.2616643317,4231.3155326758315,458.65287057433494,-2195.287769470379,5547.794794635323,585.7903434869987,-1091.7867399552847,5938.209824933754
patient_106,711.0,28.44,295.0257008349556,-2767.3049941418312,4243.11656070923,549.6906900126725,2275.945485958438,5569.78242223583,481.4353476660535,-2608.874895523631,5957.467238840397
patient_106,712.0,28.48,168.13494016598352,-3172.269016724302,4249.841958315869,396.0809216027458,-3840.2442102481673,5585.625659099941,380.9987568497989,-2510.9147704063644,5972.707189114389
patient_106,713.0,28.52,100.91752443209351,-1680.4353933472503,4253.878659293154,259.0616952361206,-3425.480659165629,5595.988126909386,193.8967222669716,-4677.550864570682,5980.463058005067
patient_106,714.0,28.56,145.68027639259557,1119.0687990125514,4259.705870348857,172.24357800654798,-2170.452930739316,5602.877870029648,69.76943585388771,-3103.1821603270973,5983.253835439224
patient_106,715.0,28.6,332.8093786164523,4678.227555596418,4273.018245493516,420.9914999556096,6218.69804872654,5619.717530027872,128.72581629075458,1473.9095109216717,5988.402868090854
patient_106,716.0,28.64,641.2883617317304,7711.974577881953,4298.669779962785,528.0927985330793,2677.532464436743,5640.841241969196,511.4229077676695,9567.427286922873,6008.859784401561
patient_106,717.0,28.68,829.5290880854269,4706.018158842411,4331.850943486202,926.6313286272531,9963.463252354344,5677.906495114286,997.1747109827793,12143.795080377744,6048.746772840872
patient_106,720.0,28.8,,,4331.850943486202,,,5677.906495114286,,,6048.746772840872
patient_106,721.0,28.84,287.64461753351645,,4343.356728187542,3344.3624829231185,,5811.680994431211,1888.246070759583,,6124.276615671255
patient_106,722.0,28.88,195.5515757954828,-2302.3260434508416,4351.178791219361,446.2044013133132,-72453.95204024513,5829.529170483745,91.74511587429413,-44912.523872132224,6127.946420306227
patient_106,725.0,29.0,,,4351.178791219361,,,5829.529170483745,,,6127.946420306227
patient_106,726.0,29.04,387.5450021841516,,4366.680591306727,713.1762219730654,,5858.0562193626665,400.32793313750483,,6143.9595376317275
patient_106,727.0,29.08,403.05153864836444,387.6634116053211,4382.8026528526625,778.0704554794537,1622.3558376597084,5889.1790375818455,444.5729758727019,1106.1260683799262,6161.742456666635
