patient,frame,time_s,wrist_speed_mm_s,wrist_accel_mm_s2,wrist_path_mm,thumb_tip_speed_mm_s,thumb_tip_accel_mm_s2,thumb_tip_path_mm,index_finger_tip_speed_mm_s,index_finger_tip_accel_mm_s2,index_finger_tip_path_mm
patient_126,0.0,0.0,,,0.0,,,0.0,,,0.0
patient_126,1.0,0.04,98.05130721235174,,3.92205228849407,20.218949634663645,,0.8087579853865458,30.89690457264012,,1.2358761829056049
patient_126,2.0,0.08,98.24751479698712,4.905189615884353,7.851952880373554,113.72534900243195,2337.659984194208,5.357771945483823,57.969037081995154,676.8033127338758,3.5546376661854113
patient_126,3.0,0.12,84.25925160886214,-349.70657970312436,11.22232294472804,54.0162938193572,-1492.7263795768688,7.518423698258111,14.749825567814984,-1080.4802878545042,4.14463068889801
patient_126,4.0,0.16,17.650719483225853,-1665.213303140907,11.928351724057073,44.10320484258649,-247.82722441926774,9.282551891961571,22.72932419816078,199.48746575864487,5.053803656824441
patient_126,5.0,0.2,19.22448870041713,39.34423042978192,12.697331272073757,7.48925841089876,-915.3486607921934,9.582122228397521,15.204859333197344,-188.11162162408584,5.661998030152335
patient_126,6.0,0.24,28.995112980703944,244.26560700717036,13.857135791301914,34.26737564700134,669.4529309025644,10.952817254277575,45.605924109421146,760.026619405595,7.486234994529181
patient_126,7.0,0.28,17.73777309920827,-281.4334970373919,14.566646715270245,19.353423221653248,-372.8488106337022,11.726954183143706,32.181956850118354,-335.5991814825698,8.773513268533916
patient_126,8.0,0.32,26.044494232465354,207.66802833142714,15.60842648456886,13.725061878243555,-140.70903358524234,12.275956658273447,14.26492321829462,-447.9258407955934,9.344110197265701
patient_126,9.0,0.36,11.823855942949283,-355.5159572379018,16.08138072228683,3.0156581474956297,-267.7350932686981,12.396582984173271,19.01637707318136,118.78634637216851,10.104765280192956
patient_126,10.0,0.4,18.631074667481,170.18046811329287,16.826623708986073,58.02812003435389,1375.3115471714566,14.717707785547427,45.54146085915741,663.1270946494012,11.92642371455925
patient_126,11.0,0.44,10.843096487318249,-194.69945450406874,17.2603475684788,25.26296671448235,-819.1288329967886,15.72822645412672,23.937753054037636,-540.0926951279944,12.883933836720756
patient_126,12.0,0.48,34.01568819902052,579.3147927925569,18.620975096439622,18.18004285934811,-177.073096378356,16.455428168500646,51.18112791137574,681.0843714334526,14.931178953175786
patient_126,13.0,0.52,32.26513178376775,-43.76391038131935,19.911580367790332,15.149470591191704,-75.76430670391012,17.061406992148314,13.65982405397382,-938.0325964350479,15.477571915334739
patient_126,14.0,0.56,0.8996194622614383,-784.1378080376578,19.94756514628079,15.077664328256711,-1.7951565733748343,17.664513565278583,18.769890754459357,127.75166751213844,16.228367545513112
patient_126,15.0,0.6,24.45393959187719,588.8580032403938,20.92572272995588,13.568950717577492,-37.71784026698049,18.20727159398168,6.925102573038073,-296.1197045355321,16.505371648434636
patient_126,16.0,0.64,33.0685311913063,215.3647899857277,22.24846397760813,17.372166934795622,95.08040543045327,18.90215827137351,6.781588678186954,-3.5878473712779746,16.776635195562115
patient_126,17.0,0.68,19.74984349446873,-332.96719242093917,23.038457717386876,39.925014624650544,563.821192246373,20.49915885635953,13.317929384536663,163.40851765874274,17.309352370943582
patient_126,18.0,0.72,7.4795287570468485,-306.75786843554704,23.33763886766875,6.553330042999105,-834.2921145412859,20.76129205807949,11.695309526545632,-40.565496449775786,17.777164752005408
patient_126,19.0,0.76,41.756185486739724,856.9164182423218,25.00788628713834,20.641403364550143,352.201833038776,21.586948192661495,12.742730413180798,26.18552216587915,18.286873968532642
patient_126,20.0,0.8,66.17834377516476,610.553957210626,27.65502003814493,35.499527039755776,371.45309188014085,23.006929274251725,14.671182162694306,48.2112937378377,18.873721255040415
patient_126,21.0,0.84,19.045456826620253,-1178.3221737136128,28.41683831120974,60.795608303901616,632.402031603646,25.43875360640779,23.29532922460428,215.60367654774936,19.805534424024586
patient_126,22.0,0.88,11.398746475507242,-191.16775877782527,28.872788170230027,19.109784493281758,-1042.1455952654965,26.20314498613906,25.606543759517947,57.78036337284167,20.829796174405306
patient_126,23.0,0.92,19.692698287371936,207.34879529661737,29.660496101724906,19.176625484604365,1.671024783065178,26.970210005523235,34.60726081218269,225.0179263166185,22.214086606892614
patient_126,24.0,0.96,33.72388106202289,350.77956936627385,31.00945134420582,16.721460199135937,-61.37913213671071,27.639068413488673,24.44336280232646,-254.09745024640563,23.191821118985672
patient_126,25.0,1.0,34.400421175563345,16.913502838511363,32.385468191228355,14.408455187782039,-57.82512528384744,28.215406620999953,17.365863627491283,-176.93747937087946,23.886455664085325
patient_126,26.0,1.04,28.9016069170326,-137.47035646326867,33.54153246790966,32.188630451720954,444.5043815984729,29.502951839068793,14.471736257606842,-72.35318424711102,24.465325114389596
patient_126,27.0,1.08,19.57761939408756,-233.09968807362597,34.324637243673166,43.784507999069774,289.8969386837205,31.254332159031584,17.667973250372555,79.9059248191428,25.1720440444045
patient_126,28.0,1.12,11.251744680847796,-208.14686783099407,34.774707030907074,25.087717572695684,-467.4197606593522,32.257840861939414,16.722754550035592,-23.630467508424058,25.840954226405923
patient_126,29.0,1.16,6.353247484758242,-122.46242990223885,35.0288369302974,10.181850572526965,-372.64667500421797,32.66511488484049,39.16910240139811,561.158696284063,27.40771832246185
patient_126,30.0,1.2,18.708384580584116,308.87842739564684,35.777172313520765,14.872316642982417,117.2616517613863,33.26000755055979,12.958868848912285,-655.2558388121457,27.926073076418344
patient_126,31.0,1.24,20.790256228660237,52.046791201903005,36.60878256266718,22.328904157202967,186.41468785551373,34.15316371684791,14.003201458097445,26.108315229629,28.48620113474224
patient_126,32.0,1.28,22.460463531308836,41.75518256621498,37.507201103919535,17.660469423691577,-116.71086833778475,34.85958249379557,11.544051174948674,-61.47875707871928,28.94796318174019
patient_126,33.0,1.32,17.453449135580055,-125.17535989321954,38.205339069342735,14.464575197870367,-79.89735564553024,35.43816550171038,18.823970210467408,181.99797588796835,29.700921990158886
patient_126,34.0,1.36,10.675628580406787,-169.44551387933168,38.632364212559004,12.679040212524052,-44.638374633657875,35.945327110211345,3.7397406477366353,-377.1057390682693,29.850511616068353
patient_126,35.0,1.4,15.261761294247076,114.65331784600723,39.24283466432889,0.9951334159648179,-292.0976699139809,35.98513244684993,11.39543901415252,191.39245916039712,30.306329176634453
patient_126,36.0,1.44,9.02816791457662,-155.8398344917614,39.603961380911954,34.78993589364929,844.870061942112,37.3767298825959,13.114598844444707,42.97899575730466,30.83091313041224
patient_126,37.0,1.48,28.134570736370474,477.66007054484635,40.729344210366776,31.56959541686511,-80.5085119196046,38.63951369927051,13.025432846379376,-2.2291499516332802,31.351930444267417
patient_126,38.0,1.52,16.494995545037245,-290.9893797833307,41.38914403216827,16.474802653416777,-377.3698190862083,39.29850580540718,10.04552308370276,-74.4977440669154,31.75375136761553
patient_126,39.0,1.56,15.637726734749473,-21.431720257194307,42.01465310155825,25.563198600364334,227.20989867368894,40.32103374942175,5.743605768588193,-107.54793287786417,31.983495598359056
patient_126,40.0,1.6,15.38762874129737,-6.252449836302576,42.63015825121015,16.717611576250277,-221.1396756028514,40.989738212471764,12.132497093328123,159.72228311849824,32.468795482092176
patient_126,41.0,1.64,10.709224386558382,-116.96010886847468,43.05852722667249,11.948157014575969,-119.23636404185771,41.467664493054805,9.642616072255173,-62.24702552682375,32.85450012498238
patient_126,42.0,1.68,12.975639944514414,56.660388948900795,43.57755282445306,8.699055727003914,-81.22753218930137,41.815626722134965,15.434299102859148,144.79207576509938,33.47187208909675
patient_126,43.0,1.72,9.012440546519676,-99.07998494986848,43.938050446313845,12.21986761086334,88.02029709648562,42.3044214265695,20.637051182119123,130.06880198149938,34.297354136381514
patient_126,44.0,1.76,31.682543328658202,566.7525695534632,45.20535217946018,5.805905257387999,-160.3490588368835,42.53665763686502,9.490893890039827,-278.6539323019824,34.676989891983105
patient_126,45.0,1.8,14.836264183536315,-421.15697862804717,45.79880274680163,9.412385946267982,90.16201722199956,42.91315307471574,8.69634962632683,-19.86360659282491,35.02484387703618
patient_126,46.0,1.84,18.94485476546254,102.71476454815564,46.55659693742014,10.865354515876248,36.324214240206665,43.34776725535079,21.753829329169488,326.43699257106647,35.89499705020296
patient_126,47.0,1.88,19.01521203597835,1.758931762895255,47.31720541885927,9.764357767016374,-27.52491872149685,43.73834156603145,18.840475749544705,-72.83383949061957,36.648616080184745
patient_126,48.0,1.92,8.550075257379387,-261.6284194649741,47.65920842915444,27.10826737151376,433.5977401124347,44.822672260892,39.08646503831135,506.1497322191662,38.2120746817172
patient_126,49.0,1.96,24.9731317893308,410.5764132987853,48.658133700727674,24.04914190338036,-76.47813670333505,45.78463793702721,18.122030238772002,-524.1108699884837,38.93695589126808
patient_126,50.0,2.0,7.437339562106659,-438.39480568060355,48.955627283211946,17.652213012311044,-159.92322227673287,46.49072645751965,21.951497233877088,95.73667487762717,39.81501578062316
patient_126,51.0,2.04,10.614252292088118,79.42281824953648,49.38019737489547,9.358986314013254,-207.33066745744475,46.86508591008018,8.140590561968446,-345.27266679771606,40.1406394031019
patient_126,52.0,2.08,9.698492049542127,-22.894006063649776,49.76813705687716,18.369740915001255,225.26886502470003,47.59987554668023,2.8895984264752004,-131.27480338733116,40.25622334016091
patient_126,53.0,2.12,14.169791397079928,111.78248368844504,50.33492871276036,13.309695654301203,-126.5011315175013,48.13226337285228,13.06359461943217,254.34990482392425,40.77876712493819
patient_126,54.0,2.16,19.046835180475757,121.92609458489572,51.09680211997939,6.210333141335616,-177.48406282413967,48.3806766985057,3.1053291117690063,-248.9566376915791,40.90298028940896
patient_126,55.0,2.2,11.496167605010157,-188.76668938664,51.556648824179796,6.147597523533658,-1.5683904450489505,48.62658059944705,9.481660132464858,159.4082755173963,41.282246694707545
patient_126,56.0,2.24,19.654836321786302,203.9667179194036,52.34284227705124,6.543459151756273,9.89654070556536,48.8883189655173,10.014109703157716,13.31123926732145,41.68281108283386
patient_126,57.0,2.28,13.398639160497268,-156.40492903222585,52.87878784347113,5.678718568940442,-21.618514570395764,49.11546770827492,23.55675140377166,338.5660425153486,42.625081138984726
patient_126,58.0,2.32,11.157908061734279,-56.01827746907473,53.3251041659405,2.256053448253491,-85.56662801717378,49.20570984620505,7.68341617594042,-396.83338069578105,42.93241778602234
patient_126,59.0,2.36,11.41607565959973,6.454189946636291,53.781747192324495,21.51871719737955,481.5665937281516,50.066458534100235,12.535215045798283,121.29497174644659,43.43382638785428
patient_126,60.0,2.4,36.88468392617038,636.7152066642662,55.2571345493713,32.17350320818631,266.369650270169,51.353398662427686,15.173713592302391,65.9624636626027,44.04077493154637
patient_126,61.0,2.44,26.950914139106292,-248.34424467660224,56.335171114935555,25.29574336946639,-171.94399596799803,52.365228397206344,9.720587216081492,-136.32815940552248,44.429598420189635
patient_126,62.0,2.48,12.719516597052124,-355.78493855135423,56.84395177881765,18.881179023177776,-160.36410865721535,53.12047555813346,29.236632212614488,487.9011249133249,45.59906370869421
patient_126,63.0,2.52,25.13624386847987,310.41818178569366,57.849401533556836,29.786532917414483,272.6338473559177,54.31193687483003,4.747542209302322,-612.2272500828041,45.788965397066306
patient_126,64.0,2.56,9.180550576745034,-398.8923322933709,58.21662355662664,4.514106797578089,-631.8106529959099,54.492501146733154,11.63219219510649,172.1162496451042,46.25425308487056
patient_126,65.0,2.6,11.42378409430738,56.080837939058625,58.673574920398934,8.275251739572006,94.02862354984794,54.823511216316035,13.069248383903744,35.92640471993134,46.77702302022671
patient_126,66.0,2.64,15.677383001821262,106.33997268784708,59.30067024047178,14.7791351356984,162.59708490315984,55.41467662174397,3.7438501610765025,-233.13495557068106,46.92677702666977
patient_126,67.0,2.68,3.369949823081738,-307.6858294684881,59.43546823339505,7.704194316109285,-176.8735204897279,55.722844394388346,16.993137854782777,331.2321923426569,47.60650254086109
patient_126,68.0,2.72,12.728234881800464,233.95712646796815,59.94459762866707,17.04574308434563,233.53871920590868,56.40467411776217,11.62677845378836,-134.15898502486044,48.071573679012616
patient_126,69.0,2.76,4.038813968630131,-217.23552282925834,60.106150187412275,7.233107656957341,-245.31588568470727,56.693998424040466,7.038942243590274,-114.69590525495215,48.35313136875623
patient_126,70.0,2.8,4.774672621984321,18.396466333854743,60.29713709229165,11.980946470246089,118.69597033221868,57.17323628285031,5.108725282081841,-48.25542403771082,48.55748038003951
patient_126,71.0,2.84,22.65221388284693,446.93853152156515,61.203225647605535,26.954057135892516,374.3277666411607,58.251398568286014,10.319194445674484,130.26172908981607,48.97024815786648
patient_126,72.0,2.88,29.421663115467155,169.23623081550562,62.380092172224224,40.70298078353801,343.72309119113737,59.879517799627536,16.549953385985273,155.76897350776972,49.63224629330589
patient_126,73.0,2.92,14.908305542928792,-362.83393931345904,62.97642439394137,9.616638235462345,-777.1585637018916,60.26418332904603,18.048293249084974,37.45849657749254,50.354178023269284
patient_126,74.0,2.96,34.1303254614006,480.5504979617952,64.34163741239739,21.97130172979206,308.8665873582429,61.14303539823771,6.95159309457097,-277.4175038628501,50.63224174705213
patient_126,75.0,3.0,25.768345226234214,-209.0495058791597,65.37237122144677,34.86314211867105,322.29600972197477,62.537561082984546,12.23509393220359,132.0875209408155,51.12164550434028
patient_126,76.0,3.04,16.675984246310488,-227.30902449809315,66.03941059129919,14.09761857813876,-519.1380885133073,63.1014658261101,3.711242358829989,-213.09628933434004,51.27009519869348
patient_126,77.0,3.08,1.4758441062443404,-380.0035035016537,66.09844435554895,8.776788851695049,-133.0207431610928,63.4525373801779,9.265827012735624,138.86461634764086,51.640728279202904
patient_126,78.0,3.12,11.980305499409576,262.6115348291309,66.57765657552534,4.638519212557949,-103.45674097842749,63.638078148680215,16.444847909365535,179.47552241574778,52.298522195577526
patient_126,79.0,3.16,6.266727789387721,-142.8394427505464,66.82832568710084,3.687019976327925,-23.78748090575059,63.785558947733335,3.147417040352558,-332.43577172532446,52.42441887719163
patient_126,80.0,3.2,28.026086925528833,543.9839784035279,67.949369164122,19.168065710009802,387.02614334204696,64.55228157613372,5.985977671737646,70.9640157846272,52.66385798406113
patient_126,81.0,3.24,17.639589753246703,-259.66242930705323,68.65495275425187,12.177629450008572,-174.76090650003076,65.03938675413407,14.558991240511737,214.32533921935226,53.246217633681596
patient_126,82.0,3.28,3.8244579795835905,-345.3782943415778,68.80793107343521,10.441599215130042,-43.400755871963256,65.45705072273928,3.6881602718196254,-271.7707742173028,53.39374404455439
patient_126,83.0,3.32,10.16732874460149,158.57176912544747,69.21462422321927,12.193673096452615,43.801847033064334,65.94479764659738,15.059348902061295,284.2797157560417,53.99611800063684
patient_126,84.0,3.36,37.17791123694581,675.264562308608,70.7017406726971,27.488239608529597,382.3641628019245,67.04432723093856,39.597704459143024,613.4588889270433,55.58002617900256
patient_126,85.0,3.4,27.364219932237866,-245.34228261769863,71.79630946998662,17.993929148228574,-237.35776150752557,67.7640843968677,17.795485548931687,-545.0554727552834,56.29184560095983
patient_126,86.0,3.44,4.876453777941265,-562.194153857415,71.99136762110427,17.30626147525452,-17.191691824351363,68.45633485587788,12.470613950377226,-133.12178996386152,56.79067015897492
patient_126,87.0,3.48,4.226564281434685,-16.247237412664497,72.16043019236166,3.686306515805204,-340.4988739862329,68.60378711651009,2.9406771125754223,-238.2484209450451,56.90829724347794
patient_126,88.0,3.52,11.088706324262674,171.5535510706997,72.60397844533217,11.492389218002687,195.15206755493708,69.0634826852302,11.990234456691775,226.23893360290884,57.38790662174561
patient_126,89.0,3.56,7.276149175996038,-95.31392870666589,72.89502441237201,4.745246625977237,-168.67856480063625,69.2532925502693,5.1623363299678156,-170.697453168099,57.59440007494432
patient_126,90.0,3.6,5.413998369812142,-46.55377015459741,73.1115843471645,17.04969508528717,307.6112114827483,69.93528035368077,4.5147713505975275,-16.1891244842572,57.774990928968215
patient_126,91.0,3.64,14.17931183936005,219.13283673869773,73.6787568207389,12.19925270452248,-121.26105951911721,70.42325046186167,2.800939352364293,-42.84579995583086,57.887028503062794
patient_126,92.0,3.68,20.59916857313507,160.4964183443755,74.5027235636643,24.23716016364157,300.9476864779772,71.39273686840734,8.66449514345337,146.58889477722695,58.23360830880093
patient_126,93.0,3.72,9.69894208015304,-272.50566232455077,74.89068124687043,14.038874705046348,-254.9571364648805,71.95429185660919,11.123660296687278,61.4791288308477,58.67855472066842
patient_126,94.0,3.76,6.585039169171963,-77.84757277452694,75.1540828136373,13.381343786767907,-16.43827295696103,72.48954560807991,4.495452720414889,-165.70518940680975,58.85837282948503
patient_126,95.0,3.8,7.932629915318192,33.68976865365574,75.47138801025002,19.206990157753534,145.64115927464067,73.25782521439005,7.0455357960530165,63.75207689095319,59.14019426132714
patient_126,96.0,3.84,17.252882194592654,233.00630698186157,76.16150329803374,45.74800768733659,663.5254382395764,75.08774552188352,64.86770872600506,1445.5543232488012,61.73490261036734
patient_126,97.0,3.88,18.354068113466777,27.529647971853066,76.89566602257241,16.530381726663496,-730.4406490168274,75.74896079095006,12.053980054891984,-1320.3432167778271,62.217061812563024
patient_126,98.0,3.92,17.5178048732469,-20.90658100549696,77.59637821750229,35.24831247360307,467.9482686734894,77.15889328989418,39.46633159415229,685.3087884815076,63.79571507632912
patient_126,99.0,3.96,17.85856897083182,8.519102439622994,78.31072097633556,9.13581186021765,-652.8125153346356,77.52432576430289,13.214813254158859,-656.2879584998357,64.32430760649547
patient_126,100.0,4.0,12.128787694708949,-143.24453190307173,78.79587248412392,6.017223986978927,-77.9646968309681,77.76501472378204,3.3514515382390777,-246.58404289799455,64.45836566802504
patient_126,101.0,4.04,6.858188287356607,-131.76498518380853,79.07020001561818,16.982084461261326,274.12151185706,78.44429810223251,11.752060971829104,210.0152358397507,64.9284481068982
patient_126,102.0,4.08,6.930691806700344,1.8125879835934278,79.3474276878862,9.244067919340312,-193.45041354802538,78.81406081900612,9.129359467721995,-65.56753760267773,65.29362248560707
patient_126,103.0,4.12,22.9896741690611,401.4745590590189,80.26701465464865,15.11468641430896,146.76546237421618,79.41864827557848,0.6768069022688737,-211.31381413632803,65.32069476169784
patient_126,104.0,4.16,12.404235824520695,-264.6359586135101,80.76318408762947,17.47000811761119,58.88304258255577,80.11744860028293,14.911057286198236,355.85625959823403,65.91713705314577
patient_126,105.0,4.2,6.302684794107886,-152.53877576032022,81.01529147939378,4.023216084446102,-336.1698008291272,80.27837724366077,3.7159275731678565,-279.87824282575946,66.06577415607248
patient_126,106.0,4.24,7.358052543576023,26.38419373670342,81.30961358113682,4.097215450053708,1.849984140190153,80.44226586166292,10.039762990713047,158.09588543862975,66.467364675701
patient_126,107.0,4.28,25.851818135912215,462.3441398084048,82.3436863065733,6.166112527738185,51.72242694211191,80.68891036277245,5.663228957057777,-109.41335084138176,66.69389383398331
patient_126,108.0,4.32,29.277199147726936,85.63452529536804,83.51477427248238,17.76941131156626,290.0824695957018,81.3996868152351,36.44127659324216,769.4511909046096,68.151544897713
patient_126,109.0,4.36,18.87967478632494,-259.9381090350499,84.26996126393539,27.85199927766755,252.06469915253226,82.5137667863418,20.212002420825563,-405.73185431041486,68.96002499454602
patient_126,110.0,4.4,14.205083345112499,-116.86478603031105,84.83816459773989,30.86915912180823,75.42899610351705,83.74853315121412,7.565397963979088,-316.1651114211619,69.26264091310519
patient_126,111.0,4.44,16.316588990270144,52.78764112894115,85.49082815735069,8.186552822735608,-567.0651574768156,84.07599526412353,24.18961495057039,415.60542466478256,70.230225511128
patient_126,112.0,4.48,20.322937895715068,100.15872263612309,86.3037456731793,22.881566623691636,367.3753450239007,84.9912579290712,26.372021961756566,54.56017527965437,71.28510638959827
patient_126,113.0,4.52,7.520243560271398,-320.06735838609177,86.60455541559014,24.269831280217286,34.706616413141234,85.96205118027989,12.559772911677216,-345.30622625198373,71.78749730606536
patient_126,114.0,4.56,3.0633720053851805,-111.42178887215543,86.72709029580555,9.319695050272951,-373.7534057486084,86.3348389822908,6.989613263799569,-139.25399119694117,72.06708183661735
patient_126,115.0,4.6,31.973480238129248,722.7527058186017,88.00602950533073,17.203419559533437,197.09311273151212,87.02297576467214,0.42307482551521836,-164.16346095710875,72.08400482963795
patient_126,116.0,4.64,18.72087549902228,-331.31511847767416,88.75486452529164,25.338125612017222,203.36765131209464,88.03650078915284,20.86284528367654,510.994261454033,72.91851864098501
patient_126,117.0,4.68,13.508333429210772,-130.31355174528773,89.29519786246006,45.028656045105535,492.26326082720783,89.83764703095704,18.668482864615534,-54.859060476525116,73.66525795556963
patient_126,118.0,4.72,34.67869877129979,529.2591335522255,90.68234581331205,34.48367812237696,-263.6244480682144,91.21699415585213,11.45721906236737,-180.28159505620408,74.12354671806433
patient_126,119.0,4.76,47.50389324836854,320.6298619267187,92.58250154324679,29.60895399289882,-121.86810323695347,92.40135231556809,5.42472388695495,-150.81237938531052,74.34053567354253
patient_126,120.0,4.8,40.55180916124902,-173.80210217798808,94.20457390969676,28.359514019349973,-31.235999338721143,93.5357328763421,51.87112886800942,1161.1601245263619,76.41538082826291
patient_126,121.0,4.84,14.799706732230929,-643.8025607254522,94.796562178986,12.379390030396298,-399.5030997238419,94.03090847755794,11.688743723332623,-1004.55962861692,76.8829305771962
patient_126,122.0,4.88,11.258156905472577,-88.53874566895881,95.2468884552049,19.638420064846173,181.47575086124687,94.8164452801518,6.9654367424707235,-118.08267452154749,77.16154804689504
patient_126,123.0,4.92,10.164122968788773,-27.350848417095097,95.65345337395645,29.43262399819665,244.85509833376193,95.99375024007966,21.00712366042133,351.04217294876514,78.0018329933119
patient_126,124.0,4.96,23.096745437018143,323.31556170573424,96.57732319143717,1.5101943335742911,-698.060741615559,96.05415801342264,58.36643418716047,933.9827631684786,80.33649036079831
patient_126,125.0,5.0,20.11458535999715,-74.55400192552482,97.38190660583706,129.97595778341025,3211.6440862458985,101.25319632475905,174.28371999990202,2897.9321453185385,87.30783916079439
patient_126,126.0,5.04,15.020512799237832,-127.35181401898296,97.98272711780658,54.97210625336688,-1875.0962882510842,103.45208057489371,65.27261223612568,-2725.2776940944086,89.9187436502394
patient_126,127.0,5.08,50.975134460332704,898.8655415273719,100.02173249621988,104.7333566516736,1244.031259957668,107.64141484096066,97.93056407955635,816.4487960857666,93.83596621342167
patient_126,128.0,5.12,21.21481858760332,-744.0078968182346,100.87032523972402,36.44263310360872,-1707.2680887016218,109.09912016510502,41.29539767574417,-1415.8791600953045,95.48778212045143
patient_126,129.0,5.16,18.65281386531748,-64.05011805714605,101.61643779433672,68.28345384957466,796.0205186491484,111.830458319088,60.92108211688165,490.642111028437,97.9246254051267
patient_126,130.0,5.2,48.54693148217793,747.3529404215113,103.55831505362384,95.2711797221467,674.693146814301,115.64130550797387,71.14148669541991,255.5101144634566,100.7702848729435
patient_126,131.0,5.24,121.92767382084845,1834.5185584667634,108.4354220064578,128.32179993853262,826.2655054096481,120.77417750551517,176.44797377255605,2632.6621769284034,107.82820382384574
patient_126,132.0,5.28,52.286063059170665,-1741.0402690419446,110.52686452882463,4.840895014868727,-3087.0226230915973,120.96781330610992,36.442425416692515,-3500.1387088965885,109.28590084051343
patient_126,133.0,5.32,35.419529605919465,-421.66333633128,111.9436457130614,22.26553928739523,435.61610681316256,121.85843487760572,23.552123594779438,-322.2575455478269,110.22798578430462
patient_126,134.0,5.36,41.95268352728156,163.32884803405233,113.62175305415265,82.71686010736649,1511.2830204992815,125.16710928190038,100.36651717818327,1920.359839585096,114.24264647143194
patient_126,135.0,5.4,49.267023190077,182.858491569886,115.59243398175573,58.181409126843,-613.3862745130872,127.49436564697409,55.33209310313383,-1125.8606018762362,116.4559301955573
patient_126,136.0,5.44,59.36754910952051,252.5131479860878,117.96713594613655,62.57657664003879,109.87918782989468,129.99742871257564,39.00694183866447,-408.12878161173404,118.01620786910388
patient_126,137.0,5.48,64.26567101874677,122.45304773065655,120.53776278688642,85.60167916814618,575.6275632026848,133.4214958793015,38.248121628830994,-18.970505245836833,119.54613273425711
patient_126,138.0,5.52,49.03835377713403,-380.68293104031864,122.49929693797178,44.29202078639657,-1032.7414595437401,135.19317671075737,86.07165234983444,1195.588268025086,122.9889988282505
patient_126,139.0,5.56,78.12151389513137,727.0790029499336,125.62415749377703,64.72294352606653,510.773068491749,137.78209445180002,146.66363718465473,1514.7996208705074,128.85554431563668
patient_126,140.0,5.6,187.5909341332868,2736.7355059538854,133.12779485910852,241.67257018497722,4423.740666472767,147.4489972591991,208.67412172391406,1550.262113481483,137.20250918459325
patient_126,141.0,5.64,201.10317597161134,337.80604595811354,141.17192189797296,273.4497554007182,794.4296303935239,158.38698747522784,206.78931739784502,-47.12010815172576,145.47408188050704
patient_126,142.0,5.68,193.01161600361766,-202.28899919984187,148.89238653811768,264.83374962484027,-215.40014439694772,168.98033746022145,396.4633863684776,4741.8517242658145,161.33261733524617
patient_126,143.0,5.72,151.4096757541011,-1040.048506237914,154.94877356828172,365.0741976175709,2506.0111998182665,183.5833053649243,300.197156506961,-2406.6557465379146,173.3405035955246
patient_126,144.0,5.76,216.87796075837258,1636.7071251067869,163.6238919986166,247.1764897943695,-2947.4426955800354,193.4703649566991,281.15823915245755,-475.972933862586,184.58683316162293
patient_126,145.0,5.8,152.39308078696283,-1612.1219992852439,169.71961523009512,317.85039455356844,1766.8476189799733,206.18438073884184,445.0530224999825,4097.369583688123,202.3889540616222
patient_126,146.0,5.84,87.60401299257994,-1619.7266948595723,173.2237757497983,321.8553986363041,100.12510206839096,219.058596684294,447.11921619408,51.65484235243838,220.2737227093854
patient_126,147.0,5.88,148.40174056170534,1519.943189228135,179.1598453722665,359.39913453721846,938.5933975228596,233.43456206578273,313.23502350200556,-3347.1048173018617,232.80312364946565
patient_126,148.0,5.92,220.13723035929783,1793.3872449398123,187.96533458663842,238.98410194660534,-3010.375814765328,242.99392614364697,332.03982617978716,470.1200669445399,246.08471669665713
patient_126,149.0,5.96,278.425510760835,1457.2070100384287,199.10235501707183,439.6650502625262,5017.023707898023,260.580528154148,541.8163654222553,5244.413481061704,267.7573713135473
patient_126,150.0,6.0,321.34292647546596,1072.9353928657745,211.95607207609046,458.3522858925233,467.1808907499269,278.91461958984894,529.8512597225935,-299.1276424915469,288.95142170245106
patient_126,151.0,6.04,285.1272271633623,-905.3924828025913,223.36116116262497,325.2069661300982,-3328.632994060628,291.9228982350529,281.4670944063682,-6209.604132905632,300.2101054787058
patient_126,152.0,6.08,274.1792519846962,-273.69937946665317,234.32833124201278,260.96371365457424,-1606.0813118880988,302.3614467812359,265.63836123941945,-395.7183291737181,310.8356399282826
patient_126,153.0,6.12,182.1404826874457,-2300.969232431262,241.61395054951063,187.3968296884449,-1839.1720991532331,309.85731996877365,47.29794353369941,-5458.510442643001,312.7275576696305
patient_126,154.0,6.16,160.19579623636506,-548.6171612770164,248.02178239896523,139.14891756051412,-1206.1978031982696,315.42327667119423,79.86370422496005,814.1440172815159,315.92210583862897
patient_126,155.0,6.2,58.09897481277963,-2552.4205355896356,250.3457413914764,77.26568758625051,-1547.0807493565903,318.5139041746442,64.93499300134218,-373.2177805904467,318.5195055586826
patient_126,156.0,6.24,27.70690615927609,-759.8017163375885,251.45401763784747,9.53722940617588,-1693.2114545018655,318.89539335089125,73.7725976575496,220.94011640518545,321.47040946498464
patient_126,157.0,6.28,33.76100177322424,151.35239034870364,252.80445770877643,172.1394931185908,4065.0565928103733,325.7809730756349,76.87367029097388,77.52681583560701,324.5453562766236
patient_126,158.0,6.32,3.189745642968874,-764.2814032563841,252.93204753449518,113.4397553456307,-1467.4934443240022,330.31856328946014,35.768703027076526,-1027.6241815974338,325.97610439770665
patient_126,159.0,6.36,37.67550256012061,862.1439229287935,254.4390676369,189.0648796245332,1890.6281069725626,337.88115847444146,138.69716646265047,2573.2115858893485,331.5239910562126
patient_126,160.0,6.4,18.242339923144723,-485.82906592439724,255.1687612338258,72.13920646014182,-2923.141829109785,340.7667267328472,47.46101265721757,-2280.903845135823,333.4224315625013
patient_126,161.0,6.44,5.302182798825727,-323.5039281079749,255.38084854577883,88.11767061681252,399.46160391676744,344.2914335575196,37.60429355464346,-246.41797756435278,334.92660330468703
patient_126,162.0,6.48,3.339632252423307,-49.06376366006049,255.51443383587576,180.93791233741518,2320.5060430150666,351.52895005101624,212.9706247053064,4384.158278766573,343.4454282928993
patient_126,163.0,6.52,23.813066045539234,511.83584482789814,256.4669564776973,295.62129705349554,2867.084617902009,363.3538019331561,43.75231249116337,-4230.457805353576,345.1955207925459
patient_126,164.0,6.56,9.512230584772118,-357.5208865191779,256.8474457010882,85.76713905281781,-5246.353950016944,366.78448749526876,42.17376734227329,-39.46362872225215,346.88247148623685
patient_126,165.0,6.6,20.3435911830393,270.7840149566796,257.6611893484098,21.01557900487982,-1618.7890011984496,367.6251106554639,115.1494952173477,1824.3931968768607,351.4884512949307
patient_126,166.0,6.64,83.73701145724453,1584.835506855131,261.0106698066995,78.56822710719385,1438.8162025578506,370.7678397397517,100.59046248106267,-363.9758184071258,355.5120697941732
patient_126,167.0,6.68,66.78902963301553,-423.6995456057251,263.6822309920201,286.07433084174403,5187.652593363755,382.21081297342147,47.50784011710205,-1327.0655590990157,357.4123833988573
patient_126,168.0,6.72,67.86534675822996,26.90792813036076,266.3968448623493,170.1595330788945,-2897.8699440712385,389.0171942965773,513.4772337420424,11649.234840623509,377.95147274853895
patient_126,169.0,6.76,102.68767184889016,870.558127266505,270.5043517363049,231.36311248542023,1530.0894851631433,398.2717187959941,178.03543787910857,-8386.044896573345,385.0728902637033
patient_126,170.0,6.8,70.49381140651295,-804.8465110594303,273.3241041925654,195.10557404315472,-906.4384610566378,406.0759417577203,235.13200831741912,1427.4142609577639,394.4781705964001
patient_126,171.0,6.84,71.44985358021272,23.901054342494277,276.18209833577396,223.03390670065426,698.2083164374885,414.99729802574643,301.44118225055627,1657.7293483284286,406.5358178864223
patient_126,172.0,6.88,169.16592818361164,2442.901865084973,282.94873546311845,419.7157812521369,4917.046863787065,431.7859292758319,672.7689405520368,9283.193957537014,433.4465755085037
patient_126,173.0,6.92,216.8241884335739,1191.4565062490567,291.62170300046137,224.51728647451355,-4879.962369440583,440.76662073481236,362.00901421542244,-7768.99815841536,447.9269360771206
patient_126,174.0,6.96,149.98860292558592,-1670.8896376996997,297.6212471174848,447.10648358669835,5564.729927804619,458.6508800782803,258.3482881735943,-2591.5181510457032,458.2608676040644
patient_126,175.0,7.0,160.34363125900938,258.8757083355865,304.0349923678452,124.37540914546823,-8068.276861030753,463.62589644409906,106.80873154986253,-3788.4889155932947,462.5332168660589
patient_126,176.0,7.04,154.76387030753622,-139.49402378682905,310.22554718014663,98.09301462936538,-657.059862902571,467.54961702927363,208.50762922498433,2542.472441878045,470.87352203505833
patient_126,177.0,7.08,153.54382654416247,-30.501094084343805,316.36730024191314,72.65685150881704,-635.9040780137086,470.45589108962633,60.760424874024146,-3693.6801087740046,473.3039390300193
patient_126,178.0,7.12,103.61633795622888,-1248.1872146983399,320.51195376016227,88.33819452599771,392.03357542951665,473.9894188706662,101.72839416446601,1024.1992322610465,477.37307479659796
patient_126,179.0,7.16,75.94182846086767,-691.8627373840302,323.54962689859696,146.50201713492226,1454.0955652231137,479.8494995560631,75.79780321649058,-648.2647736993858,480.40498692525756
patient_126,180.0,7.2,74.98687915066027,-23.873732755184918,326.5491020646234,26.023539499270964,-3011.961940891282,480.8904411360339,67.98553689123976,-195.30665813127044,483.1244084009071
patient_126,181.0,7.24,58.19023059070523,-419.9162139988761,328.8767112882516,74.79602030393421,1219.3120201165812,483.8822819481913,164.3998569353319,2410.3580011023037,489.7004026783204
patient_126,182.0,7.28,28.9729768971477,-730.4313423389382,330.03563036413755,104.45052802034851,741.3626929103575,488.0603030690052,36.423613123752695,-3199.4060952894806,491.1573472032705
patient_126,183.0,7.32,6.054768225354353,-572.9552167948336,330.2778210931517,30.013287900145063,-1860.9310030050865,489.260834585011,94.00489314123989,1439.53200043718,494.91754292892006
patient_126,184.0,7.36,13.419834803612812,184.12666445646147,330.81461448529626,93.908392801767,1597.3776225405484,493.0171702970817,92.23638690044301,-44.212656019922036,498.6069984049378
patient_126,185.0,7.4,32.269601846881926,471.24417608172786,332.10539855917153,160.32953611064428,1660.5285827219323,499.4303517415075,130.25414961523984,950.4440678699208,503.8171643895474
patient_126,186.0,7.44,30.637965027442235,-40.79092048599229,333.3309171602692,64.78217328561705,-2388.6840706256808,502.02163867293217,133.2301552891476,74.4001418476941,509.1463706011133
patient_126,187.0,7.48,36.99282309146076,158.87145160046305,334.81063008392766,53.29631348148064,-287.14649510341025,504.15349121219134,189.03732641066702,1395.1792780379853,516.70786365754
patient_126,188.0,7.52,34.26415943541984,-68.21659140102287,336.1811964613444,41.089058866309884,-305.18136537926887,505.7970535668438,54.28462675012469,-3368.8174915135583,518.879248727545
patient_126,189.0,7.56,21.260488148986134,-325.0917821608427,337.0316159873039,65.29340458319982,605.1086429222484,508.4087897501717,323.24822295923394,6724.089905227731,531.8091776459144
patient_126,190.0,7.6,56.0465806505267,869.6523125385141,339.27347921332495,54.91542496217379,-259.44949052565073,510.60540674865865,276.2175270887881,-1175.7673967611468,542.8578787294658
patient_126,191.0,7.64,132.5995262445082,1913.823639849538,344.5774602631053,89.6231144800436,867.6922379467452,514.1903313278603,59.8731564200354,-5408.609266718817,545.2528049862672
patient_126,192.0,7.68,257.7284033868715,3128.221928559082,354.88659639858014,451.60563654458844,9049.56305161362,532.254556789644,175.79139841095116,2897.956049772894,552.2844609227053
patient_126,193.0,7.72,257.4429998706112,-7.13508790650792,365.1843163934046,269.9264254943004,-4541.980276257201,543.051613809416,410.5423586057998,5868.774004871216,568.7061552669372
patient_126,194.0,7.76,277.5258374767985,502.07094015468243,376.2853498924765,378.7551560858624,2720.718264789049,558.2018200528505,492.1589736676614,2040.415376546541,588.3925142136437
patient_126,195.0,7.8,252.1392212235394,-634.6654063314766,386.37091874141805,332.79010957103765,-1149.1261628706184,571.513424435692,345.5213061387372,-3665.9416882231058,602.2133664591933
patient_126,196.0,7.84,214.97681837913223,-929.0600711101796,394.9699914765834,211.7010431170029,-3027.226661350868,579.9814661603722,320.2192598436578,-632.5511573769845,615.0221368529395
patient_126,197.0,7.88,102.14564934944457,-2820.7792257421916,399.05581745056116,197.78098899933207,-348.0013529417711,587.8927057203454,229.94973874140192,-2256.738027556398,624.2201264025956
patient_126,198.0,7.92,79.97161180041185,-554.350938725818,402.2546819225777,79.4299650264846,-2958.7755993211867,591.0699043214048,60.375046827815616,-4239.367297839657,626.6351282757082
patient_126,199.0,7.96,19.202704149834382,-1519.2226912644367,403.02279008857107,9.67317840359764,-1743.9196655721737,591.4568314575487,90.89454273030705,762.9873975622859,630.2709099849205
patient_126,200.0,8.0,33.151468508682996,348.71910897121535,404.34884882891834,11.01460687686401,33.53571183165922,591.8974157326232,45.260735843082564,-1140.8451721806123,632.0813394186439
patient_126,201.0,8.04,104.572182965214,1785.517861413275,408.5317361475269,54.74527455027833,1093.2666918353582,594.0872267146344,21.255840198650095,-600.1223911108117,632.9315730265898
patient_126,202.0,8.08,110.86156177081563,157.23447014004074,412.96619861835956,72.82377143078718,451.9624220127211,597.0001775718658,65.28071742483719,1100.6219306546775,635.5428017235834
patient_126,203.0,8.12,79.84036067776213,-775.5300273263373,416.15981304547006,39.199275167170015,-840.612406590429,598.5681485785526,68.94242162232938,91.54260493730462,638.3004985884764
patient_126,204.0,8.16,83.73877624067875,97.46038907291528,419.50936409509717,34.50338421859188,-117.39727371445329,599.9482839472963,51.372530095753,-439.24728816440944,640.3553997923066
patient_126,205.0,8.2,16.273020818543838,-1686.6438855533727,420.160284927839,51.496114809192704,424.81826476502056,602.0081285396641,207.4609401544101,3902.2102514664275,648.6538373984829
patient_126,206.0,8.24,43.333859523567014,676.5209676255794,421.89363930878164,105.21167665514899,1342.8890461489073,606.21659560587,140.95850960351575,-1662.560763772359,654.2921777826235
patient_126,207.0,8.28,45.977137534618166,66.08195027627879,423.7327248101664,69.36253919315814,-896.2284365497712,608.9910971735964,417.9881772083288,6925.741690120327,671.0117048709567
patient_126,208.0,8.32,24.602693302550406,-534.361105801694,424.7168325422684,97.5205075978776,703.9492101179864,612.8919174775115,33.33651855977611,-9616.291466213817,672.3451656133478
patient_126,209.0,8.36,26.218697466560926,40.40010410026298,425.76558044093076,19.616324341111707,-1947.6045814191473,613.676570451156,213.7581674697952,4510.541222750478,680.8954923121396
patient_126,210.0,8.4,50.108787405178276,597.2522484654338,427.7699319371379,30.27413721966359,266.4453219637971,614.8875359399425,304.19161895194253,2260.836287053683,693.0631570702172
patient_126,211.0,8.44,42.74223066007097,-184.16391862768256,429.4796211635408,13.0492986625285,-430.62096392837725,615.4095078864436,30.365359158150678,-6845.656494844796,694.2777714365433
patient_126,212.0,8.48,57.623837394926866,372.04016837139733,431.78457465933786,91.65795307846832,1965.2163603984957,619.0758260095823,66.9146873515731,913.7332048355603,696.9543589306063
patient_126,213.0,8.52,120.12726613626758,1562.5857185335178,436.5896653047886,48.07093917548564,-1089.675347574567,620.9986635766018,43.665000696692815,-581.242166372007,698.700958958474
patient_126,214.0,8.56,155.1101597643834,874.5723407028958,442.79407169536387,95.89608876162613,1195.6287396535122,624.8345071270668,142.58364475738793,2472.966101517378,704.4043047487695
patient_126,215.0,8.6,147.09473316800856,-200.3856649093713,448.67786102208424,206.81753880016288,2773.0362509634188,633.1072086790733,188.04501265073202,1136.5341973336022,711.9261052547987
patient_126,216.0,8.64,151.76998641465892,116.88133116625892,454.7486604786707,376.61048716462625,4244.823709111584,648.1716281656584,321.4746108986254,3335.739956197334,724.7850896907438
patient_126,217.0,8.68,109.1535254547863,-1065.4115239968153,459.1148014968621,199.79480323487937,-4420.392098243672,656.1634202950535,224.079100343482,-2434.8877638785843,733.7482537044831
patient_126,218.0,8.72,91.31249567640371,-446.02574445956475,462.7673013239183,158.71962528097876,-1026.879448847515,662.5122053062926,133.91615011653445,-2254.0737556736885,739.1048997091443
patient_126,219.0,8.76,17.310379552139874,-1850.052903106596,463.4597165060039,101.8236645258269,-1422.3990188787966,666.5851518873257,219.98220327407347,2151.651328938475,747.9041878401073
patient_126,220.0,8.8,61.21433006483662,1097.598762817419,465.90828970859735,138.14293593283944,907.9817851753135,672.1108693246392,72.16320464489407,-3695.4749657294856,750.7907160259031
patient_126,221.0,8.84,95.52031293375187,857.6495717228811,469.72910222594743,185.18348896884214,1176.0138259000676,679.518208883393,75.52104552736293,83.94602206172159,753.8115578469976
patient_126,222.0,8.88,67.81498511299506,-692.6331955189202,472.4417016304672,107.01818985288692,-1954.1324778988806,683.7989364775084,57.42661782150106,-452.3606926465467,756.1086225598576
patient_126,223.0,8.92,67.97275590408009,3.9442697771256974,475.1606118666304,183.9421169871086,1923.0981783555417,691.1566211569927,116.146590871922,1467.9993262605235,760.7544861947345
patient_126,224.0,8.96,94.65885873687941,667.152570819983,478.9469662161056,120.04349438517954,-1597.4655650482262,695.9583609324,60.10999648361241,-1400.9148597077397,763.1588860540791
patient_126,225.0,9.0,110.32100005052095,391.55353284103853,483.3598062181264,109.92441270065395,-252.97704211313993,700.3553374404261,232.80132955884756,4317.283326880879,772.4709392364329
patient_126,226.0,9.04,109.1562248856847,-29.11937912090643,487.72605521355376,104.27869714507729,-141.14288888941644,704.5264853262291,178.36142850895334,-1360.9975262473554,779.6053963767911
patient_126,227.0,9.08,30.500992010551467,-1966.3808218783306,488.94609489397584,208.80227979896503,2613.089566347194,712.8785765181877,31.22722747925609,-3678.355025742431,780.8544854759613
patient_126,228.0,9.12,44.2715442627555,344.2638063051008,490.7169566644861,119.39804195367083,-2235.1059461323553,717.6544981963347,135.3838999375653,2603.9168114577305,786.2698414734639
patient_126,229.0,9.16,62.902644488837176,465.77750565204195,493.23306244403955,64.81363871743743,-1364.610080905835,720.2470437450321,208.32201538683694,1823.452886231791,794.6027220889373
patient_126,230.0,9.2,31.778872683699447,-778.0942951284433,494.50421735138747,253.572802879777,4718.97910405849,730.3899558602233,70.70699426625744,-3440.375528014488,797.4310018595876
patient_126,231.0,9.24,23.178237594982953,-215.01587721791236,495.4313468551868,117.50043600210255,-3401.8091719418608,735.0899733003073,69.96074479857384,-18.656236692089934,800.2294316515305
patient_126,232.0,9.28,14.636911476586818,-213.5331529599034,496.0168233142503,165.13529147330854,1190.8713867801498,741.6953849592396,58.88232745385677,-276.96043361792687,802.5847247496847
patient_126,233.0,9.32,25.146652169789977,262.743517330079,497.0226894010419,167.62302105484446,62.193239538397904,748.4003058014334,75.74460796974932,421.55701289731394,805.6145090684747
patient_126,234.0,9.36,44.90089104355331,493.8559718440833,498.81872504278397,99.14744469383815,-1711.8894090251576,752.366203589187,45.068601727819825,-766.9001560482375,807.4172531375875
patient_126,235.0,9.4,43.01030560353706,-47.264636000406135,500.5391372669255,150.85009157087381,1292.5661719258915,758.4002072520219,91.63703556833933,1164.2108460129875,811.0827345603211
patient_126,236.0,9.44,41.37310832174021,-40.92993204492128,502.1940615997951,105.6385174887596,-1130.2893520528553,762.6257479515723,45.86479671588064,-1144.3059713114674,812.9173264289562
patient_126,237.0,9.48,39.48599395966368,-47.17785905191327,503.77350135818165,32.74474875059955,-1822.3442184540013,763.9355379015963,39.91524587080271,-148.73877112694825,814.5139362637883
patient_126,238.0,9.52,34.99819571202603,-112.19495619094121,505.1734291866627,48.16707589411964,385.5581785880023,765.862220937361,20.308888470700715,-490.1589350025498,815.3262918026163
patient_126,239.0,9.56,42.51546505962005,187.9317336898504,506.8740477890475,65.3893773840216,430.55753724754896,768.4777960327218,31.360331121125732,276.28606626062543,816.5807050474614
patient_126,240.0,9.6,9.198730430485316,-832.9183657283683,507.2419970062669,48.434453430766425,-423.87309883137937,770.4151741699525,7.011561349667484,-608.7192442864562,816.8611675014481
patient_126,241.0,9.64,43.96030522132435,869.0393697709759,509.0004092151199,30.97515884456253,-436.4823646550974,771.654180523735,26.725253050287446,492.842292515499,817.9301776234596
patient_126,242.0,9.68,62.70827732472455,468.69930258500506,511.5087403081088,50.92622373560385,498.776622276033,773.6912294731592,34.527008034742636,195.04387461137975,819.3112579448493
patient_126,243.0,9.72,59.66928864288827,-75.974717045907,513.8955118538244,32.62865598625513,-457.4391937337179,774.9963757126094,25.680131129643932,-221.17192262746758,820.3384631900351
patient_126,244.0,9.76,2.8230631789397047,-1421.1556365987142,514.008434380982,95.4404986084018,1570.2960655536665,778.8139956569455,32.51981152709986,170.99200993639823,821.6392556511191
patient_126,245.0,9.8,46.27569276127658,1086.315739558422,515.859462091433,59.09008922433428,-908.7602346016879,781.1775992259188,15.212343923962823,-432.68669007842595,822.2477494080777
patient_126,246.0,9.84,52.445234615147704,154.2385463467781,517.957271476039,62.829274912568174,93.4796422058474,783.6907702224215,72.43696711719339,1430.6155798307643,825.1452280927654
patient_126,247.0,9.88,44.31121146966387,-203.35057863709594,519.7297199348254,93.17383575775624,758.6140211297015,787.4177236527318,102.52033737496367,752.0842564442571,829.2460415877639
patient_126,248.0,9.92,14.246437417885089,-751.6193512944694,520.2995774315409,110.84183264281651,441.6999221265069,791.8513969584445,141.02716497230176,962.6706899334522,834.887128186656
patient_126,249.0,9.96,33.07585991476108,470.7355624218998,521.6226118281313,20.78569919927706,-2251.4033360884864,792.6828249264156,26.66471674857554,-2859.0612055931556,835.953716856599
patient_126,250.0,10.0,38.489726129044925,135.34665535709607,523.1622008732932,284.47211462577366,6592.160385662414,804.0617095114466,90.59794959539043,1598.3308211703722,839.5776348404147
patient_126,251.0,10.04,49.09192957500723,265.05508614905756,525.1258780562933,476.85280623592143,4809.517290253694,823.1358217608835,391.67446574980977,7526.912903860483,855.2446134704071
patient_126,252.0,10.08,29.964463794980215,-478.1866445006753,526.3244566080925,182.4673458838682,-7359.63650880133,830.4345155962382,88.39418765967052,-7582.00695225348,858.7803809767938
patient_126,253.0,10.12,56.1638381355643,654.984358514602,528.5710101335152,13.27785136647095,-4229.737362934931,830.965629650897,195.45321620119637,2676.475713538146,866.5985096248417
patient_126,254.0,10.16,73.9543812368037,444.763577530985,531.5291853829873,80.31676624243796,1675.9728718991753,834.1783003005945,105.24069012267215,-2255.3131519631056,870.8081372297486
patient_126,255.0,10.2,92.56801861861685,465.3409345453287,535.2319061277319,74.47582454427011,-146.02354245419633,837.1573332823655,77.38137108932021,-696.4829758337985,873.9033920733214
patient_126,256.0,10.24,25.343353277004177,-1680.616633540317,536.2456402588122,121.99962005616312,1188.0948877973253,842.0373180846119,67.49690275883229,-247.111708262198,876.6032681836747
patient_126,257.0,10.28,71.16213959799781,1145.4696580248408,539.092125842732,167.63993104644476,1141.0077747570408,848.7429153264696,76.3648729014807,221.69925356621007,879.657863099734
patient_126,258.0,10.32,82.65476962696891,287.3157507242777,542.3983166278108,175.27338939885274,190.83645881019962,855.7538509024238,121.98295118202331,1140.4519570135656,884.537181147015
patient_126,259.0,10.36,105.31023012473335,566.386512444111,546.6107258328001,152.52833521398247,-568.6263546217567,861.854984310983,42.29093046295839,-1992.3005179766228,886.2288183655332
patient_126,260.0,10.4,81.87424557574634,-585.8996137246752,549.8856956558299,111.12539404293273,-1035.0735292762438,866.3000000727003,45.8555021519412,89.11429222457024,888.063038451611
patient_126,261.0,10.44,91.35279155579917,236.96364950132073,553.5398073180619,25.183386907657404,-2148.550178381883,867.3073355490067,378.4108918637887,8313.884742796188,903.1994741261625
patient_126,262.0,10.48,91.21931417020087,-3.336934639957434,557.1885798848699,169.18491497571958,3600.0382017015545,874.0747321480354,122.0912241526393,-6407.991692778735,908.0831230922681
patient_126,263.0,10.52,13.386065278336428,-1945.831222296611,557.7240224960034,174.28758724720262,127.5668067870761,881.0462356379235,253.16408431868274,3276.8215041510857,918.2096864650154
patient_126,264.0,10.56,16.356194556647846,74.25323195778546,558.3782702782693,165.87304923173545,-210.36345038667932,887.681157607193,27.125029008329953,-5650.976382758819,919.2946876253486
patient_126,265.0,10.6,25.63366714535837,231.93681471776307,559.4036169640837,107.5385066810486,-1458.3635637671712,891.982697874435,54.579067571289514,686.350964073989,921.4778503282001
patient_126,266.0,10.64,69.8165533051318,1104.5721539943358,562.1962790962889,94.74479463880918,-319.8428010559855,895.7724896599873,55.950480005426684,34.28531085342925,923.7158695284172
patient_126,267.0,10.68,85.20960232674967,384.8262255404467,565.6046631893589,145.56634785633545,1270.5388304381568,901.5951435742408,93.95012137752866,949.9910343025495,927.4738743835184
patient_126,268.0,10.72,110.20866606746233,624.9765935178165,570.0130098320574,338.49957597240126,4823.330702901645,915.1351266131368,700.6910582853644,15168.523422695893,955.5015167149329
patient_126,269.0,10.76,172.28948446090726,1552.0204598361233,576.9045892104937,537.7106954393491,4980.277986673697,936.6435544307108,377.12944245291453,-8089.040395811247,970.5866944130496
patient_126,270.0,10.8,32.11182004550744,-3504.4416103849953,578.189062012314,99.37034855442218,-10958.508672123173,940.6183683728876,66.37770430425692,-7768.793453716441,973.2418025852198
patient_126,271.0,10.84,224.88901630361278,4819.429906452633,587.1846226644585,355.6531659288178,6407.070434359892,954.8444950100404,394.3843342625757,8200.165748957968,989.0171759557229
patient_126,272.0,10.88,427.5319976779586,5066.074534358646,604.2859025715769,591.373665025955,5893.0124774284295,978.4994416110786,344.79716896162284,-1239.6791325238212,1002.8090627141879
patient_126,273.0,10.92,401.0464156855386,-662.1395498105003,620.3277591989984,230.36619034706837,-9025.186866972166,987.7140892249613,345.3439063832393,13.668435540411394,1016.6228189695175
patient_126,274.0,10.96,269.53300625537446,-3287.8352357541035,631.1090794492134,418.0601526761484,4692.349058227001,1004.4364953320073,182.611125779789,-4068.3195150862575,1023.9272640007091
patient_126,275.0,11.0,473.4545704687283,5098.039105333846,650.0472622679625,672.3866350198392,6358.162058592271,1031.331960732801,349.83762645286566,4180.6625168269165,1037.9207690588237
patient_126,276.0,11.04,127.48288216157843,-8649.292207678747,655.1465775544257,635.5743914027825,-920.3060904264191,1056.7549363889123,344.4037891157167,-135.84593342872466,1051.6969206234526
patient_126,277.0,11.08,100.96993624801384,-662.8236478391149,659.1853750043463,376.9431559050911,-6465.780887442284,1071.8326626251157,116.30808737754592,-5702.392543454269,1056.3492441185545
patient_126,278.0,11.12,135.52391307388766,863.8494206468455,664.6063315273018,150.434007193801,-5662.728717782253,1077.8500229128679,200.99301569540006,2117.1232079463534,1064.3889647463702
patient_126,279.0,11.16,51.833770997404216,-2092.253551912086,666.679682367198,117.24040736124688,-829.8399958138529,1082.5396392073176,188.84309613936742,-303.74798890081604,1071.942688591945
patient_126,280.0,11.2,65.3662880267838,338.3129257344898,669.2943338882693,102.1779830744938,-376.5606071688271,1086.6267585302974,284.6537676182733,2395.2667869726474,1083.328839296676
patient_126,281.0,11.24,33.604561909103595,-794.0431529420052,670.6385163646333,22.17276032167813,-2000.1305688203918,1087.5136689431645,37.90418897890899,-6168.739465984108,1084.8450068558323
patient_126,282.0,11.28,68.56419022291114,873.9907078451886,673.3810839735498,27.19546238652696,125.56755162122073,1088.6014874386256,45.680579915408124,194.40977341247833,1086.6722300524486
patient_126,283.0,11.32,55.77598698101114,-319.7050810475,675.6121234527902,88.53402067095205,1533.4639571106272,1092.1428482654637,55.921477513303564,256.02243994738603,1088.9090891529809
patient_126,284.0,11.36,103.78327555069956,1200.1822142422104,679.7634544748183,88.22224997259255,-7.794267458987392,1095.6717382643674,112.66394931769116,1418.56179510969,1093.4156471256886
patient_126,285.0,11.4,20.157071871642952,-2090.655091976415,680.569737349684,20.132318104308304,-1702.2482967071064,1096.4770309885398,39.115669539802006,-1838.7069944472287,1094.9802739072807
patient_126,286.0,11.44,36.07650464077183,397.98581922822194,682.0127975353149,46.779080342816286,666.1690559626995,1098.3481942022524,29.367048443849917,-243.71552739880224,1096.1549558450347
patient_126,287.0,11.48,60.030653728642854,598.8537271967756,684.4140236844605,110.56715248260161,1594.7018034946332,1102.7708803015566,101.22117552112722,1796.3531769319325,1100.2038028658799
patient_126,288.0,11.52,98.26356475380014,955.8227756289322,688.3445662746126,70.50321484146468,-1001.5984410284233,1105.5910088952153,821.0751931282232,17996.3504401774,1133.0468105910088
patient_126,289.0,11.56,233.0895458363283,3370.649527063205,697.6681481080657,196.24193338240917,3143.467963523612,1113.4406862305116,295.227927808472,-13146.18163299378,1144.8559277033478
patient_126,290.0,11.6,362.30321189771263,3230.341651534608,712.1602765839742,281.1949303295479,2123.824923678468,1124.6884834436935,146.59980361081054,-3715.703104941536,1150.7199198477801
patient_126,291.0,11.64,70.99677968770376,-7282.660805250222,715.0001477714823,218.89112095201793,-1557.5952344382492,1133.4441282817743,87.69566389895424,-1472.6034927964076,1154.2277464037384
patient_126,292.0,11.68,531.368873837466,11509.302353744057,736.254902724981,300.4521996723161,2039.0269680074546,1145.462216268667,623.9404370988545,13406.11932999751,1179.1853638876926
patient_126,293.0,11.72,480.3086562848079,-1276.5054388164529,755.4672489763732,1212.245784740345,22794.839626700723,1193.952047658281,1291.187856028847,16681.18547324981,1230.8328781288465
patient_126,294.0,11.76,557.6242829931535,1932.8906677086409,777.7722202960994,686.306517032001,-13148.4816927086,1221.4043083395609,482.45769014368864,-20218.254147128955,1250.1311857345938
patient_126,295.0,11.8,388.3994593551692,-4230.620590949608,793.3081986703062,503.7523840217647,-4563.853325255907,1241.5544037004315,579.2940284517738,2420.9084577021285,1273.302946872665
patient_126,296.0,11.84,250.28302145060547,-3452.910947614093,803.3195195283304,275.5370703824604,-5705.382840982608,1252.5758865157297,630.2210896857406,1273.1765308491704,1298.5117904600945
patient_126,297.0,11.88,150.51324628467134,-2494.2443791483533,809.3400493797172,126.25607190550699,-3732.0249619238352,1257.6261293919501,234.642567975217,-9889.463042763091,1307.897493179103
patient_126,298.0,11.92,103.62569952785725,-1172.1886689203523,813.4850773608315,26.656053948658705,-2490.000448921207,1258.6923715498965,20.062087380753834,-5364.512014861579,1308.6999766743334
patient_126,299.0,11.96,270.8506346339525,4180.623377652381,824.3191027461896,93.36902241269728,1667.8242116009642,1262.4271324464044,89.18916429507848,1728.176922858116,1312.2675432461363
patient_126,300.0,12.0,172.57511348677255,-2456.888028679499,831.2221072856605,179.16513049069627,2144.902701949975,1269.5937376660322,145.20367576618287,1400.3627867776097,1318.0756902767837
patient_126,301.0,12.04,153.90121137102773,-466.84755289362056,837.3781557405015,63.20042642210104,-2899.117601714881,1272.1217547229162,58.39620371836998,-2170.1868011953225,1320.4115384255183
patient_126,302.0,12.08,44.454098526258676,-2736.1778211192263,839.1563196815518,150.85329264241685,2191.3216555078952,1278.1558864286128,25.090514029110043,-832.6422422314984,1321.4151589866826
patient_126,303.0,12.12,122.71777602041497,1956.5919373539075,844.0650307223684,129.963685672368,-522.2401742512211,1283.3544338555075,62.76085434218528,941.7585078268811,1323.9255931603702
patient_126,304.0,12.16,132.25685697028004,238.47702374662668,849.3553050011797,154.15595965999532,604.806849690683,1289.5206722419073,187.67406245826095,3122.8302029018914,1331.4325556587005
patient_126,305.0,12.2,138.83181412251596,164.37392880589812,854.9085775660803,141.74161267968012,-310.35867450788004,1295.1903367490945,128.78867827685445,-1472.1346045351625,1336.5841027897748
patient_126,306.0,12.24,83.68035307365612,-1378.7865262214962,858.2557916890266,302.5529837997664,4020.284278002158,1307.2924561010852,121.26556297370809,-188.07788257865923,1341.434725308723
patient_126,307.0,12.28,75.18479254176216,-212.38901329734892,861.2631833906971,48.00400708623715,-6363.724417838232,1309.2126163845348,147.26584605994591,650.0070771559457,1347.325359151121
patient_126,308.0,12.32,21.17929369006116,-1350.137471292525,862.1103551382995,89.8201616193086,1045.4038633267864,1312.805422849307,54.76788622502454,-2312.448995873034,1349.516074600122
patient_126,309.0,12.36,14.915488081642321,-156.59514021047102,862.7069746615651,17.93476625529707,-1797.1348841002887,1313.5228134995189,64.79428682165367,250.66001491572825,1352.1078460729882
patient_126,310.0,12.4,34.42476488194409,487.73192000754426,864.0839652568429,78.61367174476781,1516.9726372367686,1316.6673603693096,81.27919132292817,412.1226125318625,1355.3590137259055
patient_126,311.0,12.44,65.09566851280732,766.7725907715808,866.6877919973552,70.70891420404637,-197.6189385180362,1319.4957169374716,414.6695373948392,8334.758651797776,1371.945795221699
patient_126,312.0,12.48,26.160385349405882,-973.3820790850359,867.7342074113315,78.88967616155944,204.51904893782677,1322.651303983934,63.83118173591778,-8770.958891473036,1374.4990424911357
patient_126,313.0,12.52,129.46905020066467,2582.7166212814695,872.912969419358,272.44610613159796,4838.910749250963,1333.549148229198,23.80325871213857,-1000.6980755944802,1375.4511728396214
patient_126,314.0,12.56,144.8853187898683,385.406714730091,878.7083821709526,147.232210425307,-3130.347392657274,1339.43843664621,239.5710038999526,5394.19362969535,1385.0340129956196
patient_126,315.0,12.6,180.4786746921763,889.8338975576997,885.9275291586397,206.63304685844588,1485.0209108284723,1347.703758520548,705.1209077494175,11638.747596236622,1413.2388493055964
patient_126,316.0,12.64,239.04409521008222,1464.135512947648,895.489292967043,671.9038543451868,11631.770187168522,1374.5799126943557,475.3425424905922,-5744.459131470631,1432.25255100522
patient_126,317.0,12.68,172.0381125512033,-1675.1495664719728,902.3708174690911,450.6265105680896,-5531.93359442743,1392.604973117079,467.2551046284673,-202.18594655312359,1450.9427551903586
patient_126,318.0,12.72,332.88576354940244,4021.1912749549783,915.6862480110672,419.1226148202399,-787.5973936962424,1409.3698777098887,667.0779398378311,4995.570880234095,1477.625872783872
patient_126,319.0,12.76,166.35552418070128,-4163.255984217529,922.3404689782952,440.99853311146956,546.8979572807414,1427.0098190343476,813.881768386885,3670.0957137263485,1510.1811435193472
patient_126,320.0,12.8,454.0630484108773,7192.6881057544,940.5029909147303,680.5524525721962,5988.847986518166,1454.2319171372355,536.8355435957762,-6926.15561977772,1531.6545652631785
patient_126,321.0,12.84,299.1227884220465,-3873.50649972077,952.4679024516122,9.795760087385162,-16768.917312120277,1454.623747540731,209.30676946672537,-8188.219353226272,1540.0268360418474
patient_126,322.0,12.88,224.62121045555617,-1862.5394491622578,961.4527508698344,80.65017625915597,1771.3604042942702,1457.8497545910973,180.1608269308668,-728.6485633964645,1547.233269119082
patient_126,323.0,12.92,221.97329698597417,-66.19783673954984,970.3316827492733,258.9412018941236,4457.275640874191,1468.2074026668622,298.5545158969955,2959.8422241532176,1559.1754497549618
patient_126,324.0,12.96,165.72758395572296,-1406.1428257562802,976.9607861075023,244.67734497677702,-356.5964229336643,1477.9944964659333,159.0167204253379,-3488.4448867914402,1565.5361185719753
patient_126,325.0,13.0,165.68888368604632,-0.9675067419159689,983.588341454944,69.09893693545243,-4389.460201033115,1480.7584539433512,74.19872620073836,-2120.4498556149883,1568.504067620005
patient_126,326.0,13.04,118.16298340631751,-1188.1475069932203,988.3148607911967,49.89789368013644,-480.0260813828997,1482.7543696905568,104.1973510905156,749.9656222444308,1572.6719616636256
patient_126,327.0,13.08,85.99697479618439,-804.1502152533279,991.7547397830441,71.89092867760895,549.8258749368129,1485.6300068376613,25.897532084467805,-1957.4954751511946,1573.7078629470043
patient_126,328.0,13.12,42.481336508489214,-1087.8909571923793,993.4539932433836,59.556375278712494,-308.3638349724115,1488.0122618488097,80.3007545473822,1360.0805615728598,1576.9198931288995
patient_126,329.0,13.16,43.362958432870144,22.04054810952325,995.1885115806984,91.84365052705682,807.1818812086083,1491.6860078698921,90.26370962319497,249.0738768953193,1580.5304415138273
patient_126,330.0,13.2,46.640985666266126,81.95068083489954,997.054151007349,11.437046489650864,-2010.165100935149,1492.143489729478,123.21950313523178,823.8948378009202,1585.4592216392366
patient_126,331.0,13.24,78.4883689931508,796.1845831721168,1000.1936857670751,79.76209925611369,1708.1263191615703,1495.3339736997225,41.39409145747401,-2045.635291943944,1587.1149852975352
patient_126,332.0,13.28,44.57290420611654,-847.8866196758565,1001.9766019353198,108.37387156699133,715.294307771941,1499.6689285624022,72.85202553313918,786.4483518916293,1590.029066318861
patient_126,333.0,13.32,9.214647252540946,-883.9564238393898,1002.3451878254215,42.80821228350125,-1639.141482087252,1501.3812570537423,19.49223430606499,-1333.994780676855,1590.8087556911037
patient_126,334.0,13.36,18.09703897675875,222.0597931054451,1003.0690693844917,36.589162870744026,-155.47623531893055,1502.844823568572,25.925875427313905,160.84102803122286,1591.845790708196
patient_126,335.0,13.4,29.851316033253397,293.8569264123662,1004.263122025822,45.77820383606902,229.72602413312478,1504.6759517220148,28.07373434035569,53.6964728260446,1592.9687400818102
patient_126,336.0,13.44,28.256845715729416,-39.861757938099544,1005.3933958544511,65.28006722609368,487.5465847506165,1507.2871544110585,45.75932506087772,442.1397680130508,1594.7991130842452
patient_126,337.0,13.48,30.4561994711748,54.98384388613458,1006.611643833298,42.766347046973294,-562.8430044780096,1508.9978082929374,225.67220077584636,4497.821892874216,1603.8260011152788
patient_126,338.0,13.52,124.911708666055,2361.3877298720054,1011.6081121799402,91.06929065988776,1207.5735903228615,1512.6405799193328,515.0053316043312,7233.328270712122,1624.4262143794522
patient_126,339.0,13.56,217.6972595692565,2319.638772580037,1020.3160025627105,223.10428519935218,3300.874863486611,1521.564751327307,182.6182092615431,-8309.678058569703,1631.730942749914
patient_126,340.0,13.6,295.0483899299581,1933.77825901754,1032.1179381599088,387.60981376272974,4112.638214084439,1537.069143877816,266.12355775204475,2087.6337122625414,1642.3758850599957
patient_126,341.0,13.64,337.5734486058753,1063.1264668979297,1045.620876104144,276.51906994624386,-2777.268595412147,1548.129906675666,389.0577640726616,3073.3551580154212,1657.9381956229022
patient_126,342.0,13.68,469.5095474818849,3298.4024719002405,1064.4012580034191,248.12349551833913,-709.8893606976184,1558.0548464963995,390.6261970510637,39.21082446005215,1673.5632435049445
patient_126,343.0,13.72,570.1460302806615,2515.912069969416,1087.2070992146457,584.4834527013155,8408.998929574409,1581.4341846044522,498.78956856194156,2704.084287771947,1693.5148262474222
patient_126,344.0,13.76,607.8103150331525,941.6071188122743,1111.5195118159718,698.099695603811,2840.4060725623876,1609.3581724286048,723.2993091509526,5612.743514725275,1722.4467986134605
patient_126,345.0,13.8,651.9192476242943,1102.7233147785437,1137.5962817209436,691.6230204616844,-161.9168785531656,1637.0230932470722,530.5898991562457,-4817.735249867673,1743.6703945797103
patient_126,346.0,13.84,481.4344572272577,-4262.119759925913,1156.8536600100338,600.1446128205366,-2286.9601910286947,1661.0288777598937,500.8357491291809,-743.8537506766195,1763.7038245448775
patient_126,347.0,13.88,285.81865090653304,-4890.395158018117,1168.2864060462953,223.27731256171674,-9421.682506470497,1669.9599702623623,474.3249587952684,-662.7697583478124,1782.6768228966882
patient_126,348.0,13.92,166.61215545649887,-2980.162386250854,1174.9508922645553,438.54135320973353,5381.6010162004195,1687.5016243907514,461.31204604291526,-325.32281880882863,1801.1293047384047
patient_126,349.0,13.96,146.062933839189,-513.730540432747,1180.7934096181227,256.9010462458294,-4541.007674097604,1697.7776662405847,206.74118045998935,-6364.271639573148,1809.3989519568045
patient_126,350.0,14.0,35.88293718823263,-2754.4999162739086,1182.2287271056518,128.95707047648264,-3198.5993942336686,1702.9359490596441,231.18008225924788,610.9725449814632,1818.6461552471744
patient_126,351.0,14.04,71.18931100041321,882.6593453045145,1185.0762995456685,132.79552936845894,95.96147229940755,1708.2477702343824,62.38003436473112,-4220.001197362919,1821.1413566217636
patient_126,352.0,14.08,20.629731628595355,-1263.9894842954466,1185.9014888108122,47.268476172281886,-2138.1763299044264,1710.1385092812739,27.60891066846512,-869.2780924066499,1822.2457130485022
patient_126,353.0,14.12,20.480594678339674,-3.7284237563920186,1186.7207125979457,76.54997064895042,732.0373619167134,1713.2005081072318,12.638825688449245,-374.2521245003969,1822.75126607604
patient_126,354.0,14.16,81.92381652497221,1536.0805461658135,1189.9976652589448,45.53171209343563,-775.4564638878697,1715.0217765909692,52.67812559087773,1000.9824975607121,1824.8583910996751
patient_126,355.0,14.2,124.955954907884,1075.803459572795,1194.99590345526,139.02520907139282,2337.3374244489296,1720.5827849538248,72.01882429989357,483.517467725396,1827.7391440716708
patient_126,356.0,14.24,129.02886478740467,101.82274698801663,1200.1570580467562,104.43112225997199,-864.852170285521,1724.7600298442237,87.7264234041144,392.6899776055208,1831.2482010078354
patient_126,357.0,14.28,127.7696164593251,-31.48120820198912,1205.2678427051294,53.26458394359583,-1279.1634579094039,1726.8906132019674,87.66633894270208,-1.502111535307904,1834.7548545655436
patient_126,358.0,14.32,63.42535510704688,-1608.6065338069557,1207.8048569094112,123.45190232250825,1754.6829594728101,1731.828689294868,128.33376313952954,1016.6856049206864,1839.8882050911247
patient_126,359.0,14.36,18.89982228904581,-1113.1383204500266,1208.5608498009728,77.78110104462023,-1141.7700319472006,1734.9399333366525,12.180852438345354,-2903.822767529605,1840.3754391886584
patient_126,360.0,14.4,52.276063599754046,834.4060327677059,1210.651892344963,84.48113630018975,167.50088138923792,1738.3191787886599,88.17765736388799,1899.920123138566,1843.902545483214
patient_126,361.0,14.44,36.48171730943985,-394.8586572578549,1212.1111610373407,89.56263934903915,127.03757622123497,1741.9016843626214,96.12467517556581,198.6754452919456,1847.7475324902366
patient_126,362.0,14.48,24.746575097979235,-293.3785552865154,1213.10102404126,68.20920025187843,-533.8359774290179,1744.6300523726966,155.9760526102927,1496.284435868172,1853.9865745946483
patient_126,363.0,14.52,5.398022002806536,-483.7138273793174,1213.3169449213722,18.548346771549667,-1241.521337008219,1745.3719862435587,93.588857965655,-1559.6798661159426,1857.7301289132745
patient_126,364.0,14.56,25.086502856596493,492.21202134474885,1214.320405035636,23.34351754533149,119.87926934454558,1746.305726945372,83.99743448422186,-239.78558703582848,1861.0900262926432
patient_126,365.0,14.6,56.92506489386847,795.9640509317995,1216.5974076313908,32.05643137140008,217.82284565171474,1747.587984200228,38.902332143588495,-1127.377558515834,1862.6461195783868
patient_126,366.0,14.64,39.32976939087742,-439.88238757477626,1218.1705984070259,35.73926751164492,92.07090350612094,1749.0175549006935,111.61515002515051,1817.8204470390504,1867.1107255793927
patient_126,367.0,14.68,52.322834630450956,324.8266309893383,1220.263511792244,20.731070498670544,-375.20492532435935,1749.8467977206406,144.25589041337327,816.0185097055688,1872.8809611959277
patient_126,368.0,14.72,80.60993434272295,707.1774928067999,1223.487909165953,65.32397983581988,1114.8227334287335,1752.4597569140733,89.4740102998205,-1369.547002838819,1876.4599216079205
patient_126,369.0,14.76,56.77560968342483,-595.8581164824529,1225.7589335532898,55.577657277996366,-243.65806394558797,1754.6828632051931,32.43491024325712,-1425.9775014140846,1877.757318017651
patient_126,370.0,14.8,38.44991229154309,-458.1424347970435,1227.2969300449515,130.03770878067021,1861.5012875668463,1759.8843715564199,166.5268676380204,3352.298934869082,1884.4183927231718
patient_126,371.0,14.84,30.61919773446432,-195.76786392696937,1228.5216979543302,53.22046928312006,-1920.430987438754,1762.0131903277447,34.36374037557168,-3304.0781815612177,1885.7929423381947
patient_126,372.0,14.88,42.51211763804047,297.3229975894038,1230.2221826598518,60.53528306898641,182.87034464665874,1764.4346016505044,95.11163409970851,1518.6973431034207,1889.597407702183
patient_126,373.0,14.92,45.2901861532276,69.45171287967824,1232.0337901059809,56.213901427129905,-108.03454104641261,1766.6831577075895,114.20369021913417,477.3014029856416,1894.1655553109483
patient_126,374.0,14.96,65.96659961919906,516.9103366492865,1234.6724540907487,43.95688490874086,-306.4254129597261,1768.441433103939,156.71727258943307,1062.8395592574723,1900.4342462145257
patient_126,375.0,15.0,24.180421807549003,-1044.6544452912515,1235.6396709630508,54.642221386695624,267.1334119488691,1770.6271219594068,27.917328785671895,-3219.9985950940295,1901.5509393659524
patient_126,376.0,15.04,58.95622043508698,869.3949656884495,1237.9979197804541,126.06905270401815,1785.670782933063,1775.6698840675679,111.83081872905242,2097.837248584513,1906.0241721151147
patient_126,377.0,15.08,53.47540240005127,-137.02045087589278,1240.1369358764562,128.5386613995549,61.74021738841908,1780.8114305235501,216.90613280657107,2626.882851937966,1914.7004174273775
patient_126,378.0,15.12,24.15400919990576,-733.0348300036378,1241.1030962444524,326.16908014920256,4940.760468741191,1793.858193729518,251.0159082579752,852.7443862851037,1924.7410537576966
patient_126,379.0,15.16,108.93215580986254,2119.4536652489196,1245.460382476847,825.745264246675,12489.40460243681,1826.888004299385,843.4725398653276,14811.41579018381,1958.4799553523096
patient_126,380.0,15.2,251.4749170045975,3563.569029868374,1255.519379157031,528.3820423977385,-7434.080546223413,1848.0232859952946,348.2944778801122,-12379.451549630385,1972.411734467514
patient_126,381.0,15.24,264.42566719059835,323.76875465002115,1266.0964058446548,446.5286628467297,-2046.33448877522,1865.8844325091638,289.30580154800873,-1474.7169083025867,1983.9839665294342
patient_126,382.0,15.28,243.03513793873998,-534.7632312964593,1275.8178113622043,438.91888793363586,-190.2443728273454,1883.4411880265093,196.77327864545916,-2313.3130725637393,1991.8548976752527
patient_126,383.0,15.32,210.21986825767775,-820.3817420265558,1284.2266060925115,185.63352827915978,-6332.133991361902,1890.8665291576756,89.58666951883012,-2679.665228165726,1995.4383644560057
patient_126,384.0,15.36,156.6086803045913,-1340.2796988271612,1290.490953304695,148.82237714521668,-920.2787783485775,1896.8194242434845,215.17195956193888,3139.632251077719,2004.0452428384833
patient_126,385.0,15.4,136.95866541934151,-491.2503721312447,1295.9692999214687,167.40950687078532,464.6782431392161,1903.5158045183157,195.37425816541085,-494.9425349132007,2011.8602131650996
patient_126,386.0,15.44,121.89626903968826,-376.55990949133127,1300.8451506830563,141.87892212358628,-638.2646186799761,1909.190961403259,71.06226076877253,-3107.799934915958,2014.7027035958504
patient_126,387.0,15.48,94.28317772281662,-690.3272829217912,1304.616477791969,85.0277404161206,-1421.2795426866421,1912.5920710199039,177.2834558585628,2655.529877244757,2021.7940418301928
patient_126,388.0,15.52,11.702260852165544,-2064.522921766277,1305.0845682260556,85.24613866358632,5.459956186643211,1916.001916566447,83.88038580686751,-2335.076751292382,2025.1492572624672
patient_126,389.0,15.56,17.55214943578225,146.24721459041768,1305.786654203487,28.280178965465126,-1424.14899245303,1917.1331237250656,48.18340503293102,-892.4245193484122,2027.0765934637848
patient_126,390.0,15.6,83.52566688273103,1649.3379361737193,1309.1276808787961,92.72902300293802,1611.2211009368225,1920.8422846451833,53.60647445981867,135.57673567219126,2029.2208524421774
patient_126,391.0,15.64,85.17786511315698,41.30495576064881,1312.5347954833223,88.14971093727907,-114.48280164147384,1924.3682730826745,59.1541962434145,138.6930445898958,2031.5870202919139
patient_126,392.0,15.68,99.99183749831835,370.3493096290341,1316.534468983255,63.71924065992739,-610.7617569337921,1926.9170427090714,71.64930020169953,312.3775989571257,2034.452992299982
patient_126,393.0,15.72,51.70056071131706,-1207.2819196750322,1318.6024914117077,16.650465351756676,-1176.719382704268,1927.5830613231417,45.61086322996813,-650.960924293285,2036.2774268291805
patient_126,394.0,15.76,27.262238749919934,-610.9580490349282,1319.6929809617045,71.3014039997477,1366.2734661997756,1930.4351174831318,43.39509061055799,-55.394315485253465,2038.013230453603
patient_126,395.0,15.8,33.452407797258665,154.7542261834683,1321.0310772735947,53.78520096910992,-437.90507576594456,1932.5865255218962,43.91160238341868,12.912794321517218,2039.76969454894
patient_126,396.0,15.84,71.7360293084674,957.0905377802183,1323.9005184459334,45.25997812534494,-213.13057109412466,1934.39692464691,193.17551881702911,3731.5979108402607,2047.496715301621
patient_126,397.0,15.88,130.21557926031213,1461.9887487961182,1329.109141616346,191.8173669350826,3663.9347202434415,1942.0696193243132,45.06212954127475,-3702.8347318938595,2049.2992004832718
patient_126,398.0,15.92,243.7848202294394,2839.2310242281815,1338.8605344255236,216.6870568554562,621.7422480093404,1950.7371015985316,111.95615915842289,1672.3507404287034,2053.7774468496086
patient_126,399.0,15.96,375.5594123554219,3294.3648031495627,1353.8829109197404,370.8429920101336,3853.8983788669357,1965.5708212789368,457.28772966167406,8633.289262581278,2072.0689560360756
patient_126,400.0,16.0,489.87234283166515,2857.8232619060814,1373.477804633007,597.8447835668145,5675.044788917022,1989.4846126216094,469.10075696985933,295.32568270463173,2090.8329863148697
patient_126,401.0,16.04,309.284040857101,-4514.707549364104,1385.849166267291,539.8360533397262,-1450.2182556772084,2011.0780547551985,589.6647512238916,3014.0998563508065,2114.4195763638254
patient_126,402.0,16.08,138.78562599130646,-4262.460371644864,1391.4005913069434,446.805351858284,-2325.7675370360544,2028.9502688295297,431.8945637151362,-3944.2546877188847,2131.695358912431
patient_126,403.0,16.12,123.3880149679113,-384.9402755848789,1396.33611190566,126.79753160147088,-8000.195506420328,2034.0221700935886,215.97741556812758,-5397.928703675216,2140.334455535156
patient_126,404.0,16.16,81.61544080705286,-1044.314354021461,1399.6007295379418,71.76711377030156,-1375.760445779233,2036.8928546444006,168.35230284180463,-1190.6278181580738,2147.0685476488284
patient_126,405.0,16.2,84.46190530143544,71.16161235956433,1402.979205749999,202.9402427836389,3279.3282253334332,2045.0104643557463,363.4302361013226,4876.948331487949,2161.605757092881
patient_126,406.0,16.24,212.6484450182333,3204.663492919947,1411.4851435507285,208.6797693917327,143.48816520234493,2053.3576551314154,324.13009546422336,-982.5035159274805,2174.57096091145
patient_126,407.0,16.28,103.26903927673814,-2734.485143537379,1415.615905121798,252.7488276343731,1101.7264560660103,2063.4676082367905,442.5579368847976,2960.6960355143556,2192.273278386842
patient_126,408.0,16.32,102.2212029257639,-26.195908774355914,1419.7047532388285,59.73009776027547,-4825.468246852441,2065.8568121472017,4.566648943450761,-10949.78219853367,2192.45594434458
patient_126,409.0,16.36,125.994976665887,594.3443435030772,1424.7445523054641,67.09045907536037,184.00903287712254,2068.540430510216,115.79714042114779,2780.762286942426,2197.087829961426
patient_126,410.0,16.4,98.16765837073828,-695.6829573787179,1428.6712586402937,44.53413222475705,-563.908171265083,2070.3217957992065,112.8652209897269,-73.29798578552236,2201.602438801015
patient_126,411.0,16.44,13.537537328168632,-2115.753026064241,1429.2127601334205,66.11131289893596,539.4295168544728,2072.9662483151637,50.41810999551613,-1561.177774855269,2203.619163200836
patient_126,412.0,16.48,61.908272222659726,1209.2683723622774,1431.689091022327,88.81903300035509,567.6930025354782,2076.519009635178,197.5600443152818,3678.5483579941415,2211.521564973447
patient_126,413.0,16.52,62.31220404188693,10.098295480680086,1434.1815791840024,215.6232003435371,3170.10418357955,2085.1439376489197,143.93441966734466,-1340.6406161984287,2217.2789417601407
patient_126,414.0,16.56,40.15632351905491,-553.8970130708005,1435.7878321247647,82.02382189302183,-3339.9844612628813,2088.4248905246404,108.30022616478108,-890.8548375640894,2221.610950806732
patient_126,415.0,16.6,40.220866837450394,1.613582959887161,1437.3966667982627,37.41582087040978,-1115.2000255653013,2089.921523359457,110.29320403632084,49.824446788494114,2226.022678968185
patient_126,416.0,16.64,13.451668418612206,-669.2299604709547,1437.9347335350071,6.4288241592037965,-774.6749177801496,2090.178676325825,77.66511191290563,-815.7023030853803,2229.1292834447013
patient_126,417.0,16.68,33.921830165677285,511.7540436766269,1439.2916067416343,59.39926669803025,1324.2610634706614,2092.554646993746,69.67765387808917,-199.6864508704114,2231.916389599825
patient_126,418.0,16.72,26.09081595733863,-195.77535520846635,1440.3352393799278,63.759705773754874,109.01097689311553,2095.105035224696,74.85474649644114,129.4273154587991,2234.9105794596826
patient_126,419.0,16.76,64.15223198891806,951.5354007894857,1442.9013286594845,62.98938946286124,-19.257907772340843,2097.624610803211,85.45911581837095,265.10923304824524,2238.3289440924173
patient_126,420.0,16.8,45.84670116544171,-457.63827058690885,1444.7351967061022,289.5001345845559,5662.768628042366,2109.2046161865933,95.85248669357959,259.83427188021614,2242.1630435601605
patient_126,421.0,16.84,33.154821843327966,-317.29698305284353,1446.0613895798356,51.15683721425692,-5958.582434257474,2111.2508896751633,39.858725243386985,-1399.8440362548151,2243.7573925698957
patient_126,422.0,16.88,21.702943691953536,-286.29695378436077,1446.9295073275136,9.828772436595234,-1033.201619441542,2111.644040572627,52.621442357299635,319.06792784781624,2245.862250264188
patient_126,423.0,16.92,14.982763378739051,-168.00450783036212,1447.5288178626633,170.96019892773907,4028.2856622785957,2118.4824485297368,37.266541704640595,-383.872516316476,2247.3529119323734
patient_126,424.0,16.96,27.246194564678394,306.5857796484836,1448.6186656452505,10.986096414199103,-3999.3525628384996,2118.9218923863045,123.46989635351336,2155.083866221819,2252.2917077865136
patient_126,425.0,17.0,47.595715176133155,508.73801528636903,1450.522494252296,21.289393049046396,257.5824158711823,2119.7734681082666,32.35615426890917,-2277.8435521151046,2253.58595395727
patient_126,426.0,17.04,54.40222272968163,170.16268883871194,1452.6985831614832,136.56924488572375,2881.996295916934,2125.2362379036954,5.074494300705669,-682.0414992050876,2253.788933729298
patient_126,427.0,17.08,103.3650255231027,1224.0700698355267,1456.8331841824072,83.25832591155569,-1332.7729743542016,2128.566570940158,152.76554907618464,3692.276369386974,2259.8995556923455
patient_126,428.0,17.12,84.64950240984726,-467.8880778313861,1460.2191642788011,105.28864425189634,550.7579585085164,2132.7781167102335,75.41176771135021,-1933.8445341208608,2262.9160264007996
patient_126,429.0,17.16,0.8821979050541366,-2094.182612619828,1460.2544521950033,88.38298661245479,-422.6414409860389,2136.3134361747316,15.485032971354531,-1498.168368499892,2263.535427719654
patient_126,430.0,17.2,53.0258269801914,1303.5907268784315,1462.375485274211,115.05816274126092,666.8794032201532,2140.915762684382,46.86993312126947,784.6225037478735,2265.410225044505
patient_126,431.0,17.24,82.22861099380069,730.0696003402322,1465.664629713963,12.373268897504605,-2567.1223460939077,2141.4106934402826,271.2023558472418,5608.310568149308,2276.2583192783945
patient_126,432.0,17.28,34.9070646133199,-1183.0386595120196,1467.0609122984959,117.36023481740077,2624.674147997404,2146.1051028329784,176.7142746416636,-2362.202030139455,2283.326890264061
patient_126,433.0,17.32,73.00542240654282,952.4589448305729,1469.9811291947576,52.76904798789874,-1614.7796707375505,2148.215864752495,170.0590692839257,-166.3801339434471,2290.129253035418
patient_126,434.0,17.36,81.5773315519988,214.2977286363994,1473.2442224568376,115.09250537841342,1558.0864347628672,2152.8195649676313,164.31161120359752,-143.68645200820467,2296.701717483562
patient_126,435.0,17.4,203.24802174780575,3041.7672548951737,1481.3741433267498,224.67026877301927,2739.444084865146,2161.8063757185523,88.18078738422768,-1903.2705954842459,2300.228948978931
patient_126,436.0,17.44,137.34226856637977,-1647.6438295356495,1486.8678340694053,128.83695950563427,-2395.8327316846253,2166.9598540987777,375.19018171041614,7175.234858154711,2315.236556247348
patient_126,437.0,17.48,214.77923249706913,1935.924098267234,1495.4590033692882,353.4464553122032,5615.237395164224,2181.0977123112657,509.7491362915149,3363.9738645274692,2335.626521699008
patient_126,438.0,17.52,174.99283989985656,-994.6598149303143,1502.4587169652825,591.7811524741556,5958.367429048811,2204.768958410232,413.0995994170573,-2416.2384218614407,2352.1505056756905
patient_126,439.0,17.56,93.55764244405171,-2035.8799363951214,1506.2010226630446,568.4338168524044,-583.68339054378,2227.506311084328,361.4182592293057,-1292.0335046937894,2366.607236044863
patient_126,440.0,17.6,58.976364208875125,-864.5319558794146,1508.5600772313994,175.48579347764428,-9823.700584369004,2234.525742823434,17.44125971713302,-8599.424987804317,2367.3048864335483
patient_126,441.0,17.64,217.8084166325537,3970.801310591965,1517.2724138967017,458.4798209815317,7074.850687597185,2252.864935662695,297.102161577515,6991.52254650955,2379.188972896649
patient_126,442.0,17.68,209.52466538962614,-207.09378107318912,1525.6534005122867,259.55631024901186,-4973.087768312997,2263.2471880726557,234.54523115921072,-1563.9232604576073,2388.5707821430174
patient_126,443.0,17.72,444.3541914764305,5870.738152170109,1543.4275681713439,300.57800439399904,1025.5423536246794,2275.2703082484154,347.412725091219,2821.687348300207,2402.467291146666
patient_126,444.0,17.76,224.93216103275077,-5485.550761091994,1552.424854612654,155.9884154881633,-3614.7397226458934,2281.5098448679423,181.35634852453848,-4151.409414167013,2409.721545087648
patient_126,445.0,17.8,114.45495383811277,-2761.93017986595,1557.0030527661784,106.2933699737965,-1242.3761378591698,2285.7615796668942,67.69999519505866,-2841.408833236995,2412.42954489545
patient_126,446.0,17.84,108.49671281934346,-148.95602546923286,1561.3429212789522,221.14908784065327,2871.392946671419,2294.60754318052,11.68372939891689,-1400.4066449035442,2412.8968940714067
patient_126,447.0,17.88,127.34189673153128,471.12959780469555,1566.4365971482134,158.32053493113017,-1570.7138227380774,2300.9403645777656,147.28065603142244,3389.923165812639,2418.7881203126635
patient_126,448.0,17.92,63.185566156371074,-1603.9082643790052,1568.9640197944682,296.71665505880037,3459.903003191755,2312.8090307801176,109.22564745610165,-951.3752143830196,2423.1571462109073
patient_126,449.0,17.96,33.69999239008719,-737.1393441570971,1570.3120194900716,131.9241033089883,-4119.813793745302,2318.085994912477,66.23136221952709,-1074.8571309143642,2425.8064006996883
patient_126,450.0,18.0,12.157645184526071,-538.558680139028,1570.7983252974527,125.03933832367416,-172.11912463285336,2323.087568445424,23.355445909579693,-1071.8979077486847,2426.740618536072
patient_126,451.0,18.04,8.109642341752343,-101.20007106934321,1571.1227109911229,34.63895211441628,-2260.0096552314467,2324.4731265300006,38.32461214013064,374.2291557637737,2428.273603021677
patient_126,452.0,18.08,24.125528982252376,400.39716601250086,1572.0877321504129,68.2304046856751,839.7863142814705,2327.2023427174277,15.750845437912636,-564.3441675554501,2428.9036368391935
patient_126,453.0,18.12,31.795452043035286,191.74807651957275,1573.3595502321343,36.630874967183296,-789.9882429622951,2328.667577716115,32.22798821122825,411.92856933289033,2430.1927563676427
patient_126,454.0,18.16,26.630921290780222,-129.11326880637662,1574.4247870837655,137.43073463675844,2519.9964917393786,2334.164807101585,132.99809870295593,2519.252762293192,2435.512680315761
patient_126,455.0,18.2,28.13337075667922,37.56123664747495,1575.5501219140328,34.46552079331741,-2574.130346086026,2335.5434279333176,79.20940206780868,-1344.717415878681,2438.681056398473
patient_126,456.0,18.24,1.4059757396802863,-668.1848754249734,1575.60636094362,133.69286421953248,2480.6835856553766,2340.8911425020992,100.60803686690159,534.9658699773225,2442.7053778731492
patient_126,457.0,18.28,39.94277251109022,963.4199192852483,1577.2040718440635,84.15191422386542,-1238.5237498916765,2344.257219071054,28.886346893164706,-1793.042249343422,2443.8608317488756
patient_126,458.0,18.32,52.010636124156456,301.69659032665595,1579.2844972890298,47.94429477019216,-905.1904863418315,2346.1749908618613,147.75841549853206,2971.801715134184,2449.771168368817
patient_126,459.0,18.36,22.088515843764178,-748.053007009807,1580.1680379227805,66.26623253431634,458.04844410310466,2348.8256401632343,317.75175254279526,4249.83342610658,2462.4812384705288
patient_126,460.0,18.4,117.85135801083307,2394.0710541767226,1584.882092243214,98.20542160400134,798.479726742125,2352.753857027394,200.01426927347345,-2943.4370817330455,2470.481809241468
patient_126,461.0,18.44,26.696785388264654,-2278.8643155642103,1585.9499636587445,32.81338947060101,-1634.8008033350084,2354.0663926062184,105.57322888444422,-2361.0260097257305,2474.7047383968456
patient_126,462.0,18.48,235.19803812379604,5212.5313183882845,1595.3578851836965,425.4731750191606,9816.49463871399,2371.0853196069847,171.8547171524432,1657.0372066999741,2481.578927082943
patient_126,463.0,18.52,454.1860484303699,5474.700257664346,1613.525327120911,440.2677292253752,369.8638551553657,2388.696028776,313.51100577347245,3541.4072155257318,2494.1193673138823
patient_126,464.0,18.56,436.2331048385813,-448.8235897947149,1630.9746513144544,506.81241057784035,1663.6170338116287,2408.968525199113,522.6907516599259,5229.493647161336,2515.026997380279
patient_126,465.0,18.6,470.865664917611,865.8140019757425,1649.809277911159,464.82003794860105,-1049.8093157309825,2427.5613267170575,380.95411618018124,-3543.415886993617,2530.2651620274864
patient_126,466.0,18.64,336.8691350525995,-3349.9132466252872,1663.2840433132628,728.3616336599598,6588.539892783969,2456.695792063456,680.3270407962108,7484.323115400738,2557.478243659335
patient_126,467.0,18.68,470.75062059018575,3347.037138439656,1682.1140681368704,987.3020370736081,6473.510085341206,2496.1878735463997,1235.527678201605,13880.015935134858,2606.8993507873993
patient_126,468.0,18.72,297.3525600839095,-4334.951512656906,1694.008170540227,248.6199692708097,-18467.05169506996,2506.1326723172324,244.4391104866185,-24777.214192874668,2616.6769152068637
patient_126,469.0,18.76,117.8656582610389,-4487.172545571765,1698.7227968706686,56.82557505801523,-4794.859855319862,2508.4056953195527,180.4732746664964,-1599.1458955030523,2623.8958461935235
patient_126,470.0,18.8,69.02935728778424,-1220.9075243313666,1701.4839711621798,96.20885285798877,984.5819449993385,2512.2540494338728,45.37816959850273,-3377.3776266998416,2625.710972977464
patient_126,471.0,18.84,96.3384056781182,682.7262097583492,1705.3375073893048,79.46754207799984,-418.5327694997234,2515.432751116992,26.426663830104832,-473.7876442099474,2626.7680395306684
patient_126,472.0,18.88,40.9150842450511,-1385.5830358266778,1706.974110759107,158.05209382692283,1964.6137937230747,2521.7548348700693,28.799029043206595,59.309130327544054,2627.9200006923966
patient_126,473.0,18.92,200.60912537713688,3992.351028302144,1714.9984757741925,24.520050348441185,-3338.301086962041,2522.7356368840074,136.20866103004894,2685.240799671059,2633.3683471335985
patient_126,474.0,18.96,102.59479833778393,-2450.358175983824,1719.102267707704,124.35852754422096,2495.9619298944945,2527.7099779857763,64.52743189424508,-1792.0307283950965,2635.949444409368
patient_126,475.0,19.0,88.67324679881933,-348.0387884741148,1722.6491975796566,74.92262704524515,-1235.8975124743954,2530.7068830675857,218.0478104585864,3838.0094641085334,2644.6713568277114
patient_126,476.0,19.04,61.593932794409646,-676.9828501102422,1725.112954891433,126.05760527415885,1278.3744557228424,2535.749187278552,129.70280947738573,-2208.625024530017,2649.859469206807
patient_126,477.0,19.08,60.47188407493678,-28.05121798682162,1727.5318302544301,24.071990775736584,-2549.640362460557,2536.7120669095816,146.44746237884922,418.6163225365874,2655.7173677019614
patient_126,478.0,19.12,39.85486061356927,-515.4255865341877,1729.126024678973,141.4381022170958,2934.1527860339806,2542.3695909982653,47.001745387620126,-2486.1429247807273,2657.597437517466
patient_126,479.0,19.16,71.18261995995891,783.193983659741,1731.9733294773714,172.06563783840926,765.6883905328364,2549.2522165118016,91.0250889035451,1100.5835878981243,2661.2384410736076
patient_126,480.0,19.2,9.02438894481512,-1553.9557753785948,1732.334305035164,261.75208359664606,2242.16114395592,2559.7222998556676,107.1470626340398,403.04934326236753,2665.5243235789694
patient_126,481.0,19.24,23.82882749370334,370.1109637222055,1733.287458134912,63.277392415503336,-4961.867279528568,2562.2533955522877,44.914646559809604,-1555.810401855755,2667.3209094413614
patient_126,482.0,19.28,27.237081148496987,85.20634136984117,1734.3769413808518,245.2956169251528,4550.455612741237,2572.065220229294,170.6070245232235,3142.3094490853473,2674.1451904222904
patient_126,483.0,19.32,25.582877910766715,-41.355080943256795,1735.4002564972825,24.06115210594259,-5530.861620480256,2573.0276663135314,185.9957763417298,384.7187954626577,2681.58502147596
patient_126,484.0,19.36,28.36812064086716,69.63106825251116,1736.5349813229172,73.78066973665497,1242.9879407678095,2575.9788931029975,147.82176811702396,-954.3502056176458,2687.4978922006408
patient_126,485.0,19.4,56.80299552245852,710.8718720397839,1738.8071011438153,94.69607889838915,522.8852290433543,2579.766736258933,342.38169578459105,4863.9981916891775,2701.193160032024
patient_126,486.0,19.44,51.57527297466566,-130.69306369482146,1740.870112062802,68.62209913960022,-651.8494939697231,2582.511620224517,212.39227075316182,-3249.7356257857305,2709.6888508621505
patient_126,487.0,19.48,54.665486472016894,77.25533743378091,1743.0567315216829,79.54105740750505,272.9739566976207,2585.6932625208174,179.52264371971893,-821.7406758360723,2716.869756610939
patient_126,488.0,19.52,71.02628850030696,409.0200507072517,1745.8977830616952,154.22220714907573,1867.028743539267,2591.8621508067804,142.1378257216657,-934.6204499513306,2722.555269639806
patient_126,489.0,19.56,37.498947456657724,-838.1835260912309,1747.3977409599618,76.39020405075036,-1945.8000774581344,2594.9177589688106,129.5622819068264,-314.38859537098267,2727.7377609160785
patient_126,490.0,19.6,23.682640157309102,-345.4076824837156,1748.3450465662543,152.48964726558333,1902.4860803708243,2601.017344859434,125.79580834231783,-94.16183911271432,2732.7695932497713
patient_126,491.0,19.64,96.05792445423663,1809.3821074231882,1752.1873635444238,606.2132497320744,11343.090061662275,2625.265874848717,267.52192130017954,3543.152823946543,2743.4704701017786
patient_126,492.0,19.68,100.32470497482751,106.66951301477212,1756.2003517434166,312.658371826059,-7338.871947650384,2637.7722097217593,301.3946566799168,846.8183844934316,2755.5262563689753
patient_126,493.0,19.72,31.438940298912712,-1722.14411689787,1757.4579093553732,93.32688943017014,-5483.287059897222,2641.5052852989666,71.45732195332835,-5748.433368164711,2758.3845492471087
patient_126,494.0,19.76,125.58798663798834,2353.7261584768908,1762.4814288208927,412.0340712473172,7967.679545428676,2657.986648148859,412.47806505539137,8525.518577551575,2774.883671849324
patient_126,495.0,19.8,228.4969470226836,2572.7240096173814,1771.6213067018002,189.75341679459265,-5557.016361318113,2665.576784820643,238.9653473591257,-4337.817942406642,2784.4422857436894
patient_126,496.0,19.84,160.6984801869217,-1694.9616708940475,1778.049245909277,245.82898049711827,1401.8890925631404,2675.4099440405275,259.615435611955,516.252206320732,2794.8269031681675
patient_126,497.0,19.88,198.64687728337117,948.7099274112368,1785.9951210006118,361.63973388901167,2895.268834797335,2689.8755333960876,417.1163133526027,3937.5219435161926,2811.5115557022714
patient_126,498.0,19.92,169.5586858268658,-727.2047864126342,1792.7774684336864,231.38390865503663,-3256.3956308493757,2699.1308897422896,120.54800072942184,-7414.207815579521,2816.3334757314483
patient_126,499.0,19.96,267.0916930530862,2438.32518065551,1803.4611361558098,222.6372497761004,-218.66647197340612,2708.0363797333334,236.45458846068135,2897.664693281488,2825.7916592698753
patient_126,500.0,20.0,138.41781374892832,-3216.846982603947,1808.997848705767,409.21654951211275,4664.482493400309,2724.4050417138183,333.7731626058638,2432.9643536295607,2839.14258577411
patient_126,501.0,20.04,141.0558045990586,65.94977125325698,1814.6400808897295,56.50940488698321,-8817.67861562824,2726.6654179092975,392.5682817777781,1469.8779792978585,2854.8453170452212
patient_126,502.0,20.08,117.14412475741017,-597.791996041211,1819.3258458800258,88.68774288541371,804.4584499607626,2730.212927624714,211.60398269072593,-4524.107477176304,2863.30947635285
patient_126,503.0,20.12,185.8554645686516,1717.7834952810358,1826.7600644627719,158.31524213841695,1740.6874813250809,2736.545537310251,198.94668818500355,-316.4323626430594,2871.267343880251
patient_126,504.0,20.16,204.71572498725362,471.5065104650506,1834.948693462262,190.7569178481692,811.0418927438061,2744.1758140241773,98.03365906624431,-2522.825727968981,2875.1886902429005
patient_126,505.0,20.2,148.40620508388207,-1407.7379975842887,1840.8849416656176,156.7680439986481,-849.7218462380274,2750.446535784123,58.326373083689745,-992.6821495638642,2877.5217451662484
patient_126,506.0,20.24,134.43453225210624,-349.29182079439585,1846.2623229557016,123.60174178637911,-829.1575553067247,2755.390605455578,103.30751055522023,1124.5284367882623,2881.6540455884574
patient_126,507.0,20.28,83.80261594654766,-1265.7979076389645,1849.6144275935635,93.24147379360744,-759.0066998192917,2759.1202644073223,117.86639354994584,363.97207486814017,2886.368701330455
patient_126,508.0,20.32,64.79022540452564,-475.30976355055043,1852.2060366097444,107.19979087854462,348.95792712342944,2763.408256042464,64.61766532998786,-1331.2182054989496,2888.953407943655
patient_126,509.0,20.36,16.34782063750165,-1211.0601191755998,1852.8599494352445,92.12125480332554,-376.9634018804769,2767.093106234597,23.34854192755191,-1031.7280850608988,2889.887349620757
patient_126,510.0,20.4,32.47826008034673,403.26098607112704,1854.1590798384582,74.63057783985572,-437.2669240867456,2770.078329348191,107.2954918502253,2098.673748066835,2894.179169294766
patient_126,511.0,20.44,26.027632793137084,-161.26568218024113,1855.2001851501836,25.844615553088207,-1219.649057169188,2771.1121139703146,32.90897288250378,-1859.6629741930378,2895.4955282100664
patient_126,512.0,20.48,23.171190626021875,-71.4110541778802,1856.1270327752247,64.27995438094982,960.8834706965404,2773.6833121455525,9.117997575285454,-594.7743826804582,2895.860248113078
patient_126,513.0,20.52,33.92169056784686,268.76249854562457,1857.4839003979387,15.569829841065266,-1217.7531134971139,2774.3061053391953,51.69845719754252,1064.5114905564267,2897.92818640098
patient_126,514.0,20.56,29.714276531780108,-105.18535090166878,1858.6724714592096,82.8528574851028,1682.0756911009382,2777.6202196386,26.1774217649011,-638.0258858160354,2898.9752832715762
patient_126,515.0,20.6,25.463345213898865,-106.27328294703106,1859.6910052677658,28.42852769049218,-1360.6082448652655,2778.7573607462195,36.846578488642685,266.72891809353956,2900.4491464111215
patient_126,516.0,20.64,46.37460341527914,522.7814550345068,1861.545989404377,102.77682496429252,1858.7074318450086,2782.8684337447917,31.600489376717846,-131.15222779812098,2901.7131659861902
patient_126,517.0,20.68,10.903573847217405,-886.7757392015435,1861.9821323582655,44.66896655589039,-1452.6964602100531,2784.6551924070272,14.401557438777722,-429.9732984485031,2902.2892282837415
patient_126,518.0,20.72,13.047732185677026,53.60395846149051,1862.5040416456925,61.07040110424997,410.0358637089894,2787.0980084511975,43.1957734992662,719.855401512212,2904.017059223712
patient_126,519.0,20.76,19.998492837029815,173.76901628381972,1863.3039813591738,16.918772918894557,-1103.790704633885,2787.7747593679537,98.3505133120713,1378.8684953201275,2907.9510797561948
patient_126,520.0,20.8,44.813003596926094,620.362768997407,1865.0965015030506,38.01437576076954,527.3900710468746,2789.2953343983845,48.578734455241396,-1244.2944714207476,2909.8942291344047
patient_126,521.0,20.84,3.4863291630255477,-1033.1668608475138,1865.2359546695716,54.5864551780608,414.3019854322816,2791.4787926055064,43.56022955249099,-125.4626225687602,2911.636638316504
patient_126,522.0,20.88,20.13757869215282,416.28123822818185,1866.0414578172579,72.47315171250443,447.1674133610907,2794.3777186740067,94.78119950065418,1280.5242487040798,2915.42788629653
patient_126,523.0,20.92,115.16117877530793,2375.590002078878,1870.6479049682703,49.5238974274411,-573.7313571265834,2796.3586745711045,643.1418911080218,13709.017290184189,2941.153561940851
patient_126,524.0,20.96,173.10163867694044,1448.5114975408128,1877.5719705153479,212.01671069030914,4062.3203315717005,2804.839342998717,101.39824694694093,-13543.591104027022,2945.209491818728
patient_126,525.0,21.0,339.6286934478398,4163.1763692724835,1891.1571182532614,273.70153116243023,1542.1205118030273,2815.787404245214,257.76854500659255,3909.2574514912903,2955.520233618992
patient_126,526.0,21.04,433.0117481517893,2334.5763675987373,1908.477588179333,337.09094392953716,1584.7353191776733,2829.2710420023955,330.3719437984515,1815.0849697964745,2968.73511137093
patient_126,527.0,21.08,622.2434390324722,4730.792272017074,1933.3673257406317,583.4930485375173,6160.052615199504,2852.610763943896,501.29507111395,4273.0781828874615,2988.786914215488
patient_126,528.0,21.12,582.1767673404735,-1001.6667922999687,1956.6543964342509,768.9743536782115,4637.032628517355,2883.3697380910244,573.9007215011054,1815.141259678886,3011.742943075533
patient_126,529.0,21.16,601.3727449652301,479.8994406189166,1980.70930623286,667.8850324013106,-2527.2330319225234,2910.0851393870767,691.3174981600687,2935.419416474082,3039.3956430019357
patient_126,530.0,21.2,428.25363383264005,-4327.977778314752,1997.8394515861655,744.4051370653177,1913.0026166001785,2939.861344869689,824.6243891707796,3332.672275267774,3072.380618568767
patient_126,531.0,21.24,343.52348579185525,-2118.25370101962,2011.5803910178397,367.2657231468926,-9428.485347960628,2954.5519737955647,622.9107122858343,-5042.841922123634,3097.297047060201
patient_126,532.0,21.28,259.2941580422905,-2105.733193739118,2021.9521573395314,467.98024479984224,2517.8630413237415,2973.2711835875584,479.97026043948046,-3573.5112961588457,3116.49585747778
patient_126,533.0,21.32,127.60961222900035,-3292.1136453322547,2027.0565418286915,236.0116024361895,-5799.216059091319,2982.711647685006,255.22911793491775,-5618.528562614068,3126.7050221951768
patient_126,534.0,21.36,48.43312938035953,-1979.4120712160204,2028.993867003906,179.50447957219617,-1412.678071599833,2989.8918268678935,128.00980116475142,-3180.4829192541583,3131.8254142417663
patient_126,535.0,21.4,162.7141375633862,2857.025204575667,2035.5024325064414,108.56797028210896,-1773.4127322521804,2994.234545679178,68.72538173321885,-1482.1104857883142,3134.5744295110953
patient_126,536.0,21.44,130.24500839779657,-811.7282291397408,2040.7122328423534,74.52431710653177,-851.0913293894298,2997.2155183634395,94.87766158809494,653.8069963719021,3138.3695359746193
patient_126,537.0,21.48,181.28977306381398,1276.1191166504354,2047.963823764906,134.945344697156,1510.5256897656059,3002.6133321513257,107.68706266612246,320.235026950688,3142.6770184812644
patient_126,538.0,21.52,63.21392121932071,-2951.8962961123316,2050.492380613679,94.4851879387008,-1011.50391896138,3006.3927396688737,159.67081715957943,1299.5938623364243,3149.0638511676475
patient_126,539.0,21.56,191.56446908939682,3208.7636967519034,2058.1549593772547,220.93601189418004,3161.270598886981,3015.230180144641,56.33012927666821,-2583.5171970727806,3151.3170563387143
patient_126,540.0,21.6,147.1158492785295,-1111.2154952716828,2064.039593348396,175.3546681324199,-1139.5335940440034,3022.244366869938,119.31110359735008,1574.5243580170468,3156.0895004826084
patient_126,541.0,21.64,114.53544275984157,-814.5101629671984,2068.62101105879,144.49634144525072,-771.4581671792296,3028.024220527748,80.33157686919081,-974.4881682039818,3159.3027635573762
patient_126,542.0,21.68,88.94367862973367,-639.7941032526976,2072.1787582039788,86.25292992091498,-1456.0852881083936,3031.4743377245845,46.22455610140269,-852.675519194703,3161.1517458014323
patient_126,543.0,21.72,42.457315738867024,-1162.159072271666,2073.8770508335338,100.89562063307113,366.0672678039038,3035.510162549908,74.890168215166,716.6403028440827,3164.147352530039
patient_126,544.0,21.76,85.24163397983794,1069.6079560242729,2077.286716192727,70.13163555902956,-769.0996268510393,3038.3154279722685,301.9119260977639,5675.543947064948,3176.2238295739494
patient_126,545.0,21.8,69.73587453597902,-387.643986096473,2080.076151174166,143.1565855120245,1825.6237488248732,3044.0416913927497,244.7260758780916,-1429.646255491808,3186.012872609073
patient_126,546.0,21.84,46.66419500704494,-576.7919882233521,2081.9427189744483,152.3792418677818,230.56640889393236,3050.136861067461,75.63475517567002,-4227.2830175605395,3189.0382628161
patient_126,547.0,21.88,72.94640271739416,657.0551927587306,2084.860575083144,175.24839576527626,571.7288474373618,3057.146796898072,45.29531439079337,-758.4860196219163,3190.850075391732
patient_126,548.0,21.92,43.77005163861999,-729.4087769693543,2086.611377148689,142.8656707895697,-809.5681243926641,3062.8614237296547,48.70213841289135,85.17060055244947,3192.7981609282474
patient_126,549.0,21.96,87.61606884564539,1096.150430175635,2090.1160199025144,58.41866359036158,-2111.1751799802028,3065.198170273269,98.28946475004865,1239.6831584289325,3196.7297395182495
patient_126,550.0,22.0,31.331384562226752,-1407.117107085466,2091.3692752850034,238.21983945463774,4495.029396606904,3074.726963851455,214.66229057826504,2909.32064570541,3205.3162311413803
patient_126,551.0,22.04,111.85121969458854,2012.9958783090444,2095.8433240727873,367.4593964490586,3230.988924860522,3089.425339709417,293.02297714092344,1959.01716406646,3217.0371502270173
patient_126,552.0,22.08,185.33389839010135,1837.0669673878203,2103.2566800083914,447.12992845562445,1991.7633001641461,3107.3105368476427,399.2233265219914,2655.008734526699,3233.006083287897
patient_126,553.0,22.12,302.4548682287247,2928.0242459655838,2115.3548747375403,531.4257194301325,2107.394774362702,3128.5675656248477,488.4842743984321,2231.5236969110174,3252.5454542638345
patient_126,554.0,22.16,211.08905167727613,-2284.1454137862142,2123.7984368046314,604.1500830409591,1818.1090902706642,3152.7335689464862,459.2461456074074,-730.953219775617,3270.9153000881306
patient_126,555.0,22.2,208.68990871988507,-59.97857393477659,2132.1460331534267,266.0964473694445,-8451.340891787864,3163.3774268412644,381.8544052178955,-1934.7935097377986,3286.1894762968464
patient_126,556.0,22.24,164.63894080057858,-1101.2741979826621,2138.73159078545,111.61247472432157,-3862.099316128073,3167.841925830237,163.4746809335831,-5459.493107107809,3292.7284635341894
patient_126,557.0,22.28,42.02676795555356,-3065.3043211256254,2140.412661503672,115.43216099088087,95.49215666398254,3172.4592122698723,46.67421511011259,-2920.011645586763,3294.595432138594
patient_126,558.0,22.32,57.190669998133735,379.0975510645044,2142.7002883035975,20.369361669495092,-2376.5699830346443,3173.2739867366518,38.898721248883284,-194.38734653073269,3296.151380988549
patient_126,559.0,22.36,60.14944376652681,73.96934420982682,2145.1062660542584,50.54577806314937,754.410409841357,3175.295817859178,125.36638832067791,2161.691676794866,3301.166036521376
patient_126,560.0,22.4,72.05797934240474,297.7133893969482,2147.9885852279544,73.13698716686174,564.7802275928093,3178.2212973458522,84.49632829688795,-1021.751500594749,3304.5458896532514
patient_126,561.0,22.44,68.77905558060324,-81.97309404503734,2150.739747451179,81.32748184570106,204.76236697098287,3181.47439661968,75.4457062909978,-226.2655501472537,3307.5637179048913
patient_126,562.0,22.48,14.285903550552664,-1362.3288007512645,2151.311183593201,38.396539845376076,-1073.2735500081246,3183.010258213495,43.00776255417853,-810.948593420482,3309.284028407058
patient_126,563.0,22.52,6.929192079311096,-183.9177867810392,2151.5883512763735,56.119965863977534,443.08565046503645,3185.2550568480547,54.98529769978829,299.4383786402441,3311.48344031505
patient_126,564.0,22.56,91.8690351411553,2123.496076546105,2155.2631126820197,47.124369728753166,-224.88990338060918,3187.1400316372046,12.739254537702115,-1056.1510790521543,3311.9930104965583
patient_126,565.0,22.6,62.99679604682571,-721.8059773582397,2157.782984523893,20.646943285332053,-661.9356610855278,3187.965909368618,39.870791343311,678.288420140222,3313.587842150291
patient_126,566.0,22.64,83.47692159457554,512.0031386937459,2161.122061387676,81.15492696989685,1512.6995921141197,3191.212106447414,24.574952234720147,-382.3959777147713,3314.5708402396795
patient_126,567.0,22.68,16.839214214074126,-1665.9426845125354,2161.795629956239,35.85837897645058,-1132.4136998361566,3192.6464416064723,44.407576162107986,495.815598184696,3316.347143286164
patient_126,568.0,22.72,50.666927677790284,845.692836592904,2163.8223070633503,54.70706023592581,471.2170314868807,3194.8347240159096,27.019335037399127,-434.7060281177215,3317.42791668766
patient_126,569.0,22.76,6.23187768177842,-1110.8762499002967,2164.0715821706217,36.748182012748515,-448.97195557943235,3196.3046512964193,29.81209564467048,69.81901518178387,3318.620400513447
patient_126,570.0,22.8,40.07811180629669,846.1558531129567,2165.6747066428734,47.549957021114096,270.0443752091395,3198.2066495772638,35.019277477982925,130.17954583281107,3320.021171612566
patient_126,571.0,22.84,12.35156054466677,-693.163781540748,2166.16876906466,41.77048085522199,-144.48690414730265,3199.8774688114727,29.115762752137588,-147.58786814613342,3321.1858021226512
patient_126,572.0,22.88,31.261498268722022,472.7484431013813,2167.419228995409,61.759645952949,499.72912744317523,3202.3478546495903,31.526096656466265,60.25834760821694,3322.44684598891
patient_126,573.0,22.92,10.106902083603591,-528.8649046279608,2167.823505078753,103.37205939388629,1040.3103360234322,3206.482737025346,78.74563031288058,1180.4883414103579,3325.5966712014256
patient_126,574.0,22.96,137.9691514951458,3196.5562352885554,2173.3422711385588,71.40651281588272,-799.1386644500892,3209.3389975379814,70.46299052534567,-207.0659946883726,3328.415190822439
patient_126,575.0,23.0,137.09684981685652,-21.807541957232246,2178.8261451312333,176.78526192131596,2634.468727635831,3216.4104080148345,109.20317433410182,968.5045952189035,3332.783317795803
patient_126,576.0,23.04,222.70185089447526,2140.1250269404686,2187.7342191670123,150.3171290553736,-661.7033216485588,3222.4230931770494,154.78020495588723,1139.4257655446354,3338.9745259940387
patient_126,577.0,23.08,278.8011046080753,1402.4813428400016,2198.886263351335,367.95613552021393,5440.975161621008,3237.141338597858,374.644133357407,5496.598210037994,3353.9602913283347
patient_126,578.0,23.12,258.11049290449404,-517.265292589532,2209.2106830675148,435.7956756509017,1695.9885032671948,3254.5731656238945,514.5907852336461,3498.666296905978,3374.543922737681
patient_126,579.0,23.16,161.8404310162622,-2406.751547205796,2215.6843003081653,677.4673026469438,6041.790674901053,3281.671857729772,616.7678046623282,2554.4254857170527,3399.2146349241743
patient_126,580.0,23.2,220.50923208808464,1466.7200267955614,2224.5046695916885,509.30345047977664,-4204.09630417918,3302.0439957489634,641.3079619029411,613.5039310153218,3424.866953400292
patient_126,581.0,23.24,356.4833418414398,3399.3527438338797,2238.764003265346,910.3740445839657,10026.764852604725,3338.4589575323216,398.9978670203302,-6057.752372065272,3440.826868081105
patient_126,582.0,23.28,223.363174958588,-3328.0041720712957,2247.69853026369,61.95675501024916,-21210.432239342914,3340.937227732732,334.303613819801,-1617.35633001323,3454.1990126338974
patient_126,583.0,23.32,123.94462791336429,-2485.463676130593,2252.6563153802244,96.63235619227076,866.89002955054,3344.802521980423,193.62607044236532,-3516.938584435892,3461.944055451592
patient_126,584.0,23.36,50.90905394489749,-1825.88934921167,2254.6926775380202,47.220478532952,-1235.296941482969,3346.691341121741,136.72549776031502,-1422.5143170512574,3467.4130753620043
patient_126,585.0,23.4,93.68969219694513,1069.5159563011912,2258.440265225898,106.8984498852465,1491.9492838073627,3350.967279117151,185.0468484375799,1208.0337669316223,3474.8149492995076
patient_126,586.0,23.44,109.98556297363979,407.3967694173664,2262.839687744844,61.56592353842874,-1133.3131586704442,3353.429916058688,196.47484889820717,285.70001151568147,3482.6739432554355
patient_126,587.0,23.48,117.95588330371397,199.25800825185468,2267.5579230769927,138.67069817073647,1927.6193658076934,3358.9767439855177,229.05571461659173,814.5216429596139,3491.8361718400993
patient_126,588.0,23.52,91.12533663898354,-670.7636666182609,2271.202936542552,268.8305996289174,3253.9975364545235,3369.729967970674,286.4339065949739,1434.4547994595544,3503.293528103898
patient_126,589.0,23.56,124.38475452365276,831.4854471167305,2276.178326723498,239.79881878428642,-725.7945211157746,3379.3219207220454,169.53015053613046,-2922.593901471086,3510.074734125343
patient_126,590.0,23.6,100.41456900935613,-599.2546378574158,2280.1949094838724,88.96313673600454,-3770.892051207047,3382.8804461914856,101.19966020329994,-1708.262258320763,3514.1227205334753
patient_126,591.0,23.64,83.03988005407193,-434.367223882105,2283.516504686035,173.1443901597591,2104.531335593864,3389.8062217978754,47.68388390732277,-1337.8944073994292,3516.0300758897683
patient_126,592.0,23.68,44.663777398075794,-959.4025663999034,2285.303055781958,60.25492904133739,-2822.236527960543,3392.216418959529,78.40872758939575,768.1210920518245,3519.166424993344
patient_126,593.0,23.72,50.83351640018037,154.24347505261443,2287.3363964379655,180.28114686487464,3000.655445588431,3399.4276648341242,96.47996595233023,451.780959073362,3523.025623631437
patient_126,594.0,23.76,66.08872257555875,381.3801543844594,2289.979945340988,116.25273432900006,-1600.7103133968644,3404.077774207284,148.73879048015834,1306.4706131957028,3528.9751752506436
patient_126,595.0,23.8,136.4492708462204,1759.0137067665414,2295.4379161748366,185.54943505998494,1732.4175182746221,3411.4997516096837,264.95398734090554,2905.37992151868,3539.5733347442797
patient_126,596.0,23.84,117.08248634706601,-484.1696124788598,2300.1212156287193,245.2098854055929,1491.5112586401988,3421.3081470259076,382.62511854284685,2941.778280048533,3554.8783394859934
patient_126,597.0,23.88,100.79507145707575,-407.1853722497565,2304.153018487002,283.52993081969765,958.0011353526188,3432.6493442586957,479.0919068682564,2411.6697081352386,3574.0420157607236
patient_126,598.0,23.92,118.23925124396987,436.1044946723531,2308.882588536761,312.49253060364157,724.0649945985979,3445.1490454828413,298.2632008340707,-4520.717650854643,3585.9725437940865
patient_126,599.0,23.96,116.54770201285302,-42.2887307779213,2313.544496617275,362.4705831934711,1249.4513147457383,3459.64786881058,347.03887069612995,1219.3917465514814,3599.854098621932
patient_126,600.0,24.0,181.02037578145166,1611.816844214966,2320.785311648533,435.11607460995907,1816.1372854121992,3477.0525117949787,415.40622902829244,1709.1839583040623,3616.470347783063
patient_126,601.0,24.04,148.10232998732306,-822.951144853215,2326.7094048480258,247.24322891465866,-4696.8211423825105,3486.9422409515646,303.9242952210265,-2787.048345181648,3628.6273195919043
patient_126,602.0,24.08,133.26018410804397,-371.0536469819772,2332.039812212348,288.57161465868313,1033.2096436006118,3498.4851055379117,224.96650765020675,-1973.944689270494,3637.625979897913
patient_126,603.0,24.12,156.46132783720532,580.0285932290336,2338.298265325836,220.2513644815038,-1708.0062544294833,3507.295160117172,179.07899630050562,-1147.1877837425282,3644.7891397499334
patient_126,604.0,24.16,148.73680305466934,-193.1131195633995,2344.2477374480227,114.30827962502876,-2648.577121411876,3511.867491302173,121.91265978637789,-1429.1584128531933,3649.6656461413886
patient_126,605.0,24.2,116.2012745828988,-813.3882117942633,2348.8957884313386,97.48878789650445,-420.4872932131078,3515.7670428180336,120.39850521341859,-37.85386432398248,3654.4815863499257
patient_126,606.0,24.24,126.12693762923385,248.14157615837615,2353.940865936508,102.90695262420711,135.4541181925665,3519.8833209230015,131.8486594068063,286.25385483469256,3659.755532726198
patient_126,607.0,24.28,68.80284101907291,-1433.1024152540233,2356.692979577271,90.73469230236357,-304.3065080460884,3523.512708615096,71.96458940706268,-1497.1017499935904,3662.63411630248
patient_126,608.0,24.32,82.6786707679524,346.89574372198706,2360.0001264079892,104.05370825002697,332.97539869158504,3527.674856945097,58.00289864714519,-349.0422689979372,3664.9542322483658
patient_126,609.0,24.36,38.506101858069776,-1104.3142227470655,2361.5403704823116,63.18773130825157,-1021.6494235443851,3530.202366197427,121.06058610540629,1576.4421864565275,3669.796655692582
patient_126,610.0,24.4,13.12819181284375,-634.4477511306505,2362.0654981548255,77.34722950465951,353.98745491019844,3533.2962553776138,67.63444641325793,-1335.6534923037088,3672.502033549112
patient_126,611.0,24.44,70.82466571338625,1442.4118475135624,2364.898484783361,69.87966824189205,-186.6890315691865,3536.0914421072894,132.24314164409714,1615.21738077098,3677.791759214876
patient_126,612.0,24.48,62.74934257061025,-201.8830785694,2367.4084584861853,158.42781912927788,2213.703772184646,3542.4285548724606,191.59810142348138,1483.873994484606,3685.455683271816
patient_126,613.0,24.52,62.9675747911624,5.4558055138036465,2369.9271614778318,84.07630366446564,-1858.787886620306,3545.791607019039,127.99363589324365,-1590.1116382559433,3690.5754287075456
patient_126,614.0,24.56,101.92696926983737,973.9848619668743,2374.004240248625,253.874032270776,4244.943215157759,3555.94656830987,59.59616702440899,-1709.9367217208667,3692.959275388522
patient_126,615.0,24.6,37.408396491330926,-1612.964319462661,2375.5005761082784,94.63036512492835,-3981.0916786461917,3559.7317829148674,58.642048662442775,-23.85295904915541,3695.30495733502
patient_126,616.0,24.64,15.525347074164237,-547.0762354291672,2376.121589991245,253.93441114142982,3982.6011504125368,3569.8891593605244,50.92826523725092,-192.8445856297964,3697.34208794451
patient_126,617.0,24.68,30.34018906625693,370.3710498023173,2377.3351975538953,82.33778377293166,-4289.915684212454,3573.182670711442,85.2447509392535,857.9121425500647,3700.75187798208
patient_126,618.0,24.72,37.98464116896383,191.1113025676726,2378.854583200654,58.59958607927055,-593.4549423415276,3575.526654154613,178.2472205430046,2325.061740093777,3707.8817668038
patient_126,619.0,24.76,18.686283888938554,-482.458932000632,2379.6020345562115,121.69753054693636,1577.4486116916453,3580.3945553764906,161.14134292335447,-427.64694049125325,3714.327420520734
patient_126,620.0,24.8,19.979517195837346,32.33083267246979,2380.401215244045,112.72713780613661,-224.25981851999381,3584.903640888736,23.681655618848378,-3436.4921826126524,3715.274686745488
patient_126,621.0,24.84,22.303083368561772,58.08915431811066,2381.2933385787874,89.07734624330608,-591.2447890707632,3588.466734738468,114.84783919972598,2279.15458952194,3719.8686003134767
patient_126,622.0,24.88,41.73967735618311,485.9148496905334,2382.962925673035,54.403882269888456,-866.8365993354406,3590.642890029264,140.83624461574593,649.7101354004986,3725.5020500981063
patient_126,623.0,24.92,100.49982693160494,1469.003739385546,2386.982918750299,115.82214787529702,1535.456640135214,3595.2757759442757,320.5602580529874,4493.100335931037,3738.3244604202255
patient_126,624.0,24.96,138.69876700225237,954.9735017661856,2392.530869430389,391.1540316841117,6883.297095220368,3610.9219372116404,183.7304488512052,-3420.7452300445552,3745.6736783742735
patient_126,625.0,25.0,212.47234282835012,1844.339395652444,2401.029763143523,311.60761576440717,-1988.6603979926135,3623.386241842217,129.65299281080755,-1351.9364010099416,3750.8597980867057
patient_126,626.0,25.04,393.6890011702782,4530.416458548201,2416.7773231903343,344.55788392229164,823.7567039471116,3637.1685571991084,298.10569166085327,4211.317471251143,3762.7840257531398
patient_126,627.0,25.08,485.3956759763462,2292.6668701517,2436.193150229388,432.3301055767823,2194.305541362266,3654.4617614221793,475.6198716805963,4437.854500493576,3781.808820620364
patient_126,628.0,25.12,405.4265983837436,-1999.226939815064,2452.4102141647377,697.3459416114346,6625.395900866308,3682.3555990866366,566.98751816405,2284.191162086343,3804.4883213469257
patient_126,629.0,25.16,469.13552991211327,1592.7232882092412,2471.1756353612222,592.6010162586066,-2618.6231338206994,3706.059639736981,737.0689575309202,4252.0359841717545,3833.9710796481627
patient_126,630.0,25.2,284.665281003499,-4611.756222715357,2482.5622466013624,820.9364141149377,5708.384946408279,3738.8970963015786,807.9996180854953,1773.2665138643767,3866.2910643715823
patient_126,631.0,25.24,155.59175371798787,-3226.838182137778,2488.785916750082,77.58785401146501,-18583.71400258682,3742.000610462037,26.587778620306214,-19535.295986629724,3867.3545755163946
patient_126,632.0,25.28,262.4151793471868,2670.5856407299725,2499.2825239239696,751.7313621353653,16853.58770309751,3772.069864947452,626.4867876492489,14997.475225723565,3892.4140470223647
patient_126,633.0,25.32,417.7620222699762,3883.6710730697364,2515.9930048147685,503.33955883079955,-6209.795082614144,3792.2034473006843,420.05520305437824,-5160.7896148717655,3909.21625514454
patient_126,634.0,25.36,206.17757024349163,-5289.611300662115,2524.2401076245083,274.6435673991134,-5717.399785792153,3803.1891899966486,438.2007111538546,453.6377024869097,3926.744283590694
patient_126,635.0,25.4,279.916805803324,1843.4808889958092,2535.436779856641,164.46379805770454,-2754.4942335352216,3809.7677419189567,132.7081881888262,-7637.313074125712,3932.052611118247
patient_126,636.0,25.44,174.27971904547462,-2640.9271689462344,2542.40796861846,90.04476142696748,-1860.4759157684264,3813.3695323760353,277.0110814208265,3607.572330800007,3943.1330543750805
patient_126,637.0,25.48,165.87018298420276,-210.23840153179663,2549.042775937828,141.46312222684972,1285.459019997056,3819.0280572651095,88.35647270235127,-4716.365217961881,3946.6673132831743
patient_126,638.0,25.52,78.73496851571575,-2178.3803617121753,2552.192174678457,99.62995848143515,-1045.8290936353642,3823.013255604367,101.2611983420746,322.6181409930831,3950.7177612168575
patient_126,639.0,25.56,117.11818206881813,959.5803388275594,2556.8769019612096,111.9813012296772,308.78356870605114,3827.492507653554,213.45076503364305,2804.7391672892113,3959.2557918182033
patient_126,640.0,25.6,107.34315672809417,-244.37563351809894,2561.1706282303335,239.02921817227502,3176.1979235649455,3837.0536763804453,280.47233290698404,1675.5391968335246,3970.4746851344826
patient_126,641.0,25.64,40.90520989960596,-1660.9486707122053,2562.8068366263174,62.53111112410502,-4412.45267620425,3839.554920825409,208.3648572172584,-1802.686892243141,3978.8092794231725
patient_126,642.0,25.68,86.9789999448687,1151.8447511315687,2566.285996624112,137.79058211193419,1881.486774695729,3845.0665441098868,117.53744837834432,-2270.6852209728518,3983.5107773583063
patient_126,643.0,25.72,76.608898000714,-259.25254860386747,2569.3503525441406,69.687104246397,-1702.5869466384297,3847.854028279742,196.11036356054214,1964.3228795549455,3991.3551919007277
patient_126,644.0,25.76,54.92403952768778,-542.1214618256556,2571.5473141252482,130.99792695648532,1532.7705677522079,3853.0939453580013,110.58766096916088,-2138.0675647845314,3995.7786983394944
patient_126,645.0,25.8,64.24435705023515,233.00793806368426,2574.1170884072576,165.44226265792108,861.108392535894,3859.7116358643184,128.4757002482961,447.2009819783807,4000.917726349426
patient_126,646.0,25.84,43.37969596980888,-521.6165270106568,2575.85227624605,82.05711774508426,-2084.6286228209206,3862.993920574122,123.06565185563022,-135.25120981664713,4005.8403524236514
patient_126,647.0,25.88,48.10895352647775,118.23143891672174,2577.776634387109,166.12893308759047,2101.7953835626554,3869.6390778976256,109.40197066775593,-341.59202969685725,4010.2164312503614
patient_126,648.0,25.92,102.71038750280898,1365.035849408281,2581.8850498872216,237.25860187081048,1778.2417195805003,3879.1294219724577,145.22942367919848,895.6863252860636,4016.0256081975294
patient_126,649.0,25.96,118.12162734646063,385.28099609129106,2586.60991498108,574.0144729549357,8418.896777103131,3902.090000890655,493.73488852219816,8712.636621074993,4035.775003738417
patient_126,650.0,26.0,170.5698152384024,1311.2046972985447,2593.432707590616,327.9863290858975,-6150.703596725955,3915.209454054091,286.65994618135903,-5176.873558520978,4047.2414015856716
patient_126,651.0,26.04,211.2104487123225,1016.0158368480019,2601.881125539109,409.16558360991064,2029.481363100328,3931.576077398487,463.3412658585904,4417.032991930784,4065.7750522200154
patient_126,652.0,26.08,5.6105416347378405,-5139.997676939616,2602.105547204498,64.47197954446416,-8617.340101636162,3934.154956580266,159.22655694485152,-7602.8677228434735,4072.1441144978094
patient_126,653.0,26.12,133.9498591885316,3208.4829388448443,2607.4635415720395,462.6323338065941,9954.008856553248,3952.66024993253,405.2336214136651,6150.17661172034,4088.3534593543554
patient_126,654.0,26.16,168.72258523117998,869.3181510662093,2614.212444981287,491.19752729792623,714.1298372833035,3972.3081510244474,418.8587204591127,340.62747613618996,4105.10780817272
patient_126,655.0,26.2,249.65360530238615,2023.2755017801544,2624.198589193382,252.62259211040043,-5964.373379688145,3982.4130547088635,263.98821760894174,-3871.762571254274,4115.667336877078
patient_126,656.0,26.24,207.63235086822795,-1050.5313608539552,2632.503883228111,256.3056586420384,92.07666329094906,3992.665281054545,261.30890534208066,-66.98280667152687,4126.119693090762
patient_126,657.0,26.28,182.55139658713426,-627.023857027342,2639.8059390915964,189.661796880614,-1666.0965440356101,4000.2517529297697,163.82633369284721,-2437.0642912308363,4132.672746438476
patient_126,658.0,26.32,47.38597832613141,-3379.1354565250713,2641.7013782246418,196.24251348211448,164.5179150375121,4008.101453469054,184.1266620664184,507.5082093392794,4140.037812921132
patient_126,659.0,26.36,374.4807408364559,8177.369062758112,2656.6806078581,284.3830236601022,2203.512754449693,4019.4767744154583,337.1685684832436,3826.0476604206297,4153.524555660462
patient_126,660.0,26.4,90.72812374969861,-7093.815427168931,2660.3097328080876,56.16616033163134,-5705.421583211772,4021.7234208287236,6.385929518546758,-8269.56597411742,4153.779992841204
patient_126,661.0,26.44,82.16542639625196,-214.0674338361663,2663.596349863938,57.19064695353956,25.6121655477056,4024.0110467068653,41.553015056655966,879.1771384527301,4155.442113443471
patient_126,662.0,26.48,21.481082085703427,-1517.1086077637133,2664.4555931473665,140.2844562372152,2077.3452320918914,4029.6224249563543,58.07480367678603,413.04471550325167,4157.765105590543
patient_126,663.0,26.52,98.25002788927505,1919.2236450892906,2668.385594262937,166.23361786813877,648.7290407730889,4036.2717696710797,64.17431705253124,152.4878343936301,4160.332078272644
patient_126,664.0,26.56,55.56607957815751,-1067.0987077779382,2670.6082374460634,119.41975827931952,-1170.346489720481,4041.0485600022525,190.11643615423,3148.5529775424693,4167.936735718813
patient_126,665.0,26.6,70.46398352299387,372.44759862090893,2673.4267967869832,91.2044789649126,-705.3819828601731,4044.6967391608487,36.67059063868179,-3836.1461378887057,4169.4035593443605
patient_126,666.0,26.64,73.56372207664704,77.4934638413292,2676.369345670049,66.5402006647085,-616.6069575051026,4047.3583471874367,108.50536221501102,1795.8692894082308,4173.743773832961
patient_126,667.0,26.68,105.56540771428908,800.042140941051,2680.5919619786205,21.710544455683735,-1120.741405225619,4048.226768965664,58.55226787440489,-1248.8273585151533,4176.085864547937
patient_126,668.0,26.72,58.833533581527256,-1168.2968533190456,2682.945303321881,60.571146543848485,971.5150522041189,4050.649614827418,52.262914159887664,-157.23384286293066,4178.176381114333
patient_126,669.0,26.76,27.384023244126457,-786.2377584350199,2684.0406642516464,33.483256316495726,-677.197255683819,4051.988945080078,9.239690103446815,-1075.5806014110212,4178.54596871847
patient_126,670.0,26.8,36.70385321279968,232.99574921683055,2685.5088183801586,43.9111768403014,260.69801309514185,4053.74539215369,28.229308195408205,474.74045229903476,4179.675141046287
patient_126,671.0,26.84,41.907833569876786,130.09950892692768,2687.1851317229534,12.288791665388368,-790.5596293728258,4054.236943820305,116.62563504616958,2209.908171269034,4184.3401664481335
patient_126,672.0,26.88,65.25167960236543,583.596150812216,2689.7951989070484,13.270407299933382,24.54039086362534,4054.7677601123023,110.12025308662253,-162.63454898867627,4188.744976571598
patient_126,673.0,26.92,3.2350094341741293,-1550.4167542047824,2689.924599284415,34.45179455319392,529.5346813315134,4056.1458318944306,57.539841637524376,-1314.5102862274537,4191.046570237099
patient_126,674.0,26.96,26.557693419288622,583.0670996278624,2690.9869070211867,62.68535146573854,705.8389228136156,4058.65324595306,77.71984328132734,504.50004109507415,4194.1553639683525
patient_126,675.0,27.0,18.123487141175666,-210.8551569528239,2691.711846506834,18.59099661547714,-1102.358871256535,4059.396885817679,382.0735883548124,7608.843626837125,4209.438307502545
patient_126,676.0,27.04,52.18011833491328,851.4157798434404,2693.7990512402303,116.05649326748278,2436.637416300141,4064.0391455483787,177.0568211565362,-5125.419179956905,4216.520580348807
patient_126,677.0,27.08,206.63518829581545,3861.376749022554,2702.0644587720626,213.54225230967657,2437.1439760548446,4072.5808356407656,211.38912622880545,858.3076268067316,4224.97614539796
patient_126,678.0,27.12,306.1537094304821,2487.9630283666656,2714.310607149282,376.391918423011,4071.241652833361,4087.6365123776864,337.82418791226615,3160.8765420865175,4238.48911291445
patient_126,679.0,27.16,389.39483100622886,2081.028039393669,2729.886400389531,293.2326602723011,-2078.9814537677485,4099.3658187885785,294.5518859531412,-1081.8075489781236,4250.271188352576
patient_126,680.0,27.2,391.33822216477967,48.58477896377025,2745.539929276122,369.0104332505809,1894.4443244569952,4114.126236118602,415.02500900176057,3011.828076215484,4266.872188712647
patient_126,681.0,27.24,364.737097131105,-665.0281258418672,2760.1294131613663,479.15483369335743,2753.6100110694138,4133.292429466336,444.4991652681137,736.8539066588284,4284.6521553233715
patient_126,682.0,27.28,344.4345349365354,-507.5640548642397,2773.9067945588276,428.1257382899364,-1275.7273850855256,4150.417458997934,372.00958135298976,-1812.2395978780987,4299.532538577491
patient_126,683.0,27.32,326.9153361213735,-437.9799703790468,2786.983408003682,363.59028904465725,-1613.3862311319788,4164.961070559721,398.7520036627955,668.560557745144,4315.482618724003
patient_126,684.0,27.36,171.95373761431358,-3874.0399626764984,2793.861557508255,375.73379832436495,303.5877319926925,4179.990422492695,418.6331550485405,497.028784643625,4332.227944925944
patient_126,685.0,27.4,178.18463839401878,155.77251949262987,2800.9889430440153,380.2725400919229,113.46854418894878,4195.201324096372,359.0341690219704,-1489.974650664253,4346.589311686823
patient_126,686.0,27.44,170.699661302039,-187.1244272994943,2807.816929496097,122.02640013852955,-6456.153498834834,4200.082380101913,366.37217148327386,183.45006153258652,4361.244198546154
patient_126,687.0,27.48,98.17606351953091,-1813.0899445627024,2811.743972036878,303.32052823253315,4532.35320235009,4212.215201231215,293.9589823930886,-1810.3297272546315,4373.002557841877
patient_126,688.0,27.52,227.6309607630702,3236.372431088482,2820.849210467401,273.80017473520513,-738.0088374332004,4223.167208220623,391.01222914096877,2426.331168697004,4388.6430470075165
patient_126,689.0,27.56,191.72122875812863,-897.743300123539,2828.518059617726,213.27256533225463,-1513.1902350737626,4231.698110833913,264.7664795313586,-3156.143740240255,4399.23370618877
patient_126,690.0,27.6,141.4944935250653,-1255.668380826583,2834.1778393587288,175.08669147245445,-954.6468464950045,4238.701578492812,246.02663912425945,-468.4960101774784,4409.0747717537415
patient_126,691.0,27.64,129.30943580572583,-304.6264429834871,2839.3502167909583,91.73424211755142,-2083.811233872576,4242.370948177514,213.8593037534229,-804.1833842709138,4417.629143903879
patient_126,692.0,27.68,155.3353481084697,650.6478075685969,2845.5636307152968,120.77018081638202,725.8984674707651,4247.201755410169,219.45545619430513,139.9038110220559,4426.407362151651
patient_126,693.0,27.72,162.6598345511388,183.11216106672745,2852.0700240973424,176.5155232079297,1393.633559788692,4254.262376338487,157.80830296219816,-1541.1788308026744,4432.7196942701385
patient_126,694.0,27.76,208.14893483801472,1137.2275071718982,2860.395981490863,137.84206257074703,-966.8365159295668,4259.776058841317,235.85712786981412,1951.220622690399,4442.153979384931
patient_126,695.0,27.8,244.10613781991626,898.9300745475383,2870.1602270036597,169.42725392227084,789.6297837880951,4266.553148998208,176.02838527639406,-1495.7185648355014,4449.195114795986
patient_126,696.0,27.84,166.3325587832964,-1944.3394759154962,2876.8135293549917,127.74346514040867,-1042.094719546554,4271.662887603824,196.42188788621183,509.83756524544435,4457.0519903114355
patient_126,697.0,27.88,124.85048225949413,-1037.051913095057,2881.8075486453718,126.35301965189456,-34.761137212852944,4276.7170083899,28.16879789508977,-4206.327249778052,4458.178742227239
patient_126,698.0,27.92,48.719065357281615,-1903.285422555313,2883.7563112596627,113.13534245368513,-330.44192995523576,4281.242422088047,73.23055064765889,1126.543818814228,4461.107964253145
patient_126,699.0,27.96,30.63782268028575,-452.0310669248966,2884.9818241668745,64.79138575619444,-1208.5989174372671,4283.834077518295,73.57864427686332,8.702340730110691,4464.051110024219
patient_126,700.0,28.0,175.51695680336596,3621.978353077005,2892.002502439009,82.25038766731524,436.47504777801987,4287.124093024988,132.4541694010039,1471.8881281035144,4469.349276800259
patient_126,701.0,28.04,98.72515591117102,-1919.7950223048736,2895.951508675456,20.122649301405232,-1553.1934591477502,4287.928998997044,101.50421613271625,-773.7488317071911,4473.409445445568
patient_126,702.0,28.08,102.90788158503157,104.568141846514,2900.067823938857,43.30273790884947,579.502215186106,4289.661108513397,160.10472832089673,1465.0128047045118,4479.813634578403
patient_126,703.0,28.12,43.01637030763568,-1497.2877819348973,2901.788478751163,108.64275619508909,1633.5004571559907,4294.006818761201,114.73367691746934,-1134.2762850856848,4484.402981655102
patient_126,704.0,28.16,19.945128077911246,-576.7810557431109,2902.5862838742796,400.7861516828031,7303.584887192851,4310.038264828513,21.57279888710188,-2329.0219507591864,4485.265893610586
patient_126,705.0,28.2,117.6766572208164,2443.2882285726287,2907.293350163112,133.6717534623268,-6677.859955511909,4315.385134967006,14.437838096912445,-178.37401975473583,4485.843407134464
patient_126,706.0,28.24,106.4492207875726,-280.6859108310949,2911.551318994615,36.95529960985651,-2417.911346311757,4316.8633469514,23.79692424068903,233.97715359441463,4486.795284104091
patient_126,707.0,28.28,43.75118357594408,-1567.450930290713,2913.3013663376532,59.57381000961921,565.4627599940675,4319.246299351785,47.91339932626575,602.9118771394179,4488.711820077141
patient_126,708.0,28.32,15.312385067514205,-710.9699627107469,2913.9138617403537,132.21765507072405,1816.096126527621,4324.535005554614,25.50608403604157,-560.1828822556045,4489.732063438582
patient_126,709.0,28.36,37.41555268051847,552.5791903251067,2915.410483847574,31.756291921862484,-2511.534078721539,4325.805257231488,39.36509833291322,346.4753574217912,4491.3066673718995
patient_126,710.0,28.4,66.8446077760935,735.7263773893756,2918.0842681586178,85.13675703014671,1334.5116277071056,4329.210727512695,72.8291524038748,836.6013517740395,4494.219833468054
patient_126,711.0,28.44,92.0095410257679,629.1233312418601,2921.7646497996484,106.13934273855135,525.064642710116,4333.456301222236,116.5032165148517,1091.8516027744224,4498.879962128649
patient_126,712.0,28.48,55.58984614743127,-910.4923719584159,2923.9882436455455,105.78886030589814,-8.76206081633022,4337.687855634472,125.68834599261606,229.62823694410906,4503.907495968353
patient_126,713.0,28.52,38.776164039024394,-420.3420527101718,2925.539290207106,142.96485441824206,929.3998528085979,4343.406449811202,184.59690653401333,1472.7140135349316,4511.291372229714
patient_126,714.0,28.56,55.93648134558689,429.0079326640624,2927.77674946093,129.4148050941454,-338.7512331024162,4348.583042014968,164.97250055937425,-490.6101493659769,4517.89027225209
patient_126,715.0,28.6,62.43784594209777,162.53411491277205,2930.2742632986137,101.42979862369043,-699.6251617613744,4352.640233959915,76.22585294643206,-2218.666190323555,4520.939306369946
patient_126,716.0,28.64,64.55796878763586,53.00307113845211,2932.856582050119,116.6997190370609,381.7480103342618,4357.308222721398,59.34588918603476,-421.9990940099324,4523.313141937388
patient_126,717.0,28.68,19.667221328791655,-1122.268686471105,2933.643270903271,38.133954346050515,-1964.1441172752598,4358.83358089524,88.75173968060952,735.1462623643689,4526.863211524612
patient_126,718.0,28.72,80.67617195587384,1525.2237656770546,2936.870317781506,43.49052461158228,133.91425663829412,4360.5732018797025,141.8125544043414,1326.520368093297,4532.535713700786
patient_126,719.0,28.76,25.979624668418477,-1367.413682186384,2937.9095027682424,32.4593620671604,-275.77906361054704,4361.8715763623895,264.0958294544597,3057.0818762529575,4543.099546878964
patient_126,720.0,28.8,51.60966965805508,640.7511247409151,2939.9738895545643,94.65481744887818,1554.8863845429444,4365.657769060345,462.5990975039494,4962.581701237243,4561.603510779122
patient_126,721.0,28.84,29.221395709337358,-559.7068487179431,2941.142745382938,63.62454110987748,-775.7569084750176,4368.2027507047405,7.902847510155626,-11367.406249844844,4561.919624679528
patient_126,722.0,28.88,81.00082136622785,1294.4856414222625,2944.3827782375865,163.85407509069435,2505.738349520422,4374.756913708368,237.23361295622686,5733.269136151781,4571.408969197777
patient_126,723.0,28.92,101.52148583260463,513.0166116594193,2948.443637670891,106.46320935587825,-1434.7716433704027,4379.015442082603,19.634127904877307,-5439.987126283739,4572.194334313973
patient_126,724.0,28.96,111.47528936298232,248.84508825944243,2952.90264924541,64.94129661752686,-1038.0478184587848,4381.613093947304,89.70491341346342,1751.7696377146528,4575.782530850511
patient_126,725.0,29.0,71.40435618415637,-1001.7733294706488,2955.758823492776,96.77564353956265,795.8586730508948,4385.4841196888865,37.5949596977569,-1302.7488428926629,4577.286329238421
patient_126,726.0,29.04,51.76453847831042,-490.9954426461487,2957.8294050319087,69.94776447354774,-670.6969766503729,4388.282030267828,60.213095415520264,565.4533929440842,4579.694853055042
patient_126,727.0,29.08,109.91886992769221,1453.8582862345447,2962.226159829016,139.90655585368847,1748.9697845035184,4393.878292501976,208.25080362135276,3700.9427051458124,4588.024885199896
patient_126,728.0,29.12,88.03602509104891,-547.0711209160825,2965.7476008326576,151.3094245221952,285.07171671266815,4399.930669482864,91.08446098278507,-2929.158565964192,4591.668263639208
patient_126,729.0,29.16,105.44310162411296,435.17691332660104,2969.9653248976224,162.28528439802122,274.39649689565044,4406.422080858784,143.40375391655175,1307.9823233441668,4597.40441379587
patient_126,730.0,29.2,64.85147085411428,-1014.7907692499668,2972.559383731787,69.01507726226046,-2331.755178394019,4409.182683949275,236.41032358319057,2325.1642416659706,4606.860826739197
patient_126,731.0,29.24,97.39888898253713,813.6854532105712,2976.455339291089,45.418342955482544,-589.9183576694479,4410.9994176674945,109.61237881392896,-3169.9486192315403,4611.245321891754
patient_126,732.0,29.28,105.23141262317799,195.81309101602145,2980.664595796016,104.80687689129981,1484.7133483954317,4415.191692743146,22.740288906897963,-2171.802247675775,4612.15493344803
patient_126,733.0,29.32,100.86977840010701,-109.04085557677448,2984.6993869320204,63.89595379193137,-1022.773077484211,4417.747530894823,75.87973530158206,1328.4861598671025,4615.190122860094
patient_126,734.0,29.36,93.21168677213035,-191.4522906994165,2988.4278544029057,78.6267896216891,368.27089574394324,4420.892602479691,106.57045981352478,767.2681127985679,4619.452941252634
patient_126,735.0,29.4,50.427159996618,-1069.6131693878087,2990.4449408027704,49.77600862451445,-721.2695249293662,4422.883642824671,39.66672628878542,-1672.5933381184839,4621.039610304185
patient_126,736.0,29.44,99.92893732093574,1237.5444331079436,2994.4420982956076,81.05771906896457,782.042761111253,4426.12595158743,66.09515916647527,660.7108219422463,4623.683416670844
patient_126,737.0,29.48,19.67019396666188,-2006.4685838568466,2995.2289060542744,23.10393153279378,-1448.8446884042698,4427.050108848742,17.612537585286233,-1212.0655395297258,4624.387918174256
patient_126,738.0,29.52,74.10585630252525,1360.8915583965843,2998.1931403063754,89.08311920796504,1649.4796918792815,4430.61343361706,64.48172417160072,1171.729664657862,4626.967187141119
patient_126,739.0,29.56,145.6407214193668,1788.3716279210387,3004.01876916315,75.5894468346274,-337.3418093334411,4433.637011490445,78.34843430975691,346.6677534539048,4630.10112451351
patient_126,740.0,29.6,162.29361499894804,416.32233948953115,3010.510513763108,208.7180042890104,3328.2139363595747,4441.9857316620055,132.61978663773604,1356.7838081994782,4635.405915979019
patient_126,741.0,29.64,159.93855625674,-58.876468555201456,3016.9080560133775,236.13411346360832,685.4027293649481,4451.431096200549,166.28888137320058,841.7273683866135,4642.057471233947
patient_126,742.0,29.68,175.3113940841014,384.32094568403556,3023.9205117767415,228.32507481051323,-195.22596632737717,4460.56409919297,190.64240700131325,608.8381407028166,4649.683167513999
patient_126,743.0,29.72,146.20018236918406,-727.7802928729336,3029.7685190715088,201.0633683154165,-681.542662377418,4468.606633925587,288.48404339636534,2446.040909876302,4661.222529249854
patient_126,744.0,29.76,150.30688822924247,102.6676465014603,3035.7807946006783,197.38694511066112,-91.91058011888487,4476.502111730013,402.4079671285938,2848.0980933057112,4677.318847934997
patient_126,745.0,29.8,142.32848711643868,-199.46002782009487,3041.4739340853357,144.857337338625,-1313.2401943009029,4482.296405223558,294.10921993995976,-2707.4686797158506,4689.083216732596
patient_126,746.0,29.84,71.31637259126816,-1775.302863129263,3044.3265889889867,247.00875073929313,2553.7853350167034,4492.17675525313,170.9651353142946,-3078.602115641629,4695.921822145168
patient_126,747.0,29.88,49.91625186204601,-535.0030182305538,3046.3232390634685,101.44294917855098,-3639.145039018554,4496.234473220273,382.5476076311632,5289.561807921715,4711.223726450415
patient_126,748.0,29.92,32.876695369512426,-425.9889123133396,3047.6383068782493,304.2269622524834,5069.600326848311,4508.403551710371,207.1094423075503,-4385.954133090323,4719.508104142717
patient_126,749.0,29.96,84.79709947791628,1298.0101027100964,3051.030190857366,211.80010040408095,-2310.6715462100615,4516.875555726535,220.66963871150173,339.0049100987859,4728.334889691177
patient_126,750.0,30.0,85.1419249568496,8.620636973333262,3054.4358678556396,432.31820921622824,5512.952720303682,4534.168284095184,116.34441483290233,-2608.130596964985,4732.988666284493
patient_126,751.0,30.04,143.13969115504497,1449.9441549548842,3060.1614555018414,149.58681297875054,-7068.284905936943,4540.151756614334,168.78140321793813,1310.924709625895,4739.7399224132105
patient_126,752.0,30.08,87.9539982365378,-1379.6423229626794,3063.679615431303,305.4480836079004,3896.5317657287464,4552.3696799586505,301.90342600220384,3328.050569606643,4751.816059453299
patient_126,753.0,30.12,126.98661258300613,975.8153586617084,3068.759079934623,208.74032073608788,-2417.694071795313,4560.719292788094,257.3287576628993,-1114.3667084826134,4762.109209759815
patient_126,754.0,30.16,180.21756201835362,1330.773735883687,3075.967782415357,300.9294744037894,2304.7288416925385,4572.756471764245,302.42257762445524,1127.3454990388984,4774.206112864793
patient_126,755.0,30.2,268.80455712828825,2214.674877748366,3086.7199647004886,358.55193044814746,1440.561401108951,4587.098548982171,309.3224191097805,172.49603713313206,4786.579009629184
patient_126,756.0,30.24,310.6761714401116,1046.7903577955838,3099.147011558093,188.57789994870512,-4249.350762486059,4594.6416649801195,264.61076936048875,-1117.7912437322946,4797.163440403604
patient_126,757.0,30.28,299.1088311473131,-289.183507319963,3111.1113648039855,332.6006458467938,3600.5686474522163,4607.945690813991,213.72524829754653,-1272.1380265735554,4805.712450335505
patient_126,758.0,30.32,272.28175019470507,-670.6770238152003,3122.0026348117735,235.28446623556567,-2432.9044902807027,4617.357069463414,217.82329679546905,102.45121244806299,4814.425382207324
patient_126,759.0,30.36,156.95813519472492,-2883.0903749995036,3128.2809602195625,31.11044448632941,-5104.350543730907,4618.601487242867,225.7249014641383,197.54011671673126,4823.45437826589
patient_126,760.0,30.4,97.75101162941863,-1480.1780891326573,3132.191000684739,128.04896973211547,2423.4631311446515,4623.7234460321515,51.82150339675757,-4347.584951684518,4825.52723840176
patient_126,761.0,30.44,56.9991474115824,-1018.7966054459057,3134.4709665812024,260.42439851750015,3309.385719634617,4634.140421972852,213.15963797289695,4033.453364403484,4834.053623920676
patient_126,762.0,30.48,244.33410605123,4683.37396599119,3144.2443308232514,45.30846699821223,-5377.898287982198,4635.95276065278,320.9013048358765,2693.5416715744886,4846.889676114111
patient_126,763.0,30.52,408.2075751569729,4096.836727643572,3160.572633829531,649.3754802643932,15101.675331654526,4661.927779863356,837.7393250948057,12920.95050647323,4880.399249117903
patient_126,764.0,30.56,500.05103093221516,2296.0863943810564,3180.574675066819,359.96294552568475,-7235.313368467712,4676.326297684383,317.4135828243835,-13008.143556760555,4893.095792430879
patient_126,765.0,30.6,381.06231971407107,-2974.7177804536022,3195.8171678553817,361.2377090416136,31.869087898220982,4690.775806046047,548.2647840267825,5771.280030059976,4915.026383791951
patient_126,766.0,30.64,347.32973100955354,-843.3147176129381,3209.710357095764,363.2661142096713,50.710129201442555,4705.306450614435,493.9403197051385,-1358.1116080411007,4934.783996580157
patient_126,767.0,30.68,248.50247906914785,-2470.6812985101424,3219.65045625853,178.74682378023093,-4612.982260736009,4712.456323565643,221.55560560694408,-6809.61785245486,4943.646220804434
patient_126,768.0,30.72,152.1041287686724,-2409.9587575118862,3225.7346214092768,300.7951772110139,3051.208835769574,4724.488130654084,395.66995743841903,4352.858795786874,4959.473019101972
patient_126,769.0,30.76,125.53365401065167,-664.2618689505184,3230.755967569703,258.9649234823854,-1045.7563432157117,4734.846727593379,382.12156378539083,-338.709841325705,4974.757881653387
patient_126,770.0,30.8,73.30805756839867,-1305.6399110563252,3233.688289872439,59.62571267087085,-4983.480270287864,4737.231756100214,364.4911854183654,-440.75945917563644,4989.3375290701215
patient_126,771.0,30.84,100.03692886976492,668.2217825341563,3237.6897670272297,34.22450590593957,-635.0301691232819,4738.6007363364515,62.32866852010479,-7554.0629224565155,4991.830675810926
patient_126,772.0,30.88,157.67046329272648,1440.838360574039,3243.9965855589385,226.38459247320878,4804.00216418173,4747.65612003538,245.7590574968665,4585.759724419042,5001.6610381108
patient_126,773.0,30.92,224.07244845534217,1660.0496290653923,3252.959483497152,328.96052683172707,2564.398358962957,4760.814541108649,445.0022950713454,4981.080939361972,5019.461129913654
patient_126,774.0,30.96,340.0662237265482,2899.84438178015,3266.562132446214,376.81730431200015,1196.4194370068271,4775.887233281129,246.05102854783857,-4973.7816630876705,5029.303171055567
patient_126,775.0,31.0,316.2276492820237,-595.9643611131114,3279.211238417495,593.3488059238106,5413.28754029526,4799.621185518082,524.9941814427535,6973.578822372875,5050.302938313278
patient_126,776.0,31.04,429.213598672068,2824.6487347511065,3296.3797823643777,285.73641436564037,-7690.309788954255,4811.050642092708,366.0293450877765,-3974.1209088744254,5064.944112116788
patient_126,777.0,31.08,378.65168374740705,-1264.047873116523,3311.525849714274,415.34749165599516,3240.2769322588697,4827.664541758947,597.1450514325788,5777.892658620059,5088.829914174092
patient_126,778.0,31.12,371.5775771206054,-176.85266567004163,3326.388952799098,327.6019777429315,-2193.6378478265906,4840.768620868665,302.9681559697445,-7354.422386570859,5100.948640412882
patient_126,779.0,31.16,229.13874176419992,-3560.9708839101368,3335.554502469666,229.71865527881684,-2447.083061602867,4849.957367079817,157.00703030981373,-3649.028141498269,5107.228921625275
patient_126,780.0,31.2,107.66685265457554,-3036.7972277406097,3339.8611765758487,52.509778157280444,-4430.22192803841,4852.057758206109,75.9067964463035,-2027.5058465877557,5110.2651934831265
patient_126,781.0,31.24,64.93771397241518,-1068.228467054009,3342.4586851347453,114.5134474131019,1550.0917313955365,4856.638296102633,403.61398022505193,8192.679594468711,5126.409752692129
patient_126,782.0,31.28,135.65065644888216,1767.8235619116745,3347.8847113927004,222.51817850539248,2700.1182773072646,4865.539023242848,182.9657197932644,-5516.206510794688,5133.72838148386
patient_126,783.0,31.32,208.10153099371715,1811.2718636208747,3356.2087726324494,184.78987255357188,-943.2076487955151,4872.930618144991,569.1489619116251,9654.581052959016,5156.494339960324
patient_126,784.0,31.36,366.6456771968143,3963.6036550774284,3370.874599720322,281.7177596850481,2423.197178286906,4884.199328532393,567.7273289168431,-35.54082486954826,5179.203433116998
patient_126,785.0,31.4,352.1175976641466,-363.2019883166919,3384.959303626888,427.65617164610666,3648.4602990264634,4901.305575398237,220.98697793403295,-8668.508774570255,5188.042912234359
patient_126,786.0,31.44,272.2731824892229,-1996.1103793730927,3395.850230926457,145.06497696383795,-7064.779867056717,4907.108174476791,77.98739224710053,-3574.9896421733106,5191.162407924244
patient_126,787.0,31.48,100.44611359643568,-4295.67672231968,3399.8680754703146,142.72248525544646,-58.5622927097873,4912.817073887009,281.7551283062681,5094.193401479189,5202.432613056494
patient_126,788.0,31.52,31.24480467588636,-1730.0327230137332,3401.1178676573495,195.5851343369228,1321.5662270369087,4920.640479260486,460.8368883743407,4477.0440017018145,5220.866088591468
patient_126,789.0,31.56,155.09606147646872,3096.281420014559,3407.321710116408,59.05484664229864,-3413.2571923656046,4923.002673126178,235.5235772221643,-5632.832778804409,5230.287031680355
patient_126,790.0,31.6,74.73750932074135,-2008.9638038931841,3410.3112104892375,84.13772316818766,627.0719131472255,4926.3681820529055,19.99373271083095,-5388.246112783334,5231.086780988788
patient_126,791.0,31.64,598.6758139840706,13098.457616583233,3434.2582430486004,781.4740957871436,17433.4093154739,4957.627145884391,548.5916464254514,13214.94784286551,5253.030446845805
patient_126,792.0,31.68,441.02235694320535,-3941.3364260216313,3451.8991373263284,204.71207533291658,-14419.050511355676,4965.815628897708,233.66763838862875,-7873.100200920565,5262.377152381351
patient_126,793.0,31.72,338.2568302920666,-2569.1381662784693,3465.429410538011,277.5591765919808,1821.1775314766057,4976.917995961387,189.5454568400654,-1103.0545387140833,5269.958970654954
patient_126,794.0,31.76,161.052061980237,-4430.119207795739,3471.8714930172205,83.25844578437517,-4857.518270190141,4980.248333792762,467.5471579429039,6950.042527570961,5288.6608569726695
patient_126,795.0,31.8,25.34470388733058,-3392.6839523226604,3472.885281172714,64.23649377423288,-475.54880025355715,4982.817793543732,91.60050843237634,-9398.66623776319,5292.324877309965
patient_126,796.0,31.84,71.60212258349871,1156.4354674042033,3475.749366076054,274.9111322431779,5266.865961723626,4993.814238833458,74.3474612742306,-431.3261789536437,5295.298775760934
patient_126,797.0,31.88,270.988365567948,4984.656074611232,3486.5889006987713,389.13728260382106,2855.6537590160788,5009.379730137612,171.52256608435758,2429.3776202531744,5302.1596784043095
patient_126,798.0,31.92,343.9556564938053,1824.1822731464324,3500.347126958524,271.4144419205281,-2943.0710170823245,5020.236307814433,890.2458152413177,17968.081228924002,5337.769511013962
patient_126,799.0,31.96,488.1135955170103,3603.9484755801254,3519.8716707792046,745.2981134851159,11847.091789114695,5050.048232353837,550.2219763605765,-8500.595972018531,5359.778390068385
patient_126,800.0,32.0,35.469056668524516,-11316.113471212146,3521.290433045946,149.74755137580348,-14888.76405273281,5056.038134408869,51.24985913710997,-12474.302930586662,5361.828384433869
patient_126,801.0,32.04,469.61265377557066,10853.589927676154,3540.074939196969,281.05632266667277,3282.719282271732,5067.280387315536,403.08059745352256,8795.768457910315,5377.95160833201
patient_126,802.0,32.08,564.8580328187572,2381.134476079664,3562.669260509719,544.4294407044023,6584.327950943238,5089.057564943712,474.0113083573012,1773.2677725944654,5396.912060666302
patient_126,803.0,32.12,541.2264722516215,-590.7890141783923,3584.3183193997843,1049.9777074569595,12638.70666881393,5131.05667324199,653.1244530537002,4477.828617409976,5423.0370387884495
patient_126,804.0,32.16,171.57600145914796,-9241.26176981184,3591.18135945815,386.58456755730845,-16584.828497491275,5146.520055944283,827.4215844595399,4357.428285145991,5456.133902166832
patient_126,805.0,32.2,136.58390265744742,-874.8024700425134,3596.6447155644482,281.9704108756194,-2615.3539170422264,5157.798872379307,272.4405794207609,-13874.525125969472,5467.031525343662
patient_126,806.0,32.24,295.3941963426157,3970.2573421292072,3608.460483418153,197.2089326538219,-2119.0369555449374,5165.68722968546,232.56538299055143,-996.8799107552371,5476.334140663284
patient_126,807.0,32.28,223.76440418944068,-1790.7448038293758,3617.4110595857305,745.7351960220161,13713.156584204857,5195.516637526341,527.6849663563484,7377.989584144923,5497.441539317539
patient_126,808.0,32.32,448.50808478965257,5618.592015005297,3635.3513829773165,186.69020742962564,-13976.124714809763,5202.984245823525,469.0191544483369,-1466.6452977002862,5516.202305495472
patient_126,809.0,32.36,531.5374899498923,2075.735129005994,3656.6128825753117,490.524824308387,7595.865421969034,5222.605238795862,500.2831458648908,781.5997854138473,5536.213631330067
patient_126,810.0,32.4,498.5667423951463,-824.2686888686507,3676.555552271118,572.7638291002214,2055.9751197958603,5245.51579195987,404.97126476244335,-2382.797027561186,5552.412481920565
patient_126,811.0,32.44,56.874361299600174,-11042.309527388654,3678.830526723102,135.99834833615495,-10919.137019101661,5250.9557258933155,87.68787984068756,-7932.084623043895,5555.919997114193
patient_126,812.0,32.48,437.46628654494754,9514.798131133684,3696.3291781849002,371.1285450523832,5878.254917905706,5265.8008676954105,914.9937317975717,20682.646298922107,5592.519746386097
patient_126,813.0,32.52,330.10689050406205,-2683.984901022137,3709.5334538050624,323.3258496660177,-1195.0673846591371,5278.7339016820515,286.54291168093727,-15711.270502915864,5603.981462853334
patient_126,814.0,32.56,313.18285630916637,-423.10085487239206,3722.0607680574294,219.26907928591342,-2601.4192595026066,5287.504664853488,152.44127268654972,-3352.5409748596885,5610.079113760797
patient_126,815.0,32.6,226.0054547598648,-2179.4350387325394,3731.100986247824,133.9723087526692,-2132.419263331106,5292.863557203595,49.124601912104396,-2582.916769361133,5612.044097837281
patient_126,816.0,32.64,104.0404900899982,-3049.1241167466646,3735.2626058514243,44.6249845945757,-2233.6831039523377,5294.648556587378,99.70681153920246,1264.5552406774516,5616.032370298848
patient_126,817.0,32.68,216.2686097323741,2805.7029910593974,3743.913350240719,188.66161785967859,3600.9158316275725,5302.195021301765,299.55383854107646,4996.175675046849,5628.014523840492
patient_126,818.0,32.72,327.2521254172957,2774.58789212304,3757.0034352574107,276.7220014427676,2201.5095895772247,5313.263901359476,101.7716719922272,-4944.554163721232,5632.085390720181
patient_126,819.0,32.76,332.2386607299701,124.66338281685978,3770.2929816866094,346.01269526168386,1732.267345472907,5327.104409169943,624.7129295391783,13073.531438673777,5657.0739079017485
patient_126,820.0,32.8,391.61358207350406,1484.3730335883492,3785.95752496955,340.1833800440745,-145.7328804402337,5340.711744371706,361.4220586462215,-6582.271772323919,5671.530790247597
patient_126,821.0,32.84,485.3739201997836,2344.0084531569883,3805.372481777541,367.20443237594645,675.5263082967986,5355.3999216667435,592.9986780704662,5789.415485606118,5695.250737370416
patient_126,822.0,32.88,46.14128100898821,-10980.815979769885,3807.2181330179005,46.70728946594803,-8012.428572749961,5357.268213245381,97.88878246488576,-12377.747390139511,5699.166288669012
patient_126,823.0,32.92,566.7463589996105,13015.126949765556,3829.8879873778847,679.7042262411517,15824.92341938009,5384.456382295027,476.4876781973142,9464.97239331071,5718.225795796903
patient_126,824.0,32.96,433.85122648594074,-3322.3783128417435,3847.2420364373224,477.9316502711397,-5044.314399250299,5403.573648305873,459.42321374869493,-426.6116112154819,5736.602724346852
patient_126,825.0,33.0,308.8154812495643,-3125.893630909411,3859.594655687305,629.1742381980835,3781.0646981735945,5428.740617833796,402.4579359293073,-1424.1319454846903,5752.701041784024
patient_126,826.0,33.04,209.2119062063795,-2490.0893760796203,3867.9631319355603,461.1952353439852,-4199.475071352456,5447.188427247556,474.0328752864166,1789.3734839277315,5771.66235679548
patient_126,827.0,33.08,230.01684158100403,520.1233843656133,3877.1638055988005,94.34009401588497,-9171.378533202505,5450.962031008192,973.3432671887631,12482.759797558663,5810.596087483031
patient_126,828.0,33.12,48.79462939679587,-4530.555304605204,3879.1155907746725,111.58170565829984,431.04029106037166,5455.425299234523,165.2837233367978,-20201.488596299132,5817.207436416502
patient_126,829.0,33.16,167.73709510655777,2973.5616427440477,3885.8250745789346,258.57677043435984,3674.8766194015006,5465.768370051897,243.26682639071055,1949.5775763478186,5826.938109472129
patient_126,830.0,33.2,269.72449677188393,2549.685041633154,3896.6140544498103,364.9316611822778,2658.8722686979495,5480.365636499188,292.2835821111785,1225.4188930116982,5838.629452756577
patient_126,831.0,33.24,251.7930210452616,-448.2868931655581,3906.6857752916203,371.18403792911687,156.30941867097619,5495.212998016354,425.1243089614561,3321.018171256941,5855.634425115035
patient_126,832.0,33.28,60.931365814721026,-4771.541380763514,3909.1230299242093,49.98624049247172,-8029.944935916129,5497.212447636051,88.35148771654299,-8419.320531122828,5859.168484623697
patient_126,833.0,33.32,383.04291019367827,8052.7886094739315,3924.444746331956,296.5658147340986,6164.489356040672,5509.075080225415,375.0754536856249,7168.099149227048,5874.171502771122
patient_126,834.0,33.36,334.19829358617574,-1221.1154151875633,3937.8126780754033,472.61798694296584,4401.304305221682,5527.979799703134,692.0625029734929,7924.6762321967,5901.854002890061
patient_126,835.0,33.4,466.0628129013067,3296.612982878274,3956.4551905914554,508.28602781659833,891.7010218408122,5548.311240815798,340.9158318562832,-8778.666777930242,5915.490636164312
patient_126,836.0,33.44,348.5215301414476,-2938.5320689964774,3970.396051797113,222.35563034944465,-7148.259936678842,5557.205466029775,341.42842935277594,12.814937412318272,5929.147773338424
patient_126,837.0,33.48,245.52976931443317,-2574.794020675361,3980.2172425696904,230.8732386145938,212.9402066287284,5566.440395574359,175.76979493548896,-4141.465860432174,5936.178565135842
patient_126,838.0,33.52,222.56250537198147,-574.1815985612924,3989.11974278457,95.64808042961597,-3380.6289546244457,5570.266318791543,134.7436191014249,-1025.6543958516013,5941.568309899899
patient_126,839.0,33.56,161.69870005964046,-1521.5951328085252,3995.5876907869556,242.893046225796,3681.1241449045015,5579.982040640575,448.5513964775882,7845.194434404081,5959.5103657590025
patient_126,840.0,33.6,262.05238491319324,2508.8421213388197,4006.0697861834838,69.60046254685604,-4332.3145919735,5582.76605914245,329.83920542672337,-2967.8047762716205,5972.703933976071
patient_126,841.0,33.64,342.959654568984,2022.6817413947686,4019.788172366243,497.40383594047745,10695.084334840536,5602.662212580069,245.58686017958732,-2106.3086311784014,5982.527408383255
patient_126,842.0,33.68,491.6963770082688,3718.418060982121,4039.456027446574,466.93049381164934,-761.8335532207027,5621.339432332535,549.9243067330426,7608.436163836382,6004.524380652576
patient_126,843.0,33.72,16.521292375943194,-11879.377115808142,4040.116879141611,101.39148852545613,-9138.47513215483,5625.395091873553,71.58214841171646,-11958.553958033153,6007.387666589045
patient_126,844.0,33.76,498.40178582312296,12047.012336179494,4060.052950574536,530.6806713253754,10732.229569997984,5646.622318726569,336.1784640094171,6614.907889942517,6020.834805149422
patient_126,845.0,33.8,488.4077956663343,-249.84975391971602,4079.58926240119,534.9642063651431,107.08837599419212,5668.020886981174,357.8490436575295,541.7644912028095,6035.148766895723
patient_126,846.0,33.84,344.54941657671736,-3596.459477240424,4093.3712390642586,402.23964397906815,-3318.1140596518744,5684.110472740336,394.9191801795388,926.7534130502327,6050.945534102905
patient_126,847.0,33.88,182.64615221623203,-4047.5816090121334,4100.677085152907,374.08697640542755,-703.816689341015,5699.073951796554,652.9706973490415,6451.287929237568,6077.064361996867
patient_126,848.0,33.92,114.80966131251564,-1695.9122725929096,4105.2694716054075,470.5517135034778,2411.618427451256,5717.896020336693,298.28685050586364,-8867.096171079447,6088.995836017101
patient_126,849.0,33.96,103.78224716380763,-275.6853537177005,4109.420761491961,48.859164267554114,-10542.313730898093,5719.850386907396,156.1352953572101,-3553.7888787163383,6095.24124783139
patient_126,850.0,34.0,205.02740002677757,2531.128821574249,4117.621857493032,176.62209200767327,3194.073193502979,5726.915270587702,235.1506309138151,1975.3833889151244,6104.6472730679425
patient_126,851.0,34.04,317.4729650575162,2811.139125768466,4130.320776095332,700.9340981563153,13107.80015371605,5754.952634513955,844.6707915363077,15238.004015562314,6138.434104729395
patient_126,852.0,34.08,481.24424568038785,4094.282015571791,4149.570545922547,424.69902823275294,-6905.876748089058,5771.940595643264,357.9050145575239,-12169.144424469594,6152.750305311696
patient_126,853.0,34.12,105.10016198546697,-9403.602092373021,4153.7745524019665,85.73886159904885,-8474.004165842602,5775.3701501072255,139.49896798139844,-5460.151164403136,6158.330264030952
patient_126,854.0,34.16,374.0938292618551,6724.841681909703,4168.73830557244,421.0531339640971,8382.856809126208,5792.212275465789,268.3289490743757,3220.749527324432,6169.0634219939275
patient_126,855.0,34.2,266.8892757043407,-2680.1138389378593,4179.413876600614,238.9913881707747,-4551.54364483306,5801.771930992621,291.019990394308,567.2760329983078,6180.7042216097
patient_126,856.0,34.24,155.29649904838809,-2789.819416398816,4185.625736562549,41.69134497721251,-4932.501079839055,5803.439584791709,43.22400637701147,-6194.8996004324135,6182.43318186478
patient_126,857.0,34.28,133.2707615320511,-550.6434379084247,4190.956567023832,28.22657252871297,-336.61931121248847,5804.568647692858,129.59644401633122,2159.3109409829935,6187.617039625433
patient_126,858.0,34.32,48.15253018846629,-2127.9557835896203,4192.88266823137,33.24327757243646,125.41762609308726,5805.898378795756,102.0123501290717,-689.6023471814879,6191.697533630596
patient_126,859.0,34.36,131.52085702131612,2084.208170821246,4198.143502512223,68.32913145531857,877.1463470720528,5808.631544053967,91.27574565798226,-268.41511177723623,6195.348563456915
patient_126,860.0,34.4,275.65395156753607,3603.3273636554986,4209.169660574924,134.49745590664747,1654.2081112832225,5814.011442290233,295.9218818761906,5116.153405455208,6207.185438731963
patient_126,861.0,34.44,398.85752025749764,3080.0892172490394,4225.123961385224,407.9918720228529,6837.360402905135,5830.331117171148,840.219730246148,13607.446209248934,6240.7942279418085
patient_126,862.0,34.48,404.23896838839136,134.5362032723429,4241.29352012076,512.1006179032747,2602.718647010546,5850.815141887279,273.07604367734393,-14178.592164220101,6251.717269688902
patient_126,863.0,34.52,487.2558831304841,2075.422868552319,4260.783755445979,730.4601977373723,5458.989495852438,5880.033549796774,655.0189979862265,9548.573857722064,6277.9180296083505
patient_126,864.0,34.56,91.09285988866874,-9904.075581045385,4264.427469841526,135.33847668597596,-14878.043026284908,5885.447088864214,157.2474870924215,-12444.287772345126,6284.207929092047
patient_126,865.0,34.6,120.07897645023327,724.6529140391133,4269.230628899535,393.8098346016105,6461.783947890862,5901.199482248278,453.37753070246816,7403.251090251166,6302.343030320147
patient_126,866.0,34.64,170.92123093279196,1271.056362063967,4276.067478136846,273.62079114122326,-3004.7260865096805,5912.1443138939285,246.1350480777698,-5181.06206561746,6312.188432243257
patient_126,867.0,34.68,100.35470382202627,-1764.1631777691423,4280.081666289728,227.01355908677607,-1165.1808013611799,5921.224856257399,183.3065041281994,-1570.7135987392596,6319.520692408385
patient_126,868.0,34.72,194.37647708911473,2350.5443316772116,4287.856725373292,150.81177508419432,-1905.0446000645436,5927.257327260767,388.8509764822984,5138.6118088524745,6335.074731467677
patient_126,869.0,34.76,284.5697205901046,2254.8310875247475,4299.239514196896,391.01449233415957,6005.067931249131,5942.897906954134,482.32375753042925,2336.8195262032714,6354.367681768894
patient_126,870.0,34.8,381.918582072314,2433.7215370552344,4314.516257479789,672.2224753633681,7030.199575730212,5969.786805968669,543.4303569935103,1527.6649865770253,6376.104896048634
patient_126,871.0,34.84,348.73194740216655,-829.665866753686,4328.465535375875,369.1749232639037,-7576.188802486609,5984.553802899225,573.5756977027202,753.6335177302476,6399.047923956744
patient_126,872.0,34.88,456.0331166753412,2682.5292318293664,4346.706860042889,471.05295103948697,2546.950694389582,6003.395920940804,400.3488368136741,-4330.671522226152,6415.061877429291
patient_126,873.0,34.92,363.6315021374078,-2310.0403634483355,4361.252120128385,347.47587727492925,-3089.426844113943,6017.294956031801,320.8739019471439,-1986.8733716632548,6427.896833507177
patient_126,874.0,34.96,350.77290005625787,-321.4650520287478,4375.283036130635,166.86532653228377,-4515.263768566137,6023.969569093093,231.88241507590365,-2224.7871717810062,6437.1721301102125
patient_126,875.0,35.0,169.19207188337236,-4539.520704322138,4382.05071900597,92.14715997100888,-1867.9541640318726,6027.655455491933,236.3892752829569,112.67150517633127,6446.627701121532
patient_126,876.0,35.04,89.63231194321678,-1988.9939985038898,4385.636011483699,150.28059938305123,1453.3359853010588,6033.666679467255,52.5579820983384,-4595.782329615463,6448.730020405465
patient_126,877.0,35.08,98.74432215890168,227.8002553921226,4389.585784370055,194.51432463109356,1105.8431312010584,6041.447252452499,158.06943078503159,2637.7862171673296,6455.052797636866
patient_126,878.0,35.12,268.1857348303696,4236.035316786698,4400.31321376327,99.5886061468415,-2373.1429621063016,6045.430796698372,251.30819084186675,2330.969001420879,6465.10512527054
patient_126,879.0,35.16,507.8470040741845,5991.531731095372,4420.627093926238,337.3677256570075,5944.47798775415,6058.925505724653,892.170676398276,16021.562138910229,6500.791952326471
patient_126,880.0,35.2,384.48904168960894,-3083.9490596143887,4436.006655593822,494.63409537225334,3931.659242881146,6078.710869539543,382.5811729214033,-12739.737586921816,6516.095199243327
patient_126,881.0,35.24,489.7759474384244,2632.1726437203865,4455.597693491359,504.34023855290343,242.6535795162522,6098.884479081658,441.7617488279873,1479.5143976645988,6533.765669196448
patient_126,882.0,35.28,402.93359421881905,-2171.0588304901335,4471.715037260112,423.10773742925267,-2030.812528091269,6115.808788578829,577.9914989811233,3405.7437538284007,6556.8853291556925
patient_126,883.0,35.32,221.77291559631965,-4529.016965562485,4480.585953883964,555.7087067966885,3315.0242341858957,6138.037136850697,615.0188399031243,925.6835230500258,6581.486082751817
patient_126,884.0,35.36,201.74259356956736,-500.7580506688072,4488.655657626747,192.7488658058158,-9073.996024771817,6145.74709148293,671.1979269160248,1404.477175322512,6608.333999828459
patient_126,885.0,35.4,130.56023105479053,-1779.5590628694206,4493.878066868938,122.68116117013047,-1751.6926158921333,6150.654337929735,185.62679258576316,-12139.27835825654,6615.759071531889
patient_126,886.0,35.44,149.03435068181867,461.85299067570327,4499.83944089621,197.95104503172598,1881.747096539888,6158.572379731004,195.80805189142197,254.53148264147032,6623.591393607547
patient_126,887.0,35.48,171.67317784540862,565.9706790897487,4506.706368010027,217.7302363535644,494.47978304596063,6167.281589185146,451.3806146289788,6389.31406843892,6641.646618192706
patient_126,888.0,35.52,377.8681904584801,5154.875315326787,4521.8210956283665,565.820754537458,8702.26295459734,6189.914419366644,628.2206393250243,4421.000617401139,6666.775443765708
patient_126,889.0,35.56,443.45816755173877,1639.7494273314664,4539.559422330436,633.377311681502,1688.9139286010986,6215.249511833905,533.2841040527597,-2373.413381806614,6688.1068079278175
patient_126,890.0,35.6,486.6413473269083,1079.5794943792387,4559.025076223512,635.0752422075587,42.448263151419496,6240.652521522207,648.90076374804,2890.4164923820076,6714.062838477739
patient_126,891.0,35.64,502.92688437467365,407.1384261941333,4579.142151598499,285.7833586797089,-8732.297088196246,6252.083855869395,670.3172566762685,535.4123232057105,6740.875528744789
patient_126,892.0,35.68,474.7209133000329,-705.1492768660182,4598.130988130501,335.87853339514743,1252.3793678859633,6265.518997205201,65.20614579335081,-15127.777772072941,6743.4837745765235
patient_126,893.0,35.72,327.0463578223656,-3691.8638869416823,4611.212842443395,195.2979366110386,-3514.5149196027205,6273.330914669644,141.4821380393596,1906.8998061502195,6749.143060098098
patient_126,894.0,35.76,91.7669214346352,-5881.9859096932605,4614.883519300781,106.69219633980154,-2215.1435067809266,6277.598602523236,189.6733807554097,1204.7810679012528,6756.7299953283145
patient_126,895.0,35.8,23.687302530257902,-1701.9904726094323,4615.831011401991,51.44397700300785,-1381.2054834198423,6279.656361603356,265.18168461559117,1887.7075965045365,6767.337262712938
patient_126,896.0,35.84,160.12257061990826,3410.8817022412586,4622.235914226787,173.70041351953304,3056.41091291313,6286.604378144138,320.1529470939743,1374.2815619595788,6780.143380596697
patient_126,897.0,35.88,282.07751667044283,3048.8736512633645,4633.519014893605,271.1553209969313,2436.372686934957,6297.450590984015,218.0423872965867,-2552.7639949346903,6788.865076088561
patient_126,898.0,35.92,421.0161967379319,3473.4670016872274,4650.359662763122,173.26423948530555,-2447.2770377906445,6304.381160563428,722.5862858910483,12613.597464861541,6817.768527524202
patient_126,899.0,35.96,545.3394573036045,3108.0815141418143,4672.173241055267,715.2213737914747,13548.928357654228,6332.990015515088,373.2937128407312,-8732.314326257929,6832.700276037832
patient_126,900.0,36.0,582.7704722748277,935.7753742805812,4695.48405994626,598.8347425587955,-2909.6657808169793,6356.94340521744,613.6233198359835,6008.240174881307,6857.245208831271
patient_126,901.0,36.04,498.3368751528072,-2110.839928050514,4715.417534952372,542.093090229891,-1418.5413082226119,6378.627128826636,444.2919234621705,-4233.284909345325,6875.016885769758
patient_126,902.0,36.08,361.75721951510815,-3414.491390942476,4729.887823732976,507.48435705154736,-865.218329458591,6398.926503108698,480.2423506921485,898.7606807494501,6894.226579797445
patient_126,903.0,36.12,251.93869904633144,-2745.463011719418,4739.96537169483,409.2301668867329,-2456.354754120362,6415.295709784167,148.27633307459956,-8299.150440438723,6900.15763312043
patient_126,904.0,36.16,221.6247519419585,-757.8486776093235,4748.830361772508,303.77779265709125,-2636.3093557410407,6427.446821490451,331.0198943280729,4568.589031336834,6913.398428893553
patient_126,905.0,36.2,222.03991864757546,10.379167640424214,4757.711958518411,602.9475949008373,7479.245056093651,6451.564725286485,658.110015549306,8177.253030530828,6939.7228295155255
patient_126,906.0,36.24,397.35990248050814,4382.999595823317,4773.606354617631,609.4145871991856,161.67480745870648,6475.941308774452,645.32627966308,-319.59339715565136,6965.535880702048
patient_126,907.0,36.28,279.5647434038398,-2944.878976916708,4784.788944353785,743.599809615967,3354.630560419537,6505.68530115909,777.4932763055333,3304.1749160613335,6996.635611754269
patient_126,908.0,36.32,181.6374463586471,-2448.182426129818,4792.05444220813,519.7838483980388,-5595.399030448206,6526.476655095013,750.9920202676452,-662.5314009472021,7026.675292564975
patient_126,909.0,36.36,212.34132125908621,767.5968725109776,4800.548095058493,230.27752768362208,-7237.658017860417,6535.687756202357,327.825129907357,-10579.172259007206,7039.788297761269
patient_126,910.0,36.4,197.23660091643308,-377.61800856632846,4808.437559095151,210.37730133684204,-497.50565866950114,6544.102848255831,56.01656185493248,-6795.214201310612,7042.028960235466
patient_126,911.0,36.44,135.08141334909476,-1553.879689183458,4813.840815629115,191.82317021836917,-463.8532779618217,6551.775775064565,506.2642860818079,11256.193105671884,7062.279531678738
patient_126,912.0,36.48,245.538962621003,2761.438731797706,4823.662374133955,430.94980245653716,5978.1658059542,6569.013767162827,385.6358985462885,-3015.7096883879844,7077.70496762059
patient_126,913.0,36.52,241.81072843434728,-93.20585466639315,4833.334803271329,323.6453642604438,-2682.6109549023345,6581.959581733245,319.4042442434011,-1655.7913575721855,7090.481137390325
patient_126,979.0,39.16,,,4833.334803271329,,,6581.959581733245,,,7090.481137390325
patient_126,980.0,39.2,210.52608435830209,,4841.755846645661,355.7675717245619,,6596.190284602228,480.0147133380367,,7109.681725923846
patient_126,981.0,39.24,232.76557490766794,555.9872637341464,4851.066469641968,138.47431577781646,-5432.331398668636,6601.729257233341,118.69925063963989,-9032.88656745992,7114.429695949432
patient_126,982.0,39.28,143.29188109703782,-2236.842345265753,4856.79814488585,229.87380330864863,2284.9871882708044,6610.924209365687,195.41942349455974,1918.0043213729964,7122.246472889214
patient_126,983.0,39.32,369.3199749288511,5650.702345795332,4871.570943883004,429.7767968469181,4997.574838456737,6628.115281239563,405.03298326880645,5240.338994356168,7138.447792219967
patient_126,984.0,39.36,294.7630558398615,-1863.922977224739,4883.361466116598,202.00130238577555,-5694.387361528564,6636.195333334995,191.76858364887738,-5331.609990498227,7146.118535565922
