patient,frame,time_s,wrist_speed_mm_s,wrist_accel_mm_s2,wrist_path_mm,thumb_tip_speed_mm_s,thumb_tip_accel_mm_s2,thumb_tip_path_mm,index_finger_tip_speed_mm_s,index_finger_tip_accel_mm_s2,index_finger_tip_path_mm
patient_262,16.0,0.64,,,0.0,,,0.0,,,0.0
patient_262,17.0,0.68,38.74303800053277,,1.5497215200213108,45.71064728334202,,1.8284258913336808,37.919562416533886,,1.5167824966613555
patient_262,18.0,0.72,8.802065103260905,-748.5243224317967,1.9018041241517472,33.66080978193359,-301.2459375352108,3.1748582826110243,5.196862822195,-818.0674898584721,1.7246570095491556
patient_262,19.0,0.76,30.216420799496277,535.3588924058843,3.110460956131598,19.222699721540874,-360.9527515098178,3.9437662714726596,20.729316361320954,388.31133847814885,2.5538296640019937
patient_262,20.0,0.8,17.74383993225372,-311.81452168106387,3.820214553421747,10.778258636346166,-211.1110271298677,4.374896616926506,17.50759310455444,-80.54308141916282,3.254133388184171
patient_262,21.0,0.84,10.88373270940715,-171.50268057116426,4.255563861798033,65.71627944488763,1373.4505202135367,7.003547794722011,12.578895351015564,-123.21744383847192,3.7572892022247935
patient_262,22.0,0.88,9.958928393406289,-23.120107900021523,4.653920997534285,49.730795542728686,-399.63709755397366,8.992779616431159,32.6209348936005,501.05098856462337,5.062126597968813
patient_262,23.0,0.92,11.277806439722925,32.97195115791589,5.105033255123202,35.81366688595135,-347.9282164194334,10.425326291869212,12.666116978670448,-498.87044787325124,5.568771277115632
patient_262,24.0,0.96,10.085521714422693,-29.807118132505785,5.50845412370011,95.91692627968754,1502.581484843405,14.262003343056712,18.413693358347878,143.68940949193575,6.305319011449546
patient_262,25.0,1.0,11.833467491847443,43.698644435618746,5.981792823374008,17.045794973137625,-1971.778282663748,14.943835141982218,14.883376694496253,-88.25791659629063,6.900654079229397
patient_262,26.0,1.04,7.247842325259261,-114.64062916470456,6.271706516384378,20.27819227936446,80.8099326556709,15.754962833156796,2.3548323558648265,-313.2136084657857,6.99484737346399
patient_262,27.0,1.08,16.17245268216299,223.11525892259328,6.918604623670898,24.78759203914772,112.73499399458152,16.746466514722705,18.328510705630947,399.34195874415303,7.727987801689228
patient_262,28.0,1.12,6.465982666054603,-242.66175040270969,7.1772439303130815,36.61507336988851,295.68703326851977,18.21106944951825,11.410730423046955,-172.9445070645998,8.184417018611105
patient_262,29.0,1.16,11.888259565765853,135.55692249278127,7.652774312943716,13.06373628313493,-588.7834271688396,18.733618900843645,9.157216067695234,-56.33785888379301,8.550705661318915
patient_262,30.0,1.2,6.234047081654814,-141.355312102776,7.902136196209908,20.15042178006988,177.1671374233738,19.53963577204644,8.303101471539172,-21.35286490390156,8.882829720180482
patient_262,31.0,1.24,5.126083609525572,-27.699086803231054,8.10717954059093,47.96454366733856,695.353047181717,21.458217518739986,11.812821397399768,87.74299814651489,9.355342576076474
patient_262,32.0,1.28,13.532992507791796,210.1727224566556,8.648499240902602,53.36088980724407,134.90865349763777,23.592653111029747,11.76153036084042,-1.2822759139837103,9.82580379051009
patient_262,33.0,1.32,6.095474941741921,-185.93793915124687,8.89231823857228,7.111935430421546,-1156.223859420563,23.87713052824661,7.057919498037003,-117.59027157008542,10.10812057043157
patient_262,34.0,1.36,17.048976140773437,273.8375299757879,9.574277284203218,11.731788486014564,115.49632638982543,24.346402067687194,8.590084947502564,38.30413623663904,10.451723968331674
patient_262,35.0,1.4,8.367296496733951,-217.04199110098713,9.908969144072575,5.649996234550087,-152.04480628661193,24.572401917069197,8.864762160859794,6.866930333930732,10.806314454766065
patient_262,36.0,1.44,25.30715309928259,423.4964150637159,10.921255268043879,78.67997303961339,1825.7494201265824,27.719600838653733,38.99115017329831,753.1597003109629,12.365960461697998
patient_262,37.0,1.48,14.82859085321147,-261.96405615177804,11.514398902172339,11.47032292993018,-1680.2412527420802,28.17841375585094,23.037686494302786,-398.83659197488805,13.287467921470109
patient_262,38.0,1.52,6.957694056103992,-196.77241992768694,11.792706664416498,21.842136583748978,259.2953413454699,29.052099219200894,18.087773057649407,-123.74783591633447,14.010978843776085
patient_262,39.0,1.56,8.178077492447134,30.50958590857855,12.119829764114384,29.20177421295522,183.990940730156,30.220170187719106,13.676484698057944,-110.28220898978658,14.558038231698404
patient_262,40.0,1.6,5.960499951869592,-55.43943851443856,12.358249762189166,79.35124079892907,1253.7366646493463,33.394219819676266,18.991234294535168,132.8687399119306,15.31768760347981
patient_262,41.0,1.64,6.697270339790741,18.419259698028732,12.626140575780797,72.18030031171496,-179.27351218035278,36.28143183214487,9.035585395824993,-248.89122246775437,15.679111019312808
patient_262,42.0,1.68,13.12688867478121,160.74045837476172,13.151216122772043,7.061756164010754,-1627.963603692605,36.5639020787053,1.2594215223827148,-194.40409683605697,15.729487880208117
patient_262,43.0,1.72,5.718495618150745,-185.20982641576163,13.379955947498074,24.18213559000159,428.00948564977085,37.53118750230536,6.513868894089716,131.36118429267503,15.990042635971706
patient_262,44.0,1.76,7.839128438619712,53.01582051172418,13.693521085042862,42.77959660752957,464.9365254381995,39.24237136660654,1.999300403066704,-112.86421227557528,16.070014652094372
patient_262,45.0,1.8,1.0572389706190952,-169.54723670001542,13.735810643867627,10.774231660311946,-800.1341236804406,39.67334063301902,9.411174900920269,185.2968624463391,16.446461648131184
patient_262,46.0,1.84,9.381201257826874,208.09905718019445,14.111058694180702,30.75050801301269,499.40690881751857,40.903360953539526,8.14139078518602,-31.74460289335621,16.772117279538627
patient_262,47.0,1.88,17.550416831578765,204.2303893437973,14.813075367443853,43.49369325766838,318.5796311163923,42.64310868384626,9.708395955689914,39.17512926259734,17.160453117766224
patient_262,48.0,1.92,2.4027694204716763,-378.6911852776772,14.90918614426272,22.438056903548347,-526.390908853001,43.54063095998819,16.106054105150136,159.94145373650554,17.80469528197223
patient_262,49.0,1.96,12.312494932599316,247.743137803191,15.40168594156669,24.93289121154808,62.37085769999329,44.53794660845012,16.191926952851006,2.1468211925217418,18.45237236008627
patient_262,50.0,2.0,7.9163557866953775,-109.90347864759846,15.718340173034505,4.123540231105223,-520.2337745110714,44.70288821769432,22.022852805886043,145.77314632587593,19.33328647232171
patient_262,51.0,2.04,10.867226247527475,73.77176152080243,16.153029222935604,24.08326010178226,498.99299676692584,45.66621862176562,8.41014299580066,-340.31774525213456,19.669692192153736
patient_262,52.0,2.08,10.590094481508922,-6.92829415046381,16.576633002195962,10.440450759077747,-341.0702335676128,46.08383665212873,6.612935506978711,-44.93018722054873,19.934209612432884
patient_262,53.0,2.12,8.048370191542467,-63.543107249161366,16.89856780985766,18.65330804209795,205.3214320755051,46.82996897381265,2.9675768552727737,-91.13396629264842,20.052912686643797
patient_262,54.0,2.16,8.146236172203945,2.4466495165369473,17.224417256745816,12.165914648329728,-162.18483484420557,47.31660555974584,4.122945780064602,28.884223119795706,20.21783051784638
patient_262,55.0,2.2,2.394824903823997,-143.78528170949872,17.320210252898775,14.208207431076977,51.0573195686812,47.884933856988916,5.318294351276633,29.883714280300786,20.430562291897445
patient_262,56.0,2.24,5.683718600181995,82.22234240894994,17.547558996906055,31.07037991095162,421.5543119968661,49.12774905342699,5.915209955197155,14.922890098013042,20.66717069010533
patient_262,57.0,2.28,10.67288634735456,124.72919367931412,17.974474450800237,29.33611048339286,-43.35673568896894,50.3011934727627,17.760298150755354,296.12720488895496,21.377582616135545
patient_262,58.0,2.32,10.012166705764168,-16.517991039759792,18.374961119030804,14.448280645663878,-372.19574594322455,50.87912469858925,5.3899707076034415,-309.2581860787978,21.593181444439683
patient_262,59.0,2.36,15.404450730558521,134.80710061985883,18.991139148253144,36.93594204250904,562.191534921129,52.3565623802896,2.6427479007991264,-68.68057017010788,21.69889136047165
patient_262,60.0,2.4,35.84454118784138,511.0022614320714,20.4249207957668,91.58050144529311,1366.1139850696018,56.01978243810133,27.651207620038388,625.2114929809816,22.80493966527318
patient_262,61.0,2.44,8.560932848746472,-682.0902084773727,20.76735810971666,19.270318824024496,-1807.7545655317153,56.79059519106231,7.324142880716962,-508.1766184830356,23.09790538050186
patient_262,62.0,2.48,8.436277163918712,-3.1163921206939893,21.104809196273408,50.99901980091729,793.2175244223198,58.830555983099,21.158734367313734,345.8647871649193,23.94425475519441
patient_262,63.0,2.52,15.475715817517214,175.98596633996254,21.723837828974098,6.432249442466123,-1114.1692589612792,59.08784596079765,13.36881565877906,-194.74796771336688,24.479007381545575
patient_262,64.0,2.56,9.658527226156412,-145.42971478402004,22.110178918020353,52.566952888074624,1153.3675861402126,61.190524076320635,16.10070662852942,68.297274243759,25.123035646686752
patient_262,65.0,2.6,20.47811027374864,270.4895761898057,22.929303328970295,7.634251583304491,-1123.3175326192534,61.49589413965282,3.712868265654683,-309.6959590718684,25.27155037731294
patient_262,66.0,2.64,6.750603556873594,-343.18766792187614,23.199327471245237,9.42418499294381,44.74833524098296,61.87286153937057,8.696406993332081,124.58846819193496,25.619406657046223
patient_262,67.0,2.68,4.64311800204138,-52.68713887080536,23.385052191326896,12.480387681905594,76.40506722404461,62.372077046646794,5.185170494446322,-87.78091247214397,25.82681347682408
patient_262,68.0,2.72,11.943405080623519,182.50717696455348,23.862788394551835,25.17284819901134,317.31151292764366,63.37899097460724,11.257489011049355,151.80796291507582,26.277113037266048
patient_262,69.0,2.76,9.037121696966437,-72.65708459142704,24.224273262430494,9.637864134586803,-388.37460161061347,63.764505539990715,12.370796555229141,27.83268860449466,26.771944899475216
patient_262,70.0,2.8,3.09222240464002,-148.62248230816041,24.34796215861609,28.085457379827933,461.18983113102826,64.88792383518383,16.24442968770848,96.84082831198344,27.421722086983554
patient_262,71.0,2.84,17.76562446223316,366.8350514398285,25.05858713710542,4.890544861582826,-579.8728129561277,65.08354562964715,9.976342441103188,-156.70218116513226,27.82077578462768
patient_262,72.0,2.88,25.855471130474918,202.24616670604397,26.092805982324418,46.044069580959295,1028.8381179844118,66.92530841288551,11.826352401581484,46.2502490119574,28.293829880690943
patient_262,73.0,2.92,15.457988832587874,-259.9370574471761,26.71112553562793,35.71886717193415,-258.13006022562865,68.35406309976288,15.694960032162646,96.71519076452904,28.921628281977448
patient_262,74.0,2.96,17.845313003641184,59.68310427633274,27.424938055773577,14.166437000735778,-538.8107542799594,68.92072057979232,15.670457451016789,-0.6125645286464199,29.548446580018116
patient_262,75.0,3.0,7.466818113052166,-259.46237226472545,27.72361078029566,17.734919546797702,89.2120636515481,69.63011736166422,26.069184515650974,259.96817661585465,30.591213960644154
patient_262,76.0,3.04,23.633194294096256,404.15940452610226,28.66893855205951,27.161589539195486,235.6667498099446,70.71658094323205,27.686632774578598,40.436206473190595,31.6986792716273
patient_262,77.0,3.08,12.074710035318414,-288.96210646944604,29.15192695347225,22.334715943696807,-120.67183988746697,71.60996958097992,11.762871107764443,-398.0940416703539,32.16919411593788
patient_262,78.0,3.12,1.4159094662036436,-266.4700142278693,29.20856333212039,17.1252053974047,-130.2377636573027,72.29497779687611,10.115123046075764,-41.19370154221698,32.5737990377809
patient_262,79.0,3.16,1.4983582525333883,2.061219658243618,29.26849766222173,16.538331008007294,-14.671859734935122,72.9565110371964,1.3192146594978704,-219.89770966444735,32.62656762416082
patient_262,80.0,3.2,10.084054561087576,214.6424077138547,29.67185984466523,15.060739689609507,-36.939782959944665,73.55894062478079,5.454346996548475,103.37830842626512,32.84474150402276
patient_262,81.0,3.24,7.24202289072802,-71.05079175898892,29.96154076029435,5.741968811467248,-232.9692719535565,73.78861937723948,11.785588285545323,158.2810322249212,33.31616503544458
patient_262,82.0,3.28,1.816210620421163,-135.64530675767142,30.0341891851112,15.380207643345283,240.95597079695085,74.4038276829733,7.545378846580191,-106.0052359741283,33.61798018930778
patient_262,83.0,3.32,23.45361969392145,540.9352268375071,30.97233397286806,15.063757168329149,-7.911261875403364,75.00637796970646,45.59245155932162,951.1768178185356,35.44167825168065
patient_262,84.0,3.36,69.62197099577702,1154.208782546389,33.75721281269914,99.72746015231166,2116.592574599563,78.99547637579893,149.98738391398348,2609.8733088665467,41.441173608239986
patient_262,85.0,3.4,45.48524448437342,-603.4181627850901,35.576622592074074,529.5274367052265,10744.99941382287,100.176573844008,140.99262357286773,-224.86900852789375,47.08087855115469
patient_262,86.0,3.44,423.89225310645753,9460.175215552103,52.53231271633238,374.9086332772243,-3865.470085700055,115.17291917509698,290.0801926828492,3727.1892277495367,58.68408625846866
patient_262,87.0,3.48,141.98783913751933,-7047.610349223456,58.211826281833154,232.6679157502901,-3556.0179381733547,124.47963580510857,133.8259603137855,-3906.355809226593,64.03712467102008
patient_262,88.0,3.52,154.0672322803755,301.984828571404,64.37451557304817,299.7527205119715,1677.1201190420356,136.46974462558742,11.759377099312092,-3051.664580361835,64.50749975499257
patient_262,89.0,3.56,207.75107234273847,1342.0960015590745,72.68455846675772,100.86412400259303,-4972.214912734462,140.50430958569115,311.145198624868,7484.645538138898,76.95330769998729
patient_262,90.0,3.6,27.56177958404797,-4504.7323189672625,73.78702965011963,60.1445185884469,-1017.9901353536533,142.91009032922904,21.429317585927127,-7242.897025973521,77.81048040342438
patient_262,91.0,3.64,307.47967742679054,6997.947446068565,86.08621674719126,270.7179991357665,5264.33701368299,153.7388102946597,174.09993351929293,3816.765398334145,84.77447774419608
patient_262,92.0,3.68,320.3747648223593,322.3771848892184,98.90120734008563,299.5658350796025,721.1958985959001,165.7214436978438,285.3210515875437,2780.5279517062695,96.18731980769782
patient_262,93.0,3.72,322.6124732002226,55.942709446583194,111.80570626809454,763.8375873553188,11606.793806892907,196.27494719205654,120.95957523326872,-4109.036908856875,101.02570281702857
patient_262,94.0,3.76,230.06389798259312,-2313.7143804407374,121.00826218739827,390.9006801187219,-9323.422680914922,211.9109743968054,93.03324702597432,-698.1582051823601,104.74703269806754
patient_262,95.0,3.8,81.23157294099173,-3720.808126040035,124.25752510503793,803.9607166249152,10326.500912654834,244.069403061802,3787.733138379689,92367.49728384288,256.25635823325507
patient_262,96.0,3.84,239.5049589467188,3956.834650143177,133.8377234629067,472.3377756713467,-8290.573523839212,262.9629140886559,3373.612888336689,-10353.006251075,391.2008737667227
patient_262,97.0,3.88,295.56702849638185,1401.5517387415762,145.66040460276196,170.91440417954706,-7535.5842872949925,269.7994902558378,94.17147950849888,-81986.03522070475,394.9677329470626
patient_262,98.0,3.92,770.8109567530125,11881.098206415767,176.49284287288248,581.9853983016224,10276.774853051882,293.0789061879027,559.0846761675277,11622.82991647572,417.3311199937637
patient_262,99.0,3.96,830.7477245330743,1498.4191945015455,209.72275185420546,437.68098767136644,-3607.610265756398,310.58614569475736,708.2982389993169,3730.33907079473,445.6630495537364
patient_262,100.0,4.0,13.011502963785635,-20443.405539232215,210.24321197275688,98.29466391784756,-8484.658093837972,314.5179322514712,198.79556285307427,-12737.566903656067,453.6148720678594
patient_262,101.0,4.04,556.1157755706105,13577.60681517062,232.4878429955813,831.3604490722346,18326.644628859678,347.77235021436064,684.7043028307477,12147.718499441835,481.0030441810893
patient_262,102.0,4.08,114.92468026286917,-11029.777382693534,237.0848302060961,641.312653498749,-4751.19488933714,373.42485635431063,770.8554395116029,2153.77841702138,511.8372617615534
patient_262,103.0,4.12,389.46788227803836,6863.58005037923,252.66354549721763,120.92118936149205,-13009.786603431423,378.2617039287703,622.7319763702519,-3703.0865785337737,536.7465408163634
patient_262,104.0,4.16,282.1349319892388,-2683.323757219989,263.9489427767872,226.79896730923235,2646.9444486935076,387.3336626211396,185.59039736697042,-10928.539475082038,544.1701567110423
patient_262,105.0,4.2,64.20763831330147,-5448.182341898433,266.51724830931926,418.1968880898107,4784.94801951446,404.061538144732,208.65644964003096,576.6513068265134,552.5164146966436
patient_262,106.0,4.24,100.1224988702695,897.8715139242006,270.52214826413007,147.82083190131516,-6759.401404712389,409.9743714207847,61.10056444521615,-3688.89712987037,554.9604372744521
patient_262,107.0,4.28,77.6312657485056,-562.2808280440975,273.62739889407027,131.55322226054074,-406.6902410193606,415.2365003112063,110.39604966750949,1232.3871305573334,559.3762792611526
patient_262,108.0,4.32,3.337822709135868,-1857.3360759842433,273.7609118024357,161.89648127177605,758.581475280883,421.7123595620774,97.77843077024116,-315.44047243170826,563.2874164919622
patient_262,109.0,4.36,73.64977354317271,1757.7987708509213,276.7069027441627,143.62840676684965,-456.7018626231601,427.45749583275136,110.93478110657384,328.908758408317,567.7248077362252
patient_262,110.0,4.4,68.49376706890004,-128.9001618568168,279.44665342691866,135.2439134142385,-209.61233381527862,432.8672523693209,122.7679528702586,295.82929409211897,572.6355258510356
patient_262,111.0,4.44,34.53354782138973,-849.0054811877577,280.82799533977425,48.88814778611897,-2158.8941407029884,434.8227782807657,46.96065687803265,-1895.1823998056486,574.5139521261568
patient_262,112.0,4.48,64.14778315230758,740.3558832729462,283.39390666586655,179.85040064517614,3274.0563214764293,442.01679430657276,117.19214550901661,1755.787215774599,579.2016379465175
patient_262,113.0,4.52,63.67156678884919,-11.905409086459784,285.94076933742053,39.44971127846969,-3510.017234167661,443.5947827577116,59.6241083163677,-1439.2009298162227,581.5866022791722
patient_262,114.0,4.56,45.93901189003562,-443.3138724703392,287.77832981302197,36.55920423935866,-72.2626759777759,445.05715092728593,68.43117721624166,220.17672249684904,584.3238493678219
patient_262,115.0,4.6,107.66366878537927,1543.1164223835913,292.0848765644371,56.828400958687375,506.72991798321794,447.33028696563343,133.90587085857038,1636.867341058218,589.6800842021647
patient_262,116.0,4.64,109.14008975542208,36.91052425107024,296.450480154654,132.9160663735653,1902.1916353719475,452.64692962057603,181.6684150267887,1194.0636042054578,596.9468208032363
patient_262,117.0,4.68,128.9543913810176,495.3575406398876,301.6086558098947,125.80658899561466,-177.73693444876562,457.6791931804006,203.71274156011023,551.1081633330384,605.0953304656407
patient_262,118.0,4.72,267.37613842330046,3460.543676057072,312.3037013468267,697.00170930259,14279.878007674384,485.55926155250427,443.120010608957,5985.181726221169,622.820130889999
patient_262,119.0,4.76,259.9791554715253,-184.92457379437894,322.7028675656877,317.70708399964735,-9482.365632573566,498.2675449124901,388.0025355658643,-1377.9368760773168,638.3402323126335
patient_262,120.0,4.8,557.0324819804183,7426.333162722325,344.98416684490445,433.0510142128849,2883.598255330939,515.5895854810055,797.0255322427532,10225.574916922224,670.2212536023436
patient_262,121.0,4.84,84.70443499124954,-11808.20117472922,348.3723442445545,48.96038520939492,-9602.26572508725,517.5480008893813,31.810510029450608,-19130.375555332565,671.4936740035217
patient_262,122.0,4.88,261.3515170911019,4416.177052496309,358.82640492819854,155.5313027172681,2664.272937696829,523.769252998072,80.66283576940046,1221.3081434987462,674.7201874342977
patient_262,123.0,4.92,102.66853043905873,-3967.0746663010805,362.93314614576093,83.88438463284501,-1791.172952110577,527.1246283833858,189.99008719435992,2733.1812856239862,682.3197909220721
patient_262,124.0,4.96,11.55384216374547,-2277.8672068828314,363.3952998323107,56.19726750455386,-692.1779282072789,529.372519083568,466.75458210664027,6919.11237280701,700.9899742063378
patient_262,125.0,5.0,21.49176460444356,248.44806101745226,364.25497041648845,48.67893825433973,-187.95823125535324,531.3196766137416,134.70988545708093,-8301.117416238983,706.378369624621
patient_262,126.0,5.04,17.753431622160416,-93.45832455707858,364.9651076813749,40.72975038206923,-198.7296968067625,532.9488666290245,44.63499312481081,-2251.8723083067525,708.1637693496134
patient_262,127.0,5.08,27.415686981261015,241.55638397751494,366.06173516062535,35.65637122676052,-126.83447888271769,534.3751214780948,196.82332436425088,3804.7082809860017,716.0367023241835
patient_262,128.0,5.12,3.857681304140652,-588.9501419280091,366.2160424127909,37.66548049757134,50.227731770270445,535.8817406979977,23.816433107343308,-4325.17228142269,716.9893596484771
patient_262,129.0,5.16,18.86581177105403,375.20326167283446,366.97067488363314,102.75990768853445,1627.3606797740779,539.992137005539,159.40491187335388,3389.7119691502644,723.3655561234112
patient_262,130.0,5.2,48.460148020251665,739.8584062299409,368.90908080444314,126.86935744057767,602.7362438010805,545.0669113031621,84.32298177172315,-1877.0482525407683,726.7384753942802
patient_262,131.0,5.24,46.80802194101267,-41.30315198097492,370.7814016820837,108.40523415398472,-461.6030821648238,549.4031206693215,76.72947299907608,-189.83771931617673,729.8076543142431
patient_262,132.0,5.28,87.35321152064652,1013.6297394908464,374.27553014290953,97.3430839161722,-276.5537559453129,553.2968440259684,97.01804093502598,507.2141983987475,733.6883759516442
patient_262,133.0,5.32,168.68548908103654,2033.3069390097503,381.02294970615105,45.782380275714566,-1289.017591011441,555.128139236997,15.282459751452132,-2043.389529589346,734.2996743417021
patient_262,134.0,5.36,62.348651455227476,-2658.420940645227,383.5168957643602,54.46667636096179,217.10740213118066,557.3068062914355,131.43842567843407,2903.8991481745484,739.5572113688395
patient_262,135.0,5.4,52.586217016916585,-244.06086095777226,385.62034444503684,35.99609930172876,-461.76442648082576,558.7466502635045,84.6612408177166,-1169.4296215179368,742.9436610015482
patient_262,136.0,5.44,50.44906721145597,-53.42874513651541,387.63830713349506,59.060925131714036,576.6206457496319,561.1090872687731,141.0995256610515,1410.9571210833724,748.5876420279902
patient_262,137.0,5.48,137.7278381109406,2181.969272487116,393.1474206579327,180.2341474206281,3029.330557222851,568.3184531655983,181.06770169047022,999.2044007354679,755.830350095609
patient_262,138.0,5.52,338.74433567295824,5025.412439050441,406.697194084851,123.7935755419717,-1411.0142969664096,573.2701961872771,209.30798900623356,706.0071828940835,764.2026696558584
patient_262,139.0,5.56,368.8968432186741,753.812688642897,421.45306781359795,174.85953285156893,1276.6489327399306,580.2645775013399,84.81434364945491,-3112.3411339194663,767.5952434018365
patient_262,140.0,5.6,291.81829267390924,-1926.963763619122,433.1257995205544,228.27881810238583,1335.4821312704225,589.3957302254353,177.35225793439812,2313.4478571235804,774.6893337192124
patient_262,141.0,5.64,149.5511776533008,-3556.677875515211,439.10784662668635,49.15935578063046,-4477.986558043884,591.3621044566605,151.16998749515483,-654.5567609810824,780.7361332190187
patient_262,142.0,5.68,88.4373584961801,-1527.8454789280179,442.6453409665335,89.99115101537429,1020.7948808685956,594.9617504972755,169.76385693361283,464.84673596145,787.5266874963631
patient_262,143.0,5.72,183.65302823420708,2380.3917434506748,449.9914620959018,140.02320466313375,1250.8013411939867,600.5626786838009,212.7050147832869,1073.528946241852,796.0348880876945
patient_262,144.0,5.76,168.77289248369675,-372.0033937627584,456.7423777952497,75.89589646966706,-1603.1827048366672,603.5985145425875,176.8128687470679,-897.303650905475,803.1074028375773
patient_262,145.0,5.8,60.87980500072563,-2697.327187074278,459.17756999527876,61.47884030209974,-360.42640418918313,606.0576681546714,199.3710235208088,563.953869343522,811.0822437784096
patient_262,146.0,5.84,132.46064674286845,1789.5210435535703,464.4759958649935,286.155047470141,5616.905179201032,617.5038700534772,196.95009580486402,-60.52319289861927,818.9602476106041
patient_262,147.0,5.88,187.02691704934384,1364.1567576618847,471.9570725469672,357.5020648105266,1783.6754335096387,631.8039526458982,251.73625138186685,1369.6538894250707,829.0296976658788
patient_262,148.0,5.92,260.5187823970505,1837.2966336926659,482.3778238428492,375.4716709948391,449.24015460781277,646.8228194856918,149.40381724258233,-2558.310853482113,835.0058503555821
patient_262,149.0,5.96,261.05747121750045,13.467220511249423,492.82012269154916,17.533870415934,-8948.445014472627,647.5241743023292,54.127351979953886,-2381.911631565711,837.1709444347803
patient_262,150.0,6.0,159.08028673013413,-2549.429612184158,499.18333416075455,136.77030689835996,2980.910912060649,652.9949865782636,322.1144646877028,6699.677817693722,850.0555230222884
patient_262,151.0,6.04,120.90666368056495,-954.3405762392297,504.01960070797713,69.06906340798932,-1692.531087259266,655.7577491145831,177.3343026314421,-3619.5040514065176,857.1488951275461
patient_262,152.0,6.08,62.37903529406538,-1463.190709662489,506.51476211973977,128.98965032158128,1498.014672839799,660.9173351274464,173.99009191619672,-83.60526788113489,864.1084988041939
patient_262,153.0,6.12,53.29650653476131,-227.0632189826017,508.6466223811302,8.676655528175303,-3007.8248698351495,661.2644013485734,73.28265059273387,-2517.686033086571,867.0398048279033
patient_262,154.0,6.16,45.98564732875114,-182.7714801502543,510.4860482742803,24.688624958539606,400.29923575910755,662.251946346915,32.56329444538344,-1017.9839036837608,868.3423366057186
patient_262,155.0,6.2,5.954179948894747,-1000.7866844964099,510.72421547223604,5.582442194423317,-477.65456910290726,662.475244034692,389.383013979617,8920.492988355838,883.9176571649032
patient_262,156.0,6.24,40.53535279265038,864.5293210938908,512.345629583942,35.81895925055667,755.9129264033338,663.9080024047142,91.69663819576003,-7442.159394596423,887.5855226927337
patient_262,157.0,6.28,10.621754988062001,-747.8399451147094,512.7704997834645,45.8698693119015,251.27275153362092,665.7427971771903,95.97416384156308,106.93814114507632,891.4244892463961
patient_262,158.0,6.32,22.3914207868622,294.2416449700049,513.666156614939,37.37383124110337,-212.4009517699534,667.2377504268344,19.18711356716481,-1919.6762568599568,892.1919737890827
patient_262,159.0,6.36,46.2016352974933,595.2553627657775,515.5142220268388,23.897375101038385,-336.9114035016246,668.1936454308759,130.84415100788058,2791.4259360178944,897.4257398293979
patient_262,160.0,6.4,41.32439506490023,-121.93100581482668,517.1671978294347,40.34755400056767,411.2544724882321,669.8075475908986,10.128897126648523,-3017.8813470308014,897.8308957144638
patient_262,161.0,6.44,8.612368447229791,-817.800665441761,517.511692567324,5.9237420628580955,-860.5952984427394,670.044497273413,193.10424693305853,4574.38374516025,905.5550655917862
patient_262,162.0,6.48,24.852679907264406,406.0077865008654,518.5057997636145,27.781452532662627,546.4427617451132,671.1557553747194,169.0774864440108,-600.6690122261937,912.3181650495466
patient_262,163.0,6.52,33.60117681844585,218.7124227795361,519.8498468363523,34.191084846726255,160.24080785159072,672.5233987685885,33.27355760682892,-3395.0982209295466,913.6491073538197
patient_262,164.0,6.56,19.022656364133244,-364.46301135781516,520.6107530909177,11.339603689500501,-571.2870289306439,672.9769829161685,35.19947458477606,48.14792444867848,915.0570863372108
patient_262,165.0,6.6,45.35720846639734,658.3638025566023,522.4250414295735,26.831139626844305,387.2883984335951,674.0502285012423,272.0791051126163,5921.990763196006,925.9402505417155
patient_262,166.0,6.64,11.748060994270247,-840.2286868031773,522.8949638693443,25.079202853558893,-43.79841933213528,675.0533966153846,39.38321392910969,-5817.397279587665,927.5155790988798
patient_262,167.0,6.68,71.24631981455077,1487.4564705070131,525.7448166619264,26.39777241885605,32.964239132428915,676.1093075121388,67.44351342166318,701.5074873138374,930.2133196357463
patient_262,168.0,6.72,72.30978437721316,26.586614066559733,528.637208037015,34.9876000519382,214.7456908270538,677.5088115142164,67.1543930616195,-7.228009001092062,932.8994953582111
patient_262,169.0,6.76,70.42975656420217,-47.00069532527493,531.4543982995831,49.710011685280165,368.06029083354906,679.4972119816276,77.06265732981726,247.70660670494385,935.9820016514038
patient_262,170.0,6.8,58.86633115529154,-289.08563522276563,533.8090515457948,112.77064431146398,1576.5158156545954,684.0080377540862,91.52432465102672,361.5416830302365,939.6429746374448
patient_262,171.0,6.84,81.35255609423503,562.1556234735872,537.0631537895641,81.96110203616884,-770.2385568823786,687.2864818355331,115.60301993115185,601.9673820031283,944.267095434691
patient_262,172.0,6.88,67.79996779167773,-338.8147075639324,539.7751525012312,67.89160228290642,-351.7374938315605,690.0021459268494,90.13547578672765,-636.6886036106049,947.87251446616
patient_262,173.0,6.92,123.99200150254528,1404.8008427716886,544.7348325613331,34.42906926063707,-836.5633255567337,691.3793086972748,85.79966531757894,-108.39526172871778,951.3045010788633
patient_262,174.0,6.96,216.40633924483475,2310.358443557237,553.3910861311265,24.60817640279092,-245.52232144615377,692.3636357533865,48.85845608283134,-923.5302308686901,953.2588393221765
patient_262,175.0,7.0,257.21674519924187,1020.2601488601779,563.6797559390961,146.94199319740642,3058.3454198653876,698.2413154812828,87.6722092660596,970.3438295807065,956.7657276928189
patient_262,176.0,7.04,192.74411358499714,-1611.8157903561182,571.389520482496,220.48780972023044,1838.6454130706006,707.060827870092,152.6111137907567,1623.4726131174273,962.8701722444492
patient_262,177.0,7.08,131.30232036565855,-1536.044830483465,576.6416132971224,149.2339690507187,-1781.3460167377932,713.0301866321207,101.94655570995482,-1266.6139520200468,966.9480344728473
patient_262,178.0,7.12,174.17789019793963,1071.8892458070272,583.6087289050399,107.74574022603237,-1037.2057206171587,717.3400162411621,150.41847924835784,1211.7980884600754,972.9647736427817
patient_262,179.0,7.16,103.6671830024082,-1762.767679888286,587.7554162251363,324.87846825145544,5428.318200635577,730.3351549712203,291.794641014394,3534.4040441509046,984.6365592833573
patient_262,180.0,7.2,119.92227159286206,406.37721476134664,592.5523070888507,157.74426284487419,-4178.355135164531,736.6449254850153,26.98751380335732,-6620.178180275917,985.7160598354916
patient_262,181.0,7.24,113.58060499163257,-158.54166503073728,597.0955312885161,80.91406988671629,-1920.7548239539474,739.881488280484,65.7038768172846,967.909075348182,988.3442149081831
patient_262,182.0,7.28,96.61263525411259,-424.1992434379995,600.9600366986806,162.70432201450154,2044.7563031946313,746.3896611610639,95.09748489515988,734.8402019468822,992.1481143039895
patient_262,183.0,7.32,21.32858374418018,-1882.1012877483104,601.8131800484477,131.83584985252082,-771.7118040495179,751.6630951551648,138.51991256010876,1085.560691623722,997.6889108063938
patient_262,184.0,7.36,84.26855875335042,1573.499375229256,605.1839223985818,600.1141949703125,11706.958627944792,775.6676629539772,138.57480236489351,1.3722451196187535,1003.2319029009896
patient_262,185.0,7.4,210.60881051980937,3158.5062941614738,613.6082748193742,373.214043193735,-5672.503794414438,790.5962246817267,327.49489261936884,4723.002256361883,1016.3316986057642
patient_262,186.0,7.44,363.4652929281861,3821.4120602094185,628.1468865365016,141.07804470570093,-5803.399962200851,796.2393464699546,610.0671214563611,7064.305720924805,1040.7343834640187
patient_262,187.0,7.48,357.5620530742891,-147.5809963474248,642.4493686594731,105.05612207422966,-900.5480657867818,800.4415913529239,32.45992485143119,-14440.179915123246,1042.032780458076
patient_262,188.0,7.52,246.44498889909593,-2777.9266043798293,652.307168215437,36.619770685432385,-1710.9087847199319,801.9063821803412,192.1675014228856,3992.6894142863603,1049.7194805149913
patient_262,189.0,7.56,82.30748329014436,-4103.4376402237895,655.5994675470428,133.47461379869833,2421.3710778316486,807.2453667322891,220.13069629907702,699.0798719047853,1058.5247083669547
patient_262,190.0,7.6,64.48903215869731,-445.4612782861762,658.1790288333906,228.16704053956582,2367.310668521687,816.3720483538718,109.9411440588195,-2754.7388060064377,1062.9223541293075
patient_262,191.0,7.64,51.45979313342079,-325.7309756319131,660.2374205587274,45.50732266647412,-4566.492946827292,818.1923412605308,27.844813804176017,-2052.4082563660872,1064.0361466814743
patient_262,192.0,7.68,98.88044324838542,1185.5162528741157,664.1926382886628,172.73414454228694,3180.6705468953205,825.1017070422223,87.25926773765522,1485.3613483369802,1067.5265173909806
patient_262,193.0,7.72,232.37008230570626,3337.2409764330214,673.4874415808912,130.85003310743602,-1047.102785871273,830.3357083665197,85.49240857693292,-44.171479018057624,1070.946213734058
patient_262,194.0,7.76,247.9332566199073,389.0793578550259,683.4047718456875,122.30068831430744,-213.73361982821456,835.227735899092,106.23033486103117,518.4481571024562,1075.1954271284992
patient_262,195.0,7.8,259.52402423363236,289.7691903431266,693.7857328150328,128.99106056960682,167.2593063824845,840.3873783218762,61.13498262962165,-1127.3838057852379,1077.640826433684
patient_262,196.0,7.84,307.42320333979166,1197.4794776539825,706.0826609486245,228.10636744291304,2477.8826718326554,849.5116330195928,202.10324792751805,3524.2066324474104,1085.7249563507846
patient_262,197.0,7.88,159.48042199740863,-3698.5695335595756,712.461877828521,197.69592500725986,-760.2610608913295,857.4194700198832,200.0057630592267,-52.43712170728401,1093.7251868731537
patient_262,198.0,7.92,91.12967097444938,-1708.7687755739812,716.1070646674989,93.66594035759974,-2600.749616241503,861.1661076341873,55.98731581948403,-3600.461180993567,1095.964679505933
patient_262,199.0,7.96,118.59305910376492,686.5847032328883,720.8507870316495,99.28407348074495,140.45332807863034,865.137470573417,74.84353466164629,471.4054710540564,1098.9584208923989
patient_262,200.0,8.0,124.48457987031456,147.28801916374118,725.8301702264621,94.51514797321067,-119.22313768835693,868.9180764923454,96.89500168624029,551.2866756148501,1102.8342209598484
patient_262,201.0,8.04,124.05945140731565,-10.628211574972823,730.7925482827548,54.53724895136106,-999.4474755462404,871.0995664503998,104.89580784607016,200.0201539957466,1107.0300532736912
patient_262,202.0,8.08,124.34533201526355,7.147015198697559,735.7663615633652,77.08004959809261,563.5700161682889,874.1827684343235,61.63998898527657,-1081.3954715198397,1109.4956528331024
patient_262,203.0,8.12,138.7743444496329,360.7253108592339,741.3173353413506,80.43028714097221,83.75593857198993,877.3999799199623,100.29854318033138,966.4638548763703,1113.5075945603157
patient_262,204.0,8.16,116.09969091585305,-566.8663383444965,745.9613229779847,110.94008856970292,762.7450357182678,881.8375834627504,123.34650006119959,576.1989220217054,1118.4414545627637
patient_262,205.0,8.2,151.61867597707317,887.974626530503,752.0260700170676,114.17674615345858,80.91643959389145,886.4046533088888,89.16318325200098,-854.5829202299653,1122.0079818928436
patient_262,206.0,8.24,176.28713055417646,616.7113644275822,759.0775552392347,43.11586521133957,-1776.5220235529753,888.1292879173425,69.1810265532749,-499.5539174681518,1124.7752229549747
patient_262,207.0,8.28,127.54232501862458,-1218.620138388797,764.1792482399796,35.48942267688266,-190.66106336142266,889.5488648244177,137.81305637448023,1715.800745530133,1130.2877452099538
patient_262,208.0,8.32,80.6624927149989,-1171.995807590642,767.4057479485797,53.91364917455245,460.60566244174464,891.7054107913998,345.7506201722894,5198.43909494523,1144.1177700168455
patient_262,209.0,8.36,147.02473229974234,1659.055989618586,773.2867372405693,6.112510748026092,-1195.028460663159,891.9499112213208,178.4842043143553,-4181.660396448353,1151.2571381894197
patient_262,210.0,8.4,124.0159791178529,-575.2188295472362,778.2473764052834,13.918539972002044,195.1507305993988,892.5066528202009,170.3873406420537,-202.42159180754058,1158.0726318151019
patient_262,211.0,8.44,79.04735993116005,-1124.2154796673212,781.4092708025298,34.00647044192615,502.1982617481026,893.8669116378779,252.38671428166094,2049.9843409901814,1168.1681003863682
patient_262,212.0,8.48,84.63129163870816,139.59829268870294,784.7945224680781,27.1771048173106,-170.7341406153887,894.9539958305703,105.4031259215613,-3674.589709002491,1172.3842254232306
patient_262,213.0,8.52,63.100804122448956,-538.2621879064802,787.318554632976,134.39681384972852,2680.4927258104476,900.3298683845595,91.18245168623518,-355.51685588315286,1176.0315234906802
patient_262,214.0,8.56,87.23671096668154,603.3976711058147,790.8080230716432,150.3150584646007,397.95611537180446,906.3424707231435,17.591286665907752,-1839.7791255081856,1176.7351749573165
patient_262,215.0,8.6,107.60515425409473,509.21108218532964,795.1122292418071,178.44032966019952,703.1317798899706,913.4800839095515,61.42986641148186,1095.9644936393527,1179.1923696137758
patient_262,216.0,8.64,92.62605867741561,-374.47738941697787,798.8172715889036,71.5639189415123,-2671.9102679671805,916.342640667212,160.48868378827353,2476.4704344197917,1185.6119169653068
patient_262,217.0,8.68,97.01325013072898,109.67978633283408,802.6978015941329,63.24782547341598,-207.90233670240798,918.8725536861486,73.42441796386515,-2176.6066456102094,1188.5488936838615
patient_262,218.0,8.72,156.66379421605006,1491.2636021330272,808.9643533627749,134.30597860813205,1776.4538283679017,924.2447928304739,43.815325544805475,-740.227310476492,1190.3015067056535
patient_262,219.0,8.76,103.99142363833869,-1316.8092644427843,813.1240103083084,63.844852709646936,-1761.5281474621277,926.7985869388598,32.53836422782766,-281.92403292444544,1191.6030412747668
patient_262,220.0,8.8,114.9107395733427,272.9828983751002,817.7204398912421,122.02438074080975,1454.4882007790702,931.6795621684922,79.36844944754586,1170.752130492955,1194.7777792526686
patient_262,221.0,8.84,170.82267240482747,1397.7983207871193,824.5533467874353,173.5832596655985,1288.9719731197185,938.6228925551163,188.68576460099368,2732.9328788361954,1202.3252098367082
patient_262,222.0,8.88,149.97386527031708,-521.2201783627598,830.5523013982479,68.11612160608874,-2636.6784514877436,941.3475374193599,183.45591466981068,-130.74624827957493,1209.6634464235008
patient_262,223.0,8.92,190.86557453163078,1022.2927315328427,838.1869243795132,151.11077131969338,2074.8662428401162,947.3919682721477,179.85053991894281,-90.13436877169667,1216.8574680202585
patient_262,224.0,8.96,233.34663718412418,1062.0265663123348,847.5207898668782,130.57273875001772,-513.4508142418916,952.6148778221484,196.0589953785611,405.21138649045696,1224.6998278354008
patient_262,225.0,9.0,180.9529619096921,-1309.8418818608018,854.758908343266,128.3520580062063,-55.51701859528535,957.7489601423966,221.24055567921283,629.5390075162935,1233.5494500625693
patient_262,226.0,9.04,197.88145583572089,423.21234815071944,862.6741665766948,216.36035555421597,2200.2074387002417,966.4033743645654,181.9163278970284,-983.1056945546109,1240.8261031784505
patient_262,227.0,9.08,134.2499320439577,-1590.7880947940796,868.0441638584531,169.4513127879952,-1172.7260691555196,973.1814268760852,191.51573406625724,239.98515423072107,1248.486732541101
patient_262,228.0,9.12,107.97632971330233,-656.8400582663842,872.3632170469853,107.16273018099639,-1557.21456517497,977.4679360833251,199.29075014137075,194.37540187783782,1256.4583625467558
patient_262,229.0,9.16,86.22826092713208,-543.7017196542563,875.8123474840705,170.30433680620172,1578.5401656301333,984.2801095555732,166.80052050996625,-812.2557407851126,1263.1303833671545
patient_262,230.0,9.2,42.64264439964505,-1089.640413187176,877.5180532600564,128.13855399308093,-1054.1445703280197,989.4056517152964,78.71494732540414,-2202.1393296140527,1266.2789812601704
patient_262,231.0,9.24,62.76227834585369,502.9908486552159,880.0285443938905,133.7212410780141,139.5671771233289,994.7545013584171,103.75503934989904,626.0023006123724,1270.4291828341666
patient_262,232.0,9.28,21.535332638013685,-1030.6736426960001,880.8899576994111,32.58832645006577,-2528.3228656987076,996.0580344164197,14.670903255104976,-2227.1034023698517,1271.0160189643707
patient_262,233.0,9.32,23.338284320147356,45.07379205334176,881.823489072217,103.53939788160986,1773.776785788602,1000.1996103316841,35.515967094886236,521.1265959945315,1272.4366576481661
patient_262,234.0,9.36,98.54986538394587,1880.289526594963,885.7654836875747,104.58951244641231,26.252864120061403,1004.3831908295406,70.25121841218849,868.3812829325565,1275.2467063846536
patient_262,235.0,9.4,156.9372297192085,1459.6841083815655,892.0429728763431,182.743861023155,1953.8587144185674,1011.6929452704667,121.45921405815389,1280.1998911491348,1280.1050749469798
patient_262,236.0,9.44,153.12495806446879,-95.30679136849258,898.1679711989219,168.73168384867427,-350.3044293620185,1018.4422126244136,223.4264638757132,2549.181245438983,1289.0421335020083
patient_262,237.0,9.48,128.73699341590728,-609.6991162140376,903.3174509355581,168.45263253326033,-6.976282885348439,1025.180317925744,165.52925225799345,-1447.430290442994,1295.6633035923282
patient_262,238.0,9.52,8.52676187055698,-3005.255788633757,903.6585214103804,108.37649232872516,-1501.9035051133792,1029.515377618893,30.843611320142514,-3367.1410234462733,1296.897048045134
patient_262,239.0,9.56,273.2518784647164,6618.127914853986,914.5885965489692,209.1878607948954,2520.284211654256,1037.8828920506887,294.52068699090734,6591.92689176912,1308.6778755247701
patient_262,240.0,9.6,175.42457629612713,-2445.682554214732,921.6055796008143,161.86357636113956,-1183.1071108438962,1044.3574351051343,157.63904309159608,-3422.0410974827814,1314.983437248434
patient_262,241.0,9.64,138.8415456227963,-914.5757668332706,927.1592414257261,127.30306544347674,-864.0127729415706,1049.4495577228734,203.70439493125718,1151.6337959915277,1323.1316130456844
patient_262,242.0,9.68,131.55683290155943,-182.1178180309218,932.4215147417884,188.2547533688001,1523.792198133084,1056.9797478576254,120.24505732801336,-2086.4834400810955,1327.941415338805
patient_262,243.0,9.72,142.06016537877423,262.58331193037,938.1039213569394,102.79044892353798,-2136.607611131553,1061.0913658145669,117.186057232962,-76.475002376284,1332.6288576281233
patient_262,244.0,9.76,120.73888286301221,-533.0320628940506,942.93347667146,98.35237785791992,-110.95177664045153,1065.0254609288836,142.3206667169914,628.3652371007353,1338.3216842968031
patient_262,245.0,9.8,130.6383091152675,247.4856563063824,948.1590090360706,144.48848523698805,1153.4026844767034,1070.8050003383632,106.67713582370283,-891.0882723322146,1342.5887697297512
patient_262,246.0,9.84,72.61037336985639,-1450.6983936352779,951.0634239708648,84.31873988532871,-1504.2436337914837,1074.1777499337763,151.48670845205052,1120.2393157086924,1348.6482380678333
patient_262,247.0,9.88,27.24861385593064,-1134.0439878481436,952.153368525102,81.70373046159008,-65.37523559346567,1077.44589915224,144.0104547466138,-186.90634263591832,1354.4086562576977
patient_262,248.0,9.92,115.91147634915619,2216.5715623306387,956.7898275790682,26.37629488210767,-1383.1858894870602,1078.5009509475242,134.64013495744652,-234.25799472918172,1359.7942616559956
patient_262,249.0,9.96,37.04473967310626,-1971.668416901248,958.2716171659926,23.019928379145924,-83.90916257404362,1079.42174808269,25.38545829569963,-2731.3669165436722,1360.8096799878235
patient_262,250.0,10.0,30.026043690150466,-175.46739957389477,959.4726589135986,240.670412083029,5441.262092597077,1089.0485645660112,127.50387478747108,2552.960412294286,1365.9098349793223
patient_262,251.0,10.04,433.7970948325824,10094.276278560797,976.8245427069019,293.1313043860725,1311.5223075760873,1100.773816741454,167.7120343761801,1005.2039897177256,1372.6183163543694
patient_262,252.0,10.08,285.6189698371715,-3704.4531248852722,988.2493015003887,223.3994159485647,-1743.2972109376947,1109.7097933793966,344.6987360344189,4424.66754145597,1386.4062657957463
patient_262,253.0,10.12,104.49266421996893,-4528.157640430064,992.4290080691874,130.16032030153357,-2330.977391175778,1114.916206191458,110.1193226634125,-5864.48533427516,1390.8110387022828
patient_262,254.0,10.16,37.47143777636414,-1675.5306610901198,993.9278655802419,90.7999140108209,-984.0101572678169,1118.548202751891,58.90510488561949,-1280.3554444448255,1393.1672428977076
patient_262,255.0,10.2,68.78469899663993,782.8315305068948,996.6792535401074,113.04070276123393,556.0197187603258,1123.0698308623403,166.9445557218386,2700.986270905478,1399.845025126581
patient_262,256.0,10.24,197.8273702794459,3226.0667820701483,1004.5923483512853,41.39408737305592,-1791.1653847044504,1124.7255943572627,187.46933722289697,513.1195375264589,1407.3437986154968
patient_262,257.0,10.28,236.1730984927231,958.6432053319306,1014.0392722909943,179.85382245985585,3461.493377169998,1131.9197472556568,272.87829650948237,2135.223982164635,1418.258930475876
patient_262,258.0,10.32,224.4920487770313,-292.02624289229533,1023.0189542420756,182.65509352055608,70.03177651750576,1139.225950996479,237.27018031558123,-890.2029048475285,1427.7497376884992
patient_262,259.0,10.36,182.70186265398254,-1044.7546530762188,1030.3270287482349,685.8181735705333,12579.07700124943,1166.6586779393003,544.1065979589616,7670.91044108451,1449.5140016068576
patient_262,260.0,10.4,58.937834896807864,-3094.100693929367,1032.6845421441074,29.591667709784005,-16405.662646518733,1167.8423446476918,107.124986761011,-10924.540279948766,1453.799001077298
patient_262,261.0,10.44,109.4751046265101,1263.431743242556,1037.0635463291678,786.3589552831766,18919.182189334813,1199.2967028590188,738.6872422759825,15789.056387874289,1483.3464907683374
patient_262,262.0,10.48,211.01015915877434,2538.376363306606,1045.5039526955186,488.34729012970826,-7450.291628836708,1218.8305944642073,741.3842509206428,67.42521611650716,1513.0018608051632
patient_262,263.0,10.52,751.3686969887658,13508.963445749789,1075.5587005750692,1062.8500589528908,14362.569220579564,1261.344596822323,1079.6915479552013,8457.682425863963,1556.1895227233713
patient_262,264.0,10.56,522.3964618833724,-5724.305877634836,1096.454559050404,600.3085568429257,-11563.537552749127,1285.35693909604,417.8955360062253,-16544.9002987244,1572.9053441636204
patient_262,265.0,10.6,513.8348888287782,-214.0393263648548,1117.0079546035552,397.05703919634584,-5081.287941164495,1301.2392206638938,384.88852386480266,-825.1753035355662,1588.3008851182124
patient_262,266.0,10.64,378.39405220585707,-3386.020915573027,1132.1437166917895,210.31081465982965,-4668.655613412905,1309.651653250287,284.83524575335184,-2501.3319527862704,1599.6942949483464
patient_262,267.0,10.68,136.9232801128647,-6036.769302324809,1137.620647896304,193.23603620854425,-426.8694612821349,1317.3810946986287,129.03304920200034,-3895.0549137837875,1604.8556169164265
patient_262,268.0,10.72,194.36804448750127,1436.1191093659145,1145.3953696758042,188.2158612885815,-125.50437299906889,1324.9097291501719,194.72417478000315,1642.2781394500703,1612.6445839076266
patient_262,269.0,10.76,77.8366347525752,-2913.285243373152,1148.508835065907,148.2093063614076,-1000.163873179347,1330.8381014046283,75.26406143838655,-2986.502833540415,1615.655146365162
patient_262,270.0,10.8,44.16041040353017,-841.9056087261256,1150.2752514820481,59.245578354713665,-2224.0932001673486,1333.2079245388168,24.383654629706918,-1272.0101702169907,1616.6304925503503
patient_262,271.0,10.84,50.26050175167413,152.5022837035989,1152.285671552115,78.65699012893916,485.2852943556373,1336.3542041439744,37.39267371193192,325.22547705562505,1618.1261994988276
patient_262,272.0,10.88,16.345992351951736,-847.8627349930598,1152.9395112461932,190.11190308029254,2786.3728237838345,1343.958680267186,20.15976015173331,-430.82283900496526,1618.932589904897
patient_262,273.0,10.92,22.934057222070148,164.7016217529603,1153.856873535076,80.99333036265902,-2727.9643179408376,1347.1984134816926,56.46267431460335,907.572854071751,1621.191096877481
patient_262,274.0,10.96,68.26522268284795,1133.2791365194448,1156.58748244239,72.8295375001546,-204.09482156261055,1350.1115949816988,96.37839082922679,997.892912865586,1625.04623251065
patient_262,275.0,11.0,137.8826011329183,1740.4344612517586,1162.1027864877067,61.014338244269354,-295.3799813971312,1352.5521685114695,190.4632146467432,2352.1205954379107,1632.6647610965197
patient_262,276.0,11.04,108.32878034186989,-738.8455197762103,1166.4359377013816,210.68955881487165,3741.880514265057,1360.9797508640643,240.08072412974326,1240.4377370750012,1642.2679900617095
patient_262,277.0,11.08,83.63718005107,-617.2900072699971,1169.7814249034243,387.14398949759004,4411.36076706796,1376.465510443968,26.920920303510336,-5328.995095655823,1643.34482687385
patient_262,278.0,11.12,70.39050290370866,-331.16692868403345,1172.5970450195728,139.9017281921527,-6181.056532635934,1382.0615795716542,6.602342862103684,-507.96443603516633,1643.608920588334
patient_262,279.0,11.16,203.91023228948092,3337.993234644306,1180.753454311152,260.52579565938413,3015.601686680786,1392.4826113980296,24.432716321435095,445.7593364832853,1644.5862292411914
patient_262,280.0,11.2,259.29463388798865,1384.6100399626935,1191.1252396666714,64.15266318313175,-4909.32831190631,1395.0487179253548,151.58708896729308,3178.8593161464496,1650.6497127998832
patient_262,281.0,11.24,22.260547213427493,-5925.852166864029,1192.0156615552085,34.574660102694075,-739.4500770109419,1396.4317043294623,46.18241268705629,-2635.11690700592,1652.4970093073655
patient_262,282.0,11.28,459.448804806069,10929.706439816036,1210.3936137474514,153.7547574508876,2979.502433704838,1402.5818946274978,346.7949701987596,7515.313937792583,1666.368808115316
patient_262,283.0,11.32,581.5084379111638,3051.49082762737,1233.6539512638979,1177.3518519524714,25589.927362539594,1449.6759687055967,1054.96524645406,17704.25690638251,1708.5674179734785
patient_262,284.0,11.36,531.6300501765487,-1246.9596933653775,1254.91915327096,988.1369717259217,-4730.372005663741,1489.2014475746337,1070.0435297307442,376.9570819171065,1751.369159162708
patient_262,285.0,11.4,475.65267813724876,-1399.4343009824988,1273.9452603964498,570.8600471779354,-10431.923113699659,1512.035849461751,841.894974412647,-5703.713882952431,1785.0449581392138
patient_262,286.0,11.44,563.6048444365198,2198.8041574817757,1296.4894541739104,860.8056749389268,7248.640694024786,1546.4680764593081,764.5028057626737,-1934.804216249333,1815.625070369721
patient_262,287.0,11.48,357.56514052894715,-5150.9925976893155,1310.7920597950683,338.5285253828195,-13056.928738902683,1560.009217474621,130.73827043600326,-15844.11338316676,1820.8546011871613
patient_262,288.0,11.52,36.331444707145934,-8030.842395545031,1312.245317583354,168.62978262854227,-4247.468568856931,1566.7544087797628,255.85545376627513,3127.929583256797,1831.0888193378123
patient_262,289.0,11.56,87.51500517342677,1279.589011657021,1315.745917790291,47.60496661119815,-3025.620400433603,1568.6586074442107,133.47779980253776,-3059.4413490934344,1836.427931329914
patient_262,290.0,11.6,116.43998584774285,723.1245168579019,1320.4035172242009,132.8915566093254,2132.164749953181,1573.974269708584,177.35143788250926,1096.8409519992874,1843.521988845214
patient_262,291.0,11.64,21.684851222556023,-2368.8783656296705,1321.270911273103,3.5252627675007466,-3234.157346045616,1574.115280219284,19.968557315909383,-3934.572014164997,1844.3207311378503
patient_262,292.0,11.68,90.41486672735005,1718.2503876198507,1324.8875059421969,68.69366205156972,1629.209982101724,1576.8630267013466,149.42619926489905,3236.441048724742,1850.2977791084463
patient_262,293.0,11.72,51.32192830452838,-977.3234605705417,1326.940383074378,121.97319590669605,1331.9883463781582,1581.7419545376147,57.215570934081775,-2305.2657082704322,1852.5864019458095
patient_262,294.0,11.76,13.334310082660384,-949.6904555466997,1327.4737554776843,55.63140321417729,-1658.5448173129691,1583.9672106661817,34.34388146820585,-571.7922366468981,1853.9601572045378
patient_262,295.0,11.8,10.767743463691238,-64.16416547422865,1327.904465216232,52.51187768800508,-77.98813815430528,1586.067685773702,75.24981581321359,1022.6483586251934,1856.9701498370664
patient_262,296.0,11.84,64.77702248558897,1350.2319755474434,1330.4955461156558,54.78668994672571,56.87030646801574,1588.2591533715708,42.0990478602277,-828.7691988246472,1858.6541117514755
patient_262,297.0,11.88,28.698291739893765,-901.9682686423803,1331.6434777852514,88.7547074030103,849.2004364071148,1591.8093416676911,122.2068430835923,2002.694880584115,1863.5423854748192
patient_262,298.0,11.92,57.34418934196162,716.1474400516964,1333.9372453589299,71.4387265763291,-432.89952066702995,1594.6668907307444,44.41082726146878,-1944.900395553088,1865.318818565278
patient_262,299.0,11.96,220.10843710791465,4069.1061941488256,1342.7415828432463,324.89941308843095,6336.517162802546,1607.6628672542815,382.4540945146403,8451.081681329288,1880.6169823458636
patient_262,300.0,12.0,275.2074067771551,1377.4742417310108,1353.7498791143325,436.4024233537667,2787.5752566333945,1625.118964188432,321.57228810793356,-1522.0451601676687,1893.479873870181
patient_262,301.0,12.04,175.79133824619578,-2485.4017132739828,1360.7815326441805,642.186464683473,5144.601033242657,1650.8064227757711,720.5936965921612,9975.535212105691,1922.3036217338677
patient_262,302.0,12.08,47.50871284929205,-3207.065634922593,1362.681881158152,120.86452979711555,-13033.048372158935,1655.6410039676557,159.81708453162065,-14019.415301513516,1928.6963051151324
patient_262,303.0,12.12,251.49703872965938,5099.7081470091825,1372.7417627073382,651.076566040022,13255.300906072662,1681.6840666092567,722.5676624653155,14068.76444834237,1957.599011613745
patient_262,304.0,12.16,340.5343980504728,2225.9339830203357,1386.363138629357,557.8869116000128,-2329.741361000231,1703.999543073257,544.099427446631,-4461.7058754671125,1979.3629887116101
patient_262,305.0,12.2,434.9627604949267,2360.7090611113476,1403.7616490491541,297.26081746858404,-6515.652353285719,1715.8899757720003,352.9291797331784,-4779.256192836316,1993.480155900937
patient_262,306.0,12.24,317.08555875731196,-2946.9300434403694,1416.4450713994465,93.23750220572059,-5100.582881571586,1719.6194758602294,227.1745358188192,-3143.8660978589796,2002.56713733369
patient_262,307.0,12.28,245.59411423535025,-1787.2861130490428,1426.2688359688605,113.39227467205298,503.8693116583097,1724.1551668471116,152.89159635081953,-1857.0734866999921,2008.6828011877226
patient_262,308.0,12.32,126.05071540763231,-2988.5849706929484,1431.3108645851657,147.2646830314039,846.8102089837732,1730.0457541683677,77.16781828162992,-1893.09445172974,2011.769513918988
patient_262,309.0,12.36,92.73368372947863,-832.925791953842,1435.0202119343448,102.0151258488486,-1131.2389295638827,1734.1263592023215,77.6431858897761,11.884190203654654,2014.875241354579
patient_262,310.0,12.4,63.73822744155893,-724.8864071979925,1437.5697410320072,90.64819538499314,-284.17326159638634,1737.7522870177213,76.19096206314937,-36.30559566566838,2017.922879837105
patient_262,311.0,12.44,62.470247637347065,-31.69949510529655,1440.0685509375012,153.93137034166682,1582.0793739168419,1743.9095418313882,65.75746995954849,-260.8373025900221,2020.553178635487
patient_262,312.0,12.48,114.86423558728991,1309.8496987485712,1444.6631203609927,63.30690914973265,-2265.6115297983542,1746.4418181973774,39.44141750082283,-657.9013114681414,2022.1308353355198
patient_262,313.0,12.52,30.428048683098382,-2110.904672604788,1445.8802423083166,49.62197609774389,-342.12332629971894,1748.4266972412872,71.9158401052397,811.8605651104216,2025.0074689397295
patient_262,314.0,12.56,14.700470156410356,-393.18946316720064,1446.468261114573,39.44924537972852,-254.31826795038432,1750.0046670564764,25.467727347693767,-1161.2028189386483,2026.026178033637
patient_262,315.0,12.6,47.590458852815885,822.2497174101383,1448.3718794686854,111.37560683699373,1798.1590364316303,1754.459691329956,70.56727803468159,1127.4887671746956,2028.8488691550242
patient_262,316.0,12.64,122.83845888603705,1881.200000830529,1453.2854178241269,125.47676262753808,352.52889476360883,1759.4787618350574,73.01850495463837,61.28067299891953,2031.76960935321
patient_262,317.0,12.68,157.2131842092335,859.3681330799114,1459.5739451924962,152.0144485849587,663.4421489355155,1765.559339778456,12.527586526620324,-1512.2729607004512,2032.270712814275
patient_262,318.0,12.72,196.28313283384745,976.7487156153486,1467.4252705058502,116.10464546351288,-897.7450780361455,1770.2035255969965,95.62716394908958,2077.489435561731,2036.0957993722384
patient_262,319.0,12.76,349.23112102962995,3823.6997048945623,1481.3945153470354,294.6389445023661,4463.35747597133,1781.9890833770912,293.7534951816714,4953.158280814545,2047.8459391795052
patient_262,320.0,12.8,390.37488771952763,1028.5941672474423,1497.0095108558164,347.33841585659616,1317.4867838557518,1795.8826200113551,483.4740607774081,4743.014139893418,2067.1849016106016
patient_262,321.0,12.84,445.8392463756501,1386.608966403061,1514.8430807108425,868.0692039831669,13018.269703164267,1830.6053881706819,952.4749260721804,11725.021632369308,2105.283898653489
patient_262,322.0,12.88,353.87317312856953,-2299.1518311770137,1528.9980076359852,767.6865736485855,-2509.5657583645334,1861.3128511166253,954.410709037517,48.394574133413926,2143.4603270149896
patient_262,323.0,12.92,371.5282269966373,441.3763467016935,1543.8591367158506,631.0840269763914,-3415.063666804852,1886.556212195681,673.3188640346124,-7027.296125072616,2170.393081576374
patient_262,324.0,12.96,410.833156566941,982.6232392575932,1560.2924629785284,542.8806151496456,-2205.0852956686467,1908.2714368016668,366.9878135306663,-7658.276262598652,2185.0725941176006
patient_262,325.0,13.0,157.9209576289294,-6322.80497345029,1566.6093012836855,200.90891251585128,-8549.292565844857,1916.3077933023008,544.1580061996855,4429.254816725479,2206.838914365588
patient_262,326.0,13.04,105.4946689424008,-1310.6572171632145,1570.8290880413815,157.489373822695,-1085.488467328907,1922.6073682552087,108.23316556425056,-10898.121015885872,2211.168240988158
patient_262,327.0,13.08,41.812424035774065,-1592.0561226656685,1572.5015850028126,34.294739234659616,-3079.8658647008847,1923.9791578245952,74.00241846700182,-855.7686774312184,2214.1283377268383
patient_262,328.0,13.12,2.1896856737053465,-990.5684590517179,1572.5891724297608,40.7590964483665,161.60893034267207,1925.60952168253,23.59210674984496,-1260.2577929289214,2215.0720219968316
patient_262,329.0,13.16,9.79502401694318,190.13345858094587,1572.9809733904385,33.64290893324804,-177.90468787796155,1926.9552380398598,77.75047166342567,1353.9591228395177,2218.182040863369
patient_262,330.0,13.2,34.04679839623872,606.2943594823885,1574.3428453262882,54.52542719118936,522.062956448533,1929.1362551275074,46.34876459229966,-785.0426767781503,2220.035991447061
patient_262,331.0,13.24,29.04442473644475,-125.05934149484928,1575.5046223157458,42.59805494436323,-298.18430617065326,1930.8401773252817,91.18776608419735,1120.9750372974422,2223.683502090429
patient_262,332.0,13.28,34.42514691060273,134.51805435394942,1576.88162819217,39.78606001384209,-70.29987326302845,1932.4316197258356,40.490638875537456,-1267.4281802164974,2225.303127645451
patient_262,333.0,13.32,54.07229499682118,491.1787021554613,1579.0445199920425,5.755244372779857,-850.7703910265558,1932.6618295007468,12.782428780665681,-692.7052523717944,2225.814424796677
patient_262,334.0,13.36,60.012749252367456,148.51135638865696,1581.4450299621374,46.04294830751759,1007.1925983684433,1934.5035474330475,101.94014695829668,2228.942954440775,2229.892030675009
patient_262,335.0,13.4,41.97311296123555,-450.99090727829764,1583.1239544805867,104.36555419729606,1458.0651472444617,1938.6781696009393,71.16647764628507,-769.3417328002902,2232.7386897808606
patient_262,336.0,13.44,60.63190847024207,466.4698877251629,1585.5492308193964,149.53873753826338,1129.329583524183,1944.65971910247,226.46467821012052,3882.4550140958863,2241.7972769092653
patient_262,337.0,13.48,47.57655750636615,-326.3837740968979,1587.452293119651,24.864515157854612,-3116.855559510219,1945.654299708784,47.788570718690835,-4466.902687285742,2243.708819738013
patient_262,338.0,13.52,38.54757043359311,-225.72467681932605,1588.9941959369944,88.4834243831563,1590.4727306325424,1949.1936366841103,73.35171843772862,639.0786929759447,2246.642888475522
patient_262,339.0,13.56,113.69354870885239,1878.6494568814821,1593.5419378853487,2.7356958696433695,-2143.6932128378235,1949.303064518896,329.6949316434739,6408.580330143633,2259.8306857412613
patient_262,340.0,13.6,236.80846975795586,3077.8730262275867,1603.014276675667,255.93425190603583,6329.963900909812,1959.5404345951374,285.80976262047733,-1097.129225574915,2271.2630762460803
patient_262,341.0,13.64,183.2983755617041,-1337.7523549062944,1610.346211698135,225.0849357657593,-771.2329035069132,1968.5438320257679,265.8364367356932,-499.3331471196029,2281.8965337155078
patient_262,342.0,13.68,251.2337816973448,1698.3851533910176,1620.3955629660288,402.6089214731552,4438.099642684897,1984.648188884694,908.1685321450743,16058.302385234527,2318.223275001311
patient_262,343.0,13.72,385.32041221504477,3352.1657629424994,1635.8083794546305,559.5119508416359,3922.575734212018,2007.0286669183595,710.5884395877118,-4939.502313934062,2346.646812584819
patient_262,344.0,13.76,333.48941218793044,-1295.7750006778583,1649.1479559421477,603.8302075113797,1107.956416743596,2031.1818752188149,517.6521170806407,-4823.408062676779,2367.3528972680447
patient_262,345.0,13.8,420.05366431065454,2164.1063030681025,1665.950102514574,215.55912698594727,-9706.777013135812,2039.8042402982528,286.13415523917064,-5787.949046036751,2378.7982634776113
patient_262,346.0,13.84,233.64688769125763,-4660.169415484923,1675.295978022224,288.83729893700394,1831.9542987764166,2051.357732255733,118.01070721810687,-4203.086200526594,2383.518691766336
patient_262,347.0,13.88,184.17158820791298,-1236.8824870836165,1682.6628415505409,254.99926183778436,-845.9509274804894,2061.5577027292443,123.87115723592102,146.51125044535362,2388.4735380557727
patient_262,348.0,13.92,65.08763029309611,-2977.0989478704214,1685.2663467622647,132.21554574818975,-3069.592902239865,2066.846324559172,70.02198707107834,-1346.2292541210668,2391.274417538616
patient_262,349.0,13.96,100.2380255939545,878.7598825214598,1689.275867786023,82.03534888975742,-1254.5049214608084,2070.1277385147628,10.431287021254098,-1489.7675012456061,2391.6916690194657
patient_262,350.0,14.0,56.05297525742128,-1104.6262584133306,1691.51798679632,45.35207319116324,-917.0818924648543,2071.941821442409,37.01391191260033,664.5656222836557,2393.17222549597
patient_262,351.0,14.04,70.88774877771988,370.86933800746493,1694.3534967474288,34.08036646381821,-281.79266818362584,2073.305036100962,111.91090402869318,1872.4248029023215,2397.648661657118
patient_262,352.0,14.08,119.93468219028989,1226.1733353142504,1699.1508840350402,89.42284363220249,1383.561929209607,2076.88194984625,131.7869277196638,496.9005922742653,2402.9201387659045
patient_262,353.0,14.12,96.56923056541089,-584.136290621975,1703.0136532576566,124.93549365080824,887.8162504651439,2081.8793695922823,73.9416720882702,-1446.13139078484,2405.8778056494352
patient_262,354.0,14.16,102.38281177418374,145.33953021932115,1707.108965728624,166.91025747838697,1049.3690956894682,2088.555779891418,145.42583398290125,1787.1040473657765,2411.6948390087514
patient_262,355.0,14.2,60.16898326658834,-1055.3457126898847,1709.5157250592874,77.81624537133648,-2227.3503026762623,2091.668429706271,14.522891534988506,-3272.573561197819,2412.275754670151
patient_262,356.0,14.24,53.805458553165344,-159.08811783557493,1711.667943401414,309.6816031188852,5796.633943688718,2104.055693831027,732.0864097678088,17939.08795582051,2441.559211060863
patient_262,357.0,14.28,193.4114687243275,3490.150254279054,1719.404402150387,453.7460604574261,3601.6114334635217,2122.205536249324,93.69853345870983,-15959.696907727477,2445.3071523992116
patient_262,358.0,14.32,319.79876500224947,3159.682406948049,1732.196352750477,351.6687163220569,-2551.933603384229,2136.2722849022057,442.9198957675028,8730.534057719824,2463.0239482299116
patient_262,359.0,14.36,402.56397473895856,2069.1302434177273,1748.2989117400355,467.63965760769514,2899.2735321409555,2154.9778712065136,593.2034970646642,3757.0900324290365,2486.7520881124983
patient_262,360.0,14.4,335.7360130567656,-1670.6990420548236,1761.728352262306,556.5456303965997,2222.649319722613,2177.2396964223776,623.1767568150881,749.3314937605959,2511.679158385102
patient_262,361.0,14.44,351.285966871981,388.748845380384,1775.7797909371855,684.4348520864,3197.230542245009,2204.6170905058334,714.1442726590604,2274.187896099309,2540.2449292914644
patient_262,362.0,14.48,258.2048634720907,-2327.0275849972563,1786.1079854760692,449.3266034778556,-5877.706215213611,2222.5901546449477,476.99957020426035,-5928.6175613700025,2559.3249120996347
patient_262,363.0,14.52,316.9727552552115,1469.1972945780194,1798.7868956862776,380.04662843507407,-1731.9993760695384,2237.792019782351,252.15031031577053,-5621.231497212246,2569.4109245122654
patient_262,364.0,14.56,205.10027511810355,-2796.8120034276985,1806.9909066910018,141.0501728178461,-5974.9113904307,2243.434026695065,167.14092502759766,-2125.2346322043218,2576.0965615133696
patient_262,365.0,14.6,81.69513954950153,-3085.1283892150504,1810.2587122729817,211.54690485073627,1762.4183008222544,2251.8959028890945,30.574752687746674,-3414.154308496275,2577.3195516208793
patient_262,366.0,14.64,52.59678331746957,-727.458905800799,1812.3625836056806,128.02663182272448,-2088.0068257002945,2257.016968162003,42.40640874030713,295.79140131401135,2579.0158079704916
patient_262,367.0,14.68,4.541723394131953,-1201.3764980834405,1812.544252541446,26.367177610342118,-2541.4863553095593,2258.071655266417,23.393893615160017,-475.31287812867777,2579.951563715098
patient_262,368.0,14.72,19.197287084004095,366.38909224680356,1813.312144024806,119.37095466525759,2325.094426372887,2262.8464934530275,74.98848168705557,1289.8647017973888,2582.9511029825803
patient_262,369.0,14.76,116.75527237610339,2438.9496323024823,1817.9823549198502,133.993464388875,365.56274309043533,2268.2062320285827,112.14130290323489,928.820530404483,2587.4367550987095
patient_262,370.0,14.8,295.2032977991705,4461.200635576678,1829.790486831817,460.0056058695196,8150.303537016116,2286.6064562633633,276.0684348961073,4098.1782998218105,2598.479492494554
patient_262,371.0,14.84,322.1907676810427,674.6867470468046,1842.6781175390588,563.7458250722551,2593.5054800683874,2309.1562892662537,668.6233031231609,9813.87170567634,2625.2244246194805
patient_262,372.0,14.88,207.78549131338454,-2860.131909191454,1850.989537191594,836.8295161956813,6827.092278085655,2342.629469914081,1145.8580580826322,11930.868873986781,2671.058746942786
patient_262,373.0,14.92,413.03971454801155,5131.355580865675,1867.5111257735146,831.1003944589537,-143.2280434181905,2375.8734856924393,917.5269655858797,-5708.2773124188125,2707.7598255662215
patient_262,374.0,14.96,427.57484280725146,363.3782064809978,1884.6141194858046,1029.2556234993156,4953.880726009046,2417.0437106324116,1207.5849067181807,7251.448528307526,2756.0632218349488
patient_262,375.0,15.0,372.26545184000986,-1382.73477418104,1899.504737559405,249.33521014104926,-19498.010333956656,2427.017119038054,593.3929328319143,-15354.79934715666,2779.7989391482256
patient_262,376.0,15.04,249.30968917042372,-3073.894066739653,1909.477125126222,243.65263067548614,-142.06448663907807,2436.7632242650734,29.74388797664135,-14091.226121381826,2780.988694667291
patient_262,377.0,15.08,209.58999372794855,-992.9923860618793,1917.8607248753399,165.98333141327555,-1941.7324815552647,2443.4025575216046,146.47689851474115,2918.325263452495,2786.8477706078806
patient_262,378.0,15.12,211.09218369552943,37.554749189521885,1926.3044122231613,139.33044922027352,-666.3220548250507,2448.9757754904153,157.0530999834585,264.40503671793397,2793.129894607219
patient_262,379.0,15.16,145.78058710887905,-1632.7899146662596,1932.1356357075163,137.0425361070589,-57.197827830365355,2454.4574769346978,97.84313097827969,-1480.2492251294705,2797.04361984635
patient_262,380.0,15.2,52.95358716775773,-2320.674998528033,1934.2537791942266,94.92279532937026,-1052.9935194422162,2458.2543887478723,45.53343849327267,-1307.7423121251754,2798.864957386081
patient_262,381.0,15.24,22.597385630406293,-758.905038433786,1935.1576746194428,50.09306232263299,-1120.7433251684317,2460.2581112407775,82.86125040034096,933.1952976767074,2802.179407402095
patient_262,382.0,15.28,30.123044363321405,188.14146832287778,1936.3625963939758,31.529942770722474,-464.0779887977628,2461.5193089516065,30.291863064299513,-1314.2346834010364,2803.3910819246667
patient_262,383.0,15.32,29.01286366784713,-27.754517386856836,1937.5231109406898,50.99431552588476,486.60931887905707,2463.559081572642,16.560763841527532,-343.27748056929954,2804.053512478328
patient_262,384.0,15.36,13.829858087269983,-379.5751395144287,1938.0763052641807,60.34577719392271,233.78654170094873,2465.972912660399,36.44153972404744,497.01939706299765,2805.5111740672896
patient_262,385.0,15.4,7.81651986311912,-150.33345560377157,1938.3889660587054,33.79221489824227,-663.8390573920109,2467.3246012563286,20.563878653293962,-396.94152676883687,2806.3337292134215
patient_262,386.0,15.44,40.16078191303267,808.6065512478389,1939.9953973352267,53.74697998268994,498.8691271111918,2469.474480455636,10.556813530526895,-250.17662806917667,2806.7560017546425
patient_262,387.0,15.48,57.508038760957234,433.68142119811404,1942.2957188856649,16.486536521991805,-931.5110865174536,2470.1339419165156,77.6104817183195,1676.3417046948152,2809.8604210233752
patient_262,388.0,15.52,47.374916407814794,-253.32805882856098,1944.1907155419776,75.21883289294536,1468.3074092738386,2473.1426952322336,56.62399133272331,-524.662259639905,2812.1253806766845
patient_262,389.0,15.56,30.77340201668912,-415.03785977814186,1945.4216516226452,30.251511932778737,-1124.1830240041654,2474.3527557095445,45.91562539162168,-267.70914852754066,2813.962005692349
patient_262,390.0,15.6,53.56353139027571,569.7532343396649,1947.564192878256,103.4752424498929,1830.593262927854,2478.4917654075402,58.765300164134814,321.2418693128283,2816.3126176989144
patient_262,391.0,15.64,55.50005367994877,48.41305724182643,1949.7841950254542,53.60914986942123,-1246.6523145117917,2480.6361314023175,148.35628402589003,2239.7745965438803,2822.2468690599503
patient_262,392.0,15.68,171.30898475129325,2895.223276783612,1956.636554415506,197.22837871004282,3590.4807210155395,2488.525266550719,79.29032543281677,-1726.6489648268316,2825.4184820772625
patient_262,393.0,15.72,241.35518634776227,1751.1550399117255,1966.2907618694164,170.39288949839303,-670.8872302912447,2495.3409821306545,158.92216392103688,1990.7959622055027,2831.775368634104
patient_262,394.0,15.76,289.76839206717256,1210.3301429852572,1977.8814975521032,174.38121420621943,99.70811769565984,2502.3162306989034,389.58898070537833,5766.670419608537,2847.358927862319
patient_262,395.0,15.8,267.36643037908533,-560.0490422021807,1988.5761547672666,603.7386029511038,10733.93471862211,2526.4657748169475,517.4752767914074,3197.1574021507267,2868.057938933975
patient_262,396.0,15.84,339.3640601604719,1799.9407445346649,2002.1507171736855,759.9924400083486,3906.3459264311205,2556.8654724172816,830.4586309911231,7824.583854992892,2901.27628417362
patient_262,397.0,15.88,285.6107799805546,-1343.8320044979334,2013.5751483729077,524.5064721663026,-5887.149196051149,2577.8457313039335,684.2096585940778,-3656.224309926131,2928.644670517383
patient_262,398.0,15.92,342.8905563951257,1431.9944103642783,2027.2907706287128,632.9456311859934,2710.9789754922704,2603.163556551373,556.5601764623048,-3191.237053294327,2950.907077575875
patient_262,399.0,15.96,275.6394753046725,-1681.2770272613307,2038.3163496408995,246.08049294467827,-9671.628456032879,2613.00677626916,380.54806525561025,-4400.3027801673625,2966.1290001860993
patient_262,400.0,16.0,139.43772860905705,-3405.043667390386,2043.893858785262,109.82724793793454,-3406.331125168593,2617.3998661866776,126.25280795199565,-6357.381432590366,2971.1791125041796
patient_262,401.0,16.04,51.37777590279004,-2201.4988176566753,2045.9489698213736,149.54105492659897,992.8451747166107,2623.3815083837417,156.4915000351817,755.9673020796513,2977.4387725055863
patient_262,402.0,16.08,8.009845045530655,-1084.1982714314847,2046.2693636231947,73.16431880177458,-1909.4184031206098,2626.3080811358127,195.04331463813836,963.7953650739164,2985.240505091112
patient_262,403.0,16.12,54.97381921746858,1174.0993542984481,2048.4683163918935,58.07772284205612,-377.16489899296164,2628.631190049495,243.6321079919308,1214.7198338448113,2994.985789410789
patient_262,404.0,16.16,41.73454830457803,-330.98177282226385,2050.1376983240766,16.56700963462062,-1037.7678301858875,2629.29387043488,66.82164263282793,-4420.261633977571,2997.658655116102
patient_262,405.0,16.2,10.34221572687229,-784.8083144426435,2050.5513869531515,24.038168937067653,186.77898256117578,2630.2553971923626,45.33309706878206,-537.2136391011468,2999.4719789988535
patient_262,406.0,16.24,20.24485691481879,247.5660296986625,2051.3611812297445,12.98212320622419,-276.4011432710866,2630.7746821206115,37.25846176014165,-201.86588271601025,3000.9623174692592
patient_262,407.0,16.28,36.556746726076916,407.7972452814532,2052.8234510987877,58.455456430691065,1136.833330611672,2633.112900377839,207.53105325187954,4256.814787293448,3009.2635595993343
patient_262,408.0,16.32,51.304482453600365,368.6933931880862,2054.8756303969312,31.46980255690078,-674.6413468447571,2634.3716924801147,142.4400223235799,-1627.2757732074908,3014.9611604922775
patient_262,409.0,16.36,22.97319705658866,-708.2821349252927,2055.794558279195,11.777949399851755,-492.2963289262256,2634.842810456109,76.33340501172695,-1652.665432796324,3018.014496692747
patient_262,410.0,16.4,40.93519228375527,449.04988067916526,2057.431965970545,45.91341077526451,853.3865343853188,2636.6793468871197,121.64112335035185,1132.6929584656223,3022.8801416267606
patient_262,411.0,16.44,45.740474552444326,120.13205671722638,2059.261584952643,178.40336912077072,3312.248958637655,2643.8154816519504,122.29773036303334,16.415175317037267,3027.7720508412817
patient_262,412.0,16.48,31.222743216098802,-362.9432834086381,2060.510494681287,94.18169846964173,-2105.5417662782247,2647.5827495907365,65.11204800834882,-1429.6420588671128,3030.3765327616156
patient_262,413.0,16.52,9.69643051236306,-538.1578175933935,2060.8983519017816,74.16116886709376,-500.5132400636992,2650.54919634542,69.01406990312567,97.55054736942128,3033.1370955577413
patient_262,414.0,16.56,69.22748506504375,1488.2763638170172,2063.667451304383,120.35197750970633,1154.7702160653141,2655.3632754458085,186.89818243488745,2947.102813294044,3040.6130228551365
patient_262,415.0,16.6,42.34542666517885,-672.0514599966226,2065.3612683709907,69.8573891939795,-1262.3647078931708,2658.1575710135676,94.58276763968901,-2307.8853698799608,3044.396333560724
patient_262,416.0,16.64,37.89164984769672,-111.34442043705323,2066.8769343648983,194.91697240281667,3126.4895802209294,2665.95424990968,160.85964742218684,1656.9219945624457,3050.8307194576114
patient_262,417.0,16.68,113.82062344939594,1898.2243400424807,2071.4297593028746,137.60370980915093,-1432.8315648416435,2671.458398302046,246.41000957364102,2138.7590537863543,3060.687119840557
patient_262,418.0,16.72,231.88803900505158,2951.685388891391,2080.7052808630765,259.5547957709823,3048.7771490457844,2681.840590132885,182.43810857573152,-1599.2975249477374,3067.984644183586
patient_262,419.0,16.76,255.16187725817647,581.8459563281224,2090.911755953404,454.6097164304774,4876.373016487378,2700.0249787901043,541.5648716557728,8978.169077001032,3089.6472390498175
patient_262,420.0,16.8,115.07198471994253,-3502.247313455848,2095.5146353422015,436.43209034030525,-454.4406522543042,2717.4822624037165,500.9858111197097,-1014.476513401577,3109.686671494606
patient_262,421.0,16.84,282.3666866834674,4182.367549088121,2106.8093028095404,494.1668749054742,1443.369614129223,2737.2489373999356,582.1241914432869,2028.4595080894305,3132.9716391523375
patient_262,422.0,16.88,398.00189567631645,2890.880224821227,2122.729378636593,279.0265661001189,-5378.507720133883,2748.4100000439403,289.2428359489476,-7322.033887358483,3144.541352590295
patient_262,423.0,16.92,404.86234279534756,171.51117797577768,2138.923872348407,183.2018930256357,-2395.6168268620795,2755.7380757649657,323.7388335015558,862.3999388152058,3157.4909059303573
patient_262,424.0,16.96,232.94038811005558,-4298.048867132299,2148.241487872809,161.14388005339708,-551.4503243059658,2762.1838309671016,232.0710158267044,-2291.695441871285,3166.7737465634254
patient_262,425.0,17.0,137.2820916345153,-2391.457411888507,2153.73277153819,114.42094985765146,-1168.0732548936405,2766.7606689614076,107.24015892557813,-3120.771422528157,3171.0633529204483
patient_262,426.0,17.04,145.64848140732448,209.15974432022963,2159.558710794483,97.84581551818168,-414.3783584867446,2770.674501582135,17.041411715669387,-2254.9686802477186,3171.7450093890757
patient_262,427.0,17.08,102.6652862575498,-1074.579878744367,2163.665322244785,42.33489417968161,-1387.7730334625016,2772.3678973493224,65.11642996448111,1201.8754562202932,3174.349666587655
patient_262,428.0,17.12,11.21284858555558,-2286.3109417998553,2164.113836188207,104.28797427006594,1548.8270022596084,2776.539416320125,29.35408686642554,-894.0585774513894,3175.5238300623123
patient_262,429.0,17.16,50.58427436538569,984.2856444957526,2166.1372071628225,48.21784232703744,-1401.7532985757127,2778.4681300132065,35.13328308803623,144.47990554026723,3176.929161385834
patient_262,430.0,17.2,53.144267205723715,63.99982100845065,2168.2629778510513,65.03735135534549,420.4877257077014,2781.0696240674206,15.123980904661856,-500.2325545843593,3177.5341206220205
patient_262,431.0,17.24,17.895118704477976,-881.2287125311435,2168.9787825992307,152.61931786052025,2189.549162629369,2787.174396781841,112.61606195838908,2437.3020263431804,3182.038763100356
patient_262,432.0,17.28,55.18393930753279,932.2205150763704,2171.1861401715323,85.95443201548052,-1666.6221461259934,2790.61257406246,69.91236696908803,-1067.5923747325264,3184.8352577791193
patient_262,433.0,17.32,62.010026533839344,170.65218065766388,2173.6665412328857,266.63857639836704,4517.103609572163,2801.278117118395,83.82999221805859,347.94063122426417,3188.188457467842
patient_262,434.0,17.36,62.49308321272302,12.076416972091941,2176.1662645613947,70.69514845820035,-4898.585698504167,2804.105923056723,53.63073596408508,-754.9814063493377,3190.3336869064055
patient_262,435.0,17.4,160.03409257365817,2438.5252340233787,2182.5676282643412,182.3859365725427,2792.269702858559,2811.4013605196246,39.366991010699586,-356.59362383463747,3191.9083665468333
patient_262,436.0,17.44,305.42786757544155,3634.8443750445845,2194.7847429673584,277.8586652467593,2386.818216855415,2822.515707129495,192.1454847614053,3819.462343767643,3199.5941859372897
patient_262,437.0,17.48,324.6162017033127,479.7083531967786,2207.769391035491,286.27910639770647,210.51102877367924,2833.966871385403,360.2128804683917,4201.68489267466,3214.002701156025
patient_262,438.0,17.52,340.6807903342024,401.6147157722429,2221.396622648859,664.293301964214,9450.354889162689,2860.5386034639714,836.8309674785329,11915.452175253531,3247.4759398551664
patient_262,439.0,17.56,311.4162240797535,-731.6141563612234,2233.8532716120494,838.4834510261082,4354.753726547355,2894.077941505016,845.634464218763,220.0874185057529,3281.3013184239167
patient_262,440.0,17.6,139.7457957154218,-4291.760709108292,2239.443103440666,111.22826159919627,-18181.3797356728,2898.5270719689843,47.34507299442444,-19957.234780608465,3283.195121343694
patient_262,441.0,17.64,152.67226826550493,323.16181375207833,2245.549994171286,793.2495176860104,17050.531402170356,2930.2570526764243,641.0093114840563,14841.605962240797,3308.835493803056
patient_262,442.0,17.68,372.9237902207824,5506.288048881936,2260.4669457801174,677.5232110555476,-2893.1576657615724,2957.3579811186464,958.9871841586485,7949.446816864804,3347.194981169402
patient_262,443.0,17.72,451.5290119452371,1965.130543111367,2278.528106257927,278.636343886299,-9972.171679231215,2968.5034348740987,170.84232734056442,-19703.621420452102,3354.0286742630246
patient_262,444.0,17.76,40.16100249345869,-10284.20023629446,2280.1345463576654,59.62448722303039,-5475.296416581716,2970.88841436302,245.68563561707626,1871.0827069127959,3363.8560996877077
patient_262,445.0,17.8,167.33592689780886,3179.3731101087546,2286.8279834335776,75.02149512683069,384.9251975950073,2973.889274168093,71.74436089902184,-4348.53186795136,3366.7258741236687
patient_262,446.0,17.84,43.205770229846834,-3103.2539166990505,2288.5562142427716,83.29841548315072,206.92300890800084,2977.2212107874193,49.24335496072107,-562.5251484575193,3368.6956083220975
patient_262,447.0,17.88,55.52625912605391,308.01222240517683,2290.777264607814,87.41615350817571,102.94345062562478,2980.717856927746,123.97432310898775,1868.2742037066666,3373.654581246457
patient_262,448.0,17.92,68.56741226093544,326.02882837203833,2293.5199610982513,31.19273693033335,-1405.5854144460588,2981.9655664049596,67.78120153547908,-1404.8280393377165,3376.3658293078756
patient_262,449.0,17.96,150.72960149510283,2054.0547308541845,2299.5491451580556,113.29915798028361,2052.6605262487565,2986.4975327241705,221.70504641480878,3848.0961219832425,3385.234031164468
patient_262,450.0,18.0,41.070464176434236,-2741.478432966715,2301.1919637251126,9.223195740371871,-2601.8990559977938,2986.8664605537856,84.64453681017936,-3426.5127401157356,3388.6198126368754
patient_262,451.0,18.04,143.56253691771997,2562.3018185321434,2306.9344652018217,190.11120661458355,4522.200271855292,2994.470908818369,49.75227171410806,-872.3066274017824,3390.60990350544
patient_262,452.0,18.08,160.5627508742268,425.0053489126707,2313.3569752367907,135.64605605204363,-1361.628764063498,2999.8967510604507,62.62800546498667,321.89334377196525,3393.115023724039
patient_262,453.0,18.12,153.8907466073545,-166.80010667180767,2319.512605101085,183.64905221614197,1200.0749041024583,3007.2427131490967,135.8849086953233,1831.4225807584157,3398.5504200718524
patient_262,454.0,18.16,126.30721965042183,-689.5881739233165,2324.564893887102,79.11162470102236,-2613.43568787799,3010.4071781371376,173.32916256933137,936.1063468502017,3405.483586574626
patient_262,455.0,18.2,124.98488692285443,-33.05831818918499,2329.564289364016,358.4285264835917,6982.922544564233,3024.7443191964812,377.83776771433554,5112.715128625105,3420.5970972831988
patient_262,456.0,18.24,143.551527619166,464.1660174077891,2335.3063504687825,142.32391885281385,-5402.615190769447,3030.4372759505936,206.75689630991238,-4277.021785110579,3428.8673731355957
patient_262,457.0,18.28,90.73519424289242,-1320.4083344068395,2338.9357582384982,83.55226930132712,-1469.2912387871684,3033.779366722647,77.11469163877642,-3241.055116778399,3431.951960801147
patient_262,458.0,18.32,59.09987203664219,-790.8830551562558,2341.299753119964,7.468908920881413,-1902.0840095111425,3034.0781230794823,22.822008818695846,-1357.3170705020143,3432.8648411538948
patient_262,459.0,18.36,39.32747020407678,-494.31004581413515,2342.872851928127,18.290769705253858,270.54651960931113,3034.809753867693,51.10854531202731,707.1634123332866,3434.9091829663757
patient_262,460.0,18.4,6.414448771633818,-822.825535811074,2343.1294298789926,45.00088950541744,667.7529950040896,3036.6097894479094,47.41447134020678,-92.35184929551323,3436.805761819984
patient_262,461.0,18.44,28.84259047311077,560.7035425369238,2344.283133497917,24.644210138985137,-508.9169841608076,3037.595557853469,40.62794448153893,-169.6631714666962,3438.430879599246
patient_262,462.0,18.48,18.782477748557113,-251.50281811384144,2345.0344326078593,41.321384492288644,416.92935883258764,3039.2484132331606,44.921915711665335,107.34928075316006,3440.2277562277122
patient_262,463.0,18.52,40.78795221731933,550.1368617190554,2346.665950696552,113.82847161091924,1812.677177965765,3043.8015520975973,43.042725707177695,-46.979750112191,3441.9494652559993
patient_262,464.0,18.56,8.619550125555897,-804.2100522940858,2347.010732701574,63.36226589385334,-1261.6551429266474,3046.3360427333514,79.05278327574881,900.2514392142779,3445.111576587029
patient_262,465.0,18.6,81.87010032756578,1831.2637550502473,2350.2855367146767,178.19939852650805,2870.928315816368,3053.464018674412,217.73662102987436,3467.095943853138,3453.8210414282244
patient_262,466.0,18.64,108.0606335967488,654.7633317295755,2354.6079620585465,283.8674792881073,2641.702019039981,3064.818717845936,262.70698293553346,1124.2590476414775,3464.329320745646
patient_262,467.0,18.68,271.53215757803804,4086.788099532231,2365.469248361668,835.9535694439166,13802.152253895236,3098.256860623693,1163.4287387929944,22518.043896436524,3510.8664702973656
patient_262,468.0,18.72,163.43708382295753,-2702.3768438770126,2372.0067317145863,670.4061858385039,-4138.684590135318,3125.073108057233,698.2200860198894,-11630.216319327625,3538.795273738161
patient_262,469.0,18.76,321.0189070689156,3939.545581148952,2384.8474879973433,449.74670106353375,-5516.487119374254,3143.0629760997745,375.2181073670979,-8075.049466319789,3553.803998032845
patient_262,470.0,18.8,350.8808254014062,746.5479583122644,2398.8827210133995,204.6719630408467,-6126.868450567176,3151.2498546214083,246.71657598638242,-3212.538284517887,3563.6726610723003
patient_262,471.0,18.84,60.104125625239526,-7269.417494404166,2401.286886038409,94.39866212134683,-2756.8325229874963,3155.025801106262,44.85260484904636,-5046.599278433402,3565.4667652662624
patient_262,472.0,18.88,249.48880999277011,4734.617109188264,2411.26643843812,256.8199375145093,4060.531884829062,3165.298598606842,110.81180501056686,1648.9800040380126,3569.899237466685
patient_262,473.0,18.92,151.14377855185322,-2458.6257860229225,2417.312189580194,93.5092384898545,-4082.76747561637,3169.038968146436,133.79208924849192,574.5071059481265,3575.2509210366247
patient_262,474.0,18.96,93.57045874479067,-1439.3329951765636,2421.0550079299855,31.239333386127146,-1556.7476275931838,3170.2885414818816,122.8387697417236,-273.8329876692081,3580.1644718262937
patient_262,475.0,19.0,51.07515910129984,-1062.3824910872709,2423.0980142940375,72.0807258316909,1021.0348111390939,3173.171770515149,25.88815275270543,-2423.765424725454,3581.1999979364023
patient_262,476.0,19.04,36.26959256133099,-370.13916349922124,2424.548797996491,65.75294586495784,-158.19449916832653,3175.801888349747,37.945444817332636,301.4323016156801,3582.7178157290955
patient_262,477.0,19.08,34.97736481553326,-32.30569364494329,2425.947892589112,169.1211616547315,2584.205394744342,3182.566734815937,11.378695257501825,-664.1687389957702,3583.172963539396
patient_262,478.0,19.12,64.49174336835493,737.8594638205419,2428.5275623238463,280.39183602324323,2781.766859212793,3193.782408256867,76.73620547980758,1633.937755557644,3586.2424117585883
patient_262,479.0,19.16,29.8955306084668,-864.9053189972033,2429.7233835481848,30.0220915998423,-6259.243610585023,3194.98329192086,46.040028047931415,-767.4044357969042,3588.0840128805057
patient_262,480.0,19.2,149.58346973309963,2992.1984781158208,2435.706722337509,288.5496915845737,6463.189999618284,3206.525279584243,136.22735694895397,2254.683222525564,3593.5331071584637
patient_262,481.0,19.24,102.95730182179352,-1165.6541977826528,2439.825014410381,227.4142507327454,-1528.3860212957072,3215.621849613553,23.631642989202906,-2814.8928489937766,3594.4783728780317
patient_262,482.0,19.28,23.029451209149254,-1998.1962653161065,2440.7461924587465,57.04935182410225,-4259.122472716079,3217.9038236865167,5.8989353498324215,-443.31769098426213,3594.714330292025
patient_262,483.0,19.32,130.05278425451166,2675.5833261340604,2445.9483038289272,209.26915244968308,3805.4950156395207,3226.274589784504,64.82355458664573,1473.1154809203326,3597.307272475491
patient_262,484.0,19.36,158.47560233552832,710.5704520254164,2452.287327922348,158.94865784206567,-1258.012365190435,3232.6325360981864,38.20464909033407,-665.4726374077914,3598.835458439104
patient_262,485.0,19.4,247.3945042290639,2222.9725473383896,2462.183108091511,384.660800472472,5642.803565760158,3248.018968117085,252.62108710963122,5360.410950482428,3608.940301923489
patient_262,486.0,19.44,243.47901747520135,-97.88716884656381,2471.922268790519,388.4750932859297,95.3573203364428,3263.5579718485224,606.6936206055631,8851.813337398296,3633.208046747712
patient_262,487.0,19.48,347.2336963211962,2593.866971149871,2485.8116166433665,788.7686546770453,10007.339034777891,3295.108718035604,707.2682707063434,2514.366252519508,3661.498777575966
patient_262,488.0,19.52,183.90815080506718,-4083.138637903225,2493.167942675569,536.8995305503313,-6296.728103167851,3316.5846992576176,720.6631962096308,334.8731375821842,3690.3253054243514
patient_262,489.0,19.56,328.49939708524715,3614.781157004499,2506.307918558979,444.13093793472143,-2319.2148153902467,3334.3499367750064,737.7454513357408,427.05637815274997,3719.8351234777806
patient_262,490.0,19.6,161.47238825027713,-4175.67522087425,2512.76681408899,183.01902439899325,-6527.797838393204,3341.670697750966,201.14648203267566,-13414.974232576627,3727.880982759088
patient_262,491.0,19.64,47.555473639074116,-2847.9228652800757,2514.669033034553,175.74483644373433,-181.8546988814731,3348.7004912087154,96.01801298928154,-2628.211726084853,3731.7217032786593
patient_262,492.0,19.68,104.60087294828745,1426.1349827303331,2518.8530679524847,91.47375975108037,-2106.776917316349,3352.3594415987586,68.67290079506562,-683.6278048553983,3734.4686193104617
patient_262,493.0,19.72,69.10336417941339,-887.4377192218514,2521.617202519661,66.67079799870561,-620.074043809369,3355.026273518707,26.959884739144062,-1042.8254013980388,3735.547014700028
patient_262,494.0,19.76,16.89885910194421,-1305.1126269367294,2522.293156883739,28.21935603401107,-961.2860491173635,3356.155047760067,82.44831542388579,1387.2107671185431,3738.844947316983
patient_262,495.0,19.8,59.41316674756305,1062.857691140471,2524.6696835536413,6.926432913087782,-532.3230780230822,3356.4321050765907,112.10257503605312,741.3564903041835,3743.3290503184253
patient_262,496.0,19.84,29.7184337625352,-742.3683246256962,2525.858420904143,56.243990494429795,1232.9389395335504,3358.681864696368,73.32979566256475,-969.3194843372094,3746.2622421449278
patient_262,497.0,19.88,48.61040230299806,472.29921351157157,2527.8028369962626,87.03565227999124,769.7915446390361,3362.1632907875673,134.32169157717288,1524.7973978652035,3751.635109808015
patient_262,498.0,19.92,119.4825239519231,1771.8030412231258,2532.5821379543395,101.98667411739075,373.7755459349877,3366.242757752263,156.5489038539294,555.680306918913,3757.897065962172
patient_262,499.0,19.96,151.4655121259885,799.5747043516353,2538.640758439379,387.53863590690514,7138.79904473786,3381.7443031885396,418.55377787839,6550.121850611515,3774.6392170773074
patient_262,500.0,20.0,197.60913539182863,1153.590581646003,2546.545123855052,476.1584514052482,2215.495387458576,3400.7906412447496,718.2053270989945,7491.2887305151135,3803.3674301612673
patient_262,501.0,20.04,153.23380262872746,-1109.3833190775292,2552.674475960201,717.3607531436089,6030.057543459018,3429.485071370494,800.5153826747994,2057.751389395122,3835.3880454682594
patient_262,502.0,20.08,308.3474983328529,3877.8423926031364,2565.0083758935157,711.0028818843024,-158.94678148266337,3457.925186645866,873.5781066829745,1826.5681002043777,3870.3311697355784
patient_262,503.0,20.12,274.2975274815377,-851.2492712828803,2575.980276992777,755.9873954047149,1124.612838010313,3488.1646824620548,708.9790054554878,-4114.977530687167,3898.690329953798
patient_262,504.0,20.16,422.4287300142905,3703.2800633188203,2592.8774261933486,329.05730964730776,-10673.252143935179,3501.326974847947,486.7356089113984,-5556.084913602235,3918.1597543102544
patient_262,505.0,20.2,305.577222499355,-2921.2876878733878,2605.100515093323,359.90859631459665,771.2821666822222,3515.723318700531,322.5768928169288,-4103.967902361739,3931.0628300229314
patient_262,506.0,20.24,184.85287347465533,-3018.108725617492,2612.494630032309,152.02508653177512,-5197.087744570538,3521.804322161802,175.03072680662106,-3688.654150257694,3938.0640590951966
patient_262,507.0,20.28,200.80096426839847,398.70226984357873,2620.526668603045,173.23800609872706,530.3229891737985,3528.733842405751,131.29138323877993,-1093.4835891960283,3943.315714424748
patient_262,508.0,20.32,197.86394373718488,-73.42551328033977,2628.4412263525323,194.55041025767767,532.8101039737653,3536.5158588160584,79.67790929579964,-1290.3368485745073,3946.50283079658
patient_262,509.0,20.36,95.91950233101537,-2548.611035154238,2632.278006445773,58.27003093997368,-3407.0094829426,3538.8466600536576,116.93455028218104,931.416024659535,3951.180212807867
patient_262,510.0,20.4,63.36450248376465,-813.8749961812678,2634.8125865451234,111.37602493094458,1327.6498497742725,3543.3017010508956,86.83943849031529,-752.3777947966437,3954.65379034748
patient_262,511.0,20.44,32.75099968730985,-765.3375699113701,2636.122626532616,111.70774788408785,8.293073828581754,3547.770010966259,60.71741031288124,-653.0507044358511,3957.0824867599954
patient_262,512.0,20.48,20.021997835664187,-318.22504629114155,2636.9235064460427,84.61072311264664,-677.4256192860303,3551.1544398907654,80.20013733639932,487.068175587952,3960.2904922534512
patient_262,513.0,20.52,42.83165335571572,570.2413880012884,2638.6367725802716,47.62687737349548,-924.5961434787789,3553.059514985705,83.76343701427952,89.08249194700488,3963.6410297340226
patient_262,514.0,20.56,64.77790778984156,548.656360853146,2641.227888891865,45.78297417504989,-46.09757996113988,3554.890833952707,53.37631608929666,-759.6780231245715,3965.7760823775943
patient_262,515.0,20.6,91.38970773755563,665.2949986928516,2644.8834772013674,44.088428082238806,-42.36365232027701,3556.654371075996,56.219961078514196,71.09112473043844,3968.0248808207352
patient_262,516.0,20.64,114.7603978921234,584.2672538641942,2649.4738931170523,78.4638617638731,859.3858420408573,3559.792925546551,41.28826047376986,-373.2925151186084,3969.676411239686
patient_262,517.0,20.68,96.04729616463867,-467.8275431871182,2653.315784963638,71.97531220372466,-162.21373900371105,3562.6719380347,54.984824988876134,342.41411287765686,3971.875804239241
patient_262,518.0,20.72,36.80580432605175,-1481.037295964673,2654.7880171366805,13.736030620335388,-1455.9820395847319,3563.2213792595135,40.100416292962244,-372.11021739784724,3973.479820890959
patient_262,519.0,20.76,43.7535136135261,173.69273218685885,2656.5381576812215,79.49099851253486,1643.8741973049869,3566.401019200015,61.398688300207695,532.4568001811363,3975.9357684229676
patient_262,520.0,20.8,76.65762363538823,822.6027505465532,2659.604462626637,91.33946606944112,296.21168892265644,3570.0545978427926,119.2472150444077,1446.213168605,3980.7056570247437
patient_262,521.0,20.84,19.133859287718856,-1438.0941086917344,2660.3698169981453,43.587475265102384,-1193.7997701084682,3571.798096853397,89.20208428229896,-751.1282690527186,3984.273740396036
patient_262,522.0,20.88,61.688253454679604,1063.8598541740187,2662.8373471363325,118.66195508959042,1876.8619956122009,3576.54457505698,67.68264170130419,-537.9860645248691,3986.981046064088
patient_262,523.0,20.92,37.58619273419172,-602.5515180121971,2664.3407948457,95.05187607899471,-590.2519752648927,3580.3466501001403,99.3674738552323,792.1208038482029,3990.9557450182974
patient_262,524.0,20.96,23.063444180072672,-363.0687138529762,2665.2633326129035,13.195596993479258,-2046.4069771378863,3580.8744739798794,38.34338453571554,-1525.602232987919,3992.4894803997263
patient_262,525.0,21.0,6.155993848637652,-422.68625828587545,2665.5095723668487,8.729544532301414,-111.65131152944609,3581.2236557611714,31.72548662194739,-165.44744784420385,3993.758499864604
patient_262,526.0,21.04,12.074497680138437,147.96259578751963,2665.992552274054,69.9949739826131,1531.6357362577921,3584.023454720476,46.740994576289715,375.3876988585581,3995.6281396476556
patient_262,527.0,21.08,26.918870430276893,371.1093187534614,2667.0693070912653,7.818078039973795,-1554.4223985659826,3584.3361778420744,41.12058629723863,-140.5102069762771,3997.2729630995454
patient_262,528.0,21.12,39.24429645475516,308.13565061195663,2668.6390789494553,26.127842900987034,457.74412152533097,3585.381291558114,43.40259868658584,57.050309733680216,3999.009067047009
patient_262,529.0,21.16,40.037148702094896,19.821306183493448,2670.2405648975387,62.11314054220872,899.6324410305422,3587.865817179802,77.60304924273441,855.0112639037144,4002.1131890167185
patient_262,530.0,21.2,38.41517407395812,-40.549365703419404,2671.777171860497,85.66639146493009,588.8312730680342,3591.292472838399,190.3661293823966,2819.0770034915545,4009.7278341920146
patient_262,531.0,21.24,180.66565580520418,3556.2620432811514,2679.0037980927054,142.83739474630883,1429.2750820344686,3597.0059686282516,79.07532911798195,-2782.270006610366,4012.890847356734
patient_262,532.0,21.28,215.4850227355463,870.4841732585528,2687.6231990021274,213.7953926634707,1773.9499479290466,3605.55778433479,307.3220322878373,5706.167579246385,4025.1837286482473
patient_262,533.0,21.32,260.02067266777954,1113.3912483058311,2698.024025908839,361.82323725466904,3700.6961147799584,3620.030713824977,206.67123192893627,-2516.2700089725263,4033.4505779254046
patient_262,534.0,21.36,264.244927554471,105.60637216728708,2708.5938230110173,276.6643228609786,-2128.972859842261,3631.0972867394157,360.39185990632166,3843.015699434635,4047.866252321657
patient_262,535.0,21.4,362.1413031790989,2447.409390615697,2723.079475138182,581.8446741081527,7629.508781179354,3654.371073703742,664.0272530222431,7590.884827898037,4074.427342442547
patient_262,536.0,21.44,354.1198041598705,-200.5374754807093,2737.244267304576,763.1766960342973,4533.300548153613,3684.898141545114,848.7968247421268,4619.239292997091,4108.379215432232
patient_262,537.0,21.48,380.701729103663,664.5481235948125,2752.472336468723,817.647935748473,1361.780992854392,3717.604058975053,844.764171533779,-100.8163302086956,4142.169782293583
patient_262,538.0,21.52,489.257473747464,2713.893616095025,2772.0426354186216,458.49134835314453,-8978.91468488321,3735.9437129091784,476.11943018023686,-9216.118533838553,4161.214559500792
patient_262,539.0,21.56,428.1854343821542,-1526.8009841327455,2789.1700527939074,445.39301638819757,-327.4582991236741,3753.759433564707,348.0309518305778,-3202.2119587414763,4175.135797574016
patient_262,540.0,21.6,246.039395050344,-4553.650983295254,2799.011628595921,235.88229266708439,-5237.768093027829,3763.19472527139,160.01497596593373,-4700.3993966161015,4181.536396612653
patient_262,541.0,21.64,151.6848726155293,-2358.863060870368,2805.0790235005425,8.186203913381076,-5692.402218842583,3763.5221734279253,178.9348192477816,472.9960820461969,4188.693789382564
patient_262,542.0,21.68,27.803626783208554,-3097.031145808018,2806.1911685718705,124.9756507794137,2919.7361716508153,3768.521199459102,144.65508850368036,-856.9932686025311,4194.479992922712
patient_262,543.0,21.72,57.8788531806442,751.8806599358911,2808.5063226990965,204.876133535228,1997.5120688953577,3776.716244800511,82.95213942756139,-1542.5737269029742,4197.798078499814
patient_262,544.0,21.76,63.333428788523214,136.36439019697536,2811.0396598506377,116.33775923894729,-2213.459357407018,3781.369755170069,52.60299394709455,-758.7286370116711,4199.902198257698
patient_262,545.0,21.8,41.36402426879976,-549.2351129930863,2812.6942208213895,69.46161566752822,-1171.9035892854765,3784.1482197967703,60.57664826175678,199.34135786655585,4202.325264188168
patient_262,546.0,21.84,28.50326456085529,-321.5189926986118,2813.834351403824,129.49699375590112,1500.8844522093223,3789.3280995470063,72.78870885117519,305.30151473546016,4205.236812542215
patient_262,547.0,21.88,40.8174142909182,307.8537432515728,2815.4670479754604,124.14610342924821,-133.77225816632256,3794.293943684176,53.95464136365741,-470.85168718794444,4207.394998196762
patient_262,548.0,21.92,84.2829945386581,1086.6395061934975,2818.838367757007,49.349934284238444,-1869.9042286252443,3796.2679410555456,103.04460486274326,1227.249087477146,4211.516782391272
patient_262,549.0,21.96,134.9006868963673,1265.4423089427296,2824.234395232861,108.50777513223798,1478.9460211999885,3800.608252060835,187.1961032270803,2103.787459108426,4219.004626520355
patient_262,550.0,22.0,169.6342214394847,868.3383635779351,2831.0197640904407,139.57122840811377,776.5863318968946,3806.1911011971597,235.21431849768553,1200.4553817651306,4228.413199260262
patient_262,551.0,22.04,172.0373322645339,60.07777062622992,2837.901257381022,144.01946949970704,111.20602728983187,3811.951879977148,343.2117052407765,2699.9346685772744,4242.141667469893
patient_262,552.0,22.08,266.01090217851413,2349.339247849506,2848.5416934681625,774.3775528957376,15758.952084900764,3842.926982092977,652.8590741971344,7741.184223908948,4268.2560304377785
patient_262,553.0,22.12,272.8485626597483,170.94151203085488,2859.455635974553,479.99761792905804,-7359.498374166989,3862.1268868101392,583.6824482718505,-1729.4156481320983,4291.603328368652
patient_262,554.0,22.16,375.6195398098691,2569.274428753019,2874.4804175669474,885.2910730783317,10132.336378731841,3897.5385297332728,612.5698908053586,722.186063337702,4316.106124000867
patient_262,555.0,22.2,430.61388543731425,1374.8586406861293,2891.70497298444,465.4004756602118,-10497.264935452999,3916.154548759681,468.7619943339302,-3595.197411785709,4334.856603774224
patient_262,556.0,22.24,273.8004016124133,-3920.3370956225244,2902.6569890489363,308.06478049238564,-3933.3923791956536,3928.4771399793763,295.0574430592826,-4342.61378186619,4346.658901496595
patient_262,557.0,22.28,152.79297054357158,-3025.185776721042,2908.768707870679,100.07486913136226,-5199.747784025584,3932.480134744631,113.93331039548758,-4528.103316594876,4351.216233912414
patient_262,558.0,22.32,128.6645050595591,-603.211637100312,2913.915288073061,61.50896358561508,-964.1476386436797,3934.940493288055,51.79280341259854,-1553.5126745722262,4353.287946048918
patient_262,559.0,22.36,89.56697072170614,-977.4383584463241,2917.4979669019294,48.065862328389144,-336.0775314306483,3936.863127781191,79.22555192469838,685.8187128024961,4356.456968125905
patient_262,560.0,22.4,211.23984933916688,3041.8219654365184,2925.947560875496,94.54652131304012,1162.0164746162743,3940.6449886337127,19.796030980076416,-1485.738023615549,4357.248809365108
patient_262,561.0,22.44,62.618913696311445,-3715.523391071386,2928.4523174233486,34.753750335319296,-1494.8192744430205,3942.0351386471257,57.74461488193729,948.7145975465218,4359.558593960386
patient_262,562.0,22.48,85.67549985871318,576.4146540600434,2931.879337417697,82.81858452765994,1201.620854808516,3945.347882028232,39.272514246495795,-461.8025158860373,4361.129494530246
patient_262,563.0,22.52,28.127785045415926,-1438.6928703324313,2933.004448819514,15.332780850481326,-1687.1450919294653,3945.9611932622515,13.475500778503653,-644.9253366998037,4361.668514561386
patient_262,564.0,22.56,23.764200467961828,-109.08961443635246,2933.9550168382325,55.97358856371632,1016.0201928308747,3948.2001368048,38.73609849405509,631.514942888786,4363.217958501148
patient_262,565.0,22.6,77.31216880040941,1338.6992083111895,2937.0475035902487,32.27822880083807,-592.3839940719562,3949.4912659568336,58.415566661419035,491.9867041840986,4365.554581167606
patient_262,566.0,22.64,64.1128725955209,-329.9824051222128,2939.612018494069,34.19849731532298,48.00671286212275,3950.859205849446,20.066376132203334,-958.7297632303926,4366.357236212893
patient_262,567.0,22.68,53.9445394128796,-254.20832956603246,2941.7698000705846,65.43381471707882,780.8829350438959,3953.4765584381294,28.42046285423516,208.85216805079568,4367.4940547270635
patient_262,568.0,22.72,40.08352497675333,-346.5253609031567,2943.373141069655,136.85666995733368,1785.5713810063714,3958.950825236422,38.02728553144003,240.17056693012168,4369.015146148321
patient_262,569.0,22.76,22.71295990338714,-434.26412683415475,2944.2816594657907,50.91950460333899,-2148.429133849867,3960.987605420556,81.04775321026608,1075.5116919706513,4372.257056276731
patient_262,570.0,22.8,19.710583414886045,-75.05941221252739,2945.070082802386,46.75112267675449,-104.20954816461254,3962.857650327626,37.84793064051772,-1079.9955642437092,4373.770973502352
patient_262,571.0,22.84,20.63451010861518,23.098167343228404,2945.8954632067307,25.160859742981042,-539.7565733443362,3963.8640847173456,11.29334496083024,-663.864641992187,4374.222707300785
patient_262,572.0,22.88,18.271791488124908,-59.06796551225683,2946.6263348662555,30.223586467320768,126.56816810849314,3965.073028176039,9.911565649801533,-34.54448277571767,4374.619169926777
patient_262,573.0,22.92,43.92545167099341,641.3415045717126,2948.3833529330955,38.77604073848302,213.81135677905627,3966.6240698055776,68.47812258629179,1464.1639234122565,4377.358294830229
patient_262,574.0,22.96,81.90958019307243,949.6032130519754,2951.659736140818,92.98442024730738,1355.209487720609,3970.34344661547,89.9579921754596,536.9967397291952,4380.9566145172475
patient_262,575.0,23.0,61.97597951965371,-498.3400168354679,2954.1387753216045,20.934265062742984,-1801.25387961411,3971.1808172179794,70.94293934610322,-475.37632073390944,4383.794332091092
patient_262,576.0,23.04,191.02659077520187,3226.265281388704,2961.7798389526124,107.56408866539493,2165.745590066299,3975.4833807645955,118.90181788919377,1198.9719635772638,4388.55040480666
patient_262,577.0,23.08,253.31560653265615,1557.225393936357,2971.912463213919,241.8687060444953,3357.615434477509,3985.158129006375,273.7747010228527,3871.8220783414736,4399.501392847574
patient_262,578.0,23.12,279.6360932159378,658.0121670820417,2983.0979069425566,161.71266335147357,-2003.9010673255434,3991.626635540434,274.76150865176874,24.670190722900998,4410.491853193645
patient_262,579.0,23.16,297.66279486776637,450.66754129571365,2995.0044187372673,382.8972638087259,5529.615011431308,4006.9425260927833,709.5844147464478,10870.572652366976,4438.875229783503
patient_262,580.0,23.2,348.6432247433499,1274.510746889588,3008.9501477270014,755.9340876403982,9325.920595791808,4037.1798895983993,906.3950810523443,4920.266657647411,4475.131033025596
patient_262,581.0,23.24,446.6297610443263,2449.66340752441,3026.815338168775,796.1257584233412,1004.7917695735748,4069.024919935333,920.0586715188773,341.58976166332593,4511.933379886351
patient_262,582.0,23.28,495.85489662732243,1230.6283895749034,3046.6495340338674,672.6685739193701,-3086.429612599275,4095.9316628921074,433.7485206019957,-12157.75377292204,4529.28332071043
patient_262,583.0,23.32,339.9990832976189,-3896.395333242589,3060.249497365772,236.64192216710532,-10900.66629380662,4105.397339778791,215.96680728766776,-5444.542832858199,4537.921993001937
patient_262,584.0,23.36,196.64243024158586,-3583.9163264008257,3068.1151945754355,173.50995721296547,-1578.2991238534962,4112.33773806731,102.28112021011663,-2842.1421769387784,4542.013237810342
patient_262,585.0,23.4,33.800108290131625,-4071.058048786356,3069.4671989070407,41.61022396349616,-3297.4933312367325,4114.00214702585,337.7544397972994,5886.83298967957,4555.523415402234
patient_262,586.0,23.44,82.62271974142486,1220.5652862823308,3072.7721076966977,194.33363498631988,3818.085275570593,4121.775492425303,50.87392776040515,-7172.012800922357,4557.55837251265
patient_262,587.0,23.48,89.25583613097994,165.8279097388771,3076.342341141937,34.73869172615133,-3989.8735815042137,4123.165040094349,75.0743764306216,605.0112167554112,4560.561347569875
patient_262,588.0,23.52,27.767488212490584,-1537.208697962234,3077.4530406704366,40.91344720071886,154.3688868641883,4124.801577982377,82.30659857283793,180.80555355540824,4563.853611512788
patient_262,589.0,23.56,75.75603963583235,1199.7137855835442,3080.4832822558697,73.91902441720542,825.139430412164,4127.758338959065,77.52262961616267,-119.59922391688131,4566.954516697435
patient_262,590.0,23.6,129.18228876409765,1335.6562282066325,3085.650573806434,42.488818639816195,-785.7551444347306,4129.457891704658,416.1777376657184,8466.377701238893,4583.601626204063
patient_262,591.0,23.64,284.1343464977989,3873.8014433425315,3097.0159476663457,642.3921329609377,14997.58285802804,4155.153577023096,813.034263017928,9921.41313380524,4616.12299672478
patient_262,592.0,23.68,328.30861725815254,1104.356769008841,3110.148292356672,715.8637158131431,1836.7895713051353,4183.788125655622,524.6840991538874,-7208.754096601016,4637.1103606909355
patient_262,593.0,23.72,319.3689076034561,-223.49274136741144,3122.92304866081,628.6063298357845,-2181.4346494339643,4208.932378849054,746.8001139669796,5552.900370327305,4666.982365249615
patient_262,594.0,23.76,336.1948306738699,420.6480767603452,3136.3708418877645,523.4709119408327,-2628.385447373796,4229.871215326687,372.23555193847164,-9364.114050712698,4681.8717873271535
patient_262,595.0,23.8,403.85123238468196,1691.410042770302,3152.524891183152,88.16157369066632,-10882.73345625416,4233.397678274314,402.07481168417814,745.9814936426625,4697.954779794521
patient_262,596.0,23.84,224.7223120161595,-4478.223009213062,3161.513783663798,184.24711124479157,2402.1384388531314,4240.767562724106,152.434072629008,-6241.018476379254,4704.052142699681
patient_262,597.0,23.88,149.57217016526025,-1878.7535462724811,3167.496670470409,94.53874812046116,-2242.70907810826,4244.549112648924,106.93006652603073,-1137.6001525744318,4708.329345360722
patient_262,598.0,23.92,143.2863594639141,-157.14526753365377,3173.2281248489658,171.71874579776926,1929.4999419327023,4251.4178624808355,137.9675670828222,775.9375139197867,4713.848048044036
patient_262,599.0,23.96,88.36288118938543,-1373.0869568632165,3176.762640096541,128.22105227874655,-1087.4423379755676,4256.546704571985,148.4842049612957,262.9159469618372,4719.787416242488
patient_262,600.0,24.0,92.44208895059161,101.98019403015444,3180.4603236545645,92.24883910064722,-899.3053294524834,4260.236658136011,137.35705806054628,-278.1786725187352,4725.281698564909
patient_262,601.0,24.04,74.49704544680928,-448.62608759455827,3183.440205472437,39.713738343306765,-1313.3775189335113,4261.825207669743,75.34045830589562,-1550.4149938662663,4728.295316897145
patient_262,602.0,24.08,57.84142993952276,-416.390387682163,3185.753862670018,49.61371188512054,247.4993385453443,4263.809756145148,15.478238243947686,-1496.5555015486984,4728.914446426903
patient_262,603.0,24.12,42.88523798717211,-373.90479880876626,3187.469272189505,40.77765763543448,-220.90135624215145,4265.440862450565,19.349491123986542,96.7813220009714,4729.6884260718625
patient_262,604.0,24.16,63.79225672943874,522.6754685566657,3190.0209624586823,82.7322466691412,1048.8647258426681,4268.7501523173305,125.97341029548133,2665.59797928737,4734.727362483682
patient_262,605.0,24.2,233.55326016677574,4244.025085933425,3199.363092865354,113.04240436838668,757.753942481137,4273.271848492066,43.05311586006493,-2073.00736088541,4736.449487118084
patient_262,606.0,24.24,358.1264617926434,3114.3300406466915,3213.6881513370595,190.68277871796585,1941.009358739479,4280.899159640785,555.6152609530614,12814.053627324909,4758.674097556206
patient_262,607.0,24.28,179.41335386680666,-4467.8276981459185,3220.864685491732,784.765458662548,14852.066998614555,4312.2897779872865,1422.5541545728413,21673.4723404945,4815.57626373912
patient_262,614.0,24.56,,,3220.864685491732,,,4312.2897779872865,,,4815.57626373912
patient_262,615.0,24.6,148.0752152136127,,3226.7876941002764,82.36597746566805,,4315.584417085914,59.17318389095747,,4817.943191094759
patient_262,617.0,24.68,,,3226.7876941002764,,,4315.584417085914,,,4817.943191094759
patient_262,618.0,24.72,152.96367461440306,,3232.906241084853,151.65114474846678,,4321.650462875852,71.52172764575087,,4820.804060200589
patient_262,619.0,24.76,71.06616653952273,-2047.4377018720083,3235.7488877464334,202.09262117685887,1261.0369107098022,4329.734167722926,67.07965924424056,-111.0517100377578,4823.487246570358
patient_262,620.0,24.8,37.895813700464295,-829.2588209764608,3237.264720294452,115.44746352352863,-2166.128941333256,4334.3520662638675,58.06869794062236,-225.27403259045508,4825.809994487983
patient_262,621.0,24.84,123.64146780395095,2143.6413525871662,3242.21037900661,1658.647468357178,38580.000120841236,4400.697964998154,1097.0063653722975,25973.44168579188,4869.690249102875
patient_262,622.0,24.88,454.06263325481723,8260.529136271656,3260.3728843368026,589.6011386938213,-26726.158241583915,4424.282010545907,104.17991277625423,-24820.66131490108,4873.857445613925
patient_262,623.0,24.92,253.3394392509627,-5018.079850096363,3270.506461906841,576.5787927631765,-325.5586482661215,4447.345162256434,320.7031675113179,5413.081368376591,4886.685572314378
patient_262,624.0,24.96,260.4447101310219,177.63177200148021,3280.924250312082,252.55431684481277,-8100.611897959092,4457.447334930226,63.606789198176166,-6427.409457828543,4889.229843882305
patient_262,625.0,25.0,367.25761506541636,2670.322623359861,3295.6145549146986,127.74481718717874,-3120.237491440851,4462.557127617713,126.85261285509254,1581.1455914229095,4894.3039483965085
patient_262,626.0,25.04,221.3432173220492,-3647.859943584179,3304.468283607581,148.9294170235718,529.6149959098266,4468.5143042986565,191.35452332968322,1612.547761864767,4901.958129329697
patient_262,627.0,25.08,243.90783794930562,564.1155156814101,3314.224597125553,321.7508162950983,4320.5349817881615,4481.38433695046,248.37048289863424,1425.3989892237755,4911.892948645642
patient_262,628.0,25.12,464.5522467171524,5516.11021919617,3332.806686994239,393.77260297922174,1800.5446671030868,4497.135241069629,445.4299553923132,4926.486812341975,4929.710146861335
patient_262,629.0,25.16,359.9794904760658,-2614.318906027165,3347.2058666132816,549.3244840544622,3888.7970268810122,4519.108220431807,486.5425359766506,1027.8145146084341,4949.171848300401
patient_262,630.0,25.2,361.32649922320707,33.67521867853185,3361.6589265822095,544.5206325515524,-120.09628757274697,4540.889045733869,429.85206198880695,-1417.2618496960908,4966.365930779953
patient_262,631.0,25.24,40.77729060621551,-8013.730215424789,3363.290018206458,40.94874636510521,-12589.297154661179,4542.526995588473,62.73414016479267,-9177.948045600357,4968.8752963865445
patient_262,632.0,25.28,316.556863477482,6894.4893217816625,3375.9522927455573,280.69260557981767,5993.596480367812,4553.754699811667,339.5164716052686,6919.5582860118975,4982.455955250755
patient_262,633.0,25.32,96.78090899714022,-5494.398862008545,3379.823529105443,154.93102139366982,-3144.039604653696,4559.9519406674135,119.59485144469605,-5498.040504014313,4987.239749308543
patient_262,634.0,25.36,29.13393165244133,-1691.174433617472,3380.9888863715405,65.86487892808627,-2226.653561639589,4562.586535824536,72.62844493340488,-1174.1601627822793,4990.144887105879
patient_262,635.0,25.4,71.96371614357422,1070.7446122783222,3383.8674350172832,91.1409842178711,631.9026322446206,4566.232175193251,87.58996001607262,374.0378770666936,4993.648485506522
patient_262,636.0,25.44,175.9136874059157,2598.7492815585374,3390.90398251352,186.94441854545602,2395.085858189623,4573.70995193507,224.5953317266736,3425.1342927650244,5002.632298775588
patient_262,637.0,25.48,38.944969297120345,-3424.217952719884,3392.4617812854053,53.26937250357497,-3341.8761510470263,4575.840726835213,52.07853642580114,-4312.919882521812,5004.715440232621
patient_262,638.0,25.52,37.34373866412098,-40.030765824984194,3393.95553083197,3.3034360924873565,-1249.1484102771904,4575.972864278913,10.17042727107328,-1047.7027288681966,5005.1222573234645
patient_262,639.0,25.56,24.145358516810393,-329.9595036827646,3394.921345172642,19.5666755226499,406.5809857540636,4576.755531299819,19.720495756261457,238.75171212970443,5005.911077153714
patient_262,640.0,25.6,40.7355041988857,414.75364205188265,3396.5507653405975,47.72939672518091,704.0680300632754,4578.664707168826,30.317902722441154,264.9351741544924,5007.123793262613
patient_262,641.0,25.64,14.870396432450553,-646.6276941608786,3397.145581197896,13.390275873180832,-858.478021300002,4579.200318203753,10.546734606327846,-494.2792029028327,5007.545662646865
patient_262,642.0,25.68,35.43053410100505,514.0034417138625,3398.5628025619358,36.24707341848383,571.4199386325749,4580.650201140493,28.448457813053672,447.54308016814565,5008.683600959387
patient_262,643.0,25.72,8.48533700622164,-673.6299273695853,3398.9022160421846,16.818493818360764,-485.7144900030766,4581.3229408932275,19.105430537758654,-233.57568188237545,5009.447818180898
patient_262,644.0,25.76,32.32876817932839,596.0857793276688,3400.195366769358,28.757699116422426,298.4801324515415,4582.473248857885,69.40606235673498,1257.5157954744082,5012.2240606751675
patient_262,645.0,25.8,34.757559489502356,60.71978275434908,3401.585669148938,48.563164672319765,495.13663889743344,4584.415775444777,63.489944383057576,-147.90294934193503,5014.763658450489
patient_262,646.0,25.84,41.15401053527044,159.91127614420205,3403.231829570349,74.87313529117682,657.7492654714265,4587.410700856424,57.16900120467368,-158.0235794595975,5017.050418498676
patient_262,647.0,25.88,63.7428664850637,564.7213987448316,3405.7815442297515,232.29714403862044,3935.6002186860906,4596.702586617968,630.2371444777841,14326.70358182776,5042.259904277787
patient_262,648.0,25.92,41.331355622830856,-560.2877715558211,3407.4347984546644,82.04452542664403,-3756.31546529941,4599.984367635034,69.45246064255815,-14019.617095880647,5045.03800270349
patient_262,649.0,25.96,47.6027423861876,156.78466908391863,3409.338908150112,106.40115690906354,608.9157870604879,4604.240413911397,490.7816455321033,10533.229622238629,5064.6692685247735
patient_262,650.0,26.0,19.951782700735283,-691.2739921363079,3410.136979458141,130.3535009071403,598.808599951919,4609.454553947682,166.4197052876444,-8109.048506111472,5071.3260567362795
patient_262,651.0,26.04,39.08925773667917,478.43687589859724,3411.700549767608,27.998685028598985,-2558.870396963533,4610.574501348826,52.63978277744647,-2844.4980627549485,5073.431648047377
patient_262,652.0,26.08,36.58008112926537,-62.72941518534498,3413.163753012779,34.74075276641854,168.55169344548884,4611.964131459483,12.254911112245406,-1009.6217916300266,5073.921844491867
patient_262,653.0,26.12,54.97117271871568,459.7772897362576,3415.3625999215274,72.36176198784015,940.5252305355405,4614.858601938996,20.648705654186863,209.8448635485364,5074.747792718034
patient_262,654.0,26.16,17.93935133533743,-925.795534584456,3416.0801739749413,31.653859779426455,-1017.6975552103424,4616.124756330173,10.747707798293087,-247.5249463973444,5075.177701029967
patient_262,655.0,26.2,21.673381411696898,93.35075190898667,3416.9471092314093,30.785118874346306,-21.71852262700371,4617.3561610851475,63.17090680362924,1310.5799751334039,5077.704537302111
patient_262,656.0,26.24,17.51785905005184,-103.88805904112645,3417.6478235934114,62.45652580070951,791.78517315908,4619.854422117175,52.41962240532079,-268.7821099577112,5079.801322198324
patient_262,657.0,26.28,55.70507714280508,954.680452318831,3419.8760266791237,41.796715264591946,-516.495263402939,4621.526290727759,55.799370015721564,84.49369026001943,5082.033296998953
patient_262,658.0,26.32,37.15547316503588,-463.74009944423005,3421.3622456057255,63.2688059515509,536.802267173974,4624.057042965821,48.741799673270094,-176.43925856128675,5083.982968985883
patient_262,659.0,26.36,77.79507327073347,1015.9900026424398,3424.474048536555,78.01728291353153,368.7119240495157,4627.177734282362,85.67481772583412,923.3254513141005,5087.409961694917
patient_262,660.0,26.4,14.7272318327929,-1576.6960359485142,3425.0631378098665,24.48942958918307,-1338.1963331087113,4628.1573114659295,18.166161201104813,-1687.7164131182326,5088.136608142961
patient_262,661.0,26.44,34.311225332887105,489.5998375023551,3426.435586823182,42.25664600877322,444.1804104897536,4629.84757730628,71.72458177236327,1338.9605142814612,5091.005591413856
patient_262,662.0,26.48,6.133226546213038,-704.4499696668516,3426.6809158850306,11.103195571209723,-778.8362609390873,4630.291705129129,28.939157975768385,-1069.6355949148722,5092.163157732886
patient_262,663.0,26.52,17.396872360780087,281.5911453641762,3427.3767907794618,18.361357891935263,181.4540580181385,4631.026159444806,12.934853808136777,-400.10760419079025,5092.680551885212
patient_262,664.0,26.56,12.777673411363875,-115.47997373540531,3427.887897715916,25.20476246230659,171.08511425928316,4632.034349943298,18.726831085265488,144.79943192821776,5093.429625128622
patient_262,665.0,26.6,9.323169435772757,-86.36259938977796,3428.2608244933467,18.75466227934492,-161.25250457404175,4632.784536434472,21.24031474657789,62.83709153281008,5094.279237718485
patient_262,666.0,26.64,6.920162461386895,-60.07517435964653,3428.5376309918024,51.69168699710241,823.4256179439373,4634.852203914356,14.03979919829466,-180.01288870708078,5094.840829686417
patient_262,667.0,26.68,7.3062426831265395,9.652005543491104,3428.829880699128,50.69796022390051,-24.843169330047488,4636.880122323312,22.99894281587626,223.97859043953997,5095.760787399052
patient_262,668.0,26.72,2.740147997841418,-114.15236713212803,3428.9394866190414,78.79842091120808,702.5115171826893,4640.03205915976,14.780198399329219,-205.468610413676,5096.351995335025
patient_262,669.0,26.76,15.270133900018974,313.2496475544389,3429.550291975042,135.3812458823826,1414.5706242793626,4645.447308995055,15.555942911736027,19.393612810170204,5096.974233051495
patient_262,670.0,26.8,33.89466029758822,465.613159939231,3430.906078386946,150.7227477231531,383.537546019263,4651.476218903981,104.40085170585311,2221.1227198529273,5101.150267119729
patient_262,671.0,26.84,36.331094269841046,60.91084930632071,3432.35932215774,51.236957257090005,-2487.1447616515775,4653.525697194265,670.0913821941263,14142.263262206829,5127.953922407494
patient_262,672.0,26.88,5.174452273077148,-778.9160499190974,3432.5663002486626,91.91759594108727,1017.0159670999317,4657.202401031909,364.0082421156933,-7652.078501960824,5142.514252092122
patient_262,673.0,26.92,13.968693486669906,219.85603033981897,3433.1250479881296,12.40213854791666,-1987.8864348292652,4657.698486573825,4.452843294169281,-8988.8849705381,5142.692365823888
patient_262,674.0,26.96,5.3981162496410535,-214.26443092572134,3433.340972638115,50.92253471414262,963.0099041556491,4659.7353879623915,82.23530672168798,1944.5615856879674,5145.981778092756
patient_262,675.0,27.0,19.22125876042337,345.57856276955795,3434.1098229885324,35.64862046166559,-381.84785631192585,4661.161332780858,266.84687560578396,4615.289222102399,5156.655653116988
patient_262,676.0,27.04,10.49299673225653,-218.206550704171,3434.5295428578224,29.24017365616924,-160.21117013740866,4662.330939727105,326.3824307508195,1488.3888786258879,5169.71095034702
patient_262,677.0,27.08,34.06533120980679,589.3083619387565,3435.8921561062143,87.98805074525154,1468.6969272270576,4665.850461756915,251.80242249167006,-1864.5002064787357,5179.783047246688
patient_262,678.0,27.12,21.399986998640976,-316.6336052791454,3436.74815558616,206.542779289694,2963.868213611062,4674.112172928502,331.9396422010544,2003.4304927346093,5193.06063293473
patient_262,679.0,27.16,20.18340739733046,-30.41449003276293,3437.5554918820535,106.52499685688136,-2500.4445608203164,4678.373172802778,97.85011382640889,-5852.238209366138,5196.974637487786
patient_262,680.0,27.2,8.860844216781933,-283.0640795137131,3437.9099256507243,24.13314473877582,-2059.796302952638,4679.338498592329,45.05505319498885,-1319.876515785501,5198.776839615585
patient_262,681.0,27.24,4.603935124754125,-106.4227273006952,3438.0940830557147,40.05693584988834,398.094777777813,4680.940776026325,25.727311502512414,-483.1935423119109,5199.8059320756865
patient_262,682.0,27.28,27.568143822049237,574.1052174323778,3439.196808808597,35.7170376844639,-108.4974541356111,4682.369457533703,42.16327819758018,410.8991673766942,5201.492463203589
patient_262,683.0,27.32,37.22837958828585,241.50589415591526,3440.685943992128,46.017558744937425,257.51302651183823,4684.210159883501,63.209392311356986,526.1528528444201,5204.020838896044
patient_262,684.0,27.36,81.45522923166568,1105.671241084496,3443.9441531613948,39.28534217754156,-168.30541418489668,4685.781573570602,89.67435371934647,661.6240351997371,5207.607813044818
patient_262,685.0,27.4,33.677691501437,-1194.438443255717,3445.291260821452,35.069264764698616,-105.40193532107355,4687.184344161189,41.492245852137074,-1204.552696680235,5209.267502878903
patient_262,686.0,27.44,18.02833308825721,-391.23396032949483,3446.012394144982,40.81345399144976,143.60473066877864,4688.816882320847,68.95245879468548,686.5053235637102,5212.02560123069
patient_262,687.0,27.48,5.586662608543102,-311.04176199285274,3446.235860649324,22.189340181122354,-465.6028452581852,4689.704455928092,9.124616058943312,-1495.6960683935542,5212.390585873047
patient_262,688.0,27.52,20.711227775146007,378.11412916507265,3447.0643097603297,23.415940776863856,30.665014893537546,4690.641093559167,38.75842945876351,740.8453349955049,5213.9409230513975
patient_262,689.0,27.56,13.494967448510188,-180.40650816589547,3447.6041084582703,24.483390894003517,26.686252928491516,4691.620429194927,89.9240609421818,1279.1407870854573,5217.537885489085
patient_262,690.0,27.6,12.620475144771849,-21.862307593458485,3448.108927464061,6.483295093467987,-450.00239501338825,4691.879760998666,67.99258340748328,-548.2869383674629,5220.257588825384
patient_262,691.0,27.64,8.500722778664143,-102.99380915269265,3448.4489563752077,3.498858851723315,-74.61090604361681,4692.019715352735,35.49692054342709,-812.3915716014048,5221.677465647122
patient_262,692.0,27.68,18.572226369415606,251.7875897687866,3449.1918454299844,10.73400078485576,180.87854832831115,4692.449075384129,20.9961782318294,-362.5185577899422,5222.517312776395
patient_262,693.0,27.72,4.708152439388804,-346.60184825067006,3449.38017152756,9.329324268113773,-35.1169129185497,4692.822248354853,5.473436735580652,-388.0685374062187,5222.736250245818
patient_262,694.0,27.76,4.029345486983423,-16.970173810134526,3449.541345347039,7.882322021250391,-36.175056171584544,4693.137541235704,15.773439526727909,257.50006977868145,5223.367187826887
patient_262,695.0,27.8,25.785673931179943,543.908211104913,3450.5727723042864,14.77344690361098,172.27812205901472,4693.728479111847,56.43736354662328,1016.5981004973844,5225.624682368752
patient_262,696.0,27.84,65.13067666796124,983.6250684195325,3453.177999371005,81.18029159457413,1660.1711172740788,4696.975690775631,140.1574031132662,2093.000989166073,5231.230978493282
patient_262,697.0,27.88,153.09291012985426,2199.0558365473257,3459.301715776199,135.49698025557242,1357.9172165249574,4702.395569985853,208.00735617980433,1696.248826663453,5239.551272740475
patient_262,698.0,27.92,187.09319272636483,850.0070649127643,3466.7854434852534,158.70700216956894,580.2505478499129,4708.743850072637,281.07565511008244,1826.7074732569527,5250.794298944878
patient_262,699.0,27.96,242.07667822416445,1374.5871374449905,3476.46851061422,373.4362248095377,5368.230565999219,4723.681299065018,404.6701050640116,3089.8612488482286,5266.981103147439
patient_262,700.0,28.0,263.79122984724273,542.863790576957,3487.02015980811,578.9441478207677,5137.698075280751,4746.8390649778485,288.3816316720458,-2907.211834799145,5278.516368414321
patient_262,701.0,28.04,218.51424648368737,-1131.9245840888839,3495.760729667457,636.7748755481018,1445.768193183352,4772.310059999773,907.1880144493748,15470.159569433225,5314.8038889922955
patient_262,702.0,28.08,189.62011326406494,-722.3533304905608,3503.34553419802,551.8227258039957,-2123.803743602653,4794.382969031933,660.369755599538,-6170.456471245919,5341.218679216277
patient_262,703.0,28.12,260.9477769638831,1783.1915924954537,3513.783445276575,734.0337717727209,4555.276149218131,4823.744319902842,677.2615796336171,422.2956008519759,5368.309142401621
patient_262,704.0,28.16,324.7985593098451,1596.2695586490497,3526.7753876489687,308.78846495467207,-10631.132670451221,4836.0958585010285,339.3193107480685,-8448.556722138714,5381.881914831544
patient_262,705.0,28.2,80.02627039474426,-6119.307222877521,3529.9764384647583,144.63419325217382,-4103.856792562457,4841.881226231116,213.5576979351713,-3144.0403203224305,5390.424222748951
patient_262,706.0,28.24,22.91787147614424,-1427.7099729650004,3530.893153323804,110.03246130136398,-865.0432987702459,4846.282524683171,138.9938414730206,-1864.096411553767,5395.9839764078715
patient_262,707.0,28.28,73.52359111033886,1265.1429908548653,3533.8340969682176,133.60419550791,589.2933551636503,4851.626692503487,89.81793253131843,-1229.3977235425543,5399.576693709125
patient_262,708.0,28.32,96.32499216486163,570.0350263630693,3537.687096654812,283.27433867965226,3741.753579293557,4862.957666050673,224.46886742963915,3366.273372458018,5408.5554484063105
patient_262,709.0,28.36,174.61936247413132,1957.3592577317424,3544.6718711537774,539.4892258223638,6405.372178567788,4884.537235083568,346.4007403818234,3048.296823804607,5422.411478021584
patient_262,710.0,28.4,211.92678046074178,932.6854496652616,3553.148942372207,449.20699306655894,-2257.055818895121,4902.50551480623,376.59956517911655,754.9706199323282,5437.475460628749
patient_262,711.0,28.44,327.2394381305039,2882.8164417440535,3566.238519897427,244.61960659548552,-5114.684661776835,4912.2902990700495,268.46140916780257,-2703.4539002828496,5448.21391699546
patient_262,712.0,28.48,178.39867087217692,-3721.019181458175,3573.3744667323144,184.6903238469618,-1498.232068713093,4919.677912023928,178.09466220290537,-2259.1686741224303,5455.337703483576
patient_262,713.0,28.52,121.98741016040682,-1410.2815177942525,3578.253963138731,141.64812222602077,-1076.0550405235258,4925.343836912969,49.9780888700981,-3202.9143333201814,5457.33682703838
patient_262,714.0,28.56,125.39297552382875,85.1391340855482,3583.269682159684,109.21174418393265,-810.909451052203,4929.712306680327,66.11855858395712,403.51174284647567,5459.981569381738
patient_262,715.0,28.6,163.86224796838988,961.7318111140282,3589.8241720784195,226.78327027017244,2939.288152155995,4938.783637491133,34.81084941864574,-782.6927291327846,5461.3740033584845
patient_262,716.0,28.64,68.53786506897013,-2383.1095724854936,3592.5656866811782,104.46059247487707,-3058.066944882384,4942.962061190128,220.17226494228362,4634.035388090947,5470.180893956176
patient_262,717.0,28.68,13.676756067389778,-1371.527725039509,3593.112756923874,36.77991014143274,-1692.0170583361084,4944.433257595785,62.6730217379627,-3937.481080108023,5472.687814825694
patient_262,718.0,28.72,185.32707301088448,4291.257923587367,3600.525839844309,166.60069629391197,3245.519653811981,4951.097285447542,156.28333785724288,2340.2579029820045,5478.939148339984
patient_262,719.0,28.76,288.85220891337565,2588.128397562279,3612.079928200844,394.0177807073815,5685.427110336739,4966.857996675837,351.6097645793286,4883.160668052144,5493.003538923158
patient_262,720.0,28.8,223.89228376270896,-1623.9981287666674,3621.035619551352,394.62587517012565,15.20236156860335,4982.643031682642,402.7521720467199,1278.5601866847828,5509.1136258050265
patient_262,721.0,28.84,347.0503321359583,3078.9512093312333,3634.9176328367903,508.1628383227946,2838.4240788167235,5002.969545215554,439.22986069010045,911.9422160845133,5526.682820232631
patient_262,722.0,28.88,277.0593449258239,-1749.7746802533597,3646.0000066338234,533.2525159135504,627.241939768895,5024.299645852097,402.48475540781965,-918.62763205702,5542.782210448943
