patient,frame,time_s,wrist_speed_mm_s,wrist_accel_mm_s2,wrist_path_mm,thumb_tip_speed_mm_s,thumb_tip_accel_mm_s2,thumb_tip_path_mm,index_finger_tip_speed_mm_s,index_finger_tip_accel_mm_s2,index_finger_tip_path_mm
patient_078,6.0,0.24,,,0.0,,,0.0,,,0.0
patient_078,9.0,0.36,,,0.0,,,0.0,,,0.0
patient_078,10.0,0.4,61.682272281753846,,2.467290891270154,238.94650514929938,,9.557860205971975,272.2174279807145,,10.88869711922858
patient_078,11.0,0.44,152.73460642540928,2276.3083535913856,8.576675148286526,241.1523879148015,55.14706913755276,19.203955722564036,126.1726187031975,-3651.120231937925,15.935601867356478
patient_078,12.0,0.48,279.93070777332366,3179.9025336978593,19.773903459219472,227.92024490477067,-330.8035752507706,28.32076551875486,87.97828154792415,-954.8584288818337,19.454733129273446
patient_078,13.0,0.52,113.43137188243584,-4162.483397272196,24.311158334516907,98.5233050315129,-3234.923496831444,32.26169772001538,207.5394200563711,2989.028462711174,27.75630993152829
patient_078,14.0,0.56,179.8452741778513,1660.3475573853866,31.504969301630965,164.13132508683051,1640.2005013829403,38.8269507234886,196.19633754169627,-283.5770628668712,35.60416343319614
patient_078,15.0,0.6,120.69215762553375,-1478.8279138079388,36.33265560665232,169.90851173948283,144.42966631630796,45.62329119306791,136.95441049750724,-1481.0481761047256,41.08233985309643
patient_078,16.0,0.64,51.11821260715398,-1739.3486254594943,38.37738411093847,62.22498085059069,-2692.088272222303,48.11229042709154,26.005077481809373,-2773.7333253924467,42.1225429523688
patient_078,17.0,0.68,51.59267310092105,11.861512344176717,40.441091034975315,48.017341757688065,-355.19097732256563,50.03298409739906,53.75591393754513,693.7709113933939,44.27277950987061
patient_078,18.0,0.72,15.604625673007437,-899.7011856978404,41.06527606189561,25.436716866887853,-564.5156222700053,51.05045277207457,34.78368692854675,-474.30567522495954,45.66412698701248
patient_078,19.0,0.76,124.30529921247847,2717.516838486776,46.037488030394755,120.11066524068342,2366.8487093448894,55.854879381701906,37.54757420532767,69.09718191952301,47.16602995522558
patient_078,20.0,0.8,44.529881910720235,-1994.385432543956,47.81868330682356,40.36896090656793,-1993.5426083528873,57.469637817964625,18.193370154847827,-483.8551012619961,47.8937647614195
patient_078,21.0,0.84,21.265618613234277,-581.606582437149,48.66930805135293,111.0880610569838,1767.9775037603968,61.91316026024398,19.36072813064415,29.183949394908115,48.66819388664527
patient_078,22.0,0.88,49.55475108979561,707.2283119140333,50.651498094944756,241.97239149732303,3272.1082610084804,71.5920559201369,107.07996018741792,2192.9808014193445,52.95139229414199
patient_078,23.0,0.92,64.64023913575525,377.1372011489911,53.23710766037497,15.775467076742748,-5654.923110514507,72.22307460320661,20.67321226485945,-2160.168698063962,53.77832078473637
patient_078,24.0,0.96,45.528375425770506,-477.79659274961864,55.05824267740579,57.80028453874083,1050.620436549952,74.53508598475624,62.116441384167544,1036.0807279827022,56.26297844010307
patient_078,25.0,1.0,47.5512268157785,50.57128475019983,56.96029175003693,36.497936272990614,-532.5587066437555,75.99500343567587,23.968182714551286,-953.7064667404063,57.22170574868512
patient_078,26.0,1.04,24.11293950576557,-585.9571827503232,57.92480933026755,92.91098485693625,1410.326214598641,79.71144282995331,52.03912302657693,701.7735078006411,59.3032706697482
patient_078,27.0,1.08,8.741946841572435,-384.2748166048284,58.27448720393045,58.43208322381642,-861.9725408279958,82.04872615890598,41.40016502079099,-265.9739501446484,60.95927727057984
patient_078,28.0,1.12,11.086949789020496,58.62507368620151,58.71796519549127,11.661412904711858,-1169.266757977614,82.51518267509445,27.602123605352894,-344.9510353859525,62.06336221479396
patient_078,29.0,1.16,19.470233817354245,209.58210070834375,59.49677454818544,40.52452046645373,721.5776890435468,84.1361634937526,15.355174600488981,-306.17372512159784,62.677569198813515
patient_078,30.0,1.2,11.013282696357578,-211.4237780249167,59.93730585603975,28.680128824118434,-296.10979105838237,85.28336864671735,17.57355478426118,55.459504594304974,63.38051139018396
patient_078,31.0,1.24,23.042427153229788,300.7286114218052,60.859002942168935,6.559999154421538,-553.0032417424223,85.54576861289421,15.01139215694876,-64.05406568281049,63.98096707646191
patient_078,32.0,1.28,27.752604887549808,117.75444335800049,61.969107137670925,51.166537166847554,1115.1634503106504,87.59243009956812,63.57688852859986,1214.1374092912774,66.52404261760591
patient_078,33.0,1.32,2.778482273141862,-624.3530653601987,62.0802464285966,17.763674558820842,-835.0715652006677,88.30297708192094,26.637508690722704,-923.4844959469289,67.58954296523481
patient_078,34.0,1.36,3.7517138954558384,24.33079055784941,62.23031498441483,40.93353473781485,579.2465044748502,89.94031847143353,6.733213317930406,-497.60738431980747,67.85887149795204
patient_078,35.0,1.4,7.188800400030395,85.92716261436392,62.517867000416054,34.650087096264485,-157.08619103875918,91.32632195528412,5.675550906341033,-26.441560289734323,68.08589353420567
patient_078,36.0,1.44,16.65266397568962,236.59658939148062,63.183973559443636,80.26132638610983,1140.2809822461336,94.5367750107285,42.29824525121239,915.567358621784,69.77782334425416
patient_078,37.0,1.48,17.85567451971613,30.075263600662705,63.89820054023228,43.131959316247595,-928.2341767465558,96.2620533833784,18.20267088663994,-602.3893591143113,70.50593017971977
patient_078,38.0,1.52,7.450218982267361,-260.13638843621914,64.19620929952298,29.43229285700866,-342.49166148097333,97.43934509765876,42.22877214842867,600.6525315447182,72.19508106565691
patient_078,39.0,1.56,13.165029779665783,142.87026993496056,64.7228104907096,16.699265865813782,-318.325674779872,98.1073157322913,2.594816175942057,-990.8488993121653,72.29887371269459
patient_078,40.0,1.6,22.91607995028973,243.7762542655987,65.63945368872119,55.40531050101999,967.6511158801553,100.32352815233209,34.87037928104577,806.8890776275929,73.69368888393642
patient_078,41.0,1.64,2.0023123433794976,-522.8441901727558,65.71954618245638,47.57570214186444,-195.74020897888875,102.22655623800667,46.55518651591599,292.1201808717555,75.55589634457306
patient_078,42.0,1.68,30.04948080427333,701.1792115223458,66.92152541462731,26.138676405571726,-535.9256434073178,103.27210329422955,24.796508608688423,-543.9669476806893,76.54775668892059
patient_078,43.0,1.72,13.342711265378925,-417.6692384723601,67.45523386524248,5.0213753464232935,-527.9325264787108,103.47295830808648,10.407508839177243,-359.7249942377795,76.96405704248768
patient_078,44.0,1.76,15.616876105703856,56.85412100812326,68.07990890947062,18.651184532522795,340.7452296524875,104.21900568938737,17.59808389614936,179.76437642430295,77.66798039833365
patient_078,45.0,1.8,10.925258098565745,-117.29045017845277,68.51691923341326,48.49223405339669,746.0262380218475,106.15869505152324,5.603954864655449,-299.8532257873478,77.89213859291988
patient_078,46.0,1.84,7.647462853763394,-81.94488112005878,68.82281774756379,46.267075733011836,-55.62895800962142,108.00937808084373,13.154336056078929,188.75952978558698,78.41831203516303
patient_078,47.0,1.88,18.68602181504002,275.9639740319157,69.57025862016539,31.39134184820787,-371.8933471200992,109.26503175477204,12.392892425596857,-19.036090762051792,78.9140277321869
patient_078,48.0,1.92,27.57860812009303,222.31465762632521,70.67340294496913,78.53274412906717,1178.5350570214823,112.40634151993473,47.83490843880454,886.0504003301921,80.82742406973908
patient_078,49.0,1.96,12.260683751225338,-382.9481092216923,71.16383029501813,48.51101142251121,-750.543317663899,114.34678197683517,17.896484225067375,-748.460605343429,81.54328343874177
patient_078,50.0,2.0,17.09722519355581,120.91353605826183,71.84771930276037,80.13730223878983,790.6572704069655,117.55227406638676,28.650296661061255,268.845310899847,82.68929530518422
patient_078,51.0,2.04,12.477460144626386,-115.49412622323563,72.34681770854542,23.478088708351677,-1416.4803382609539,118.49139761472082,1.7441340149992222,-672.6540661515509,82.7590606657842
patient_078,52.0,2.08,3.5694823853222424,-222.69944398260358,72.48959700395831,69.38097152166581,1147.5720703328534,121.26663647558746,21.45156538396919,492.6857842242492,83.61712328114298
patient_078,53.0,2.12,13.774062941927834,255.1145139151398,73.04055952163543,3.568703760006055,-1645.3066940414938,121.4093846259877,11.144037418162993,-257.6881991451549,84.0628847778695
patient_078,54.0,2.16,16.662171743862558,72.20272004836809,73.70704639138994,30.123576932835395,663.8718293207335,122.61432770330111,8.618074414830831,-63.149075083304055,84.40760775446273
patient_078,55.0,2.2,21.009134618560147,108.67407186743972,74.54741177613234,21.56886628073383,-213.86776630253914,123.47708235453047,26.34229364750227,443.1054808167859,85.46129950036283
patient_078,56.0,2.24,11.70529421000933,-232.59601021377043,75.01562354453272,13.194595370309075,-209.35677276061884,124.00486616934282,4.750201641114051,-539.8023001597055,85.65130756600738
patient_078,57.0,2.28,8.687731354760892,-75.43907138121094,75.36313279872314,27.80791737569766,365.3330501347146,125.11718286437073,20.30490075831085,388.86747792991997,86.46350359633982
patient_078,58.0,2.32,6.615659401508943,-51.80179883129872,75.6277591747835,8.96851482208129,-470.9850638404093,125.475923457254,18.575906145994388,-43.224865307911564,87.2065398421796
patient_078,59.0,2.36,17.54699858990786,273.283479709973,76.32963911837982,19.5491538384616,264.51597540950775,126.25788961079246,9.640772515031692,-223.3783407740674,87.59217074278085
patient_078,60.0,2.4,24.635294819759988,177.20740574630315,77.31505091117022,12.594471592101167,-173.86705615901082,126.7616684744765,28.07267712640235,460.79761528426644,88.71507782783694
patient_078,61.0,2.44,27.29644495923376,66.52875348684431,78.40690870953956,21.084810725482217,212.25847833452627,127.6050609034958,47.20957837378876,478.4225311846602,90.60346096278849
patient_078,62.0,2.48,10.150422601222143,-428.6505589502904,78.81292561358845,71.20226808141274,1252.9364338982632,130.4531516267523,16.363988365486453,-771.1397502075577,91.25802049740794
patient_078,63.0,2.52,6.100151904639832,-101.25676741455779,79.05693168977405,73.08601525648746,47.093679376867925,133.37659223701178,15.910057177588394,-11.348279697451469,91.89442278451148
patient_078,64.0,2.56,19.51333047798615,335.32946433365794,79.8374649088935,64.38875470923433,-217.43151368132806,135.95214242538117,9.139478174730337,-169.26447507145141,92.2600019115007
patient_078,65.0,2.6,9.910484155484026,-240.07115806255305,80.23388427511286,11.851620833537032,-1313.4283468924325,136.42620725872266,31.887046109857582,568.6891983781811,93.535483755895
patient_078,66.0,2.64,14.355182217774365,111.11745155725848,80.80809156382382,13.036617976558576,29.6249285755386,136.947671977785,43.037465895712444,278.7604946463715,95.25698239172351
patient_078,67.0,2.68,14.372745679109899,0.43908653338835535,81.38300139098823,111.44245053541088,2460.1458139713077,141.40536999920144,5.632263798277636,-935.1300524358702,95.4822729436546
patient_078,68.0,2.72,24.209123242484512,245.90943908436535,82.35136632068759,21.534918155425444,-2247.688309499636,142.26676672541848,12.80047609373092,179.2053073863321,95.99429198740386
patient_078,69.0,2.76,14.149078896247065,-251.50110865593618,82.91732947653747,42.34720038004845,520.3070556155751,143.9606547406204,8.877041000470976,-98.08587733149858,96.34937362742268
patient_078,70.0,2.8,4.723833450974211,-235.63113613182134,83.10628281457645,74.0089586665445,791.5439571624013,146.92101308728218,17.307399667232506,210.75896666903824,97.04166961411198
patient_078,71.0,2.84,21.403122645174705,416.9822298550123,83.96240772038344,20.874107525780808,-1328.3712785190924,147.75597738831343,16.18008245094425,-28.182930407206364,97.68887291214975
patient_078,72.0,2.88,33.48783951976965,302.11792186487367,85.30192130117422,56.92955338125736,901.3861463869138,150.0331595235637,46.82393392381192,766.0962868216917,99.56183026910223
patient_078,73.0,2.92,10.15509717905693,-583.318558517818,85.70812518833651,36.413355604304854,-512.9049444238126,151.4896937477359,10.771872665155321,-901.301531466415,99.99270517570844
patient_078,74.0,2.96,10.542001835875682,9.672616420468794,86.12980526177154,5.194070256895978,-780.4821336852219,151.69745655801174,8.555276849407027,-55.41489539370734,100.33491624968472
patient_078,75.0,3.0,9.823026167611204,-17.974391706611968,86.522726308476,40.12213049229707,873.2015058850272,153.30234177770362,7.006108161704636,-38.729217192559794,100.6151605761529
patient_078,76.0,3.04,30.669282407664102,521.1564060013225,87.74949760478256,11.420397648946928,-717.5433210837535,153.7591576836615,4.743386638422904,-56.568038082043294,100.80489604168983
patient_078,77.0,3.08,45.806676771287,378.4348590905725,89.58176467563403,64.23208864247542,1320.292274838212,156.32844122936052,83.87749259020009,1978.3526487944296,104.15999574529783
patient_078,78.0,3.12,137.22847495048288,2285.5449544798967,95.07090367365336,280.6939906723768,5411.547550747535,167.5562008562556,153.13924855082286,1731.5438990155692,110.28556568733075
patient_078,79.0,3.16,16.257353595931605,-3024.2780338637817,95.72119781749063,81.41425675651625,-4981.993347896514,170.81277112651622,31.07315374459447,-3051.65237015571,111.52849183711453
patient_078,80.0,3.2,228.5925718297852,5308.38045584634,104.86490069068205,502.703158815293,10532.22255146942,190.92089747912797,414.86777265365697,9594.865472726562,128.1232027432608
patient_078,81.0,3.24,222.79267875169376,-144.99732695228573,113.77660784074979,333.1528754164609,-4238.757084970803,204.2470124957864,316.518893550588,-2458.721977576724,140.78395848528433
patient_078,82.0,3.28,230.60749947078,195.37051797715606,123.00090781958099,418.75269680974475,2139.995534832096,220.99712036817618,347.1388148784346,765.4980331961639,154.6695110804217
patient_078,83.0,3.32,335.9855907731295,2634.4522825587374,136.44033145050616,426.7841060065441,200.78522991998398,238.06848460843793,376.04035460372825,722.5384931323418,169.71112526457082
patient_078,84.0,3.36,637.1777043133659,7529.80283850591,161.9274396230408,944.9588897436132,12954.369593426727,275.86684019818244,1006.5827069884555,15763.55880961818,209.97443354410905
patient_078,85.0,3.4,575.6115305915258,-1539.154343046002,184.95190084670182,954.6716491426747,242.81898497653742,314.0537061638895,797.8398921851223,-5218.57037008333,241.88802923151394
patient_078,86.0,3.44,355.3023459717054,-5507.729615495511,199.16399468557003,314.5335299095529,-16003.452980828046,326.6350473602716,348.2718829907313,-11239.200229859774,255.8189045511432
patient_078,87.0,3.48,298.31501923830155,-1424.683168335096,211.09659545510212,216.89215495435343,-2441.0343738799866,335.3107335584457,228.0318209878174,-3006.001550072847,264.9401773906559
patient_078,88.0,3.52,200.43019656795357,-2447.120566758699,219.11380331782024,119.09886380694039,-2444.832278685326,340.07468811072334,208.73395258965115,-482.44670995415646,273.289535494242
patient_078,89.0,3.56,132.63056884223414,-1694.9906931429857,224.41902607150962,85.95790994601063,-828.523846523244,343.51300450856377,50.630413399963004,-3952.5884797422036,275.31475203024047
patient_078,90.0,3.6,22.76338069132881,-2746.6797037726333,225.32956129916278,147.14016852826964,1529.5564645564752,349.3986112496945,74.80187317295986,604.2864943249214,278.3068269571589
patient_078,91.0,3.64,71.8745899887116,1227.78023243457,228.20454489871125,130.96199429958327,-404.45435571715933,354.63709102167786,48.54244263180769,-656.4857635288042,280.2485246624312
patient_078,92.0,3.68,32.80807731440918,-976.6628168575605,229.51686799128763,152.94797901129175,549.6496177927121,360.75501018212947,40.20350459206624,-208.47345099353623,281.85666484611386
patient_078,93.0,3.72,10.788700925016583,-550.4844097348149,229.94841602828828,24.082048001911097,-3221.6482752345164,361.71829210220596,24.83474890762118,-384.2188921111265,282.8500548024187
patient_078,94.0,3.76,49.1907766436576,960.0518929660254,231.91604709403458,121.45965202882712,2434.440100672901,366.57667818335904,75.24850892151898,1260.344000347445,285.85999515927944
patient_078,95.0,3.8,53.02832952454304,95.938822022136,234.03718027501628,143.82055547566833,559.0225861710302,372.32950040238575,85.48913700585831,256.01570210848337,289.2795606395138
patient_078,96.0,3.84,155.52422192628433,2562.3973100435323,240.25814915206766,213.80631754041664,1749.6440516187079,380.8817531040024,128.2095198872769,1068.009572035465,294.4079414350049
patient_078,97.0,3.88,113.67497244969897,-1046.2312369146339,244.8051480500556,103.40994419133462,-2759.9093337270506,385.0181508716558,108.98633396965596,-480.57964794052384,298.7673947937911
patient_078,98.0,3.92,182.06074104478301,1709.6442148771011,252.08757769184692,71.87199592876836,-788.4487065641565,387.8930307088065,127.86701213873565,472.0169542269922,303.88207527934054
patient_078,99.0,3.96,303.2041984279289,3028.5864345786463,264.21574562896404,249.19540843919967,4433.0853127607825,397.86084704637454,176.49433721483223,1215.6831269024146,310.94184876793383
patient_078,100.0,4.0,25.038857504191633,-6954.133523093431,265.21729992913174,113.22275841572697,-3399.316250586817,402.3897573830036,31.94508764200945,-3613.73123932057,312.2196522736142
patient_078,101.0,4.04,301.27524394955265,6905.909661134026,277.26830968711386,326.5043086383659,5332.038755565974,415.4499297285383,233.89461149135354,5048.738096233603,321.5754367332683
patient_078,102.0,4.08,355.9926372734503,1367.9348330974422,291.5080151780519,313.92345281557033,-314.52139556988925,428.00686784116107,396.43748144314225,4063.5717487947177,337.432935990994
patient_078,103.0,4.12,425.88052079032485,1747.1970879218632,308.5432360096649,470.5730101087512,3916.2389323295215,446.82978824551117,393.3055721217753,-78.29773303417369,353.165158875865
patient_078,104.0,4.16,476.63150925985263,1268.7747117381946,327.60849638005897,490.9763809017717,510.08426982551214,466.468843481582,571.5406063701771,4455.875856210045,376.02678313067213
patient_078,105.0,4.2,366.2506284130057,-2759.5220211711735,342.2585215165792,445.29742846425876,-1141.973810937823,484.28074062015236,482.4809270428087,-2226.4919831842108,395.3260202123845
patient_078,106.0,4.24,423.00121413645445,1418.7646430862187,359.1785700820374,262.1117067174417,-4579.643043670427,494.76520888885005,149.84065332390404,-8316.006842972616,401.3196463453407
patient_078,107.0,4.28,975.2852004931577,13807.099658917581,398.1899781017637,248.37541511523895,-343.4072900550682,504.7002254934596,266.3716044464414,2913.273778063434,411.9745105231983
patient_078,108.0,4.32,607.1784652678582,-9202.668380632489,422.477116712478,558.8328738325791,7761.436467933504,527.0535404467628,849.8498162524071,14586.955295149142,445.9685031732946
patient_078,109.0,4.36,756.8985140902294,3743.001220559279,452.7530572760872,544.4739340793016,-358.97349383193955,548.8324978099349,562.2754146003412,-7189.360041301648,468.4595197573082
patient_078,110.0,4.4,710.9748347504259,-1148.0919834950869,481.19205066610425,924.5903324987327,9502.909960485778,585.8161111098841,846.191663217804,7097.906215436572,502.3071862860204
patient_078,111.0,4.44,397.53755604943444,-7835.931967524786,497.0935529080816,252.76556275869498,-16795.619243500943,595.926733620232,21.495028234060552,-20617.415874593586,503.1669874153828
patient_078,112.0,4.48,403.81394135981526,156.90963275952043,513.2461105624742,242.54512705462216,-255.51089260182067,605.6285387024168,103.66507381449725,2054.2511395109173,507.31359036796266
patient_078,113.0,4.52,244.30085434298755,-3987.8271754206926,523.0181447361937,337.7245727814712,2379.4861431712256,619.1375216136757,80.20562507986173,-586.4862183658879,510.5218153711571
patient_078,114.0,4.56,156.38580853536524,-2197.8761451905575,529.2735770776084,311.2737031378229,-661.2717410912069,631.5884697391887,55.20624163157882,-624.9845862070729,512.7300650364202
patient_078,115.0,4.6,66.38067876744859,-2250.1282441979165,531.9288042283064,102.4888161727504,-5219.622174126813,635.6880223860986,175.131508011125,2998.1316594886543,519.7353253568652
patient_078,116.0,4.64,97.0826723275312,767.5498390020654,535.8121111214076,132.58397823372104,752.379051524266,640.9913815154475,111.04913868103398,-1602.0592332522754,524.1772909041066
patient_078,117.0,4.68,44.481483985843425,-1315.0297085421944,537.5913704808413,6.072184301373955,-3162.794848308677,641.2342688875025,91.08835809639417,-499.01951461599515,527.8208252279624
patient_078,118.0,4.72,64.29049399664642,495.2252502700748,540.1629902407071,25.701366899980023,490.7295649651517,642.2623235635017,31.791779701754585,-1482.4144598659898,529.0924964160326
patient_078,119.0,4.76,27.674312197095002,-915.4045449887853,541.2699627285909,33.90431294403995,205.0736511014982,643.6184960812633,44.298773807019515,312.67485263162325,530.8644473683133
patient_078,120.0,4.8,172.87749976438965,3630.0796891823666,548.1850627191666,113.37589529277238,1986.7895587183107,648.1535318929742,68.65628497408494,608.9377791766357,533.6106987672767
patient_078,121.0,4.84,18.0871939272521,-3869.757645928439,548.9085504762567,82.08794221088084,-782.1988270472887,651.4370495814095,4.464340236839901,-1604.798618431126,533.7892723767504
patient_078,122.0,4.88,308.5045813411002,7260.434685346203,561.2487337299007,64.95660862863714,-428.28333955609247,654.035313926555,189.14982563460987,4617.13713494425,541.3552654021347
patient_078,123.0,4.92,424.2107418063425,2892.6540116310575,578.2171634021544,386.8319991486255,8046.88476299971,669.5085938924999,592.8956719300058,10093.6461573849,565.071092279335
patient_078,124.0,4.96,490.24126885868077,1650.763176308456,597.8268141565017,593.6597057580971,5170.692665236788,693.2549821228239,399.8268101113846,-4826.721545465532,581.0641646837904
patient_078,125.0,5.0,471.2281909649434,-475.32694734343437,616.6759417950993,568.6480584319919,-625.2911831526291,716.0009044601035,620.2450320060702,5510.455547367141,605.8739659640332
patient_078,126.0,5.04,515.8384673197086,1115.2569088691293,637.3094804878878,479.1433563316955,-2237.6175525074104,735.1666387133714,487.7387959470018,-3312.655901476711,625.3835178019133
patient_078,127.0,5.08,265.00248075001826,-6270.899664242258,647.9095797178884,239.82265827159492,-5983.017451502515,744.7595450442351,304.21627912738523,-4588.0629204904135,637.5521689670087
patient_078,128.0,5.12,140.6288877777319,-3109.339824307159,653.5347352289976,113.09356891204294,-3168.2272339887995,749.2832878007168,183.11373717213135,-3027.5635488813473,644.8767184538939
patient_078,129.0,5.16,43.86412475698801,-2419.119075518597,655.2893002192773,66.40565210869518,-1167.197920083694,751.9395138850647,120.44546879028799,-1566.706709546084,649.6945372055054
patient_078,130.0,5.2,64.8387122926594,524.3646883917845,657.8828487109836,199.27776819398994,3321.8029021323687,759.9106246128243,72.80642815883895,-1190.9760157862258,652.606794331859
patient_078,131.0,5.24,8.880675301609294,-1398.9509247762526,658.2380757230479,26.38008768253821,-4322.442012786293,760.9658281201258,113.28734980960144,1012.0230412690621,657.138288324243
patient_078,132.0,5.28,22.830924404584348,348.75622757437634,659.1513126992313,64.13303558889403,943.8236976588955,763.5311495436815,76.60289760164618,-917.1113051988815,660.2024042283089
patient_078,133.0,5.32,41.69739726119255,471.66182141520505,660.8192085896791,90.56693636995581,660.8475195265445,767.1538269984798,51.535216868900996,-626.6920183186295,662.263812903065
patient_078,134.0,5.36,33.958182490418885,-193.4803692693416,662.1775358892959,103.6626047460978,327.39170940354967,771.3003311883238,49.411718937319975,-53.08744828952552,664.2402816605578
patient_078,135.0,5.4,42.58854551881464,215.7590757098939,663.8810777100484,75.25780368436355,-710.1200265433562,774.3106433356983,2.680423527904905,-1168.2823852353768,664.347498601674
patient_078,136.0,5.44,23.1169554970475,-486.78975054417856,664.8057559299303,51.38185268656429,-596.8987749449816,776.3659174431609,51.47985744184153,1219.9858478484157,666.4066928993477
patient_078,137.0,5.48,128.3613840564971,2631.1107139862397,669.9402112921903,217.14726137062652,4144.135217101556,785.051807897986,25.607243417742385,-646.8153506024787,667.4309826360575
patient_078,138.0,5.52,128.9314059744851,14.250547949700376,675.0974675311696,156.02582864212613,-1528.0358182125099,791.292841043671,41.29013967036177,392.07240631548456,669.0825882228719
patient_078,139.0,5.56,76.94206831582035,-1299.7334414666188,678.1751502638025,76.99241616889593,-1975.835311830755,794.3725376904268,126.60018213559859,2132.7510616309205,674.1465955082958
patient_078,140.0,5.6,112.31842741530511,884.4089774871189,682.6678873604147,122.64279116683159,1141.2593749483915,799.2782493371001,229.9893195877643,2584.7284363041426,683.3461682918064
patient_078,141.0,5.64,106.10482234848584,-155.34012667048174,686.9120802543542,111.03955941457782,-290.08079380634405,803.7198317136832,89.40931122251527,-3514.500209131226,686.9225407407071
patient_078,142.0,5.68,62.866470244798315,-1080.958802592188,689.4267390641461,148.68975481840334,941.254885095638,809.6674219064193,52.81134527285188,-914.9491487415847,689.034994551621
patient_078,143.0,5.72,23.150631470226664,-992.8959693642913,690.3527643229552,51.14583148577668,-2438.5980833156664,811.7132551658505,49.12440822492857,-92.17342619808271,690.9999708806182
patient_078,144.0,5.76,28.11360223670552,124.07426916197144,691.4773084124234,16.185158061457432,-874.0168356079813,812.3606614883087,5.5100964406254525,-1090.357794607578,691.2203747382432
patient_078,145.0,5.8,40.20807624862054,302.36185029787555,693.0856314623684,37.7067860198384,538.0406989595241,813.8689329291021,53.20106354091579,1192.2741775072584,693.34841727988
patient_078,146.0,5.84,24.631195531662904,-389.422017923941,694.0708792836349,9.963140790768128,-693.5911307267567,814.267458560733,29.05538298487677,-603.6420139009755,694.510632599275
patient_078,147.0,5.88,21.199696972716833,-85.78746397365178,694.9188671625435,98.8731155687488,2222.749369449517,818.2223831834829,49.21751060423257,504.0531904838951,696.4793330234444
patient_078,148.0,5.92,45.46523016988176,606.6383299291231,696.7374763693387,4.792439587837851,-2352.0168995227737,818.4140807669963,21.36540694855295,-696.3025913919906,697.3339493013865
patient_078,149.0,5.96,45.95445232651924,12.230553915937037,698.5756544623994,58.08354549468455,1332.2776476711674,820.7374225867836,32.98672965951213,290.5330677739795,698.6534184877669
patient_078,150.0,6.0,59.65754062078457,342.5772073566334,700.9619560872308,133.3462475075626,1881.5675503219509,826.071272487086,60.13303023062359,678.6575142777865,701.0587396969918
patient_078,151.0,6.04,183.97884803486482,3108.0326853520064,708.3211100086254,246.14111897590792,2819.871786708633,835.9169172461225,119.73378448186357,1490.0188562809994,705.8480910762664
patient_078,152.0,6.08,262.748374553287,1969.238162960555,718.8310449907569,202.55918711628962,-1089.5482964904572,844.0192847307741,162.53731395963726,1070.0882369443423,712.3495836346519
patient_078,153.0,6.12,338.6644283697358,1897.9013454112192,732.3776221255463,206.5327951087813,99.34019981229198,852.2805965351254,269.0300550908654,2662.3185282807035,723.1107858382866
patient_078,154.0,6.16,173.35929447412354,-4132.628347390306,739.3119939045114,265.7693382939063,1480.9135796281246,862.9113700668817,234.36904172854207,-866.5253340580832,732.4855475074282
patient_078,155.0,6.2,127.36349014273068,-1149.8951082848216,744.4065335102206,330.1006844313692,1608.2836534365724,876.1153974441364,340.45139197292696,2652.058756109622,746.1036031863453
patient_078,156.0,6.24,128.18417153295943,20.517034755718555,749.5339003715391,328.44064079872646,-41.50109081606814,889.2530230760855,264.09186695206176,-1908.9881255216299,756.6672778644278
patient_078,157.0,6.28,152.66997118108657,612.1449912031785,755.6406992187825,160.01110618907146,-4210.7383652413755,895.6534673236483,270.6833124319635,164.78613699754305,767.4946103617062
patient_078,158.0,6.32,150.68212234009923,-49.696221024683496,761.6679841123864,287.31933052063965,3182.705608289205,907.146240544474,138.8430060733964,-3296.007658964177,773.0483306046422
patient_078,159.0,6.36,150.09716080398806,-14.62403840277915,767.671870544546,218.45106359089456,-1721.7066732436272,915.8842830881098,137.65506234555255,-29.698593196096112,778.5545330984642
patient_078,160.0,6.4,159.7213932329702,240.6058107245535,774.0607262738647,198.2119138881257,-505.97874256922137,923.8127596436348,183.94433039474922,1157.2317012299166,785.9123063142541
patient_078,161.0,6.44,149.84686872095438,-246.8631128003956,780.0546010227029,121.85550709647167,-1908.9101697913509,928.6869799274937,69.53553535604634,-2860.219875967572,788.693727728496
patient_078,162.0,6.48,97.54299081820935,-1307.5969475686256,783.9563206554312,33.52045428024699,-2208.3763204056168,930.0277980987034,99.41628399164398,747.0187158899411,792.6703790881617
patient_078,163.0,6.52,50.97681547303583,-1164.154383629338,785.9953932743526,90.70925605106294,1429.7200442703988,933.656168340746,64.81752047317813,-864.9690879616461,795.2630799070888
patient_078,164.0,6.56,68.59243995032762,440.39061193229475,788.7390908723658,139.2168888393862,1212.6908197080816,939.2248438943216,51.46686680151076,-333.76634179168434,797.3217545791492
patient_078,165.0,6.6,111.11555488038661,1063.0778732514748,793.1837130675813,142.31877780758418,77.54722420494957,944.9175950066249,177.78014923811315,3157.8320609150596,804.4329605486739
patient_078,166.0,6.64,152.57591436701352,1036.5089871656728,799.2867496422618,182.7943861970636,1011.8902097369855,952.2293704545075,198.55196061467413,519.2952844140244,812.3750389732609
patient_078,167.0,6.68,267.51284222097576,2873.4231963490556,809.9872633311008,254.69352287897303,1797.4784170477355,962.4171113696664,327.5354694269373,3224.5877203065797,825.4764577503383
patient_078,168.0,6.72,318.1416337424599,1265.719788037103,822.7129286807992,240.42369738674833,-356.74563730561744,972.0340592651363,386.6213703029413,1477.147521900099,840.941312562456
patient_078,169.0,6.76,402.88007083946576,2118.460927425147,838.8281315143779,443.2292170616932,5070.137991873621,989.763227947604,554.7279811194956,4202.665270413857,863.1304318072358
patient_078,170.0,6.8,422.30160807334073,485.5384308468743,855.7201958373115,506.0408826871751,1570.2916406370477,1010.0048632550911,433.0631584936633,-3041.620565645806,880.4529581469824
patient_078,171.0,6.84,368.55341181743285,-1343.7049063976972,870.4623323100088,405.4608502653905,-2514.500810544615,1026.2232972657066,352.3776586006492,-2017.1374973253521,894.5480644910084
patient_078,172.0,6.88,280.9808395497676,-2189.314306691631,881.7015658919995,431.41451067894576,648.8415103388818,1043.4798776928646,270.4929845679052,-2047.116850818601,905.3677838737245
patient_078,173.0,6.92,309.25516887172995,706.8582330490585,894.0717726468687,186.9649462072425,-6111.239111792582,1050.9584755411543,196.18368772002907,-1857.7324211969028,913.2151313825257
patient_078,174.0,6.96,255.4488975112209,-1345.1567840127261,904.2897285473175,347.1102366107925,4003.632260088751,1064.842885005586,116.16581032011342,-2000.4469349978913,917.8617637953301
patient_078,175.0,7.0,92.41564838420292,-4075.8312281754497,907.9863544826856,97.07092685430803,-6250.982743912113,1068.725722079758,127.90930775650018,293.587435909669,922.9781361055902
patient_078,176.0,7.04,192.18518294368604,2494.238363987078,915.673761800433,178.78248802159447,2042.7890291821611,1075.877021600622,97.4438975851541,-761.635254283652,926.8758920089964
patient_078,177.0,7.08,167.37812431015914,-620.1764658381727,922.3688867728393,113.44181106345367,-1633.51692395352,1080.4146940431601,598.2771059899595,12520.830210120135,950.8069762485949
patient_078,178.0,7.12,39.793054008084866,-3189.626757551857,923.9606089331627,181.8683840257565,1710.664324057571,1087.6894294041904,423.8201962613768,-4361.422743214568,967.75978409905
patient_078,179.0,7.16,37.32399869137634,-61.726382917713174,925.4535688808178,51.170827333663176,-3267.4389173023337,1089.736262497537,69.90956943834162,-8847.765670575878,970.5561668765837
patient_078,180.0,7.2,62.59036638783531,631.6591924114742,927.9571835363312,247.06439708016654,4897.3392436625845,1099.6188383807435,353.61480341821266,7092.630849496775,984.7007590133122
patient_078,181.0,7.24,251.15816762257512,4714.195030868495,938.0035102412342,233.04812088725208,-350.4069048228615,1108.9407632162336,387.75553682995354,853.5183352935221,1000.2109804865104
patient_078,182.0,7.28,375.0227792842408,3096.6152915416424,953.0044214126038,329.5580741780932,2412.748832271028,1122.1230861833574,71.89138113104899,-7896.603892472614,1003.0866357317523
patient_078,183.0,7.32,436.5911453878717,1539.2091525907717,970.4680672281188,77.42301671580798,-6303.37643655713,1125.2200068519896,324.1044682229324,6305.327177297085,1016.0508144606697
patient_078,184.0,7.36,412.7316375102868,-596.4876969396215,986.9773327285302,438.7694444232693,9033.660692686533,1142.7707846289204,552.6769028044002,5714.3108645366965,1038.1578905728456
patient_078,185.0,7.4,264.16732153683864,-3714.1078993362044,997.5440255900037,479.98900567206505,1030.4890312198936,1161.9703448558032,523.8413939490081,-720.8877213848041,1059.111546330806
patient_078,186.0,7.44,182.49313839310204,-2041.854578593415,1004.8437511257279,72.19309777934484,-10194.897697318005,1164.8580687669769,406.46868618292024,-2934.317694152196,1075.370293778123
patient_078,187.0,7.48,107.95673663726913,-1863.4100438958228,1009.1620205912186,297.26380418814466,5626.767660219995,1176.7486209345027,148.5131990349013,-6448.887178700474,1081.3108217395188
patient_078,188.0,7.52,38.02474989608447,-1748.2996685296164,1010.683010587062,151.86952389252403,-3634.8570073905157,1182.8234018902037,173.49476167775734,624.5390660714008,1088.250612206629
patient_078,189.0,7.56,33.36136282333998,-116.58467681861228,1012.0174650999957,70.65025177443091,-2030.4818029523278,1185.649411961181,150.10434244578397,-584.7604807993342,1094.2547859044605
patient_078,190.0,7.6,9.552113241942342,-595.2312395349409,1012.3995496296733,150.86748863202047,2005.4309214397388,1191.6841115064617,196.01962902346324,1147.8821644419818,1102.095571065399
patient_078,191.0,7.64,74.23460271380911,1617.0622367966694,1015.3689337382256,123.22031454504386,-691.1793521744152,1196.6129240882633,114.10334621835081,-2047.9070701278108,1106.6597049141333
patient_078,192.0,7.68,65.17747557690815,-226.42817842252398,1017.9760327613019,48.970472180072434,-1856.2460591242857,1198.5717429754663,45.40686074950327,-1717.4121367211885,1108.4759793441133
patient_078,193.0,7.72,99.19294311050102,850.3866883398217,1021.9437504857219,92.82497533711093,1096.3625789259622,1202.2847419889506,56.85920481932347,286.30860174550514,1110.7503475368862
patient_078,194.0,7.76,132.0282051172668,820.8815501691444,1027.2248786904127,267.11384372367775,4357.221709664171,1212.9692957378977,89.88966169203134,825.7614218176966,1114.3459340045674
patient_078,195.0,7.8,152.47889581510438,511.26726744593964,1033.3240345230167,184.5266155205173,-2064.6807050790107,1220.3503603587185,170.49121368068646,2015.038799716378,1121.1655825517948
patient_078,196.0,7.84,178.29558590638362,645.4172522819811,1040.4558579592722,234.52049514442106,1249.8469905975937,1229.7311801644953,401.6933495724308,5780.053397293609,1137.2333165346922
patient_078,197.0,7.88,232.55289881032792,1356.4328225986073,1049.7579739116852,290.23929024266255,1392.9698774560372,1241.3407517742019,488.8146563614002,2178.0326697242344,1156.7859027891482
patient_078,198.0,7.92,190.9665121780914,-1039.6596658059132,1057.396634398809,474.79615404575594,4613.921595077335,1260.332597936032,1491.2665150719804,25061.296467764503,1216.4365633920272
patient_078,199.0,7.96,137.05219915091368,-1347.8578256794428,1062.8787223648455,531.4209180046648,1415.6190989727222,1281.5894346562186,548.917300236493,-23558.730370887184,1238.393255401487
patient_078,200.0,8.0,125.22198213872176,-295.7554253047981,1067.8876016503943,464.33472407896096,-1677.1548481425966,1300.162823619377,383.74914507361956,-4129.203879071836,1253.7432212044318
patient_078,201.0,8.04,194.73928021601566,1737.9324519323475,1075.677172859035,306.9822570237995,-3933.8116763790367,1312.4421139003289,320.3402772240169,-1585.2216962400662,1266.5568322933923
patient_078,202.0,8.08,122.64891201969569,-1802.2592049079992,1080.5831293398228,134.21210181273605,-4319.253880276586,1317.8105979728384,393.7034979163595,1834.0805173085641,1282.3049722100468
patient_078,203.0,8.12,110.93917291684922,-292.74347757116175,1085.0206962564966,87.11131597592627,-1177.5196459202443,1321.2950506118755,123.10721761692967,-6764.9070074857445,1287.229260914724
patient_078,204.0,8.16,63.807230084071755,-1178.2985708194365,1087.5729854598596,62.38327726592697,-618.2009677499826,1323.7903817025126,81.25432210696489,-1046.3223877491196,1290.4794337990024
patient_078,205.0,8.2,5.410478400503866,-1459.918792089197,1087.7894045958797,153.24489203733697,2271.5403692852497,1329.9201773840061,56.69893078859864,-613.8847829591564,1292.7473910305464
patient_078,206.0,8.24,102.01967271717308,2415.2298579167305,1091.8701915045667,124.1689697476156,-726.898057243034,1334.8869361739107,159.2019086805114,2562.574447297819,1299.115467377767
patient_078,207.0,8.28,119.30988474150688,432.25530060834495,1096.642586894227,235.09606020187437,2773.177261356469,1344.2907785819857,424.4939909877691,6632.302057681443,1316.0952270172777
patient_078,208.0,8.32,148.2017540571356,722.2967328907177,1102.5706570565123,387.95924692056457,3821.579667967255,1359.8091484588085,520.174579869694,2392.0147220481213,1336.9022102120655
patient_078,209.0,8.36,181.9020730658361,842.5079752175129,1109.8467399791457,314.7302784298749,-1830.724212267242,1372.3983595960035,380.96066749056456,-3480.347809478235,1352.1406369116883
patient_078,210.0,8.4,136.44183593199367,-1136.505928346061,1115.3044134164256,371.3145274182472,1414.6062247093084,1387.2509406927334,838.1946232436201,11430.848893826387,1385.668421841433
patient_078,211.0,8.44,117.4081865550975,-475.8412344224041,1120.0007408786294,363.7666668188795,-188.69651498419273,1401.8016073654885,712.6440511341499,-3138.7643027367544,1414.1741838867988
patient_078,212.0,8.48,142.92761409714868,637.9856885512794,1125.7178454425155,253.65015315034,-2752.912841713488,1411.9476134915021,292.79109088631554,-10496.324006195859,1425.8858275222512
patient_078,213.0,8.52,116.57271359668,-658.8725125117169,1130.3807539863826,186.5350894097908,-1677.87659351373,1419.409017067894,238.58970512307158,-1355.034644081099,1435.4294157271743
patient_078,214.0,8.56,141.0991845747524,613.16177445181,1136.0247213693726,160.28880700901252,-656.157060019457,1425.8205693482544,254.97951681031898,409.74529218118505,1445.6285963995867
patient_078,215.0,8.6,149.40608468338644,207.67250271585098,1142.000964756708,64.06245554014447,-2405.6587867217013,1428.38306756986,172.23420432831261,-2068.6328120501594,1452.5179645727194
patient_078,216.0,8.64,107.15357654301341,-1056.3127035093255,1146.2871078184287,129.807914839105,1643.636482474013,1433.5753841634244,91.9959949773565,-2005.9552337739028,1456.1978043718136
patient_078,217.0,8.68,59.27475162103804,-1196.9706230493844,1148.65809788327,3.729632074743642,-3151.957069109034,1433.7245694464139,60.4224024884217,-789.33981222337,1458.6147004713505
patient_078,218.0,8.72,88.1805714267851,722.6454951436763,1152.1853207403415,84.34945064194645,2015.49546418007,1437.0985474720917,89.9721110802406,738.7427147954722,1462.2135849145602
patient_078,219.0,8.76,47.280972340729036,-1022.4899771514014,1154.0765596339706,76.64161147157677,-192.69597925924202,1440.1642119309547,118.7750351636729,720.0731020858076,1466.9645863211072
patient_078,220.0,8.8,37.58724629031869,-242.3431512602587,1155.5800494855835,304.67962246935184,5700.950274944377,1452.3513968297289,148.69948475165657,748.1112396995918,1472.9125657111733
patient_078,221.0,8.84,68.45464662692429,771.6850084151399,1158.3182353506604,222.6530428883409,-2050.6644895252734,1461.2575185452627,43.74673634153379,-2623.8187102530696,1474.6624351648345
patient_078,222.0,8.88,50.13336275273288,-458.0320968547852,1160.3235698607698,151.80080796165137,-1771.3058731672384,1467.3295508637284,102.05582544849379,1457.727227674,1478.7446681827744
patient_078,223.0,8.92,31.736947815553435,-459.91037342948607,1161.5930477733918,81.03393544873289,-1769.171812822962,1470.5709082816777,53.025138348686035,-1225.767177495194,1480.8656737167216
patient_078,224.0,8.96,63.46597973914994,793.2257980899126,1164.131686962958,35.81484955239395,-1130.4771474084735,1472.0035022637735,68.47275949953695,386.19052877127285,1483.604584096703
patient_078,225.0,9.0,121.81873739783552,1458.8189414671397,1169.0044364588714,162.28505070840492,3161.7550289002743,1478.4949042921098,86.67933521868538,455.1643929787108,1487.0717575054505
patient_078,226.0,9.04,50.9255774459326,-1772.328998797573,1171.0414595567088,92.23556654357236,-1751.2371041208141,1482.1843269538526,217.6337364342028,3273.8600303879352,1495.7771069628186
patient_078,227.0,9.08,45.21091800276674,-142.8664860791466,1172.8498962768194,167.74309642751055,1887.6882470984547,1488.894050810953,29.357068208379697,-4706.916705645577,1496.951389691154
patient_078,228.0,9.12,54.92066000217435,242.7435499851903,1175.0467226769063,67.52869049055042,-2505.3601484240035,1491.5951984305752,283.9598232198787,6365.068875287474,1508.309782619949
patient_078,229.0,9.16,31.963026499890496,-573.9408375570964,1176.325243736902,70.00775553782141,61.97662618177482,1494.3955086520882,128.43233499055674,-3888.1872057330484,1513.447076019571
patient_078,230.0,9.2,23.411461344014793,-213.78912889689258,1177.2617021906626,35.25583634968632,-868.7979797033772,1495.8057421060757,20.43690459124983,-2699.885759982673,1514.264552203221
patient_078,231.0,9.24,29.582945132652558,154.28709471594414,1178.4450199959688,28.591004059763492,-166.6208072480707,1496.9493822684663,143.34144181338058,3072.6134305532687,1519.9982098757564
patient_078,232.0,9.28,41.53420950881835,298.7816094041448,1180.1063883763215,210.7479000674081,4553.922400191115,1505.3792982711625,46.985033423270316,-2408.9102097527566,1521.877611212687
patient_078,233.0,9.32,36.61958427174465,-122.8656309268425,1181.5711717471913,147.7429139832146,-1575.1246521048372,1511.2890148304912,179.55682646019636,3314.294825923151,1529.059884271095
patient_078,234.0,9.36,28.888831762586943,-193.26881272894266,1182.726725017695,87.56799057798924,-1504.3730851306343,1514.7917344536108,116.33706846501174,-1580.4939498796155,1533.7133670096955
patient_078,235.0,9.4,24.616986307370297,-106.79613638041614,1183.7114044699897,166.49617981969087,1973.2047310425407,1521.4515816463984,156.9226621062378,1014.6398410306514,1539.990273493945
patient_078,236.0,9.44,51.87459463209647,681.4402081181543,1185.7863882552736,138.7808701045594,-692.8827428782868,1527.0028164505807,264.21084045463283,2682.204458709876,1550.5587071121304
patient_078,237.0,9.48,76.56222995162399,617.190882988188,1188.8488774533384,217.8163805853934,1975.8877620208502,1535.7154716739963,41.31902960390467,-5572.2952712682045,1552.2114682962865
patient_078,238.0,9.52,31.58379044447803,-1124.4609876786492,1190.1122290711176,23.44906675772038,-4859.182845691826,1536.6534343443052,28.103753034161116,-330.38191424358877,1553.335618417653
patient_078,239.0,9.56,128.61635752313865,2425.8141769665153,1195.2568833720431,322.1855611780871,7468.412360509167,1549.5408567914285,314.3180986910522,7155.358641422278,1565.908342365295
patient_078,240.0,9.6,113.4980659009504,-377.95729055470633,1199.7968060080811,570.6299628961941,6211.110042952676,1572.3660553072762,965.9265919438852,16290.212331320825,1604.5454060430504
patient_078,241.0,9.64,448.9497688661152,8386.29257412912,1217.7547967627258,494.4811416419561,-1903.7205313559498,1592.1453009729544,539.6953538006533,-10655.7809535808,1626.1332201950768
patient_078,242.0,9.68,353.16626508946985,-2394.5875944161344,1231.8814473663044,377.28350645694695,-2929.940879625229,1607.2366412312322,482.4582521699266,-1430.9275407681666,1645.4315502818738
patient_078,243.0,9.72,394.49289399269406,1033.1657225806055,1247.6611631260123,342.21065594940643,-876.8212626885131,1620.9250674692084,125.63801465745853,-8920.505937811702,1650.4570708681722
patient_078,244.0,9.76,364.93799204248546,-738.8725487552151,1262.2586828077117,269.06706906596713,-1828.5896720859823,1631.687750231847,118.04589164832983,-189.80307522821747,1655.1789065341054
patient_078,245.0,9.8,294.2055329006622,-1768.3114785455814,1274.0269041237382,245.48323738760362,-589.5957919590877,1641.5070797273513,189.9057697503783,1796.4969525512122,1662.7751373241208
patient_078,246.0,9.84,222.11389934778387,-1802.2908388219585,1282.9114600976495,269.711632513977,605.7098781593346,1652.2955450279105,289.8222502917706,2497.9120135348076,1674.3680273357916
patient_078,247.0,9.88,97.45105352230252,-3116.571145637034,1286.8095022385417,295.03404422028734,633.0602926577583,1664.0969067967221,72.2590330688087,-5439.080430574048,1677.258388658544
patient_078,248.0,9.92,69.29320245765803,-703.9462766161123,1289.581230336848,48.433272231902535,-6165.01929970962,1666.034237685998,60.14040463946031,-302.96571073370995,1679.6640048441225
patient_078,249.0,9.96,22.34232914515507,-1173.7718328125738,1290.474923502654,46.507186257914796,-48.152149349693474,1667.8945251363145,99.99142853938332,996.2755974980754,1683.6636619856977
patient_078,250.0,10.0,73.01662173290084,1266.8573146936444,1293.3955883719702,35.88881751690591,-265.4592185252222,1669.3300778369908,116.88476500316318,422.3334115944965,1688.339052585824
patient_078,251.0,10.04,78.9553715961332,148.468746580809,1296.5538032358156,235.7148873122374,4995.651744883287,1678.7586733294802,100.78719636402269,-402.43921597851227,1692.370540440385
patient_078,252.0,10.08,142.40704445258166,1586.2918214112115,1302.2500850139188,260.5713294196118,621.4110526843598,1689.1815265062646,186.13338817542694,2133.6547952851065,1699.815875967402
patient_078,253.0,10.12,72.16736175431993,-1755.9920674565433,1305.1367794840917,46.83392634078725,-5343.435076970613,1691.0548835598963,104.05544000159043,-2051.948704345913,1703.9780935674655
patient_078,254.0,10.16,135.75698840500587,1589.7406662671485,1310.567059020292,322.92816942901453,6902.356077205683,1703.9720103370566,64.35921658260983,-992.4055854745149,1706.55246223077
patient_078,255.0,10.2,111.12751128236005,-615.7369280661455,1315.0121594715863,110.35968940464679,-5314.212000609194,1708.3863979132427,99.81585797197826,886.4160347342107,1710.545096549649
patient_078,256.0,10.24,21.827378546403132,-2232.5033183989226,1315.8852546134426,99.42891074644201,-273.2694664551193,1712.3635543431003,173.42798136498763,1840.3030848252342,1717.4822158042484
patient_078,257.0,10.28,72.05820054565311,1255.7705499812494,1318.7675826352686,176.14357895001928,1917.8667050894314,1719.409297501101,734.216613087019,14019.715793050784,1746.850880327729
patient_078,258.0,10.32,307.15823657698843,5877.500900783383,1331.053912098348,123.96401468768315,-1304.4891065584031,1724.3678580886085,226.2280193456887,-12699.714843533258,1755.9000011015567
patient_078,259.0,10.36,72.50060784040055,-5866.440718414697,1333.9539364119642,120.46959835108683,-87.36040841490791,1729.186642022652,28.897624662635213,-4933.259867076336,1757.055906088062
patient_078,260.0,10.4,531.9334702848585,11485.821561111446,1355.2312752233586,418.65495622406786,7454.633946824526,1745.9328402716149,362.62944872661956,8343.295601599608,1771.5610840371269
patient_078,261.0,10.44,519.9695064212741,-299.09909658960885,1376.0300554802095,718.2026029799014,7488.691168895838,1774.660944390811,648.5011997572391,7146.793775765488,1797.5011320274164
patient_078,262.0,10.48,465.80383410668975,-1354.1418078646088,1394.6622088444772,740.2160149837924,550.3353000972766,1804.2695849901627,652.5646294451357,101.58574219741467,1823.6037172052218
patient_078,263.0,10.52,399.8691084470133,-1648.368141491912,1410.6569731823577,564.184827680312,-4400.779682587012,1826.8369780973753,681.7547136468364,729.7521050425189,1850.8739057510952
patient_078,264.0,10.56,571.7210993355702,4296.2997722139235,1433.5258171557805,863.2419051353592,7476.42693637618,1861.3666543027896,959.3936108714786,6940.972430616054,1889.2496501859541
patient_078,265.0,10.6,163.3951829657206,-10208.14790924624,1440.0616244744094,166.6019655104289,-17415.998490623257,1868.0307329232069,142.51965009729034,-20421.849019354708,1894.9504361898457
patient_078,266.0,10.64,40.430709152663994,-3074.1118453264153,1441.678852840516,93.7045195472022,-1822.4361490806675,1871.778913705095,55.11238465364698,-2185.181636091084,1897.154931575992
patient_078,267.0,10.68,101.97004805381872,1538.483472528868,1445.7576547626686,152.67243143463443,1474.197797185806,1877.8858109624803,109.97614777221096,1371.5940779640996,1901.5539774868803
patient_078,268.0,10.72,27.762685317235164,-1855.1840684145886,1446.8681621753578,66.29396249265588,-2159.461723549464,1880.5375694621866,156.7131984346386,1168.426266560691,1907.822505424266
patient_078,269.0,10.76,79.63929565923783,1296.9152585500665,1450.0537340017274,154.28107622240552,2199.677843243741,1886.708812511083,345.0946196138691,4709.535529480762,1921.6262902088208
patient_078,270.0,10.8,26.303051665947393,-1333.406099832261,1451.1058560683655,151.5438535895196,-68.43056582214757,1892.7705666546638,159.14752451177705,-4648.677377552302,1927.9921911892918
patient_078,271.0,10.84,103.6245265595819,1933.0368723408626,1455.2508371307486,105.54426830102922,-1149.98963221226,1896.9923373867048,123.51480917519072,-890.8178834146582,1932.9327835562995
patient_078,272.0,10.88,110.19584831475406,164.2830438793041,1459.6586710633387,119.67079822114322,353.16324800284985,1901.7791693155505,60.98174615610233,-1563.3265754772096,1935.3720534025435
patient_078,273.0,10.92,133.3443138135383,578.7116374696059,1464.9924436158803,174.05261164191762,1359.5453355193602,1908.7412737812274,124.70292321783813,1593.029426543395,1940.360170331257
patient_078,274.0,10.96,150.4571522120832,427.8209599636227,1471.0107297043637,236.8869642935836,1570.8588162916492,1918.2167523529706,530.326114769348,10140.579788787747,1961.573214922031
patient_078,275.0,11.0,243.7771916074053,2333.0009848830528,1480.7618173686599,501.9212439148092,6625.856990530641,1938.2936021095632,774.6638085269401,6108.442343939802,1992.5597672631086
patient_078,276.0,11.04,636.3360151150375,9813.970587690805,1506.2152579732615,1497.4737577604333,24888.8128461406,1998.1925524199803,1503.8815913522644,18230.44457063311,2052.715030917199
patient_078,277.0,11.08,598.7600034251835,-939.40029224635,1530.1656581102686,768.4981422047549,-18224.39038889196,2028.9324781081707,424.7464906816858,-26978.377516764464,2069.7048905444663
patient_078,278.0,11.12,448.89813199791917,-3746.546785681609,1548.1215833901856,161.8390975774562,-15166.476115682468,2035.4060420112687,279.17785304857705,-3639.2159408277194,2080.8720046664093
patient_078,279.0,11.16,411.23615977193094,-941.5493056497055,1564.5710297810626,455.34550765857813,7337.6602520280485,2053.619862317612,420.14870977654897,3524.271418199298,2097.6779530574713
patient_078,280.0,11.2,225.2805064758212,-4648.8913324027435,1573.5822500400955,310.90721869741975,-3610.9572240289594,2066.056151065509,278.45821264174526,-3542.2624283700925,2108.8162815631413
patient_078,281.0,11.24,33.067755484054906,-4805.318774794157,1574.9049602594575,127.17973289186766,-4593.1871451388015,2071.143340381184,17.805877328341033,-6516.308382835106,2109.528516656275
patient_078,282.0,11.28,305.3526937655986,6807.123457038592,1587.1190680100815,314.64257973888135,4686.571171175342,2083.7290435707387,308.3126809075109,7262.6700894792475,2121.8610238925753
patient_078,283.0,11.32,113.80881318923096,-4788.597014409191,1591.6714205376506,116.8875150023021,-4943.876618414481,2088.404544170831,840.501539368211,13304.7214615175,2155.4810854673037
patient_078,284.0,11.36,162.92882094548634,1228.0001939063843,1598.1885733754702,199.1232208909525,2055.8926472162602,2096.369473006469,279.2612223361434,-14031.007925801689,2166.6515343607493
patient_078,285.0,11.4,33.54832310804571,-3234.512445936016,1599.530506299792,166.9839912348079,-803.4807414036152,2103.048832655861,554.184309897706,6873.077189039066,2188.8189067566577
patient_078,286.0,11.44,63.351189499971944,745.0716597981559,1602.0645538797908,69.54090038348387,-2436.0772712831003,2105.830468671201,105.71974914155356,-11211.614018903812,2193.0476967223194
patient_078,287.0,11.48,28.9298676613218,-860.5330459662536,1603.2217485862438,35.141214679828664,-859.9921425913802,2107.236117258394,152.62654482068848,1172.669891978373,2199.152758515147
patient_078,288.0,11.52,105.8444866734467,1922.8654753031221,1607.4555280531818,231.46488181270806,4908.091678321985,2116.4947125309027,176.01531143978892,584.719165477511,2206.1933709727386
patient_078,289.0,11.56,34.50954639606056,-1783.3735069346535,1608.8359099090242,333.5364326202818,2551.7887701893437,2129.836169835714,404.7844688283065,5719.22893471294,2222.384749725871
patient_078,290.0,11.6,88.258182721643,1343.715908139561,1612.3662372178899,78.20107280421288,-6383.383995401723,2132.9642127478824,77.95482357665837,-8170.741131291203,2225.5029426689375
patient_078,291.0,11.64,7.230809561249355,-2025.684329009841,1612.6554696003398,66.66741811693184,-288.3413671820261,2135.63090947256,32.419120252426225,-1138.3925831058036,2226.799707479034
patient_078,292.0,11.68,74.99873850458444,1694.198223583377,1615.655419140523,168.74154473980047,2551.8531655717156,2142.3805712621515,86.04265303025058,1340.5883194456087,2230.2414136002444
patient_078,293.0,11.72,50.8378223964932,-604.0229027022809,1617.6889320363825,197.12620665494788,709.6165478786851,2150.2656195283494,232.22119601122418,3654.4635745243395,2239.5302614406933
patient_078,294.0,11.76,85.62489505626738,869.6768164943544,1621.1139278386333,259.73943135081856,1565.3306173967671,2160.655196782382,196.57317851266814,-891.2004374639012,2247.3931885812
patient_078,295.0,11.8,79.87779647552979,-143.67746451843965,1624.3090396976543,26.6633047823731,-5826.903164211137,2161.7217289736773,173.30680216924833,-581.6594085854952,2254.3254606679698
patient_078,296.0,11.84,65.80000427025954,-351.9448051317564,1626.941039868465,96.93857210103013,1756.8816829664256,2165.5992718577186,828.0465560991097,16368.493848246533,2287.447322911934
patient_078,297.0,11.88,181.8265251370151,2900.663021668889,1634.2141008739457,41.34177640552573,-1389.9198923876102,2167.2529429139395,192.29279092713332,-15893.84412929941,2295.1390345490195
patient_078,298.0,11.92,392.6521490436985,5270.640597667085,1649.9201868356936,308.9947372745165,6691.32402172477,2179.6127324049203,300.62901764715724,2708.405668000598,2307.1641952549057
patient_078,299.0,11.96,541.914398773229,3731.556243238262,1671.5967627866228,193.9212592152778,-2876.8369514809683,2187.369582773531,458.10417971749166,3936.8790517583607,2325.4883624436056
patient_078,300.0,12.0,707.9808190805436,4151.6605076828655,1699.9159955498444,1174.3145794843326,24509.83300672637,2234.3421659529045,1404.061325493081,23648.928644389736,2381.6508154633284
patient_078,301.0,12.04,675.5421342863687,-810.9671198543737,1726.9376809212993,906.6767578482379,-6690.945540902368,2270.6092362668337,799.1747613268578,-15122.164104155581,2413.617805916403
patient_078,302.0,12.08,62.635826198069566,-15322.657702207476,1729.4431139692222,71.42586055425284,-20881.272432349626,2273.466270689004,17.749104889129153,-19535.641410943215,2414.327770111968
patient_078,303.0,12.12,391.6512000245792,8225.38434566274,1745.1091619702054,453.1963096961697,9544.26122854792,2291.594123076851,493.5671750060743,11895.45175292363,2434.070457112211
patient_078,304.0,12.16,155.38840759925029,-5906.569810633224,1751.3246982741755,396.62336940244137,-1414.3235073432081,2307.4590578529487,468.4176610835447,-628.7378480632399,2452.807163555553
patient_078,305.0,12.2,78.69875187994406,-1917.2413929826557,1754.4726483493732,73.45996245833402,-8079.085173602683,2310.397456351282,257.00382640024156,-5285.3458670825785,2463.0873166115625
patient_078,306.0,12.24,100.42319385110264,543.1110492789646,1758.4895761034172,263.55932828535055,4752.484145675413,2320.939829482696,647.9033175914705,9772.487279780722,2489.0034493152216
patient_078,307.0,12.28,138.33122182510385,947.7006993500304,1764.0228249764214,309.03844158656983,1136.9778325304821,2333.301367146159,344.2050815968559,-7592.455899865364,2502.7716525790956
patient_078,308.0,12.32,168.33980150252575,750.2144919355474,1770.7564170365222,224.32839041825005,-2117.7512792079947,2342.274502762889,158.786085995296,-4635.474890038998,2509.1230960189073
patient_078,309.0,12.36,71.49086000077126,-2421.223537543862,1773.6160514365529,225.74701569095967,35.46563181774047,2351.3043833905276,172.1662031937473,334.5029299612826,2516.0097441466573
patient_078,310.0,12.4,103.35828992003691,796.6857479816412,1777.7503830333544,140.21583497167052,-2138.2795179822288,2356.9130167893945,127.53889453346635,-1115.6827165070235,2521.111299927996
patient_078,311.0,12.44,51.504721114560134,-1296.3392201369195,1779.8105718779366,176.76076887416542,913.6233475623726,2363.983447544361,59.132282237633156,-1710.1653073958296,2523.4765912175008
patient_078,312.0,12.48,51.60832428158373,2.590079175589821,1781.8749048491998,140.13752328325037,-915.5811397728762,2369.588948475691,29.574880046966342,-738.9350547666703,2524.6595864193796
patient_078,313.0,12.52,59.525897936884625,197.93934138252246,1784.2559407666754,75.26555928804649,-1621.7990998800972,2372.599570847213,167.11906919709418,3438.604728753196,2531.344349187263
patient_078,314.0,12.56,73.51619195718851,349.75735050759715,1787.196588444963,74.70590101444897,-13.99145683993801,2375.587806887791,612.0464707945923,11123.185039937454,2555.826208019047
patient_078,315.0,12.6,73.64249931404093,3.15768392131055,1790.1422884175245,222.21016380932602,3687.606569871926,2384.4762134401635,202.2964561180533,-10243.750366913475,2563.918066263769
patient_078,316.0,12.64,88.3107831555361,366.7070960373792,1793.6747197437462,12.693972142251093,-5237.904791676873,2384.9839723258538,266.1159593655193,1595.48758118665,2574.56270463839
patient_078,317.0,12.68,63.015221814607116,-632.3890335232246,1796.1953286163305,411.8384358004393,9978.611591454704,2401.4575097578713,361.9529554650983,2395.9249024894743,2589.040822856994
patient_078,318.0,12.72,141.7044453414983,1967.23058817228,1801.8635064299906,365.7429421671599,-1152.3873408319844,2416.087227444558,629.4513256078718,6687.459253569338,2614.218875881309
patient_078,319.0,12.76,93.6681694572323,-1200.9068971066504,1805.6102332082799,435.20232788676486,1736.4846429901236,2433.4953205600286,503.4389086734296,-3150.3104233610557,2634.356432228246
patient_078,320.0,12.8,185.32815035125316,2291.4995223505216,1813.02335922233,205.50286950689238,-5742.486459496812,2441.715435340304,163.46208245548428,-8499.420655448632,2640.8949155264654
patient_078,321.0,12.84,221.71869393992569,909.7635897168132,1821.8921069799271,171.81237743417552,-842.2623018179216,2448.587930437671,156.0957908615696,-184.15728984786668,2647.1387471609282
patient_078,322.0,12.88,164.0877259372148,-1440.7742000677722,1828.4556160174157,23.45142580790666,-3709.023790656721,2449.5259874699873,76.56025987234051,-1988.3882747307275,2650.2011575558217
patient_078,323.0,12.92,98.36421474029068,-1643.087779923103,1832.3901846070273,201.04834413243523,4439.922958113215,2457.5679212352848,75.80130526123074,-18.973865277744295,2653.233209766271
patient_078,324.0,12.96,123.38918455203553,625.6242452936214,1837.3257519891088,117.78754537237857,-2081.5199690014165,2462.2794230501795,70.61099689619553,-129.75770912588018,2656.057649642119
patient_078,325.0,13.0,46.08229817532486,-1932.672159417767,1839.1690439161216,80.37095338335926,-935.4147997254827,2465.494261185514,43.01582988021941,-689.879175399403,2657.7782828373274
patient_078,326.0,13.04,9.973420171324802,-902.7219501000013,1839.5679807229744,109.48789073666207,727.92343383257,2469.873776814981,27.47092533296508,-388.62261368135813,2658.877119850646
patient_078,327.0,13.08,49.471997593782554,987.4644355614438,1841.546860626726,107.40979610374848,-51.95236582283975,2474.1701686591305,27.931664400212217,11.518476681178402,2659.9943864266547
patient_078,328.0,13.12,140.69571027564066,2280.5928170464526,1847.1746890377515,154.3620525525552,1173.8064112201685,2480.344650761233,48.46499976503308,513.3333841205215,2661.9329864172555
patient_078,329.0,13.16,235.204032351726,2362.7080519021333,1856.5828503318207,78.74302265640839,-1890.4757474036708,2483.4943716674893,280.1361701153239,5791.779258757271,2673.1384332218686
patient_078,330.0,13.2,277.81428961784366,1065.2564316529415,1867.6954219165345,272.2659530862536,4838.0732607461305,2494.3850097909394,64.36609548707061,-5394.251865706333,2675.7130770413514
patient_078,331.0,13.24,253.58140734405137,-605.8220568448071,1877.8386782102964,326.3272341427496,1351.5320264124,2507.438099156649,309.7243256011822,6133.95575285279,2688.102050065399
patient_078,332.0,13.28,281.61631347734647,700.8726533323774,1889.1033307493904,389.9416292125683,1590.3598767454669,2523.035764325152,401.90775515289005,2304.585738792696,2704.1783602715145
patient_078,333.0,13.32,201.7192027704813,-1997.427767671629,1897.1720988602094,198.40764827372934,-4788.3495234709735,2530.9720702561012,405.87924665890785,99.28728765044497,2720.4135301378706
patient_078,334.0,13.36,196.0408663519581,-141.95841046308004,1905.0137335142877,13.371043399038557,-4625.91512186727,2531.5069119920627,294.78572361724383,-2777.3380760416003,2732.2049590825604
patient_078,335.0,13.4,160.68784806228808,-883.8254572417504,1911.4412474367793,364.7209330397255,8783.747241017172,2546.0957493136516,300.6254461824281,145.99306412960686,2744.2299769298575
patient_078,336.0,13.44,138.55592670760575,-553.2980338670584,1916.9834845050834,152.85423104251066,-5296.66754993037,2552.209918555352,496.25883624123685,4890.834751470218,2764.080330379507
patient_078,337.0,13.48,59.41568817103767,-1978.505963414202,1919.360112031925,180.41527796486977,689.0261730589777,2559.4265296739472,216.86488418090843,-6984.848801508209,2772.754925746743
patient_078,338.0,13.52,37.7068337470445,-542.7213605998294,1920.8683853818065,68.40985136644356,-2800.1356649606555,2562.1629237286047,283.7940284525227,1673.2286067903565,2784.1066868848443
patient_078,339.0,13.56,63.58117293962049,646.8584798143997,1923.4116322993914,95.48209939136403,676.8062006230117,2565.9822077042595,154.32141590314822,-3236.815313734362,2790.27954352097
patient_078,340.0,13.6,77.52260883093196,348.5358972827868,1926.512536652629,63.583500175523945,-797.4649803960021,2568.5255477112805,364.4384703068486,5252.92636009251,2804.857082333244
patient_078,341.0,13.64,73.21829034303619,-107.60796219739426,1929.4412682663503,108.4725120766165,1122.2252975273138,2572.864448194345,169.23086206108255,-4880.1902061441515,2811.6263168156875
patient_078,342.0,13.68,65.61533248940925,-190.07394634067333,1932.065881565927,140.0161841544681,788.5918019462903,2578.465095560524,192.33564210659358,577.6195011377758,2819.319742499951
patient_078,343.0,13.72,106.85945216032991,1031.1029917730164,1936.3402596523401,143.95447296884723,98.45722035947801,2584.2232744792777,95.88180670691997,-2411.34588499184,2823.1550147682283
patient_078,344.0,13.76,104.44541332168518,-60.35097096611821,1940.5180761852075,85.2049112557988,-1468.7390428262106,2587.6314709295098,219.23624063520592,3083.8608482071486,2831.9244643936363
patient_078,345.0,13.8,177.76505708117858,1832.991093987335,1947.6286784684548,706.8770284113197,15541.80292888802,2615.906552065963,573.5243783290969,8857.203442347272,2854.8654395268004
patient_078,346.0,13.84,263.5950992091401,2145.7510531990374,1958.1724824368202,401.1048759729892,-7644.303810958261,2631.950747104882,518.4479508973783,-1376.9106857929642,2875.6033575626952
patient_078,347.0,13.88,270.45930661635396,171.60518518034706,1968.9908547014743,664.1240298396261,6575.478846665924,2658.5157082984674,478.4005643697461,-1001.1846631908043,2894.739380137485
patient_078,348.0,13.92,285.52501506138964,376.64271112589205,1980.4118553039298,380.20717762920617,-7097.921305260499,2673.7239954036354,1067.6114855146761,14730.27302862325,2937.443839558072
patient_078,349.0,13.96,313.39503373333457,696.7504667986234,1992.9476566532633,423.22259836216125,1075.385518323877,2690.6528993381216,515.4709106597195,-13803.514371373916,2958.0626759844604
patient_078,350.0,14.0,209.63081851905554,-2594.1053803569757,2001.3328893940256,177.73477940596908,-6137.195473904804,2697.7622905143608,434.92063086281354,-2013.7569949226488,2975.4595012189734
patient_078,351.0,14.04,180.04014809451226,-739.7667606135819,2008.5344953178062,193.39797994522323,391.5800134813537,2705.4982097121697,75.55452216027943,-8984.152717563353,2978.4816821053846
patient_078,352.0,14.08,181.96592082948078,48.14431837421296,2015.8131321509854,180.55240820473327,-321.13929351224897,2712.720306040359,169.13701682423633,2339.5623665989224,2985.2471627783543
patient_078,353.0,14.12,167.33587855915778,-365.75105675807504,2022.5065672933517,347.5578143719116,4175.135154179458,2726.6226186152358,124.01065822973216,-1128.1589648626043,2990.2075891075433
patient_078,354.0,14.16,113.05414159673985,-1357.0434240604482,2027.028732957221,208.61543083450448,-3473.5595884351783,2734.9672358486155,185.99035998601084,1549.492543906967,2997.6472035069837
patient_078,355.0,14.2,85.66995154608225,-684.6047512664402,2030.4555310190644,174.4931027766534,-853.0582014462773,2741.946959959682,161.092042920309,-622.4579266425458,3004.0908852237962
patient_078,356.0,14.24,106.17003807394211,512.5021631964966,2034.702332542022,66.31551274682087,-2704.439750745813,2744.5995804695544,61.10022006977625,-2499.7955712633193,3006.534894026587
patient_078,357.0,14.28,104.32209890742391,-46.19847916295505,2038.875216498319,163.58864015062227,2431.8281850950348,2751.14312607558,22.70042253541813,-959.9949383589528,3007.442910928004
patient_078,358.0,14.32,35.43678635135464,-1722.1328139017317,2040.2926879523732,31.39016011906888,-3304.962000788835,2752.398732480343,95.10285279670195,1810.0607565320956,3011.247025039872
patient_078,359.0,14.36,53.40078859262173,449.10005603167724,2042.428719496078,72.43338206953626,1026.0805487616847,2755.296067763124,89.39860104314346,-142.60629383896236,3014.8229690815974
patient_078,360.0,14.4,92.80811525343718,985.1831665203863,2046.1410441062153,78.0139040130382,139.51304858754838,2758.4166239236456,14.248814196435454,-1878.7446711676998,3015.3929216494553
patient_078,361.0,14.44,94.95838359294119,53.756708487600235,2049.9393794499333,103.3170051228663,632.5775277457026,2762.5493041285604,46.26178148668797,800.324182256313,3017.2433929089225
patient_078,362.0,14.48,108.12597108690032,329.1896873489783,2054.264418293409,32.11508053034079,-1780.0481148131378,2763.8339073497746,97.84226990809682,1289.5122105352214,3021.1570837052464
patient_078,363.0,14.52,157.99586166371185,1246.7472644202883,2060.5842527599575,241.06208790533086,5223.675184374752,2773.4763908659875,71.61300465260803,-655.73163138722,3024.021603891351
patient_078,364.0,14.56,181.9781765554649,599.5578722938262,2067.8633798221763,296.14342045122436,1377.0333136473375,2785.3221276840363,224.00202839184857,3809.7255934810137,3032.9816850270245
patient_078,365.0,14.6,380.9860745988372,4975.197451084307,2083.1028228061296,392.6411137712344,2412.4423330002514,2801.0277722348856,499.6347747966933,6890.818660121118,3052.967076018892
patient_078,366.0,14.64,330.588700812455,-1259.9343446595553,2096.326370838628,385.6986752506924,-173.56096301354995,2816.4557192449133,579.6676915256677,2000.8229182243597,3076.153783679919
patient_078,367.0,14.68,350.3134329706996,493.1183039561148,2110.338908157456,692.7468362642898,7676.204025339934,2844.1655926954845,689.5896149781404,2748.0480863118173,3103.737368279045
patient_078,368.0,14.72,430.76543003317664,2011.2999265619264,2127.5695253587833,528.9988414795132,-4093.6998696194137,2865.3255463546648,632.7332697486504,-1421.4086307372497,3129.046699068991
patient_078,369.0,14.76,425.379127121582,-134.65757278986672,2144.584690443646,371.1340470535469,-3946.6198606491575,2880.170908236807,360.1198981122139,-6815.334290910912,3143.4514949934796
patient_078,370.0,14.8,169.58519831383936,-6394.848220193566,2151.3680983762,351.57542049783365,-488.9656638928315,2894.23392505672,402.94323535010386,1070.5834309472493,3159.5692244074835
patient_078,371.0,14.84,108.498686259878,-1527.162801349034,2155.708045826595,41.987657377243345,-7739.694078014757,2895.91343135181,223.79782409649917,-4478.635281340117,3168.5211373713437
patient_078,372.0,14.88,69.3488736670294,-978.7453148212151,2158.482000773276,69.76366747164157,694.4002523599556,2898.703978050676,142.3656986916892,-2035.8031351202492,3174.2157653190116
patient_078,373.0,14.92,65.63222754249777,-92.91615311329053,2161.107289874976,106.41659694208188,916.3232367610078,2902.9606419283596,220.3674123249492,1950.0428408315001,3183.0304618120094
patient_078,374.0,14.96,89.72759600459189,602.3842115523529,2164.69639371516,89.67355555518725,-418.5760346723658,2906.5475841505668,88.12336199217124,-3306.1012583194497,3186.555396291696
patient_078,375.0,15.0,70.4847870129446,-481.07022479118234,2167.5157851956774,54.9907378708542,-867.0704421083263,2908.7472136654014,156.98324661882455,1721.4971156663328,3192.834726156449
patient_078,376.0,15.04,140.2255587669586,1743.5192938503506,2173.124807546356,89.82883425921852,870.9524097091082,2912.3403670357698,154.23807798539602,-68.62921583571335,3199.0042492758653
patient_078,377.0,15.08,227.95116370367322,2193.140123417865,2182.2428540945025,407.064210714261,7930.8844113760615,2928.62293546434,481.75225754617986,8187.854489019597,3218.2743395777125
patient_078,378.0,15.12,426.1200910687868,4954.223184127839,2199.287657737254,613.3601206689417,5157.397748867018,2953.1573402910976,634.2401338723179,3812.1969081534503,3243.643944932605
patient_078,379.0,15.16,260.0174640202336,-4152.56567621383,2209.6883562980634,1051.2296515770047,10946.738272701574,2995.2065263541776,1032.4753162065324,9955.879558355364,3284.9429575808663
patient_078,380.0,15.2,517.7575162386755,6443.501305461048,2230.3986569476106,811.7030420595729,-5988.165237935795,3027.6746480365605,947.4458655570247,-2125.736266237692,3322.840792203147
patient_078,381.0,15.24,522.863475434403,127.64897989318627,2251.3131959649863,740.0478891085378,-1791.3788237758781,3057.2765636009017,746.0575329732793,-5034.708314593635,3352.6830935220783
patient_078,382.0,15.28,325.78585031389406,-4926.940628012723,2264.3446299775424,66.27864022198361,-16844.231222163853,3059.927709209781,347.38338125700017,-9966.853792906979,3366.5784287723577
patient_078,383.0,15.32,337.50489526950236,292.9761238902074,2277.8448257883224,211.26205947376965,3624.5854812946513,3068.3781915887316,263.0137090354838,-2109.2418055379085,3377.098977133777
patient_078,384.0,15.36,267.18151567541844,-1758.084489852098,2288.5320864153387,281.0575907376096,1744.8882815959983,3079.620495218236,241.36083471152585,-541.3218580989494,3386.753410522238
patient_078,385.0,15.4,191.7778287902297,-1885.0921721297184,2296.203199566948,233.40595894898783,-1191.2907947155438,3088.9567335761953,137.89319026015343,-2586.6911112843104,3392.269138132644
patient_078,386.0,15.44,121.19831782769235,-1764.4877740634338,2301.0511322800558,74.6258656844988,-3969.502331612226,3091.9417682035755,112.00465950943297,-647.2132687680116,3396.7493245130213
patient_078,387.0,15.48,80.24999960583487,-1023.7079555464369,2304.2611322642892,63.079970306544645,-288.647384448854,3094.4649670158374,54.38029061159996,-1440.6092224458253,3398.9245361374856
patient_078,388.0,15.52,22.10438985181263,-1453.640243850556,2305.145307858362,48.639673619218094,-361.0074171831638,3096.4105539606057,90.53628666321492,903.899901290374,3402.545987604014
patient_078,389.0,15.56,57.39495087846182,882.2640256662296,2307.4411058935,41.03201555983122,-190.19145148467177,3098.051834582999,39.48385136893073,-1276.310882357105,3404.1253416587715
patient_078,390.0,15.6,27.870394272152623,-738.1139151577299,2308.5559216643865,93.25553699459576,1305.5880358691134,3101.7820560627824,86.23015824997498,1168.6576720261062,3407.5745479887705
patient_078,391.0,15.64,47.12074215999621,481.2586971960897,2310.4407513507863,97.6557725560725,110.0058890369187,3105.6882869650253,196.76398825496793,2763.3457501248236,3415.4451075189695
patient_078,392.0,15.68,56.987492221369315,246.66875153432758,2312.720251039641,22.256884614288417,-1884.9721985446024,3106.5785623495967,39.141471195939076,-3940.562926475721,3417.010766366807
patient_078,393.0,15.72,83.02904919469472,651.0389243331351,2316.041413007429,234.98240321941876,5318.137965128259,3115.9778584783735,100.90486031255318,1544.0847279153527,3421.0469607793093
patient_078,394.0,15.76,58.58523033427123,-611.0954715105872,2318.3848222208,50.79531617236849,-4604.6771761762575,3118.009671125268,106.7574097948743,146.3137370580281,3425.317257171104
patient_078,395.0,15.8,169.33895216467175,2768.843045760013,2325.158380307387,224.98958226293578,4354.856652264182,3127.0092544157856,149.36870847510468,1065.2824670057594,3431.2920055101076
patient_078,396.0,15.84,288.268362682318,2973.2352629411566,2336.6891148146797,147.68371592246905,-1932.6466585116684,3132.9166030526844,208.74827852259457,1484.4892511872472,3439.6419366510113
patient_078,397.0,15.88,357.85035797490127,1739.5498823145815,2351.0031291336754,47.1062149154342,-2514.437525175871,3134.8008516493014,489.8618796573688,7027.8400283693545,3459.236411837306
patient_078,398.0,15.92,399.8017757585384,1048.785444590928,2366.995200164017,1041.474255188488,24859.201006826348,3176.459821856841,983.5208250763155,12341.473635473669,3498.5772448403586
patient_078,399.0,15.96,392.6167250946171,-179.6262665980322,2382.699869167802,805.1629371482162,-5907.782951006797,3208.6663393427693,1103.5661456742955,3001.1330149494997,3542.7198906673307
patient_078,400.0,16.0,353.15562211200677,-986.5275745652582,2396.826094052282,896.6115971985067,2286.216501257263,3244.53080323071,707.703537155537,-9896.565212968962,3571.028032153552
patient_078,401.0,16.04,485.87477870939955,3317.9789149348194,2416.261085200658,549.1221036074751,-8687.237339775791,3266.495687375009,684.0342473185148,-591.7322459255558,3598.3894020462926
patient_078,402.0,16.08,216.07445156172363,-6745.008178691898,2424.904063263127,386.0223538475009,-4077.493743999355,3281.9365815289084,337.9519555864781,-8652.057293300917,3611.907480269752
patient_078,403.0,16.12,112.8907980431491,-2579.5913379643634,2429.4196951848526,438.1339162621796,1302.7890603669675,3299.4619381793955,297.6544376174014,-1007.4379492269173,3623.813657774448
patient_078,404.0,16.16,43.42812224777289,-1736.5668948844054,2431.156820074764,143.1906081276463,-7373.582703363331,3305.1895625045013,84.97265537030513,-5317.044556177408,3627.21256398926
patient_078,405.0,16.2,29.61019811395245,-345.448103345511,2432.3412279993217,72.3201768936558,-1771.7607808497626,3308.0823695802474,215.72287723169143,3268.7555465346577,3635.8414790785278
patient_078,406.0,16.24,38.21474185328556,215.11359348332775,2433.869817673453,46.2970377986347,-650.5784773755275,3309.934251092193,61.44416934380941,-3856.9676971970503,3638.2992458522804
patient_078,407.0,16.28,27.0846476164127,-278.2523559218215,2434.95320357811,439.8907252953241,9839.842187417236,3327.5298801040058,310.2140685667344,6219.247480573124,3650.7078085949497
patient_078,408.0,16.32,92.16360458371328,1626.9739241825146,2438.6397477614582,24.98381220292705,-10372.672827309927,3328.5292325921228,40.95926637268938,-6731.370054851125,3652.346179249858
patient_078,409.0,16.36,31.481413931204575,-1517.0547663127177,2439.8990043187064,162.90018553400358,3447.909333276913,3335.045240013483,60.164344263894,480.1269472801156,3654.7527530204134
patient_078,410.0,16.4,79.64421451747148,1204.0700146566728,2443.0847728994054,242.50980356043465,1990.2404506607766,3344.7456321559002,343.2140316331987,7076.242184232618,3668.481314285741
patient_078,411.0,16.44,305.49570840146055,5646.2873470997265,2455.304601235464,375.00842124570545,3312.46544213177,3359.745969005728,720.2445083035897,9425.761916759773,3697.2910946178845
patient_078,412.0,16.48,391.7903420539282,2157.365841311692,2470.9762149176213,858.47949683354,12086.776889695864,3394.0851488790695,633.3928008406913,-2171.29268657246,3722.626806651512
patient_078,413.0,16.52,189.89926668794587,-5047.276884149559,2478.572185585139,808.8580166053798,-1240.5370057040045,3426.4394695432843,659.7856038184026,659.8200744427828,3749.018230804248
patient_078,414.0,16.56,173.79875713129852,-402.5127389161838,2485.524135870391,456.9469398130843,-8797.776919807387,3444.7173471358083,423.8293404259114,-5898.906584812279,3765.9714044212847
patient_078,415.0,16.6,117.3932615814193,-1410.1373887469804,2490.2198663336476,115.61794456842918,-8533.224881116379,3449.342064918545,179.0868817201489,-6118.561467644063,3773.134879690091
patient_078,416.0,16.64,109.51617839464572,-196.92707966933938,2494.6005134694337,86.95031459244206,-716.6907493996781,3452.820077502243,508.2497574174963,8229.071892433685,3793.4648699867907
patient_078,417.0,16.68,65.79744395052388,-1092.968361103046,2497.2324112274546,425.4026463659144,8461.308294336808,3469.8361833568792,191.74910457926225,-7912.5163209558505,3801.134834169961
patient_078,418.0,16.72,76.91852591126975,278.0270490186467,2500.3091522639056,85.4377517401414,-8499.122365644325,3473.253693426485,136.05751271917032,-1392.2897965022983,3806.577134678728
patient_078,419.0,16.76,9.960183577602841,-1673.9585583416726,2500.70755960701,48.37634390045212,-926.5351959922318,3475.188747182503,29.829590869064283,-2655.6980462526512,3807.77031831349
patient_078,420.0,16.8,84.33253466129698,1859.3087770923532,2504.0808609934616,47.360070798477665,-25.406827549361388,3477.083150014442,158.7600520385097,3223.261529236136,3814.1207203950307
patient_078,421.0,16.84,47.084899764164724,-931.1908724283063,2505.9642569840285,61.774971229548164,360.3725107767625,3479.554148863624,67.90699064719794,-2271.326534782794,3816.837000020919
patient_078,422.0,16.88,96.9036975582788,1245.4699448528518,2509.8404048863595,90.78183623304824,725.1716250875019,3483.185422312946,85.32940023304444,435.56023964616236,3820.2501760302407
patient_078,423.0,16.92,67.45605698401516,-736.1910143565908,2512.5386471657202,22.810090597757547,-1699.2936408822673,3484.097825936856,60.641563420573675,-617.1959203117691,3822.6758385670637
patient_078,424.0,16.96,82.46381224990009,375.19388164712313,2515.837199655716,94.1200854987564,1782.7498725249711,3487.8626293568063,90.92464169739371,757.0769569205008,3826.3128242349594
patient_078,425.0,17.0,35.10621640602764,-1183.939896096811,2517.2414483119574,41.29901553840968,-1320.526749008668,3489.5145899783424,53.86397177295403,-926.516748110992,3828.4673831058776
patient_078,426.0,17.04,8.612834735438472,-662.3345417647292,2517.585961701375,49.81053414165813,212.78796508121135,3491.5070113440083,84.17291192285141,757.7235037474345,3831.834299582792
patient_078,427.0,17.08,28.87870872558821,506.6468497537435,2518.7411100503987,51.705469261200406,47.373377988556875,3493.5752301144566,44.32140643573776,-996.2876371778414,3833.607155840221
patient_078,428.0,17.12,46.81830275526258,448.4898507418592,2520.6138421606092,38.76151119902937,-323.59895155427586,3495.1256905624177,22.776996382567773,-538.6102513292495,3834.518235695524
patient_078,429.0,17.16,11.886049046434605,-873.3063427206993,2521.089284122467,14.13412586858621,-615.6846332610791,3495.6910555971613,6.62155308333863,-403.8860824807286,3834.7830978188576
patient_078,430.0,17.2,17.149755458567434,131.5926603033207,2521.775274340809,77.7995546123532,1591.635718594175,3498.8030377816553,67.81430344065927,1529.818758933016,3837.4956699564837
patient_078,431.0,17.24,45.11550131349085,699.1436463730855,2523.579894393349,71.13082876181102,-166.7181462635547,3501.648270932128,89.40922544837953,539.8730501930064,3841.0720389744192
patient_078,432.0,17.28,120.69550297971169,1889.500041655521,2528.4077145125375,98.93287031488879,695.0510388269443,3505.6055857447236,64.53618084996873,-621.82611496027,3843.653486208418
patient_078,433.0,17.32,30.29608286339123,-2259.9855029080113,2529.6195578270726,116.36515827965114,435.8071991190588,3510.26019207591,53.20830899853025,-283.196796285962,3845.781818568359
patient_078,434.0,17.36,38.92000559630777,215.5980683229134,2531.176358050925,74.29457818182235,-1051.76450244572,3513.2319752031826,24.73287085511215,-711.8859535854525,3846.7711334025635
patient_078,435.0,17.4,11.580095603211973,-683.4977498273948,2531.6395618750535,49.960753466343135,-608.3456178869802,3515.230405341836,45.37247900221586,515.9902036775928,3848.586032562652
patient_078,436.0,17.44,17.247634794603506,141.68847978478834,2532.329467266838,32.360829874188404,-439.99808980386825,3516.5248385368036,27.16049943585786,-455.29948915895,3849.6724525400864
patient_078,437.0,17.48,30.809139476169285,339.0376170391445,2533.561832845885,49.08498421104057,418.10385842130415,3518.4882379052456,124.31747693261772,2428.9244374189966,3854.6451516173906
patient_078,438.0,17.52,72.06466447630221,1031.3881250033232,2536.4444194249368,160.18452235826297,2777.4884536805603,3524.8956187995764,129.8564063518858,138.4732354817018,3859.8394078714664
patient_078,439.0,17.56,74.78562679326735,68.02405792412856,2539.4358444966674,77.53693453326096,-2066.1896956250503,3527.9970961809067,14.78933914372676,-2876.6766802039756,3860.4309814372155
patient_078,440.0,17.6,8.463782590729172,-1658.0461050634547,2539.7743958002966,44.60910630962265,-823.1957055909577,3529.7814604332916,13.847106873658605,-23.555806751703877,3860.9848657121615
patient_078,441.0,17.64,16.02952065677582,189.14345165116617,2540.4155766265676,43.16792358589397,-36.029568093217,3531.508177376727,16.913277388752395,76.65426287734473,3861.6613968077118
patient_078,442.0,17.68,20.14877333842636,102.9813170412635,2541.2215275601047,14.24731493091849,-723.015216374387,3532.078069973964,49.7273497502438,820.3518090372853,3863.6504907977214
patient_078,443.0,17.72,59.378644252025644,980.7467728399821,2543.5966733301857,56.94816761070835,1067.5213169947465,3534.3559966783923,100.02514186454681,1257.4448028575753,3867.6514964723033
patient_078,444.0,17.76,216.6552503151036,3931.9151515769486,2552.26288334279,403.33699798018245,8659.720759236852,3550.4894765975996,29.366666184116454,-1766.461892010759,3868.826163119668
patient_078,445.0,17.8,181.65155221044324,-875.0924526165086,2559.528945431208,241.13175581913316,-4055.131054026232,3560.134746830365,193.61714744169475,4106.262031439458,3876.5708490173356
patient_078,446.0,17.84,182.47084589611464,20.482342141784926,2566.8277792670524,492.70686382787017,6289.377700218425,3579.84302138348,259.44664827677593,1645.7375208770295,3886.9487149484066
patient_078,447.0,17.88,229.9358279317181,1186.6245508900868,2576.025212384321,205.29425947198965,-7185.315108897013,3588.05479176236,464.92894158774425,5137.057332774208,3905.5458726119164
patient_078,448.0,17.92,192.47546328154417,-936.5091162543486,2583.724230915583,596.7105153340184,9785.406396550718,3611.9232123757206,702.1225778360143,5929.840906206752,3933.6307757253567
patient_078,451.0,18.04,,,2583.724230915583,,,3611.9232123757206,,,3933.6307757253567
patient_078,452.0,18.08,291.02668326546285,,2595.3652982462013,503.9065613155517,,3632.079474828343,351.30895635912566,,3947.6831339797213
patient_078,453.0,18.12,202.61486134497946,-2210.295548012085,2603.4698927000004,322.81475222729017,-4527.295227206539,3644.9920649174346,328.4888178436807,-570.5034628861242,3960.8226866934688
patient_078,454.0,18.16,44.3363231225851,-3956.963455559859,2605.243345624904,182.1767219853594,-3515.9507560482693,3652.2791337968492,175.8214373015251,-3816.68451355389,3967.8555441855297
patient_078,455.0,18.2,123.61752831052607,1982.0301296985242,2610.188046757325,114.32095086651341,-1696.3942779711494,3656.8519718315097,150.78422491226465,-625.9303097315112,3973.88691318202
patient_078,456.0,18.24,150.39366595617003,669.4034411410989,2616.203793395572,211.2358678796363,2422.8729253280717,3665.301406546695,223.35519474031128,1814.2742457011657,3982.821120971633
patient_078,457.0,18.28,71.93770314746888,-1961.3990702175286,2619.081301521471,250.71978016690747,987.0978071817796,3675.3301977533715,281.17499894380717,1445.4951050873974,3994.0681209293853
patient_078,458.0,18.32,85.45862459415142,338.0230361670634,2622.499646505237,412.6176306893753,4047.4462630616954,3691.8349029809465,330.04873682839764,1221.8434471147616,4007.270070402521
patient_078,459.0,18.36,119.7272886631965,856.7166017261272,2627.2887380517645,191.43258284450286,-5529.626196121811,3699.492206294726,330.6037541978413,13.875434236091166,4020.4942205704347
patient_078,460.0,18.4,201.96548871226733,2055.9550012267705,2635.3673576002557,497.3942663601943,7649.042087892286,3719.387976949134,255.4157116785011,-1879.7010629835042,4030.710849037575
patient_078,461.0,18.44,44.305372581406,-3941.5029032715333,2637.139572503512,28.36790365706547,-11725.65906757822,3720.522693095417,54.06765722567647,-5033.701361320616,4032.873555326602
patient_078,462.0,18.48,89.67380828476198,1134.2108925838995,2640.726524834902,327.91642001194265,7488.712908871929,3733.6393498958946,167.34598749472514,2831.958256726217,4039.567394826391
patient_078,463.0,18.52,137.47840323121702,1195.114873661376,2646.225660964151,46.89361010109148,-7025.570247771278,3735.515094299938,162.14474036523347,-130.03117823729156,4046.053184441
patient_078,464.0,18.56,139.38274644742606,47.608580405226064,2651.8009708220484,216.1556556410285,4231.551138498425,3744.161320525579,148.6613758930143,-337.0841118054791,4051.999639476721
patient_078,465.0,18.6,171.03648808672622,791.3435409825041,2658.6424303455174,316.05072337393983,2497.3766933227835,3756.803349460536,72.61291510817095,-1901.2115196210839,4054.904156081048
patient_078,466.0,18.64,56.685273440027885,-2858.7803661674584,2660.9098412831186,102.85197232840444,-5329.968776138385,3760.9174283536727,42.891902222550804,-743.0253221405037,4056.61983216995
patient_078,467.0,18.68,52.78436001659246,-97.52283558588566,2663.0212156837824,304.01650887302117,5029.113413615419,3773.078088708594,56.35115976777573,336.4814386306231,4058.8738785606606
patient_078,468.0,18.72,213.62783095200714,4021.0867733853675,2671.566328921863,435.1161835793192,3277.4918676574516,3790.4827360517666,368.5678047070702,7805.416123482362,4073.616590748943
patient_078,469.0,18.76,88.97272777388072,-3116.3775794531607,2675.1252380328183,251.07872464219295,-4600.936473428157,3800.5258850374544,95.34189252113596,-6830.647804648356,4077.4302664497886
patient_078,470.0,18.8,118.92510468936716,748.809422887161,2679.882242220393,110.73594200103764,-3508.569566028883,3804.9553227174956,68.17172066655478,-679.2542963645296,4080.1571352764504
patient_078,471.0,18.84,18.81278025548332,-2502.808110847096,2680.634753430612,11.03544351456584,-2492.512462161795,3805.3967404580785,18.73413390728543,-1235.9396689817338,4080.906500632742
patient_078,472.0,18.88,13.02176720244903,-144.7753263258573,2681.15562411871,141.85297371846767,3270.438255097546,3811.0708594068174,151.67286453740277,3323.4682657529333,4086.9734152142382
patient_078,473.0,18.92,109.80829982565804,2419.663315580225,2685.5479561117363,65.70434499710379,-1903.7157180340969,3813.6990332067016,121.94790417108226,-743.1240091580129,4091.8513313810818
patient_078,474.0,18.96,96.11700161886968,-342.282455169709,2689.392636176491,326.7498403959662,6526.13738497156,3826.76902682254,175.22370516130343,1331.8950247555292,4098.860279587534
patient_078,475.0,19.0,131.84357993006162,893.1644577797986,2694.6663793736934,210.8368884173785,-2897.8237994646925,3835.2025023592355,203.03388163272308,695.2544117854914,4106.981634852843
patient_078,476.0,19.04,137.19854556995253,133.87414099727266,2700.1543211964913,46.271774151839075,-4114.127856638485,3837.053373325309,184.79968169649356,-455.8549984057379,4114.373622120703
patient_078,477.0,19.08,136.11130147258916,-27.18110243408418,2705.598773255395,268.5951147047972,5558.083513823953,3847.7971779135014,212.19723461435478,684.9388229465305,4122.861511505277
patient_078,478.0,19.12,115.06813089217434,-526.0792645103706,2710.201498491082,212.2189357659733,-1409.4044734705974,3856.28593534414,83.81885211208312,-3209.4595625567918,4126.2142655897605
patient_078,479.0,19.16,77.37336641033924,-942.3691120458774,2713.2964331474955,174.5445800285508,-941.8588934355625,3863.267718545282,39.52177525149618,-1107.4269215146735,4127.795136599821
patient_078,480.0,19.2,114.44380422765046,926.7609454327804,2717.874185316601,337.9445589000056,4084.999471786369,3876.785500901283,65.13961731897024,640.4460516868514,4130.40072129258
patient_078,481.0,19.24,107.86476675124827,-164.4759369100548,2722.188775986651,222.87323722106277,-2876.78304197357,3885.7004303901253,107.45762254742486,1057.9501307113655,4134.699026194477
patient_078,482.0,19.28,12.328699849160854,-2388.401672552185,2722.6819239806173,16.394098772126785,-5161.978461223399,3886.3561943410105,56.87241612828074,-1264.630160478603,4136.973922839607
patient_078,483.0,19.32,155.46750523071185,3578.4701345387753,2728.900624189846,314.9041615192898,7462.751568679076,3898.9523608017817,451.9196522371546,9876.180902721846,4155.050708929094
patient_078,484.0,19.36,305.9156318601462,3761.2031657358593,2741.137249464252,523.19660865332,5207.311178350756,3919.8802251479146,790.9562155071277,8475.914081749328,4186.688957549379
patient_078,485.0,19.4,324.3649575315156,461.23314178423414,2754.1118477655127,620.4601371884346,2431.588213377864,3944.698630635452,869.1386893226338,1954.5618453876527,4221.454505122284
patient_078,486.0,19.44,148.35245281522893,-4400.312617907166,2760.045945878122,740.1939276029212,2993.3447603621657,3974.3063877395684,653.2738555529279,-5396.620844242648,4247.585459344401
patient_078,487.0,19.48,256.04796435190906,2692.3877884170033,2770.2878644521984,565.5688895100072,-4365.62595232285,3996.9291433199687,322.5376102567421,-8268.406132404645,4260.486963754671
patient_078,488.0,19.52,162.06692622435847,-2349.5259531887646,2776.770541501173,197.37315622374157,-9204.89333215664,4004.8240695689183,226.7202868519392,-2395.433085120072,4269.555775228748
patient_078,489.0,19.56,161.14772466890395,-22.98003888636302,2783.216450487929,99.66257284746162,-2442.764584406999,4008.8105724828165,166.53121802924034,-1504.7267205674714,4276.217023949917
patient_078,490.0,19.6,109.22740605094222,-1298.0079654490432,2787.585546729966,75.06572005182785,-614.9213198908442,4011.81320128489,181.68930498446667,378.95217388065845,4283.4845961492965
patient_078,491.0,19.64,113.21849593860038,99.77724719145407,2792.1142865675106,137.63421005878644,1564.2122501739645,4017.3185696872415,113.86613364067796,-1695.579283594718,4288.039241494924
patient_078,492.0,19.68,97.99411411291955,-380.6095456420209,2796.0340511320273,211.4517416272215,1845.4382892108767,4025.7766393523307,197.66106693137263,2094.873332267367,4295.9456841721785
patient_078,493.0,19.72,25.840608753148437,-1803.837633994278,2797.0676754821534,30.168940572483756,-4532.070026368444,4026.9833969752303,8.778207478702747,-4722.071486316747,4296.296812471326
patient_078,494.0,19.76,34.1201205856951,206.9877958136665,2798.432480305581,91.73503282267147,1539.1523062546928,4030.6527982881375,42.2719842647767,837.3444196518487,4297.987691841917
patient_078,495.0,19.8,47.33328604150684,330.3291363952935,2800.3258117472415,142.13498620540108,1259.9988345682402,4036.338197736354,48.7648293104422,162.3211261416376,4299.938285014335
patient_078,496.0,19.84,48.035371639651714,17.552139953621904,2802.2472266128275,63.7236939051432,-1960.282307506447,4038.8871454925593,20.595963958474158,-704.2216337992011,4300.762123572674
patient_078,497.0,19.88,54.15668562873302,153.0328497270327,2804.413494037977,52.68729174533059,-275.91005399531525,4040.9946371623723,64.60489226689373,1100.2232077104893,4303.34631926335
patient_078,498.0,19.92,89.37149004998253,880.3701105312376,2807.988353639976,51.61066450083028,-26.915681112507706,4043.059063742405,43.382425372749516,-530.5616723536053,4305.08161627826
patient_078,499.0,19.96,107.27784159599254,447.65878865025036,2812.2794673038156,26.537869669546556,-626.8198707820932,4044.120578529187,16.64602152123686,-668.4100962878164,4305.747457139109
patient_078,500.0,20.0,87.50747493609744,-494.2591664973776,2815.7797663012593,99.61939423345335,1827.03811409767,4048.105354298525,185.01461602940623,4209.214862704234,4313.148041780286
patient_078,501.0,20.04,85.79125527286186,-42.90549158088943,2819.2114165121743,335.5924443331039,5899.326252491263,4061.529052071849,112.05703910912767,-1823.9394230069638,4317.6303233446515
patient_078,502.0,20.08,127.1839156868191,1034.8165103489312,2824.298773139647,277.83808401472817,-1443.8590079593937,4072.642575432438,88.30782811208967,-593.7302749259502,4321.162636469135
patient_078,503.0,20.12,249.76674138020675,3064.570642334691,2834.2894427948554,276.6170444631118,-30.525988790408576,4083.707257210963,275.1649095467639,4671.4270358668555,4332.169232851005
patient_078,504.0,20.16,257.56640436241855,194.991574555295,2844.5920989693523,454.36103090301293,4443.599660997527,4101.881698447083,286.51301237747793,283.70257076785066,4343.629753346104
patient_078,505.0,20.2,310.33035420002375,1319.09874594013,2857.005313137353,895.050699624892,11017.241718046977,4137.683726432079,885.2317078888657,14967.967387784694,4379.039021661658
patient_078,506.0,20.24,253.79103060855945,-1413.4830897866075,2867.156954361695,687.5332894263709,-5187.9352549630285,4165.185058009134,517.4390951159155,-9194.815319323754,4399.736585466295
patient_078,507.0,20.28,247.79910458732923,-149.7981505307557,2877.0689185451884,479.9627850108791,-5189.262610387294,4184.383569409569,447.14099222676373,-1757.4525722287945,4417.622225155365
patient_078,508.0,20.32,74.81120086531264,-4324.697593050415,2880.061366579801,17.77727835928239,-11554.637666289918,4185.09466054394,323.11285521887817,-3100.703425197139,4430.54673936412
patient_078,509.0,20.36,55.7462879639785,-476.6228225333535,2882.2912180983603,161.43329504208648,3591.400417070102,4191.551992345623,186.70696267703175,-3410.14731354616,4438.015017871202
patient_078,510.0,20.4,40.8093834563718,-373.4226126901676,2883.923593436615,216.46705342245218,1375.8439595091425,4200.210674482521,96.81871852636556,-2247.206103766655,4441.887766612256
patient_078,511.0,20.44,43.782143097878595,74.31899103766995,2885.6748791605305,219.2206837295962,68.84075767860054,4208.979501831705,64.31447082034676,-812.60619265047,4444.460345445071
patient_078,512.0,20.48,53.439533829311635,241.434768285826,2887.8124605137027,55.69266448735055,-4088.200481056141,4211.2072084112,136.75077477105435,1810.90759876769,4449.930376435912
patient_078,513.0,20.52,59.64807799769318,155.21360420953857,2890.198383633611,122.37765967147371,1667.1248796030789,4216.102314798059,114.7682973572805,-549.5619353443462,4454.521108330204
patient_078,514.0,20.56,63.11397128170502,86.64733210029603,2892.7229424848792,111.67977250870446,-267.4471790692312,4220.569505698407,162.33764014195913,1189.2335696169657,4461.014613935882
patient_078,515.0,20.6,54.02004113846806,-227.348253580924,2894.883744130418,62.18939605195677,-1237.2594114186923,4223.057081540484,24.543233011620234,-3444.8601782584724,4461.996343256347
patient_078,516.0,20.64,72.67305647258519,466.3253833529282,2897.7906663893214,147.0056384706788,2120.406060468051,4228.937307079312,272.653979364558,6202.768658823444,4472.902502430929
patient_078,517.0,20.68,83.55104791579798,271.9497860803198,2901.132708305953,159.14923388997806,303.58988548248146,4235.303276434912,129.33024034999275,-3583.093475364131,4478.07571204493
patient_078,518.0,20.72,99.48785916101271,398.42028113036815,2905.112222672394,148.83736942079994,-257.79661172945293,4241.256771211743,53.31752669747488,-1900.317841312947,4480.208413112829
patient_078,519.0,20.76,82.30189017811212,-429.64922457251475,2908.404298279519,362.8373773551243,5350.00019835811,4255.770266305949,181.3486543857055,3200.778192205765,4487.462359288256
patient_078,520.0,20.8,149.15701919974157,1671.3782255407364,2914.3705790475087,121.60868888740917,-6030.717211692879,4260.634613861445,165.03109827096256,-407.9389028685732,4494.063603219095
patient_078,521.0,20.84,146.89089710693503,-56.65305232016351,2920.2462149317857,201.1425196305562,1988.3457685786755,4268.680314646667,106.61525844556927,-1460.3959956348324,4498.328213556918
patient_078,522.0,20.88,97.50199586841966,-1234.7225309628843,2924.1462947665223,125.74920118866568,-1884.8329610472629,4273.710282694214,152.73325407667997,1152.9498907777675,4504.437543719985
patient_078,523.0,20.92,37.40595750619512,-1502.4009590556134,2925.6425330667703,32.600481220356656,-2328.7179992077254,4275.014301943028,127.2048639271417,-638.2097537384567,4509.525738277071
patient_078,524.0,20.96,51.34738717440671,348.53574170528975,2927.6964285537465,109.25623275692193,1916.393788414132,4279.384551253304,166.83093169249412,990.6516941338105,4516.19897554477
patient_078,525.0,21.0,91.32996861992434,999.5645361379408,2931.349627298544,445.38009874089767,8403.096649599394,4297.199755202941,299.1749986056497,3308.6016728288896,4528.165975488996
patient_078,526.0,21.04,70.12331000388606,-530.1664654009571,2934.1545596986994,106.51308062055026,-8471.675453008686,4301.460278427763,54.38686500071023,-6119.703340123487,4530.341450089025
patient_078,527.0,21.08,112.19216740147539,1051.7214349397332,2938.6422463947583,330.74092109322333,5605.696011816827,4314.689915271491,149.8829079084566,2387.401072693659,4536.336766405363
patient_078,528.0,21.12,75.36642300633923,-920.6436098784038,2941.6569033150117,170.67805882794548,-4001.5715566319464,4321.51703762461,22.42513631239559,-3186.444289901525,4537.233771857858
patient_078,529.0,21.16,176.08217305197672,2517.893751140937,2948.700190237091,70.05877215083004,-2515.482166927886,4324.319388510643,100.33797772944658,1947.8210354262746,4541.247290967036
patient_078,530.0,21.2,158.60220102788952,-436.9993006021801,2955.0442782782065,164.73877034511193,2366.999954857047,4330.908939324448,163.49385758736582,1578.896996447981,4547.787045270531
patient_078,531.0,21.24,142.5103966060793,-402.2951105452556,2960.74469414245,94.70112375745369,-1750.9411646914562,4334.696984274746,123.99124213386884,-987.5653863374247,4552.746694955886
patient_078,532.0,21.28,109.07979646477531,-835.7650035325996,2965.107886001041,25.740172955679657,-1724.0237700443508,4335.726591192973,54.00167169800065,-1749.7392608967048,4554.906761823806
patient_078,533.0,21.32,76.92338187834112,-803.9103646608548,2968.1848212761747,219.24157124473047,4837.53495722627,4344.496254042761,129.37748485985884,1884.3953290464547,4560.0818612182
patient_078,534.0,21.36,170.07377789808524,2328.7599004936033,2974.987772392098,241.62206445352172,559.5123302197812,4354.161136620902,205.7690942543411,1909.7902348620564,4568.3126249883735
patient_078,535.0,21.4,292.1801000681615,3052.6580542519064,2986.674976394824,443.8890436778121,5056.674480607259,4371.916698368015,443.95791415760226,5954.720497581529,4586.070941554677
patient_078,536.0,21.44,227.09455938383397,-1627.1385171081881,2995.758758770178,642.2692325522313,4959.5047218604805,4397.607467670105,694.2723926073139,6257.861961242791,4613.8418372589695
patient_078,537.0,21.48,204.15607015559956,-573.4622307058601,3003.925001576402,776.1828077114355,3347.839378980106,4428.654779978561,724.5253701048263,756.3244374378087,4642.822852063163
patient_078,538.0,21.52,217.94676199828695,344.7672960671845,3012.6428720563335,448.6479295084467,-8188.371955074722,4446.6006971588995,353.6109457433973,-9272.860609035724,4656.967289892898
patient_078,539.0,21.56,255.25131049641533,932.6137124532096,3022.8529244761903,576.888425295794,3206.012394683684,4469.676234170731,822.1288542421202,11712.947712468072,4689.852444062583
patient_078,540.0,21.6,263.4903685119794,205.97645038910173,3033.3925392166693,170.5453215722668,-10158.577593088181,4476.498047033621,91.42421175323238,-18267.616062222194,4693.509412532712
patient_078,541.0,21.64,161.76345309369364,-2543.172885457144,3039.863077340417,215.58025449618512,1125.873323097958,4485.121257213469,407.3697199613939,7898.637705204038,4709.804201331168
patient_078,542.0,21.68,101.24974660251502,-1512.8426622794657,3043.9130672045176,67.373207634732,-3705.176171536328,4487.816185518859,231.29555031145114,-4401.854241248569,4719.056023343626
patient_078,543.0,21.72,106.80059340979703,138.77117018205035,3048.1850909409095,142.2203232986016,1871.1778915967404,4493.504998450803,116.18809429252555,-2877.6864004731397,4723.703547115327
patient_078,544.0,21.76,60.13256486243336,-1166.7007136840916,3050.5903935354067,72.14947529168052,-1751.7712001730274,4496.39097746247,36.81628088669534,-1984.2953351457552,4725.176198350795
patient_078,545.0,21.8,43.48163777139375,-416.2731772759903,3052.3296590462623,138.66651390639743,1662.9259653679228,4501.937638018726,28.564008386880772,-206.30681249536417,4726.31875868627
patient_078,546.0,21.84,11.121625865533677,-809.000297646502,3052.7745240808836,71.45095784440733,-1680.3889015497525,4504.795676332503,27.485439224501572,-26.964229059479994,4727.41817625525
patient_078,547.0,21.88,7.167572478647172,-98.85133467216261,3053.0612269800295,65.11450556839432,-158.41130690032514,4507.400256555238,50.80485106506043,582.9852960139715,4729.450370297852
patient_078,548.0,21.92,21.283834922919127,352.90656110679885,3053.912580376946,123.92396988719064,1470.236607969908,4512.357215350726,87.41757860342227,915.3181884590459,4732.947073441989
patient_078,549.0,21.96,83.56740055282219,1557.0891407475767,3057.2552763990593,97.87002892017823,-651.3485241753102,4516.272016507533,42.277593626683945,-1128.499624418458,4734.6381771870565
patient_078,550.0,22.0,92.07651799113276,212.7279359577642,3060.938337118705,60.527435246409624,-933.5648418442152,4518.693113917389,42.60662238482863,8.22571895361719,4736.342442082449
patient_078,551.0,22.04,48.91065771470974,-1079.1465069105755,3062.894763427293,62.89390389475678,59.16171620867896,4521.20887007318,63.12871220427252,513.0522454860971,4738.86759057062
patient_078,552.0,22.08,35.55098344056198,-333.9918568536941,3064.316802764916,63.06892915762311,4.3756315716581895,4523.731627239485,118.14328628104774,1375.3643519193804,4743.593322021862
patient_078,553.0,22.12,24.06900518306094,-287.0494564375259,3065.279562972238,76.71397341472573,341.12610642756545,4526.800186176074,49.45210571282777,-1717.279514205499,4745.571406250376
patient_078,554.0,22.16,60.8830538005122,920.3512154362816,3067.7148851242587,53.40594353859785,-582.7007469031969,4528.9364239176175,95.05528262876922,1140.0794228985362,4749.373617555527
patient_078,555.0,22.2,104.93999656861934,1101.4235692026784,3071.912484987003,255.30882574605315,5047.572055186382,4539.14877694746,43.57145595647558,-1287.0956668073409,4751.116475793786
patient_078,556.0,22.24,130.27787964367056,633.4470768762806,3077.1236001727502,144.40579863979065,-2772.5756776565627,4544.925008893051,218.30622862414805,4368.369316691812,4759.848724938752
patient_078,557.0,22.28,135.9079230289141,140.75108463108847,3082.559917093907,144.56557240825805,3.9943442116850747,4550.707631789382,251.50038217300647,829.8538387214605,4769.908740225672
patient_078,558.0,22.32,181.73324548232657,1145.6330613353116,3089.8292469132007,138.21174630163256,-158.84565266563726,4556.236101641447,249.14818016336096,-58.805050241137735,4779.8746674322065
patient_078,559.0,22.36,255.03941039257663,1832.6541227562516,3100.030823328904,302.74210123441173,4113.25887331948,4568.3457856908235,415.1330036563601,4149.620587324978,4796.479987578461
patient_078,560.0,22.4,258.77412740035464,93.36792519445041,3110.3817884249174,669.630260401878,9172.203979186655,4595.130996106898,619.617595561031,5112.114797616772,4821.264691400902
patient_078,561.0,22.44,374.133391144179,2883.981593595608,3125.3471240706845,825.473848250052,3896.0896962043507,4628.149950036901,908.7175969331777,7227.500034303668,4857.613395278229
patient_078,562.0,22.48,310.27198606452987,-1596.5351269912276,3137.758003513266,592.523042087261,-5823.770154069774,4651.850871720391,814.4004443054188,-2357.9288156939724,4890.189413050446
patient_078,563.0,22.52,413.04227157754747,2569.2571378254397,3154.279694376368,495.8759517129433,-2416.1772593579444,4671.685909788908,526.7519926735438,-7191.211290796875,4911.259492757387
patient_078,564.0,22.56,231.41945279118855,-4540.570469658973,3163.5364724880155,545.9217171255012,1251.144135313949,4693.522778473928,543.449723390987,417.4432679360791,4932.997481693027
patient_078,565.0,22.6,80.9942780941473,-3760.6293674260314,3166.7762436117814,156.98027272086472,-9723.536110115912,4699.801989382762,271.30271143299154,-6803.6752989498855,4943.849590150347
patient_078,566.0,22.64,102.8116573689425,545.4344818698801,3170.888709906539,126.89080837950092,-752.2366085340948,4704.877621717943,112.69266484223077,-3965.251164769019,4948.357296744036
patient_078,567.0,22.68,105.25825221675667,61.16487119535421,3175.0990399952093,90.15442661043109,-918.4095442267459,4708.483798782359,53.604017319421615,-1477.2161880702288,4950.501457436813
patient_078,568.0,22.72,22.922266437065804,-2058.399644492272,3176.0159306526916,69.06825222571945,-527.154359617791,4711.246528871389,33.16650115785441,-510.93790403918007,4951.828117483127
patient_078,569.0,22.76,72.15647985927369,1230.8553355551971,3178.902189847063,132.65697332180176,1589.7180274020577,4716.552807804261,109.5696885996796,1910.0796860456296,4956.210905027114
patient_078,570.0,22.8,67.68802397586109,-111.71139708531506,3181.609710806097,176.8272662889804,1104.2573241794664,4723.62589845582,244.5784031597321,3375.2178640013126,4965.9940411535035
patient_078,571.0,22.84,207.23010387216968,3488.5519974077147,3189.898914960984,275.2726582947096,2461.134800143229,4734.6368047876085,301.49816824356463,1422.9941270958136,4978.053967883246
patient_078,572.0,22.88,310.7747991173603,2588.617381129766,3202.329906925678,328.35884335541976,1327.1546265177549,4747.771158521826,232.7472264577929,-1718.7735446442937,4987.363856941558
patient_078,573.0,22.92,289.7639574191994,-525.2710424540226,3213.920465222446,1201.7394513718505,21834.515200410766,4795.8407365767,1397.1616329491928,29110.360162284996,5043.250322259525
patient_078,574.0,22.96,270.8129950717763,-473.77405868557787,3224.7529850253172,818.503707074912,-9580.893607423463,4828.580884859696,971.0882437545933,-10651.834729864988,5082.093852009709
patient_078,575.0,23.0,269.46462596852365,-33.70922758131627,3235.531570064058,1004.7549181067782,4656.280275796655,4868.771081583966,655.6954639164494,-7884.819495953599,5108.321670566367
patient_078,576.0,23.04,395.25263989507766,3144.7003481638503,3251.3416756598613,637.2204759457684,-9188.361054025245,4894.259900621797,491.6414082766079,-4101.351390996038,5127.987326897432
patient_078,577.0,23.08,494.06022584220125,2470.1896486780897,3271.104084693549,141.41359650601174,-12395.171985993917,4899.916444482038,615.9152267584532,3106.8454620461325,5152.62393596777
patient_078,578.0,23.12,321.0047462805222,-4326.3869890419755,3283.94427454477,434.7764523026782,7334.071394916661,4917.3075025741455,128.25451015402828,-12191.517915110622,5157.7541163739315
patient_078,579.0,23.16,164.41703536977556,-3914.6927727686666,3290.520955959561,97.71633121726232,-8426.503027135397,4921.216155822836,120.44365150805268,-195.27146614939,5162.5718624342535
patient_078,580.0,23.2,142.43897444149786,-549.4515232069425,3296.218514937221,149.53378653726983,1295.4363830001878,4927.197507284327,154.97737098614073,863.3429869522012,5168.770957273699
patient_078,581.0,23.24,87.67940506428084,-1368.9892344304255,3299.7256911397917,134.25923867934466,-381.8636964481293,4932.5678768315,115.31963075893007,-991.4435056802663,5173.3837425040565
patient_078,582.0,23.28,72.37270982788257,-382.6673809099567,3302.620599532907,166.6667972017723,810.1889630606912,4939.234548719572,96.10659106981917,-480.32599222777253,5177.228006146849
patient_078,583.0,23.32,71.69436637644463,-16.958586285948485,3305.4883741879644,94.67807766046673,-1799.7179885326395,4943.02167182599,357.2477528184444,6528.529043715631,5191.517916259587
patient_078,584.0,23.36,40.82994433077836,-771.6105511416569,3307.1215719611955,16.17536609363574,-1962.5677891707746,4943.668686469736,162.60613918695407,-4866.040340787258,5198.022161827065
patient_078,585.0,23.4,49.9601650197605,228.25551722455356,3309.1199785619856,54.6461434899731,961.7694349084338,4945.854532209334,84.89892993925278,-1942.6802311925321,5201.418119024635
patient_078,586.0,23.44,31.194288739119607,-469.1469070160224,3310.367750111551,88.63173427731857,849.6397696836368,4949.399801580427,94.4851641566877,239.65585543587304,5205.197525590903
patient_078,587.0,23.48,46.92213231104081,393.19608929803013,3312.244635403992,38.71841107412783,-1247.8330800797685,4950.948538023393,88.76301232174819,-143.05379587348773,5208.748046083773
patient_078,588.0,23.52,14.231245794334786,-817.2721629176508,3312.8138852357656,42.34388392126499,90.63682117842902,4952.642293380242,46.18839290703132,-1064.3654853679218,5210.595581800055
patient_078,589.0,23.56,62.0002625067135,1194.225417809468,3315.293895736034,29.893424540348956,-311.26148452290084,4953.838030361857,14.062455992502729,-803.1484228632148,5211.158080039755
patient_078,590.0,23.6,100.14513909078819,953.6219146018674,3319.2997012996657,113.58168545396236,2092.2065228403353,4958.381297780015,52.68897146910463,965.6628869150476,5213.265638898519
patient_078,591.0,23.64,66.73101540648722,-835.3530921075244,3321.9689419159254,13.40521289182889,-2504.411814053337,4958.917506295688,46.23024079617033,-161.46826682335754,5215.114848530366
patient_078,592.0,23.68,43.49985085603523,-580.7791137612996,3323.708935950167,185.26864014940205,4296.585681439329,4966.328251901664,185.58196893844152,3483.7932035567796,5222.538127287903
patient_078,593.0,23.72,77.71582631706917,855.3993865258485,3326.8175690028497,16.20941306372886,-4226.480677141829,4966.976628424213,323.6209108636829,3450.973548131035,5235.48296372245
patient_078,594.0,23.76,170.33293157866137,2315.427631539805,3333.630886265996,110.04109223859169,2345.7919793715705,4971.378272113757,208.42668596517066,-2879.8556224628064,5243.820031161058
patient_078,595.0,23.8,246.46562428533738,1903.3173176669002,3343.4895112374097,328.90064480417726,5471.4888141396395,4984.534297905924,331.8403502067762,3085.341606040138,5257.093645169329
patient_078,596.0,23.84,317.06209727190026,1764.911824664072,3356.171995128286,490.4221760469315,4038.038281068856,5004.151184947801,495.0250315189587,4079.617032804563,5276.894646430086
patient_078,597.0,23.88,430.3989189035012,2833.4205407900245,3373.3879518844265,480.06336530775803,-258.9702684793366,5023.353719560112,645.2805071397114,3756.3868905188174,5302.705866715675
patient_078,598.0,23.92,434.7798690937122,109.52375475527418,3390.7791466481744,642.1595210921286,4052.4038946092633,5049.040100403797,696.919136189442,1290.965726243266,5330.582632163253
patient_078,599.0,23.96,31.362842389387417,-10085.425667608119,3392.03366034375,55.54278488474911,-14665.418405184486,5051.261811799186,74.80815177743347,-15552.774610300214,5333.574958234351
patient_078,600.0,24.0,406.95407092345744,9389.78071335175,3408.311823180688,1244.1728988266534,29715.752848547607,5101.028727752253,1553.742199525752,36973.35119370797,5395.724646215381
patient_078,601.0,24.04,418.1218800275517,279.1952276023565,3425.0366983817903,1364.7638523909613,3014.773839107698,5155.619281847891,1501.9065114862246,-1295.892200988186,5455.800906674829
patient_078,602.0,24.08,328.13035929147463,-2249.788018401927,3438.161912753449,527.5309866766706,-20930.821642857267,5176.720521314958,975.0537714047254,-13171.318502037482,5494.803057531019
patient_078,603.0,24.12,180.2095226343956,-3698.020916426976,3445.370293658825,891.1233638504289,9089.809429343955,5212.365455868975,1077.082310716742,2550.713482800418,5537.886349959688
patient_078,604.0,24.16,83.64452399855617,-2414.124965895986,3448.7160746187674,1080.227747091928,4727.609581037478,5255.574565752653,712.0815395498389,-9125.019279172579,5566.3696115416815
patient_078,605.0,24.2,182.52517241891047,2472.0162105088575,3456.0170815155243,1388.4930882341805,7706.633528556313,5311.11428928202,416.2023805864057,-7396.9789740858305,5583.0177067651375
patient_078,606.0,24.24,232.94203403395122,1260.4215403760186,3465.3347628768825,235.84849802044798,-28816.11475534331,5320.548229202837,1260.6299553655626,21110.68936947892,5633.44290497976
patient_078,607.0,24.28,54.38321420398337,-4463.970495749196,3467.5100914450422,165.92645868517465,-1748.0509833818332,5327.1852875502445,147.6870046993684,-27823.573766654856,5639.350385167735
patient_078,608.0,24.32,15.019187705639652,-984.100662458593,3468.1108589532673,178.63913985219034,317.81702917539224,5334.330853144332,17.0228588503341,-3266.6036462258576,5640.031299521748
patient_078,609.0,24.36,53.94173134954003,973.0635910975094,3470.268528207249,81.40311905820754,-2430.90051984957,5337.58697790666,104.92908023370202,2197.655534584198,5644.228462731096
patient_078,610.0,24.4,10.39113186223347,-1088.7649871826638,3470.684173481738,102.81058901786471,535.1867489914295,5341.699401467375,64.90343922404683,-1000.6410252413797,5646.824600300059
patient_078,611.0,24.44,34.96088767880814,614.2438954143668,3472.0826089888906,259.9164444859592,3927.6463867023617,5352.096059246813,50.51468501537886,-359.7188552166994,5648.845187700674
patient_078,612.0,24.48,34.61289918715077,-8.69971229143438,3473.4671249563767,60.07794899610562,-4995.962387246339,5354.499177206657,108.05417607701251,1438.4872765408413,5653.167354743754
patient_078,613.0,24.52,34.17579840884362,-10.927519457678692,3474.8341568927303,153.85423054978835,2344.4070388420682,5360.653346428649,61.466496134441066,-1164.6919985642862,5655.626014589132
patient_078,614.0,24.56,41.62448750377495,186.2172273732833,3476.4991363928816,80.26865190332857,-1839.6394661614945,5363.864092504781,68.44382911223903,174.4333244449491,5658.363767753622
patient_078,615.0,24.6,138.09266517504238,2411.7044417816855,3482.022842999884,376.16650901935964,7397.446427900776,5378.910752865556,396.20971661443025,8194.147187554781,5674.212156418199
patient_078,616.0,24.64,152.27930421394436,354.6659759725493,3488.1140151684413,964.7300523706641,14714.088583782612,5417.499954960383,176.78615291708869,-5485.589092433539,5681.2836025348815
patient_078,617.0,24.68,296.794273697367,3612.8742370855653,3499.9857861163355,943.2989579937181,-535.7773594236505,5455.231913280131,439.40225137249956,6565.4024613852725,5698.859692589782
patient_078,618.0,24.72,388.7528575596429,2298.9645965568984,3515.535900418721,982.900375017329,990.0354255902727,5494.547928280825,1163.2142928470414,18095.301036863548,5745.388264303662
patient_078,619.0,24.76,415.67456168194127,673.0426030574591,3532.162882885999,1324.230885529339,8533.262762800252,5547.5171637019985,818.607852663729,-8615.161004582811,5778.132578410212
patient_078,620.0,24.8,143.0332924215006,-6816.031731511018,3537.884214582859,328.08939713970807,-24903.537209740774,5560.640739587586,419.5134970725745,-9977.358889778861,5794.913118293114
patient_078,621.0,24.84,543.5326780935537,10012.484641801328,3559.625521706601,772.3269328613998,11105.938393042292,5591.533816902042,1646.645993578985,30678.312412660263,5860.778958036273
patient_078,622.0,24.88,493.29363861104986,-1255.9759870625967,3579.357267251043,1006.7249906875946,5859.951445654871,5631.802816529546,772.0883267049829,-21863.941671850054,5891.662491104473
patient_078,623.0,24.92,318.47140374752047,-4370.555871588234,3592.096123400944,270.9207885915372,-18395.105052401435,5642.639648073207,449.09700376091104,-8074.783073601798,5909.626371254909
patient_078,624.0,24.96,374.2657672935144,1394.859088649848,3607.0667540926847,348.18031995187147,1931.488284008357,5656.566860871282,408.28152425880336,-1020.386987552692,5925.9576322252615
patient_078,625.0,25.0,100.197867214254,-6851.697501981509,3611.0746687812552,133.15950903746787,-5375.52027286009,5661.893241232781,159.28166891815337,-6224.99638351625,5932.328898981988
patient_078,626.0,25.04,24.23923855366805,-1898.9657165146489,3612.0442383234017,100.30652878447663,-821.3245063247812,5665.905502384161,297.13223372735627,3446.2641202300724,5944.2141883310815
patient_078,627.0,25.08,137.83169270716627,2839.8113538374555,3617.5575060316887,176.34524405379153,1900.9678817328727,5672.959312146312,78.8971533591271,-5455.877009205728,5947.370074465447
patient_078,628.0,25.12,330.79564143815446,4824.098718274705,3630.7893316892146,357.1517556098381,4520.162788901164,5687.245382370706,319.2638970936086,6009.1685933620365,5960.140630349191
patient_078,629.0,25.16,162.4226421927038,-4209.324981136267,3637.2862373769226,426.99782440859735,1746.1517199689808,5704.32529534705,526.1427842186637,5171.972178126377,5981.1863417179375
patient_078,630.0,25.2,202.39601028466018,999.3342022989098,3645.382077788309,607.2209674605435,4505.578576298654,5728.6141340454715,561.6500369491251,887.6813182615365,6003.652343195901
patient_078,631.0,25.24,75.46929009252021,-3173.168004803499,3648.4008493920096,25.630255550314835,-14539.767797755718,5729.639344267484,44.392203668405315,-12931.445832017997,6005.428031342637
patient_078,632.0,25.28,216.67871421276564,3530.235603006136,3657.0679979605206,493.23918414678843,11690.22321491184,5749.368911633355,453.66525761367615,10231.82634863177,6023.574641647184
patient_078,633.0,25.32,146.04218541814697,-1765.9132198654668,3662.909685377246,190.91932698546572,-7557.996429033068,5757.0056847127735,340.3912312937563,-2831.8506579979967,6037.190290898934
patient_078,634.0,25.36,122.31537235424405,-593.1703265975731,3667.8023002714162,108.2808281515083,-2065.9624708489355,5761.336917838834,193.6474626911203,-3668.5942150658993,6044.93618940658
patient_078,635.0,25.4,55.311923271044236,-1675.0862270799953,3670.0147772022583,103.43160002109427,-121.23070326035084,5765.474181839677,479.9777561287158,7158.2573359398875,6064.135299651727
patient_078,636.0,25.44,345.04074131736286,7243.220451157966,3683.8164068549527,643.4301021521244,13499.962553275753,5791.211385925762,531.0856538432225,1277.6974428626686,6085.378725805456
patient_078,637.0,25.48,231.84526641764393,-2829.8868724929735,3693.0902175116585,770.0362869027144,3165.154618764751,5822.0128374018705,660.7567322953566,3241.776961303353,6111.80899509727
patient_078,638.0,25.52,359.6242022701312,3194.473396312182,3707.475185602464,446.4442291660818,-8089.801443415816,5839.870606568514,436.0107273045961,-5618.650124769013,6129.249424189454
patient_078,639.0,25.56,339.02806997126874,-514.9033074715618,3721.0363084013147,240.88910937770132,-5138.877994709513,5849.506170943621,461.58158101063475,639.2713426509658,6147.712687429879
patient_078,640.0,25.6,243.9869866460616,-2376.027083130178,3730.7957878671573,481.32079882634815,6010.792236216171,5868.759002896675,167.1692501999289,-7360.308270267646,6154.399457437876
patient_078,641.0,25.64,32.3947140887708,-5289.80681393227,3732.0915764307083,223.4057244629027,-6447.876859086136,5877.695231875192,38.01449739482462,-3228.8688201276073,6155.920037333668
patient_078,642.0,25.68,137.21151227024757,2620.4199545369192,3737.5800369215185,137.50445580523976,-2147.5317164415733,5883.195410107401,181.85311358754055,3595.965404817898,6163.19416187717
patient_078,643.0,25.72,38.247934908615974,-2474.08943404079,3739.1099543178634,82.06555450206591,-1385.9725325793463,5886.478032287484,62.33003007569038,-2988.077087796254,6165.687363080197
patient_078,644.0,25.76,267.02136591126026,5719.335775066107,3749.790808954314,43.65294009658912,-960.3153601369197,5888.224149891347,38.02695455053693,-607.5768881288363,6167.208441262218
patient_078,645.0,25.8,318.86370121148474,1296.058382505612,3762.545357002773,373.1586543774849,8237.642857022394,5903.150496066447,466.9187391252535,10722.294614367915,6185.885190827228
patient_078,646.0,25.84,286.56571063591474,-807.4497643892499,3774.00798542821,456.8775200389383,2092.971641536336,5921.4255968680045,527.215159983012,1507.4105214439612,6206.973797226549
patient_078,647.0,25.88,241.9039795877942,-1116.5432762030136,3783.6841446117214,469.1258958782386,306.2093959825077,5940.190632703135,421.7047279841882,-2637.7607999705942,6223.841986345917
patient_078,648.0,25.92,224.82027256245829,-427.0926756333978,3792.6769555142196,565.2530446839485,2403.1787201427464,5962.800754490492,431.9431471457661,255.96047903944736,6241.119712231747
patient_078,649.0,25.96,110.16174168500069,-2866.46327193644,3797.08342518162,186.8520966148473,-9460.023701727529,5970.274838355086,588.7883784011649,3921.13078138497,6264.6712473677935
patient_078,650.0,26.0,98.94875344326286,-280.3247060434458,3801.0413753193507,220.24697221883153,834.8718900996055,5979.084717243839,532.9847477359988,-1395.0907666291528,6285.990637277233
patient_078,651.0,26.04,97.52031809220681,-35.7108837764013,3804.942188043039,291.7274108439326,1787.0109656275267,5990.753813677597,398.6747473426488,-3357.7500098337496,6301.937627170939
patient_078,652.0,26.08,20.69134482844916,-1920.724331593941,3805.769841836177,186.56793651729626,-2628.9868581659084,5998.216531138289,110.30094085928263,-7209.345162084153,6306.349664805311
patient_078,653.0,26.12,261.9385799261098,6031.180877441516,3816.2473850332212,599.8754920573955,10332.68888850248,6022.211550820584,757.1144509837486,16170.33775311165,6336.634242844661
patient_078,654.0,26.16,442.72349739089594,4519.622936619653,3833.9563249288567,624.586304627517,617.770314253039,6047.195003005684,520.6079418990779,-5912.662727116768,6357.458560520624
patient_078,655.0,26.2,380.7093602116127,-1550.353429482081,3849.184699337321,301.10967486446265,-8086.91574407636,6059.239390000262,418.1714287640105,-2560.912828376685,6374.185417671184
patient_078,656.0,26.24,344.3656163942833,-908.5935954332356,3862.9593239930923,187.1125083590558,-2849.9291626351715,6066.723890334624,146.56762974774395,-6790.094975406663,6380.048122861093
patient_078,657.0,26.28,205.48949104865304,-3471.903133640756,3871.1789036350383,112.94481192887062,-1854.1924107546292,6071.241682811778,616.7271128800121,11753.987078306705,6404.717207376293
patient_078,658.0,26.32,83.12261219606823,-3059.17197131462,3874.503808122881,54.89359912190869,-1451.2803201740483,6073.437426776655,125.2742582996451,-12286.321364509175,6409.728177708279
patient_078,659.0,26.36,383.8063697506578,7517.093938864738,3889.8560629129074,530.2815506626894,11884.698788519518,6094.648688803162,267.86602874481406,3564.7942611292237,6420.442818858071
patient_078,660.0,26.4,697.5667781071106,7844.010208911321,3917.7587340371915,790.5514552768118,6506.747615353061,6126.270747014235,947.1745559718088,16982.71318067487,6458.329801096944
patient_078,661.0,26.44,372.3667780082093,-8130.000002472533,3932.65340515752,325.17581068229043,-11634.391114863034,6139.277779441527,367.46463169085126,-14492.748107023937,6473.028386364578
patient_078,662.0,26.48,133.04391726462615,-5983.071518589579,3937.975161848105,62.326083359912836,-6571.24318305944,6141.770822775924,175.4560998768346,-4800.213295350417,6480.046630359651
patient_078,663.0,26.52,75.84204034399455,-1430.0469230157898,3941.0088434618647,140.9283607361074,1965.056934404864,6147.407957205369,235.60907170911173,1503.8242958069284,6489.470993228016
patient_078,664.0,26.56,102.82845779112705,674.6604361783124,3945.1219817735096,173.47926510673477,813.7726092656841,6154.347127809638,326.46799383159197,2271.473053062006,6502.529712981279
patient_078,665.0,26.6,117.11218477760218,357.09317466187827,3949.806469164614,156.9339975454683,-413.6316890316621,6160.624487711457,1110.453032436543,19599.625965123778,6546.947834278741
patient_078,666.0,26.64,277.4324438754209,4008.0064774454686,3960.9037669196314,417.84280518897526,6522.720191087675,6177.338199919015,1294.35466601529,4597.540839468673,6598.722020919352
patient_078,667.0,26.68,318.38397850167974,1023.7883656564704,3973.6391260596984,808.3591357420677,9762.90826382731,6209.672565348697,1329.1495491671271,869.8720787959303,6651.888002886038
patient_078,668.0,26.72,571.5877141403823,6330.093390967565,3996.502634625313,800.2854935288659,-201.84105533004413,6241.683985089853,1106.8362756730703,-5557.831837351421,6696.1614539129605
patient_078,669.0,26.76,452.9066138110321,-2967.0275082337553,4014.6188991777544,545.5754060325115,-6367.75218740886,6263.507001331152,1314.5213475317535,5192.126796467079,6748.74230781423
patient_078,670.0,26.8,374.97283698602206,-1948.3444206252514,4029.617812657196,286.5903993936508,-6474.625165971518,6274.970617306898,413.2630814356368,-22531.456652402914,6765.272831071656
patient_078,671.0,26.84,269.67958283241796,-2632.3313538401026,4040.4049959704926,146.2389954311802,-3508.7850990617644,6280.820177124145,120.4536518861379,-7320.235738737473,6770.0909771471015
patient_078,672.0,26.88,115.45027865242535,-3855.732604499815,4045.0230071165897,95.11121311396238,-1278.1945579304456,6284.624625648704,637.8791132249861,12935.636533471205,6795.6061416761
patient_078,673.0,26.92,29.562788092772827,-2147.187263991313,4046.205518640301,102.55366204167112,186.06122319271847,6288.726772130371,148.72350628766011,-12228.890173433148,6801.555081927608
patient_078,674.0,26.96,144.18633566368752,2865.588689272867,4051.9729720668483,222.25540397252638,2992.5435482713815,6297.616988289271,86.25610352646292,-1561.6850690299298,6805.005326068665
patient_078,675.0,27.0,379.6410012903546,5886.366640666677,4067.1586121184623,232.02768082777493,244.30692138121373,6306.898095522382,236.9841526517698,3768.201228132672,6814.484692174737
patient_078,676.0,27.04,546.7575852509556,4177.914599015024,4089.028915528501,697.5290404198112,11637.533989800906,6334.799257139175,442.71036009045196,5143.155185967054,6832.193106578355
patient_078,677.0,27.08,547.1156071200472,8.950546727291453,4110.913539813303,546.6564510656434,-3771.814733854194,6356.6655151818,492.5577125439271,1246.1838113368785,6851.895415080112
patient_078,678.0,27.12,449.58372378681634,-2438.2970833307722,4128.896888764775,680.1329672729481,3336.9129051826176,6383.870833872718,645.144792293831,3814.6769937475965,6877.701206771865
patient_078,679.0,27.16,334.7387874428202,-2871.123408599904,4142.286440262488,426.9472817584042,-6329.642137863599,6400.9487251430555,511.323458746467,-3345.533338684099,6898.154145121724
patient_078,680.0,27.2,151.71409239899924,-4575.6173760955235,4148.355003958448,345.9517330702856,-2024.888717202964,6414.7867944658665,595.2162540979589,2097.319883787297,6921.962795285642
patient_078,681.0,27.24,36.911235963337134,-2870.0714108915527,4149.8314533969815,144.9765615361075,-5024.379288354453,6420.5858569273105,154.02041191769496,-11029.896054506598,6928.12361176235
patient_078,682.0,27.28,74.88470101100793,949.3366261917699,4152.8268414374215,208.76308490719234,1594.6630842771206,6428.936380323599,899.3702886111631,18633.746917336703,6964.098423306797
patient_078,683.0,27.32,198.03110635574757,3078.660133618491,4160.748085691652,214.12790518245615,134.12050688159525,6437.501496530897,509.1225739523231,-9756.192866471001,6984.4633262648895
patient_078,684.0,27.36,327.65475622336754,3240.5912466904992,4173.854275940586,494.02284572730787,6997.373513621293,6457.262410359989,592.1805662314345,2076.449806977784,7008.150548914147
patient_078,685.0,27.4,395.97369677010676,1707.9735136684803,4189.69322381139,886.6004979193377,9814.441304800746,6492.726430276763,883.4832130341133,7282.566170066972,7043.4898774355115
patient_078,686.0,27.44,489.3021786221586,2333.2120463012957,4209.265310956277,585.1579929554362,-7536.062624097539,6516.13274999498,867.4534981023212,-400.74287329480285,7078.188017359604
patient_078,687.0,27.48,385.2031502532965,-2602.4757092215523,4224.673436966408,719.1706525123997,3350.316488924088,6544.899576095477,295.72319034877097,-14293.257693838757,7090.016944973555
patient_078,688.0,27.52,240.313089812936,-3622.251511009012,4234.285960558926,344.06413815451725,-9377.66285894706,6558.662141621658,263.3824475064185,-808.5185710588121,7100.552242873811
patient_078,689.0,27.56,92.46735539467689,-3696.1433604564772,4237.984654774713,240.78460497309428,-2581.9883295355744,6568.293525820582,141.59203597438886,-3044.7602883007407,7106.215924312786
patient_078,690.0,27.6,84.06257198080601,-210.11958534677183,4241.347157653945,75.05422753157423,-4143.259436038001,6571.295694921844,241.58848631210375,2499.911258442872,7115.879463765271
patient_078,691.0,27.64,218.03601977098967,3349.3361947545914,4250.068598444785,117.7013614247613,1066.1783473296769,6576.003749378835,344.4662027230542,2571.9429102737613,7129.658111874193
patient_078,692.0,27.68,494.3189969114206,6907.074428510774,4269.841358321241,545.8346492978482,10703.33219682717,6597.837135350748,290.570651989816,-1347.3887683309556,7141.280937953786
patient_078,693.0,27.72,471.1084098132723,-580.2646774537067,4288.685694713772,326.95266777717956,-5472.049538016715,6610.915242061837,487.27710867472786,4917.661417122797,7160.772022300775
patient_078,694.0,27.76,440.9774536968455,-753.2739029106708,4306.3247928616465,540.7176874575141,5344.125492008364,6632.543949560137,681.7268360874258,4861.2431853174485,7188.041095744271
patient_078,695.0,27.8,358.4105239085256,-2064.1732447079976,4320.661213817987,498.2920830696217,-1060.6401096973102,6652.475632882922,511.98495184333854,-4243.547106102182,7208.520493818005
patient_078,696.0,27.84,273.5781271195879,-2120.809919723442,4331.604338902771,434.4901897105035,-1595.0473339779548,6669.855240471342,407.57249275760347,-2610.3114771433766,7224.823393528309
patient_078,697.0,27.88,111.80840295105168,-4044.2431042134062,4336.076675020812,82.71256755807408,-8794.440553810737,6673.163743173665,573.6155226515878,4151.075747349607,7247.768014434372
patient_078,698.0,27.92,112.53955661270302,18.278841541283697,4340.57825728532,67.9177936943501,-369.86934659309975,6675.880454921439,241.23154416302262,-8309.59946221413,7257.417276200893
patient_078,699.0,27.96,336.05279197269164,5587.830883999715,4354.020368964228,329.4546411890779,6538.421187368195,6689.058640569003,218.85840530130685,-559.3284715428944,7266.171612412946
patient_078,700.0,28.0,248.23942158337917,-2195.334259732812,4363.949945827563,660.2691225855135,8270.36203491089,6715.469405472423,750.5458646385803,13292.186483431835,7296.193446998489
patient_078,701.0,28.04,340.2304948096501,2299.7768306567737,4377.559165619949,840.8865429417723,4515.435508906469,6749.1048671900935,729.8823314899967,-516.5883287145903,7325.388740258089
patient_078,702.0,28.08,526.6108450157253,4659.50875515188,4398.623599420578,927.2271284377996,2158.5146374006827,6786.193952327606,669.057937244674,-1520.6098561330664,7352.151057747876
patient_078,703.0,28.12,261.9072556416026,-6617.589734353068,4409.099889646242,410.3053437397415,-12923.044617451453,6802.606166077196,301.1588073378155,-9197.478247671463,7364.197410041388
patient_078,704.0,28.16,230.1203577824737,-794.6724464782228,4418.304703957541,209.67228680863676,-5015.826423277618,6810.993057549541,131.5621612018922,-4239.916153398083,7369.459896489465
patient_078,705.0,28.2,164.0428402962101,-1651.9379371565897,4424.86641756939,428.83115273914177,5478.971648262625,6828.146303659107,83.75822486611315,-1195.098408394476,7372.81022548411
patient_078,706.0,28.24,127.02478265492252,-925.4514410321896,4429.947408875587,63.6345777200132,-9129.914375478214,6830.691686767907,490.67752449474153,10172.982490715709,7392.437326463899
patient_078,707.0,28.28,8.673720742957661,-2958.7765477991215,4430.294357705305,157.00491654544817,2334.2584706358743,6836.9718834297255,104.14679678466308,-9663.26819275196,7396.603198335285
patient_078,708.0,28.32,34.144078778262354,636.7589508826173,4431.660120856435,240.90812428223364,2097.580193419637,6846.608208401015,119.63245276172603,387.1413994265737,7401.388496445754
patient_078,709.0,28.36,186.2262463294621,3802.0541887799936,4439.109170709614,123.93386957382427,-2924.3563677102343,6851.565563183967,93.40901929020856,-655.5858367879366,7405.124857217362
patient_078,710.0,28.4,290.2026813804651,2599.4108762750748,4450.717277964833,323.7818977184665,4996.200703616056,6864.516839092706,451.96676408539315,8963.943619879614,7423.203527780778
patient_078,711.0,28.44,335.32414499013277,1128.0365902416918,4464.130243764438,418.86740620101295,2377.1377120636616,6881.271535340747,500.19532435880603,1205.714006835322,7443.21134075513
patient_078,712.0,28.48,350.31872367718813,374.86446717638415,4478.142992711526,646.8984747055978,5700.776712614621,6907.147474328971,929.3550220132254,10728.992441360484,7480.385541635658
patient_078,713.0,28.52,257.1352990277176,-2329.5856162367627,4488.428404672635,656.4038380470492,237.63408353628677,6933.403627850854,657.9108776154184,-6786.103609945175,7506.701976740275
patient_078,714.0,28.56,358.6232407664875,2537.198543469248,4502.773334303294,441.3811675321027,-5375.566762873663,6951.058874552137,255.23724153845149,-10066.840901924172,7516.911466401813
patient_078,715.0,28.6,109.61194816146185,-6225.2823151256425,4507.157812229753,131.95548914847953,-7735.641959590581,6956.337094118076,421.2803988361004,4151.078932441223,7533.762682355257
patient_078,716.0,28.64,198.09384710732684,2212.0474736466244,4515.081566114046,313.84042992581556,4547.1235194334,6968.890711315109,756.6937835528546,8385.334617918856,7564.030433697371
patient_078,717.0,28.68,331.2385461551011,3328.617476194357,4528.33110796025,437.3977135606702,3088.9320908713657,6986.386619857536,1116.2289801622424,8988.379915234695,7608.679592903861
patient_078,718.0,28.72,296.7554665625694,-862.0769898132935,4540.201326622753,954.6486048202344,12931.272281489106,7024.572564050344,837.3412771436067,-6972.192575465891,7642.173243989604
patient_078,719.0,28.76,588.8039098926406,7301.211083251781,4563.753483018459,603.8524498136591,-8769.903875164382,7048.726662042891,855.4936524828917,453.80938348212396,7676.392990088921
patient_078,720.0,28.8,391.19599803677994,-4940.197796396516,4579.40132293993,1126.8397409277227,13074.68227785159,7093.800251679999,810.2693857103192,-1130.6066693143123,7708.803765517334
patient_078,721.0,28.84,297.2076921970134,-2349.7076459941636,4591.28963062781,586.0007918173519,-13520.973727759269,7117.240283352693,268.273065021159,-13549.908017229003,7719.5346881181795
patient_078,722.0,28.88,211.51220289861422,-2142.3872324599793,4599.750118743755,101.09444209146443,-12122.658743147187,7121.284061036352,196.56063151478625,-1792.8108376593193,7727.397113378771
patient_078,723.0,28.92,149.25304392554858,-1556.478974326641,4605.7202405007765,110.92966006138715,245.8804492480681,7125.721247438807,93.43424017599803,-2578.1597834697054,7731.134482985811
patient_078,724.0,28.96,77.39220909446314,-1796.520870777136,4608.815928864556,33.88145258998526,-1926.2051867850473,7127.076505542407,71.51223721032983,-548.050074141705,7733.994972474224
patient_078,725.0,29.0,307.3537282321386,5749.037978441887,4621.110077993841,148.93851941826637,2876.426670707028,7133.034046319138,944.3246847024786,21820.31118730372,7771.767959862323
patient_078,726.0,29.04,439.6279808900092,3306.8563164467646,4638.695197229441,837.9418971376609,17225.084442984866,7166.551722204645,571.546182160006,-9319.462563561816,7794.629807148723
patient_078,727.0,29.08,477.56011809902486,948.3034302253913,4657.797601953402,542.720343250774,-7380.538847172173,7188.260535934675,661.8217078653303,2256.8881426331072,7821.102675463336
patient_078,728.0,29.12,485.0831032072545,188.0746277057412,4677.200926081692,739.0690574755833,4908.717855620233,7217.823298233699,828.1057511926789,4157.101083183716,7854.226905511044
patient_078,729.0,29.16,480.83757831780684,-106.13812223619163,4696.434429214405,753.228404082109,353.98366516314184,7247.952434396982,494.7533083042338,-8333.811072211127,7874.017037843213
patient_078,730.0,29.2,333.8058751313787,-3675.792579660704,4709.7866642196595,416.6301425061664,-8414.956539398565,7264.617640097229,416.6337624495601,-1952.9886463668433,7890.682388341195
patient_078,731.0,29.24,126.80887013843771,-5174.925124823524,4714.859019025197,111.14432011962529,-7637.145559663529,7269.0634129020145,1067.221550772824,16264.694708081597,7933.371250372107
patient_078,732.0,29.28,154.36029818328325,688.7857011211385,4721.033430952529,32.316491062731586,-1970.6957264223427,7270.356072544523,264.13747368286107,-20077.10192724907,7943.936749319422
patient_078,733.0,29.32,314.6905130432681,4008.255371499621,4733.62105147426,752.9278442435858,18015.283829521355,7300.473186314267,870.3993807581514,15156.547676882257,7978.752724549749
patient_078,734.0,29.36,473.76844067726375,3976.948190849892,4752.57178910135,888.3812902318712,3386.3361497071337,7336.008437923541,896.3121650542486,647.8196074024282,8014.605211151918
patient_078,735.0,29.4,578.2622538967083,2612.3453304861146,4775.702279257219,642.9088592669214,-6136.810774123745,7361.724792294218,845.1742059396686,-1278.4489778644997,8048.412179389506
patient_078,736.0,29.44,501.81774822871495,-1911.1126416998345,4795.774989186367,540.3549970772865,-2563.8465547408714,7383.33899217731,739.1289972293688,-2651.130217757495,8077.977339278679
patient_078,737.0,29.48,486.2165139759229,-390.030856319801,4815.223649745403,568.9102303940883,713.8808329200458,7406.095401393072,125.93287118412663,-15329.903151131055,8083.014654126045
patient_078,738.0,29.52,286.5603893618565,-4991.403115351661,4826.686065319878,74.42991056637841,-12362.007995692747,7409.072597815727,489.26798784912233,9083.377916624893,8102.58537364001
patient_078,739.0,29.56,63.5581903276323,-5575.054975855604,4829.228392932983,80.97467457133173,163.61910012383305,7412.311584798581,134.18960757863582,-8876.959506762163,8107.952957943156
patient_078,740.0,29.6,110.912715804537,1183.8631369226175,4833.664901565165,206.5881530682164,3140.336962422117,7420.575110921309,361.9772406895116,5694.690827771894,8122.432047570736
patient_078,741.0,29.64,390.16570553735346,6981.3247433204115,4849.271529786658,377.91167772507276,4283.088116421409,7435.691578030312,462.186304746664,2505.2266014288107,8140.919499760603
patient_078,742.0,29.68,492.53573919115803,2559.250841345114,4868.972959354304,519.7524596310511,3546.019547649459,7456.481676415553,435.5752579852702,-665.2761690348456,8158.342510080014
patient_078,743.0,29.72,486.62752244855125,-147.70541856516957,4888.438060252247,537.9804845696638,455.70062346531586,7478.00089579834,700.3099174674858,6618.366487055389,8186.354906778713
patient_078,744.0,29.76,501.8860902328095,381.4641946064569,4908.513503861559,463.9472995884152,-1850.8296245312138,7496.558787781877,537.8557468942221,-4061.3542643315923,8207.869136654483
patient_078,745.0,29.8,392.92094354959636,-2724.1286670803293,4924.230341603544,639.0560117427516,4377.71780385841,7522.121028251586,454.4157267265928,-2086.0005041907316,8226.045765723546
patient_078,746.0,29.84,187.4654384173511,-5136.387628306132,4931.728959140238,518.1789135146851,-3021.9274557016633,7542.848184792174,573.6068526914371,2979.7781491211067,8248.990039831204
patient_078,747.0,29.88,77.30573395215735,-2753.9926116298434,4934.821188498324,116.09984431381694,-10051.976730021703,7547.492178564726,172.76601947951445,-10021.020830298066,8255.900680610384
patient_078,748.0,29.92,191.79661901486077,2862.2721265675855,4942.493053258918,242.38095462340593,3157.0277577397246,7557.187416749662,361.56593252042234,4719.997826022697,8270.3633179112
patient_078,749.0,29.96,335.67035998174856,3596.843524172195,4955.919867658188,606.4999371711118,9102.974563692645,7581.447414236506,415.8524313644168,1357.162471099862,8286.997415165777
patient_078,750.0,30.0,565.1822307244189,5737.796768566758,4978.527156887165,823.0185513920997,5412.965355524696,7614.36815629219,1622.313608114068,30161.52941874128,8351.88995949034
patient_078,751.0,30.04,665.6408763245221,2511.46614000258,5005.152791940146,1130.6688008663025,7691.256236855071,7659.594908326842,1147.5132335969045,-11870.00936292909,8397.790488834216
patient_078,752.0,30.08,589.115617072616,-1913.1314812976511,5028.717416623051,434.97881436589483,-17392.249662510192,7676.9940609014775,361.95635649682674,-19638.921927501942,8412.26874309409
patient_078,753.0,30.12,428.93722923122795,-4004.459696034702,5045.8749057923005,319.7531890060489,-2880.6406339961486,7689.784188461719,340.530232406498,-535.653102258219,8425.88995239035
patient_078,754.0,30.16,74.61063489956778,-8858.164858291504,5048.859331188283,60.14707642819454,-6490.152814446358,7692.190071518848,98.99531768441067,-6038.372868052183,8429.849765097726
patient_078,755.0,30.2,65.21390982875776,-234.91812677025052,5051.467887581433,93.1105383400859,824.086547797284,7695.914493052451,219.1649327325279,3004.2403762029307,8438.616362407027
patient_078,756.0,30.24,382.5338698033854,7932.998999365691,5066.769242373569,111.63751349962529,463.17437898848476,7700.379993592435,770.0088851565985,13771.098810601765,8469.41671781329
patient_078,757.0,30.28,544.016062703764,4037.0548225094635,5088.529884881719,734.1297285407494,15562.305376028104,7729.745182734066,417.0872828899512,-8823.040056666181,8486.10020912889
patient_078,758.0,30.32,560.9481542972003,423.30228983590814,5110.967811053608,631.3443298749116,-2569.634966645944,7754.998955929062,897.3804156229237,12007.328318324311,8521.995425753807
patient_078,759.0,30.36,582.1930143038803,531.1215001670007,5134.255531625763,693.8569411704885,1562.8152823894225,7782.7532335758815,592.3139957935304,-7626.660495734834,8545.687985585548
patient_078,760.0,30.4,493.17302850155454,-2225.4996450581443,5153.982452765825,823.8885902121137,3250.79122604063,7815.708777184366,632.9823398230324,1016.7086007375502,8571.00727917847
patient_078,761.0,30.44,318.8760077165793,-4357.425519624381,5166.737493074488,376.68258222291905,-11180.150199729867,7830.776080473283,602.1631795347416,-770.4790072072683,8595.093806359859
patient_078,762.0,30.48,128.86378102675437,-4750.305667245623,5171.892044315558,30.65092373051362,-8650.791462310135,7832.002117422504,687.2560750936057,2127.322388971601,8622.584049363602
patient_078,763.0,30.52,278.2760781056558,3735.307426972536,5183.023087439785,263.81711023958667,5829.154662726826,7842.554801832087,267.86024063789864,-10484.895861392675,8633.29845898912
patient_078,764.0,30.56,481.9923656911461,5092.907189637258,5202.30278206743,508.9557873951459,6128.46692888898,7862.913033327894,1224.7036585089436,23921.085446776124,8682.286605329478
patient_078,765.0,30.6,584.1730429762514,2554.5169321276317,5225.669703786481,1015.871392873628,12672.890136962053,7903.5478890428385,2101.84878266316,21928.628103855408,8766.360556636004
patient_078,766.0,30.64,408.1588750333861,-4400.354198571633,5241.996058787816,1497.3430232796825,12036.790760151362,7963.4416099740265,983.0676468965721,-27969.528394164696,8805.683262511866
patient_078,768.0,30.72,,,5241.996058787816,,,7963.4416099740265,,,8805.683262511866
patient_078,769.0,30.76,408.58999444097725,,5258.339658565455,164.99323613782855,,7970.041339419538,356.74566429807925,,8819.953089083789
patient_078,770.0,30.8,142.03047338125094,-6663.988026493158,5264.020877500705,78.64407187474056,-2158.7291065771997,7973.187102294528,19.418209167270906,-8433.18637827021,8820.729817450481
patient_078,771.0,30.84,94.77580565208815,-1181.3666932290698,5267.811909726788,85.98880838010967,183.6184126342278,7976.626654629733,38.75093915402479,483.31824966884716,8822.279855016643
patient_078,772.0,30.88,97.78580707548744,75.2500355849822,5271.723342009807,31.407918619990884,-1364.5222440029697,7977.882971374533,6.861230445588104,-797.2427177109172,8822.554304234465
patient_078,773.0,30.92,20.869021575514612,-1922.9196374993207,5272.558102872828,96.83092035920967,1635.5750434804697,7981.756208188901,39.891992103277204,825.7690414422275,8824.149983918596
patient_078,774.0,30.96,34.68978379666161,345.5190555286749,5273.945694224694,65.38840142504475,-786.0629733541231,7984.371744245902,102.0355535650953,1553.5890365454525,8828.2314060612
patient_078,775.0,31.0,35.73018400251968,26.010005146451753,5275.374901584795,57.71461813287939,-191.844582304134,7986.680328971217,10.60086077186829,-2285.8673198306756,8828.655440492075
patient_078,776.0,31.04,11.716475529802512,-600.3427118179292,5275.8435606059875,37.576674267520204,-503.4485966339796,7988.183395941919,17.486776269639712,172.14788744428557,8829.354911542861
patient_078,777.0,31.08,11.114981954098537,-15.03733939259937,5276.288159884151,9.744091875236178,-695.8145598071006,7988.573159616928,19.132378267812307,41.14004995431486,8830.120206673575
patient_078,778.0,31.12,8.556783148996168,-63.95497012755924,5276.630431210111,15.176389596830225,135.80744303985117,7989.180215200801,5.192264387561926,-348.50284700625946,8830.327897249077
patient_078,779.0,31.16,12.119561146035677,89.06944992598773,5277.115213655953,25.58495730732802,260.21419276244484,7990.203613493094,16.012407162047463,270.5035693621384,8830.968393535559
patient_078,780.0,31.2,34.64484258893536,563.132036072492,5278.5010073595095,29.31642612051041,93.2867203295598,7991.376270537916,22.183678262741328,154.28177751734663,8831.85574066607
patient_078,781.0,31.24,19.321129645689183,-383.09282358115445,5279.273852545337,10.866685819954704,-461.24350751389267,7991.810937970714,11.103374168378508,-277.0076023590705,8832.299875632803
patient_078,782.0,31.28,7.65856848356063,-291.56402905321386,5279.5801952846805,14.75813789136217,97.28630178518665,7992.401263486368,10.077342616539074,-25.650788795985857,8832.702969337466
patient_078,783.0,31.32,6.50335075190156,-28.880443291476745,5279.840329314757,18.575013707905825,95.42189541359139,7993.144264034685,13.054652426987687,74.43274526121533,8833.225155434544
patient_078,784.0,31.36,6.728447174615829,5.627410567856739,5280.109467201742,13.346113237769176,-130.72251175341623,7993.678108564195,4.907313444016994,-203.6834745742673,8833.421447972305
patient_078,785.0,31.4,1.5468243704896734,-129.5405701031539,5280.171340176561,6.281231645590713,-176.62203980446156,7993.9293578300185,9.727725818138662,120.5103093530417,8833.81055700503
patient_078,786.0,31.44,15.139768328801559,339.8235989577971,5280.776930909713,19.046202161008498,319.12426288544464,7994.691205916458,29.097053289236637,484.23318677744936,8834.9744391366
patient_078,787.0,31.48,7.460728768472746,-191.9759890082203,5281.075360060452,7.736778862112013,-282.73558247241215,7995.000677070942,7.48834258647366,-540.2177675690745,8835.27397284006
patient_078,788.0,31.52,7.256831703920201,-5.097426613813627,5281.365633328608,2.1425457376165564,-139.8558281123864,7995.086378900447,2.411773413447305,-126.91422932565888,8835.370443776597
patient_078,789.0,31.56,19.08529919717865,295.7116873314612,5282.129045296495,11.714220087921555,239.29185875762496,7995.554947703964,7.242707723795248,120.77335775869858,8835.660152085547
patient_078,790.0,31.6,7.267318772341017,-295.4495106209408,5282.419738047389,20.686952244962637,224.31830392602703,7996.382425793762,3.9407156073888525,-82.54980291015988,8835.817780709844
patient_078,791.0,31.64,10.681887286977302,85.36421286590712,5282.847013538867,29.654352195858294,224.18499877239145,7997.568599881596,2.9496169003984267,-24.777467674760643,8835.93576538586
patient_078,792.0,31.68,17.001384466820852,157.98742949608874,5283.52706891754,49.07796944321325,485.5904311838739,7999.531718659326,12.672103793595852,243.06217232993563,8836.442649537605
patient_078,793.0,31.72,18.33092444078728,33.238499349160655,5284.260305895172,11.33070992180754,-943.6814880351427,7999.984947056198,9.186120586833947,-87.14958016904761,8836.810094361079
patient_078,794.0,31.76,6.877304184476384,-286.34050640777235,5284.535398062551,24.04504309184563,317.8583292509523,8000.946748779871,2.378298023527192,-170.19556408266888,8836.90522628202
patient_078,795.0,31.8,3.2610816206156326,-90.40556409651879,5284.665841327376,16.848094693766868,-179.9237099519691,8001.620672567622,7.577380473877199,129.97706125875018,8837.208321500975
patient_078,796.0,31.84,5.112892144252355,46.29526309091807,5284.870357013146,35.90721106916941,476.47790938506364,8003.0569610103885,10.551531736309693,74.35378156081237,8837.630382770427
patient_078,797.0,31.88,4.857470344497513,-6.385544993871051,5285.064655826925,25.318911684836507,-264.70748460832266,8004.0697174777815,7.936318647050531,-65.38032723147904,8837.947835516308
patient_078,798.0,31.92,8.79322621356875,98.3938967267809,5285.416384875468,8.16051419641174,-428.9599372106192,8004.396138045638,10.782203978523658,71.14713328682815,8838.37912367545
patient_078,799.0,31.96,2.984602245953027,-145.21559919039305,5285.535768965306,4.401822623479085,-93.96728932331635,8004.572210950577,7.50202362908766,-82.00450873589995,8838.679204620614
patient_078,800.0,32.0,3.9853937211099506,25.01978687892309,5285.69518471415,9.993184234922117,139.7840402860758,8004.971938319974,7.6388742427224505,3.4212653408697724,8838.984759590321
patient_078,801.0,32.04,6.769706486925852,69.60781914539753,5285.965972973628,11.609958534992963,40.419357501771145,8005.436336661373,7.320141526230904,-7.968317912288669,8839.277565251372
patient_078,802.0,32.08,5.61855860413209,-28.77869706984404,5286.190715317793,8.540298995483209,-76.74148848774385,8005.777948621192,2.792243639661613,-113.19744716423226,8839.389254996957
patient_078,803.0,32.12,1.557780693562681,-101.51944776423522,5286.253026545535,11.684869119948628,78.61425311163548,8006.245343385991,10.923844629927911,203.29002475665746,8839.826208782155
patient_078,804.0,32.16,10.026023625582374,211.70607330049233,5286.654067490558,53.01288225106389,1033.2003282778817,8008.365858676033,14.76038261887813,95.91344972375549,8840.416624086909
patient_078,805.0,32.2,4.337576978551705,-142.21116617576672,5286.827570569701,10.955035076850248,-1051.4461793553412,8008.804060079107,4.176119552485592,-264.6065766598134,8840.583668869009
patient_078,806.0,32.24,7.105849854665321,69.2068219028404,5287.111804563888,3.699593268117917,-181.38604521830825,8008.9520438098325,7.224974371021729,76.22137046340343,8840.872667843849
patient_078,807.0,32.28,10.70807950846882,90.0557413450875,5287.540127744226,23.206554968477313,487.67404250898494,8009.880306008571,11.29384811868311,101.72184369153452,8841.324421768597
patient_078,808.0,32.32,18.099826061539833,184.79366382677532,5288.264120786688,16.62854866079914,-164.45015769195433,8010.5454479550035,13.892110470435144,64.95655879380084,8841.880106187415
patient_078,809.0,32.36,17.497474836407893,-15.058780628298507,5288.9640197801455,32.43687985904036,395.2082799560305,8011.842923149366,11.368451303931847,-63.09147916258242,8842.334844239573
patient_078,810.0,32.4,2.2321099437170213,-381.6341223172718,5289.0533041778945,36.55392489768371,102.92612596608367,8013.305080145273,8.092630012505012,-81.89553228567088,8842.658549440072
patient_078,811.0,32.44,10.019741905625885,194.69079904772158,5289.454093854119,3.467602006664468,-827.1580722754809,8013.443784225539,6.102594652017247,-49.75088401219412,8842.902653226152
patient_078,812.0,32.48,12.005697031529149,49.648878147581584,5289.93432173538,30.820356179195898,683.8188543132858,8014.676598472707,9.187839708709609,77.13112641730903,8843.2701668145
patient_078,813.0,32.52,8.71057107589189,-82.37814889093147,5290.282744578417,15.962666957969626,-371.4422305306568,8015.315105151025,4.094733860838268,-127.32764619678352,8843.433956168934
patient_078,814.0,32.56,8.523365083596277,-4.6801498073903325,5290.62367918176,16.01251668772774,1.2462432439528381,8015.955605818535,5.265453193152946,29.267983307866952,8843.64457429666
patient_078,815.0,32.6,6.188433278222631,-58.37329513434115,5290.871216512889,18.08244412747029,51.748185993563744,8016.678903583634,7.854328406644582,64.7218803372909,8843.958747432927
patient_078,816.0,32.64,3.854230869121789,-58.35506022752104,5291.025385747655,39.10647823589216,525.6008527105469,8018.243162713069,13.13904443977396,132.11790082823444,8844.484309210518
patient_078,817.0,32.68,14.802022898842646,273.6948007430214,5291.617466663608,26.605567442763455,-312.5227698282177,8019.307385410781,16.934848188121727,94.89509370869418,8845.161703138043
patient_078,818.0,32.72,6.501443528665378,-207.5144842544317,5291.877524404754,27.411853571660707,20.1571532224313,8020.403859553647,5.477684233667171,-286.4290988613639,8845.38081050739
patient_078,819.0,32.76,7.47105759274044,24.24035160187654,5292.176366708463,33.20893113207569,144.92693901037458,8021.73221679893,7.252513052998588,44.37072048328543,8845.67091102951
patient_078,820.0,32.8,8.552983563687567,27.048149273678177,5292.518486051011,6.136390556158852,-676.813514397921,8021.977672421175,4.4796636423096725,-69.32123526722289,8845.850097575201
patient_078,821.0,32.84,5.327565964414425,-80.63543998182855,5292.7315886895885,14.296120797080363,203.9932560230378,8022.549517253059,7.450425891232605,74.26905622307332,8846.14811461085
patient_078,822.0,32.88,3.733427446691683,-39.85346294306854,5292.880925787455,33.43449465369525,478.45934641537224,8023.886897039206,25.13497908327106,442.11382980096135,8847.153513774181
patient_078,823.0,32.92,6.140347797602111,60.173008772760696,5293.1265396993595,25.496176487345718,-198.4579541587384,8024.906744098701,14.24138936404102,-272.339742980751,8847.723169348743
patient_078,824.0,32.96,4.124173396384828,-50.40436003043207,5293.291506635215,10.097732033833262,-384.9611113378114,8025.310653380055,6.2714627580656614,-199.24816514938394,8847.974027859065
patient_078,825.0,33.0,4.967726782376368,21.088834649788502,5293.49021570651,6.670283937255436,-85.68620241444565,8025.577464737544,5.432095868826527,-20.98417223097837,8848.19131169382
patient_078,826.0,33.04,1.8140384255244137,-78.84220892129885,5293.562777243531,22.407696901532255,393.43532410692046,8026.473772613605,2.727142947194205,-67.62382304080803,8848.300397411707
patient_078,827.0,33.08,6.224336795224486,110.25745924250181,5293.81175071534,13.588254774238335,-220.486053182348,8027.017302804576,2.1175795000288837,-15.239086179133032,8848.385100591708
patient_078,828.0,33.12,13.52918795260027,182.62127893439458,5294.352918233444,35.778089740197835,554.7458741489875,8028.448426394183,14.701958445778553,314.60947364374175,8848.973178929538
patient_078,829.0,33.16,10.548977514909486,-74.50526094226957,5294.77487733404,17.435684461404552,-458.56013196983207,8029.145853772639,8.758910415648346,-148.57620075325516,8849.323535346164
patient_078,830.0,33.2,2.63184127950161,-197.92840588519692,5294.880150985221,12.840264748100715,-114.88549283259593,8029.659464362564,28.663497512373166,497.61467741812044,8850.47007524666
patient_078,831.0,33.24,12.694224219742978,251.55957350603418,5295.387919954011,2.530713005958976,-257.7387935535435,8029.760692882802,31.097098394543643,60.84002205426194,8851.71395918244
patient_078,832.0,33.28,10.99133044448056,-42.572344381560434,5295.82757317179,5.397994855688909,71.68204624324832,8029.976612677029,45.20796442060006,352.77165065141037,8853.522277759264
patient_078,833.0,33.32,7.502340049184836,-87.22475988239312,5296.1276667737575,1.191730177782745,-105.1566169476541,8030.024281884141,21.544663879952232,-591.5825135161956,8854.384064314463
patient_078,834.0,33.36,7.737260647424561,5.873014955993128,5296.437157199655,24.944109708982428,593.809488279992,8031.0220462725,16.143420100230966,-135.03109449303165,8855.029801118473
patient_078,835.0,33.4,12.61139127357443,121.85326565374672,5296.941612850597,8.808527987328834,-403.38954304133983,8031.374387391993,12.79443751653113,-83.72456459249591,8855.541578619135
patient_078,836.0,33.44,6.248235405134071,-159.07889671100895,5297.191542266803,16.48539267286483,191.9216171383999,8032.033803098907,29.608654523676314,420.3554251786296,8856.725924800081
patient_078,837.0,33.48,4.432951197594197,-45.38210518849686,5297.368860314706,27.885247674192847,284.9963750332004,8033.149213005875,2.9702453669866284,-665.9602289172421,8856.84473461476
patient_078,838.0,33.52,6.0160544486357495,39.577581276038806,5297.609502492652,13.781181707506748,-352.60164916715246,8033.700460274175,11.744133489434093,219.34720306118663,8857.314499954338
patient_078,839.0,33.56,6.276206668371162,6.503805493385317,5297.860550759387,3.3395257071430686,-261.04140000909194,8033.834041302462,1.86694353600044,-246.92974883584134,8857.389177695779
patient_078,840.0,33.6,25.958372640669864,492.0541493074675,5298.898885665013,29.356527885740448,650.4250544649345,8035.008302417891,20.866981923423754,475.0009596855828,8858.223856972716
patient_078,841.0,33.64,16.4536103494742,-237.61905727989162,5299.557030078992,21.886953679338035,-186.7393551600603,8035.8837805650655,9.160574779343829,-292.66017860199815,8858.59027996389
patient_078,842.0,33.68,6.723237839717944,-243.2593127439064,5299.825959592581,7.462792305269668,-360.6040343517092,8036.1822922572765,5.8808878617430365,-81.99217294001981,8858.82551547836
patient_078,843.0,33.72,5.6537754152651765,-26.73656061131919,5300.052110609192,6.737755115930097,-18.125929733489276,8036.451802461914,3.9962000310150168,-47.117195768200496,8858.9853634796
patient_078,844.0,33.76,10.245045282501623,114.78174668091117,5300.461912420492,4.116486831842702,-65.53170710218485,8036.616461935187,16.206923350512266,305.2680829874312,8859.63364041362
patient_078,845.0,33.8,7.574085946259687,-66.77398340604842,5300.764875858342,33.65728962659853,738.5200698688958,8037.962753520251,3.727164383327676,-311.9939741796148,8859.782726988955
