patient,frame,time_s,wrist_speed_mm_s,wrist_accel_mm_s2,wrist_path_mm,thumb_tip_speed_mm_s,thumb_tip_accel_mm_s2,thumb_tip_path_mm,index_finger_tip_speed_mm_s,index_finger_tip_accel_mm_s2,index_finger_tip_path_mm
patient_164,0.0,0.0,,,0.0,,,0.0,,,0.0
patient_164,1.0,0.04,57.121003044802634,,2.2848401217921053,216.43086959778765,,8.657234783911505,114.51681222787151,,4.5806724891148605
patient_164,2.0,0.08,61.63290163275659,112.79746469884896,4.75015618710237,224.05918984502796,190.70800618100776,17.619602377712624,112.7156876652878,-45.02811406459273,9.089299995726373
patient_164,3.0,0.12,27.277406006049528,-858.8873906676768,5.84125242734435,163.0178260083686,-1526.0340959164844,24.140315418047365,119.84328449845772,178.18992082924794,13.883031375664682
patient_164,4.0,0.16,63.267377186533515,899.7492795120997,8.37194751480569,816.1451369283143,16328.182772998642,56.78612089517994,53.015596272519204,-1670.692205648463,16.00365522656545
patient_164,5.0,0.2,9.885309677277712,-1334.551687731395,8.7673599018968,265.3932068871378,-13768.798251029411,67.40184917066544,59.08284368066144,151.6811852035559,18.366968973791906
patient_164,6.0,0.24,32.31974094101907,560.8607815935339,10.060149539537562,104.07401481674039,-4032.979801759936,71.56480976333506,350.86242543624917,7294.489543889694,32.40146599124188
patient_164,7.0,0.28,28.710354559680514,-90.2346595334639,11.208563721924781,431.35076011953515,8181.918632569869,88.81884016811648,564.0287141098707,5329.157216840539,54.9626145556367
patient_164,8.0,0.32,45.552279783376115,421.04813059239,13.030654913259825,192.041146807122,-5982.740332810328,96.50048604040136,96.15938237080807,-11696.733293476567,58.808989850469025
patient_164,9.0,0.36,15.435310729628284,-752.9242263436958,13.648067342444955,37.70702016879858,-3858.353165958086,98.0087668471533,65.4037575242306,-768.8906211644369,61.42514015143824
patient_164,10.0,0.4,25.523611134695123,252.20751012667097,14.66901178783276,40.26363961393189,63.915486128332866,99.61931243171057,141.83209935481582,1910.7085457646306,67.09842412563088
patient_164,11.0,0.44,31.870403377127925,158.66980606082004,15.943827922917876,58.81474846568823,463.7777212939085,101.9719023703381,512.2677299202803,9260.890764136613,87.58913332244211
patient_164,12.0,0.48,48.12244914373191,406.3011441650997,17.868725888667154,35.20753083839878,-590.1804406822363,103.38020360387405,475.2463865647853,-925.5335838873748,106.59898878503351
patient_164,13.0,0.52,80.2745287110889,803.8019891839248,21.07970703711071,176.37456696873357,3529.17590325837,110.4351862826234,73.22757116585139,-10050.470384973349,109.52809163166756
patient_164,14.0,0.56,19.031127965846803,-1531.0850186310524,21.84095215574458,30.071898252652666,-3657.566717902023,111.63806221272951,140.13470897353588,1672.6784451921123,115.13347999060899
patient_164,15.0,0.6,10.386468673785787,-216.1164823015254,22.25641090269601,38.3306391669893,206.46852285841587,113.17128777940908,35.08543853225456,-2626.231761032033,116.53689753189917
patient_164,16.0,0.64,101.78670856215744,2285.0059972092913,26.327879245182306,71.4454956313854,827.8714116099025,116.02910760466449,742.283856560377,17679.96045070306,146.22825179431425
patient_164,17.0,0.68,66.10538879143563,-892.0329942680453,28.972094796839734,21.839576283532498,-1240.1479836963226,116.9026906560058,182.5407740088829,-13993.577063787354,153.5298827546696
patient_164,18.0,0.72,18.623320755789802,-1187.0517008911456,29.717027627071325,7.074176843516432,-369.1349860004016,117.18565772974645,124.51042697811582,-1450.758675769177,158.51029983379422
patient_164,19.0,0.76,24.352931383263886,143.2402656868521,30.691144882401883,82.16642016709248,1877.3060830894015,120.47231453643015,89.76791351821733,-868.5628364974623,162.1010163745229
patient_164,20.0,0.8,17.985669348664622,-159.1815508649816,31.410571656348466,25.098432836350092,-1426.6996832685597,121.47625184988415,19.254499676215715,-1762.8353460500402,162.87119636157155
patient_164,21.0,0.84,7.719926931011992,-256.64356044131574,31.719368733588944,42.82870879481203,443.2568989615485,123.18940020167663,11.714151647533859,-188.50870071704642,163.33976242747292
patient_164,22.0,0.88,1.1436913357100007,-164.4058898825498,31.765116387017343,11.950951796441855,-771.9439249592543,123.66743827353432,14.793819969680351,76.99170805366231,163.93151522626013
patient_164,23.0,0.92,8.867687398338592,193.0999015657148,32.11982388295089,30.849219655219024,472.4566964694292,124.90140705974306,15.46428064894997,16.761516981740463,164.55008645221812
patient_164,24.0,0.96,23.49097882156987,365.5822855807819,33.059463035813685,18.528544524618933,-308.0168782650023,125.64254884072783,60.854558328158404,1134.756941980211,166.98426878534445
patient_164,25.0,1.0,8.01218561817868,-386.9698300847797,33.37995046054083,7.439898494566763,-277.21615075130427,125.94014478051051,46.0889538535837,-369.14011186436755,168.82782693948784
patient_164,26.0,1.04,13.775983818542949,144.0949550091067,33.93098981328255,4.878979562390687,-64.0229733044019,126.13530396300614,20.095507657947522,-649.8361548909045,169.63164724580574
patient_164,27.0,1.08,10.609166688737089,-79.17042824514651,34.355356480832036,4.320280956037679,-13.96746515882521,126.30811520124763,27.090661182897144,174.87883812374054,170.7152736931216
patient_164,28.0,1.12,8.608522908889991,-50.01609449617743,34.699697397187634,4.4813379664755955,4.026425260947919,126.48736871990667,4.960941299414604,-553.2429970870635,170.9137113450982
patient_164,29.0,1.16,11.890449729664066,82.04817051935187,35.175315386374194,19.618341671231835,378.425092618906,127.27210238675595,5.657582929938696,17.416040763102302,171.14001466229575
patient_164,30.0,1.2,20.802774560676948,222.80812077532204,36.007426368801276,23.234754621542432,90.41032375776493,128.20149257161765,21.31698909794535,391.48515420016633,171.99269422621356
patient_164,31.0,1.24,13.727039788586223,-176.8933693022681,36.556507960344724,26.829439195150464,89.86711434020079,129.27467013942365,17.642077128974606,-91.87279922426859,172.69837731137258
patient_164,32.0,1.28,3.293420414079623,-260.840484362665,36.68824477690791,13.436140802189707,-334.83245982401894,129.81211577151123,15.17212651555621,-61.7487653354599,173.30526237199484
patient_164,33.0,1.32,7.639610679458998,108.65475663448439,36.99382920408627,35.01953076069193,539.5847489625556,131.2128970019389,21.039720038483676,146.68983807318665,174.1468511735342
patient_164,34.0,1.36,15.720405804282109,202.0198781205778,37.62264543625756,65.77532743616621,768.894916886857,133.84391009938557,26.01115419387582,124.28585388480364,175.18729734128922
patient_164,35.0,1.4,8.845065305877347,-171.88351246011905,37.97644804849265,24.19164112887364,-1039.592157682314,134.8115757445405,23.426044597953904,-64.62773989804793,176.12433912520737
patient_164,36.0,1.44,23.336033865901925,362.27421400061445,38.90988940312873,13.263368732969212,-273.2068098976107,135.34211049385928,25.177559081198154,43.787862081106255,177.13144148845532
patient_164,37.0,1.48,9.071851007931379,-356.60457144926363,39.27276344344598,16.258394434913097,74.87564254859711,135.9924462712558,40.040330813150455,371.5692932988075,178.73305472098136
patient_164,38.0,1.52,8.81608501181916,-6.394149902805468,39.625406843918746,32.45654070729681,404.9536568095928,137.29070789954767,44.16300026392716,103.06673626941762,180.49957473153842
patient_164,39.0,1.56,21.82109830341066,325.12533228978754,40.49825077605517,47.242280186646155,369.6434869837336,139.1803991070135,28.003423978784785,-403.9894071285594,181.6197116906898
patient_164,40.0,1.6,5.398315971578886,-410.5695582957944,40.71418341491833,9.330582520421293,-947.7924416556215,139.55362240783035,31.036154109045363,75.81825325651445,182.8611578550516
patient_164,41.0,1.64,3.8985235052007416,-37.49481165945361,40.87012435512636,17.484867386489842,203.85712165171373,140.25301710328995,35.54213642240124,112.64955783389698,184.28284331194766
patient_164,42.0,1.68,5.311789253299034,35.33164370245731,41.08259592525832,24.237354307117617,168.81217301569436,141.22251127557465,18.230395134409516,-432.79353219979316,185.01205911732401
patient_164,43.0,1.72,14.207316276597137,222.38817558245256,41.6508885763222,15.326384030351361,-222.7742569191564,141.8355666367887,7.04872185752183,-279.54183192219216,185.29400799162488
patient_164,44.0,1.76,15.11826289847417,22.773665546925812,42.25561909226117,34.89348446926022,489.1775109727215,143.2313060155591,9.587446682094125,63.46812061430738,185.67750585890866
patient_164,45.0,1.8,11.266546031586554,-96.29292167219039,42.70628093352463,50.291581702167456,384.9524308226808,145.2429692836458,37.50884690255725,698.0350055115782,187.17785973501094
patient_164,46.0,1.84,11.14498022175193,-3.0391452458656154,43.15208014239471,9.89622423313223,-1009.8839367258806,145.6388182529711,30.045821476767912,-186.5756356447335,188.37969259408163
patient_164,47.0,1.88,13.964346706874487,70.48416212806394,43.710654010669685,32.85518652632104,573.9740573297203,146.95302571402397,13.761474085443492,-407.1086847831105,188.93015155749939
patient_164,48.0,1.92,12.894712377037282,-26.740858245930134,44.22644250575117,84.5224282380625,1291.6810427935366,150.33392284354647,2.66848251727004,-277.3247892043363,189.03689085819016
patient_164,49.0,1.96,18.553444124839263,141.46829369504954,44.968580270744745,8.963644521053938,-1888.969592925214,150.69246862438862,26.08553066935822,585.4262038022046,190.0803120849645
patient_164,50.0,2.0,5.951428949931528,-315.0503793726933,45.206637428742006,42.423342699537976,836.492454462101,152.38940233237014,14.383180845009255,-292.55874560872417,190.65563931876488
patient_164,51.0,2.04,25.016394597935207,476.62414120009197,46.207293212659415,11.31524142015272,-777.7025319846314,152.84201198917626,37.80803185769466,585.6212753171351,192.16796059307268
patient_164,52.0,2.08,11.98799637611274,-325.7099555455617,46.68681306770392,15.457180775162225,103.54848387523762,153.46029922018272,34.64145843543703,-79.16433555644069,193.55361893049016
patient_164,53.0,2.12,18.254681157871897,156.6671195439789,47.41700031401879,7.043515775314353,-210.34162499619677,153.7420398511953,7.5713389038020065,-676.7529882908756,193.85647248664225
patient_164,54.0,2.16,15.573257329240707,-67.03559571577972,48.039930607188424,46.68091990993639,990.935103365551,155.60927664759276,6.840123257292556,-18.280391162736255,194.13007741693391
patient_164,55.0,2.2,5.056262309596539,-262.9248754911042,48.24218109957229,51.008832260140174,108.19780875509454,157.64962993799838,11.529144158940284,117.22552254119319,194.59124318329157
patient_164,56.0,2.24,11.42490582798381,159.21608795968177,48.69917733269164,22.552233829782953,-711.4149607589305,158.5517192911897,13.367109436818263,45.94913194694947,195.1259275607643
patient_164,57.0,2.28,9.20264784106769,-55.556449672902986,49.067283246334355,4.183114174127038,-459.2279913913979,158.71904385815478,32.892146370326735,488.12592333771187,196.44161341557734
patient_164,58.0,2.32,1.4014351104764382,-195.03031826478133,49.12334065075342,3.0139631329393333,-29.228776029692614,158.83960238347237,9.992102861722946,-572.5010877150946,196.84129753004626
patient_164,59.0,2.36,8.793267269181431,184.79580396762483,49.47507134152067,14.747565109978893,293.34004942598904,159.42950498787152,11.712089108130252,42.99965616018264,197.30978109437146
patient_164,60.0,2.4,32.81492574804111,600.541461971492,50.787668371442315,63.822637386781345,1226.8768069200612,161.98241048334276,5.2861840588334,-160.64762623242132,197.52122845672477
patient_164,61.0,2.44,30.094488033047355,-68.01094287484392,51.99144789276421,30.015709196994138,-845.1732047446802,163.18303885122253,23.70573872629538,460.4888666865495,198.4694580057766
patient_164,62.0,2.48,13.053495874264888,-426.0248039695616,52.5135877277348,38.22091841297234,205.130230399455,164.71187558774142,3.901880904860032,-495.0964455358837,198.62553324197103
patient_164,63.0,2.52,3.9427305221497053,-227.76913380287957,52.67129694862079,2.9674472902371387,-881.33677806838,164.8305734793509,16.3665193240244,311.61596047910916,199.280194014932
patient_164,64.0,2.56,16.903599803582853,324.0217320358287,53.34744094076411,10.17518247886907,180.19337971579827,165.23758077850565,9.868573557155122,-162.44864417173193,199.6749369572182
patient_164,65.0,2.6,10.803996916429998,-152.49007217882138,53.779600817421304,8.321936835009543,-46.33114109648817,165.57045825190602,15.695633838239738,145.6765070271154,200.3027623107478
patient_164,66.0,2.64,4.811786182198191,-149.80526835579516,53.97207226470923,15.380162375290556,176.45563850702533,166.18566474691764,35.029027099561375,483.334831533041,201.70392339473023
patient_164,67.0,2.68,21.367558036237263,413.8942963509768,54.82677458615873,21.222866193097975,146.06759544518548,167.03457939464155,5.451550083119636,-739.4369254110435,201.921985398055
patient_164,68.0,2.72,13.395716791911367,-199.2960311081474,55.36260325783518,1.4566153525997834,-494.1562710124548,167.09284400874552,16.235064966034155,269.58787207286304,202.57138799669636
patient_164,69.0,2.76,12.0407749760681,-33.873545396081674,55.84423425687791,13.574508821165495,302.9473367141428,167.63582436159214,19.583280238585544,83.70538181378473,203.3547192062398
patient_164,70.0,2.8,12.828192527737253,19.685438791728814,56.35736195798739,12.042055642550745,-38.31132946536875,168.11750658729414,22.670084177423746,77.17009847095504,204.26152257333672
patient_164,71.0,2.84,21.178488843316796,208.75740788948858,57.20450151172006,4.35037706185016,-192.29196451751463,168.29152166976814,39.9882650341092,432.9545214171363,205.8610531747011
patient_164,72.0,2.88,17.61550837297077,-89.07451175865066,57.90912184663889,33.214236397918256,721.5964834017024,169.6200911256849,96.6179508432109,1415.7421452275428,209.72577120842953
patient_164,73.0,2.92,7.840094295901,-244.38535192674422,58.22272561847493,13.606174343546437,-490.20155135929554,170.16433809942674,55.222189323423635,-1034.8940379946819,211.9346587813665
patient_164,74.0,2.96,29.173740266500193,533.3411492649798,59.38967522913494,7.382416454626515,-155.59394722299805,170.4596347576118,14.175290274513277,-1026.172476222759,212.501670392347
patient_164,75.0,3.0,10.101006175122142,-476.8183522844513,59.79371547613982,12.25814331337039,121.89317146859686,170.94996049014662,34.93349144759187,518.9550293269648,213.8990100502507
patient_164,76.0,3.04,4.714414660710649,-134.66478786028733,59.98229206256825,23.26718408944357,275.22601940182955,171.88064785372435,5.1734045863612925,-744.0021715307644,214.10594623370514
patient_164,77.0,3.08,16.88988917015204,304.38686273603474,60.65788762937433,18.568295239449878,-117.47222124984233,172.62337966330236,6.143087983663956,24.242084932566588,214.3516697530517
patient_164,78.0,3.12,10.094062415919147,-169.8956688558223,61.06165012601109,13.23786973921242,-133.26063750593647,173.15289445287087,21.165909789995002,375.5705451582761,215.1983061446515
patient_164,79.0,3.16,4.3284120364383645,-144.14125948701957,61.23478660746862,9.33607092070201,-97.54497046276023,173.52633728969894,8.231146171179027,-323.3690904703994,215.52755199149865
patient_164,80.0,3.2,6.658610164054567,58.254953190405054,61.501131014030804,8.474455568608313,-21.540383802342422,173.86531551244326,17.20786543357932,224.41798156000738,216.21586660884182
patient_164,81.0,3.24,6.654493794165812,-0.10290924721887418,61.76731076579744,23.097879860175805,365.5856072891873,174.78923070685028,22.567225865996118,133.9840108104199,217.11855564348167
patient_164,82.0,3.28,14.01238778284925,183.94734971708598,62.32780627711141,45.38776235957729,557.2470624850371,176.60474120123337,42.4586901585603,497.2866073141046,218.81690324982407
patient_164,83.0,3.32,13.568732839498047,-11.091373583780095,62.87055559069133,33.14298273905118,-306.11949051315275,177.93046051079543,10.863378211074783,-789.882798687138,219.25143837826704
patient_164,84.0,3.36,14.09730846164229,13.214390553606092,63.434447929157024,42.56627752516493,235.58236965284377,179.633111611802,14.06289962182598,79.98803526877994,219.81395436314008
patient_164,85.0,3.4,31.05995869912759,424.0662559371325,64.67684627712212,42.45351149177328,-2.819150834791273,181.33125207147296,31.501026516564036,435.95317236845136,221.07399542380261
patient_164,86.0,3.44,7.677915175270657,-584.5510880964234,64.98396288413295,27.620382159342334,-370.82823331077356,182.43606735784667,7.045086145846478,-611.398509267939,221.3557988696365
patient_164,87.0,3.48,9.694760352525009,50.42112943135879,65.37175329823395,16.633107599532273,-274.68186399525155,183.10139166182796,34.67792553456254,690.8209847179015,222.742915891019
patient_164,88.0,3.52,5.16689234993696,-113.19670006470122,65.57842899223142,12.849699403030499,-94.58520491254436,183.61537963794916,35.55173284840188,21.84518284598358,224.1649852049551
patient_164,89.0,3.56,12.308463749827332,178.5392849972593,66.07076754222452,15.641317552895362,69.79045374662158,184.24103234006495,34.99409084631543,-13.94105005216133,225.56474883880773
patient_164,90.0,3.6,12.537320336092737,5.721414656635115,66.57226035566823,33.35901829007726,442.9425184295474,185.57539307166803,13.198430930188028,-544.891497903185,226.09268607601524
patient_164,91.0,3.64,13.649285328228029,27.79912480338229,67.11823176879734,6.783256277110372,-664.3940503241722,185.84672332275244,22.654256693162328,236.3956440743575,226.99885634374172
patient_164,92.0,3.68,23.84366238836214,254.8594265033528,68.07197826433183,2.702635168617048,-102.01552771233308,185.95482872949714,25.520947890529328,71.66727993417501,228.01969425936286
patient_164,93.0,3.72,15.267376684600801,-214.40714259403347,68.68267333171588,5.0861462915599605,59.587778073572814,186.15827458115953,10.448024399843856,-376.8230872671368,228.43761523535665
patient_164,94.0,3.76,21.22581977416833,148.9610772391882,69.53170612268259,19.221075575498805,353.37323209847114,186.92711760417947,42.79787961592536,808.7463804020377,230.14953041999365
patient_164,95.0,3.8,16.096637122934894,-128.22956628083588,70.17557160759999,14.854473738742463,-109.16504591890855,187.5212965537292,5.480635216919406,-932.931109975149,230.36875582867043
patient_164,96.0,3.84,25.078520969902442,224.5470961741887,71.17871244639609,17.125357023527574,56.77208211962777,188.2063108346703,21.18514129722759,392.61265200770464,231.21616148055952
patient_164,97.0,3.88,1.667495442763582,-585.2756381784716,71.24541226410663,38.184515703423564,526.4789669973998,189.73369146280723,42.29297886758902,527.6959392590358,232.9078806352631
patient_164,98.0,3.92,11.86636445932606,254.97172541406198,71.72006684247967,34.35786241073772,-95.66633231714619,191.10800595923672,43.06680117387135,19.345557657058166,234.63055268221797
patient_164,99.0,3.96,4.184749344127688,-192.04037787995932,71.88745681624478,7.064301117958613,-682.3390323194776,191.39057800395506,14.53216176933677,-713.3659851133644,235.21183915299144
patient_164,100.0,4.0,4.900979628794214,17.905757116663136,72.08349600139655,16.959230615318546,247.3732374339983,192.06894722856777,9.851699709892369,-117.01155148611005,235.60590714138715
patient_164,101.0,4.04,10.174572427856138,131.8398199765481,72.4904788985108,8.893070540922558,-201.6540018598997,192.4246700502047,15.517599150183115,141.64748600726864,236.22661110739446
patient_164,102.0,4.08,16.42555486922899,156.2745610343213,73.14750109327996,13.617509646477576,118.11097763887544,192.9693704360638,8.652938588592686,-171.61651403976072,236.57272865093816
patient_164,103.0,4.12,24.856879696430596,210.78312068004016,74.14177628113718,17.5673083523093,98.74496764579312,193.6720627701562,28.661420321271674,500.2120433169747,237.71918546378905
patient_164,104.0,4.16,8.94880938840436,-397.7017577006559,74.49972865667335,6.923262334650622,-266.1011504414669,193.9489932635422,7.047938676618699,-540.3370411163244,238.00110301085377
patient_164,105.0,4.2,10.131455709522395,29.566158027950884,74.90498688505426,1.8054159339145452,-127.94616001840194,194.02120990089878,9.398581768766617,58.76607730369794,238.3770462816044
patient_164,106.0,4.24,10.328765894743862,4.932754630536662,75.318137520844,10.248184672456265,211.069218463543,194.43113728779701,12.899242854923603,87.51652715392466,238.89301599580136
patient_164,107.0,4.28,13.72834192170057,84.98940067391771,75.86727119771203,7.130003289948279,-77.95453456269965,194.71633741939496,36.45733802956335,588.9523793659937,240.3513095169839
patient_164,108.0,4.32,17.648193370358296,97.99628621644314,76.57319893252637,74.65310493726007,1688.0775411827947,197.70246161688533,60.12865323944568,591.7828802470583,242.75645564656173
patient_164,109.0,4.36,10.85054840289483,-169.94112418658665,77.00722086864216,13.404182923821336,-1531.2230503359683,198.23862893383819,17.998002647566555,-1053.2662647969782,243.4763757524644
patient_164,110.0,4.4,6.228705526824125,-115.54607190176762,77.25636908971512,22.992396611297345,239.7053421869002,199.1583247982901,43.95308970346271,648.8771763974039,245.23449934060292
patient_164,111.0,4.44,5.733740154093552,-12.374134318264328,77.48571869587887,7.957509126480034,-375.8721871204328,199.47662516334927,7.89533271973632,-901.4439245931599,245.55031264939237
patient_164,112.0,4.48,13.720927364219461,199.67968025314772,78.03455579044765,30.75996389043384,570.0613690988451,200.70702371896664,15.201177736334676,182.6461254149589,246.15835975884576
patient_164,113.0,4.52,12.25205004671111,-36.72193293770878,78.52463779231608,26.00828468971457,-118.79198001798174,201.74735510655523,22.929144015008482,193.19915696684515,247.0755255194461
patient_164,114.0,4.56,2.6892428629174505,-239.07017959484148,78.63220750683278,7.824522404214064,-454.59405713751266,202.06033600272377,48.54770667552292,640.4640665128609,249.017433786467
patient_164,115.0,4.6,2.3235979906310833,-9.14112180715918,78.72515142645803,6.506010486602898,-32.962797940279145,202.32057642218788,6.2435186906337705,-1057.6046996222287,249.26717453409236
patient_164,116.0,4.64,10.047582012098683,193.09960053669,79.12705470694198,21.969483806137788,386.58683298837224,203.1993557744334,8.972688280415833,68.22923974455155,249.62608206530902
patient_164,117.0,4.68,10.454904391721804,10.183059490578028,79.54525088261084,16.26138331497161,-142.70251227915446,203.84981110703225,3.0066016203316575,-149.15216650210436,249.7463461301223
patient_164,118.0,4.72,5.750572278326875,-117.60830283487323,79.77527377374392,19.640020335771986,84.46592552000939,204.63541192046313,56.84171911561001,1345.8779373819589,252.0200148947467
patient_164,119.0,4.76,36.435173035668946,767.1150189335518,81.23268069517067,137.954536070778,2957.86289337515,210.15359336329425,19.799045612361358,-926.0668375812163,252.8119767192412
patient_164,120.0,4.8,22.227990242166058,-355.1795698375722,82.12180030485732,134.75959258341675,-79.87358718403144,215.5439770666309,142.66442259231644,3071.6344244988773,258.51855362293384
patient_164,121.0,4.84,12.55614811909293,-241.7960530768282,82.62404622962103,6.165126973859376,-3214.8616402389343,215.7905821455853,5.48825535004486,-3429.4041810567896,258.73808383693563
patient_164,122.0,4.88,54.689551037870736,1053.335072969445,84.81162827113587,39.977412853585164,845.3071469931448,217.3896786597287,480.279104901603,11869.771238788953,277.9492480329998
patient_164,123.0,4.92,145.16655620709616,2261.925129230636,90.61829051941972,132.05843181532416,2302.025474043475,222.67201593234168,468.68472484955106,-289.85950130129794,296.6966370269818
patient_164,124.0,4.96,34.99899087728242,-2754.189133245344,92.01825015451101,296.0619388289183,4100.087675339853,234.51449348549838,179.3060244075187,-7234.467511050809,303.86887800328253
patient_164,125.0,5.0,122.49499681998569,2187.4001485675817,96.91805002731044,120.5109769996126,-4388.774045732643,239.3349325654829,119.43409438392662,-1496.7982505898017,308.64624177863965
patient_164,126.0,5.04,41.19364770816144,-2032.533727795606,98.56579593563688,123.48472456123442,74.34368904054551,244.27432154793226,36.63356526685877,-2070.0132279266963,310.111584389314
patient_164,127.0,5.08,95.94263810340992,1368.7247598812119,102.40350145977328,22.345226535249825,-2528.487450649615,245.16813060934226,15.168469908991453,-536.6273839466828,310.7183231856736
patient_164,128.0,5.12,103.0323431078009,177.24262510977445,106.52479518408532,91.2591640263596,1722.8484372777443,248.81849717039665,84.80582361409428,1740.9338426275706,314.1105561302374
patient_164,129.0,5.16,109.18797197279812,153.89072162493065,110.89231406299724,108.44054463880103,429.53451531103576,253.1561189559487,188.204244818161,2584.9605301016677,321.63872592296383
patient_164,130.0,5.2,141.81992001856122,815.7987011440774,116.5651108637397,336.4376381347096,5699.927337397713,266.61362448133707,199.59323243014387,284.7246902995721,329.62245522016957
patient_164,131.0,5.24,258.96726977756947,2928.683743975206,126.92380165484248,379.85660967722686,1085.474288562932,281.8078888684261,420.8699214963272,5531.917226654584,346.45725208002267
patient_164,132.0,5.28,31.533808148779674,-5685.836540719744,128.18515398079367,43.340440487263514,-8412.904229749083,283.54150648791665,74.8766340234042,-8649.832186823076,349.4523174409588
patient_164,133.0,5.32,94.52324415813928,1574.7359002339902,131.96608374711926,216.66295611443266,4333.062890679228,292.208024732494,206.3368239636189,3286.504748505368,357.70579039950354
patient_164,134.0,5.36,59.76013449010784,-869.077741700786,134.35648912672355,142.0195526100275,-1866.0850876101292,297.88880683689507,53.80210500501113,-3813.367973965195,359.857874599704
patient_164,135.0,5.4,12.146899825714003,-1190.330866609846,134.84236511975212,90.70713474533449,-1282.8104466173252,301.5170922267085,85.53070601182037,793.215025170231,363.27910284017685
patient_164,136.0,5.44,78.61161025966261,1661.6177608487153,137.9868295301386,97.37783605547222,166.76753275344325,305.41220566892736,143.48756658244253,1448.921514265554,369.01860550347453
patient_164,137.0,5.48,40.64060603764618,-949.2751055504108,139.61245377164448,158.36024090507098,1524.5601212399692,311.7466153051302,99.83684736294519,-1091.2679804874333,373.01207939799235
patient_164,138.0,5.52,90.36375455771147,1243.0787130016324,143.22700395395293,101.43548071562228,-1423.1190047362177,315.8040345337551,165.93383555888397,1652.4247048984694,379.6494328203477
patient_164,139.0,5.56,62.06582485851823,-707.448242479831,145.70963694829368,238.94461638776048,3437.728391803455,325.36181918926553,90.9248665328052,-1875.2242256519694,383.2864274816599
patient_164,140.0,5.6,114.43198575478807,1309.154022406746,150.2869163784852,143.60106584859983,-2383.588763479016,331.10586182320947,365.32833045139546,6860.086597964757,397.8995606997157
patient_164,141.0,5.64,245.90549745141547,3286.837792415685,160.1231362765418,506.0158612978036,9060.369886230095,351.3464962751216,552.179882711314,4671.288806497963,419.9867560081683
patient_164,142.0,5.68,405.0353277174966,3978.2457566520284,176.32454938524165,562.4417035946744,1410.6460574217706,373.84416441890863,637.282189869848,2127.5576789633506,445.4780436029622
patient_164,143.0,5.72,438.24967354278,830.3586456320843,193.85453632695288,567.0690163405525,115.68281864695109,396.52692507253073,632.4527608307773,-120.735725976769,470.7761540361933
patient_164,144.0,5.76,424.54166749001706,-342.70015131907314,210.83620302655356,433.28398663045783,-3344.625742752366,413.85828453774906,388.81217282240783,-6091.014700209236,486.3286409490897
patient_164,145.0,5.8,258.85533371996934,-4142.158344251193,221.19041637535233,266.4406658021832,-4171.083020706866,424.5159111698364,253.6371487294049,-3379.375602325073,496.4741268982659
patient_164,146.0,5.84,123.57326992806387,-3382.051594797637,226.13334717247488,155.29811794167793,-2778.5636965126323,430.72783588750355,34.71202494409424,-5473.128094632767,497.86260789602966
patient_164,147.0,5.88,82.90431305288872,-1016.7239218793785,229.44951969459046,102.35004946296588,-1323.7017119678012,434.8218378660222,26.951800194575448,-194.00561873796977,498.9406799038127
patient_164,148.0,5.92,83.84278909306427,23.461901004388608,232.80323125831302,124.1434774110322,544.8356987016577,439.7875769624635,53.92430806856844,674.3126968498249,501.09765222655545
patient_164,149.0,5.96,105.81925114831422,549.4115513812488,237.0360013042456,49.01017030603857,-1878.332677624841,441.74798377470506,249.83933610083542,4897.875700806674,511.0912256705888
patient_164,150.0,6.0,72.95826888058005,-821.5245566933543,239.9543320594688,87.15226213179895,953.5522956440095,445.234074259977,263.3793547047393,338.5004650975965,521.6263998587784
patient_164,151.0,6.04,88.53871186620458,389.51107464061323,243.495880534117,241.6287805140715,3861.912959556814,454.8992254805398,80.2515877771902,-4578.194173188727,524.836463369866
patient_164,152.0,6.08,82.05395647597896,-162.11888475564038,246.77803879315616,231.15712819720986,-261.79130792154126,464.14551060842825,23.872068738434116,-1409.487975968902,525.7913461194033
patient_164,153.0,6.12,39.569215119876205,-1062.118533902569,248.36080739795122,160.98696880738558,-1754.2539847456069,470.5849893607236,260.32982348621294,5911.44386869447,536.2045390588518
patient_164,154.0,6.16,40.969370086747396,35.00387417177979,249.9995822014211,172.16695839081092,279.4997395856335,477.47166769635606,159.3627084572927,-2524.177875723006,542.5790473971435
patient_164,155.0,6.2,23.217498728585923,-443.7967839540368,250.92828215056454,108.5312671561892,-1590.892280865543,481.8129183826037,58.62560254400279,-2518.427647832248,544.9240714989037
patient_164,156.0,6.24,46.007111725010105,569.7403249106046,252.76856661956495,121.31765498861542,319.65969581065536,486.6656245821483,123.76835615071842,1628.5688401678908,549.8748057449324
patient_164,157.0,6.28,32.00644723830465,-350.0166121676363,254.04882450909713,57.9865306750386,-1583.2781078394203,488.98508580914984,107.08524927651007,-417.07767185520873,554.1582157159928
patient_164,158.0,6.32,88.74047941276714,1418.3508043615623,257.59844368560783,85.30566860749597,682.9784483114344,492.39731255344964,47.65567196817723,-1485.739432708321,556.0644425947198
patient_164,159.0,6.36,19.92712330281413,-1720.3339027488255,258.3955286177204,95.24791262650004,248.55610047510163,496.2072290585097,13.548927125699967,-852.6686210619315,556.6063996797478
patient_164,160.0,6.4,94.16337073174086,1855.9061857231682,262.16206344699,100.70705032388642,136.47844243465954,500.23551107146517,128.64607847050317,2877.42878362008,561.752242818568
patient_164,161.0,6.44,101.30700153079815,178.59076997643228,266.21434350822193,166.27173426683544,1639.1170985737253,506.88638044213855,140.05221900479455,285.1535133572845,567.3543315787597
patient_164,162.0,6.48,140.6769945279958,984.249824929941,271.8414232893418,124.46263150740202,-1045.2275689858354,511.8648857024346,71.14884685529626,-1722.5843037374575,570.2002854529716
patient_164,163.0,6.52,29.948437291618834,-2768.213930909424,273.0393607810065,59.97631454754258,-1612.1579239964858,514.2639382843363,40.967742902703435,-754.5275988148205,571.8389951690797
patient_164,164.0,6.56,65.0116878272136,876.5812633898694,275.6398282940951,87.39181320852016,685.3874665244396,517.7596108126771,42.15014472806647,29.560045634075927,573.5250009582023
patient_164,165.0,6.6,26.53585014448466,-961.8959420682238,276.70126229987443,70.16744922331362,-430.6090996301634,520.5663087816097,58.55370857044552,410.0890960594763,575.8671493010202
patient_164,166.0,6.64,39.90147425953905,334.14060287635976,278.297321270256,199.7414525817811,3239.3500839616863,528.555966884881,94.69617655889007,903.5616997111138,579.6549963633757
patient_164,167.0,6.68,33.402471808226025,-162.47506128282564,279.63342014258507,109.70041220716763,-2251.0260093653364,532.9439833731676,157.77057609764478,1576.8599884688676,585.9658194072815
patient_164,168.0,6.72,113.9923414901728,2014.7467420486696,284.193113802192,128.05788146106346,458.9367313473957,538.0662986316102,185.02205425053359,681.2869538222202,593.3667015773029
patient_164,169.0,6.76,116.39026801322382,59.94816307627531,288.84872452272094,303.4564195328546,4384.963451794779,550.2045554129244,259.3961158428757,1859.3515398085528,603.742546211018
patient_164,170.0,6.8,177.430358089413,1526.0022519047297,295.94593884629745,259.15450299666134,-1107.5479134048323,560.5707355327909,326.6718352237723,1681.8929845224147,616.8094196199688
patient_164,171.0,6.84,285.3607046839954,2698.2586648645593,307.36036703365727,544.5263580415495,7134.296376122205,582.3517898544528,346.9616578216294,507.2455649464274,630.687885932834
patient_164,172.0,6.88,412.1167597826489,3168.901377466338,323.8450374249632,571.991683481051,686.6331359875375,605.231457193695,380.0869006953644,828.1310718433758,645.8913619606486
patient_164,173.0,6.92,391.5813358937059,-513.385597223575,339.5082908607115,384.7280792213976,-4681.590106491336,620.6205803625509,505.16852798721254,3127.040682296203,666.0981030801371
patient_164,174.0,6.96,347.70523341778465,-1096.902561898031,353.41650019742286,507.0957723786751,3059.1923289319384,640.9044112576979,398.2726827669407,-2672.396130506796,682.0290103908146
patient_164,175.0,7.0,296.6626237006393,-1276.0652429286338,365.2830051454484,417.7605537176084,-2233.3804665266684,657.6148334064022,252.30508697998226,-3649.189894673961,692.1212138700139
patient_164,176.0,7.04,257.2808962837552,-984.5431854221019,375.5742409967986,265.8454782161518,-3797.8768875364153,668.2486525350483,198.1799760444775,-1353.1277733876188,700.048412911793
patient_164,177.0,7.08,204.60052201595988,-1317.0093566948835,383.758261877437,180.88142843726607,-2124.1012444721428,675.483909672539,296.00424617179806,2445.6067531830136,711.8885827586648
patient_164,178.0,7.12,163.80694549892343,-1019.8394129259113,390.310539697394,125.61828563515385,-1381.5785700528054,680.5086410979452,227.1771011318824,-1720.6786259978912,720.9756668039402
patient_164,179.0,7.16,127.00109176700049,-920.1463432980735,395.390583368074,223.67354438485697,2451.381468742578,689.4555828733395,136.4372448327268,-2268.49640747889,726.4331565972492
patient_164,180.0,7.2,23.392388097218635,-2590.217591744546,396.3262788919627,75.20855275285618,-3711.6247908000196,692.4639249834538,26.471126341047377,-2749.1529622919857,727.492001650891
patient_164,181.0,7.24,117.60026531300649,2355.196930394696,401.030289504483,189.46612066314512,2856.4391977572236,700.0425698099796,67.42214886981415,1023.7755632191693,730.1888876056836
patient_164,182.0,7.28,171.79476138571425,1354.862401817694,407.9020799599116,115.03497055113107,-1860.7787528003514,704.6439686320249,38.432385388564136,-724.7440870312504,731.7261830212261
patient_164,183.0,7.32,105.17098748540593,-1665.594347507708,412.1089194593278,210.46354315457566,2385.7143150861148,713.062510358208,1099.0569485907213,26515.61408005393,775.688460964855
patient_164,184.0,7.36,136.63721077079663,786.6555821347674,417.57440789015965,113.4427873452511,-2425.5188952331137,717.600221852018,603.7748148820062,-12382.053342717876,799.8394535601353
patient_164,185.0,7.4,360.09617894327175,5586.474204311879,431.9782550478905,268.5781904726511,3878.385078185,728.343349470924,226.41725315817578,-9433.939043095763,808.8961436864623
patient_164,186.0,7.44,543.9421614986894,4596.149563885441,453.73594150783805,187.96611959394986,-2015.301771967531,735.861994254682,269.2593348630002,1071.052042620611,819.6665170809823
patient_164,187.0,7.48,664.3123958693408,3009.255859266284,480.30843734261174,718.5671702748346,13265.026267022116,764.6046810656754,1519.3573411405066,31252.45015693766,880.4408107266025
patient_164,188.0,7.52,512.8736094585911,-3785.9696602687422,500.82338172095535,742.770113287443,605.0735753152111,794.315485597173,1705.7321117254737,4659.369264624178,948.6700951956213
patient_164,189.0,7.56,525.1057326337516,305.8030793790124,521.8276110263055,792.1184834356695,1233.7092537056633,826.0002249345998,647.0777904823269,-26466.35803107867,974.5532068149145
patient_164,190.0,7.6,254.23381575081822,-6771.797922073334,531.9969636563382,590.0679257989963,-5051.263940916831,849.6029419665597,662.5614410990768,387.0912654187464,1001.0556644588776
patient_164,191.0,7.64,133.4218445642027,-3020.299279665388,537.3338374389062,505.517794528092,-2113.753281772607,869.8236537476835,385.346697041564,-6930.368601437819,1016.4695323405401
patient_164,192.0,7.68,124.29803142819551,-228.09532840017965,542.3057586960341,414.33993274039244,-2279.4465446924887,886.3972510572992,415.33811868161627,749.785541001306,1033.0830570878047
patient_164,193.0,7.72,53.53863367092521,-1768.9849439317577,544.4473040428711,31.47232698660522,-9571.69014384468,887.6561441367634,171.78184846746433,-6088.906755353799,1039.9543310265033
patient_164,194.0,7.76,56.34366931197029,70.12589102612701,546.70105081535,120.7020917151464,2230.7441182135294,892.4842278053692,51.61769641224469,-3004.103801380491,1042.0190388829933
patient_164,195.0,7.8,142.86057687238238,2162.9226890103023,552.4154738902453,253.29822941091447,3314.903442394202,902.6161569818057,105.54802122840633,1348.258120404041,1046.2409597321293
patient_164,196.0,7.84,106.8007580497798,-901.4954705650645,556.6875042122365,98.60669800827003,-3867.2882850661113,906.5604249021364,193.57553826768807,2200.6879259820435,1053.983981262837
patient_164,197.0,7.88,86.02264292360637,-519.4528781543358,560.1284099291807,90.20833734212036,-209.95901665374177,910.1687583958212,139.8835779749442,-1342.2990073185972,1059.5793243818346
patient_164,198.0,7.92,145.2213350073406,1479.9673020933558,565.9372633294743,199.46197072615476,2731.34083460086,918.1472372248675,89.05258904975697,-1270.7747231296803,1063.1414279438247
patient_164,199.0,7.96,212.71856693968212,1687.430798308538,574.4460060070616,233.0930687615759,840.7774508855283,927.4709599753305,246.94558743377732,3947.324959600509,1073.0192514411758
patient_164,200.0,8.0,150.0262149869399,-1567.3087988185557,580.4470546065392,355.69048171763876,3064.935323901572,941.6985792440361,387.75231973471546,3520.168307523453,1088.5293442305644
patient_164,201.0,8.04,221.9721657724706,1798.6487696382674,589.325941237438,395.30005337377474,990.2392914033996,957.5105813789871,347.3922415757547,-1009.0019539740183,1102.4250338935947
patient_164,202.0,8.08,324.4808986658628,2562.7183223348056,602.3051771840725,312.96158887175045,-2058.4616125506072,970.0290449338571,302.73593112474873,-1116.4077612751498,1114.5344711385846
patient_164,203.0,8.12,374.30908290038144,1245.7046058629658,617.2775405000878,691.6487451525923,9467.178907021045,997.6949947399609,447.8316170804619,3627.3921488928295,1132.447735821803
patient_164,204.0,8.16,322.59449057903015,-1292.8648080337823,630.181320123249,306.87098668244454,-9619.443961753694,1009.9698342072585,273.71412838019745,-4352.937217506612,1143.396300957011
patient_164,205.0,8.2,256.7945369199045,-1644.9988414781415,640.4531016000451,520.7138430167705,5346.07140835815,1030.7983879279293,337.3250573413749,1590.2732240294356,1156.889303250666
patient_164,206.0,8.24,140.2841965130753,-2912.7585101707296,646.0644694605681,255.19507226776173,-6637.96926872522,1041.0061908186397,532.8712467453163,4888.654735098536,1178.2041531204786
patient_164,207.0,8.28,99.18435604477871,-1027.4960117074147,650.0318437023593,118.26059486492657,-3423.361935070879,1045.7366146132367,352.2473580264856,-4515.597217970768,1192.294047441538
patient_164,208.0,8.32,51.52735924157508,-1191.4249200800907,652.0929380720222,55.01759600687522,-1581.0749714512838,1047.9373184535116,53.55050798538928,-7467.421251027407,1194.4360677609536
patient_164,209.0,8.36,19.26028747056089,-806.6767942753547,652.8633495708447,80.21704348821875,629.9861870335882,1051.1460001930404,51.12007923666498,-60.760718718107576,1196.4808709304202
patient_164,210.0,8.4,16.014621076358512,-81.14165985505943,653.503934413899,92.64616489640251,310.728035204594,1054.8518467888964,145.47001336774107,2358.7483532769024,1202.29967146513
patient_164,211.0,8.44,59.77454250104389,1093.9980356171343,655.8949161139407,451.6586041211655,8975.310980619075,1072.918190953743,219.2104963175358,1843.5120737448685,1211.0680913178312
patient_164,212.0,8.48,74.92549998153855,378.7739370123665,658.8919361132023,77.88743115716579,-9344.279324099993,1076.03368820003,44.89067108070622,-4357.99563092074,1212.8637181610595
patient_164,213.0,8.52,78.69147147562646,94.14928735219767,662.0395949722274,243.2201028403025,4133.316792078418,1085.762492313642,86.2317369469241,1033.526646655447,1216.3129876389364
patient_164,214.0,8.56,64.94588092600974,-343.63976374041806,664.6374302092678,164.15681921819865,-1976.5820905525964,1092.32876508237,107.76596428888013,538.3556835489006,1220.6236262104917
patient_164,215.0,8.6,107.590893575099,1066.1253162272317,668.9410659522717,156.64236375647172,-187.86138654317313,1098.594459632629,909.3439284398405,20039.449103774008,1256.9973833480854
patient_164,216.0,8.64,207.4759580255313,2497.1266112608073,677.240104273293,193.2462684224028,915.097616648277,1106.324310369525,371.61696221330186,-13443.174155663468,1271.8620618366174
patient_164,217.0,8.68,334.68466817694423,3180.217753785323,690.6274910003708,196.76541161663616,87.97857985583377,1114.1949268341905,70.57883299680272,-7525.953230412479,1274.6852151564894
patient_164,218.0,8.72,439.1993501028417,2612.8670481474373,708.1954650044844,372.63679496849414,4396.78458379645,1129.1003986329301,297.8499593228606,5681.778158151448,1286.5992135294039
patient_164,219.0,8.76,507.3563830161763,1703.9258228333651,728.4897203251315,301.81543670384326,-1770.533956616272,1141.173016101084,655.2639060770767,8935.348668855402,1312.8097697724868
patient_164,220.0,8.8,418.4566943815042,-2222.4922158668037,745.2279881003917,581.8937607626992,7001.9581014713995,1164.448766531592,1887.5654744903422,30807.53921033164,1388.3123887521006
patient_164,221.0,8.84,325.28428132789446,-2329.3103263402427,758.2393593535074,409.6497710089429,-4306.099743843909,1180.8347573719495,409.1247288998301,-36961.0186397628,1404.6773779080936
patient_164,222.0,8.88,235.56134323251473,-2243.073452384493,767.6618130828081,344.2753580802236,-1634.3603232179817,1194.6057716951584,99.33526951008348,-7744.736484743665,1408.650788688497
patient_164,223.0,8.92,80.56606444674343,-3874.8819696442824,770.8844556606778,311.52299276023706,-818.8091329996638,1207.066691405568,209.2609769146433,2748.1426851139954,1417.0212277650828
patient_164,224.0,8.96,99.09748019823107,463.2853937871911,774.848354868607,161.790257019881,-3743.3183935089014,1213.5383016863632,133.4375817465269,-1895.58487920291,1422.3587310349437
patient_164,225.0,9.0,138.66170446140123,989.1056065792541,780.3948230470629,54.0354838438892,-2693.869329399795,1215.699721040119,13.153432873257232,-3007.1037218317415,1422.884868349874
patient_164,226.0,9.04,88.21304284538006,-1261.2165404005293,783.9233447608781,158.019825177903,2599.6085333503443,1222.020514047235,182.95821330074259,4245.119510687134,1430.2031968819038
patient_164,227.0,9.08,104.57410826861381,409.02663558084384,788.1063090916227,39.94855308711575,-2951.7818022696806,1223.6184561707198,79.11620842781191,-2596.0501218232666,1433.3678452190163
patient_164,228.0,9.12,134.13159097959,738.9370677744043,793.4715727308062,93.50678329952362,1338.9557553101968,1227.3587275027007,129.8990439111317,1269.5708870829951,1438.5638069754614
patient_164,229.0,9.16,90.13490247582854,-1099.9172125940363,797.0769688298393,49.26564725810789,-1106.0284010353932,1229.329353393025,62.67292337152676,-1680.6530134901236,1441.0707239103224
patient_164,230.0,9.2,54.80928218953093,-883.1405071574402,799.2693401174205,91.13257333156685,1046.6731518364738,1232.9746563262877,102.63693418804137,999.1002704128653,1445.176201277844
patient_164,231.0,9.24,70.84843644705948,400.97885643821377,802.103277575303,58.88927553117231,-806.0824450098634,1235.3302273475344,45.524330607692455,-1427.8150895087228,1446.997174502152
patient_164,232.0,9.28,91.6979948383847,521.2389597831304,805.7711973688383,116.1712239692998,1432.0487109531873,1239.9770763063066,84.73621107912975,980.2970117859322,1450.386622945317
patient_164,233.0,9.32,121.11201131821363,735.3504119957232,810.6156778215669,172.28372480210862,1402.8125208202205,1246.868425298391,288.1694371068846,5085.830650693871,1461.9134004295927
patient_164,234.0,9.36,99.1228818653962,-549.7282363204359,814.5805930961827,369.9002087257117,4940.412098090077,1261.6644336474194,784.9705446905858,12420.02768959253,1493.312222217216
patient_164,235.0,9.4,196.93189584044606,2445.2253493762464,822.4578689298006,266.43158835429927,-2586.715509285311,1272.3216971815914,438.0226706912032,-8673.696849984566,1510.833129044864
patient_164,236.0,9.44,170.36929499986388,-664.0650210145544,829.2726407297951,227.23941888657984,-979.8042366929856,1281.4112739370546,65.51198168219557,-9312.76722522519,1513.453608312152
patient_164,237.0,9.48,219.38744671476312,1225.4537928724808,838.0481385983855,107.80033459099971,-2985.977107389503,1285.7232873206945,117.04158880453936,1288.2401780585947,1518.1352718643334
patient_164,238.0,9.52,80.26625021479367,-3478.029912499236,841.2587886069773,70.66692555362323,-928.335225934412,1288.5499643428393,80.51352727323354,-913.2015382826456,1521.355812955263
patient_164,239.0,9.56,323.8932730958396,6090.675572026149,854.2145195308109,185.0877098955508,2860.5196085481894,1295.9534727386613,123.5909136138914,1076.9346585164467,1526.2994494998188
patient_164,240.0,9.6,70.894137077924,-6324.978400447891,857.0502850139279,92.45608148897021,-2315.7907101645146,1299.6517159982202,117.76656055319192,-145.608826517487,1531.0101119219464
patient_164,241.0,9.64,43.231442123837105,-691.5673738521724,858.7795426988814,29.58934102152616,-1571.6685116861013,1300.835289639081,11.806880914450014,-2648.9919909685477,1531.4823871585247
patient_164,242.0,9.68,41.09051141475993,-53.52326772692937,860.4231631554718,65.07523184094188,887.147270485393,1303.438298912719,210.88586147004798,4976.97451388995,1539.9178216173268
patient_164,243.0,9.72,18.942710544085443,-553.6950217668622,861.1808715772353,85.36543084703418,507.25497515230734,1306.8529161466004,174.56048637835266,-908.1343772923831,1546.9002410724609
patient_164,244.0,9.76,20.261471372960735,32.96902072188228,861.9913304321536,38.12854332648689,-1180.9221880136822,1308.3780578796598,239.99452421285505,1635.8509458625597,1556.500022040975
patient_164,245.0,9.8,56.85021270326475,914.7185332576005,864.2653389402843,445.17839921153615,10176.246397126231,1326.1851938481213,363.83763748354113,3096.077831767152,1571.0535275403165
patient_164,246.0,9.84,94.84068287481101,949.7617542886564,868.0589662552768,153.8927060745575,-7282.142328424466,1332.3409020911035,280.43431417296983,-2085.083082764282,1582.2709001072353
patient_164,247.0,9.88,113.93943453712014,477.4687915577282,872.6165436367614,215.68595725373078,1544.8312794793317,1340.9683403812526,126.42279404850514,-3850.288003111618,1587.3278118691755
patient_164,248.0,9.92,56.25738414912635,-1442.0512596998446,874.8668390027265,120.51802412095493,-2379.1983283193963,1345.7890613460906,36.63087001816179,-2244.798100758584,1588.7930466699022
patient_164,249.0,9.96,38.30273215826902,-448.8662997714332,876.3989482890573,46.81764334109478,-1842.5095194965038,1347.6617670797343,7.0437967848976415,-739.6768308316036,1589.0747985412982
patient_164,250.0,10.0,95.24634546203019,1423.5903325940292,880.2088021075385,124.95047511991416,1953.3207944704845,1352.6597860845309,146.4892866943521,3486.1372477363616,1594.9343700090724
patient_164,251.0,10.04,105.60905597454254,259.0677628128088,884.4331643465202,704.7461411175555,14494.891649941033,1380.8496317292331,168.5062163884756,550.4232423530873,1601.6746186646112
patient_164,252.0,10.08,62.27395335875611,-1083.377565394661,886.9241224808704,305.3360936225065,-9985.251187376223,1393.0630754741333,318.37867691350607,3746.811513125762,1614.4097657411514
patient_164,253.0,10.12,161.15537973182816,2472.0356593268016,893.3703376701435,307.79325007960165,61.42891142737881,1405.3748054773175,348.1148528063601,743.4043973213505,1628.3343598534057
patient_164,254.0,10.16,235.67183956787918,1862.9114959012754,902.7972112528587,68.0296429291183,-5994.090178762084,1408.0959911944822,60.231420256765304,-7197.085813739869,1630.7436166636762
patient_164,255.0,10.2,425.7590189502801,4752.179484560023,919.82757201087,323.3815508539798,6383.797698121537,1421.0312532286414,322.8443904352937,6565.324254463209,1643.657392281088
patient_164,256.0,10.24,489.46651914552785,1592.6875048811937,939.406232776691,654.6467420158634,8281.62977904709,1447.217122909276,918.4518857881825,14890.18738382222,1680.3954677126155
patient_164,257.0,10.28,389.3718362877783,-2502.3670714437385,954.9811062282021,339.98466629275947,-7866.551893077599,1460.8165095609863,861.6427093736027,-1420.2294103644958,1714.8611760875597
patient_164,258.0,10.32,394.0308798519709,116.47608910481466,970.7423414222809,1058.4479610868996,17961.582369853502,1503.1544280044625,603.3802308226017,-6456.561963775024,1738.9963853204638
patient_164,259.0,10.36,44.37921587035681,-8741.291599540353,972.5175100570953,75.16323174697202,-24582.11823349819,1506.1609572743412,115.59385316457184,-12194.659441450745,1743.6201394470468
patient_164,260.0,10.4,216.7987545867031,4310.488467908657,981.1894602405633,411.3912665190637,8405.700869302293,1522.6166079351037,669.0136740287397,13835.495521604196,1770.3806864081964
patient_164,261.0,10.44,124.10678964662847,-2317.299123501866,986.1537318264286,241.6836550763777,-4242.690286067151,1532.2839541381588,222.84250560558132,-11154.27921057896,1779.2943866324194
patient_164,262.0,10.48,65.8443642796811,-1456.5606341736843,988.7875063976157,105.87980433387577,-3395.096268562548,1536.5191463115139,299.04655425908356,1905.101216337556,1791.2562488027827
patient_164,263.0,10.52,79.76997868193043,348.1403600562331,991.978305544893,102.8498310197675,-75.74933285270653,1540.6331395523046,439.3504451338941,3507.597271870263,1808.8302666081386
patient_164,264.0,10.56,88.72236881719235,223.80975338154803,995.5272002975807,101.99915520958406,-21.26689525458616,1544.713105760688,124.98248804352242,-7859.198927259291,1813.8295661298794
patient_164,265.0,10.6,84.50634019601675,-105.4007155293899,998.9074539054214,68.37382157054445,-840.6333409759902,1547.4480586235097,43.63591026007498,-2033.6644445861862,1815.5750025402824
patient_164,266.0,10.64,54.820727196650985,-742.1403249841442,1001.1002829932874,47.372178050424004,-525.0410880030112,1549.3429457455268,149.3427088729784,2642.669965322585,1821.5487108952016
patient_164,267.0,10.68,47.605014205853934,-180.39282476992628,1003.0044835615216,29.33507666174675,-450.92753471693135,1550.5163488119965,72.15862324616378,-1929.602140670365,1824.4350558250483
patient_164,268.0,10.72,71.80891195744229,605.0974437897089,1005.8768400398194,113.85863102819012,2113.088859161084,1555.0706940531243,33.14915438717286,-975.2367214747732,1825.7610220005351
patient_164,269.0,10.76,49.338806024066436,-561.7526483343963,1007.850392280782,210.27601812622717,2410.4346774509263,1563.4817347781732,283.00085290267435,6246.292462887537,1837.0810561166422
patient_164,270.0,10.8,8.673212361169853,-1016.6398415724145,1008.1973207752287,17.286158077829842,-4824.746501209934,1564.1731811012862,88.14309879818917,-4871.44385261213,1840.6067800685696
patient_164,271.0,10.84,48.75584688214766,1002.0658630244451,1010.1475546505146,226.37135289032858,5227.1298703124685,1573.2280352168996,315.91444363760843,5694.283620985481,1853.243357814074
patient_164,272.0,10.88,157.69279477431112,2723.4236973040865,1016.4552664414871,364.8755719363323,3462.6054761500923,1587.823058094353,413.2723900619816,2433.9486606093287,1869.7742534165532
patient_164,273.0,10.92,186.73949151210923,726.1674184449525,1023.9248461019713,580.3750822211019,5387.487757119241,1611.038061383197,502.1812680898406,2222.7219506964757,1889.861504140147
patient_164,274.0,10.96,241.11757719824325,1359.4521421533507,1033.569549189901,539.2876112690694,-1027.1867738008127,1632.6095658339598,509.6523132044733,186.77612786581648,1910.247596668326
patient_164,275.0,11.0,548.3407378787834,7680.579017013505,1055.5031787050525,696.5782856947153,3932.266860641147,1660.4726972617482,672.7545433150592,4077.5557527646483,1937.1577784009285
patient_164,276.0,11.04,237.5965080731152,-7768.605745141707,1065.007039027977,309.3671823764829,-9680.27758295581,1672.8473845568076,321.1478673008684,-8790.16690035477,1950.003693092963
patient_164,277.0,11.08,118.21178832583315,-2984.617993682051,1069.7355105610104,61.71203427730005,-6191.378702479571,1675.3158659278995,169.5799866064308,-3789.1970173609407,1956.7868925572204
patient_164,278.0,11.12,93.02370805713221,-629.7020067175235,1073.4564588832955,144.26688288348782,2063.8712151546943,1681.0865412432388,49.08672700227527,-3012.331490103888,1958.7503616373112
patient_164,279.0,11.16,37.385152179386864,-1390.9638969436337,1074.951864970471,51.11659304261748,-2328.7572460217584,1683.1312049649434,146.9187538467303,2445.8006711113762,1964.6271117911806
patient_164,280.0,11.2,37.32006126503062,-1.6272728589061813,1076.4446674210722,92.62782976935695,1037.7809181684868,1686.8363181557177,66.73420386072743,-2004.613749650072,1967.2964799456095
patient_164,281.0,11.24,67.38487414120878,751.6203219044542,1079.1400623867205,104.72856414769568,302.51835945846824,1691.0254607216257,69.70228469933822,74.20202096526971,1970.084571333583
patient_164,282.0,11.28,76.22049876482374,220.89061559037404,1082.1888823373133,42.618488320389176,-1552.7518956826625,1692.7302002544413,11.655494618934199,-1451.1697520101006,1970.5507911183404
patient_164,283.0,11.32,24.30687550833782,-1297.840581412148,1083.161157357647,44.952268421077555,58.344502517209484,1694.5282909912844,86.03361402855313,1859.4529852404733,1973.9921356794823
patient_164,284.0,11.36,29.59102950981289,132.10385003687674,1084.3447985380394,32.870189693700745,-302.0519681844203,1695.8430985790321,134.8370135832864,1220.0849888683315,1979.385616222814
patient_164,285.0,11.4,119.0184413895765,2235.68529699409,1089.1055361936226,96.75812692670932,1597.1984308252145,1699.7134236561005,317.23355004039945,4559.913411427827,1992.0749582244298
patient_164,286.0,11.44,28.36714354831436,-2266.2824460315533,1090.2402219355552,43.756399126718236,-1325.0431949997771,1701.4636796211694,295.29187013483835,-548.5419976390276,2003.8866330298233
patient_164,287.0,11.48,206.21502483236893,4446.197032101364,1098.48882292885,380.9010568684165,8428.616443542456,1716.699721895906,402.74152321766366,2686.241327070633,2019.99629395853
patient_164,288.0,11.52,105.73694806448613,-2511.95191919707,1102.7183008514294,949.8758939791524,14224.370927768396,1754.694757655072,297.66222993985434,-2626.982331945233,2031.902783156124
patient_164,289.0,11.56,236.6907936214652,3273.8461389244762,1112.185932596288,373.63896517692393,-14405.923220055713,1769.6403162621489,409.51374954054586,2796.287990017288,2048.283333137746
patient_164,290.0,11.6,226.75538904674428,-248.38511436802264,1121.2561481581577,1754.512028223412,34521.8265761622,1839.8207973910853,598.6088465970214,4727.377426411888,2072.2276870016267
patient_164,291.0,11.64,11.785528665446295,-5374.24650953245,1121.7275693047754,79.44785515531292,-41876.60432670248,1842.9987115972979,21.92320962813812,-14417.140924222082,2073.1046153867524
patient_164,292.0,11.68,432.2524890279497,10511.674009062586,1139.0176688658935,544.6434801655416,11629.890625255717,1864.7844508039195,995.9259898686474,24350.069506012733,2112.9416549814982
patient_164,293.0,11.72,418.4812307739719,-344.28145634944514,1155.7569180968524,1928.4770045671817,34595.838110041004,1941.9235309866067,710.900342361989,-7125.64118766646,2141.377668675978
patient_164,294.0,11.76,428.2305372708008,243.73266242072305,1172.8861395876843,1268.007732380649,-16511.731804663315,1992.6438402818326,1049.3315732674325,8460.780772636088,2183.350931606675
patient_164,295.0,11.8,386.9030447023444,-1033.1873142114105,1188.362261375778,380.00416586353543,-22200.089162927838,2007.8440069163742,360.2250811937472,-17227.662301842134,2197.759934854425
patient_164,297.0,11.88,,,1188.362261375778,,,2007.8440069163742,,,2197.759934854425
patient_164,298.0,11.92,250.15027295443014,,1198.3682722939552,345.6399184333955,,2021.6696036537098,232.88305220908364,,2207.0752569427887
patient_164,299.0,11.96,277.6127688922488,686.5623984454671,1209.4727830496452,536.6264268551896,4774.662710544852,2043.1346607279174,190.13686434289502,-1068.6546966547155,2214.6807315165042
patient_164,300.0,12.0,215.16521272450552,-1561.1889041935824,1218.0793915586255,397.61470581656994,-3475.293025965492,2059.0392489605806,323.88339460127884,3343.6632564595952,2227.6360673005556
patient_164,301.0,12.04,5.246742766971799,-5247.961748938343,1218.2892612693045,39.09522331678294,-8962.987062494674,2060.603057893252,93.11542769657986,-5769.199172617475,2231.360684408419
patient_164,302.0,12.08,164.12863354007538,3972.0472693275897,1224.8544066109075,226.53282141917722,4685.9399525598565,2069.664370750019,142.84990509080544,1243.3619348556394,2237.074680612051
patient_164,303.0,12.12,169.00496696051084,121.90833551088645,1231.614605289328,700.1880931392999,11841.381793003065,2097.6718944755908,649.9650576068625,12677.878812901426,2263.0732829163258
patient_164,304.0,12.16,110.72368455664859,-1457.0320600965563,1236.0435526715937,38.867408652198186,-16533.017112177542,2099.226590821679,55.836664235598754,-14853.209834281593,2265.3067494857496
patient_164,305.0,12.2,97.90081677309938,-320.57169458873034,1239.9595853425178,78.8200324825306,998.8155957583106,2102.3793921209804,99.54975069800453,1092.8271615601443,2269.2887395136695
patient_164,306.0,12.24,127.56886921721363,741.7013111028563,1245.0623401112064,72.21630156138605,-165.09327302861402,2105.2680441834354,101.10963209215812,38.99703485383981,2273.333124797356
patient_164,307.0,12.28,142.9837791958357,385.3727494655516,1250.7816912790397,35.15638019574748,-926.4980341409641,2106.6742993912653,112.40697525466742,282.4335790627323,2277.8294038075423
patient_164,308.0,12.32,159.83084593975494,421.17666859798106,1257.17492511663,94.46137943603915,1482.6249810072918,2110.452754568707,29.240989758233017,-2079.14963741086,2278.999043397872
patient_164,309.0,12.36,102.47668091770025,-1433.8541255513671,1261.2739923533381,267.61405199320853,4328.816813929235,2121.1573166484354,244.06248326178877,5370.537337588894,2288.7615427283436
patient_164,310.0,12.4,224.36831911170972,3047.2909548502366,1270.2487251178065,309.0206282336523,1035.1644060110943,2133.5181417777812,232.37271628746723,-292.24417435803855,2298.0564513798417
patient_164,311.0,12.44,107.53949659502787,-2920.720562917046,1274.5503049816077,338.6547247857008,740.8524138012126,2147.0643307692094,525.5090583412677,7328.408551345012,2319.076813713493
patient_164,312.0,12.48,143.18575515507752,891.1564640012411,1280.2777351878108,50.76420789235577,-7197.262922333625,2149.094899084904,131.88847504809297,-9840.51458232937,2324.352352715416
patient_164,313.0,12.52,191.46763870641948,1207.047088783549,1287.9364407360677,246.80322431894572,4900.975410664749,2158.9670280576615,276.9897879719177,3627.5328230956175,2335.431944234293
patient_164,314.0,12.56,439.52911865417366,6201.536998693855,1305.5176054822346,438.55398870140255,4793.769109561421,2176.5091876057177,605.1410936110249,8203.782640977679,2359.6375879787342
patient_164,315.0,12.6,351.3152842940791,-2205.345859002364,1319.5702168539976,712.8116638065306,6856.441877628203,2205.021654157979,465.8467437411178,-3482.358746747677,2378.2714577283787
patient_164,316.0,12.64,433.0506770250076,2043.384818273212,1336.8922439349979,751.1063343705872,957.366764101414,2235.065907532802,1222.1805992621375,18908.346388025497,2427.1586816988643
patient_164,317.0,12.68,540.9194056547402,2696.718215743316,1358.5290201611874,463.70593450650404,-7185.009996602079,2253.614144913063,760.0930124083454,-11552.189671344802,2457.562402195198
patient_164,318.0,12.72,268.46463821885146,-6811.369185897219,1369.2676056899415,537.15764178619,1836.2926819921483,2275.1004505845103,551.2071390597082,-5222.146833715931,2479.610687757586
patient_164,319.0,12.76,237.484567220078,-774.5017749693368,1378.7669883787446,353.25954003658654,-4597.452543740085,2289.2308321859737,351.5290813217951,-4991.951443447827,2493.6718510104583
patient_164,320.0,12.8,83.08298243377958,-3860.0396196574607,1382.0903076760958,97.75961727053195,-6387.498069151365,2293.1412168767947,288.5526018397076,-1574.4119870521872,2505.2139550840466
patient_164,321.0,12.84,103.81813172414917,518.3787322592398,1386.2430329450615,252.74807912026844,3874.711546243412,2303.2511400416056,81.67874828313559,-5171.846338914301,2508.4811050153717
patient_164,322.0,12.88,33.2358883795401,-1764.5560836152267,1387.572468480243,93.50837839638324,-3980.9925180971304,2306.9914751774613,43.79821430586434,-947.0133494317812,2510.2330335876063
patient_164,323.0,12.92,85.1649970541908,1298.2277168662677,1390.9790683624108,52.68483665758674,-1020.5885434699123,2309.0988686437645,89.52577943865059,1143.1891283196562,2513.814064765152
patient_164,324.0,12.96,30.399383589756546,-1369.1403366108566,1392.1950437060011,59.65428567468876,174.23622542755038,2311.4850400707523,45.0875765445652,-1110.9550723521347,2515.617567826935
patient_164,325.0,13.0,29.52136696959629,-21.950415504006404,1393.3758983847847,79.05183837441466,484.9388174931475,2314.6471136057285,83.70140432619607,965.3456945407717,2518.9656239999827
patient_164,326.0,13.04,98.21732122319438,1717.3988563399523,1397.3045912337125,127.04394666165864,1199.8027071810995,2319.728871472195,152.00263231659912,1707.5306997600762,2525.0457292926467
patient_164,327.0,13.08,63.743005065385965,-861.8579039452103,1399.854311436328,156.09799721088572,726.3512637306771,2325.9727913606303,45.537756353026374,-2661.621899089319,2526.867239546768
patient_164,328.0,13.12,47.983487876974536,-393.98792971028575,1401.773650951407,106.39148490465708,-1242.662807655716,2330.2284507568165,54.7765280721542,230.96929297819565,2529.0583006696543
patient_164,329.0,13.16,61.1587579549467,329.38175194930415,1404.2200012696048,76.77489358137173,-740.4147830821337,2333.2994465000716,94.27662297581432,987.502372591503,2532.829365588687
patient_164,330.0,13.2,132.12905173100935,1774.2573444015661,1409.5051633388453,91.58030159146874,370.1352002524253,2336.96265856373,335.88467730144976,6040.2013581408855,2546.264752680745
patient_164,331.0,13.24,211.2726487392025,1978.589925204829,1417.9560692884133,189.46377260180896,2447.0867752585054,2344.5412094678027,211.21243977303183,-3116.805938210448,2554.713250271666
patient_164,332.0,13.28,286.5021211674905,1880.7368107071993,1429.416154135113,362.7759616201045,4332.8047254573885,2359.0522479326073,227.9547935146874,418.5588435413891,2563.8314420122533
patient_164,333.0,13.32,554.2401748192714,6693.4513412945225,1451.5857611278836,449.2775018127792,2162.538504816867,2377.0233480051184,373.4593099377285,3637.612910576028,2578.7698144097626
patient_164,334.0,13.36,608.3179144417726,1351.9434905625303,1475.9184777055548,474.43115772303463,628.8413977563863,2396.0005943140395,713.2634000573893,8495.102252991519,2607.3003504120584
patient_164,335.0,13.4,556.5567204499231,-1294.0298497962374,1498.1807465235515,541.2974521072292,1671.6573596048647,2417.652492398329,623.7465789829583,-2237.9205268607734,2632.2502135713767
patient_164,336.0,13.44,598.3817602854801,1045.6259958889264,1522.116016934971,1254.8501376201536,17838.81713782311,2467.846497903135,627.346109168149,89.98825462976754,2657.3440579381027
patient_164,337.0,13.48,426.6589548917509,-4293.07013484323,1539.182375130641,592.2439155664529,-16565.15555134252,2491.536254525793,814.9247495957397,4689.466010689767,2689.9410479219323
patient_164,338.0,13.52,425.5561701242741,-27.569619186920136,1556.2046219356123,396.0666568054055,-4904.4314690261845,2507.3789207980094,974.7914632434379,3996.667841192453,2728.9327064516697
patient_164,339.0,13.56,209.14130741016962,-5410.371567852612,1564.570274232019,393.2261793175089,-71.01193719741445,2523.1079679707095,530.5370402284333,-11106.360575375114,2750.154188060807
patient_164,340.0,13.6,137.7738241025404,-1784.1870826907304,1570.0812271961208,208.20696390266352,-4625.4803853711355,2531.4362465268164,285.06148268866065,-6136.888938494316,2761.5566473683534
patient_164,341.0,13.64,80.06143079420782,-1442.8098327083144,1573.2836844278893,241.23154121994693,825.6144329320854,2541.0855081756145,389.114180659467,2601.3174492701596,2777.121214594732
patient_164,342.0,13.68,44.04337547896776,-900.4513828810016,1575.045419447048,285.6824130813782,1111.271796535781,2552.5128046988693,260.50651866139276,-3215.1915499518564,2787.541475341188
patient_164,343.0,13.72,52.89674407074653,221.3342147944692,1577.161289209878,154.7278847763213,-3273.8632076264216,2558.701920089922,72.77150449077315,-4693.3753542654895,2790.4523355208185
patient_164,344.0,13.76,91.61378662539342,967.9260638661722,1580.8258406748937,73.7161385942652,-2025.2936545514026,2561.650565633693,148.89975735832493,1903.2063216887946,2796.4083258151513
patient_164,345.0,13.8,146.6069456639262,1374.8289759633199,1586.6901185014506,131.308895176307,1439.818914551045,2566.902921440745,185.6083520462782,917.714867198832,2803.832659897003
patient_164,346.0,13.84,124.38516519778815,-555.5445116534514,1591.6655251093623,56.81361469245119,-1862.3820120963956,2569.175466028443,52.42023267258081,-3329.7029843424352,2805.9294692039057
patient_164,347.0,13.88,202.0652316041281,1942.0016601584982,1599.7481343735274,103.68524135623169,1171.7906665945125,2573.3228756826925,71.64597196741435,480.6434823708386,2808.795308082603
patient_164,348.0,13.92,142.42379081346962,-1491.0360197664615,1605.445086006066,157.20497916614184,1337.993445247754,2579.611074849338,132.68869375943856,1526.0680448006053,2814.10285583298
patient_164,349.0,13.96,110.42583110603711,-799.9489926858129,1609.8621192503078,107.2521250123952,-1248.821353843666,2583.901159849834,177.33470315308944,1116.1502348412719,2821.1962439591034
patient_164,350.0,14.0,106.49914029084769,-98.16727037973543,1614.1220848619416,290.6054212948891,4583.832407062348,2595.5253767016293,144.49323837546748,-821.0366194405487,2826.975973494122
patient_164,351.0,14.04,70.35802998331856,-903.5277576882283,1616.9364060612745,64.1699162234647,-5660.887626785609,2598.092173350568,55.134723851815366,-2233.962863091303,2829.181362448195
patient_164,352.0,14.08,67.1810073556104,-79.42556569270387,1619.623646355499,96.33491933672452,804.1250778314957,2601.945570124037,60.0388559578017,122.60330264965837,2831.582916686507
patient_164,353.0,14.12,97.85515121961559,766.8535966001297,1623.5378524042835,92.55954211338812,-94.38443058341015,2605.6479518085725,158.91659200647857,2471.9434012169218,2837.939580366766
patient_164,354.0,14.16,82.12128525680082,-393.3466490703694,1626.8227038145553,94.52143199492501,49.04724703842227,2609.4288090883697,242.48127794511925,2089.117148466017,2847.638831484571
patient_164,355.0,14.2,55.65695752143481,-661.6081933841501,1629.0489821154129,183.12198787948535,2215.0138971140086,2616.753688603549,165.9022238947661,-1914.4763512588283,2854.2749204403617
patient_164,356.0,14.24,87.14839735340415,787.2859957992334,1632.534918009549,134.9418736798666,-1204.5028549904687,2622.1513635507436,222.45970541972727,1413.937038124029,2863.1733086571503
patient_164,357.0,14.28,106.43086012478491,482.0615692845191,1636.7921524145404,532.4490143077992,9937.678515698315,2643.4493241230557,336.92598900276903,2861.6570895760437,2876.6503482172616
patient_164,358.0,14.32,254.09615953012383,3691.632485133473,1646.9559987957455,108.51375989766402,-10598.38136025338,2647.789874518962,371.8159216306626,872.2483156973396,2891.522985082488
patient_164,359.0,14.36,347.6988555099799,2340.0673994964022,1660.8639530161447,419.8884078030226,7784.366197633964,2664.5854108310828,504.52156284527746,3317.641030365371,2911.703847596299
patient_164,360.0,14.4,346.0052794980379,-42.339400298550345,1674.7041641960664,167.2622713385921,-6315.653411610762,2671.2759016846267,224.36847645379774,-7003.827159786993,2920.678586654451
patient_164,361.0,14.44,310.8131309032859,-879.8037148687996,1687.1366894321975,257.1773820292267,2247.8777672658653,2681.5629969657957,194.00357119262955,-759.1226315292047,2928.4387295021565
patient_164,362.0,14.48,179.6981519348149,-3277.874474211776,1694.32461550959,193.62648264122535,-1588.7724847000336,2689.3080562714445,291.52303166409047,2437.986511786523,2940.0996507687205
patient_164,363.0,14.52,185.9134945677586,155.38356582359256,1701.7611552923004,143.94051383599145,-1242.1492201308474,2695.065676824884,158.8976841047018,-3315.6336889847166,2946.455558132908
patient_164,364.0,14.56,104.22965380339464,-2042.0960191090987,1705.930341444436,132.08565079328304,-296.3715760677104,2700.349102856615,57.066433612215334,-2545.7812623121617,2948.738215477397
patient_164,365.0,14.6,90.15902075779091,-351.76582614009317,1709.5367022747478,80.3234701397453,-1294.0545163384436,2703.562041662205,36.99008911752524,-501.90861236725243,2950.2178190420977
patient_164,366.0,14.64,20.144572316790995,-1750.3612110249978,1710.3424851674195,97.87268454328917,438.7303600885968,2707.476949043936,46.86237616684842,246.8071762330796,2952.092314088771
patient_164,367.0,14.68,21.484444103705325,33.49679467285824,1711.2018629315676,125.92074355280775,701.2014752379646,2712.5137787860485,68.17492916792291,532.8138250268623,2954.8193112554886
patient_164,368.0,14.72,54.3844773569218,822.500831330412,1713.3772420258445,38.208025560694026,-2192.817949802843,2714.0420998084765,66.9895046672411,-29.635612517045118,2957.4988914421783
patient_164,369.0,14.76,37.24130567507522,-428.57929204616454,1714.8668942528475,18.4155551361309,-494.8117606140781,2714.778722013922,46.77615781875026,-505.33367121227127,2959.3699377549283
patient_164,370.0,14.8,21.03467102074927,-405.1658663581487,1715.7082810936774,46.54447765369288,703.2230629390494,2716.6405011200695,165.2417476952004,2961.6397469112535,2965.9796076627363
patient_164,371.0,14.84,45.289692097987306,606.375526930951,1717.519868777597,68.32040946193203,544.3982952059788,2719.373317498547,330.0130969762018,4119.283732025035,2979.180131541784
patient_164,372.0,14.88,17.234177114621648,-701.3878745841414,1718.209235862182,92.85681958732746,613.4102531348858,2723.0875902820394,117.35238808498882,-5316.517722280324,2983.8742270651833
patient_164,373.0,14.92,39.22329987206265,549.728068936025,1719.7781678570643,69.44949411913987,-585.1831367046898,2725.8655700468053,35.400365180289064,-2048.800572617494,2985.290241672395
patient_164,374.0,14.96,24.379743601472867,-371.0889067647445,1720.7533576011233,144.86912659721838,1885.4908119519628,2731.6603351106937,230.89302752404913,4887.316558594001,2994.525962773357
patient_164,375.0,15.0,27.707904247133154,83.20401614150717,1721.8616737710086,13.841560528530408,-3275.6891517171994,2732.2139975318346,318.84520266671797,2198.804378566721,3007.2797708800263
patient_164,376.0,15.04,44.38098449641933,416.8270062321544,1723.6369131508652,154.21456103675976,3509.325012705734,2738.382579973305,366.140904890057,1182.3925555834762,3021.9254070756283
patient_164,377.0,15.08,125.46292533567416,2027.0485209813708,1728.6554301642923,192.85538876636855,966.0206932402197,2746.09679552396,198.36783745033202,-4194.326685993125,3029.860120573642
patient_164,378.0,15.12,377.19276055446227,6293.245880469703,1743.7431405864709,388.56023711838725,4892.621208800468,2761.6392050086956,151.6378179819874,-1168.2504867086152,3035.9256332929212
patient_164,379.0,15.16,448.3708701536777,1779.4527399803856,1761.6779753926178,461.9544253279169,1834.8547052382414,2780.1173820218123,494.2762344488501,8565.96041167157,3055.696682670875
patient_164,380.0,15.2,525.1396681248926,1919.2199492803738,1782.6835621176135,732.6544099490543,6767.499615528434,2809.4235584197745,573.8761671574583,1989.9983177152053,3078.6517293571733
patient_164,381.0,15.24,520.4474727477583,-117.30488442835849,1803.5014610275239,351.85144380273726,-9520.074153657926,2823.497616171884,660.2787135305437,2160.0636593271333,3105.062877898395
patient_164,382.0,15.28,415.0444746485779,-2635.0749524795106,1820.1032400134673,706.2655154591598,8860.351791410563,2851.7482367902503,616.0177269273148,-1106.5246650807212,3129.7035869754873
patient_164,383.0,15.32,310.8207218462557,-2605.593820058054,1832.5360688873175,409.8793771582933,-7409.653457521662,2868.1434118765824,326.601092740043,-7235.415854681795,3142.7676306850894
patient_164,384.0,15.36,154.5621944048904,-3906.463186034133,1838.718556663513,191.83840276910863,-5451.024359729618,2875.816947987347,246.52022355213893,-2002.0217296976014,3152.628439627175
patient_164,385.0,15.4,30.380770414910653,-3104.5355997494935,1839.9337874801092,215.45292813909398,590.363134249634,2884.4350651129107,345.38971339222996,2471.7372460022757,3166.4440281628645
patient_164,386.0,15.44,80.1825620378539,1245.044790573581,1843.1410899616233,56.88643845714587,-3964.1622420487024,2886.7105226511967,108.27660288496733,-5927.827762681566,3170.7750922782634
patient_164,387.0,15.48,99.15200083667042,474.2359699704132,1847.1071699950903,229.54402792984285,4316.439736817425,2895.892283768391,120.23062288531452,298.85050000867966,3175.584317193676
patient_164,388.0,15.52,171.23272227785068,1802.0180360295064,1853.9564788862042,163.0252734889224,-1662.9688610230112,2902.4132947079474,141.7548909020728,538.1067004189567,3181.2545128297584
patient_164,389.0,15.56,105.46963405105723,-1644.0772056698365,1858.1752642482463,76.97550249479899,-2151.2442748530857,2905.4923148077396,108.98484262131993,-819.2512070188216,3185.613906534611
patient_164,390.0,15.6,118.25618127441508,319.6636805839464,1862.9055114992232,130.37079782514476,1334.8823832586443,2910.707146720745,54.16105380844727,-1370.5947203218163,3187.780348686949
patient_164,391.0,15.64,126.7454943409393,212.23282666310547,1867.9753312728606,91.43718187979565,-973.340398633728,2914.3646339959373,39.57912594946667,-364.54819647451495,3189.363513724928
patient_164,392.0,15.68,91.67316490166608,-876.8082359818304,1871.6422578689273,124.42337579090248,824.654847777671,2919.3415690275738,89.20434453731876,1240.6304646963022,3192.9316875064205
patient_164,393.0,15.72,47.65398864213439,-1100.4794064882924,1873.5484174146127,77.34202214699063,-1177.0338410977963,2922.435249913453,119.27220008986893,751.6963888137543,3197.702575510015
patient_164,394.0,15.76,73.37252720211272,642.9634639994583,1876.4833185026973,88.95177926322386,290.2439279058307,2925.993321083982,100.41008594482088,-471.55285362620134,3201.718978947808
patient_164,395.0,15.8,62.702958438837285,-266.7392190818859,1878.9914368402506,70.49545038818171,-461.40822187605363,2928.813139099509,48.88770425397608,-1288.0595422711199,3203.674487117967
patient_164,396.0,15.84,47.27269804613438,-385.75650981757263,1880.8823447620962,25.204167833550322,-1132.2820638657847,2929.8213058128513,75.65822427295933,669.2630004745812,3206.700816088886
patient_164,397.0,15.88,59.58716679797696,307.86171879606457,1883.2658314340151,68.2110073495016,1075.170987898782,2932.549746106831,68.85614216046295,-170.05205281240947,3209.4550617753043
patient_164,398.0,15.92,40.10399243928189,-487.07935896737683,1884.8699911315864,64.57253538872067,-90.96179901952333,2935.13264752238,28.294442686006278,-1014.0424868614168,3210.586839482745
patient_164,399.0,15.96,14.902531303227985,-630.0365284013476,1885.4660923837155,37.229412977461585,-683.5780602814771,2936.6218240414787,22.368037512782273,-148.1601293306001,3211.4815609832563
patient_164,400.0,16.0,36.023111417036496,528.0145028452127,1886.9070168403969,13.628630190152867,-590.0195696827179,2937.166969249085,24.241355401521147,46.832947218471865,3212.451215199317
patient_164,401.0,16.04,60.91468856265297,622.2894286404119,1889.343604382903,96.9655486312933,2083.422961028511,2941.045591194337,108.49609669053005,2106.3685322252227,3216.7910590669385
patient_164,402.0,16.08,64.73156819839173,95.42199089346894,1891.9328671108387,64.2241549094354,-818.5348430464476,2943.6145573907143,113.05942418047574,114.0831872486423,3221.313436034158
patient_164,403.0,16.12,63.44742775698263,-32.103511035227505,1894.470764221118,80.39854557636818,404.3597666733195,2946.8304992137687,62.99355275779415,-1251.6467855670398,3223.8331781444695
patient_164,404.0,16.16,60.086678005586535,-84.01874378490231,1896.8742313413416,96.69966971925729,407.5281035722277,2950.6984860025386,116.42433628806904,1335.7695882568723,3228.490151595992
patient_164,405.0,16.2,47.31704320094799,-319.24087011596356,1898.7669130693796,280.17349559663603,4586.845646934468,2961.905425826404,315.05864603802996,4965.857743749023,3241.092497437513
patient_164,406.0,16.24,147.02099502732003,2492.598795659301,1904.6477528704722,262.49210237648,-442.03483050390133,2972.4051099214635,364.63408024547425,1239.3858551861072,3255.677860647332
patient_164,407.0,16.28,228.7507787290191,2043.2445925424765,1913.797784019633,600.703210425052,8455.277701214301,2996.4332383384653,251.46138380790381,-2829.3174109392608,3265.7363159996485
patient_164,408.0,16.32,205.84579843407724,-572.6245073735463,1922.0316159569961,304.9007861259034,-7395.060607478716,3008.6292697835015,397.1145769683652,3641.329829011535,3281.6208990783834
patient_164,409.0,16.36,256.0923764740406,1256.1644509990836,1932.2753110159579,198.02619157647797,-2671.8648637356355,3016.5503174465603,319.7607885691876,-1933.8447099794407,3294.4113306211507
patient_164,410.0,16.4,167.88286387294895,-2205.2378150272907,1938.9906255708756,70.23438618399285,-3194.795134812128,3019.35969289392,11.188871254111563,-7714.2979328769,3294.858885471315
patient_164,411.0,16.44,111.2890592671948,-1414.8451151438535,1943.4421879415636,287.06577368683105,5420.784687570955,3030.8423238413934,246.43381630441394,5881.123626257559,3304.7162381234916
patient_164,412.0,16.48,65.73486363696789,-1138.8548907556728,1946.0715824870422,333.5559506192204,1162.2544233097344,3044.1845618661623,335.36304355721563,2223.2306813200425,3318.13075986578
patient_164,413.0,16.52,126.22697340573333,1512.3027442191362,1951.1206614232715,167.80001118110383,-4143.898485952915,3050.896562313406,102.38148539975651,-5824.538953936478,3322.2260192817707
patient_164,414.0,16.56,45.579779431763825,-2016.1798493492377,1952.943852600542,132.0393264268758,-894.0171188557009,3056.178135370481,149.34603356244395,1174.1137040671858,3328.1998606242682
patient_164,415.0,16.6,61.9619281520174,409.55371800633935,1955.4223297266228,319.7668027919904,4693.186909127866,3068.9688074821606,148.06681199762832,-31.980539120390716,3334.1225331041733
patient_164,416.0,16.64,40.098718378723404,-546.5802443323499,1957.0262784617717,295.05248997590166,-617.8578204022187,3080.7709070811966,77.29155542573,-1769.3814142974582,3337.214195321203
patient_164,417.0,16.68,80.89934909157057,1020.0157678211791,1960.2622524254343,100.5247719419898,-4863.192950847797,3084.7918979588762,24.924435745981683,-1309.1779919937078,3338.2111727510423
patient_164,418.0,16.72,5.22269329343246,-1891.916394953453,1960.4711601571719,30.72099110825643,-1745.0945208433343,3086.0207376032067,24.22701455201491,-17.435529849169296,3339.180253333123
patient_164,419.0,16.76,158.9433203022047,3843.0156752193066,1966.82889296926,93.78884252784505,1576.6962854897156,3089.772291304321,95.22783203314607,1775.020437028279,3342.9893666144485
patient_164,420.0,16.8,39.90289738430547,-2976.010572947481,1968.4250088646324,8.459279387141562,-2133.239078517587,3090.1106624798063,218.21028976523152,3074.5614433021365,3351.717778205058
patient_164,421.0,16.84,61.41800604140911,537.8777164275909,1970.8817291062887,128.69607726354224,3005.9199469100167,3095.2585055703476,535.1582372435402,7923.698686957715,3373.1241076947995
patient_164,422.0,16.88,64.40140572143554,74.58499200066075,1973.4577853351461,63.68570284533068,-1625.259360455289,3097.805933684161,399.3418748758012,-3395.4090591934746,3389.097782689831
patient_164,423.0,16.92,203.88007453581014,3486.966720359365,1981.6129883165786,218.13657827113553,3861.271885645121,3106.5313968150067,182.02388447484026,-5432.949760024023,3396.3787380688245
patient_164,424.0,16.96,288.74021916137053,2121.5036156390097,1993.1625970830335,11.403975188545392,-5168.3150770647535,3106.9875558225485,189.62237990119726,189.96238565892511,3403.9636332648724
patient_164,425.0,17.0,417.861867437658,3228.041206907187,2009.8770717805396,551.0517298619249,13491.193866834488,3129.0296250170254,804.0433829725368,15360.52507678349,3436.125368583774
patient_164,426.0,17.04,442.08962573652923,605.6939574717802,2027.5606568100009,631.4451908884498,2009.8365256631241,3154.2874326525634,1670.4576904431422,21660.35768676513,3502.9436762015
patient_164,427.0,17.08,423.4611246927922,-465.7125260934251,2044.4991017977125,601.7801941160288,-741.6249193105244,3178.3586404172047,623.4807896735005,-26174.422519241045,3527.8829077884398
patient_164,428.0,17.12,299.14716447874355,-3107.849005351217,2056.4649883768625,262.27264901885496,-8487.688627429347,3188.8495463779586,751.7156168467541,3205.8706793313404,3557.95153246231
patient_164,429.0,17.16,41.61940478559142,-6438.193992328803,2058.1297645682857,239.2869587514683,-574.6422566846668,3198.4210247280175,106.7713025134569,-16123.607858332429,3562.222384562848
patient_164,430.0,17.2,178.3930048968681,3419.3400027819166,2065.2654847641606,208.5759851463075,-767.7743401290201,3206.76406413387,421.5419736824853,7869.266779225711,3579.084063510147
patient_164,431.0,17.24,328.7955708057721,3760.0641477226004,2078.4173075963913,387.96206829568223,4484.652078734369,3222.2825468656974,388.2682621523946,-831.8427882522684,3594.6147939962434
patient_164,432.0,17.28,168.96741288106702,-3995.7039481176275,2085.176004111634,43.19762241961933,-8619.111146901572,3224.0104517624823,168.1073420414793,-5504.023002772882,3601.3390876779026
patient_164,433.0,17.32,187.91082538949615,473.5853127107283,2092.692437127214,106.12433869882652,1573.1679069801799,3228.2554253104354,36.33555628495009,-3294.2946439132306,3602.7925099293
patient_164,434.0,17.36,93.07294843027081,-2370.9469239806335,2096.4153550644246,114.5342936761103,210.24887443209437,3232.83679705748,231.10160622971716,4869.151248619177,3612.036574178489
patient_164,435.0,17.4,115.92141873541036,571.2117576284886,2101.052211813841,356.79094754928093,6056.416346829266,3247.108434959451,150.53024132759137,-2014.284122553145,3618.0577838315926
patient_164,436.0,17.44,72.18889216360256,-1093.3131642951948,2103.939767500385,144.22152572566898,-5314.235545590299,3252.877295988478,179.97946797066862,736.2306660769314,3625.2569625504193
patient_164,437.0,17.48,91.82492929636706,490.9009283191125,2107.61276467224,45.15815980566801,-2476.5841480000245,3254.6836223807045,50.02771518413161,-3248.7938196634254,3627.2580711577843
patient_164,438.0,17.52,69.23282079289325,-564.8027125868452,2110.3820775039558,191.3196377672663,3654.036949039957,3262.3364078913955,187.71866128682655,3442.2736525673736,3634.7668176092575
patient_164,439.0,17.56,47.4180271301531,-545.3698415685037,2112.278798589162,90.47994932821234,-2520.992210976349,3265.9556058645244,227.91488602293117,1004.9056184026156,3643.8834130501746
patient_164,440.0,17.6,6.12097701409092,-1032.4262529015546,2112.5236376697258,104.80086446192217,358.0228783427458,3270.1476404430014,37.39077376091749,-4763.102806550342,3645.379044000611
patient_164,441.0,17.64,108.94702707888882,2570.6512516199473,2116.881518752881,294.447365861249,4741.162534983171,3281.9255350774515,371.60489074016056,8355.352924481076,3660.2432396302174
patient_164,442.0,17.68,96.95536097677626,-299.791652552814,2120.759733191952,381.47544587789764,2175.702000416216,3297.184552912567,499.21112907108784,3190.155958273182,3680.211684793061
patient_164,443.0,17.72,447.14912337508275,8754.844059957662,2138.6456981269557,422.0780601705685,1015.0653573167716,3314.0676753193898,459.82372852866564,-984.685013560555,3698.6046339342074
patient_164,444.0,17.76,238.3917821105361,-5218.933531613667,2148.181369411377,118.5895631227176,-7587.212426196273,3318.8112578442983,124.03408918456765,-8394.740983602449,3703.56599750159
patient_164,445.0,17.8,203.1679937252906,-880.5947096311378,2156.3080891603886,76.98081458770771,-1040.2187133752473,3321.8904904278065,221.82857486305002,2444.8621419620595,3712.439140496112
patient_164,446.0,17.84,96.3629306151073,-2670.1265777545823,2160.1626063849926,181.8567146673517,2621.8975019910995,3329.1647590145003,30.341581573454334,-4787.174832239893,3713.6528037590497
patient_164,447.0,17.88,51.9074330260616,-1111.3874397261427,2162.238903706035,145.09504069960326,-919.041849193711,3334.968560642484,35.10440795671266,119.07065958145822,3715.0569800773183
patient_164,448.0,17.92,47.777802411992184,-103.24076535173532,2164.150015802515,18.86807767397653,-3155.6740756406684,3335.7232837494435,62.34985350687657,681.1361387540977,3717.550974217593
patient_164,449.0,17.96,36.60847504627535,-279.2331841429208,2165.614354804366,71.36297403424597,1312.372409006736,3338.577802710813,117.43336519937401,1377.087792312436,3722.2483088255685
patient_164,450.0,18.0,24.116693605593102,-312.29453601705626,2166.57902254859,29.996265305792306,-1034.1677182113415,3339.7776533230444,13.911668296169712,-2588.0424225801075,3722.8047755574157
patient_164,451.0,18.04,55.39955489502148,782.0715322357095,2168.7950047443906,52.026706113919595,550.7610202031822,3341.858721567601,144.13409765347348,3255.560733932594,3728.5701394635544
patient_164,452.0,18.08,134.89744895497145,1987.4473514987492,2174.1909027025895,59.68882320426925,191.55292725874133,3344.246274495772,106.3699765840883,-944.1030267346292,3732.824938526918
patient_164,453.0,18.12,260.33962262205114,3136.054341676992,2184.6044876074716,194.74798632449685,3376.47907800569,3352.036193948752,193.13520152876927,2169.130623617024,3740.550346588069
patient_164,454.0,18.16,378.70617411847525,2959.1637874106027,2199.7527345722106,374.5084475206062,4494.011529902733,3367.0165318495765,282.13304757848334,2224.9461512428516,3751.835668491208
patient_164,455.0,18.2,684.5802638039355,7646.852242136507,2227.135945124368,579.2472700513548,5118.4705632687155,3390.186422651631,806.882140413465,13118.727320874541,3784.1109541077462
patient_164,456.0,18.24,461.9132733662942,-5566.674760941032,2245.6124760590196,416.8634040233001,-4059.5966507013673,3406.860958812563,386.54054519600106,-10508.539880436598,3799.572575915586
patient_164,457.0,18.28,389.4648017318234,-1811.2117908617706,2261.1910681282925,520.1232593619538,2581.496383466343,3427.6658891870406,439.95295568360945,1335.3102621902096,3817.1706941429306
patient_164,458.0,18.32,139.98441947205424,-6237.009556494229,2266.790444907175,346.0532738367781,-4351.749638129394,3441.5080201405117,221.51785965944347,-5460.877400604149,3826.0314085293085
patient_164,459.0,18.36,109.97535572384183,-750.2265937053103,2271.189459136129,217.00346647428154,-3226.245184062414,3450.188158799483,145.45077135664255,-1901.6772075700233,3831.849439383574
patient_164,460.0,18.4,10.342467052166503,-2490.8222167918834,2271.603157818215,292.08850536684116,1877.1259723139906,3461.871699014157,145.06858336240015,-9.554699856060012,3837.65218271807
patient_164,461.0,18.44,29.869876231039044,488.18522947181344,2272.797952867457,190.4371013308941,-2541.2851008986763,3469.4891830673932,31.436656019289625,-2840.7981835777628,3838.9096489588414
patient_164,462.0,18.48,150.47994398408707,3015.2516938262006,2278.8171506268204,206.34082406430997,397.59306833539654,3477.742816029965,141.52258966407226,2752.148341119566,3844.5705525454046
patient_164,463.0,18.52,179.80211859508435,733.054365274932,2286.0092353706236,124.82460518197708,-2037.9054720583224,3482.735800237244,139.3430772554233,-54.487810216223664,3850.144275635622
patient_164,464.0,18.56,180.29469593033093,12.314433381164491,2293.221023207837,99.84742704272622,-624.4294534812714,3486.729697318953,140.28815771250692,23.62701142709014,3855.755801944122
patient_164,465.0,18.6,168.95207954985113,-283.5654095119949,2299.979106389831,79.90175124821738,-498.6418948627211,3489.925767368882,167.32727956699324,675.9780463621581,3862.4488931268015
patient_164,466.0,18.64,129.59292514195837,-983.978860197319,2305.1628233955093,57.54754209830187,-558.8552287478878,3492.2276690528142,129.67611339327706,-941.2791543429045,3867.635937662533
patient_164,467.0,18.68,197.15543008029525,1689.0626234584217,2313.049040598721,324.80971818004514,6681.554402043583,3505.220057780016,227.7085508226538,2450.8109357344183,3876.744279695439
patient_164,468.0,18.72,44.8708929855181,-3807.1134273694283,2314.843876318142,229.72194263804835,-2377.19438854992,3514.4089354855373,125.35888797939369,-2558.7415710815026,3881.758635214615
patient_164,469.0,18.76,65.34676809940379,511.8968778471423,2317.457747042118,129.1472250272014,-2514.367940271174,3519.574824486626,113.38617655537207,-299.3177856005403,3886.29408227683
patient_164,470.0,18.8,32.22374911680446,-828.0754745649832,2318.7466970067903,125.43301681836091,-92.85520522101187,3524.5921451593604,289.0490079861916,4391.570785770489,3897.8560425962773
patient_164,471.0,18.84,32.45743251193645,5.842084878299758,2320.044994307268,50.936792311578145,-1862.405612669569,3526.6296168518234,35.148838394087036,-6347.504239802614,3899.261996132041
patient_164,472.0,18.88,136.00535038675895,2588.6979468705626,2325.4852083227383,307.3552259866938,6410.460841877893,3538.9238258912915,319.61563913749,7111.670018585075,3912.046621697541
patient_164,473.0,18.92,293.882771607698,3946.935530523476,2337.2405191870466,329.74380386241927,559.7144468931361,3552.1135780457885,314.6026369876798,-125.32505374525584,3924.630727177048
patient_164,474.0,18.96,324.3565477151896,761.8444026872908,2350.214781095654,339.34302267524504,239.9804703206442,3565.687298952798,466.0458337904755,3786.0799200698934,3943.272560528667
patient_164,475.0,19.0,373.6885254802501,1233.2994441265128,2365.162322114864,439.44683051923965,2502.5951960998655,3583.265172173568,401.7178179959446,-1608.2003948632732,3959.341273248505
patient_164,476.0,19.04,306.9491379807349,-1668.4846874878801,2377.4402876340932,279.8313546709187,-3990.3868962080237,3594.4584263604047,232.45707318354934,-4231.518620309881,3968.639556175847
patient_164,477.0,19.08,253.48289984933655,-1336.6559532849592,2387.5796036280667,280.99411115782607,29.068912172684236,3605.698190806718,177.83182683733224,-1365.6311586554275,3975.75282924934
patient_164,478.0,19.12,206.57666814073525,-1172.6557927150325,2395.842670353696,159.4548283419466,-3038.4820703969863,3612.0763839403953,224.3807007137723,1163.7218469110016,3984.7280572778905
patient_164,479.0,19.16,273.4376042328224,1671.5234023021794,2406.780174523009,203.954921147043,1112.5023201274096,3620.234580786277,215.18779134240918,-229.82273428407822,3993.335568931587
patient_164,480.0,19.2,99.96713410891911,-4336.761753097583,2410.778859887366,294.2702838367177,2257.8840672418673,3632.0053921397457,292.29714322810986,1927.7337971425168,4005.027454660711
patient_164,481.0,19.24,63.16437221584866,-920.0690473267614,2413.305434776,175.172076346827,-2977.455187247267,3639.0122751936187,261.1303842512563,-779.1689744213386,4015.4726700307615
patient_164,482.0,19.28,25.968097316030793,-929.9068724954466,2414.344158668641,30.855718453319003,-3607.9089473377,3640.2465039317512,45.734250824108116,-5384.903335678705,4017.302040063726
patient_164,483.0,19.32,49.179081041405155,580.2745931343591,2416.311321910297,164.49660478673727,3341.0221583354564,3646.8263681232206,155.51266653545684,2744.4603927837184,4023.5225467251444
patient_164,484.0,19.36,26.36735062159838,-570.2932604951694,2417.366015935161,122.51422746990706,-1049.5594329207552,3651.7269372220167,274.85868110966334,2983.6503643551623,4034.516893969531
patient_164,485.0,19.4,62.940203937154514,914.3213328889033,2419.883624092647,99.12642454884704,-584.6950730265004,3655.6919942039704,216.85605491683592,-1450.0656548206855,4043.191136166204
patient_164,486.0,19.44,111.00059102073212,1201.50967708944,2424.3236477334767,297.6031120089261,4961.917186501976,3667.596118684328,153.08961424378072,-1594.16101682638,4049.3147207359557
patient_164,487.0,19.48,197.42730362927767,2160.6678152136387,2432.2207398786477,237.5297586108816,-1501.8338349511118,3677.097309028763,136.27463244446352,-420.3745449829299,4054.765706033734
patient_164,488.0,19.52,206.12886969929622,217.5391517504636,2440.4658946666195,140.09774909672828,-2435.800237853833,3682.701218992632,92.07933821656279,-1104.8823556975183,4058.4488795623965
patient_164,489.0,19.56,386.53829177250043,4510.235551830106,2455.9274263375196,500.5513491617196,9011.340001624782,3702.723272959101,297.51958592796734,5136.006192785114,4070.3496629995147
patient_164,490.0,19.6,434.7261081458734,1204.6954093343245,2473.3164706633547,847.9645709537574,8685.330544800945,3736.6418557972515,409.3848879580803,2796.632550752824,4086.725058517838
patient_164,491.0,19.64,858.0325198378738,10582.66029230001,2507.6377714568694,1162.6721488625521,7867.689447719868,3783.1487417517533,1245.145278316363,20894.009758957065,4136.530869650493
patient_164,492.0,19.68,120.15533006679709,-18446.929744276917,2512.443984659541,454.88204435617826,-17694.752612659348,3801.3440235260005,49.65866135682563,-29887.165423988434,4138.517216104766
patient_164,493.0,19.72,287.48630488860937,4183.274370545307,2523.9434368550856,434.5104915898054,-509.2888191593218,3818.7244431895933,372.4458312213711,8069.679246613638,4153.41504935362
patient_164,494.0,19.76,127.23156662554526,-4006.3684565766025,2529.0326995201076,209.57512919385633,-5623.384059898726,3827.107448357347,381.851050584078,235.13048406767183,4168.689091376984
patient_164,495.0,19.8,42.40169732376534,-2120.746732544498,2530.728767413058,89.444620315469,-3003.2627219596834,3830.6852331699656,164.38788113867992,-5436.579236134952,4175.264606622531
patient_164,496.0,19.84,127.64024584742084,2130.963713091388,2535.834377246955,142.27109835604682,1320.6619510144455,3836.376077104208,101.58638141267429,-1570.0374931501408,4179.328061879038
patient_164,497.0,19.88,64.27045430991093,-1584.2447884377477,2538.405195419351,129.11458856087296,-328.9127448793465,3841.5406606466427,116.91024215575632,383.0965185770509,4184.004471565268
patient_164,498.0,19.92,144.77257875416242,2012.5531111062874,2544.1960985695177,200.98961952651212,1796.8757741409788,3849.5802454277036,203.723526100886,2170.332098628242,4192.153412609304
patient_164,499.0,19.96,138.8586096696851,-147.8492271119329,2549.750442956305,167.5968586286695,-834.8190224460652,3856.2841197728503,132.77087869967332,-1773.8161850303172,4197.464247757291
patient_164,500.0,20.0,100.15980286931455,-967.470170009264,2553.7568350710776,86.44798105282375,-2028.721939396144,3859.7420390149637,53.40387824728464,-1984.175011309717,4199.600402887182
patient_164,501.0,20.04,59.09296597330522,-1026.6709224002332,2556.12055371001,62.47780202342595,-599.2544757349449,3862.2411510959005,60.245543033052684,171.04161964420115,4202.010224608504
patient_164,502.0,20.08,62.27395568447395,79.5247427792182,2558.611511937389,74.98515891856024,312.68392237835735,3865.240557452643,86.12261850143824,646.9268867096389,4205.455129348562
patient_164,503.0,20.12,24.7787378441168,-937.3804460089285,2559.6026614511534,109.38114914031341,859.8997555438292,3869.6158034182554,58.60464185681765,-687.9494161155147,4207.799315022834
patient_164,504.0,20.16,13.328638993321373,-286.2524712698857,2560.1358070108863,26.44797315686294,-2073.329399586262,3870.67372234453,54.93029561881653,-91.85865595002802,4209.996526847587
patient_164,505.0,20.2,35.22243284059129,547.3448461817479,2561.54470432451,17.75218289416886,-217.39475656735198,3871.3838096602967,65.73350953546628,270.0803479162438,4212.625867229006
patient_164,506.0,20.24,88.23624122812753,1325.345209688406,2565.074153973635,50.82307763079884,826.7723684157495,3873.4167327655286,200.64588434812214,3372.8093703163963,4220.6517026029305
patient_164,507.0,20.28,102.18878904022552,348.81369530244973,2569.1617055352444,246.66113190010225,4895.951356732585,3883.283178041533,495.850383824626,7380.112486912597,4240.485717955916
patient_164,508.0,20.32,34.2848421242355,-1697.5986728997505,2570.533099220214,107.12430177901207,-3488.4207530272547,3887.5681501126937,211.87919566570804,-7099.279703972949,4248.960885782544
patient_164,509.0,20.36,34.8016876725536,12.921138707952373,2571.925166727116,33.17501198452617,-1848.7322448621476,3888.8951505920745,117.1587411963738,-2368.011361733356,4253.647235430399
patient_164,510.0,20.4,56.352384678046256,538.7674251373164,2574.1792621142376,95.79505465026965,1565.501066643587,3892.7269527780854,214.19196381268114,2425.8305654076835,4262.214913982906
patient_164,511.0,20.44,38.7405738020799,-440.2952718991589,2575.728885066321,52.90572133761167,-1072.2333328164493,3894.8431816315897,4.755703630418715,-5235.90650455656,4262.405142128123
patient_164,512.0,20.48,34.493694703786105,-106.1719774573449,2577.1086328544725,40.16749133722529,-318.4557500096595,3896.4498812850784,280.5453954295982,6894.742294979487,4273.6269579453065
patient_164,513.0,20.52,9.088706544313824,-635.124703986807,2577.472181116245,25.07130761417463,-377.4045930762666,3897.4527335896455,25.463440376780863,-6377.048876320434,4274.645495560379
patient_164,514.0,20.56,51.613256021545595,1063.1137369307944,2579.536711357107,51.86107436851129,669.7441688584165,3899.527176564386,115.72738559985073,2256.5986305767465,4279.2745909843725
patient_164,515.0,20.6,23.841246567037242,-694.3002363627088,2580.4903612197886,93.09497405912923,1030.8474922654484,3903.250975526751,60.77075455765486,-1373.915776054897,4281.705421166678
patient_164,516.0,20.64,104.82643092878992,2024.6296090438168,2584.68341845694,28.169978974234905,-1623.124877122358,3904.377774685721,174.30812212331762,2838.434189141569,4288.677746051611
patient_164,517.0,20.68,93.66144950484423,-279.12453559864224,2588.4298764371338,53.62633421282894,636.4088809648508,3906.5228280542337,130.17837764540684,-1103.2436119477693,4293.884881157427
patient_164,518.0,20.72,12.50203893460494,-2028.9852642559822,2588.929957994518,90.40882425478102,919.5622510488022,3910.1391810244254,179.982929758578,1245.113802829279,4301.08419834777
patient_164,519.0,20.76,89.15432528007675,1916.3071586367953,2592.496131005721,373.20160088874326,7069.819415849057,3925.067245059975,419.74841295967985,5994.137080027546,4317.874134866158
patient_164,520.0,20.8,229.66241111172846,3512.7021457912933,2601.68262745019,399.34962166148654,653.700519318582,3941.0412299264344,464.4780440974954,1118.2407784453885,4336.453256630059
patient_164,521.0,20.84,316.2194400920456,2163.9257245079284,2614.331405053872,476.70874592449456,1933.9781065752006,3960.1095797634143,520.1164749026682,1390.9607701293198,4357.2579156261645
patient_164,522.0,20.88,382.8164116064774,1664.924287860795,2629.644061518131,415.5274509472805,-1529.5323744303516,3976.7306778013053,550.3476506948987,755.7793948057622,4379.271821653961
patient_164,523.0,20.92,369.09706692422037,-342.98361705642577,2644.4079441951,574.8912726067161,3984.095541485891,3999.7263287055744,450.50085958184064,-2496.1697778264506,4397.291856037234
patient_164,524.0,20.96,358.19929458415015,-272.4443085017555,2658.735915978466,297.5457071632641,-6933.639136086301,4011.6281569921052,321.26610718344,-3230.8688099600163,4410.142500324571
patient_164,525.0,21.0,280.1130988995876,-1952.1548921140634,2669.9404399344494,460.848654882638,4082.5736929843474,4030.0621031874102,382.64956008227426,1534.5863224708567,4425.448482727862
patient_164,526.0,21.04,261.7294946841512,-459.5901053859109,2680.4096197218155,522.2987999088613,1536.2536256555813,4050.954055183765,332.50883537117,-1253.5181177776067,4438.7488361427095
patient_164,527.0,21.08,207.88169079684883,-1346.1950971825586,2688.7248873536896,264.7161559372671,-6439.566099289854,4061.5427014212555,164.76570176972393,-4193.5783400361515,4445.339464213498
patient_164,528.0,21.12,150.03522461593116,-1446.1616545229417,2694.726296338327,134.2529844454141,-3261.5792872963248,4066.912820799072,133.76704059786385,-774.9665292965019,4450.690145837412
patient_164,529.0,21.16,119.90971549676702,-753.1377279791034,2699.5226849581973,92.36668648472882,-1047.1574490171324,4070.607488258461,55.61004499119497,-1953.9248901667222,4452.91454763706
patient_164,530.0,21.2,111.94013534637804,-199.23950375972447,2704.000290372052,121.0915800394346,718.1223388676447,4075.4511514600385,266.3822997904581,5269.306369981578,4463.569839628679
patient_164,531.0,21.24,78.1143236726369,-845.6452918435285,2707.1248633189575,70.31887418052685,-1269.317646472694,4078.2639064272594,519.7657447211617,6334.58612326759,4484.360469417526
patient_164,532.0,21.28,34.382510654794366,-1093.2953254460633,2708.500163745149,69.05359617685325,-31.63195009184001,4081.026050274333,103.10419914920968,-10416.5386392988,4488.4846373834935
patient_164,533.0,21.32,28.50613514830966,-146.90938766211764,2709.6404091510817,96.9822643006019,698.2167030937162,4084.9053408463574,23.28585702919294,-1995.4585530004185,4489.416071664661
patient_164,534.0,21.36,26.842266806409203,-41.596708547511426,2710.7140998233385,37.500561776284705,-1487.0425631079297,4086.4053633174085,19.44812014565375,-95.94342208847975,4490.193996470487
patient_164,535.0,21.4,31.76510586022419,123.07097634537465,2711.984704057747,70.7172001244127,830.4159587031999,4089.2340513223853,42.65945614256076,580.2833999226751,4491.90037471619
patient_164,536.0,21.44,17.852394950010087,-347.81777275535256,2712.6987998557474,65.12312514539063,-139.8518744755517,4091.8389763282007,87.3946496895952,1118.379838675861,4495.396160703774
patient_164,537.0,21.48,11.046597891167005,-170.14492647107704,2713.140663771394,69.30750430790692,104.60947906290734,4094.611276500517,99.56199961674878,304.1837481788395,4499.378640688444
patient_164,538.0,21.52,16.388062326912195,133.53661089362973,2713.7961862644706,113.55801903696252,1106.2628682263899,4099.153597261995,84.20287928941183,-383.9780081834238,4502.74675586002
patient_164,539.0,21.56,51.836183151358355,886.2030206111541,2715.8696335905247,73.31121258607553,-1006.1701612721748,4102.086045765438,47.812896649523296,-909.7495659972133,4504.659271726001
patient_164,540.0,21.6,39.31669903013868,-312.9871030304919,2717.4423015517305,36.36608481535697,-923.6281942679639,4103.540689158052,144.4875380419386,2416.866034810382,4510.438773247679
patient_164,541.0,21.64,104.84305483871223,1638.1588952143388,2721.636023745279,77.50809920827821,1028.550359823031,4106.641013126384,199.88075453797467,1384.8304124009019,4518.434003429197
patient_164,542.0,21.68,132.8745884230304,700.7883396079538,2726.9510072822,85.28137390418922,194.33186739777534,4110.052268082552,299.31258180432354,2485.795681658722,4530.40650670137
patient_164,543.0,21.72,251.4131215149981,2963.4633272991928,2737.0075321428,129.29596332678375,1100.3647355648632,4115.224106615623,236.69405577902836,-1565.4631506323794,4539.874268932531
patient_164,544.0,21.76,309.8682099794648,1461.377211611667,2749.4022605419786,99.94533232189157,-733.7657751223045,4119.221919908498,191.25564866033622,-1135.9601779673035,4547.524494878945
patient_164,545.0,21.8,315.97384998268717,152.64100008055976,2762.0412145412865,415.9520176422349,7900.167133008584,4135.860000614188,416.512789686207,5631.428525646769,4564.185006466393
patient_164,546.0,21.84,263.367141227106,-1315.1677188895292,2772.5759001903707,393.5422342907859,-560.2445837862249,4151.60168998582,560.5333845687127,3600.514872062642,4586.606341849142
patient_164,547.0,21.88,181.9642551688027,-2035.0721514575823,2779.854470397123,428.06584161733184,863.0901831636479,4168.724323650513,523.4257010950818,-927.6920868407728,4607.543369892945
patient_164,548.0,21.92,160.0344051799989,-548.2462497200949,2786.255846604323,235.08712959095087,-4824.467800659524,4178.1278088341505,265.1583332806055,-6456.684195361906,4618.14970322417
patient_164,549.0,21.96,44.591843976880675,-2886.064030077956,2788.0395203633984,93.98243645478479,-3527.617328404152,4181.887106292342,18.295131143044973,-6171.580053439014,4618.881508469891
patient_164,550.0,22.0,91.85001308163042,1181.4542276187437,2791.7135208866634,278.9640556953977,4624.540481015322,4193.045668520157,86.94978852824794,1716.366434630074,4622.359500011021
patient_164,551.0,22.04,98.9969075745889,178.67236232396203,2795.673397189647,56.85749285368955,-5552.664071042703,4195.319968234305,142.1427420298219,1379.8238375393491,4628.0452096922145
patient_164,552.0,22.08,123.75800586337061,619.0274572195427,2800.623717424182,110.25130425112057,1334.8452849357755,4199.7300204043495,87.40197042976206,-1368.519290001496,4631.541288509405
patient_164,553.0,22.12,131.04715050328932,182.22861599796758,2805.865603444314,69.55575979372878,-1017.3886114347947,4202.512250796099,28.782834131092965,-1465.4784074667273,4632.692601874649
patient_164,554.0,22.16,74.46261238325543,-1414.6134530008471,2808.844107939644,56.13267018261221,-335.5772402779143,4204.757557603403,43.58532025512723,370.0621531008566,4634.436014684854
patient_164,555.0,22.2,42.43279155592165,-800.7455206833445,2810.541419601881,63.665720678281325,188.32626239172788,4207.304186430535,94.75662963742501,1279.2827345574444,4638.2262798703505
patient_164,556.0,22.24,242.85339765167726,5010.51515239389,2820.255555507948,121.20164756131933,1438.3981720759502,4212.152252332988,40.197132704582195,-1363.9874233210703,4639.834165178534
patient_164,557.0,22.28,416.0731077925434,4330.492753521654,2836.8984798196498,135.4971827119779,357.38837876646414,4217.5721396414665,234.55122641785536,4858.8523428318285,4649.216214235248
patient_164,558.0,22.32,619.4842605705294,5085.27881944965,2861.6778502424713,807.3196393685307,16795.56141641382,4249.864925216209,644.0160239337296,10236.619937896856,4674.976855192597
patient_164,559.0,22.36,554.570482434134,-1622.8444534098855,2883.8606695398366,672.3810664729508,-3373.4643223894977,4276.760167875126,697.9542597001042,1348.4558941593662,4702.895025580601
patient_164,560.0,22.4,379.20286005148637,-4384.19055956619,2899.0287839418966,516.456214904441,-3898.1212892127446,4297.418416471304,739.1031827535576,1028.723076336334,4732.459152890744
patient_164,561.0,22.44,201.2542191322805,-4448.716022980147,2907.078952707188,335.8826358401863,-4514.3394766063675,4310.853721904911,462.2183687715267,-6922.1203495507725,4750.947887641605
patient_164,562.0,22.48,192.04936196744163,-230.12142912097175,2914.7609271858855,249.13845765062484,-2168.6044547390366,4320.819260210937,186.62713257819544,-6889.780904833282,4758.412972944733
patient_164,563.0,22.52,178.90728041110756,-328.55203890835156,2921.9172184023296,96.0268988976757,-3827.7889688237287,4324.660336166843,131.19811587338336,-1385.725417620302,4763.660897579668
patient_164,564.0,22.56,190.5994312484795,292.30377093429854,2929.541195652269,207.17339068654545,2778.662294721744,4332.9472717943045,157.2354299488114,650.9328518857011,4769.95031477762
patient_164,565.0,22.6,248.92024611702004,1458.0203717135134,2939.4980054969496,333.94524326531194,3169.2963144691626,4346.305081524917,232.12632729677392,1872.272433699063,4779.235367869492
patient_164,566.0,22.64,239.1965301472197,-243.09289924500845,2949.065866702839,352.4323058852275,462.1765654978887,4360.402373760327,300.4778195179825,1708.7873055302139,4791.254480650211
patient_164,567.0,22.68,424.547476357828,4633.773655265207,2966.047765757152,408.67180748106387,1405.9875398959093,4376.749246059569,389.5481361561663,2226.757915954596,4806.836406096458
patient_164,568.0,22.72,460.04283055529964,887.3838549367917,2984.449478979364,181.60918696547446,-5676.565512889735,4384.013613538188,520.2018346419039,3266.34246214344,4827.644479482134
patient_164,569.0,22.76,453.9678048882687,-151.87564167577392,3002.6081911748943,396.483732896411,5371.863648273414,4399.872962854044,597.2533175538681,1926.2870727991044,4851.534612184289
patient_164,570.0,22.8,417.76383712872104,-905.0991939886912,3019.318744660043,382.505160327586,-349.46431422062574,4415.173169267147,438.0200031550813,-3980.8328599696692,4869.055412310492
patient_164,571.0,22.84,224.401484257696,-4834.058821775626,3028.2948040303513,309.97699272233285,-1813.2041901313287,4427.572248976041,227.16934354023186,-5271.266490371237,4878.1421860521
patient_164,572.0,22.88,50.36359958943401,-4350.947116706549,3030.3093480139282,29.615472560101175,-7009.038004055792,4428.7568678784455,143.02334685393157,-2103.6499171575074,4883.863119926258
patient_164,573.0,22.92,107.24702375606873,1422.085604165868,3034.599228964171,76.66280431899487,1176.1832939723424,4431.823380051205,43.85569637214964,-2479.1912620445482,4885.617347781144
patient_164,574.0,22.96,315.70583315069126,5211.470234865564,3047.227462290198,258.9405630950562,4556.943969401533,4442.181002575007,224.37680600302318,4513.027740771839,4894.592420021265
patient_164,575.0,23.0,507.5114058468238,4795.139317403313,3067.527918524071,271.41123046400253,311.7666842236588,4453.037451793567,468.1833240447264,6095.162951042581,4913.319752983054
patient_164,576.0,23.04,633.8295170176833,3157.9527792714885,3092.8810992047784,717.3429555968961,11148.293128322339,4481.731170017443,667.4639957295327,4982.016792120157,4940.018312812235
patient_164,577.0,23.08,502.8809972763006,-3273.712993534568,3112.9963390958305,583.3506740031605,-3349.8070398433897,4505.065196977569,636.6521425030163,-770.2963306629101,4965.484398512356
patient_164,578.0,23.12,256.37897249941847,-6162.550619422053,3123.251497995807,456.7241387317979,-3165.6633817840657,4523.33416252684,570.7634364853036,-1647.2176504428176,4988.314935971768
patient_164,579.0,23.16,141.79815474568164,-2864.5204438434207,3128.9234241856343,79.79089142060276,-9423.331182779879,4526.525798183665,216.308816619654,-8861.36549664124,4996.967288636555
patient_164,580.0,23.2,100.4972500437941,-1032.5226175471887,3132.943314187386,162.25317802426937,2061.5571650916654,4533.015925304636,109.84026461961226,-2661.7138000010436,5001.360899221339
patient_164,581.0,23.24,220.1655550529252,2991.7076252282777,3141.7499363895026,199.79406502228505,938.522174950392,4541.007687905528,136.0369993526604,654.9183683262033,5006.802379195446
patient_164,582.0,23.28,313.83625564734245,2341.767514860431,3154.3033866153964,432.6019337440689,5820.196718044596,4558.31176525529,390.68409132342595,6366.1772992691385,5022.429742848382
patient_164,583.0,23.32,373.2674006273516,1485.7786245002287,3169.23408264049,330.56780418343345,-2550.853239015886,4571.534477422628,658.8283105718907,6703.605481211619,5048.782875271258
patient_164,584.0,23.36,474.35599516080964,2527.214863336451,3188.2083224469225,581.2470700062768,6266.981645571083,4594.784360222879,745.9901439210074,2179.045833727918,5078.622481028098
patient_164,585.0,23.4,434.0066980263052,-1008.7324283626117,3205.568590367975,324.7311700909215,-6412.897497883881,4607.773607026515,599.2619882116477,-3668.203892733993,5102.592960556564
patient_164,586.0,23.44,429.809280898387,-104.93542819795465,3222.7609616039103,520.1149335871596,4884.594087405952,4628.578204370001,487.3318485623033,-2798.253491233609,5122.086234499056
patient_164,587.0,23.48,375.7837361491726,-1350.638618730359,3237.7923110498773,367.5191354463851,-3814.8949535193624,4643.278969787857,430.57389678331793,-1418.9487944746347,5139.309190370389
patient_164,588.0,23.52,139.57827883017646,-5905.136432974904,3243.3754422030843,84.40063284278973,-7077.962565089885,4646.654995101569,257.61409229254116,-4323.995112269419,5149.61375406209
patient_164,589.0,23.56,34.71120907157561,-2621.676743965021,3244.7638905659473,101.38214787241236,424.5378757405657,4650.710281016465,128.18620568899308,-3235.6971650887017,5154.74120228965
patient_164,590.0,23.6,187.65519558477712,3823.5996628300377,3252.2700983893387,168.1220251411196,1668.4969317176808,4657.43516202211,169.14797237338286,1024.0441671097442,5161.507121184585
patient_164,591.0,23.64,451.49010777362525,6595.8728047212035,3270.329702700284,200.3455880183846,805.5890719316253,4665.448985542846,360.07457611529105,4773.165093547705,5175.910104229197
patient_164,592.0,23.68,623.1976063400036,4292.6874641594595,3295.257606953884,617.2303307672057,10422.118568720527,4690.138198773534,763.8138278559036,10093.481293515313,5206.462657343433
patient_164,593.0,23.72,696.8456674417861,1841.201527544561,3323.1314336515557,515.6023700937666,-2540.6990168359785,4710.762293577284,783.4090375983908,489.88024356218034,5237.799018847369
patient_164,594.0,23.76,508.8177606674367,-4700.697669358735,3343.4841440782534,712.8635109202042,4931.5285206609415,4739.276834014093,844.8523738276482,1536.083405731435,5271.593113800474
patient_164,595.0,23.8,333.5635449032566,-4381.355394104501,3356.8266858743837,426.3347061530019,-7163.220119180059,4756.330222260212,625.10744420698,-5493.623240516707,5296.597411568754
patient_164,596.0,23.84,53.25570100437835,-7007.696097471957,3358.9569139145588,170.38140871364868,-6398.83243598383,4763.145478608759,189.09442926989112,-10900.32537342722,5304.16118873955
patient_164,597.0,23.88,46.763449923508546,-162.30627702174516,3360.8274519114993,194.64336829817995,606.5489896132817,4770.931213340686,96.44613096391713,-2316.20745764935,5308.019033978107
patient_164,598.0,23.92,132.74630590847028,2149.5713996240434,3366.137304147838,210.33317129560245,392.24507493556257,4779.344540192509,157.81100742626833,1534.12191155878,5314.331474275157
patient_164,599.0,23.96,270.865652519458,3452.9836652746935,3376.9719302486164,386.8504490642339,4412.931944215786,4794.818558155079,266.4745361215298,2716.588217381537,5324.990455720018
patient_164,600.0,24.0,376.2775446393365,2635.2973029969617,3392.02303203419,442.2706207726424,1385.5042927102133,4812.509382985984,518.9393259124471,6311.619744772932,5345.748028756516
patient_164,601.0,24.04,320.6034255096203,-1391.8529782429048,3404.8471690545744,337.1012951311165,-2629.233141038148,4825.993434791229,841.1042079251996,8054.122050318812,5379.392197073525
patient_164,602.0,24.08,500.38413939512975,4494.517847137736,3424.8625346303797,451.9699125298059,2871.7154349672355,4844.072231292422,793.5931456877162,-1187.7765559370857,5411.135922901033
patient_164,603.0,24.12,384.4917838208568,-2897.3088893568233,3440.2422059832143,404.6008970793564,-1184.225386261238,4860.256267175596,505.29660575737694,-7207.413498258481,5431.347787131328
patient_164,604.0,24.16,298.2257963121922,-2156.649687716616,3452.171237835702,365.798066108647,-970.0707742677353,4874.8881898199415,387.3654045514811,-2948.280030147396,5446.842403313387
patient_164,605.0,24.2,286.98081615227045,-281.12450399804345,3463.6504704817926,412.2697794198869,1161.7928327809977,4891.3789809967375,264.15216954446083,-3080.3308751755067,5457.408490095166
patient_164,606.0,24.24,99.77597270223875,-4680.121086250793,3467.641509389882,97.30070503483822,-7874.2268596262165,4895.271009198131,124.14186236611448,-3500.257679458659,5462.37416458981
patient_164,607.0,24.28,72.86052830896624,-672.8861098318127,3470.555930522241,51.78046123878542,-1138.00609490132,4897.342227647682,46.92788749372065,-1930.349371809846,5464.251280089558
patient_164,608.0,24.32,40.42313937305364,-810.934723397815,3472.1728560971633,70.69199001679341,472.7882194501998,4900.169907248354,49.30458754739169,59.4175013417761,5466.223463591455
patient_164,609.0,24.36,21.49531759838852,-473.19554436662787,3473.0326688010987,20.43085369000071,-1256.5284081698176,4900.9871413959545,5.878289341318534,-1085.6574551518288,5466.458595165107
patient_164,610.0,24.4,110.2305872413981,2218.3817410752395,3477.4418922907544,16.23141497918806,-104.98596777031625,4901.636397995122,88.43982485377575,2064.0383878114303,5469.996188159258
patient_164,611.0,24.44,816.5847735967923,17658.854658884855,3510.1052832346263,632.9028182958133,15416.785082915629,4926.952510726955,649.3845130139409,14023.617204004131,5495.971568679815
patient_164,612.0,24.48,702.1242336994942,-2861.513497432452,3538.1902525826063,765.3656206324329,3311.5700584154893,4957.567135552253,833.9951572041583,4615.266104755435,5529.331374967982
patient_164,613.0,24.52,727.2243214586255,627.5021939782818,3567.279225440951,850.3935139069721,2125.6973318634805,4991.582876108531,820.4579078442407,-338.43123399794024,5562.149691281752
patient_164,614.0,24.56,526.8392024210538,-5009.627975939293,3588.352793537793,640.4354584704607,-5248.951385912784,5017.200294447349,933.3073793365463,2821.23678730764,5599.481986455213
patient_164,615.0,24.6,298.6989327993458,-5703.506740542699,3600.3007508497667,239.35943888344738,-10026.900489675332,5026.774672002687,475.36679233040064,-11448.514675153641,5618.49665814843
patient_164,616.0,24.64,169.57980408180495,-3227.9782179385215,3607.083943013039,91.10938114484692,-3706.251443465011,5030.419047248481,255.31273817507736,-5501.351353883082,5628.709167675432
patient_164,617.0,24.68,73.7096419832141,-2396.754052464771,3610.032328692367,226.1081518551955,3374.969267758715,5039.463373322689,39.16658105986992,-5403.6539278801865,5630.275830917826
patient_164,618.0,24.72,193.01377095171355,2982.6032242124866,3617.752879530436,226.00111358985387,-2.6759566335407214,5048.503417866283,281.2352311464187,6051.716252163719,5641.5252401636835
patient_164,619.0,24.76,375.40094530662816,4559.679358872865,3632.7689173427007,480.40954085674304,6360.210681672229,5067.719799500553,661.7805174106903,9513.63215660679,5667.996460860111
patient_164,620.0,24.8,23.41493004387762,-8799.650381568763,3633.7055145444556,44.66174701704708,-10893.694845992399,5069.506269381234,17.67530789876949,-16102.630237798021,5668.703473176062
patient_164,621.0,24.84,295.99126218150894,6814.408303440783,3645.545165031716,561.5537958537724,12922.301220918132,5091.968421215385,762.934286995995,18631.47447743064,5699.220844655902
patient_164,622.0,24.88,432.5147565319944,3413.087358762137,3662.845755292996,391.2088684267709,-4258.623185675037,5107.616775952456,688.5244997976401,-1860.2446799588706,5726.761824647808
patient_164,623.0,24.92,522.3643372781223,2246.2395186531976,3683.7403287841207,58.460654537880615,-8318.705347222258,5109.955202133971,666.0835060246953,-561.0248443236202,5753.405164888795
patient_164,624.0,24.96,178.4522684564352,-8597.801720542178,3690.8784195223775,133.65753560376496,1879.9220266471086,5115.301503558122,234.7438975999586,-10783.490210618418,5762.794920792794
patient_164,625.0,25.0,39.27354725031338,-3479.4680301530457,3692.4493614123903,14.38515783507493,-2981.8094442172505,5115.876909871525,74.80291226233331,-3998.524633440632,5765.787037283287
patient_164,626.0,25.04,102.54510151251691,1581.7888565550882,3696.5511654728907,141.3307911204968,3173.6408321355466,5121.530141516344,145.46074414479475,1766.4457970615358,5771.605467049079
patient_164,627.0,25.08,391.59044033906474,7226.133470663696,3712.2147830864533,411.5112614595713,6754.511758476863,5137.990591974727,392.71002037144746,6181.231905666318,5787.313867863937
patient_164,628.0,25.12,523.1471152653293,3288.916873156613,3733.140667697066,509.39230964401526,2447.026204611099,5158.366284360487,640.9847925180801,6206.869303665816,5812.953259564661
patient_164,629.0,25.16,447.6302913989866,-1887.920596658566,3751.0458793530256,346.23895541110136,-4078.8338558228475,5172.215842576931,702.2559844727652,1531.7797988671286,5841.043498943571
patient_164,630.0,25.2,15.400548951304607,-10805.743561192052,3751.661901311078,31.716342289616687,-7863.065328037116,5173.484496268516,165.78184188467495,-13411.853564702258,5847.674772618958
patient_164,631.0,25.24,517.854103907298,12561.338873899836,3772.37606546737,476.8014216888513,11127.126984980865,5192.55655313607,716.6530229462265,13771.77952653879,5876.340893536807
patient_164,632.0,25.28,223.22803023439315,-7365.651841822622,3781.3051866767455,326.6669059155176,-3753.3628943333424,5205.623229372691,530.4677088594917,-4654.632852168371,5897.559601891187
patient_164,633.0,25.32,91.18936408400197,-3300.9666537597795,3784.9527612401057,23.012942788668955,-7591.349078171215,5206.543747084238,200.0578219924108,-8260.247171677023,5905.561914770884
patient_164,634.0,25.36,63.81156128155038,-684.4450700612896,3787.5052236913675,62.84501386771558,995.8017769761657,5209.057547638947,57.66075563344994,-3559.926658974021,5907.868344996223
patient_164,635.0,25.4,587.5493401947335,13093.444472829577,3811.007197299157,611.5659094888418,13718.022390528156,5233.5201840185,859.4692009242466,20045.211132269917,5942.247113033192
patient_164,636.0,25.44,580.3734202462213,-179.39799871280684,3834.2221341090058,627.5017429245331,398.395835892282,5258.620253735481,843.8050218088799,-391.6044778841666,5975.999313905548
patient_164,637.0,25.48,438.21675359491485,-3553.91666628266,3851.750804252802,579.957008234899,-1188.618367240852,5281.818534064877,881.950865468036,953.6460914789018,6011.277348524269
patient_164,638.0,25.52,489.16980648321055,1273.8263222073924,3871.317596512131,536.9271784698268,-1075.745744126806,5303.295621203671,653.8015021368907,-5703.734083278633,6037.429408609745
patient_164,639.0,25.56,461.02784467253815,-703.54904526681,3889.7587102990324,213.1113379280232,-8095.39601354509,5311.820074720791,472.0267220746865,-4544.369501555104,6056.310477492732
patient_164,640.0,25.6,347.48325904587875,-2838.614640666485,3903.6580406608678,330.35933379704636,2931.199896725579,5325.034448072673,246.2844822805269,-5643.55599485399,6066.161856783953
patient_164,641.0,25.64,26.059788086509954,-8035.58677398422,3904.7004321843283,158.3690697900508,-4299.756600174889,5331.369210864275,54.76217299931668,-4788.0577320302555,6068.352343703927
patient_164,642.0,25.68,93.85958083350388,1694.9948186748481,3908.454815417668,187.75584164932073,734.6692964817486,5338.879444530247,66.35197722794992,289.74510571583085,6071.006422793044
patient_164,643.0,25.72,140.82448135042821,1174.1225129231084,3914.0877946716855,163.9068587784338,-596.2245717721736,5345.435718881386,69.19950624326901,71.18822538297742,6073.774403042776
patient_164,644.0,25.76,355.2950178728725,5361.763413061108,3928.2995953866007,208.75765838152446,1121.269990077267,5353.7860252166465,248.19778135901342,4474.95687789361,6083.702314297137
patient_164,645.0,25.8,459.4237000739109,2603.2170550259593,3946.676543389557,482.9596161327288,6855.048943780108,5373.104409861956,629.0024491879932,9520.116695724493,6108.862412264657
patient_164,646.0,25.84,567.2518748491058,2695.7043693798723,3969.3666183835217,454.65239278980255,-707.6805835731562,5391.290505573548,909.6460977646385,7016.091214416133,6145.248256175242
patient_164,647.0,25.88,745.5035633901335,4456.292213525694,3999.1867609191268,785.6450031746134,8274.81525962027,5422.716305700533,1737.6656242600313,20700.48816238482,6214.754881145644
patient_164,648.0,25.92,444.24037421357536,-7531.579729413954,4016.9563758876698,449.4815450649869,-8404.086452740663,5440.695567503131,439.9717820627235,-32442.346054932692,6232.353752428153
patient_164,649.0,25.96,47.56771945565173,-9916.81636894809,4018.859084665896,8.840738162621882,-11016.020172559125,5441.049197029637,184.8150774745765,-6378.917614703675,6239.746355527135
patient_164,650.0,26.0,97.14307215797395,1239.3838175580554,4022.7448075522143,63.13602679250083,1357.3822157469738,5443.574638101336,47.58615957421518,-3430.722947509033,6241.649801910104
patient_164,651.0,26.04,3.1143000493416793,-2350.719302715807,4022.8693795541885,23.641402796005927,-987.3655999123725,5444.520294213176,34.35954823139673,-330.66528357046127,6243.0241838393595
patient_164,652.0,26.08,370.13392650752223,9175.490661454514,4037.674736614489,230.36059715782724,5167.979859045533,5453.734718099489,311.02418576835873,6916.61593842405,6255.465151270094
patient_164,653.0,26.12,370.31009997332944,4.404336645180251,4052.4871406134225,409.1491137686962,4469.712915271724,5470.100682650236,562.7332883922612,6292.727565597562,6277.974482805784
patient_164,654.0,26.16,495.51144900155384,3130.03372570561,4072.3075985734845,589.932893382381,4519.5944903421205,5493.697998385532,887.7875331438373,8126.356118789403,6313.4859841315365
patient_164,655.0,26.2,434.4583243240738,-1526.3281169370002,4089.6859315464476,410.617215073192,-4482.891957729726,5510.1226869884595,994.1817598620077,2659.855667954258,6353.2532545260165
patient_164,656.0,26.24,602.8298560739794,4209.288293747639,4113.799125789406,967.3968905530778,13919.491886997144,5548.818562610582,522.6049565874374,-11789.420081864257,6374.157452789514
patient_164,657.0,26.28,507.1384178455469,-2392.2859557108127,4134.084662503229,555.6948398134913,-10292.551268489664,5571.046356203122,529.8521495282098,181.17982351930948,6395.351538770642
patient_164,658.0,26.32,451.1194205847944,-1400.4749315188121,4152.129439326621,246.59909685346724,-7727.393574000601,5580.910320077261,305.4846439887537,-5609.187638486403,6407.570924530192
patient_164,659.0,26.36,187.97507695262559,-6578.60859080422,4159.648442404726,225.7249780797493,-521.8529693429489,5589.939319200451,387.08738004416887,2040.068401385379,6423.054419731959
patient_164,660.0,26.4,159.0146203181387,-724.0114158621723,4166.009027217451,199.2587272749673,-661.6562701195498,5597.90966829145,17.591273369037566,-9237.402666878283,6423.75807066672
patient_164,661.0,26.44,358.6697401235641,4991.3779951356355,4180.3558168223935,282.20217400937634,2073.586168360226,5609.197755251825,300.46950592488514,7071.95581389619,6435.776850903715
patient_164,662.0,26.48,62.53992268917599,-7403.245435859703,4182.857413729961,55.83631020372577,-5659.146595141265,5611.4312076599745,54.72201285544191,-6143.687326736081,6437.965731417932
patient_164,663.0,26.52,505.6636565063405,11078.093345429113,4203.083959990214,284.3910736708251,5713.869086677484,5622.8068506068075,606.8723107735375,13803.75744795239,6462.240623848874
patient_164,665.0,26.6,,,4203.083959990214,,,5622.8068506068075,,,6462.240623848874
patient_164,666.0,26.64,391.1714426746412,,4218.7308176972,576.646369711468,,5645.872705395266,1446.912840348658,,6520.11713746282
patient_164,667.0,26.68,453.193627927178,1550.5546313134205,4236.858562814287,497.4313953294364,-1980.3743595507897,5665.769961208443,718.8170420606092,-18202.394957201217,6548.869819145245
patient_164,668.0,26.72,202.48675891172118,-6267.671725386421,4244.958033170756,272.4245443771308,-5625.171273807639,5676.666942983529,397.98612467852917,-8020.772934552001,6564.789264132385
patient_164,669.0,26.76,58.23823046861713,-3606.213211077601,4247.287562389501,35.16933975926118,-5931.380115446741,5678.0737165739,58.51851961911513,-8486.690126485351,6567.13000491715
patient_164,670.0,26.8,158.0933015976367,2496.376778225489,4253.611294453406,77.00671761807696,1045.9344464703945,5681.153985278624,147.1783932378284,2216.496840467832,6573.017140646662
patient_164,671.0,26.84,575.1718448641082,10426.963581661787,4276.61816824797,664.8590531846679,14696.308389164773,5707.74834740601,1048.4438773141032,22531.63710190687,6614.954895739226
patient_164,672.0,26.88,481.90050999294357,-2331.7833717791145,4295.894188647688,583.6608997002646,-2029.9538371100823,5731.094783394021,1327.9974075975251,6988.8382570855465,6668.074792043127
patient_164,673.0,26.92,31.165761543089477,-11268.368711246352,4297.1408191094115,38.022481594800844,-13640.960452636595,5732.615682657813,268.9861324188334,-26475.281879467293,6678.83423733988
patient_164,674.0,26.96,539.5961477301844,12710.759654677371,4318.724665018619,653.5308719382869,15387.709758587149,5758.756917535344,779.7104375024998,12768.107627091658,6710.02265483998
patient_164,675.0,27.0,599.3768489552755,1494.5175306272772,4342.69973897683,513.9973568439074,-3488.337877359487,5779.3168118091,682.3068682696494,-2435.089230821259,6737.314929570766
patient_164,676.0,27.04,611.9523722796486,314.388083109327,4367.177833868016,682.1394170097819,4203.551504146864,5806.602388489491,506.6570275741638,-4391.24601738714,6757.581210673733
patient_164,677.0,27.08,430.43536012644336,-4537.92530383013,4384.395248273074,122.40001453828846,-13993.485061787336,5811.498389071023,391.57201039981146,-2877.1254293588086,6773.244091089725
patient_164,678.0,27.12,289.185795300144,-3531.2391206574844,4395.962680085079,421.5267709643869,7478.168910652461,5828.359459909598,290.71749070076595,-2521.3629924761376,6784.872790717756
patient_164,679.0,27.16,140.25707242937148,-3723.2180717693127,4401.5729629822545,16.893825421698946,-10115.823638567199,5829.035212926466,144.34236312871894,-3659.378189301175,6790.646485242905
patient_164,680.0,27.2,58.06534404351315,-2054.7932096464583,4403.895576743995,32.339645536346815,386.14550286619675,5830.32879874792,95.19771150470788,-1228.6162906002764,6794.454393703094
patient_164,681.0,27.24,256.7943669804454,4968.225573423305,4414.167351423213,196.98364767697882,4116.1000535158,5838.208144654998,107.39400979162221,304.9074571728582,6798.750154094759
patient_164,682.0,27.28,461.44417492527776,5116.24519862081,4432.625118420224,367.6886689700168,4267.625532325949,5852.915691413799,418.35807035135485,7774.101513993315,6815.484476908813
patient_164,683.0,27.32,595.2096641922021,3344.137231673109,4456.433504987912,607.6030235504509,5997.858864510852,5877.219812355816,754.7798789137697,8410.545214060372,6845.675672065364
patient_164,684.0,27.36,351.17175120780735,-6100.94782460987,4470.480375036224,671.8575110310327,1606.3621870145453,5904.094112797058,1086.587484704318,8295.190144763708,6889.1391714535375
patient_164,686.0,27.44,,,4470.480375036224,,,5904.094112797058,,,6889.1391714535375
patient_164,687.0,27.48,102.47789178406958,,4474.579490707587,125.61919877885674,,5909.118880748212,45.802235395594415,,6890.971260869361
patient_164,688.0,27.52,60.771486087707935,-1042.6601424090413,4477.010350151095,91.9503967790008,-841.7200499963986,5912.796896619372,11.748890166147147,-851.3336307361817,6891.441216476007
patient_164,689.0,27.56,80.60500858067913,495.8380623242798,4480.234550494322,73.10415464200788,-471.15605342482286,5915.721062805052,21.309834391270037,239.02360562807226,6892.293609851657
patient_164,690.0,27.6,16.869849245553173,-1593.3789833781489,4480.909344464145,26.92582664429817,-1154.4581999427428,5916.798095870824,28.002304532262606,167.3117535248142,6893.413702032948
patient_164,691.0,27.64,23.584388279591096,167.86347585094808,4481.852719995328,25.45932835424339,-36.662457251369496,5917.816469004993,22.590864250653684,-135.28600704022304,6894.317336602973
patient_164,692.0,27.68,10.499634761841058,-327.1188379437509,4482.272705385802,61.19510542443859,893.39442675488,5920.264273221971,28.582053479271877,149.77973071545483,6895.460618742144
patient_164,693.0,27.72,28.967684709138204,461.7012486824286,4483.431412774167,118.77807507046677,1439.5742411507047,5925.01539622479,15.607164538901372,-324.37222350926265,6896.084905323701
patient_164,694.0,27.76,48.595820555271224,490.7033961533255,4485.375245596379,115.40633499532606,-84.29350187851767,5929.631649624603,35.2495224347224,491.0589473955257,6897.4948862210895
patient_164,695.0,27.8,12.016622750243988,-914.4799451256808,4485.855910506388,212.7310183943802,2433.117084976353,5938.140890360378,76.13812368638324,1022.215031291521,6900.540411168546
patient_164,696.0,27.84,27.39491046540528,384.45719287903233,4486.951706925004,43.045771503727146,-4242.131172266326,5939.862721220527,22.010333652928196,-1353.194750836376,6901.420824514662
patient_164,697.0,27.88,18.409105878097897,-224.6451146826846,4487.688071160129,56.09675726294553,326.27464398045964,5942.106591511045,41.16153974190215,478.7801522243489,6903.067286104339
patient_164,698.0,27.92,23.708240214757833,132.4783584164984,4488.636400768719,52.65113984296313,-86.14043549955994,5944.212637104763,31.095744932210867,-251.64487024228217,6904.311115901627
patient_164,699.0,27.96,48.48030117581175,619.301524026348,4490.575612815751,63.20880609718565,263.94165635556294,5946.740989348651,43.41690697979863,308.02905118969414,6906.04779218082
patient_164,700.0,28.0,28.9853070123048,-487.3748540876738,4491.735025096244,82.16824082684369,473.9858682414509,5950.027718981724,76.19876378013056,819.5464200082982,6909.0957427320245
patient_164,701.0,28.04,39.6863584990641,267.52628716898244,4493.322479436206,54.15288881674071,-700.3838002525744,5952.193834534394,20.461439255372607,-1393.4331131189488,6909.914200302239
patient_164,702.0,28.08,40.94518481184613,31.47065781955085,4494.96028682868,11.253737005657403,-1072.4787952770828,5952.643984014621,13.168008585045099,-182.3357667581877,6910.440920645641
patient_164,703.0,28.12,41.16308739887684,5.44756467576768,4496.606810324635,68.36694958824623,1427.8303145647208,5955.378661998151,37.33934411341045,604.2833882091337,6911.934494410179
patient_164,704.0,28.16,52.41558124509004,281.31234615533,4498.703433574438,11.77208693983558,-1414.871566210266,5955.849545475744,129.23211388275496,2297.3192442336126,6917.103778965488
patient_164,705.0,28.2,45.97210606208032,-161.08687957524293,4500.542317816922,51.17520549099566,985.077963779002,5957.896553695384,42.87802697680755,-2158.852172648685,6918.81890004456
patient_164,706.0,28.24,69.32202994437476,583.7480970573611,4503.315199014697,41.882460062762554,-232.3186357058276,5959.571852097894,11.30631196627022,-789.2928752634331,6919.271152523212
patient_164,707.0,28.28,42.51615352929606,-670.1469103769675,4505.015845155869,28.554694135877547,-333.1941481721252,5960.714039863329,35.45972963851754,603.8354418061829,6920.689541708752
patient_164,708.0,28.32,43.81818116691615,32.550690940502136,4506.768572402546,23.708093763709513,-121.16500930420085,5961.6623636138775,80.96033935511414,1137.5152429149152,6923.927955282956
patient_164,709.0,28.36,12.576356010007656,-781.0456289227122,4507.271626642946,19.276063277218874,-110.80076216226598,5962.433406144966,24.31924328244611,-1416.0274018167008,6924.900725014254
patient_164,710.0,28.4,17.212460570682417,115.90261401686904,4507.960125065773,78.86709295686333,1489.7757419911113,5965.588089863241,36.37417046637183,301.373179598143,6926.3556918329095
patient_164,711.0,28.44,77.9907469088756,1519.4571584548294,4511.079754942129,26.299943108532922,-1314.1787462082602,5966.640087587582,36.30497919196923,-1.7297818600649606,6927.807891000589
patient_164,712.0,28.48,9.743865634568143,-1706.1720318576863,4511.469509567511,19.179238846171113,-178.01760655904522,5967.407257141429,30.13122385073141,-154.34388353094556,6929.013139954618
patient_164,713.0,28.52,30.147769878098508,510.09760608825906,4512.675420362634,15.62166311278915,-88.93939333454908,5968.03212366594,6.929160587264677,-580.0515815866684,6929.290306378109
patient_164,714.0,28.56,21.43727809675923,-217.76229453348196,4513.532911486504,13.970740820764037,-41.273057300627826,5968.590953298771,5.642656889706461,-32.16259243895541,6929.516012653697
patient_164,715.0,28.6,30.981102874246034,238.59561943717011,4514.772155601474,31.970696997646947,449.99890442207277,5969.869781178677,17.591031577591654,298.7093671971298,6930.2196539168
patient_164,716.0,28.64,8.470431933349374,-562.7667735224165,4515.110972878809,27.103141365941,-121.68889079264869,5970.953906833315,14.192215617265035,-84.97039900816547,6930.78734254149
patient_164,717.0,28.68,18.296054652432968,245.64056797708983,4515.842815064905,15.335807802747379,-294.1833390798405,5971.567339145425,43.08828347292014,722.4016963913776,6932.510873880407
patient_164,718.0,28.72,31.40879043176724,327.8183944833568,4517.0991666821765,26.098734634215575,269.0731707867049,5972.611288530794,77.67242095664291,864.6034370930693,6935.617770718673
patient_164,719.0,28.76,12.944898432084962,-461.59729999205695,4517.61696261946,42.859112111278364,419.0094369265697,5974.325653015245,24.66792670742878,-1325.1123562303533,6936.604487786969
patient_164,720.0,28.8,49.57859356380162,915.8423782929165,4519.6001063620115,33.49755755779899,-234.03886383698432,5975.665555317557,61.03382655317523,909.1474961436613,6939.045840849097
patient_164,721.0,28.84,28.07597799759799,-537.5653891550907,4520.723145481916,45.72931011689557,305.7938139774144,5977.494727722233,48.90571914021166,-303.2026853240893,6941.002069614706
patient_164,722.0,28.88,2.5897016300955364,-637.1569091875614,4520.82673354712,3.5128637775887843,-1055.4111584826696,5977.635242273336,31.03855447069795,-446.6791167378427,6942.243611793533
patient_164,723.0,28.92,33.14326612185697,763.8391122940358,4522.152464191994,42.33865891842299,970.6448785208553,5979.328788630073,31.94089031096159,22.558396006590975,6943.521247405972
patient_164,724.0,28.96,29.110924964187824,-100.80852894172861,4523.316901190561,11.586415497612215,-768.8060855202694,5979.792245249978,23.410516844146816,-213.25933667036932,6944.457668079738
patient_164,725.0,29.0,80.10160870271265,1274.7670934631208,4526.52096553867,49.641496140178766,951.3770160641637,5981.777905095585,25.94071950208835,63.25506644853833,6945.495296859822
patient_164,726.0,29.04,5.108566410216112,-1874.8260573124135,4526.7253081950785,32.04037857933981,-440.0279390209739,5983.059520238759,18.718778154565427,-180.54853368807304,6946.244047986005
patient_164,727.0,29.08,7.684640440563754,64.40185075869105,4527.032693812701,38.88366339387141,171.08212036329002,5984.614866774514,30.494286830964494,294.3877169099767,6947.4638194592435
patient_164,728.0,29.12,23.600807074748932,397.90416585462947,4527.9767260956905,11.378376583721781,-687.6321702537407,5985.070001837863,12.170311215678995,-458.09939038213747,6947.950631907871
patient_164,729.0,29.16,26.916592142264285,82.89462668788383,4529.053389781382,17.160573440929344,144.55492143018907,5985.7564247755,34.616031104009025,561.1429972082508,6949.335273152031
patient_164,730.0,29.2,20.396022411188454,-163.01424327689577,4529.869230677829,8.323450361693835,-220.9280769808877,5986.089362789968,19.91448838248013,-367.53856803822237,6950.131852687331
patient_164,731.0,29.24,40.065102598312315,491.72700467809653,4531.471834781762,6.218603568407199,-52.62116983216589,5986.338106932704,54.817322692226895,872.5708577436692,6952.32454559502
patient_164,732.0,29.28,85.8420893645504,1144.4246691559522,4534.905518356344,38.096303267472365,796.9424924766291,5987.8619590634025,32.33873785587483,-561.9646209088015,6953.618095109255
patient_164,733.0,29.32,15.044240849600678,-1769.946212873743,4535.507287990328,20.852468638637127,-431.09586572088097,5988.696057808947,11.836157636244433,-512.56450549076,6954.091541414705
patient_164,734.0,29.36,28.586018980251975,338.5444532662824,4536.650728749538,33.710582801330645,321.45285406733797,5990.044481121001,14.242317410505493,60.15399435652648,6954.661234111125
patient_164,735.0,29.4,21.536541280287462,-176.2369424991128,4537.51219040075,26.794201309323697,-172.90953730017372,5991.116249173374,24.52969660829264,257.1844799446786,6955.642421975456
patient_164,736.0,29.44,19.326733522192654,-55.2451939523702,4538.285259741638,36.53797134137379,243.59425080125234,5992.577768027029,30.38407088189864,146.35935684015004,6956.8577848107325
patient_164,737.0,29.48,20.343239302200555,25.412644500197512,4539.098989313725,12.219010014908493,-607.9740331616325,5993.066528427626,16.721351489873065,-341.5679848006394,6957.526638870327
patient_164,738.0,29.52,18.225584825018835,-52.94136192954299,4539.8280127067255,17.619991390970387,135.02453440154736,5993.771328083264,13.467920593764783,-81.33577240270706,6958.065355694078
patient_164,739.0,29.56,30.62679121899839,310.03015984948894,4541.053084355485,21.279499041857864,91.48769127218692,5994.622508044938,6.362697401357277,-177.63057981018764,6958.319863590132
patient_164,740.0,29.6,15.540401943750034,-377.1597318812089,4541.674700433236,6.90475989657857,-359.3684786319824,5994.8986984408,5.684039658031725,-16.96644358313879,6958.547225176452
patient_164,741.0,29.64,9.29863643673078,-156.04413767548135,4542.046645890705,9.538172596619193,65.83531750101557,5995.280225344666,22.57575285386651,422.29282989586966,6959.450255290606
patient_164,742.0,29.68,22.901259790269343,340.0655838384641,4542.962696282316,47.022810778129546,937.1159545377589,5997.161137775792,7.460588290546578,-377.87911408299834,6959.748678822229
patient_164,743.0,29.72,25.946805465272803,76.1386418750865,4544.000568500926,44.39718471305624,-65.64065162683264,5998.937025164313,43.94776047543872,912.1793046223037,6961.506589241247
patient_164,744.0,29.76,38.26880517805928,308.04999281966195,4545.531320708049,50.256722156084656,146.48843607571038,6000.947294050557,27.120725430107836,-420.6758761332721,6962.591418258451
patient_164,745.0,29.8,34.11201311586361,-103.91980155489176,4546.895801232684,26.530138281822186,-593.1645968565617,6002.008499581829,33.35688785175957,155.90406054129343,6963.925693772521
patient_164,746.0,29.84,14.168726698082883,-498.58216044451814,4547.462550300607,94.47152963444938,1698.53478381568,6005.787360767206,48.981585354737604,390.6174375744508,6965.884957186711
patient_164,747.0,29.88,48.86738675077196,867.466501317227,4549.417245770638,41.83654927467311,-1315.8745089944068,6007.460822738194,10.342750062511465,-965.9708823056535,6966.298667189212
patient_164,748.0,29.92,64.62942846855094,394.05104294447443,4552.002422909381,75.42483785987903,839.7072146301481,6010.477816252588,67.91550301379797,1439.3188237821628,6969.015287309764
patient_164,749.0,29.96,97.75376590029832,828.1084357936844,4555.912573545393,39.15284861468302,-906.7997311299002,6012.0439301971755,108.27356970508454,1008.9516672821642,6973.346230097967
patient_164,750.0,30.0,53.690696319945,-1101.576739508833,4558.06020139819,130.69736567053383,2288.6129263962703,6017.271824823996,40.20182326258733,-1701.7936610624304,6974.95430302847
patient_164,751.0,30.04,16.943371737982712,-918.6831145490572,4558.737936267709,87.53206581202272,-1079.1324964627777,6020.773107456477,175.79251550737737,3389.767306119751,6981.986003648765
patient_164,752.0,30.08,49.54296196963147,814.9897557912191,4560.7196547464955,121.98338490690564,861.282977372073,6025.652442852754,713.1906387807389,13434.953081834039,7010.513629199995
patient_164,753.0,30.12,92.07587756262315,1063.322889824792,4564.402689849,189.89268672482893,1697.7325454480824,6033.248150321747,369.96351945294344,-8580.677983194888,7025.312169978113
patient_164,754.0,30.16,147.2105649871493,1378.3671856131537,4570.291112448485,161.13903623849004,-718.8412621584724,6039.693711771286,281.0984997853376,-2221.625491690146,7036.556109969528
patient_164,755.0,30.2,63.977661829473554,-2080.8225789418934,4572.850218921664,343.50355564179216,4559.112985082553,6053.4338539969585,265.3757985280413,-393.0675314324077,7047.17114191065
patient_164,756.0,30.24,80.88715001519518,422.7372046430405,4576.085704922272,329.9217923539602,-339.54408219579904,6066.630725691117,219.01610782095062,-1158.9922676772667,7055.931786223488
patient_164,757.0,30.28,107.64663299874589,668.9870745887678,4580.391570242223,282.9958231057532,-1173.1492312051755,6077.950558615346,310.0694811810969,2276.3343340036563,7068.334565470732
patient_164,758.0,30.32,106.99084466816252,-16.394708264584068,4584.671204028949,243.1385948349629,-996.4307067697569,6087.676102408745,133.04875563812362,-4425.518138574332,7073.656515696257
patient_164,759.0,30.36,75.86820912331135,-778.0658886212794,4587.705932393881,176.05721433512076,-1677.0345124960536,6094.71839098215,211.9057949538422,1971.4259828929642,7082.132747494411
