patient,frame,time_s,wrist_speed_mm_s,wrist_accel_mm_s2,wrist_path_mm,thumb_tip_speed_mm_s,thumb_tip_accel_mm_s2,thumb_tip_path_mm,index_finger_tip_speed_mm_s,index_finger_tip_accel_mm_s2,index_finger_tip_path_mm
patient_033,0.0,0.0,,,0.0,,,0.0,,,0.0
patient_033,1.0,0.04,58.4955736144318,,2.339822944577272,67.74968492630761,,2.7099873970523043,92.83308319773495,,3.7133233279093982
patient_033,2.0,0.08,41.64474885387477,-421.2706190139256,4.005612898732263,28.200914586125666,-988.7192585045486,3.838023980497331,22.360689736374987,-1761.8098365339988,4.607750917364398
patient_033,3.0,0.12,43.636652965146716,49.79760278179857,5.751079017338132,57.47773338570241,731.9204699894185,6.1371333159254275,37.06042454208171,367.49337014266814,6.090167899047666
patient_033,4.0,0.16,10.817493720212301,-820.4789811233603,6.183778766146624,5.6103781355281965,-1296.6838812543554,6.361548441346556,35.72735549710245,-33.32672612448153,7.519262118931764
patient_033,5.0,0.2,30.199199583122315,484.54264657275036,7.391746749471516,33.293649448316394,692.0817828197049,7.693294419279211,49.618380218698356,347.2756180398976,9.503997327679699
patient_033,6.0,0.24,10.761904238206947,-485.93238362288423,7.822222918999794,19.557976134255508,-343.39183285152217,8.475613464649433,33.69318075735371,-398.12998653361615,10.851724557973846
patient_033,7.0,0.28,23.195407583905933,310.83758364247467,8.750039222356031,39.90562851888451,508.6913096157251,10.071838605404812,19.441326986933515,-356.29634426050484,11.629377637451187
patient_033,8.0,0.32,11.516236627956083,-291.97927389874627,9.210688687474274,44.63305610318798,118.18568960758675,11.857160849532331,38.51781695628243,476.9122492337229,13.170090315702485
patient_033,9.0,0.36,27.231354590380327,392.8779490606061,10.299942871089488,5.428747040475407,-980.1077265678143,12.074310731151348,32.74183347602689,-144.39958700638851,14.47976365474356
patient_033,10.0,0.4,33.72078142875046,162.2356709592534,11.648774128239506,21.564651141349895,403.3976025218622,12.936896776805343,52.896541798131246,503.86770805260886,16.59562532666881
patient_033,11.0,0.44,43.319313792761946,239.96330910028706,13.381546679949984,26.765353520790725,130.01755948602076,14.00751091763697,62.8602828621787,249.09352660118634,19.110036641155958
patient_033,12.0,0.48,2.7488286862826006,-1014.2621276619836,13.491499827401288,73.89243027688562,1178.1769189023723,16.963208128712395,178.3472594244477,2887.1744140567253,26.243927018133864
patient_033,13.0,0.52,10.153815305893106,185.12466549026266,13.89765243963701,34.041280711189806,-996.2787391423954,18.324859357159987,25.062475941334036,-3832.119587077842,27.246426055787225
patient_033,14.0,0.56,37.28542228014236,678.2901743562314,15.389069330842705,36.97285591342063,73.28938005577061,19.803773593696814,76.71025303782193,1291.1944274121972,30.314836177300105
patient_033,15.0,0.6,17.180292897909926,-502.62823455581093,16.076281046759103,33.937518708404504,-75.88343012540318,21.161274342032993,20.359857716882075,-1408.7598830234963,31.129230485975384
patient_033,16.0,0.64,13.75550292659445,-85.61974928288687,16.62650116382288,45.8068304389664,296.7327932640474,22.993547559591647,25.92806503168309,139.20518287002537,32.16635308724271
patient_033,17.0,0.68,25.629125479688604,296.84056382735383,17.651666183010423,19.85819294169786,-648.7159374317134,23.787875277259563,49.50368211918789,589.39042718762,34.14650037201023
patient_033,18.0,0.72,17.369376609259305,-206.49372176073246,18.346441247380795,19.086288640766153,-19.297607523292726,24.55132682289021,73.05468898024037,588.775171526312,37.06868793121984
patient_033,19.0,0.76,13.70411347141624,-91.63157844607662,18.894605786237445,9.275706359928158,-245.26455702094987,24.922355077287335,12.426279850613808,-1515.710228240664,37.56573912524439
patient_033,20.0,0.8,7.5905561854758,-152.83893214851102,19.198228033656477,27.829340747323254,463.8408596848774,26.035528707180266,101.30728125188476,2222.0250350317738,41.61803037531978
patient_033,21.0,0.84,16.161517646724267,214.27403653121164,19.84468873952545,20.13734679139827,-192.29984889812465,26.841022578836196,6.6754311894549545,-2365.796251560745,41.885047622897986
patient_033,22.0,0.88,17.508574627482542,33.67642451895687,20.54503172462475,23.966963630837043,95.74042098596935,27.799701124069678,10.763838531679538,102.21018355561458,42.315601164165166
patient_033,23.0,0.92,21.15230344089331,91.0932203352692,21.391123862260482,20.080186022704055,-97.1694402033247,28.60290856497784,46.730099888877625,899.1565339299522,44.18480515972027
patient_033,24.0,0.96,12.03042145726122,-228.04704959080223,21.872340720550934,34.07421920642706,349.8508295930751,29.965877333234925,9.908926232529236,-920.5293414087098,44.58116220902144
patient_033,25.0,1.0,8.351067703250658,-91.98384385026404,22.20638342868096,29.762164015704847,-107.80137976805531,31.156363893863116,42.26061390900366,808.7921919118606,46.27158676538159
patient_033,26.0,1.04,14.249146416414696,147.45196782910094,22.776349285337545,4.928240373910805,-620.8480910448511,31.35349350881955,65.43588370035732,579.3817447838416,48.88902211339589
patient_033,27.0,1.08,19.479407019955868,130.7565150885293,23.55552556613578,9.037481873496853,102.7310374896512,31.714992783759428,75.15965384377097,243.09425358534114,51.89540826714672
patient_033,28.0,1.12,5.393899008267164,-352.13770029221763,23.771281526466463,7.889328877192295,-28.703824907613964,32.03056593884712,32.64613769654007,-1062.8379036807723,53.201253775008325
patient_033,29.0,1.16,12.542610178556375,178.71777925723026,24.27298593360872,2.7712250869800523,-127.95259475530605,32.14141494232632,30.6743776439314,-49.29400131521682,54.42822888076558
patient_033,30.0,1.2,12.068738446156269,-11.846793310002646,24.755735471454972,18.325227499742027,388.85006031904936,32.874424042316,94.61200126532209,1598.4405905347674,58.212708931378465
patient_033,31.0,1.24,0.9071460722477017,-279.0398093477142,24.79202131434488,6.660691096412348,-291.613410083242,33.140851686172496,34.30909249252684,-1507.5727193198813,59.58507263107954
patient_033,32.0,1.28,8.424605866267536,187.93649485049585,25.12900554899558,3.8228190599613012,-70.94680091127617,33.29376444857095,5.202194313759788,-727.6724544691762,59.793160403629926
patient_033,33.0,1.32,9.076562441350216,16.298914377067007,25.49206804664959,12.596535382704753,219.3429080685863,33.797625863879134,47.187911569030724,1049.6429313817735,61.68067686639116
patient_033,34.0,1.36,4.93685053782213,-103.49279758820215,25.689542068162474,9.358423862590952,-80.95278800284503,34.171962818382774,6.333680086495888,-1021.3557870633709,61.93402406985099
patient_033,35.0,1.4,8.019832433491688,77.07454739173896,26.010335365502144,18.372675595101224,225.3562933127568,34.90686984218682,30.08475911190604,593.7769756352537,63.13741443432724
patient_033,36.0,1.44,28.698424482971788,516.9648012370026,27.15827234482101,17.393781730921933,-24.472346604482276,35.602621111423694,12.068037273142107,-450.4180459690983,63.620135925252924
patient_033,37.0,1.48,9.718383880286591,-474.5010150671299,27.547007700032477,21.443796894936405,101.25037910036178,36.460372987221156,38.79414483993761,668.1526891698876,65.17190171885044
patient_033,38.0,1.52,7.467095439737811,-56.282211013719504,27.84569151762199,19.420495240945616,-50.58254134976971,37.23719279685898,9.539698925659238,-731.3611478569593,65.5534896758768
patient_033,39.0,1.56,8.63836251415847,29.28167686051646,28.191226018188328,8.082071805082046,-283.46058589658924,37.56047566906226,20.161208743585615,265.5377454481594,66.35993802562022
patient_033,40.0,1.6,11.859091114135998,80.51821499943821,28.665589662753767,9.965282729157552,47.08027310188765,37.95908697822856,10.909026124985717,-231.30456546499744,66.79629907061965
patient_033,41.0,1.64,10.242001894209164,-40.42723049817085,29.075269738522135,9.803586680935162,-4.042401205559765,38.351230445465966,31.341003096114935,510.7994242782304,68.04993919446424
patient_033,42.0,1.68,11.75682627412085,37.870609497792174,29.545542789486966,38.908587427439215,727.6250186626013,39.90757394256354,35.06031175539165,92.98271648191792,69.45235166467992
patient_033,43.0,1.72,17.990850008060598,155.85059334849367,30.26517678980939,15.5896071039241,-582.9745080878778,40.5311582267205,11.181123838334853,-596.9796979264199,69.89959661821331
patient_033,44.0,1.76,10.324809194936616,-191.65102032809952,30.67816915760686,12.394123044116872,-79.8871014951807,41.026923148485174,5.956014283401443,-130.62773887333526,70.13783718954936
patient_033,45.0,1.8,16.349551251378276,150.6185514110415,31.33215120766199,29.878013307559314,437.097256586061,42.22204368078755,30.04883015244889,602.3203967261861,71.33979039564733
patient_033,46.0,1.84,16.45460142590087,2.626254363064806,31.990335264698025,20.479530950289366,-234.96205893174871,43.041224918799124,6.890878907470421,-578.9487811244618,71.61542555194613
patient_033,47.0,1.88,9.444270661423214,-175.25826911194136,32.36810609115495,43.07892760812541,564.9849164459011,44.76438202312414,13.158539781343062,156.69152184681602,72.14176714319986
patient_033,48.0,1.92,8.246787096715543,-29.937089117691773,32.69797757502357,55.161885645938604,302.0739509453298,46.97085744896169,74.30102573273231,1528.562148784731,75.11380817250915
patient_033,49.0,1.96,14.832396183139782,164.64022716060595,33.291273422349164,11.875317501581298,-1082.1642036089327,47.44587014902494,50.88099264501949,-585.5008271928206,77.14904787830993
patient_033,50.0,2.0,20.775138210607864,148.56855068670205,34.12227895077348,10.101754264705116,-44.339080921904554,47.84994031961314,12.467293169854718,-960.3424868791192,77.64773960510412
patient_033,51.0,2.04,13.979402809695655,-169.89338502280523,34.68145506316131,7.7924065833495595,-57.733692033888914,48.161636582947125,36.76479192154495,607.4374687922557,79.11833128196591
patient_033,52.0,2.08,15.350197734230312,34.26987311336642,35.295462972530515,13.785249363031587,149.8210694920507,48.71304655746839,46.38873855218546,240.59866576601277,80.97388082405332
patient_033,53.0,2.12,23.645091249717492,207.3723378871795,36.24126662251921,21.56085579548547,194.39016081134704,49.5754807892878,22.92346733812737,-586.6317803514522,81.89081951757844
patient_033,54.0,2.16,10.966578630070234,-316.96281549118146,36.67992976772202,23.328417236821455,44.18903603339963,50.50861747876066,22.440017374907374,-12.086249080499911,82.78842021257474
patient_033,55.0,2.2,9.203501980820501,-44.076916231243324,37.048069846954846,11.141217778061375,-304.679986469002,50.95426618988312,27.50407423910486,126.60142160493714,83.88858318213892
patient_033,56.0,2.24,10.368293225987188,29.119781129167155,37.462801575994334,32.58281275394448,536.0398743970777,52.257578700040895,27.907140175287637,10.076648404569433,85.00486878915042
patient_033,57.0,2.28,4.985473303210262,-134.57049806942314,37.66222050812274,11.83002776378321,-518.8196247540318,52.730779810592225,30.35162544378942,61.11213171254457,86.218933806902
patient_033,58.0,2.32,5.7180811844350385,18.315197030619412,37.890943755500146,10.650156893715726,-29.4967717516871,53.15678608634085,41.60791753461056,281.4073022705284,87.88325050828642
patient_033,59.0,2.36,15.475382931742388,243.9325436826837,38.50995907276984,13.745675542759917,77.38796622610478,53.70661310805125,16.584073011729195,-625.5961130720341,88.54661342875559
patient_033,60.0,2.4,8.922916741305674,-163.81165476091786,38.86687574242207,13.912016625227514,4.1585270616899095,54.263093773060355,46.737096679459384,753.8255916932548,90.41609729593397
patient_033,61.0,2.44,26.15983182858514,430.9228771819867,39.913269015565476,10.498898568670958,-85.3279514139139,54.68304971580719,48.92287589947801,54.6444805004656,92.37301233191309
patient_033,62.0,2.48,21.860416294495554,-107.48538835223967,40.78768566734529,31.903481975443935,535.1145851693244,55.959188994824956,18.83446348910787,-752.2103102592534,93.1263908714774
patient_033,63.0,2.52,6.86825258148345,-374.80409282530263,41.06241577060463,28.591457529652068,-82.80061114479666,57.102847296011035,10.2701623776898,-214.1075277854517,93.53719736658499
patient_033,64.0,2.56,8.41354273599945,38.63225386289999,41.39895748004461,19.64714504924651,-223.60781201013893,57.8887330979809,30.681469514225387,510.2826784133897,94.764456147154
patient_033,65.0,2.6,8.02781070630271,-9.643300742418504,41.72006990829672,20.35810918922268,17.774103499404248,58.7030574655498,25.793972903004555,-122.18741528052081,95.79621506327418
patient_033,66.0,2.64,6.565705251893004,-36.552636360242644,41.98269811837244,23.181901076424946,70.59479718005663,59.6303335086068,12.0114479528864,-344.56312375295386,96.27667298138964
patient_033,67.0,2.68,6.804467436589491,5.969054617412173,42.25487681583601,4.407283716431165,-469.3654339998446,59.80662485726405,27.987479176045195,399.4007805789699,97.39617214843145
patient_033,68.0,2.72,15.84235254158076,225.94712762478176,42.888570917499244,0.8500819990115916,-88.93004293548933,59.84062813722451,12.105308509798709,-397.05426665616216,97.8803844888234
patient_033,69.0,2.76,14.645760061413146,-29.914812004190374,43.47440131995577,8.322770772325509,186.8172193328479,60.17353896811753,6.001968061259099,-152.58351121349025,98.12046321127376
patient_033,70.0,2.8,5.153181520074324,-237.31446353347056,43.68052858075874,14.575187253986224,156.31041204151788,60.756546458276986,26.73628078525438,518.357818099882,99.18991444268393
patient_033,71.0,2.84,9.922683741421322,119.23755553367495,44.07743593041559,24.969803358340368,259.8654026088536,61.755338592610606,15.114893726514557,-290.53467646849555,99.79451019174452
patient_033,72.0,2.88,13.616970996360225,92.35718137347257,44.62211477026999,25.21338786367336,6.089612633324837,62.76387410715754,4.929097246967678,-254.644911988672,99.99167408162322
patient_033,73.0,2.92,13.422435355251674,-4.8633910277137815,45.15901218448006,17.339176404532957,-196.85528647851012,63.45744116333886,12.870581244515533,198.53709993869637,100.50649733140385
patient_033,74.0,2.96,7.994608380575545,-135.6956743669032,45.47879651970308,14.31754746301462,-75.54072353795843,64.03014306185945,19.8169599482703,173.65946759386915,101.29917572933465
patient_033,75.0,3.0,9.477111699930058,37.062582983862825,45.857880987700284,17.900923621450893,89.58440396090683,64.74618000671748,12.138855670904347,-191.9526069341488,101.78472995617084
patient_033,76.0,3.04,9.71315269749054,5.901024939012078,46.246407095599906,25.347359294597556,186.16089182866656,65.76007437850137,11.964392628134604,-4.361576069243567,102.26330566129622
patient_033,77.0,3.08,3.127114932938754,-164.65094411379465,46.37149169291746,21.92602253481179,-85.53341899464417,66.63711527989385,13.256782870360727,32.30975605565307,102.79357697611066
patient_033,78.0,3.12,7.495115966968093,109.20002585073347,46.67129633159619,9.774317930795492,-303.79261510040743,67.02808799712567,28.80602515166739,388.7310570326666,103.94581798217735
patient_033,79.0,3.16,5.837389700803602,-41.443156654112286,46.90479191962833,3.3642571988295797,-160.25151829914782,67.16265828507885,6.175458844215368,-565.7641576863006,104.19283633594596
patient_033,80.0,3.2,3.109276248585084,-68.20283630546294,47.029162969571736,7.451935043386579,102.19194611392498,67.46073568681432,3.5661111471850035,-65.2336924257591,104.33548078183335
patient_033,81.0,3.24,4.202888249902764,27.340300032942,47.197278499567844,17.44120938656147,249.73185857937227,68.15838406227677,15.735763180179962,304.241300824874,104.96491130904056
patient_033,82.0,3.28,2.316562850639068,-47.158134981592404,47.289941013593406,21.958276644772358,112.92668145527216,69.03671512806767,21.32396192023607,139.70496850140267,105.81786978585
patient_033,83.0,3.32,5.467101411456118,78.76346402042624,47.50862507005165,6.551263873520118,-385.17531928130603,69.29876568300848,6.3962853864965465,-373.19191334348807,106.07372120130985
patient_033,84.0,3.36,11.836592094002993,159.2372670636719,47.982088753811766,38.61136469668401,801.5025205790971,70.84322027087583,28.49900904306011,552.568091414089,107.21368156303225
patient_033,85.0,3.4,21.90256541988065,251.6493331469414,48.85819137060699,9.726436474198595,-722.1232055621354,71.23227772984379,7.497138176078256,-525.0467716745463,107.5135670900754
patient_033,86.0,3.44,12.818056192209141,-227.11273069178768,49.370913618295354,13.994581024212092,106.70361375033744,71.79206097081226,8.900279440575334,35.07853161242696,107.86957826769842
patient_033,87.0,3.48,14.408386466698467,39.75825686223313,49.94724907696329,34.19876626825968,505.10463110118974,73.16001162154265,25.399806649992026,412.48818023541725,108.8855705336981
patient_033,88.0,3.52,7.307397430822015,-177.5247258969113,50.23954497419617,3.261006406922949,-773.4439965334184,73.29045187781956,28.453536855652857,76.34325514152076,110.02371200792422
patient_033,89.0,3.56,1.8901064995758967,-135.43227328115296,50.31514923417921,2.392326874461862,-21.716988311527174,73.38614495279803,8.388561228209026,-501.6243906860957,110.35925445705257
patient_033,90.0,3.6,4.992901035248885,77.56986339182473,50.514865275589166,2.6909788828510797,7.466300209730436,73.49378410811208,6.182457227312392,-55.15260002241584,110.60655274614506
patient_033,91.0,3.64,12.35000798724041,183.92767379978812,51.00886559507878,12.367402896939861,241.91060035221952,73.98848022398968,13.638598810992061,186.40353959199172,111.15209669858474
patient_033,92.0,3.68,15.633434498365348,82.08566277812346,51.634202975013395,26.171962224229116,345.1139831822314,75.03535871295885,45.34475904223294,792.6540057810219,112.96588706027406
patient_033,93.0,3.72,7.39415363465582,-205.9820215927382,51.929969120399626,23.47639094510042,-67.38928197821741,75.97441435076286,51.84443484596617,162.4918950933308,115.0396644541127
patient_033,94.0,3.76,7.8696436188403185,11.887249604612471,52.24475486515325,13.21630730187302,-256.502091080685,76.50306664283778,39.72372910501793,-303.01764352370594,116.62861361831341
patient_033,95.0,3.8,12.315756252543911,111.15281584258983,52.737385115255,19.037866601342017,145.53898248672493,77.26458130689147,8.536342295351329,-779.684670241665,116.97006731012748
patient_033,96.0,3.84,22.410026487662474,252.35675587796408,53.6337861747615,28.456470359954103,235.46509396530215,78.40284012128964,37.928008604182075,734.7916577207686,118.48718765429476
patient_033,97.0,3.88,5.456043856002631,-423.8495657914961,53.85202792900161,44.02298723164951,389.16292179238513,80.16375961055562,9.869260900582542,-701.4686925899883,118.88195809031805
patient_033,98.0,3.92,1.803275323260255,-91.31921331855939,53.92415894193202,26.1698802803497,-446.3276737824952,81.2105548217696,82.3789799090585,1812.742975211899,122.1771172866804
patient_033,99.0,3.96,3.3413650229384575,38.45224249195506,54.05781354284955,35.82588554368431,241.40013158336515,82.64359024351697,36.871971060409784,-1137.675221216218,123.65199612909679
patient_033,100.0,4.0,4.9340207598325545,39.81639342235243,54.25517437324285,6.4033489447237395,-735.5634149740142,82.89972420130593,11.548242015420382,-633.0932261247351,124.1139258097136
patient_033,101.0,4.04,5.694792958872356,19.019304975995045,54.482966091597746,1.1704584188089115,-130.8222631478707,82.94654253805828,9.086816047953386,-61.53564918667489,124.47739845163174
patient_033,102.0,4.08,6.67032645892418,24.388337501295588,54.74977914995471,4.357642421009185,79.67960005500684,83.12084823489865,19.883780165921216,269.92410294919574,125.27274965826858
patient_033,103.0,4.12,4.202713061564798,-61.690334933984545,54.9178876724173,10.22079619056882,146.57884423899085,83.5296800825214,12.280280788006262,-190.08748444787383,125.76396088978883
patient_033,104.0,4.16,6.809986803004141,65.18184353598357,55.19028714453747,26.14379641116003,398.07500551478023,84.5754319389678,30.487047146063354,455.1691589514273,126.98344277563137
patient_033,105.0,4.2,14.426793960307972,190.42017893259577,55.76735890294979,24.449826858477966,-42.34923881705157,85.55342501330692,29.738945752413535,-18.702534841245466,128.1730006057279
patient_033,106.0,4.24,4.0218975510941,-260.1224102303468,55.92823480499355,19.935538952261968,-112.85719765539994,86.3508465713974,21.12225251373768,-215.41733096689634,129.01789070627743
patient_033,107.0,4.28,11.675628985532443,191.34328586095856,56.395259964414855,12.8118989966549,-178.0909988901767,86.86332253126358,34.10177275163181,324.4880059473533,130.3819616163427
patient_033,108.0,4.32,17.661740115603543,149.6527782517775,57.101729569039,30.475269869094966,441.58427181100166,88.08233332602738,23.327388678170518,-269.35960183653236,131.31505716346953
patient_033,109.0,4.36,4.889220675269841,-319.3129860083426,57.29729839604979,13.134421975666248,-433.5211973357179,88.60771020505403,66.6126460697113,1082.1314347885195,133.979563006258
patient_033,110.0,4.4,5.436783585751476,13.689072762040876,57.51476973947985,4.577193822719802,-213.93070382366116,88.79079795796282,21.842394300263766,-1119.2562942361885,134.85325877826853
patient_033,111.0,4.44,9.053391585118593,90.41519998417793,57.876905402884596,17.10738149775962,313.2546918759954,89.4750932178732,52.214400964096306,759.3001665958135,136.94183481683237
patient_033,112.0,4.48,15.37646374101584,158.07680389743118,58.49196395252523,12.669679278926845,-110.94255547081934,89.98188038903027,5.142079515018806,-1176.8080362269375,137.14751799743314
patient_033,113.0,4.52,13.79340770118347,-39.57640099580924,59.04370026057257,8.339249677503139,-108.26074003559265,90.3154503761304,33.63828286845322,712.4050838358603,138.49304931217125
patient_033,114.0,4.56,10.942945546200542,-71.2615538745732,59.48141808242059,15.481183702414606,178.5483506227867,90.93469772422696,11.608989476333315,-550.7323348029976,138.9574088912246
patient_033,115.0,4.6,9.350224329351535,-39.81803042122518,59.855427055594646,25.9238081027447,261.06561000825235,91.97165004833676,44.188134946901066,814.4786367641938,140.72493428910062
patient_033,116.0,4.64,9.100257363456034,-6.249174147387526,60.219437350132885,15.976772796007946,-248.67588266841886,92.61072096017708,24.927490280669772,-481.51611665578235,141.7220339003274
patient_033,117.0,4.68,4.9146469562385136,-104.64026018043802,60.41602322838243,14.450825430372847,-38.148684140877485,93.18875397739198,34.160971999505534,230.83704297089406,143.08847278030763
patient_033,118.0,4.72,10.148409879530636,130.84407308230305,60.82195962356365,13.409299925458082,-26.038137622869108,93.72512597441032,11.497393129537818,-566.5894717491929,143.54836850548912
patient_033,119.0,4.76,7.849130015431436,-57.48199660247999,61.13592482418091,14.638775351821211,30.73688565907822,94.31067698848315,18.283086567608876,169.64233595177646,144.27969196819348
patient_033,120.0,4.8,49.95294562550267,1052.5953902517808,63.13404264920102,26.89591485148407,306.42848749157145,95.38651358254252,235.57209411556016,5432.225188698782,153.7025757328159
patient_033,121.0,4.84,6.742268079874053,-1080.2669386407156,63.40373337239598,34.23010052048377,183.35464172499246,96.75571760336186,58.17052852730375,-4435.03913970641,156.029396873908
patient_033,122.0,4.88,240.04114818375805,5832.4720025971,73.0053792997463,283.7462665681844,6237.904151192516,108.10556826608925,90.37075287380178,805.0056086624506,159.6442269888601
patient_033,123.0,4.92,442.9314611667705,5072.25782457531,90.7226377464171,270.938130193879,-320.20340935763585,118.9430934738444,41.338480862533174,-1225.8068002817151,161.29776622336144
patient_033,124.0,4.96,564.0515008108188,3028.000991101207,113.28469777884986,708.9436677090365,10950.138437878939,147.30084018220586,957.947763055648,22915.23205482787,199.61567674558734
patient_033,125.0,5.0,434.4462790309592,-3240.130544496489,130.66254894008824,1355.6315378979348,16167.196754722458,201.52610169812323,1914.1076884078702,23903.998133805555,276.17998428190214
patient_033,126.0,5.04,258.05187665454235,-4409.860059410421,140.98462400626994,632.769752628964,-18071.544631724268,226.8368918032818,882.4758300681688,-25790.796458492536,311.4790174846289
patient_033,127.0,5.08,481.0160571429709,5574.104512210713,160.22526629198876,239.6538496345754,-9827.897574859717,236.4230457886648,243.41534587034494,-15976.512104945596,321.2156313194427
patient_033,128.0,5.12,304.6346292506952,-4409.535697306893,172.41065146201657,365.772625942326,3152.9694076937644,251.05395082635786,349.1784786258951,2644.0783188887535,335.18277046447855
patient_033,129.0,5.16,147.58544136614825,-3926.2296971136734,178.3140691166625,60.07873209656432,-7642.347346144041,253.45710011022047,73.63429489867448,-6888.604593180515,338.12814226042553
patient_033,130.0,5.2,158.72774869204724,278.5576831474749,184.6631790643444,125.98071686790252,1647.5496192834548,258.49632878493657,134.07936700184945,1511.126802579374,343.49131694049953
patient_033,131.0,5.24,303.49160427518603,3619.09638957847,196.80284323535182,75.0551960473197,-1273.1380205145704,261.4985366268293,156.03513460732304,548.8941901368399,349.73272232479246
patient_033,132.0,5.28,17.75468764629362,-7143.42291572231,197.51303074120358,53.847189812847155,-530.2001558618135,263.65242421934323,74.29259470272493,-2043.563497614953,352.7044261129015
patient_033,133.0,5.32,152.01745709084352,3356.569236113748,203.59372902483733,75.32896202903117,537.0443054046004,266.6655827005045,271.10684629783253,4920.35628987769,363.54869996481483
patient_033,134.0,5.36,49.352285879130285,-2566.629280292831,205.56782046000254,61.09780191661334,-355.77900281044583,269.109494777169,109.00752443156821,-4052.483046656608,367.90900094207757
patient_033,135.0,5.4,36.33601855135801,-325.4066831943069,207.02126120205688,51.76939990885127,-233.2100501940518,271.1802707735231,130.44310497492762,535.8895135839851,373.12672514107464
patient_033,136.0,5.44,168.84608569119743,3312.7516784959853,213.77510462970477,170.9239069910116,2978.862677054008,278.01722705316354,227.20686013457433,2419.0938789911675,382.21499954645765
patient_033,137.0,5.48,183.61686642021252,369.26951822537717,221.11977928651325,240.57871041531914,1741.3700856076887,287.6403754697763,480.48404409245745,6331.929598947078,401.43436131015596
patient_033,138.0,5.52,274.07292772783904,2261.4015326906633,232.0826963956268,534.2721897747122,7342.336983984825,309.0112630607648,451.44817341796283,-725.8967668623654,419.49228824687447
patient_033,139.0,5.56,359.79051322636474,2142.9396374631424,246.4743169246814,647.2747709323819,2825.0645289417434,334.90225389806005,645.0401413872543,4839.799199232286,445.29389390236463
patient_033,140.0,5.6,440.9634206515284,2029.3226856290914,264.11285375074254,970.6194886919907,8083.61794399022,373.7270334457397,773.6805571468744,3216.0103939905043,476.24111618823963
patient_033,141.0,5.64,490.8990711726618,1248.3912630283357,283.748816597649,440.8823622005324,-13243.428162286458,391.36232793376104,460.7614365311708,-7822.978015392591,494.67157364948645
patient_033,142.0,5.68,438.0767122623602,-1320.55897275754,301.27188508814345,478.3696547358838,937.182313383785,410.49711412319635,510.578052847792,1245.41540791553,515.0946957633981
patient_033,143.0,5.72,315.48593221530416,-3064.7695011764013,313.8913223767556,176.39604334413843,-7549.340284793634,417.55295585696194,304.53887266301695,-5150.979504619376,527.2762506699188
patient_033,144.0,5.76,216.14280368405306,-2483.5782132812774,322.53703452411776,246.6331864166646,1755.9285768131545,427.4182833136285,79.47868386367735,-5626.50471998349,530.4553980244659
patient_033,145.0,5.8,147.01267494391158,-1728.2532185035373,328.4175415218742,263.1860162353464,413.820745467045,437.9457239630423,90.43934442455988,274.01651402206323,534.0729718014483
patient_033,146.0,5.84,101.71636518369641,-1132.407744005379,332.4861961292221,121.60877138584183,-3539.4311212376147,442.810074818476,88.94203646201058,-37.4326990637325,537.6306532599287
patient_033,147.0,5.88,86.05185376514943,-391.61278546367447,335.92827027982804,127.21588436168906,140.17782439618074,447.89871019294355,87.2230765513844,-42.97399776565456,541.1195763219841
patient_033,148.0,5.92,59.722954467865094,-658.2224824321084,338.31718845854266,61.60921015895323,-1640.1668550683958,450.3630785993017,29.703203277043993,-1437.99683185851,542.3077044530659
patient_033,149.0,5.96,40.33513910866832,-484.6953839799193,339.9305940228894,42.31477413310749,-482.36090064614353,452.05566956462593,30.73831766541174,25.87785970919363,543.5372371596824
patient_033,150.0,6.0,71.04813519951014,767.8249022710455,342.7725194308698,90.39058934429865,1201.895380279779,455.6712931383979,49.43117961562144,467.3215487552425,545.5144843443072
patient_033,151.0,6.04,36.121404886749914,-873.1682578190057,344.2173756263398,93.35962774877369,74.22596011187608,459.40567824834886,42.02594125814876,-185.1309589368169,547.1955219946332
patient_033,152.0,6.08,22.192650934905203,-348.2188487961178,345.105081663736,37.181319050029096,-1404.4577174686149,460.89293101035,21.44755292411739,-514.4597083507844,548.0534241115979
patient_033,153.0,6.12,24.53256452474069,58.49783974588716,346.08638424472565,29.65038393063975,-188.2733779847336,462.0789463675756,26.39631895888902,123.71915086929076,549.1092768699534
patient_033,154.0,6.16,119.78708637298361,2381.363046206073,350.877867699645,60.29810885608932,766.1931231362393,464.49087072181925,209.18626400004476,4569.748626028893,557.4767274299552
patient_033,155.0,6.2,217.6627273459656,2446.89102432455,359.5843767934836,9.82861881262237,-1261.7372510866737,464.8840154743241,654.2874582486083,11127.52985621409,583.6482257598996
patient_033,156.0,6.24,545.6663073238838,8200.089499447953,381.41102908643893,457.9139853337662,11202.134163028595,483.20057488767475,308.43124397682783,-8646.405356794512,595.9854755189726
patient_033,157.0,6.28,527.0587452087381,-465.1890528786424,402.49337889478846,309.05505875197423,-3721.4731645447996,495.56277723775366,584.0051035523819,6889.346489388852,619.3456796610678
patient_033,158.0,6.32,767.0313487780561,5999.315089232951,433.17463284591076,719.9402345109976,10272.129393975583,524.3603866181936,1744.336626791813,29008.288080985778,689.1191447327404
patient_033,159.0,6.36,683.6153818445426,-2085.3991733378366,460.5192481196924,967.4912482183139,6188.775342682908,563.0600365469261,954.57689085401,-19743.993398445073,727.3022203669008
patient_033,160.0,6.4,474.7477606574697,-5221.690529676824,479.5091585459912,772.0397861674235,-4886.286551272261,593.941627993623,636.0421548739869,-7963.368399500579,752.7439065618602
patient_033,161.0,6.44,197.0355614804747,-6942.804979424875,487.3905810052102,427.17068932183844,-8621.727421139625,611.0284555664965,946.1531021730029,7752.773682475401,790.5900306487804
patient_033,162.0,6.48,122.80457771874693,-1855.7745940431946,492.30276411396005,135.81706826601533,-7283.840526395577,616.4611382971372,95.69213405465958,-21261.524202958582,794.4177160109667
patient_033,163.0,6.52,60.59870779882077,-1555.1467479981538,494.7267124259129,44.30041862073859,-2287.9162411319185,618.2331550419667,190.53742563354191,2371.1322894720583,802.0392130363084
patient_033,164.0,6.56,100.61819352621515,1000.4871431848595,498.7514401669616,59.92533276580154,390.62285362657383,620.6301683525987,171.9551694139765,-464.5564054891352,808.9174198128675
patient_033,165.0,6.6,126.94847342680686,658.2569975147926,503.8293791040338,65.36209951022856,135.91916861067546,623.2446523330078,242.90368690002532,1773.7129371512203,818.6335672888686
patient_033,166.0,6.64,123.73247713965132,-80.39990717888834,508.7786781896198,31.144909560150055,-855.4297487519626,624.4904487154138,62.090456177937504,-4520.330768052195,821.1171855359861
patient_033,167.0,6.68,105.2179368749682,-462.863506617078,512.9873956646185,118.50430162956845,2183.9848017354598,629.2306207805965,27.16759203766247,-873.0716035068759,822.2038892174926
patient_033,168.0,6.72,60.40107562210204,-1120.4215313216541,515.4034386895025,75.69058484841084,-1070.3429195289402,632.2582441745329,126.73788212274034,2489.2572521269467,827.2734045024022
patient_033,169.0,6.76,38.33048163368023,-551.7648497105453,516.9366579548498,177.7059824346119,2550.3849396550268,639.3664834719175,158.79489460022612,801.4253119371442,833.6252002864111
patient_033,170.0,6.8,82.9562788696496,1115.6449308992342,520.2549091096357,36.601295234355014,-3527.6171800064226,640.8305352812916,190.32580280079677,788.2727050142662,841.2382323984431
patient_033,171.0,6.84,120.23472291223673,931.9611010646785,525.0642980261252,152.1903023434333,2889.7251777269576,646.918147375029,149.17200230561753,-1028.845012379481,847.2051124906678
patient_033,172.0,6.88,144.2875933936361,601.3217620349839,530.8358017618707,311.1482306262124,3973.9482070694776,659.3640766000775,389.7005420516739,6013.213493651409,862.7931341727348
patient_033,173.0,6.92,332.2632924440188,4699.392476259568,544.1263334596314,316.138468497323,124.75594677776485,672.0096153399704,409.7786875407167,501.95363722607027,879.1842816743634
patient_033,174.0,6.96,459.2800155898243,3175.418078645137,562.4975340832244,625.3989953509433,7731.513171340508,697.0255751540083,681.7146842691469,6798.3999182107555,906.4528690451293
patient_033,175.0,7.0,520.8490687212203,1539.2263282849,583.3314968320732,572.3907890112829,-1325.2051584915107,719.9212067144596,546.0571306838328,-3391.438839632852,928.2951542724826
patient_033,176.0,7.04,447.25312956726253,-1839.8984788489443,601.2216220147637,525.5007108159107,-1172.2519548843052,740.941235147096,540.9375188438237,-127.99029600022891,949.9326550262356
patient_033,177.0,7.08,395.08136811231407,-1304.2940363737116,617.0248767392563,400.8378726738337,-3116.570953551924,756.9747500540493,434.20635837850074,-2668.2790116330734,967.3009093613757
patient_033,178.0,7.12,263.1744524708208,-3297.6728910373313,627.5518548380892,261.49977108240165,-3483.4525397858015,767.4347408973455,347.11387096724076,-2177.3121852814993,981.1854642000653
patient_033,179.0,7.16,162.3434214092956,-2520.775776538131,634.045591694461,124.41987589137335,-3426.9973797757075,772.4115359330004,180.97348031119463,-4153.509766401153,988.424403412513
patient_033,180.0,7.2,113.05671607805074,-1232.1676332811212,638.5678603375829,122.55586957398883,-46.60015793461305,777.31377071596,31.994446732221803,-3724.4758394743208,989.7041812818019
patient_033,181.0,7.24,57.862431320629064,-1379.8571189355418,640.8823575904081,106.47137402794684,-402.1123886510498,781.5726256770779,79.17746913977543,1179.5755601888407,992.8712800473929
patient_033,182.0,7.28,44.24931100805803,-340.32800781427585,642.6523300307305,49.610610399450046,-1421.5190907124197,783.5570500930559,140.43167876286725,1531.3552405772957,998.4885471979076
patient_033,183.0,7.32,88.52584170432065,1106.9132674065656,646.1933636989032,56.074700312550526,161.602247827512,785.8000381055579,89.67930432188493,-1268.809361024558,1002.0757193707831
patient_033,184.0,7.36,55.956028484725906,-814.2453304898687,648.4316048382923,88.34638803634245,806.792193094798,789.3338936270115,152.1336031544683,1561.357470814584,1008.1610634969617
patient_033,185.0,7.4,23.115837873054158,-821.0047652917935,649.3562383532145,44.7675069976331,-1089.4720259677338,791.1245939069169,126.4561686080307,-641.9358636609398,1013.219310241283
patient_033,186.0,7.44,46.19122243517598,576.8846140530455,651.2038872506215,132.85613892008897,2202.215798061397,796.4388394637203,93.40396401080692,-826.3051149305944,1016.9554688017151
patient_033,187.0,7.48,79.65661481337575,836.6348094549943,654.3901518431566,57.140793993779376,-1892.88362315774,798.7244712234715,79.97415975568207,-335.74510637812125,1020.1544351919424
patient_033,188.0,7.52,69.50342519863653,-253.8297403684805,657.1702888511021,151.1219367397617,2349.5285686495586,804.7693486930619,345.5768910269181,6640.0682817809,1033.977510833019
patient_033,189.0,7.56,178.21659539535818,2717.8292549180414,664.2989526669164,222.96117638876015,1795.9809912249611,813.6877957486123,450.2311797836154,2616.3572189174333,1051.9867580243638
patient_033,190.0,7.6,412.63603852765175,5860.486078307339,680.8043942080226,414.3622107762354,4785.025859686881,830.2622841796616,302.02288866857566,-3705.2072778759934,1064.0676735711068
patient_033,191.0,7.64,783.152117558749,9262.90197577743,712.1304789103725,683.6479748833681,6732.144102678318,857.6082031749963,831.418095140305,13234.880161793233,1097.324397376719
patient_033,192.0,7.68,780.5768479117944,-64.38174117386382,743.3535528268443,812.7977277500469,3228.74382166697,890.1201122849982,1149.2840643190004,7946.649229467385,1143.295759949479
patient_033,193.0,7.72,599.6071144323471,-4524.243336986183,767.3378374041381,740.6176639829558,-1804.501594177276,919.7448188443165,776.2097153090834,-9326.858725247925,1174.3441485618423
patient_033,194.0,7.76,367.09363888241325,-5812.836888748346,782.0215829594346,372.20817875014575,-9210.237130820253,934.6331459943223,589.5349007094943,-4666.870364989728,1197.9255445902222
patient_033,195.0,7.8,170.21040553994055,-4922.080833561818,788.8299991810322,338.7755234089916,-835.8163835288536,948.184166930682,229.50877958729035,-9000.6530280551,1207.1058957737137
patient_033,196.0,7.84,82.76860385272397,-2186.0450421804144,792.1407433351411,82.05839024309834,-6417.928329147331,951.4665025404059,267.40417389778986,947.3848577624879,1217.8020627296253
patient_033,197.0,7.88,128.6844941706838,1147.8972579489955,797.2881231019685,61.78014660349633,-506.9560909900504,953.9377084045459,304.92135082405684,937.9294231566746,1229.9989167625877
patient_033,198.0,7.92,174.21271711766764,1138.205573674596,804.2566317866753,180.64377571572723,2971.590727805773,961.1634594331749,195.4736639061337,-2736.192172948078,1237.817863318833
patient_033,199.0,7.96,81.01095497889071,-2330.044053469423,807.4970699858309,176.6681346122243,-99.39102758757343,968.2301848176638,179.80692203026067,-391.6685468968261,1245.0101402000435
patient_033,200.0,8.0,155.6013181273595,1864.7590787117197,813.7211227109252,28.10325693607804,-3714.121941903656,969.354315095107,169.67611789778724,-253.27010331183573,1251.7971849159549
patient_033,201.0,8.04,83.7570215123213,-1796.1074153759548,817.071403571418,40.737050510165744,315.8448393521926,970.9837971155135,91.29536163350998,-1959.5189066069313,1255.4489993812954
patient_033,202.0,8.08,80.82910538187026,-73.19790326127595,820.3045677866929,170.76926193873166,3250.805285714148,977.8145675930629,61.0507753820849,-756.1146562856271,1257.8910303965788
patient_033,203.0,8.12,94.34607372887012,337.9242086749965,824.0784107358477,72.2977124280758,-2461.7887377663965,980.7064760901859,181.5717057770933,3013.02325987521,1265.1538986276623
patient_033,204.0,8.16,75.82634860514024,-462.9931280932471,827.1114646800534,137.45042338289542,1628.8177738704906,986.2044930255017,193.42573282276678,296.3506761418365,1272.890927940573
patient_033,205.0,8.2,179.18660854971154,2584.0064986142825,834.2789290220419,248.0467760461122,2764.9088165804196,996.1263640673461,326.38634879448455,3324.0153992929445,1285.9463818923523
patient_033,206.0,8.24,289.9118988542954,2768.132257614596,845.8754049762136,362.04700296956713,2850.0056730863735,1010.6082441861289,125.19469265796613,-5029.791403412961,1290.954169598671
patient_033,207.0,8.28,300.3551079009283,261.0802261658236,857.8896092922507,317.02197214055246,-1125.6257707253667,1023.289123071751,143.40089869984277,455.155151046916,1296.6902055466646
patient_033,208.0,8.32,327.68690139412905,683.2948373300184,870.9970853480158,332.45097700509257,385.7251216135026,1036.5871621519548,230.28086879312468,2171.999252332048,1305.9014402983896
patient_033,209.0,8.36,261.0878360398468,-1664.9766338570557,881.4405987896097,236.44178297812576,-2400.2298506741704,1046.0448334710798,464.3191917735541,5850.958074510736,1324.4742079693317
patient_033,210.0,8.4,185.29802522823246,-1894.745270290359,888.852519798739,498.1834853306497,6543.542558813098,1065.9721728843058,1188.0511260387234,18093.29835662923,1371.9962530108805
patient_033,211.0,8.44,143.29073338198873,-1050.1822961560933,894.5841491340185,90.82891945384797,-10183.864146920045,1069.6053296624598,278.3847276953991,-22741.659958583106,1383.1316421186964
patient_033,212.0,8.48,167.52266686996376,605.7983371993757,901.2850558088171,183.1684392162646,2308.4879940604155,1076.9320672311103,425.0826540019147,3667.4481576628905,1400.134948278773
patient_033,213.0,8.52,47.472149170812884,-3001.262942478772,903.1839417756496,105.79312978209663,-1934.3827358541994,1081.1637924223942,148.52553954754325,-6913.927861359287,1406.0759698606746
patient_033,214.0,8.56,23.201573357402832,-606.7643953352513,904.1120047099457,139.9099631369637,852.9208338716771,1086.7601909478728,93.33364127923848,-1379.7974567076192,1409.8093155118443
patient_033,215.0,8.6,13.172670928848428,-250.72256071386013,904.6389115470997,113.07510734618279,-670.871394769523,1091.28319524172,56.08589753335646,-931.1935936470504,1412.0527514131784
patient_033,216.0,8.64,33.616333499438504,511.0915642647519,905.9835648870773,126.86464215315496,344.73837017430424,1096.3577809278463,113.91106778943598,1445.629256401988,1416.6091941247557
patient_033,217.0,8.68,47.16339143771794,338.6764484569859,907.8701005445859,237.2139368089505,2758.7323663948887,1105.8463384002043,86.0160317877983,-697.3759000409419,1420.0498353962676
patient_033,218.0,8.72,26.01594960221688,-528.6860458875265,908.9107385286745,171.8538362456567,-1634.002514082345,1112.7204918500306,26.541996597861736,-1486.850879748414,1421.1115152601822
patient_033,219.0,8.76,25.19794814239442,-20.45003649556154,909.9186564543703,29.544079029548566,-3557.743930402704,1113.9022550112124,52.32763091554576,644.6408579421006,1423.2046204968042
patient_033,220.0,8.8,17.45275385648525,-193.6298571477293,910.6167666086297,50.459421574734264,522.8835636296425,1115.920631874202,64.7688624665434,311.0307887749409,1425.7953749954659
patient_033,221.0,8.84,64.3040009498923,1171.2811773351764,913.1889266466253,141.91379648343218,2286.359372717448,1121.5971837335392,102.69219036966456,948.0831975780291,1429.9030626102526
patient_033,222.0,8.88,27.75613302901516,-913.6966980219285,914.2991719677859,47.56945304211992,-2358.6085860328067,1123.499961855224,129.73247589226014,676.0071380648895,1435.0923616459431
patient_033,223.0,8.92,48.74776819380002,524.7908791196215,916.2490826955379,53.17253504174477,140.0770499906214,1125.6268632568938,144.30346637688433,364.27476211560474,1440.8645003010183
patient_033,224.0,8.96,24.161477892543957,-614.6572575314016,917.2155418112396,126.80778514820618,1840.881252661535,1130.699174662822,120.50209987776589,-595.0341624779611,1445.6845842961293
patient_033,225.0,9.0,117.61402163790383,2336.313593633997,921.9201026767557,143.19746577510742,409.74201567253095,1136.4270732938264,87.76829013341303,-818.3452436088213,1449.1953159014656
patient_033,226.0,9.04,326.8241087683179,5230.252178260352,934.9930670274885,268.83122559166674,3140.843995413983,1147.1803223174932,79.42260601910469,-208.64210285770852,1452.37222014223
patient_033,227.0,9.08,550.9760521412555,5603.798584323441,957.0321091131387,389.82027972018005,3024.7263532128327,1162.7731335063004,351.8416461613337,6810.476003555725,1466.4458859886831
patient_033,228.0,9.12,668.7303122336695,2943.856502310348,983.7813216024856,458.12187242370464,1707.5398175881148,1181.0980084032485,471.514869209234,2991.8305761975075,1485.3064807570524
patient_033,229.0,9.16,720.2341309682171,1287.5954683636905,1012.5906868412142,772.3526444502527,7855.769300663701,1211.9921141812586,792.0878315957116,8014.324059661939,1516.9899940208809
patient_033,230.0,9.2,505.7476557033393,-5362.161881621943,1032.8205930693478,588.1591505991212,-4604.837346278287,1235.5184802052236,952.6480718559945,4014.0060065070743,1555.0959168951208
patient_033,231.0,9.24,207.50792757667716,-7455.993203166554,1041.1209101724148,396.1123628165431,-4801.169694564452,1251.3629747178852,431.79081279680446,-13021.431476479751,1572.367549406993
patient_033,232.0,9.28,26.405846099367004,-4527.552036932754,1042.1771440163895,294.85620709343186,-2531.403893077781,1263.1572230016225,362.04021463918076,-1743.7649539405925,1586.84915799256
patient_033,233.0,9.32,63.05549675055528,916.2412662797069,1044.6993638864117,78.84841081141236,-5400.194907050488,1266.311159434079,134.7091828332746,-5683.275795147654,1592.2375253058913
patient_033,234.0,9.36,109.09673435336626,1151.0309400702745,1049.0632332605464,43.27458143583605,-889.3457343894079,1268.0421426915125,433.44883995679794,7468.491428088083,1609.5754789041632
patient_033,235.0,9.4,116.054779566529,173.9511303290687,1053.7054244432077,207.10224446651628,4095.691575767006,1276.3262324701732,121.09475257996291,-7808.852184420875,1614.4192690073617
patient_033,236.0,9.44,84.45418947081251,-790.0147523929124,1057.0835920220402,77.95336560703298,-3228.721971487083,1279.4443670944545,212.17788240237388,2277.0782455602744,1622.9063843034567
patient_033,237.0,9.48,114.63254689860246,754.4589356947487,1061.6688938979842,112.93899688315257,874.6407819029898,1283.9619269697805,185.95143320464993,-655.6612299430988,1630.3444416316427
patient_033,238.0,9.52,97.36719407131292,-431.6338206822383,1065.5635816608367,46.30106656911172,-1665.9482578510215,1285.813969632545,98.61530806905311,-2183.4031283899203,1634.289053954405
patient_033,239.0,9.56,103.28336224221532,147.90420427255987,1069.6949161505254,53.00992098919165,167.72136050199828,1287.9343664721127,23.296018909028966,-1882.9822290006036,1635.220894710766
patient_033,240.0,9.6,58.934842771929254,-1108.7129867571516,1072.0523098614026,212.04247282769816,3975.813795962663,1296.4160653852207,406.16931154815364,9571.832315978116,1651.4676671726922
patient_033,241.0,9.64,285.47663341067107,5663.544765968545,1083.4713751978295,227.58059212009846,388.4529823100074,1305.5192890700246,538.1284246518942,3298.9778275935137,1672.992804158768
patient_033,242.0,9.68,414.1670068591479,3217.25933621192,1100.0380554721953,480.70433283359637,6328.0935178374475,1324.7474623833684,605.056219868632,1673.194880418444,1697.1950529535131
patient_033,243.0,9.72,549.9290512759973,3394.0511104212346,1122.0352175232354,844.9099630803491,9105.14075616882,1358.5438609065823,628.8793727160303,595.578821184958,1722.3502278621545
patient_033,244.0,9.76,553.7438790105679,95.37069336426498,1144.184972683658,728.744502112338,-2904.13652420028,1387.6936409910757,659.5252352666242,766.146563764849,1748.7312372728193
patient_033,245.0,9.8,560.040722115649,157.42107762702915,1166.5866015682839,540.0068978388136,-4718.440106838108,1409.2939169046283,599.5356922663638,-1499.738575006512,1772.7126649634738
patient_033,246.0,9.84,456.73223938089245,-2582.7120683689145,1184.8558911435198,503.548434950156,-911.4615722164416,1429.4358543026347,607.3628532281635,195.67902404499478,1797.0071790926004
patient_033,247.0,9.88,369.9701477827786,-2169.052289952846,1199.6546970548309,362.53807228108906,-3525.259066726673,1443.937377193878,377.6374262330915,-5743.135674876801,1812.112676141924
patient_033,248.0,9.92,194.23833761452184,-4393.2952542064195,1207.4242305594119,231.4242340200293,-3277.845956526494,1453.1943465546792,385.78225375919834,203.62068815267094,1827.5439662922922
patient_033,249.0,9.96,43.553057478474365,-3767.132003401187,1209.166352858551,75.34240966839262,-3902.045608790917,1456.208042941415,60.298870680234835,-8137.084576974088,1829.9559211195017
patient_033,250.0,10.0,181.35915936844032,3445.152547249149,1216.4207192332883,291.1398673362272,5394.936441695864,1467.853637634864,273.8708991673659,5339.300712178277,1840.910757086196
patient_033,251.0,10.04,260.25718945444834,1972.4507521502005,1226.8310068114663,368.883135323602,1943.5816996843698,1482.6089630478082,584.1568018791645,7757.147567794965,1864.2770291613626
patient_033,252.0,10.08,78.70545099553942,-4538.793461472723,1229.9792248512879,98.98474475114763,-6747.459764311359,1486.5683528378543,61.39569988433451,-13069.02754987075,1866.7328571567361
patient_033,253.0,10.12,31.872198647209245,-1170.8313087082545,1231.2541127971763,73.31569995824749,-641.7261198225035,1489.5009808361842,38.8559744661204,-563.4931354553528,1868.2870961353808
patient_033,254.0,10.16,36.16984755572237,107.44122271282812,1232.700906699405,89.5181945134834,405.0623638808975,1493.0817086167235,80.67394367900562,1045.4492303221305,1871.5140538825412
patient_033,255.0,10.2,51.53322369525126,384.0844034882222,1234.7622356472152,100.18410926952903,266.64786890114095,1497.0890729875048,104.9769522607253,607.5752145429921,1875.7131319729701
patient_033,256.0,10.24,102.96646240379842,1285.830967713679,1238.8808941433672,176.13824016678197,1898.8532724313234,1504.134602594176,387.12182870291826,7053.6219110548245,1891.198005121087
patient_033,257.0,10.28,163.93881783590615,1524.3088858026933,1245.4384468568035,252.3008535623985,1904.065334890413,1514.2266367366717,206.92492517316313,-4504.922588243879,1899.4750021280133
patient_033,258.0,10.32,262.64347099840285,2467.616329062417,1255.9441856967396,314.65871489391566,1558.9465332879292,1526.8129853324283,237.74699863260412,770.5518364860246,1908.9848820733175
patient_033,259.0,10.36,495.33382788468117,5817.258922156958,1275.7575388121268,390.74436208526055,1902.1411797836222,1542.4427598158386,616.5881539813532,9471.028883718727,1933.6484082325717
patient_033,260.0,10.4,42.464023797633814,-11321.745102176183,1277.4560997640322,82.03958843611044,-7717.619341228753,1545.724343353283,77.84927774721926,-13468.471905853348,1936.7623793424605
patient_033,261.0,10.44,646.3895171857799,15098.137334703653,1303.3116804514634,864.3504396684258,19557.771280807883,1580.2983609400203,1397.977037611395,33003.193996604394,1992.6814608469163
patient_033,262.0,10.48,595.3200415408772,-1276.7368911225674,1327.1244821130986,1073.6768035483487,5233.159096998073,1623.2454330819542,839.6954694787386,-13957.03920331641,2026.269279626066
patient_033,263.0,10.52,787.2852285686062,4799.129675693222,1358.6158912558428,1380.2885018770733,7665.292458218113,1678.4569731570373,1404.5806737391367,14122.130106509954,2082.4525065756316
patient_033,264.0,10.56,315.41640173140166,-11796.720670930112,1371.232547325099,326.6484186797454,-26341.002079933198,1691.5229099042272,377.0698179436852,-25687.771394886287,2097.535299293379
patient_033,265.0,10.6,176.60152758817276,-3470.3718535807225,1378.2966084286259,210.15707224249314,-2912.2836609313067,1699.9291927939269,459.3852491704809,2057.885780669892,2115.9107092601985
patient_033,266.0,10.64,145.10125889499886,-787.5067173293473,1384.1006587844258,111.19805959325316,-2473.9753162309994,1704.377115177657,122.09407879944439,-8432.279259275912,2120.794472412176
patient_033,267.0,10.68,104.55906702367119,-1013.5547967831918,1388.2830214653725,123.24233898398926,301.10698476840236,1709.3068087370166,111.83756275683727,-256.41290106517795,2125.26797492245
patient_033,268.0,10.72,93.35413993611974,-280.12317718878637,1392.0171870628174,73.55059091792143,-1242.2937016516958,1712.2488323737334,45.65599996675882,-1654.5390697519615,2127.09421492112
patient_033,269.0,10.76,72.6115080374642,-518.5657974663883,1394.921647384316,64.96052333946815,-214.7516894613318,1714.8472533073123,26.7170197914668,-473.4745043823005,2128.1628957127787
patient_033,270.0,10.8,10.546214270732584,-1551.6323441682905,1395.3434959551453,15.505034790256932,-1236.3872137302806,1715.4674546989224,24.37410275646003,-58.57292587516927,2129.137859823037
patient_033,271.0,10.84,78.75599373697919,1705.244486656165,1398.4937357046247,51.59802834863243,902.3248389593874,1717.531375832868,168.5498201837202,3604.3929356815042,2135.879852630386
patient_033,272.0,10.88,108.4340070020582,741.9503316269751,1402.8310959847067,111.57813186676844,1499.5025879534003,1721.9945011075386,67.74898291468028,-2520.020931725998,2138.589811946973
patient_033,273.0,10.92,53.956670608957886,-1361.9334098275078,1404.9893628090651,129.42051772816023,446.05964653479475,1727.171321816665,49.855205146905156,-447.3444441943782,2140.5840201528495
patient_033,274.0,10.96,29.02019534029715,-623.4118817165185,1406.150170622677,50.371802446271104,-1976.2178820472282,1729.1861939145158,115.37699347945063,1638.0447083136366,2145.1990998920273
patient_033,275.0,11.0,75.22749357284044,1155.1824558135825,1409.1592703655906,119.68654509630862,1732.8685662509379,1733.9736557183683,161.7748545242035,1159.9465261188218,2151.6700940729957
patient_033,276.0,11.04,181.08321531110624,2646.393043456645,1416.4025989780348,151.7518920734705,801.6336744290467,1740.0437314013072,152.49970820765145,-231.87865791380133,2157.770082401302
patient_033,277.0,11.08,301.0085235567948,2998.1327061422135,1428.4429399203066,146.89358592497925,-121.45765371228094,1745.919474838306,306.09945771538867,3839.9937376934304,2170.0140607099174
patient_033,278.0,11.12,307.71821095872053,167.7421850481437,1440.7516683586555,634.4484156294403,12188.870742611527,1771.297411463484,554.4428965534726,6208.585970952097,2192.1917765720564
patient_033,279.0,11.16,408.208637318845,2512.260659003111,1457.0800138514094,803.4732116757434,4225.619901157577,1803.4363399305137,745.2266259634521,4769.593235249487,2222.0008416105943
patient_033,280.0,11.2,397.6051405300513,-265.08741971984193,1472.9842194726114,660.6426328316757,-3570.7644711016937,1829.8620452437806,566.3740741709549,-4471.313794812429,2244.6558045774327
patient_033,281.0,11.24,49.13531389498936,-8711.74566587655,1474.949632028411,101.49464767259958,-13978.699628976901,1833.9218311506845,54.810360984289396,-12789.092829666639,2246.8482190168043
patient_033,282.0,11.28,371.3396651730623,8055.108781951824,1489.8032186353337,672.1483083041683,14266.341515789216,1860.8077634828512,511.4423038320708,11415.798571194537,2267.305911170087
patient_033,283.0,11.32,360.74817369678163,-264.787286907017,1504.233145583205,335.93320801265685,-8405.377507287785,1874.2450918033574,397.56492658831763,-2846.9344310938295,2283.2085082336193
patient_033,284.0,11.36,259.6651193285886,-2527.0763592048256,1514.6197503563485,313.2258145261779,-567.6848371619741,1886.7741243844046,384.11426590723653,-336.2665170270276,2298.573078869909
patient_033,285.0,11.4,150.91537166635726,-2718.7436915557837,1520.6563652230027,210.66633264457312,-2563.9870470401193,1895.2007776901874,294.6500436414047,-2236.605556645796,2310.3590806155653
patient_033,286.0,11.44,142.05129690032481,-221.60186915081113,1526.3384170990157,87.26090225082534,-3085.1357598436944,1898.6912137802203,57.65337134435869,-5924.916807426151,2312.6652154693393
patient_033,287.0,11.48,216.6853105680549,1865.8503416932517,1535.005829521738,201.60489694162882,2858.599867270087,1906.7554096578856,232.46953210014686,4370.404018894705,2321.9639967533453
patient_033,288.0,11.52,95.61881556837032,-3026.662374992114,1538.8305821444728,120.48737340674441,-2027.9380883721103,1911.5749045941554,76.17634780804573,-3907.329607302528,2325.0110506656674
patient_033,289.0,11.56,9.047931361589178,-2164.2721051695285,1539.1924993989364,55.875492125278676,-1615.2970320366435,1913.8099242791664,32.98452275268213,-1079.79562638409,2326.3304315757746
patient_033,290.0,11.6,73.649983826438,1615.0513116212205,1542.1384987519937,40.6532999540353,-380.55480428108444,1915.436056277328,54.213320337220544,530.7199396134603,2328.4989643892636
patient_033,291.0,11.64,19.396008725855815,-1356.3493775145548,1542.914339101028,31.663183626208582,-224.75290819566789,1916.7025836223763,47.628040083927786,-164.63200633231895,2330.404085992621
patient_033,292.0,11.68,86.78905995522987,1684.8262807343517,1546.385901499237,50.16425788670783,462.5268565124812,1918.7091539378446,66.64996128200242,475.54802995186594,2333.0700844439007
patient_033,293.0,11.72,75.1513359538624,-290.94310003418684,1549.3919549373916,134.55903883232102,2109.8695236403296,1924.0915154911374,133.74678418177947,1677.4205724944263,2338.419955811172
patient_033,294.0,11.76,30.37728040480409,-1119.3513887264578,1550.6070461535837,38.070161371845614,-2412.2219365118854,1925.6143219460114,49.88965342072347,-2096.4282690264,2340.4155419480007
patient_033,295.0,11.8,45.440043918316206,376.5690878378029,1552.4246479103165,42.013427305104685,98.58164833147676,1927.2948590382157,21.34529335063113,-713.6090017523085,2341.269353682026
patient_033,296.0,11.84,48.63373872238714,79.84237010177341,1554.369997459212,81.55644981363037,988.5755627131421,1930.5571170307608,67.2330663762887,1147.1943256414393,2343.958676337078
patient_033,297.0,11.88,40.42396095733318,-205.2444441263491,1555.9869558975054,84.24387707955928,67.18568164822294,1933.926872113943,129.19737832503782,1549.1077987187277,2349.1265714700794
patient_033,298.0,11.92,113.10653706615638,1817.06440272058,1560.5112173801517,213.9574720119879,3242.839873310716,1942.4851709944226,351.29459958015656,5552.430531377969,2363.178355453286
patient_033,299.0,11.96,908.3773076431936,19881.76926442593,1596.8463096858798,1237.9578437333507,25600.009293034072,1992.0034847437564,916.5748611379491,14132.006538944814,2399.8413498988034
patient_033,300.0,12.0,705.0884199193607,-5082.222193095822,1625.0498464826542,1217.2287188656105,-518.2281216935053,2040.692633498381,782.8952147959569,-3341.9911585498057,2431.157158490642
patient_033,301.0,12.04,660.7494186750763,-1108.4750311071105,1651.479823229657,1185.2092191369115,-800.4874932174744,2088.101002263857,1089.6930574687804,7669.946066820586,2474.744880789393
patient_033,302.0,12.08,77.44106622205453,-14582.708811325545,1654.5774658785394,121.27244856784715,-26598.419264226613,2092.9519002065713,30.56548122135972,-26478.189406185516,2475.967500038247
patient_033,303.0,12.12,521.1284650194802,11092.184969935643,1675.4226044793186,691.9166847716324,14266.105905094631,2120.6285675974364,762.1774654320752,18290.299605267886,2506.4545986555304
patient_033,304.0,12.16,359.50806033791343,-4040.5101170391704,1689.8029268928349,480.2422553448417,-5291.860735669768,2139.83825781123,448.92523266190886,-7831.305819254159,2524.4116079620067
patient_033,305.0,12.2,295.3133134970262,-1604.8686710221816,1701.615459432716,269.59724682070015,-5266.125213103538,2150.6221476840583,287.7082368601297,-4030.424895044479,2535.919937436412
patient_033,306.0,12.24,166.42562829032383,-3222.1921301675584,1708.2724845643288,154.55604406938664,-2876.0300687828376,2156.8043894468337,573.9766712755869,7156.71086038643,2558.8790042874357
patient_033,307.0,12.28,86.9441512368699,-1987.0369263363482,1711.7502506138037,118.62765925665366,-898.2096203183246,2161.5494958171,321.53753952773224,-6310.978293696367,2571.740505868545
patient_033,308.0,12.32,38.09806709770038,-1221.152103479238,1713.2741732977117,172.925321171216,1357.441547864059,2168.4665086639484,111.30714175467561,-5255.759944326415,2576.192791538732
patient_033,309.0,12.36,14.802043959817192,-582.4005784470797,1713.8662550561046,42.96656948668991,-3248.9687921131526,2170.185171443416,107.40130058960308,-97.64602912681326,2580.488843562316
patient_033,310.0,12.4,95.19536825917719,2009.8331074839998,1717.6740697864716,251.92428025725465,5223.942769264118,2180.262142653706,159.4691682802492,1301.6966922661527,2586.867610293526
patient_033,311.0,12.44,231.49642269931968,3407.5263610035618,1726.9339266944444,303.34070592382574,1285.4106416642771,2192.395770890659,443.1697014405281,7092.513329006973,2604.5943983511474
patient_033,312.0,12.48,367.5871329456765,3402.2677561589207,1741.6374120122716,393.4163684004048,2251.8915619144764,2208.1324256266753,523.705680137825,2013.3994674324213,2625.5426255566604
patient_033,313.0,12.52,399.64761023090807,801.5119321307893,1757.623316421508,514.6413355649449,3030.6241791135035,2228.718079049273,622.5856642274344,2471.999602240237,2650.4460521257574
patient_033,314.0,12.56,344.64290460794143,-1375.117640574166,1771.4090326058256,478.88874008562453,-893.8148869830102,2247.873628652698,456.3919745576652,-4154.842241744231,2668.7017311080645
patient_033,315.0,12.6,331.32343182310166,-332.98681962099437,1784.66196987875,352.49657821962614,-3159.8040466499597,2261.973491781483,377.631189040041,-1969.0196379406048,2683.806978669666
patient_033,316.0,12.64,182.59427514777144,-3718.2289168832554,1791.9657408846606,202.7841031260657,-3742.811877339011,2270.0848559065257,314.0646426195156,-1589.1636605131353,2696.369564374447
patient_033,317.0,12.68,117.76507684682264,-1620.72995752372,1796.6763439585336,177.46233810720767,-633.0441254714508,2277.183349430814,66.90954412062437,-6178.877462472281,2699.045946139272
patient_033,318.0,12.72,61.215441425958694,-1413.7408855215986,1799.124961615572,46.69748720512401,-3269.1212725520913,2279.0512489190187,64.78750204517887,-53.05105188613766,2701.637446221079
patient_033,319.0,12.76,72.38102524028943,279.1395953582684,1802.0202026251834,133.18667322359428,2162.2296504617566,2284.3787158479627,148.8104043804976,2100.5725583829685,2707.5898623962985
patient_033,320.0,12.8,61.69894960548619,-267.051890870081,1804.488160609403,77.72047978394824,-1386.6548359911512,2287.487535039321,119.05282825208857,-743.9394032102257,2712.351975526382
patient_033,321.0,12.84,80.14838516630135,461.23588902037903,1807.694096016055,122.87321142100191,1128.818290926342,2292.4024634961606,113.4221124401182,-140.7678952992594,2716.8888600239866
patient_033,322.0,12.88,47.97089382634899,-804.437283498809,1809.612931769109,88.63165388241939,-856.0389384645632,2295.9477296514574,36.15660872375603,-1931.637592909054,2718.335124372937
patient_033,323.0,12.92,70.12461681921218,553.8430748215796,1812.4179164418777,82.42043045974091,-155.2805855669618,2299.244546869847,22.3272759463421,-345.7333194353482,2719.2282154107907
patient_033,324.0,12.96,40.535199747425786,-739.7354267946598,1814.0393244317747,120.16398213357034,943.5887918457357,2304.0511061551897,59.78953847963325,936.5565633322788,2721.619796949976
patient_033,325.0,13.0,4.907115297328447,-890.7021112524335,1814.2356090436679,47.232241174083846,-1823.2935239871622,2305.940395802153,36.960995509083844,-570.7135742637352,2723.0982367703396
patient_033,326.0,13.04,19.14367072053999,355.9138855802886,1815.0013558724895,58.69686679029321,286.615640405234,2308.288270473765,71.43387573677218,861.8220056922084,2725.95559179981
patient_033,327.0,13.08,7.8292107839823855,-282.8614984139401,1815.3145243038487,77.49291659510799,469.9012451203695,2311.3879871375693,114.21309401351637,1069.4804569186047,2730.5241155603503
patient_033,328.0,13.12,35.46716283699158,690.9488013252297,1816.7332108173284,23.751107385690652,-1343.5452302354333,2312.338031432997,68.74190172078674,-1136.7798073182407,2733.273791629182
patient_033,329.0,13.16,11.176940847718313,-607.2555497318316,1817.1802884512372,4.438215040216262,-482.8223086368597,2312.5155600346056,51.18771299472745,-438.85471815148236,2735.3213001489707
patient_033,330.0,13.2,58.018937530089815,1171.0499170592875,1819.5010459524408,15.771772592302996,283.33893880216834,2313.1464309382973,16.629615625413216,-863.9524342328558,2735.9864847739873
patient_033,331.0,13.24,55.26434358295633,-68.86484867833715,1821.711619695759,20.03186623146366,106.50234097901658,2313.947705587556,46.754553455034085,753.1234457405217,2737.8566669121883
patient_033,332.0,13.28,62.213577035888385,173.7308363233014,1824.2001627771947,97.25507698997465,1930.5802689627747,2317.837908667155,97.66324123513556,1272.7171945025368,2741.7631965615938
patient_033,333.0,13.32,80.74178981310011,463.2053194302932,1827.4298343697187,169.76250382913167,1812.6856709789256,2324.62840882032,327.5277391836529,5746.612448712934,2754.86430612894
patient_033,334.0,13.36,198.13487341907563,2934.827090149388,1835.3552293064818,150.49622464154294,-481.6569796897184,2330.6482578059818,367.8346563343458,1007.6729287673231,2769.577692382314
patient_033,335.0,13.4,418.7500360985923,5515.379066987917,1852.1052307504256,267.21951118795306,2918.082163660253,2341.3370382535,410.9551515323319,1078.0123799496523,2786.015898443607
patient_033,336.0,13.44,667.1595800272183,6210.23859821565,1878.7916139515144,1012.0240992115946,18620.11470059104,2381.818002221964,741.9930868156154,8275.948382082086,2815.695621916232
patient_033,337.0,13.48,729.7793116476133,1565.4932905098747,1907.982786417419,1312.616928381095,7514.82072923751,2434.3226793572076,1147.7784955315726,10144.635217898931,2861.606761737495
patient_033,338.0,13.52,685.3167011996117,-1111.5652612000417,1935.3954544654034,725.696429284725,-14673.012477409251,2463.350536528597,852.294214656035,-7387.10702188844,2895.6985303237366
patient_033,339.0,13.56,375.702925709393,-7740.344387255466,1950.4235714937793,164.41474854097603,-14032.042018593726,2469.9271264702356,646.2087825076561,-5152.135803709472,2921.5468816240427
patient_033,340.0,13.6,131.74576030637812,-6098.929135075373,1955.6934019060345,43.29411825233934,-3028.015757215918,2471.6588912003294,332.41403536765034,-7844.868678500145,2934.843443038749
patient_033,341.0,13.64,109.13742157270178,-565.2084683419083,1960.0588987689428,154.5902969920091,2782.404468491744,2477.84250308001,483.6629919302945,3781.2239140661036,2954.1899627159605
patient_033,342.0,13.68,86.74383679284793,-559.8396194963464,1963.5286522406566,171.65223620786742,426.5484803964583,2484.7085925283245,172.1103507920949,-7788.8160284549895,2961.0743767476442
patient_033,343.0,13.72,171.38254653268064,2115.9677434958176,1970.3839541019638,71.45343325284989,-2504.970073875438,2487.5667298584385,108.18881364340366,-1598.0384287172808,2965.4019292933804
patient_033,344.0,13.76,47.88334937649386,-3087.479928904669,1972.2992880770234,46.840202354086074,-615.3307724690955,2489.440337952602,182.88924424348517,1867.5107650020375,2972.7174990631197
patient_033,345.0,13.8,30.63120890606355,-431.30351176075783,1973.5245364332661,162.36924866664376,2888.226157813942,2495.9351078992677,88.79743114637655,-2352.295327427715,2976.269396308975
patient_033,346.0,13.84,101.8913506252453,1781.5035429795437,1977.6001904582758,99.40304893447198,-1574.1549933042943,2499.9112298566465,95.53791027548507,168.51197822771303,2980.090912719994
patient_033,347.0,13.88,33.781989546864395,-1702.7340269595225,1978.9514700401505,114.2009220876261,369.94682882885286,2504.4792667401516,74.04764934287337,-537.2565233152926,2983.052818693709
patient_033,348.0,13.92,190.90489571648268,3928.0726542404573,1986.5876658688098,63.750922692017646,-1261.2499848902112,2507.029303647832,130.46626867329942,1410.4654832606514,2988.2714694406413
patient_033,349.0,13.96,113.72160131278197,-1929.5823600925178,1991.1365299213212,130.02254033324124,1656.79044103059,2512.2302052611617,74.33422822177648,-1403.3010112880736,2991.2448385695125
patient_033,350.0,14.0,158.17617570117605,1111.364359709852,1997.4635769493682,129.25716178486203,-19.134463709480087,2517.4004917325565,215.9921307790647,3541.447563932205,2999.8845238006747
patient_033,351.0,14.04,209.64415195497338,1286.6994063449333,2005.849343027567,82.54404133770515,-1167.828011178922,2520.7022533860645,202.48115030819247,-337.7745117718057,3007.9837698130023
patient_033,352.0,14.08,270.28104990974856,1515.9224488693794,2016.6605850239569,264.54949784669793,4550.13641272482,2531.2842332999326,282.14802877864895,1991.6719617614121,3019.2696909641486
patient_033,353.0,14.12,122.40586018766726,-3696.8797430520326,2021.5568194314637,291.50604029657836,673.9135612470108,2542.9444749117956,498.0651098552726,5397.927026915592,3039.19229535836
patient_033,354.0,14.16,143.08080521329012,516.8736256405715,2027.2800516399955,111.9162244618011,-4489.745395869431,2547.421123890267,76.06641121546153,-10549.967465995278,3042.234951806978
patient_033,355.0,14.2,213.50408264883927,1760.5819358887288,2035.820214945949,173.13582724464126,1530.4900695710041,2554.346556980053,45.84221130157088,-755.6049978472663,3044.068640259041
patient_033,356.0,14.24,125.44730033125562,-2201.4195579395914,2040.838106959199,110.0435568364594,-1577.3067602045464,2558.7482992535115,277.5403570728925,5792.453644283041,3055.1702545419566
patient_033,357.0,14.28,106.49673295506997,-473.7641844046411,2045.0979762774018,187.56626892814646,1938.0678022921763,2566.250950010637,248.5315087856484,-725.2212071811023,3065.1115148933827
patient_033,358.0,14.32,57.711846855343786,-1219.6221524931548,2047.4064501516157,118.42277540019208,-1728.5873381988595,2570.9878610266446,172.16944539151947,-1909.0515848532234,3071.9982927090437
patient_033,359.0,14.36,37.83142371725816,-497.01057845214063,2048.919707100306,96.14390158537636,-556.9718453703931,2574.8336170900598,170.85728235457722,-32.8040759235563,3078.832584003227
patient_033,360.0,14.4,86.25993113124811,1210.7126853497487,2052.3701043455562,92.65619043053655,-87.19277887099501,2578.539864707281,94.66673236775777,-1904.7637496704863,3082.619253297937
patient_033,361.0,14.44,98.80486447453875,313.6233335822659,2056.322298924538,64.27232355262439,-709.5966719478042,2581.110757649386,35.399077258126496,-1481.691377740782,3084.035216388262
patient_033,362.0,14.48,56.869266467126685,-1048.3899501853016,2058.5970695832225,28.31141576504173,-899.0226946895664,2582.2432142799876,53.96533721164957,464.1564988380768,3086.193829876728
patient_033,363.0,14.52,50.38476831701044,-162.11245375290613,2060.612460315903,29.78064300370568,36.73068096659877,2583.434440000136,55.6602683202997,42.37327771625328,3088.42024060954
patient_033,364.0,14.56,23.647235136424612,-668.4383295146457,2061.55834972136,68.32159507007731,963.5238016592907,2586.167303802939,46.028894308695484,-240.78435029010538,3090.2613963818876
patient_033,365.0,14.6,73.67944318466847,1250.8052012060964,2064.505527448747,81.88760494132725,339.15024678124865,2589.4428080005923,113.22274355239213,1679.8462310924162,3094.7903061239836
patient_033,366.0,14.64,138.52002349198926,1621.0145076830197,2070.0463283884264,187.61605004039586,2643.2111274767153,2596.947450002208,247.99282652080873,3369.2520742104152,3104.7100191848162
patient_033,367.0,14.68,277.12810765083015,3465.202103971022,2081.1314526944598,446.6569298853802,6476.0219961246075,2614.8137271976234,442.8096615409322,4870.420875503087,3122.422405646453
patient_033,368.0,14.72,314.42717960648383,932.4767988913422,2093.7085398787194,141.11692602422562,-7638.500096528864,2620.4584042385923,475.8523291001356,826.0666889800846,3141.4564988104585
patient_033,369.0,14.76,372.27526116963776,1446.2020390788482,2108.599550325505,529.8101166997043,9717.329766886967,2641.65080890658,539.2750593040457,1585.5682550977533,3163.02750118262
patient_033,370.0,14.8,374.758820393535,62.08898059743149,2123.5899031412464,434.4782279814859,-2383.2972179554604,2659.0299380258393,632.1580104162049,2322.0737778039793,3188.313821599268
patient_033,371.0,14.84,439.3186225548768,1613.9950540335449,2141.162648043441,595.898190471026,4035.4990622385044,2682.8658656446805,538.4144947584113,-2343.587891444841,3209.8504013896045
patient_033,372.0,14.88,424.3808082245946,-373.4453582570552,2158.137880372425,492.72350064566547,-2579.3672456340146,2702.574805670507,559.3185876145023,522.6023214022774,3232.2231448941848
patient_033,373.0,14.92,265.2198036131716,-3979.0251152855744,2168.746672516952,237.6316897516216,-6377.295272351097,2712.0800732605717,469.6335779010223,-2242.125242837001,3251.008488010226
patient_033,374.0,14.96,173.36754033006827,-2296.3065820775837,2175.681374130155,150.69842639207474,-2173.3315839886714,2718.108010316255,279.2780681572074,-4758.887743595374,3262.179610736514
patient_033,375.0,15.0,116.45763254791595,-1422.7476945538078,2180.339679432071,126.82205521286608,-596.9092794802166,2723.180892524769,144.92484799977709,-3358.830503935757,3267.976604656505
patient_033,376.0,15.04,22.84365848979872,-2340.349351452931,2181.2534257716634,201.56583330802252,1868.594452378911,2731.24352585709,216.56864712816886,1791.0949782097944,3276.6393505416318
patient_033,377.0,15.08,73.0705399028761,1255.6720353269347,2184.176247367778,140.88160598781906,-1517.1056830050866,2736.8787900966026,14.03351646117034,-5063.378266674963,3277.2006912000784
patient_033,378.0,15.12,63.83953099058155,-230.7752228073639,2186.7298286074015,71.23174150346378,-1741.246612108882,2739.7280597567415,98.4257451821347,2109.8057180241094,3281.137721007364
patient_033,379.0,15.16,115.2321741375536,1284.8160786743013,2191.3391155729037,310.13610598309776,5972.60911199085,2752.133503996065,276.2095076935085,4444.594062784345,3292.186101315104
patient_033,380.0,15.2,146.7702633168157,788.4522294815522,2197.2099261055764,53.42645843363306,-6417.741188736618,2754.2705623334105,226.79084280623397,-1235.4666221818634,3301.2577350273536
patient_033,381.0,15.24,137.1774954768121,-239.81919600008936,2202.697025924649,144.30173223429878,2271.881845016643,2760.042631622782,37.38434682462024,-4735.162399540342,3302.7531089003382
patient_033,382.0,15.28,43.2679700769146,-2347.738134997438,2204.4277447277254,166.72165291391013,560.4980169902838,2766.7114977393385,89.08920550782464,1292.62146708011,3306.3166771206515
patient_033,383.0,15.32,109.90382688092353,1665.8964201002234,2208.8238978029626,2.791117318732983,-4098.263389879429,2766.823142432088,158.84184007896118,1743.8158642784135,3312.6703507238103
patient_033,384.0,15.36,42.47498603050284,-1685.7210212605175,2210.5228972441823,31.269370581494215,711.9563315690308,2768.0739172553476,137.17422079170507,-541.6904821814029,3318.157319555479
patient_033,385.0,15.4,57.41355093879824,373.46412270738494,2212.8194392817345,75.83741920864574,1114.2012156787882,2771.1074140236933,65.44545592986009,-1793.2191215461244,3320.7751377926734
patient_033,386.0,15.44,6.454933720642869,-1273.9654304538842,2213.07763663056,12.174636239113083,-1591.5695742383164,2771.594399473258,42.64099557881568,-570.1115087761103,3322.4807776158254
patient_033,387.0,15.48,40.695163034782674,856.005732853495,2214.7054431519514,17.418367046097025,131.09327017459856,2772.2911341551016,88.37067010966963,1143.2418632713488,3326.015604420212
patient_033,388.0,15.52,57.34572090066088,416.26394664695516,2216.999271987978,156.31650680657754,3472.453494012013,2778.5437944273644,402.43187308340697,7851.530074343434,3342.1128793435487
patient_033,389.0,15.56,247.5331126420375,4754.684793534416,2226.900596493659,123.37897812131288,-823.4382171316163,2783.478953552217,80.34703743230129,-8052.120891277642,3345.326760840841
patient_033,390.0,15.6,433.59224284463767,4651.478255065004,2244.2442862074445,189.35553501710078,1649.4139223946972,2791.053174952901,591.1747909192393,12770.693837173449,3368.97375247761
patient_033,391.0,15.64,641.0959840182485,5187.593529340271,2269.8881255681745,712.2125883266865,13071.426332739642,2819.541678485968,715.8817407882607,3117.6737467255352,3397.609022109141
patient_033,392.0,15.68,686.5008162128407,1135.1208048648061,2297.3481582166883,871.0216580625915,3970.226743397626,2854.3825448084717,863.8230006034366,3698.5314953793986,3432.1619421332784
patient_033,393.0,15.72,466.7663497405108,-5493.361661808248,2316.0188122063087,324.62912588359325,-13659.813304474957,2867.3677098438156,638.8371666614856,-5624.645848548775,3457.7154287997378
patient_033,394.0,15.76,156.21742398320865,-7763.723143932555,2322.267509165637,375.1888552132388,1263.993233241139,2882.3752640523453,179.35644513375127,-11487.018038193359,3464.8896866050873
patient_033,395.0,15.8,66.93540257469277,-2232.0505352128966,2324.944925268625,156.5916121188256,-5464.93107736033,2888.6389285370983,258.790118950073,1985.8418454080436,3475.24129136309
patient_033,396.0,15.84,16.926453596730244,-1250.2237244490634,2325.621983412494,61.47834741796087,-2377.831617521618,2891.0980624338163,33.49898345256716,-5632.278387437646,3476.581250701193
patient_033,397.0,15.88,65.14844742966625,1205.5498458234001,2328.227921309681,20.66215363996431,-1020.404844449914,2891.924548579415,159.3958360107671,3147.421313954999,3482.9570841416235
patient_033,398.0,15.92,222.32702660548486,3929.4644793954653,2337.1210023739,169.09309818119596,3710.773613530791,2898.6882725066625,249.43687610407494,2251.0260023326955,3492.934559185786
patient_033,399.0,15.96,115.74952668266543,-2664.4374980704856,2341.7509834412067,92.71731931535689,-1909.3944716459766,2902.396965279277,22.232934899705988,-5680.098530109224,3493.823876581774
patient_033,400.0,16.0,126.54937633839116,269.99624139314307,2346.8129584947424,54.36019350871908,-958.9281451659452,2904.5713730196258,127.85464765158885,2640.5428187970715,3498.9380624878377
patient_033,401.0,16.04,112.16350106488694,-359.6468818376053,2351.299498537338,30.80449191125765,-588.8925399365357,2905.803552696076,48.95171377612346,-1972.5733468866345,3500.8961310388827
patient_033,402.0,16.08,118.72011419491707,163.91532825075325,2356.048303105135,17.051332001918105,-343.8289977334886,2906.4856059761532,48.686900842100314,-6.620323350578694,3502.843607072567
patient_033,403.0,16.12,25.21048616301452,-2337.740700797564,2357.056722551655,80.41174120728216,1584.0102301341014,2909.702075624444,125.72765395997814,1926.0188279469457,3507.8727132309664
patient_033,404.0,16.16,308.0106996496679,7070.005337166334,2369.377150537642,229.07544536885246,3716.592604039258,2918.8650934391985,338.85773324153485,5328.251982038918,3521.427022560628
patient_033,405.0,16.2,256.495114873862,-1287.8896193951477,2379.6369551325965,240.78314156002884,292.69240477940957,2928.4964191015997,297.1456609229671,-1042.801807964193,3533.312848997546
patient_033,406.0,16.24,297.85105120024826,1033.8984081596564,2391.5509971806064,332.3740195644769,2289.7719501112015,2941.7913798841787,382.25907040306095,2127.8352370023454,3548.6032118136686
patient_033,407.0,16.28,291.58353123910786,-156.6879990285102,2403.2143384301708,223.67343996753718,-2717.514489923493,2950.73831748288,263.4101870560129,-2971.2220836762017,3559.139619295909
patient_033,408.0,16.32,155.27371946033963,-3407.7452944692054,2409.425287208584,206.40251756423814,-431.773060082476,2958.9944181854494,278.379325462386,374.22846015932834,3570.2747923144047
patient_033,409.0,16.36,91.02845019167012,-1606.131731716738,2413.066425216251,110.56827165590363,-2395.8561477083626,2963.4171490516856,75.46015341777913,-5072.979301115172,3573.2931984511156
patient_033,410.0,16.4,48.55183969863768,-1061.915262325811,2415.0084988041963,12.882929957181613,-2442.13354246805,2963.932466249973,50.5007327893425,-623.9855157109156,3575.313227762689
patient_033,411.0,16.44,33.65403878878006,-372.4450227464404,2416.3546603557475,41.129102778318384,706.1543205284192,2965.5776303611055,95.90772969135874,1135.1749225504059,3579.1495369503436
patient_033,412.0,16.48,86.1079564903268,1311.3479425386683,2419.7989786153607,78.66213140926182,938.3257157735859,2968.724115617476,79.33686395767427,-414.27164334211176,3582.323011508651
patient_033,413.0,16.52,74.30270538966593,-295.1312775165217,2422.7710868309473,92.91627651900748,356.3536277436416,2972.4407666782367,150.43869854961883,1777.5458647986143,3588.3405594506357
patient_033,414.0,16.56,103.61248619184971,732.7445200545945,2426.9155862786215,71.21676736107186,-542.4877289483906,2975.2894373726795,241.2156277039466,2269.4232288581943,3597.9891845587936
patient_033,415.0,16.6,77.77522360768478,-645.9315646041233,2430.026595222929,61.0315086811688,-254.63146699757644,2977.7306977199264,104.45325436625927,-3419.0593334421833,3602.1673147334445
patient_033,416.0,16.64,37.037353879947446,-1018.4467431934333,2431.5080893781264,24.80960327886805,-905.5476350575187,2978.723081851081,71.61710339552548,-820.9037742683449,3605.031998869266
patient_033,417.0,16.68,41.030605862404414,99.8312995614242,2433.149313612623,45.13771861694025,508.20288345180495,2980.528590595759,40.25308289055015,-784.1005126243832,3606.6421221848873
patient_033,418.0,16.72,35.34611853567338,-142.11218316827595,2434.56315835405,68.22108905041051,577.0842608367566,2983.257434157775,73.5837440334464,833.2665285724062,3609.585471946225
patient_033,419.0,16.76,19.502525967500194,-396.08981420432957,2435.3432593927496,39.58609979262305,-715.8747314446865,2984.84087814948,59.95538863827438,-340.7088848793004,3611.9836874917564
patient_033,420.0,16.8,20.983243480999263,37.01793783747674,2436.18258913199,8.686468573495587,-772.4907804781866,2985.1883368924196,56.50075676370172,-86.36579686431638,3614.2437177623046
patient_033,421.0,16.84,25.42367615303394,111.01081680086695,2437.199536178111,39.90097401302386,780.3626359882069,2986.7843758529407,63.741293557669636,181.01341984919782,3616.7933695046113
patient_033,422.0,16.88,38.17444964956396,318.76933741325047,2438.7265141640937,116.93153571954834,1925.764042663112,2991.4616372817227,99.28627904921795,888.624637288708,3620.7648206665804
patient_033,423.0,16.92,67.20305789840455,725.7152062210148,2441.41463648003,99.22645733735227,-442.6269595549016,2995.4306955752168,332.453136649223,5829.171440000126,3634.0629461325498
patient_033,424.0,16.96,31.0240824615899,-904.4743859203663,2442.6555997784935,63.10173018730793,-903.1181787511085,2997.954764782709,74.16908711792986,-6457.101238282328,3637.0297096172667
patient_033,425.0,17.0,180.46225366022566,3735.954279965894,2449.874089924903,89.58070196215083,661.9742943710725,3001.537992861195,30.15586733499157,-1100.3304945734574,3638.2359443106666
patient_033,426.0,17.04,292.5027042528997,2801.0112648168515,2461.5741980950183,192.28459847589014,2567.5974128434827,3009.229376800231,105.3586452926887,1880.0694489424284,3642.4502901223736
patient_033,427.0,17.08,563.9895498843148,6787.171140785376,2484.133780090391,352.0000781851148,3992.886992730616,3023.3093799276353,588.1362544262082,12069.440228337988,3665.9757402994223
patient_033,428.0,17.12,722.0933748366037,3952.595623807224,2513.0175150838554,1009.6057083286539,16440.14075358848,3063.6936082607817,1191.1927260817238,15076.411791387889,3713.623449342691
patient_033,429.0,17.16,84.36121803087465,-15943.303920143228,2516.39196380509,174.416617154389,-20879.727279356623,3070.670272946957,386.33775116142226,-20121.374373007537,3729.0769593891478
patient_033,430.0,17.2,669.6054434449143,14631.105635350992,2543.1761815428868,1576.871975991698,35061.38397093272,3133.7451519866254,1676.832351275689,32262.365002856666,3796.150253440175
patient_033,431.0,17.24,322.09435136755485,-8687.777301933986,2556.0599555975887,651.7537864595407,-23127.95473830393,3159.8153034450065,990.3031471400753,-17163.230103390342,3835.7623793257785
patient_033,432.0,17.28,183.7877536293691,-3457.664943454644,2563.4114657427635,77.77998410775662,-14349.345058794603,3162.926502809317,598.5459893113697,-9793.928945717642,3859.704218898233
patient_033,433.0,17.32,229.92095141720606,1153.329944695924,2572.6083037994517,194.66374869120276,2922.0941145861534,3170.713052756965,193.14887191177073,-10134.927934989975,3867.4301737747046
patient_033,434.0,17.36,166.89252486593102,-1575.7106637818758,2579.284004794089,86.64030559600594,-2700.5860773799204,3174.1786649808055,78.99101691530515,-2853.9463749116394,3870.5898144513167
patient_033,435.0,17.4,220.47456593464392,1339.5510267178224,2588.1029874314745,181.37445247184132,2368.3536718958844,3181.433643079679,30.41648662747533,-1214.3632571957455,3871.8064739164156
patient_033,436.0,17.44,146.15062773006102,-1858.0984551145725,2593.949012540677,45.328398919466196,-3401.151338809378,3183.246779036457,85.52006493635074,1377.589457721885,3875.22727651387
patient_033,437.0,17.48,64.50184813953933,-2041.219489763042,2596.5290864662584,132.56564491211162,2180.9311498161355,3188.549404832942,210.9075742777646,3134.687733535347,3883.6635794849803
patient_033,438.0,17.52,110.47840734579712,1149.4139801564447,2600.9482227600906,256.1164859843903,3088.771026806967,3198.7940642723174,339.6889882756588,3219.535349947355,3897.251139016007
patient_033,439.0,17.56,161.07656717921873,1264.9539958355401,2607.391285447259,67.78131998072328,-4708.379150091675,3201.5053170715464,310.85314449384805,-720.8960945452689,3909.6852647957608
patient_033,440.0,17.6,21.188660970944177,-3497.197655206864,2608.238831886097,114.91102996349048,1178.24274956918,3206.101758270086,39.25000666730358,-6790.078445663612,3911.255265062453
patient_033,441.0,17.64,42.30807482833019,527.9853464346504,2609.9311548792302,211.54964456929505,2415.9653651451144,3214.563744052858,135.4721080423659,2405.552534376558,3916.6741493841478
patient_033,442.0,17.68,89.34105669431237,1175.8245466495546,2613.504797147003,177.64105702104857,-847.7146887061622,3221.6693863337,90.29982904837428,-1129.3069748497905,3920.286142546083
patient_033,443.0,17.72,76.56449807297285,-319.41396553348795,2616.567377069922,128.7534581794319,-1222.1899710404166,3226.819524660877,106.10566670612289,395.1459414437153,3924.5303692143275
patient_033,444.0,17.76,42.1510765110966,-860.3355390469064,2618.2534201303656,130.46527429579083,42.7954029089733,3232.0381356327084,332.9085440821302,5670.071934400184,3937.846710977613
patient_033,445.0,17.8,87.42785086169846,1131.9193587650466,2621.7505341648334,173.36161498004583,1072.4085171063748,3238.9726002319103,74.73525365831529,-6454.332260595374,3940.8361211239458
patient_033,446.0,17.84,47.18293899564911,-1006.1227966512338,2623.6378517246594,214.38379145321565,1025.5544118292455,3247.5479518900393,192.53319868254766,2944.9486256058094,3948.537449071248
patient_033,447.0,17.88,136.9988058346002,2245.3966709737774,2629.1178039580436,62.510174365017576,-3796.840427204952,3250.04835886464,152.10697665775334,-1010.6555506198582,3954.621728137558
patient_033,448.0,17.92,101.91182468793227,-877.1745286666985,2633.1942769455613,101.08903147355781,964.4714277135058,3254.0919201235824,93.62535414990298,-1462.040562696259,3958.366742303554
patient_033,449.0,17.96,71.87211605081127,-750.9927159280248,2636.069161587594,29.45928864964918,-1790.7435705977157,3255.2702916695685,182.70719844295166,2227.046107326217,3965.675030241272
patient_033,450.0,18.0,21.917800773640835,-1248.8578819292609,2636.9458736185393,90.73791458064039,1531.9656482747803,3258.8998082527937,261.8474925949341,1978.5073537995615,3976.14892994507
patient_033,451.0,18.04,40.574947500162054,466.42866816303047,2638.5688715185456,205.63972163050556,2872.545176246629,3267.125397118014,373.5111816036461,2791.5922252177993,3991.089377209216
patient_033,452.0,18.08,33.79723716087497,-169.44275848217706,2639.9207610049807,71.40776237354004,-3355.798981424138,3269.9817076129552,68.87078021033312,-7616.010034832824,3993.844208417629
patient_033,453.0,18.12,58.87195492684683,626.8679441492966,2642.2756392020547,85.47215888958608,351.6099129011511,3273.400593968539,151.12199915732842,2056.280473674882,3999.889088383922
patient_033,454.0,18.16,53.892258825757075,-124.49240252724394,2644.4313295550846,104.12436027299856,466.3050345853119,3277.565568379459,151.31879820343326,4.919976152621075,4005.9418403120594
patient_033,455.0,18.2,188.72793371467026,3370.8918722228295,2651.9804469036717,238.9786410087943,3371.3570183948937,3287.1247140198107,305.7186431036122,3859.996122504473,4018.170586036204
patient_033,456.0,18.24,85.34405272671613,-2584.597024698853,2655.3942090127407,67.85974633949665,-4277.9723667324415,3289.8391038733907,69.96833147845261,-5893.757790628989,4020.969319295342
patient_033,457.0,18.28,89.58181286464367,105.94400344818844,2658.9774815273267,110.26332578061748,1060.0894860280207,3294.2496369046153,76.01271479534286,151.10958292225618,4024.0098278871556
patient_033,458.0,18.32,68.13738936809251,-536.1105874137788,2661.70297710205,256.7135630727267,3661.25593230273,3304.5181794275245,255.89471258375767,4497.04994471037,4034.2456163905063
patient_033,459.0,18.36,98.088197908509,748.7702135104122,2665.6265050183906,96.55563134778198,-4003.948293123618,3308.3804046814357,202.93378154728822,-1324.0232759117362,4042.3629676523974
patient_033,460.0,18.4,82.19086627694944,-397.43329078898915,2668.914139669469,91.94208642326033,-115.3386231130412,3312.0580881383667,69.1316615113022,-3345.053000899651,4045.1282341128494
patient_033,461.0,18.44,35.05380189045436,-1178.426609662377,2670.316291745087,47.642350844406344,-1107.4933894713497,3313.963782172143,111.02538459596438,1047.3430771165547,4049.569249496688
patient_033,462.0,18.48,94.7591187479264,1492.6329214368009,2674.106656495004,55.38701855200055,193.61669268985509,3316.1792629142233,113.62757673457097,65.05480346516457,4054.114352566071
patient_033,463.0,18.52,60.3125812059456,-861.1634385495199,2676.5191597432417,42.75741439223512,-315.7401039941357,3317.889559489913,52.26202227229251,-1534.1388615569613,4056.204833456962
patient_033,464.0,18.56,25.58387889920797,-868.2175576684408,2677.54251489921,62.34626118815914,489.7211698981005,3320.383409937439,488.92176354883566,10916.49353191358,4075.7617039989154
patient_033,465.0,18.6,81.17689963598558,1389.8255184194402,2680.7895908846494,118.38147922257019,1400.8804508602764,3325.118669106342,214.13347321492836,-6869.707258347682,4084.3270429275126
patient_033,466.0,18.64,59.98339311415849,-529.8376630456772,2683.188926609216,78.21461619605755,-1004.171575662816,3328.2472537541844,133.48993628443282,-2016.0884232623885,4089.66664037889
patient_033,467.0,18.68,91.84921754452357,796.6456107591271,2686.8628953109974,123.92402163626723,1142.7351360052419,3333.204214619635,75.01957380032019,-1461.7590621028157,4092.6674233309027
patient_033,468.0,18.72,94.87902857218683,75.74527569158143,2690.658056453885,50.52287591057174,-1835.0286431423872,3335.2251296560576,432.6744012930227,8941.370687317563,4109.974399382624
patient_033,469.0,18.76,14.217269133978808,-2016.5439859552005,2691.2267472192443,83.81808138205442,832.3801367870668,3338.5778529113395,311.1719386528323,-3037.56156600476,4122.421276928737
patient_033,470.0,18.8,15.362586757647165,28.63294059170891,2691.84125068955,89.58712312016206,144.22604345269116,3342.1613378361462,84.3050125406737,-5671.6731528039645,4125.793477430364
patient_033,471.0,18.84,21.084442191328232,143.0463858420267,2692.6846283772034,60.08017214480066,-737.6737743840349,3344.5645447219385,75.89103781322227,-210.3493681862858,4128.829118942893
patient_033,472.0,18.88,30.91213458430867,245.69230982451097,2693.921113760576,34.366583252560524,-642.8397223060035,3345.9392080520406,41.82716937477907,-851.59671096108,4130.502205717884
patient_033,473.0,18.92,65.57724601524143,866.6277857733188,2696.5442036011855,47.04315766444956,316.91436029722587,3347.8209343586186,110.06234174568073,1705.8793092725416,4134.904699387712
patient_033,474.0,18.96,86.34412275297004,519.1719184432152,2699.9979685113044,33.70763679676384,-333.3880216921429,3349.1692398304895,65.98394994812676,-1101.959794938849,4137.544057385637
patient_033,475.0,19.0,18.10355478950903,-1706.0141990865252,2700.722110702885,79.96536621610363,1156.4432354834946,3352.3678544791333,139.0636772312533,1826.9931820781635,4143.106604474887
patient_033,476.0,19.04,88.00382724316748,1747.5068113414611,2704.242263792612,133.54499152049678,1339.4906326098287,3357.7096541399533,86.90078143657495,-1304.072394866959,4146.58263573235
patient_033,477.0,19.08,113.21167326002995,630.1961504215619,2708.770730723013,117.81782852606938,-393.1790748606851,3362.422367280996,311.1401422965504,5605.984021499386,4159.028241424213
patient_033,478.0,19.12,124.26632255585754,276.3662323956897,2713.741383625247,380.2866235884672,6561.719876559945,3377.6338322245347,347.84773730691137,917.6898752590248,4172.9421509164895
patient_033,479.0,19.16,205.07545694271124,2020.2283596713426,2721.9444019029556,273.04158944763276,-2681.125853520861,3388.55549580244,558.2373247582165,5259.739686282627,4195.271643906818
patient_033,480.0,19.2,315.87397774669483,2769.96302009959,2734.5793610128235,855.0045912141487,14549.075044162899,3422.755679451006,704.4595607454322,3655.555899680394,4223.450026336635
patient_033,481.0,19.24,189.99489645070253,-3146.9770323998077,2742.179156870852,168.21874124246983,-17169.64624929197,3429.484429100705,159.77052953522823,-13617.2257802551,4229.840847518045
patient_033,482.0,19.28,21.197811498731724,-4219.927123799271,2743.027069330801,67.06106283657049,-2528.9419601474838,3432.1668716141676,75.93524071800117,-2095.8822204306766,4232.878257146765
patient_033,483.0,19.32,152.84642673080216,3291.2153808017606,2749.140926400033,70.9034757199131,96.06032208356545,3435.003010642964,98.86522814607896,573.2496857019448,4236.832866272608
patient_033,484.0,19.36,134.5919408124786,-456.3621479580888,2754.524604032532,105.84324595936937,873.4942559864066,3439.236740481339,15.959873823454688,-2072.633858065607,4237.471261225546
patient_033,485.0,19.4,40.66048709113947,-2348.2863430334783,2756.1510235161777,49.363569637049835,-1411.9919080579884,3441.211283266821,103.78218813939951,2195.5578578986206,4241.622548751122
patient_033,486.0,19.44,17.807343033454263,-571.3286014421302,2756.8633172375157,66.34986609768791,424.6574115159518,3443.8652779107283,34.01187208123805,-1744.2579014540363,4242.983023634371
patient_033,487.0,19.48,28.135446680618283,258.2025911791005,2757.9887351047405,71.11036538157694,119.01248209722581,3446.7096925259916,71.17447652014931,929.0651109727814,4245.830002695177
patient_033,488.0,19.52,26.59404999560705,-38.53491712528081,2759.0524971045647,70.0239408064413,-27.160614378390946,3449.510650158249,14.183254060277822,-1424.7805614967874,4246.3973328575885
patient_033,489.0,19.56,34.594597038847375,200.0136760810081,2760.436280986118,38.4760169464648,-788.6980964994125,3451.049690836108,42.78429218681188,715.0259531633515,4248.10870454506
patient_033,490.0,19.6,44.82202279897843,255.68564400327637,2762.2291618980776,10.810155377591714,-691.6465392218273,3451.482097051212,41.970615615572974,-20.341914280972695,4249.787529169684
patient_033,491.0,19.64,38.192621210476545,-165.73503971254712,2763.7568667464966,69.33188711245674,1463.0432933716256,3454.2553725357097,72.12855545048973,753.9484958729188,4252.672671387703
patient_033,492.0,19.68,77.95670722712985,994.1021504163327,2766.875135035582,117.30098591933861,1199.2274701720469,3458.947411972483,87.45537138253103,383.1703983010325,4256.170886243004
patient_033,493.0,19.72,13.21949253266903,-1618.4303673615204,2767.403914736888,11.505001593944693,-2644.8996081348478,3459.4076120362415,44.289032368084534,-1079.1584753611623,4257.942447537728
patient_033,494.0,19.76,126.74270569259025,2838.080328998031,2772.473622964592,115.84717889372617,2608.5544324945367,3464.0414991919906,110.20546734547368,1647.9108744347286,4262.350666231547
patient_033,495.0,19.8,162.02680277894677,882.1024271589131,2778.95469507575,155.95429239132258,1002.6778374399104,3470.2796708876435,124.9023615506406,367.4223551291732,4267.346760693573
patient_033,496.0,19.84,207.70396048300861,1141.928942601546,2787.26285349507,190.8673608037902,872.8267103116906,3477.9143653197953,54.34002220645317,-1764.058483604686,4269.520361581831
patient_033,497.0,19.88,250.97938313256665,1081.885566238951,2797.3020288203725,177.15656855344926,-342.7698062585236,3485.000628061933,126.2771829888598,1798.429019560166,4274.571448901385
patient_033,498.0,19.92,205.70033955985414,-1131.9760893178127,2805.530042402767,256.1900662321521,1975.837441967571,3495.2482307112195,136.56874592433255,257.2890733868185,4280.034198738359
patient_033,499.0,19.96,185.42096697039062,-506.984314736588,2812.9468810815824,308.5145046567046,1308.1109606138127,3507.5888108974877,264.3433397219287,3194.3648449399043,4290.607932327236
patient_033,500.0,20.0,277.653156821986,2305.804746289884,2824.0530073544614,424.0315080786285,2887.9250855480977,3524.5500712206326,466.039336841963,5042.3999280008575,4309.249505800914
patient_033,501.0,20.04,335.80783160965166,1453.8668696916418,2837.4853206188477,399.62473537232523,-610.1693176575822,3540.535060635526,519.3464826077948,1332.6786441457941,4330.023365105227
patient_033,502.0,20.08,292.56457045249044,-1081.0815289290304,2849.187903436947,132.0494684830609,-6689.381672231608,3545.8170393748483,313.0928628127933,-5156.340494875036,4342.547079617738
patient_033,503.0,20.12,310.3586675034983,444.85242627519597,2861.6022501370876,299.1896430272479,4178.504363604675,3557.7846250959383,232.5705378909252,-2013.058123046703,4351.849901133374
patient_033,504.0,20.16,254.95988416262628,-1384.9695835218,2871.8006455035925,425.16646937892654,3149.420658791966,3574.791283871095,344.065761939662,2787.3806012184205,4365.612531610961
patient_033,505.0,20.2,204.72095795287075,-1255.9731552438884,2879.9894838217074,216.95748132014117,-5205.224701469634,3583.469583123901,174.9351992203019,-4228.264067984002,4372.609939579774
patient_033,506.0,20.24,115.05224962460824,-2241.7177082065627,2884.591573806692,15.828340381928887,-5028.228523455307,3584.1027167391776,151.70281367003466,-580.8096387566814,4378.678052126575
patient_033,507.0,20.28,110.22494053525321,-120.68272723387565,2889.000571428102,21.628064946845708,144.9931141229205,3584.9678393370514,67.35229386080802,-2108.762995230666,4381.372143881007
patient_033,508.0,20.32,431.6085578778983,8034.590433566127,2906.264913743218,258.14461193086584,5912.913674600503,3595.293623814286,328.25230313185807,6522.500231776252,4394.502236006281
patient_033,509.0,20.36,630.7027204850672,4977.354065179222,2931.4930225626204,465.01746944089325,5171.821437750686,3613.8943225919215,346.0665054180331,445.3550571543758,4408.344896223002
patient_033,510.0,20.4,646.5808959241425,396.9543859768834,2957.3562583995863,945.1727178964958,12003.881211390064,3651.701231307781,726.7562556975372,9517.243756987602,4437.415146450904
patient_033,511.0,20.44,240.63447496763476,-10148.660523912693,2966.9816373982917,380.2960977029981,-14121.915504837443,3666.9130752159017,600.9758696850521,-3144.5096503121276,4461.454181238306
patient_033,512.0,20.48,176.82961528380253,-1595.121492095806,2974.0548220096434,328.4510542452197,-1296.1260864444598,3680.0511173857103,430.47241852476236,-4262.586279007243,4478.673077979296
patient_033,513.0,20.52,111.58781113851315,-1631.0451036322345,2978.518334455184,255.59945675277996,-1821.2899373109942,3690.2750956558216,533.043863658783,2564.286128350517,4499.994832525647
patient_033,514.0,20.56,146.17077669346324,864.5741388737523,2984.3651655229223,356.54428475536156,2523.62070006454,3704.536867046036,139.03614137372512,-9850.193057126447,4505.556278180597
patient_033,515.0,20.6,308.51045076101013,4058.4918516886723,2996.7055835533624,444.35976365611,2195.3869725187105,3722.3112575922805,555.2174004186147,10404.53147612224,4527.764974197341
patient_033,516.0,20.64,400.95250023035834,2311.051236733705,3012.7436835625767,525.5744777399408,2030.3678520957703,3743.334236701878,578.1936076168845,574.4051799567444,4550.892718502016
patient_033,517.0,20.68,560.3847800447339,3985.80699535939,3035.1590747643663,702.8649273196127,4432.261239491797,3771.4488337946623,547.6586326174887,-763.3743749848946,4572.799063806716
patient_033,518.0,20.72,559.0755046248105,-32.731885498085944,3057.5220949493587,565.8711040964331,-3424.8455805794893,3794.0836779585197,587.0786260850844,985.4998366898911,4596.282208850119
patient_033,519.0,20.76,409.50532237160917,-3739.254556330033,3073.9023078442233,480.51916702900405,-2133.798426685726,3813.30444463968,491.4647057472915,-2390.348008444822,4615.94079708001
patient_033,520.0,20.8,315.61571076002264,-2347.2402902896633,3086.526936274624,175.3598979463406,-7628.981727066586,3820.3188405575333,109.1080647628852,-9558.916024610156,4620.3051196705255
patient_033,521.0,20.84,199.4097375407465,-2905.1493304819032,3094.5033257762534,239.03384555332823,1591.848690174691,3829.880194379667,440.16059328312656,8276.313213006035,4637.911543401851
patient_033,522.0,20.88,125.21927564994472,-1854.7615472700447,3099.512096802251,105.2708835261505,-3344.074050679443,3834.091029720713,117.32051810153246,-8071.001879539853,4642.604364125913
patient_033,523.0,20.92,252.58063472532257,3184.033976884446,3109.615322191264,199.02075114819164,2343.746690551028,3842.05185976664,197.14729523002467,1995.6694282123053,4650.490255935114
patient_033,524.0,20.96,632.0850677166258,9487.61082478258,3134.898724899929,465.6452884864799,6665.613433457207,3860.6776713060995,565.1135715766997,9199.156908666875,4673.094798798182
patient_033,525.0,21.0,730.6270136648858,2463.548648706501,3164.123805446525,766.4240857275016,7519.469931025543,3891.3346347351994,99.7801054454709,-11633.33665328072,4677.086003016
patient_033,526.0,21.04,721.3606479826999,-231.6591420546473,3192.9782313658325,893.8322792931991,3185.204839142438,3927.0879259069275,1090.8702616995092,24777.253906350958,4720.720813483981
patient_033,527.0,21.08,405.11633944095024,-7906.107713543742,3209.1828849434705,422.07589689040896,-11793.909560069755,3943.9709617825442,324.5466305523417,-19158.09077867919,4733.702678706075
patient_033,528.0,21.12,138.52886290089106,-6664.6869135014795,3214.724039459506,206.0829092966073,-5399.824689845041,3952.214278154408,269.59790287003227,-1373.7181920577357,4744.486594820876
patient_033,529.0,21.16,101.54443352988636,-924.6107342751174,3218.7858168007015,305.3160818264437,2480.8293132459094,3964.426921427466,567.472128217528,7446.855633687394,4767.185479949578
patient_033,530.0,21.2,181.70370792132127,2003.9818597858725,3226.053965117554,291.96357281865176,-333.8127251947981,3976.105464340212,321.6869869292232,-6144.628532207621,4780.052959426746
patient_033,531.0,21.24,350.84764695354096,4228.598475805492,3240.0878709956955,453.49887455979365,4038.382543528547,3994.245419322604,715.5736877364506,9847.167520180683,4808.675906936205
patient_033,532.0,21.28,483.2580596855102,3310.260318299231,3259.418193383116,693.7498124208441,6006.273446526262,4021.995411819438,626.0123265948587,-2239.034028539797,4833.716399999999
patient_033,533.0,21.32,613.761783149971,3262.5930866115214,3283.968664709115,816.5504166622434,3070.015106034981,4054.6574284859275,950.9625790457633,8123.756311272615,4871.75490316183
patient_033,534.0,21.36,640.3401040208812,664.4580217727537,3309.58226886995,778.1261739592649,-960.6060675744629,4085.7824754442977,998.4093343513114,1186.1688826387024,4911.691276535883
patient_033,535.0,21.4,679.2365546684106,972.4112661882344,3336.751731056687,586.6114814485076,-4787.867312768933,4109.246934702238,672.738536318523,-8141.76995081971,4938.600817988623
patient_033,536.0,21.44,489.94883256887647,-4732.193052488353,3356.3496843594417,428.8633936815402,-3943.7021941741846,4126.4014704495,520.9313973077321,-3795.1784752697704,4959.438073880932
patient_033,537.0,21.48,155.09607985309006,-8371.31881789466,3362.5535275535653,220.4027292615092,-5211.516610500775,4135.21757961996,199.16855613266785,-8044.071029376608,4967.40481612624
patient_033,538.0,21.52,184.6039261440853,737.6961572748812,3369.937684599329,59.50316286455103,-4022.489159923954,4137.597706134542,110.86251911827074,-2207.6509253599274,4971.839316890971
patient_033,539.0,21.56,292.44565550717994,2696.043234077366,3381.6355108196162,337.85129887098867,6958.703400160941,4151.1117580893815,175.23901333555452,1609.4123554320945,4978.848877424392
patient_033,540.0,21.6,570.1823186214544,6943.416577856862,3404.4428035644746,378.1178159974577,1006.6629281617253,4166.23647072928,452.75495156564574,6937.898455752282,4996.959075487018
patient_033,541.0,21.64,894.7904563854007,8115.203444098657,3440.2344218198905,760.8132074956764,9567.384787455467,4196.668999029107,784.9174254170025,8304.06184628392,5028.355772503698
patient_033,542.0,21.68,929.0416689080656,856.2803130666225,3477.3960885762126,822.8606727060971,1551.18663026052,4229.5834259373505,1042.4260302637383,6437.715121168395,5070.052813714248
patient_033,543.0,21.72,735.763783008622,-4831.94714748609,3506.8266398965575,964.7652929155635,3547.615505236658,4268.174037653973,772.2187925487257,-6755.180942875316,5100.941565416197
patient_033,544.0,21.76,344.515787785922,-9781.199880567501,3520.607271407994,599.3196439786412,-9136.141223423056,4292.146823413119,306.9393471799714,-11631.986134218858,5113.219139303395
patient_033,545.0,21.8,100.0158122329915,-6112.499388823262,3524.6079038973135,437.04380736670635,-4056.8959152983725,4309.628575707787,323.1673806418343,405.7008365465734,5126.145834529069
patient_033,546.0,21.84,158.4918420089778,1461.900744399658,3530.9475775776727,90.54896802863848,-8662.370983451698,4313.250534428933,428.9648258949057,2644.9361313267846,5143.304427564865
patient_033,547.0,21.88,254.59703946012306,2402.6299362786312,3541.1314591560777,281.38741209729557,4770.961101716427,4324.506030912824,505.13546031755214,1904.2658605661613,5163.509845977567
patient_033,548.0,21.92,346.2786677869496,2292.0407081706635,3554.9826058675553,335.99854666322017,1365.278364148115,4337.945972779353,419.92192660206376,-2130.3383428872094,5180.30672304165
patient_033,549.0,21.96,431.7371561520459,2136.4622091274073,3572.252092113637,666.8167461303071,8270.454986677174,4364.618642624566,612.1866551173023,4806.618212880963,5204.794189246342
patient_033,550.0,22.0,535.577686060937,2596.0132477222787,3593.6751995560744,480.8614210524339,-4648.883126946831,4383.853099466663,443.28215684749875,-4222.612456745088,5222.525475520242
patient_033,551.0,22.04,300.5454166822985,-5875.806734465964,3605.6970162233665,398.1068420194785,-2068.864475823885,4399.777373147442,152.25722383034756,-7275.623325428779,5228.615764473457
patient_033,552.0,22.08,144.99225186619645,-3888.829120402551,3611.496706298014,147.68395056617766,-6260.572286332521,4405.684731170089,89.00058064363365,-1581.4160796678475,5232.175787699202
patient_033,553.0,22.12,76.35271244208731,-1715.9884856027286,3614.550814795698,159.46006055989014,294.402749842812,4412.063133592485,162.05177010809192,1826.2797366114564,5238.657858503526
patient_033,554.0,22.16,438.5751157392244,9055.560082428427,3632.0938194252667,376.8682277088675,5435.204178724434,4427.13786270084,386.1453761482914,5602.340151004987,5254.103673549457
patient_033,555.0,22.2,666.3460645434546,5694.273720105757,3658.7476620070047,508.96895894132945,3302.5182808115487,4447.4966210584935,740.6839164582316,8863.463507748504,5283.731030207786
patient_033,556.0,22.24,648.4381919144018,-447.6968157263201,3684.685189683581,851.0103718869266,8551.035323639928,4481.5370359339695,682.022141773536,-1466.5443671173903,5311.011915878728
patient_033,557.0,22.28,374.74472844379005,-6842.336586765295,3699.674978821333,352.19109637434946,-12470.481887814429,4495.6246797889435,222.2910467481412,-11493.277375634869,5319.903557748654
patient_033,558.0,22.32,109.37768014441677,-6634.176207484332,3704.0500860271095,321.78335543097586,-760.1935235843399,4508.496014006183,590.5887867848091,9207.4435009167,5343.527109220046
patient_033,559.0,22.36,23.478848850547408,-2147.4707823467343,3704.9892399811315,45.5151335110361,-6906.705547998495,4510.316619346624,156.55749807558013,-10850.782217730724,5349.78940914307
patient_033,560.0,22.4,204.79571283459657,4532.92159960123,3713.1810684945153,361.7390065181506,7905.596825177862,4524.78617960735,369.31459166562655,5318.927339751161,5364.561992809696
patient_033,561.0,22.44,395.41959368249275,4765.5970211974045,3728.9978522418155,138.57333918523034,-5579.141683323006,4530.329113174759,366.5005166783093,-70.35187468293174,5379.222013476829
patient_033,562.0,22.48,444.67614054258274,1231.41367150225,3746.7848978635184,641.4207475909751,12571.18521014362,4555.985943078399,571.2202099287854,5117.992331261902,5402.07082187398
patient_033,563.0,22.52,527.5055262808387,2070.7346434563988,3767.885118914752,761.3408395213941,2998.0022982604737,4586.439576659254,751.2763719818463,4501.404051326523,5432.121876753253
patient_033,564.0,22.56,481.23553657385895,-1156.7497426744935,3787.134540377707,628.5710543660663,-3319.2446288831943,4611.5824188338975,523.4965663469496,-5694.495140872416,5453.061739407131
patient_033,565.0,22.6,233.84840160483145,-6184.678374225688,3796.4884764419003,81.36516416272624,-13680.1472550835,4614.837025400406,79.06754632035174,-11110.725500664947,5456.224441259946
patient_033,566.0,22.64,5.296377597640852,-5713.800600179765,3796.7003315458055,29.775113955149926,-1289.7512551894079,4616.028029958612,186.32003787543695,2681.3122888771304,5463.677242774964
patient_033,567.0,22.68,234.24423608411993,5723.696462161977,3806.0701009891704,186.56925121425067,3919.853431477519,4623.490800007183,256.89132350395226,1764.282140712883,5473.9528957151215
patient_033,568.0,22.72,508.2737350668686,6850.7374745687175,3826.4010503918457,406.2874664585262,5492.955381106888,4639.742298665524,341.51776246449805,2115.6609740136446,5487.613606213701
patient_033,569.0,22.76,646.933390184461,3466.4913779398107,3852.278385999224,526.7209431437058,3010.83691712949,4660.811136391272,433.1972536657772,2291.9872800319795,5504.941496360332
patient_033,570.0,22.8,441.4666946097358,-5136.667389368131,3869.937053783614,641.3267594369788,2865.1454073318264,4686.464206768751,563.285260680867,3252.2001753772456,5527.472906787567
patient_033,571.0,22.84,195.93702125690095,-6138.241833820871,3877.77453463389,401.412805787836,-5997.84884122857,4702.520719000265,502.0562451973926,-1530.7253870868608,5547.555156595463
patient_033,572.0,22.88,84.80857236121093,-2778.2112223922504,3881.166877528339,275.9273153478269,-3137.137261000228,4713.557811614178,434.2152003467385,-1696.0261212663524,5564.9237646093325
patient_033,573.0,22.92,104.10165844031162,482.32715197751725,3885.330943865951,237.14036810272634,-969.6736811275138,4723.043426338287,134.40643637744165,-7495.219099232422,5570.30002206443
patient_033,574.0,22.96,317.38405122474364,5332.059819610801,3898.026305914941,203.3423456731117,-844.9505607403659,4731.177120165212,349.3992264324107,5374.819751374227,5584.275991121726
patient_033,575.0,23.0,476.44206775999373,3976.4504133812525,3917.0839886253407,458.1714017785062,6370.726402634862,4749.503976236352,557.9327668234833,5213.338509776815,5606.593301794665
patient_033,576.0,23.04,450.9848275168903,-636.4310060775864,3935.1233817260163,539.9498022235558,2044.4600111262403,4771.1019683252935,542.667715448125,-381.62628438395814,5628.30001041259
patient_033,577.0,23.08,566.104196346416,2877.984220738142,3957.7675495798735,729.4642704012516,4737.8617044423945,4800.280539141344,602.737836378345,1501.7530232555005,5652.409523867724
patient_033,578.0,23.12,470.9250220400431,-2379.479357659322,3976.6045504614754,588.522383171297,-3523.5471807488666,4823.821434468196,449.5882917995599,-3828.7386144696284,5670.393055539706
patient_033,579.0,23.16,310.9651509669238,-3998.9967768279826,3989.043156500152,270.30212103065185,-7955.5065535161275,4834.633519309422,246.22361788392294,-5084.116847890924,5680.242000255063
patient_033,580.0,23.2,64.38645898798842,-6164.467299473384,3991.618614859671,46.993092909950654,-5582.72570301753,4836.51324302582,70.70838421554312,-4387.880841709496,5683.0703356236845
patient_033,581.0,23.24,126.61631534061512,1555.7464088156673,3996.6832674732955,89.20612801420155,1055.3258776062726,4840.0814881463875,178.99913214007384,2707.268698113268,5690.2303009092875
patient_033,582.0,23.28,315.6482819516295,4725.799165275359,4009.3091987513603,192.46031092530038,2581.3545727774704,4847.7799005834,264.8826474720403,2147.0878832991607,5700.825606808169
patient_033,583.0,23.32,526.1889658474106,5263.517097394528,4030.356757385257,537.370341394783,8622.750761737067,4869.274714239192,572.2015611986491,7682.97284316522,5723.713669256115
patient_033,584.0,23.36,664.3029812453233,3452.850384947817,4056.9288766350696,620.7972203154094,2085.6719730156583,4894.106603051808,414.0422515252179,-3953.982741835779,5740.275359317124
patient_033,585.0,23.4,548.6226382234721,-2892.008575546279,4078.8737821640084,800.1812647260759,4484.601110266663,4926.113853640851,817.6498709035101,10090.190484457304,5772.981354153265
patient_033,586.0,23.44,406.4596258491801,-3554.0753093573003,4095.132167197976,519.9810858644057,-7005.004471541755,4946.913097075427,545.6663351078413,-6799.58839489172,5794.808007557578
patient_033,587.0,23.48,114.50050423698045,-7298.978040304991,4099.712187367455,199.47723227853254,-8012.59633964683,4954.892186366568,268.6089299301387,-6926.435129442565,5805.552364754784
patient_033,588.0,23.52,57.94600009531045,-1413.8626035417499,4102.030027371267,65.24365509612828,-3355.839429560106,4957.501932570413,100.43324639956437,-4204.392088264358,5809.569694610766
patient_033,589.0,23.56,205.21990199354417,3681.8475474558427,4110.238823451009,309.18200289035235,6098.458694855602,4969.869212686027,409.976211481174,7738.5741270402405,5825.968743070013
patient_033,590.0,23.6,303.03044930034713,2445.263682670074,4122.360041423023,337.6997155554566,712.9428166276057,4983.377201308245,342.17328253270364,-1695.073223711759,5839.655674371321
patient_033,591.0,23.64,384.20392061925105,2029.336782972598,4137.728198247793,440.3920570451979,2567.3085372435326,5000.992883590054,468.05083389980615,3146.938784177563,5858.377707727314
patient_033,592.0,23.68,595.2895905295825,5277.141747758285,4161.539781868977,550.8987448298678,2762.667194616749,5023.028833383249,603.1641351166215,3377.8325304203845,5882.504273131979
patient_033,593.0,23.72,510.7775201476059,-2112.8017595494143,4181.970882674881,600.2091772452897,1232.7608103855455,5047.03720047306,518.3355150857421,-2120.715500771985,5903.237693735409
patient_033,594.0,23.76,401.8153059112651,-2724.05535590852,4198.043494911331,353.8200467114192,-6159.728263346761,5061.190002341516,304.59948556051677,-5343.400738130635,5915.42167315783
patient_033,595.0,23.8,153.2910184035036,-6213.107187694038,4204.1751356474715,97.18901890483251,-6415.775695164668,5065.07756309771,398.67703945574897,2351.938847380805,5931.36875473606
patient_033,596.0,23.84,37.41288198373057,-2896.953410494326,4205.671650926821,92.23630062486363,-123.81795699922193,5068.767015122704,97.05345203401525,-7540.589685543343,5935.25089281742
patient_033,597.0,23.88,193.80632739994243,3909.836135405297,4213.4239040228185,184.9560164060841,2317.992894530512,5076.1652557789475,114.43645938224057,434.575183705633,5939.828351192709
patient_033,598.0,23.92,436.04477770702835,6055.961257677148,4230.8656951310995,578.6993343494798,9843.582948584894,5099.313229152927,820.44122615794,17650.119169392485,5972.646000239027
patient_033,599.0,23.96,741.1886560249912,7628.596957949073,4260.513241372099,711.0408789637503,3308.538615356761,5127.754864311477,774.900190746515,-1138.5258852856255,6003.642007868888
patient_033,600.0,24.0,713.9131181473272,-681.888446941602,4289.069766097992,644.150597096017,-1672.257046693332,5153.520888195318,619.0162296814825,-3897.0990266258127,6028.402657056148
patient_033,601.0,24.04,428.7562660263298,-7128.921303024934,4306.220016739046,619.2972438390434,-621.3338314243401,5178.292777948879,542.5925498500865,-1910.591995784901,6050.106359050152
patient_033,602.0,24.08,179.7069057259504,-6226.234007509484,4313.4082929680835,190.19276867696817,-10727.611879051881,5185.900488695957,235.32468673000255,-7681.696578002098,6059.5193465193515
patient_033,603.0,24.12,74.98262595037795,-2618.1069943893112,4316.407598006099,118.36139999764137,-1795.78421698317,5190.634944695863,249.94053078469182,365.39610136723155,6069.516967750739
patient_033,604.0,24.16,291.6830817663725,5417.511395399863,4328.074921276753,304.27264832904893,4647.781208285189,5202.8058506290245,306.59290090583295,1416.3092530285282,6081.780683786973
patient_033,605.0,24.2,309.9952010295909,457.8029815804598,4340.474729317937,302.9848765303217,-32.194294968181225,5214.925245690238,455.8449693684916,3731.3017115664666,6100.014482561712
patient_033,606.0,24.24,523.4101209168423,5335.372997181285,4361.411134154611,552.7201377450003,6243.381530366966,5237.0340512000375,670.1911703363539,5358.655024196558,6126.822129375167
patient_033,607.0,24.28,611.0655360851333,2191.385379207276,4385.8537555980165,985.3161358435605,10814.899952464004,5276.4466966337795,889.5685212589061,5484.433773063804,6162.404870225523
patient_033,608.0,24.32,591.6284076975904,-485.9282096885721,4409.51889190592,574.0417838953756,-10281.858798704621,5299.408367989594,669.8629979502894,-5492.638082715419,6189.199390143534
patient_033,609.0,24.36,559.142305265288,-812.1525608075615,4431.884584116531,565.5041311023172,-213.44131982646104,5322.028533233687,568.2420293209349,-2540.524215733862,6211.929071316372
patient_033,610.0,24.4,47.49959661437179,-12791.067716272904,4433.784567981106,143.43926778457805,-10551.621582943477,5327.76610394507,42.265343663101106,-13149.417141445843,6213.619685062897
patient_033,611.0,24.44,407.10150492480636,8990.047707760865,4450.068628178098,598.4060941825949,11374.17065995042,5351.702347712375,157.21904165286924,2873.8424497442033,6219.908446729011
patient_033,612.0,24.48,125.84725303607306,-7031.356297218332,4455.102518299542,359.0489247721308,-5983.929235261601,5366.06430470326,653.7900203803238,12414.274468186362,6246.060047544223
patient_033,613.0,24.52,161.89161456698446,901.109038272785,4461.578182882221,161.2233667635136,-4945.63895021543,5372.5132393737995,111.7928841172116,-13549.928406577805,6250.531762908912
patient_033,614.0,24.56,526.0212592640152,9103.241117425767,4482.619033252781,495.9744557733916,8368.77722524695,5392.352217604735,502.05467550834425,9756.544784778316,6270.613949929247
patient_033,615.0,24.6,729.3192215665772,5082.449057564051,4511.791802115445,891.2014294968359,9880.674343086108,5428.000274784609,725.1385233177783,5577.096195235852,6299.619490861958
patient_033,616.0,24.64,902.612262767201,4332.3260300155935,4547.896292626133,727.4008106787286,-4095.015470452682,5457.096307211758,676.4780797413918,-1216.5110894096642,6326.678614051613
patient_033,617.0,24.68,738.6611426342162,-4098.77800332462,4577.4427383315015,869.7039894772003,3557.579469961792,5491.884466790845,835.5623931938679,3977.1078363119045,6360.101109779368
patient_033,618.0,24.72,317.24682272602803,-10535.357997704703,4590.132611240542,490.42101440483236,-9482.074376809198,5511.501307367039,898.3224112024825,1569.0004502153643,6396.034006227466
patient_033,619.0,24.76,23.646194356777908,-7340.015709231253,4591.078459014813,106.80030123085952,-9590.51782934932,5515.773319416273,386.8136887298313,-12787.71806181628,6411.50655377666
patient_033,620.0,24.8,16.057167238862412,-189.7256779478874,4591.720745704368,55.09771319359345,-1292.5647009316517,5517.977227944017,85.26800002381303,-7538.642217650457,6414.9172737776125
patient_033,621.0,24.84,220.8409384708882,5119.594280800645,4600.554383243204,163.40054769782188,2707.5708626057108,5524.51324985193,522.4151799535086,10928.67949824239,6435.813880975753
patient_033,622.0,24.88,460.53459028587326,5992.3412953746265,4618.975766854638,228.0340748901839,1615.8381798090502,5533.634612847538,644.5684739706224,3053.832350427845,6461.5966199345785
patient_033,623.0,24.92,898.1781713167662,10941.089525772324,4654.902893707309,1273.3152317131571,26132.02892057433,5584.567222116063,1213.0296446068153,14211.529265904821,6510.117805718851
patient_033,624.0,24.96,739.8562896739181,-3958.0470410712023,4684.497145294266,975.2041160438289,-7452.777891733205,5623.575386757817,737.2023601551676,-11895.682111291191,6539.605900125058
patient_033,625.0,25.0,645.0065900842269,-2371.2424897422807,4710.297408897635,473.85972727335457,-12533.609719261858,5642.52977584875,961.3906348351449,5604.7068669994305,6578.061525518464
patient_033,626.0,25.04,414.8880966213995,-5752.962336570686,4726.892932762491,173.89838894201975,-7499.033458283369,5649.4857114064325,243.59805897704155,-17944.814396452584,6587.805447877546
patient_033,627.0,25.08,190.09690877791286,-5619.779696087166,4734.496809113608,144.74536535228438,-728.8255897433842,5655.275526020523,341.84520943467777,2456.1787614409054,6601.479256254933
patient_033,628.0,25.12,17.555580237181346,-4313.533213518288,4735.199032323095,97.37573729959652,-1184.2407013171965,5659.170555512507,16.435455219840232,-8135.243855370939,6602.136674463727
patient_033,629.0,25.16,273.61988892272,6401.607717138467,4746.143827880004,154.86988388822235,1437.3536647156457,5665.365350868036,95.08275320312312,1966.182449582072,6605.9399845918515
patient_033,630.0,25.2,561.0019777062757,7184.552219588893,4768.583906988255,378.88454099122504,5600.366427575067,5680.520732507684,732.046788357169,15924.100878851146,6635.221856126138
patient_033,631.0,25.24,43.135213219945406,-12946.669112158259,4770.309315517053,83.58963033742171,-7382.372766345083,5683.864317721182,55.61145121483962,-16910.883428558234,6637.446314174732
patient_033,632.0,25.28,809.4192492674308,19157.100901187136,4802.68608548775,802.4631570754896,17971.838168451697,5715.9628440042015,785.6084708237375,18249.92549022245,6668.8706530076815
patient_033,633.0,25.32,831.7921306677447,559.3220350078468,4835.95777071446,808.041743546068,139.46466176446108,5748.284513746044,761.041022292018,-614.1862132929873,6699.312293899362
patient_033,634.0,25.36,670.7671959515569,-4025.6233679046945,4862.788458552522,783.152644895822,-622.2274662561489,5779.610619541877,695.7383517576267,-1632.5667633597845,6727.141827969667
patient_033,635.0,25.4,471.50536768871,-4981.545706571173,4881.64867326007,1079.0201661674212,7396.688031789978,5822.771426188573,843.1629475308476,3685.6148943305243,6760.868345870902
patient_033,636.0,25.44,40.455368895725556,-10776.249969824612,4883.266888015899,48.239998127501934,-25769.504200997984,5824.701026113674,277.4374257530754,-14143.138044444306,6771.965842901025
patient_033,637.0,25.48,78.15296183659315,942.4398235216898,4886.393006489362,21.16910975067795,-676.7722094205996,5825.5477905037005,274.1617385951196,-81.89217894889538,6782.932312444829
patient_033,638.0,25.52,351.2683467571938,6827.884623015017,4900.44374035965,354.2945696185372,8328.136496696481,5839.719573288442,245.40763165987204,-718.8526733811884,6792.748617711224
patient_033,639.0,25.56,524.9577031957328,4342.233910963476,4921.442048487479,526.0341206561286,4293.488775939785,5860.760938114688,557.2315957354991,7795.599101890677,6815.037881540645
patient_033,640.0,25.6,544.244472847143,482.1692412852542,4943.211827401366,791.9305614816252,6647.411020637415,5892.438160573953,787.932381566606,5767.519645777671,6846.555176803309
patient_033,641.0,25.64,97.42977571171023,-11170.36742838582,4947.109018429834,152.01999088084594,-15997.764265019481,5898.518960209188,62.81831566789143,-18127.851647467865,6849.067909430025
patient_033,642.0,25.68,397.9540388658948,7513.106578854614,4963.0271799844695,329.1003725624343,4427.009542039709,5911.682975111686,780.4624867543282,17941.10427716092,6880.286408900197
patient_033,643.0,25.72,435.8430289115183,947.2247511405868,4980.46090114093,941.2829641174756,15304.56478887603,5949.334293676384,952.311389317601,4296.222564081819,6918.378864472901
patient_033,644.0,25.76,278.02556538772797,-3945.4365880947576,4991.581923756439,651.6746348366344,-7240.20823202103,5975.40127906985,605.8771289571721,-8660.856509010722,6942.613949631187
patient_033,645.0,25.8,325.7018181010864,1191.9063178339613,5004.6099964804835,544.8521017058393,-2670.5633282698755,5997.195363138084,327.0920204257557,-6969.627713285409,6955.697630448217
patient_033,646.0,25.84,355.7835793057931,752.0440301176677,5018.841339652715,67.501966797664,-11933.753372704383,5999.89544180999,318.0189498159142,-226.82676524603806,6968.418388440853
patient_033,647.0,25.88,530.2601502802027,4361.914274360238,5040.051745663923,463.66213141481387,9904.004115428746,6018.441927066583,571.1970444573844,6329.452366036756,6991.266270219149
patient_033,648.0,25.92,322.9557606582135,-5182.609740549729,5052.969976090251,455.68247040799827,-199.4915251703901,6036.6692258829025,468.505609603705,-2567.2858713419855,7010.006494603298
patient_033,649.0,25.96,227.7645708228464,-2379.779745884177,5062.080558923165,243.02944619305586,-5316.32560537356,6046.390403730625,379.913693225534,-2214.7979094542748,7025.2030423323195
patient_033,650.0,26.0,271.8038694854418,1100.982466564885,5072.952713702583,237.39114924300128,-140.95742375136453,6055.886049700344,802.5403031620947,10565.665248414016,7057.304654458803
patient_033,651.0,26.04,131.83736603083892,-3499.162586365072,5078.226208343816,57.527849240589816,-4496.582500060286,6058.187163669968,917.4090726484992,2871.719237160113,7094.001017364743
patient_033,652.0,26.08,31.85638365244837,-2499.5245594597636,5079.500463689915,12.607635542738908,-1123.0053424462728,6058.691469091677,113.84947513266081,-20088.98993789596,7098.55499637005
patient_033,653.0,26.12,12.458805934011068,-484.9394429609325,5079.998815927275,138.41097587408126,3145.083508283559,6064.227908126641,273.3545240537271,3987.6262230266575,7109.489177332198
patient_033,654.0,26.16,115.92169691129763,2586.5722744321642,5084.635683803728,141.40430131372926,74.8331359912001,6069.88408017919,144.4970738856311,-3221.4362542024005,7115.269060287624
