patient,frame,time_s,wrist_speed_mm_s,wrist_accel_mm_s2,wrist_path_mm,thumb_tip_speed_mm_s,thumb_tip_accel_mm_s2,thumb_tip_path_mm,index_finger_tip_speed_mm_s,index_finger_tip_accel_mm_s2,index_finger_tip_path_mm
patient_204,0.0,0.0,,,0.0,,,0.0,,,0.0
patient_204,1.0,0.04,71.09057370523422,,2.8436229482093687,187.7596675232508,,7.510386700930033,293.85327072704587,,11.754130829081834
patient_204,2.0,0.08,30.001040040987412,-1027.2383416061703,4.043664549848866,376.0837540806705,4708.102163935491,22.553736864156853,197.9155886245183,-2398.442052563189,19.670754374062568
patient_204,3.0,0.12,40.9588157898149,273.9443937206872,5.682017181441462,124.56196390401972,-6288.044754416269,27.536215420317646,516.5998244995476,7967.1058968757325,40.334747354044474
patient_204,4.0,0.16,25.01234678859251,-398.66172503055975,6.682511052985162,81.02311723612829,-1088.4711666972858,30.777140109762776,99.10692485093324,-10437.322491215358,44.2990243480818
patient_204,5.0,0.2,37.06280581143363,301.2614755710279,8.165023285442508,45.49599551910534,-888.1780429255735,32.59697993052699,54.58039741781369,-1113.1631858279886,46.48224024479435
patient_204,6.0,0.24,44.2763382563936,180.33831112399935,9.936076815698252,47.17334870833148,41.93382973065347,34.48391387886025,49.124676840302136,-136.3930144377889,48.44722731840643
patient_204,7.0,0.28,21.942259898029345,-558.3519589591064,10.813767211619426,78.50287625316159,783.2381886207527,37.62402892898671,33.502126372709874,-390.56376168980654,49.787312373314826
patient_204,8.0,0.32,12.541660843478839,-235.01497636376266,11.31543364535858,70.87772417658722,-190.62880191435914,40.4591378960502,30.627325992023884,-71.87000951714975,51.012405412995776
patient_204,9.0,0.36,12.379735679264563,-4.048129105356901,11.810623072529163,131.66574356408427,1519.700484687426,45.72576763861357,36.35610120003584,143.21938020029881,52.46664946099722
patient_204,10.0,0.4,5.980172778748449,-159.98907251290285,12.049829983679102,76.98249576199062,-1367.0811950523412,48.80506746909319,47.32203179419762,274.14826485404456,54.359530732765116
patient_204,11.0,0.44,19.001908156552215,325.54338444509415,12.809906309941189,55.36779698067552,-540.3674695328775,51.01977934832021,46.6732199713456,-16.220295571300447,56.226459531618936
patient_204,12.0,0.48,5.861198073646631,-328.5177520726396,13.044354232887054,20.120784695789563,-881.1753071221489,51.8246107361518,20.71439831984492,-648.970541287517,57.05503546441274
patient_204,13.0,0.52,6.629967801377683,19.219243193276302,13.309552944942162,24.597201448246576,111.91041881142532,52.80849879408166,22.97337852137355,56.47450503821574,57.97397060526769
patient_204,14.0,0.56,10.94740404854013,107.93590617906119,13.747449106883767,5.935152444312451,-466.55122509835314,53.045904891854164,11.166483137938302,-295.1723845858812,58.42062993078522
patient_204,15.0,0.6,11.319024192586928,9.290503601169942,14.200210074587243,18.6974834235912,319.0582744819688,53.79380422879781,20.272858976447704,227.65939596273506,59.23154428984312
patient_204,16.0,0.64,12.290064318497729,24.27600314777001,14.691812647327154,80.72736841258435,1550.7471247248288,57.02289896530118,39.90980978668538,490.92377025594186,60.82793668131054
patient_204,17.0,0.68,22.754415892773288,261.60878935688896,15.601989283038085,99.77142932429102,476.10152279266663,61.01375613827282,67.79932539443413,697.2378901937188,63.53990969708791
patient_204,18.0,0.72,30.095025154011193,183.51523153094763,16.805790289198534,156.0919892669649,1408.013998566847,67.25743570895142,119.06506760344004,1281.6435552251478,68.3025124012255
patient_204,19.0,0.76,20.40867920272874,-242.15864878206128,17.622137457307684,90.55558090819777,-1638.4102089691783,70.87965894527933,18.851876063421553,-2505.329788500462,69.05658744376237
patient_204,20.0,0.8,23.224261674348043,70.38956179048253,18.551107924281606,52.05515920589305,-962.510542557618,72.96186531351505,29.35719904197721,262.63307446389143,70.23087540544145
patient_204,21.0,0.84,27.46024761150711,105.8996484289767,19.64951782874189,42.55121022745349,-237.598724460989,74.66391372261319,124.70457135989767,2383.6843079480113,75.21905825983737
patient_204,22.0,0.88,8.328170095097695,-478.30193791023544,19.982644632545796,40.06161479989709,-62.23988568890988,76.26637831460907,65.32837118126233,-1484.4050044658836,77.83219310708786
patient_204,23.0,0.92,4.459165209622801,-96.72512213687234,20.16101124093071,25.925308956139432,-353.40764609394154,77.30339067285465,29.377368313415264,-898.7750716961766,79.00728783962447
patient_204,24.0,0.96,13.276486146621725,220.43302342497307,20.692070686795578,10.267016945686125,-391.45730026133265,77.7140713506821,42.75339114286534,334.4005707362519,80.71742348533908
patient_204,25.0,1.0,10.742404309758395,-63.35204592158323,21.121766859185914,18.904588040123084,215.93927736092397,78.47025487228703,10.054035306362342,-817.4838959125749,81.11958489759358
patient_204,26.0,1.04,5.150809639363403,-139.78986675987483,21.32779924476045,10.424238229436417,-212.00874526716666,78.88722440146448,7.181694918042053,-71.80850970800722,81.40685269431526
patient_204,27.0,1.08,3.1193426600160086,-50.786674483684855,21.45257295116109,8.927860902452224,-37.409433174604835,79.24433883756257,23.352754394327444,404.2764869071348,82.34096287008835
patient_204,28.0,1.12,11.00610828316138,197.16914057863428,21.892817282487545,28.58778123735831,491.4980083726522,80.3878500870569,11.60157577282975,-293.7794655374423,82.80502590100154
patient_204,29.0,1.16,1.693572791652478,-232.81338728772255,21.960560194153643,12.187246881245517,-410.01335890281985,80.87533996230673,9.60247137467511,-49.97760995386602,83.18912475598854
patient_204,30.0,1.2,5.076364102172112,84.56978276299085,22.163614758240527,2.710282237023213,-236.9241161055576,80.98375125178765,6.05717315669775,-88.632455449434,83.43141168225645
patient_204,31.0,1.24,7.50910868256834,60.818614509905686,22.463979105543263,8.05536430410969,133.62705167716192,81.30596582395204,18.538508484179584,312.03338318704584,84.17295202162364
patient_204,32.0,1.28,10.192543039389436,67.08585892052741,22.87168082711884,54.65105179961285,1164.892187387579,83.49200789593655,11.841626445338177,-167.42205097103516,84.64661707943716
patient_204,33.0,1.32,5.4792461810926945,-117.83242145741855,23.090850674362546,28.382239394395423,-656.7203101304357,84.62729747171237,8.657522828606925,-79.60259041828128,84.99291799258144
patient_204,34.0,1.36,3.5767842017864,-47.56154948265736,23.233922042434003,14.8283828904639,-338.8464125982881,85.22043278733094,34.05893683610076,635.0353501873459,86.35527546602547
patient_204,35.0,1.4,3.1400842552842496,-10.91749866255376,23.35952541264537,52.193321611146025,934.1234680170531,87.30816565177678,31.187697015841575,-71.7809955064797,87.60278334665912
patient_204,36.0,1.44,6.396632469543176,81.41370535647316,23.6153907114271,48.12563318523821,-101.69221064769545,89.2331909791863,23.2514653329644,-198.40579207192937,88.5328419599777
patient_204,37.0,1.48,8.900896854274244,62.606609618276686,23.97142658559807,47.89750820756758,-5.703124441765617,91.14909130748902,37.17047983989151,347.9753626731778,90.01966115357337
patient_204,38.0,1.52,3.3183375086608686,-139.56398364033438,24.104160085944503,55.24053168114513,183.57558683943864,93.35871257473482,37.670320207042934,12.496009178785528,91.52647396185507
patient_204,39.0,1.56,6.566928975537419,81.21478667191376,24.366837244966,46.545519727993764,-217.37529882878414,95.22053336385457,7.691743328557968,-749.4644219621241,91.83414369499741
patient_204,40.0,1.6,10.436196306942335,96.73168328512291,24.784285097243693,6.925897403735771,-990.4905581064497,95.497569260004,14.550293999604213,171.46376677615612,92.41615545498156
patient_204,41.0,1.64,11.090393833886052,16.354938173592927,25.227900850599134,27.32034741638816,509.86125031630974,96.59038315665954,14.385051085728369,-4.131072846896089,92.9915574984107
patient_204,42.0,1.68,2.4003200623268697,-217.25184428897956,25.32391365309221,8.968089670578605,-458.8064436452388,96.94910674348267,7.236565650739207,-178.71213587472906,93.28102012444026
patient_204,43.0,1.72,5.172051884775639,69.29329556121924,25.530795728483234,13.345078994684197,109.4247331026398,97.48290990327004,6.75764588856144,-11.972994054444186,93.55132595998272
patient_204,44.0,1.76,13.68183984054905,212.74469889433524,26.078069322105197,17.63884395649331,107.34412404522784,98.18846366152978,5.475048948609467,-32.064923498799324,93.77032791792709
patient_204,45.0,1.8,4.792813631406454,-222.2256552285649,26.26978186736146,7.735735943459359,-247.5777003258488,98.49789309926817,10.471735320990437,124.91715930952425,94.18919733076672
patient_204,46.0,1.84,5.034973477397938,6.0539961497871,26.471180806457372,14.540685505086513,170.12373904067886,99.07952051947163,12.405213449489894,48.336953212486435,94.68540586874632
patient_204,47.0,1.88,5.217956285438004,4.574570201001649,26.679899057874895,9.21403247894848,-133.16632565345083,99.44808181862956,7.031511629012104,-134.34254551194476,94.9666663339068
patient_204,48.0,1.92,8.523712241394863,82.64389889892148,27.02084754753069,21.68397543900259,311.7485740013528,100.31544083618967,30.68708251689227,591.3892721970042,96.19414963458249
patient_204,49.0,1.96,7.819151484815076,-17.61401891449468,27.33361360692329,11.302455557404002,-259.5379970399647,100.76753905848582,17.224434259815098,-336.56620642692934,96.88312700497508
patient_204,50.0,2.0,4.079707197795085,-93.48610717549977,27.496801894835095,10.883025244120855,-10.48575783207868,101.20286006825064,8.077152424833772,-228.68204587453315,97.20621310196844
patient_204,51.0,2.04,10.861571363372425,169.5466041394335,27.931264749369987,4.234420042788103,-166.21513003331881,101.37223686996218,16.65932252756371,214.55425256824844,97.87258600307099
patient_204,52.0,2.08,16.938661605307917,151.9272560483873,28.608811213582307,10.851185618576853,165.41913939471874,101.80628429470525,11.606156870171015,-126.32914143481737,98.33683227787783
patient_204,53.0,2.12,10.674752251443415,-156.59773384661256,29.035801303640046,39.85069295133441,724.9876833189389,103.40031201275865,33.26690525377166,541.5187095900162,99.6675084880287
patient_204,54.0,2.16,4.328889743039503,-158.6465627100978,29.208956893361627,16.086917328342693,-594.0943905747929,104.04378870589235,1.0334471731638557,-805.836452015195,99.70884637495527
patient_204,55.0,2.2,3.7592848659346663,-14.240121927620919,29.359328287999016,11.912574344271196,-104.35857460178744,104.52029167966319,18.433526308871883,435.00197839270066,100.44618742731014
patient_204,56.0,2.24,2.1357785636581204,-40.58765755691365,29.444759430545343,12.547692487619425,15.87795358370574,105.02219937916796,16.46048700600256,-49.32598257173311,101.10460690755025
patient_204,57.0,2.28,8.483504761655226,158.69315494992765,29.78409962101155,21.32761600161017,219.49808784976864,105.87530401923237,1.601020862854876,-371.4866535786921,101.16864774206444
patient_204,58.0,2.32,3.630551063438269,-121.32384245542394,29.929321663549082,13.7557427239253,-189.29683194212177,106.42553372818938,16.047299791582372,361.15697321818743,101.81053973372772
patient_204,59.0,2.36,5.525075212208438,47.36310371925422,30.150324672037417,21.123135556006055,184.1848208020189,107.27045915042963,8.27319677976923,-194.35257529532856,102.14146760491849
patient_204,60.0,2.4,25.117405340592327,489.80825320959724,31.15502088566111,24.819523712754307,92.40970391870631,108.2632400989398,30.688492604448015,560.3823956169697,103.36900730909642
patient_204,61.0,2.44,10.310477800860296,-370.1731884933008,31.567439997695523,11.950354047570322,-321.72924162959964,108.74125426084261,34.716095819844355,100.6900803849085,104.75765114189018
patient_204,62.0,2.48,6.845635964405682,-86.62104591136534,31.84126543627175,14.27249163497919,58.0534396852217,109.31215392624179,19.075991853015385,-391.00259917072424,105.5206908160108
patient_204,63.0,2.52,15.808028776855311,224.0598203112407,32.47358658734596,14.967794984478907,17.38258373749293,109.91086572562095,8.191581041652789,-272.1102702840649,105.8483540576769
patient_204,64.0,2.56,6.186273727714141,-240.54387622852923,32.72103753645453,10.656563500572211,-107.78078709766739,110.33712826564384,17.135952139362963,223.60927744275438,106.53379214325142
patient_204,65.0,2.6,4.722689507613599,-36.58960550251356,32.909945116759076,35.407863740186755,618.7825059903636,111.7534428152513,18.506543064544456,34.2647731295373,107.2740538658332
patient_204,66.0,2.64,7.0234830114095095,57.51983759489776,33.19088443721545,9.257315740503426,-653.7636999920833,112.12373544487146,0.5776753681243711,-448.2216924105021,107.29716088055817
patient_204,67.0,2.68,5.468898458579786,-38.86461382074309,33.409640375558645,12.620298507876331,84.07456918432263,112.62854738518651,10.149751704313452,239.30190840472702,107.70315094873071
patient_204,68.0,2.72,6.988691980015947,37.994838035904024,33.689188054759285,4.1781387980763505,-211.0539927449995,112.79567293710956,3.891813176524183,-156.44846319473174,107.85882347579167
patient_204,69.0,2.76,3.2465907235469817,-93.55253141172413,33.81905168370116,10.013965167183414,145.8956592276766,113.1962315437969,8.762409857836863,121.764917032817,108.20931987010513
patient_204,70.0,2.8,2.484919178939855,-19.041788615178167,33.91844845085876,28.144130692833738,453.25413814125807,114.32199677151024,18.075639528103785,232.83074175667306,108.93234545122928
patient_204,71.0,2.84,3.6165823370658585,28.291578953150086,34.0631117443414,10.839026310670715,-432.62760955407555,114.75555782393707,6.490788174248084,-289.62128384639254,109.1919769781992
patient_204,72.0,2.88,28.301056911414253,617.1118643587099,35.195154020797965,21.89360850707987,276.36455491022883,115.63130216422027,40.933649087052366,861.0715228201071,110.8293229416813
patient_204,73.0,2.92,4.273541998485828,-600.6878728232106,35.3660957007374,10.595319362889073,-282.45722860476985,116.05511493873583,10.528013097215949,-760.1408997459105,111.25044346556993
patient_204,74.0,2.96,1.5922721903117325,-67.03174520435239,35.42978658834986,5.951859341544783,-116.08650053360725,116.2931893123976,3.153662862658211,-184.35875586394346,111.37658998007626
patient_204,75.0,3.0,7.795326797704462,155.07636518481826,35.741599660258046,15.882025326992256,248.25414963618684,116.9284703254773,6.805762303887183,91.3024860307243,111.64882047223175
patient_204,76.0,3.04,5.241944299876531,-63.834562445698275,35.95127743225311,16.103420929597757,5.534890065137521,117.5726071626612,9.472862156007727,66.67749630301361,112.02773495847205
patient_204,77.0,3.08,4.171988219500593,-26.748902009398456,36.11815696103313,21.112520364290514,125.22748586731893,118.41710797723283,13.341699664107512,96.72093770249464,112.56140294503635
patient_204,78.0,3.12,3.766991134979634,-10.124927113023963,36.268836606432316,13.356439946234751,-193.9020104513941,118.95136557508222,12.772909965346756,-14.219742469018914,113.07231934365022
patient_204,79.0,3.16,1.4460922310008608,-58.02247259946933,36.32668029567235,4.5314309932772865,-220.6252238239366,119.13262281481332,18.89807291185876,153.12907366280007,113.82824226012457
patient_204,80.0,3.2,17.913569736806352,411.6869376451373,37.043223085144604,32.50763631401688,699.4051330184898,120.432928267374,24.970646074507226,151.81432906621168,114.82706810310486
patient_204,81.0,3.24,6.335346714528895,-289.4555755569364,37.29663695372576,12.399022727820538,-502.7153396549085,120.9288891764868,11.68524521926865,-332.1350213809644,115.29447791187562
patient_204,82.0,3.28,12.601087303071816,156.64351471357304,37.800680445848634,34.99744209956625,564.9604842936428,122.32878686046946,10.959492266712292,-18.14382381390893,115.73285760254412
patient_204,83.0,3.32,0.9392473736456005,-291.5459982356554,37.83825034079446,24.41260916113035,-264.62082346089744,123.30529122691468,12.979277561298346,50.49463236465135,116.25202870499605
patient_204,84.0,3.36,12.678918755312626,293.49178454167566,38.34540709100696,20.987128774100807,-85.63700967573862,124.1447763778787,15.315402806436815,58.403131128461716,116.86464481725352
patient_204,85.0,3.4,16.70065224813074,100.54333732045286,39.013433180932196,12.078420522997657,-222.71770627757874,124.6279131987986,20.23464675537243,122.9810987233904,117.67403068746842
patient_204,86.0,3.44,7.916325104112102,-219.608178600466,39.330086185096675,12.185559699133652,2.6784794033998693,125.11533558676393,6.098257606803568,-353.40972871422156,117.91796099174057
patient_204,87.0,3.48,14.863611109456398,173.68215013360742,39.92463062947493,6.977545229989678,-130.20036172859935,125.39443739596352,7.469567027447666,34.282735516102456,118.21674367283848
patient_204,88.0,3.52,5.59960992854291,-231.60002952283722,40.148615026616646,11.72982949297067,118.80710657452478,125.86363057568235,16.465218792493935,224.8912941261567,118.87535242453824
patient_204,89.0,3.56,1.3870056861585787,-105.3151060596083,40.20409525406299,8.406975741707596,-83.07134378157683,126.19990960535065,4.968872225577223,-287.40866417291784,119.07410731356133
patient_204,90.0,3.6,7.033483212534735,141.1619381594039,40.48543458256438,13.777780995853002,134.27013135363515,126.75102084518477,4.932574037690088,-0.907454697178367,119.27141027506894
patient_204,91.0,3.64,3.234080020258412,-94.98507980690808,40.61479778337471,20.294984806322553,162.93009526173878,127.56282023743768,17.418143677454875,312.1392409941197,119.96813602216713
patient_204,92.0,3.68,2.0975030271189845,-28.414424828485686,40.69869790445947,11.814459063036326,-212.0131435821557,128.03539859995914,11.377312361216084,-151.02078290596975,120.42322851661577
patient_204,93.0,3.72,1.7532166532165137,-8.60715934756177,40.76882657058813,30.24971302060502,460.88134893921745,129.24538712078333,22.578599656049025,280.03218237082353,121.32637250285772
patient_204,94.0,3.76,2.151057571909634,9.94602296732801,40.85486887346452,4.885393472543615,-634.1079887015352,129.44080285968508,5.883994751419275,-417.3651226157437,121.5617322929145
patient_204,95.0,3.8,12.535909662525702,259.6213022654017,41.356305259965545,7.318717551482715,60.83310197347751,129.73355156174438,4.488234495525409,-34.89400639734663,121.7412616727355
patient_204,96.0,3.84,16.25059263617933,92.86707434134071,42.00632896541272,39.60837025459321,807.2413175777624,131.31788637192813,24.32505976300414,495.92063168696825,122.71426406325567
patient_204,97.0,3.88,2.6868561809592295,-339.0934113805026,42.11380321265109,20.58931543753879,-475.4763704263605,132.14145898942968,9.969422093364312,-358.89094174099574,123.11304094699024
patient_204,98.0,3.92,5.678888808704966,74.80081569364341,42.340958764999286,13.933806187642732,-166.38773124740146,132.6988112369354,12.360066434371294,59.766108525174566,123.60744360436509
patient_204,99.0,3.96,4.940221614943332,-18.466679844040847,42.53856762959702,5.191167433797037,-218.56596884614243,132.9064579342873,9.590961722706968,-69.22761779160815,123.99108207327338
patient_204,100.0,4.0,2.923802060709834,-50.41048885583746,42.655519712025416,5.818268609610736,15.677529395342482,133.1391886786717,8.746396459098392,-21.114131590214402,124.34093793163731
patient_204,101.0,4.04,3.6132928679404324,17.237270180764963,42.80005142674303,7.409349144630897,39.77701337550403,133.43556264445695,32.903315625554846,603.9229791614114,125.6570705566595
patient_204,102.0,4.08,2.4089249903738548,-30.10919693916444,42.896408426357986,40.45288194010827,826.0883198869344,135.0536779220613,20.332864508431424,-314.2612779280856,126.47038513699677
patient_204,103.0,4.12,7.585177125878012,129.40630338760394,43.199815511393105,42.49837080121253,51.13722152760651,136.75361275410978,12.42683163811976,-197.65082175779162,126.96745840252157
patient_204,104.0,4.16,6.364503758192329,-30.516834192142063,43.4543956617208,14.372870861547225,-703.1374984916326,137.32852758857166,7.432127681387026,-124.86759891831834,127.26474350977705
patient_204,105.0,4.2,8.857068798323658,62.31412600328321,43.808678413653745,20.282344422386764,147.73683902098847,138.13982136546713,34.52350608381837,677.2844600607835,128.6456837531298
patient_204,106.0,4.24,13.348063898234276,112.27487749776546,44.34260096958312,24.026220879131454,93.59691141861725,139.1008702006324,8.68166784276531,-646.0459560263265,128.9929504668404
patient_204,107.0,4.28,7.799490866667408,-138.7143257891717,44.654580604249816,45.82413630730411,544.9478857043164,140.93383565292456,10.122538707496282,36.021771618274336,129.39785201514027
patient_204,108.0,4.32,39.19809424535283,784.9650844671355,46.22250437406393,26.394893446742074,-485.7310715140509,141.98963139079424,32.63833639847456,562.8949422744569,130.70338547107926
patient_204,109.0,4.36,19.737328166632068,-486.519151968019,47.011997500729215,36.40900515914463,250.35279281006382,143.44599159716003,42.736672272487326,252.45839685031922,132.41285236197874
patient_204,110.0,4.4,7.920172982460575,-295.4288796042873,47.32880442002764,39.17783584452534,69.22076713451784,145.01310503094103,27.772984081025403,-374.09220478654805,133.52377172521975
patient_204,111.0,4.44,97.32746535220616,2235.18230924364,51.22190303411588,81.46452950302178,1057.167341462411,148.2716862110619,106.5350412261311,1969.0514286276425,137.78517337426499
patient_204,112.0,4.48,214.55113044801374,2930.5916273951893,59.803948252036434,138.83683824758543,1434.3077186140913,153.82515974096535,57.110302154435395,-1235.6184767923926,140.06958546044243
patient_204,113.0,4.52,200.67950735273058,-346.7905773820789,67.83112854614565,121.326273865968,-437.7641095404357,158.67821069560406,133.52332737136902,1910.3256304233405,145.41051855529716
patient_204,114.0,4.56,233.16073789040448,812.0307634418474,77.15755806176183,341.56054975851646,5505.856897313712,172.34063268594474,134.44422159686778,23.022355637468905,150.7882874191719
patient_204,115.0,4.6,211.99558413721144,-529.128843829826,85.63738142725029,279.21449199576426,-1558.651444068805,183.5092123657753,126.98574803583439,-186.46183902583465,155.86771734060528
patient_204,116.0,4.64,119.40014974451705,-2314.8858598173597,90.41338741703098,251.86530075857698,-683.7297809296821,193.5838243961184,122.42035466912934,-114.13483416762631,160.76453152737042
patient_204,117.0,4.68,52.928995564285394,-1661.7788545057913,92.53054723960238,115.57752915063352,-3407.1942901985863,198.20692556214374,100.65415135445718,-544.1550828668038,164.79069758154873
patient_204,118.0,4.72,224.20469453922072,4281.892474373383,101.49873502117121,582.8168591960932,11680.983251136493,221.51959992998746,424.83674214901595,8104.56476986397,181.78416726750936
patient_204,119.0,4.76,349.5473030795487,3133.5652135082,115.48062714435316,413.85800191151986,-4223.971432114334,238.07392000644825,811.5701359712472,9668.33484555578,214.24697270635926
patient_204,120.0,4.8,365.20982795679913,391.5631219312601,130.08902026262513,711.4657450383271,7440.193578170181,266.53254980798135,785.8031588129121,-644.1744289583767,245.67909905887575
patient_204,121.0,4.84,199.91342576222746,-4132.410054864292,138.08555729311422,414.81596837218143,-7416.244416653642,283.1251885428686,318.5884628494521,-11680.367399086499,258.42263757285383
patient_204,122.0,4.88,340.1788758475778,3506.6362521337583,151.69271232701732,424.7489090778596,248.32351764195408,300.115144905983,663.9735791752972,8634.627908146127,284.98158073986576
patient_204,123.0,4.92,325.1564800741432,-375.5598943358649,164.69897152998306,304.8304004216914,-2997.9627164042045,312.3083609228507,308.6223062923496,-8883.78182207369,297.32647299155974
patient_204,124.0,4.96,251.15817490178407,-1849.957629308978,174.74529852605443,253.4398128137447,-1284.7646901986677,322.44595343540044,191.4968975413731,-2928.135218774413,304.98634889321465
patient_204,125.0,5.0,74.90323874939776,-4406.373403809657,177.74142807603036,71.68684160223522,-4543.824280287737,325.31342709948984,45.48165884621431,-3650.3809673789697,306.80561524706326
patient_204,126.0,5.04,91.9962340056733,427.3248814068886,181.4212774362573,52.33055112115218,-483.9072620270759,327.4066491443359,91.9639154634966,1162.0564154320573,310.4841718656031
patient_204,127.0,5.08,89.58761859670852,-60.215385224119444,185.00478218012563,39.16193392977568,-329.2154297844126,328.9731265015269,84.41136050574742,-188.8138739437295,313.860626285833
patient_204,128.0,5.12,71.18075683065916,-460.171544151234,187.852012453352,74.51257898950989,883.7661264933553,331.95362966110736,35.98893714543509,-1210.5605840078083,315.3001837716504
patient_204,129.0,5.16,55.52766383274543,-391.3273249478433,190.0731190066618,70.31601455803553,-104.91411078685893,334.7662702434287,43.579594409205185,189.76643159425242,317.04336754801864
patient_204,130.0,5.2,10.16856104202255,-1133.977569768072,190.47986144834272,48.170339797170705,-553.6418690216207,336.6930838353156,19.77521135803349,-595.1095762792924,317.83437600234
patient_204,131.0,5.24,116.35839698779803,2654.745898644387,195.13419732785462,130.440912455976,2056.764316470132,341.91072033355454,35.10618591627247,383.27436395597454,319.2386234389909
patient_204,132.0,5.28,172.79031632782306,1410.7979835006258,202.04580998096756,123.49707732300857,-173.59587832418555,346.8506034264749,197.8908903177561,4069.6176100370903,327.1542590517011
patient_204,133.0,5.32,61.20377360358486,-2789.663568105955,204.49396092511094,85.96845176561428,-938.2156389348573,350.28934149709954,163.74835132373124,-853.5634748506211,333.7041931046504
patient_204,134.0,5.36,44.396209463339936,-420.18910350612305,206.26980930364454,100.91867412371077,373.7555589524124,354.3260884620479,289.6079730835546,3146.490543995584,345.2885120279926
patient_204,135.0,5.4,17.094636127240356,-682.5393334024895,206.95359474873413,494.5267618640604,9840.20219350874,374.10715893661035,448.4773106399336,3971.7334389094744,363.22760445358995
patient_204,136.0,5.44,32.24867057681187,378.8508612392878,208.2435415718066,450.7779054661351,-1093.7214099481323,392.13827515525577,311.4955582056117,-3424.5438108580474,375.68742678181445
patient_204,137.0,5.48,65.07155838611617,820.5721952326074,210.84640390725127,175.36119925482666,-6885.417655282711,399.1527231254488,311.5896669198308,2.3527178554772377,388.1510134586076
patient_204,138.0,5.52,194.3768939333936,3232.6333886819357,218.621479664587,202.5883600236114,680.6790192196182,407.2562575263933,240.90908498164856,-1767.0145484545558,397.7873768578736
patient_204,139.0,5.56,158.91006250934848,-886.6707856011282,224.977882164961,302.5944094076153,2500.1512346000973,419.3600339026979,181.264178088721,-1491.1226723231891,405.0379439814224
patient_204,140.0,5.6,160.3140300084934,35.09918747862315,231.3904433653007,247.27256471181363,-1383.0461173950412,429.2509364911704,86.38288543227691,-2372.0323164111023,408.49325939871346
patient_204,141.0,5.64,174.60012013353642,357.15225312607544,238.37444817064218,213.76246832180288,-837.7524097502686,437.80143522404256,133.3936180991298,1175.2683166713225,413.82900412267867
patient_204,142.0,5.68,194.7413679762401,503.53119606759196,246.16410288969178,106.80980264105666,-2673.8166420186553,442.0738273296849,327.84293751037274,4861.2329852810735,426.9427216230936
patient_204,143.0,5.72,163.3447152371656,-784.9163184768628,252.6978914991784,191.13765017456606,2108.196188337735,449.7193333366675,326.32301281951607,-37.99811727141673,439.9956421358742
patient_204,144.0,5.76,146.34842940545317,-424.9071457928103,258.55182867539656,154.00221290242962,-928.385931803411,455.87942185276466,74.0386291149626,-6307.109592613837,442.9571873004727
patient_204,145.0,5.8,103.33889931030689,-1075.2382523786573,262.6853846478088,173.5743673242823,489.30386054631686,462.8223965457359,120.50848593849965,1161.7464205884262,447.7775267380127
patient_204,146.0,5.84,91.14266105262871,-304.90595644195434,266.33109108991397,69.6524366231005,-2598.048267529545,465.6084940106599,237.46159826554248,2923.827808176071,457.2759906686344
patient_204,147.0,5.88,40.18460191079854,-1273.9514785457543,267.93847516634594,186.71870239221406,2926.656644227839,473.0772421063485,169.83631291740383,-1690.6321337034663,464.06944318533056
patient_204,148.0,5.92,9.047737464590558,-778.4216111551996,268.30038466492954,31.762486187658087,-3873.905405113899,474.3477415538548,99.23516419180709,-1765.0287181399185,468.0388497530028
patient_204,149.0,5.96,77.67591790293294,1715.7045109585597,271.4074213810469,195.56142226263725,4094.9734018744794,482.17019844436027,204.90583908239566,2641.7668722647145,476.23508331629864
patient_204,150.0,6.0,13.72680352729321,-1598.727859390993,271.9564935221386,63.82240388604008,-3293.47545941493,484.7230945998019,52.42846039407396,-3811.9344672080424,478.3322217320616
patient_204,151.0,6.04,27.415409554066695,342.2151506693371,273.05310990430127,69.2599749258311,135.93927599477558,487.49349359683515,80.44014997137306,700.2922394324776,481.5498277309165
patient_204,152.0,6.08,12.042767292930492,-384.31605652840506,273.5348205960185,46.88733660731212,-559.3159579629745,489.36898706112765,29.8793327902818,-1264.0204295272815,482.7450010425278
patient_204,153.0,6.12,40.94249012446703,722.4930707884134,275.1725202009972,72.77900488382376,647.2917069127909,492.2801472564806,43.994094046930314,352.86903141621286,484.504764804405
patient_204,154.0,6.16,101.3912148082609,1511.2181170948468,279.22816879332765,50.56141493171404,-555.439748802743,494.3026038537491,64.44344060595117,511.2336639755213,487.08250242864307
patient_204,155.0,6.2,182.25740718039577,2021.6548093033718,286.5184650805435,22.354508682636602,-705.1726562269359,495.1967842010545,322.41975042141934,6449.407745386705,499.9792924454998
patient_204,156.0,6.24,98.69468471029886,-2089.068061752423,290.4662524689554,406.85554852981466,9612.52599617945,511.4710061422471,96.62396197546408,-5644.8947111488815,503.84425092451835
patient_204,157.0,6.28,244.67169496977218,3649.4252564868334,300.2531202677463,356.28086364380346,-1264.36712215028,525.7222406879993,212.67142108904807,2901.1864778396,512.3511077680803
patient_204,158.0,6.32,268.1873595316756,587.8916140475859,310.9806146490133,397.91914204316583,1040.9569599840595,541.6390063697258,291.1276996801918,1961.4069647785939,523.996215755288
patient_204,159.0,6.36,268.7792839625444,14.798110771720019,321.7317860075151,396.02395101319235,-47.37977574933723,557.4799644102536,520.5338096071571,5735.152748174131,544.8175681395742
patient_204,160.0,6.4,305.59276274605253,920.3369695877029,333.95549651735723,452.3595806897879,1408.3907419148886,575.5743476378451,498.1317128943798,-560.052417819432,564.7428366553494
patient_204,161.0,6.44,212.44729611940866,-2328.6366656660966,342.4533883621336,241.0881434292846,-5281.7859315125825,585.2178733750166,224.69535441469526,-6835.908961992113,573.7306508319372
patient_204,162.0,6.48,174.33490757316156,-952.8097136561776,349.42678466506004,213.5104575668089,-689.4421465618926,593.7582916776888,147.0718918078272,-1940.5865651717015,579.6135265042502
patient_204,163.0,6.52,40.846588456908016,-3337.2079779063383,351.06064820333637,131.82075096511414,-2042.2426650423688,599.0311217162935,157.21092836248965,253.47591386656134,585.9019636387499
patient_204,164.0,6.56,45.04209323281998,104.88761939779909,352.86233193264917,37.05593642198438,-2369.1203635782445,600.5133591731728,47.14464017520269,-2751.6572046821743,587.7877492457579
patient_204,165.0,6.6,117.9397761311799,1822.442072458998,357.57992297789633,78.36032252241954,1032.609652510879,603.6477720740696,81.32775423668224,854.5778515369888,591.0408594152252
patient_204,166.0,6.64,133.76015003842693,395.50934768117577,362.9303289794334,98.82505894131302,511.618410472337,607.6007744317221,60.031982662616166,-532.3942893516519,593.4421387217299
patient_204,167.0,6.68,122.22693116582984,-288.33047181492725,367.8194062260666,102.05795296625598,80.82235062357412,611.6830925503723,63.9597078408213,98.19312945512841,596.0005270353627
patient_204,168.0,6.72,101.52807911358445,-517.4713013061346,371.88052939061,11.70423273018108,-2258.843005901873,612.1512618595796,68.55909542015624,114.98468948337344,598.7428908521689
patient_204,169.0,6.76,108.95025654742955,185.55443584612732,376.23853965250714,104.71252142318681,2325.2072173251436,616.339762716507,81.22760827363764,316.71282133703505,601.9919951831145
patient_204,170.0,6.8,101.14253643054126,-195.19300292220726,380.28424110972884,89.08914021557696,-390.5845301902463,619.9033283251301,30.756359806321694,-1261.7812116828986,603.2222495753673
patient_204,171.0,6.84,84.28311332804357,-421.48557756244213,383.65556564285055,67.27767625331623,-545.2865990565183,622.5944353752627,36.68605324498319,148.24233596653747,604.6896917051666
patient_204,172.0,6.88,70.31819664988326,-349.1229169540077,386.4682935088459,119.3145064977345,1300.9207561104568,627.3670156351722,176.1598586566928,3486.84513529274,611.7360860514343
patient_204,173.0,6.92,61.391618450607986,-223.1644549818819,388.92395824687026,351.7032663862997,5809.71899721413,641.4351462906241,247.49773489786904,1783.4469060294061,621.635995447349
patient_204,174.0,6.96,108.56289400858424,1179.2818889494063,393.2664740072136,253.00538054647936,-2467.447145995508,651.5553615124833,377.7729973061665,3256.881560207436,636.7469153395957
patient_204,175.0,7.0,111.01133303638858,61.210975695108516,397.70692732866917,260.71170745202977,192.6581726387603,661.9838298105645,290.6590398184332,-2177.848937193332,648.373276932333
patient_204,176.0,7.04,176.86953709475296,1646.4551014591095,404.7817088124593,449.11060762083156,4709.972504220044,679.9482541153977,527.7481108699901,5927.226776288923,669.4832013671326
patient_204,177.0,7.08,181.6959838882548,120.66116983754611,412.0495481679895,427.5178154128466,-539.8198051996246,697.0489667319116,724.1892962136645,4911.02963359186,698.4507732156792
patient_204,178.0,7.12,234.664282840847,1324.2074738148049,421.4361194816234,449.5293224421025,550.2876757313984,715.0301396295959,462.2245338006286,-6549.119060325898,716.9397545677043
patient_204,179.0,7.16,191.1978023402018,-1086.6620125161298,429.0840315752315,58.2868607338895,-9781.061542705325,717.3616140589514,362.26032097823605,-2499.1053205598137,731.4301674068338
patient_204,180.0,7.2,211.4383081901434,506.01264624853997,437.5415639028372,384.88153646397365,8164.866893252103,732.7568755175104,191.3177814387793,-4273.563488486419,739.0828786643849
patient_204,181.0,7.24,260.1402108411,1217.5475662739145,447.94717233648123,729.0795500920742,8604.950340702515,761.9200575211934,233.02020301998078,1042.5605395300372,748.4036867851842
patient_204,182.0,7.28,192.16387810191702,-1699.408318479574,455.6337274605579,321.4927920605642,-10189.668950787749,774.7797692036161,61.10417276844055,-4297.900756288506,750.8478536959217
patient_204,183.0,7.32,170.60816286677056,-538.8928808786616,462.4580539752288,143.53754832030862,-4448.88109350639,780.5212711364284,105.13782080700884,1100.8412009642072,755.053366528202
patient_204,184.0,7.36,80.96826911762658,-2240.9973437285994,465.6967847399338,31.538696966957147,-2799.971283833787,781.7828190151066,113.64534019831206,212.6879847825805,759.5991801361346
patient_204,185.0,7.4,105.23967090076798,606.785044578535,469.9063715759645,162.4348296428981,3272.4033168985243,788.2802122008226,134.62808361516383,524.5685854212944,764.9843034807411
patient_204,186.0,7.44,126.67921577367329,535.9886218226329,474.9735402069114,162.0910169197704,-8.595318078192804,794.7638528776134,171.63404709386518,925.1490869675337,771.8496653644958
patient_204,187.0,7.48,82.59764998385435,-1102.0391447454735,478.2774462062656,65.25883488229752,-2420.804550936822,797.3742062729053,171.88445548141993,6.260209688868912,778.7250435837526
patient_204,188.0,7.52,96.68056702660822,352.0729260688466,482.1446688873299,155.70185168695474,2261.0754201164305,803.6022803403835,61.21398099608674,-2766.7618621333295,781.173602823596
patient_204,189.0,7.56,24.938004561981106,-1793.564061615678,483.14218906980915,263.4052381922222,2692.584662631687,814.1384898680724,155.28781866232984,2351.8459416560772,787.3851155700893
patient_204,190.0,7.6,53.73148735931441,719.8370699333325,485.2914485641818,131.79127974108422,-3290.3489612784497,819.4101410577157,96.21372186169363,-1476.8524200159054,791.2336644445571
patient_204,191.0,7.64,3.382046213645361,-1258.736028641726,485.4267304127276,145.45537025080714,341.60226274307274,825.2283558677478,133.37265414381548,928.9733070530464,796.5685706103097
patient_204,192.0,7.68,43.460096854999605,1001.9512660338561,487.1651342869276,120.92644563456234,-613.2231154061199,830.0654136931304,233.47767720883854,2502.6255766255767,805.9076776986632
patient_204,193.0,7.72,254.80851375216224,5283.710422429065,497.3574748370141,134.88639012394822,348.9986122346469,835.4608692980884,134.9388488998515,-2463.470707724676,811.3052316546573
patient_204,194.0,7.76,311.5064747437475,1417.4490247896315,509.817733826764,123.1331262251495,-293.831597469968,840.3861943470943,156.75907048386784,545.5055396004084,817.5755944740121
patient_204,195.0,7.8,385.0702158702674,1839.093528162998,525.2205424615747,262.9196778899876,3494.6637916209525,850.9029814626937,405.280168953183,6213.02746173288,833.7868012321394
patient_204,196.0,7.84,553.6131559413709,4213.573501777587,547.3650686992296,802.0126944551839,13477.325414129908,882.9834892409011,731.7667965379452,8162.165689619054,863.0574730936572
patient_204,197.0,7.88,434.60854270773376,-2975.1153308409284,564.749410407539,1130.7177692896737,8217.626870862245,928.212200012488,751.4679575977148,492.529026494239,893.1161913975657
patient_204,198.0,7.92,442.08517880467093,186.91590242342926,582.4328175597258,786.2130589976156,-8612.617757301454,959.6607223723927,853.5853505598321,2552.9348240529343,927.2596054199589
patient_204,199.0,7.96,355.27428951701455,-2170.2722321914093,596.6437891404064,424.94163657278506,-9031.785560620763,976.658387835304,485.1284513686128,-9211.422479780484,946.6647434747034
patient_204,200.0,8.0,159.37574926108996,-4897.463506398115,603.0188191108499,199.93255528175192,-5625.227032275829,984.6556900465741,212.2113707586295,-6822.927015249581,955.1531983050486
patient_204,201.0,8.04,45.660492285506265,-2842.8814243895927,604.8452388022702,424.97479233365897,5626.055926297677,1001.6546817399205,411.35980591464295,4978.710878900336,971.6075905416343
patient_204,202.0,8.08,68.51890667976244,571.4603598564044,607.5859950694608,194.24723244425599,-5768.188997235075,1009.4245710376907,265.5674984774876,-3644.807685928883,982.2302904807339
patient_204,203.0,8.12,89.09543494273318,514.4132065742685,611.14981246717,25.729337284289812,-4212.947378999154,1010.4537445290624,406.16266199660146,3514.879087977846,998.4767969605979
patient_204,204.0,8.16,170.98592512064664,2047.2622544478365,617.9892494719959,47.57046411368151,546.0281707347924,1012.3565630936096,28.758755133641518,-9435.097671574,999.6271471659435
patient_204,205.0,8.2,164.43076614900082,-163.8789742911456,624.566480117956,78.37162717364036,770.0290764989713,1015.4914281805552,112.97216207212298,2105.335173462037,1004.1460336488285
patient_204,206.0,8.24,149.88727965574154,-363.587162331482,630.5619713041856,94.86831035557461,412.4170795483561,1019.2861605947782,68.04001390047738,-1123.30370429114,1006.8676342048476
patient_204,207.0,8.28,189.3869921727142,987.4928129243166,638.1374509910942,164.6319823528335,1744.091799931472,1025.8714398888915,41.19119853359125,-671.2203841721532,1008.5152821461911
patient_204,208.0,8.32,175.0871484479889,-357.4960931181323,645.1409369290137,339.5901699696339,4373.954690420011,1039.4550466876767,57.464818363704396,406.8404957528287,1010.8138748807393
patient_204,209.0,8.36,157.6515092154431,-435.8909808136452,651.4469972976314,220.8255967716207,-2969.11432995033,1048.2880705585417,129.9664195608054,1812.5400299275252,1016.0125316631716
patient_204,210.0,8.4,189.94036071757685,807.2212875533438,659.0446117263344,178.69197056827912,-1053.3406550835393,1055.4357493812727,313.6063107006403,4590.997278495872,1028.5567840911972
patient_204,211.0,8.44,180.78719626644929,-228.82911127818915,666.2760995769925,152.40139258117165,-657.2644496776867,1061.5318050845196,218.02252391626385,-2389.5946696094106,1037.2776850478479
patient_204,212.0,8.48,143.97020769305917,-920.4247143347529,672.0349078847148,81.40447728264307,-1774.9228824632144,1064.7879841758252,155.57286988195264,-1561.2413508577802,1043.5005998431259
patient_204,213.0,8.52,164.71150111396247,518.5323355225826,678.6233679292732,162.9939489532382,2039.7367917648783,1071.3077421339547,128.32409021956408,-681.2194915597139,1048.6335634519085
patient_204,214.0,8.56,140.41672600867506,-607.3693776321853,684.2400369696203,239.18080142371224,1904.671311761851,1080.8749741909032,40.26824328283951,-2201.3961734181144,1050.244293183222
patient_204,215.0,8.6,69.04674755814625,-1784.2494612632202,687.0019068719462,61.54172562750111,-4440.976894905279,1083.3366432160033,33.424572303348064,-171.09177448728605,1051.581276075356
patient_204,216.0,8.64,42.20928838337526,-670.9364793692748,688.6902784072812,26.337484196558574,-880.1060357735632,1084.3901425838658,29.23156914699077,-104.8250789089324,1052.7505388412358
patient_204,217.0,8.68,8.718507671654264,-837.2695177930249,689.0390187141473,30.652613751512646,107.87823887385181,1085.6162471339262,25.968387127234095,-81.57955049391683,1053.789274326325
patient_204,218.0,8.72,24.852057328625794,403.3387414242883,690.0331010072924,24.64051572587206,-150.30245064101467,1086.601867762961,52.832985897782336,671.614969263706,1055.9025937622364
patient_204,219.0,8.76,84.23895243146997,1484.6723775711046,693.4026591045513,26.273172092303682,40.81640916079054,1087.652794646653,103.7802431983416,1273.6814325139815,1060.05380349017
patient_204,220.0,8.8,86.62170495501852,59.56881308871367,696.867527302752,35.04924520989054,219.40182793967153,1089.0547644550488,130.54308369483323,669.0710124122909,1065.2755268379633
patient_204,221.0,8.84,121.16779216649215,863.6521802868408,701.7142389894117,48.62666865308405,339.4355860798378,1090.9998312011721,168.44846303727994,947.6344835611677,1072.0134653594544
patient_204,222.0,8.88,163.3229570639293,1053.8791224359286,708.247157271969,144.22747666307976,2390.0202002498927,1096.7689302676954,220.29096994729653,1296.062672750415,1080.8251041573462
patient_204,223.0,8.92,175.39411227083417,301.77888017262194,715.2629217628023,293.9786285481536,3743.7787971268463,1108.5280754096216,393.84047011393415,4338.737504165941,1096.5787229619036
patient_204,224.0,8.96,47.569086979851214,-3195.625632274574,717.1656852419964,109.46324924596033,-4612.884482554832,1112.90660537946,209.00605845587256,-4620.8602914515395,1104.9389653001385
patient_204,225.0,9.0,79.72180969762469,803.8180679443369,720.3545576299014,221.8060981456401,2808.5712224919944,1121.7788493052856,319.551146585003,2763.6272032282604,1117.7210111635386
patient_204,226.0,9.04,94.35630373008324,365.86235081146367,724.1288097791048,189.50234864725863,-807.5937374595369,1129.358943251176,458.73786662166594,3479.668000916574,1136.0705258284052
patient_204,227.0,9.08,23.858928612552635,-1762.4343779382652,725.0831669236069,491.68229313048835,7554.498612080743,1149.0262349763955,274.1632192668906,-4614.366183869383,1147.0370545990809
patient_204,228.0,9.12,138.7457097051491,2872.1695273149116,730.6329953118128,278.78700305823344,-5322.382251806373,1160.1777150987248,241.0841868695872,-826.9758099325855,1156.6804220738643
patient_204,229.0,9.16,155.16618774319068,410.51195095103947,736.8396428215405,257.63411919271994,-528.8220966378376,1170.4830798664336,192.01374867148184,-1226.7609549526342,1164.3609720207235
patient_204,230.0,9.2,76.71598746045728,-1961.2550070683349,739.9082823199589,103.73199853018635,-3847.55301656334,1174.6323598076413,167.42895527546378,-614.6198349004515,1171.058130231742
patient_204,231.0,9.24,169.53449798861251,2320.462763203881,746.6896622395034,86.25624874044105,-436.89374474363234,1178.0826097572588,143.5018829761002,-598.1768074840893,1176.7982055507862
patient_204,232.0,9.28,126.11333634836446,-1085.5290410062014,751.734195693438,92.14581432872959,147.23913970721333,1181.768442330408,68.25485104126899,-1881.1757983707803,1179.528399592437
patient_204,233.0,9.32,111.02609552437902,-377.181020599636,756.1752395144131,49.839889793737015,-1057.6481133748143,1183.7620379221576,70.49055186950748,55.89252070596231,1182.3480216672172
patient_204,234.0,9.36,95.43358240308201,-389.81282803242505,759.9925828105364,50.45312651716737,15.33091808575886,1185.780162982844,59.12666733703183,-284.0971133118913,1184.7130883606985
patient_204,235.0,9.4,42.096469984540356,-1333.4278104635414,761.676441609918,107.17717796846303,1418.1012862823914,1190.0672501015827,43.75793083496834,-384.2184125515873,1186.4634055940971
patient_204,236.0,9.44,39.5629410267744,-63.33822394414881,763.2589592509889,161.64714556433418,1361.749189896779,1196.533135924156,64.12163317694912,509.0925585495194,1189.0282709211751
patient_204,237.0,9.48,58.074696076746555,462.7938762493038,765.5819470940588,85.69711447811974,-1898.750777155361,1199.961020503281,99.16371081533225,876.0519409595784,1192.9948193537884
patient_204,238.0,9.52,24.191752445869355,-847.07359077193,766.5496171918936,50.73172267123068,-874.1347951722266,1201.9902894101301,48.049390692779504,-1277.8580030638186,1194.9167949814996
patient_204,239.0,9.56,121.880442834344,2442.217259711866,771.4248349052673,122.70969926591287,1799.4494148670547,1206.8986773807667,69.43488170938238,534.6372754150719,1197.694190249875
patient_204,240.0,9.6,95.10726482714621,-669.3294501799446,775.2291254983533,216.06207104141006,2333.80929438743,1215.541160222423,21.740361206438156,-1192.3630125736058,1198.5638046981323
patient_204,241.0,9.64,103.84920110606019,218.54840697284956,779.3830935425956,150.72069566402817,-1633.5343844345473,1221.5699880489842,37.35825536488087,390.44735396106785,1200.0581349127276
patient_204,242.0,9.68,78.60097722956462,-631.2055969123893,782.5271326317783,79.45962463610833,-1781.526775697996,1224.7483730344286,127.60425235695024,2256.149924801734,1205.1623050070057
patient_204,243.0,9.72,87.91273070612482,232.79383691400497,786.0436418600232,60.0840459333272,-484.38946756952834,1227.1517348717616,197.18310968460096,1739.471433191268,1213.0496293943897
patient_204,244.0,9.76,194.54484798074486,2665.8029318655013,793.825435779253,224.46684768392882,4109.570043765041,1236.1304087791186,99.79844692915582,-2434.616568886129,1217.0415672715558
patient_204,245.0,9.8,252.9195728400797,1459.368121483371,803.9422186928563,287.70517229160566,1580.958115191921,1247.6386156707829,227.33777999967603,3188.483326763005,1226.1350784715428
patient_204,246.0,9.84,320.07372185143976,1678.8537252840015,816.7451675669139,505.75719315977926,5451.30052170434,1267.868903397174,420.4655374155823,4828.193935397656,1242.9536999681661
patient_204,247.0,9.88,395.7607330123945,1892.1752790238684,832.5755968874096,426.7692101230208,-1974.6995759189617,1284.9396718020948,538.3155777405104,2946.251008123204,1264.4863230777864
patient_204,248.0,9.92,40.169124932261234,-8889.79020200333,834.1823618847001,56.66699003539567,-9252.55550219063,1287.2063514035106,27.42554232143795,-12772.250885476813,1265.583344770644
patient_204,249.0,9.96,276.28876453388375,5902.990990040563,845.2339124660555,362.47471370506327,7645.19309174169,1301.705339951713,367.609147275456,8504.590123850452,1280.2877106616622
patient_204,250.0,10.0,286.8037497624711,262.8746307146841,856.7060624565544,382.35744143143154,497.0681931592068,1316.9996376089703,329.59581916154065,-950.3332028478837,1293.4715434281238
patient_204,251.0,10.04,233.6947480808217,-1327.7250420412352,866.0538523797873,545.2664359698613,4072.7248634607436,1338.8102950477646,244.11880283597245,-2136.925408139205,1303.2362955415626
patient_204,252.0,10.08,19.745283304088666,-5348.736619418326,866.8436637119507,106.26146641706134,-10975.124238819999,1343.060753704447,53.96618986494084,-4753.81532427579,1305.3949431361602
patient_204,253.0,10.12,58.74122183077817,974.8984631672377,869.193312585182,23.478565586173737,-2069.57252077219,1343.999896327894,12.063746323336588,-1047.5610885401063,1305.8774929890938
patient_204,254.0,10.16,65.18286892397268,161.0411773298626,871.800627342141,36.74314446893709,331.61447206908383,1345.4696221066513,304.89848858036567,7320.868556425727,1318.0734325323085
patient_204,255.0,10.2,128.4221207322749,1580.9812952075554,876.9375121714319,181.39541688353748,3616.30681036501,1352.725438781993,232.0948641484231,-1820.0906107985638,1327.3572270982454
patient_204,256.0,10.24,61.057820041994745,-1684.1075172570036,879.3798249731117,122.99999590473044,-1459.885524470176,1357.6454386181822,200.0597170229609,-800.8786781365551,1335.3596157791637
patient_204,257.0,10.28,111.68885254815416,1265.7758126539854,883.8473790750379,76.68087395180117,-1157.9780488232316,1360.7126735762542,51.25507986958366,-3720.1159288344315,1337.409818973947
patient_204,258.0,10.32,127.89041169252546,405.03897860928254,888.9629955427389,141.29753411662588,1615.4165041206177,1366.364574940919,177.02615291081875,3144.2768260308776,1344.4908650903797
patient_204,259.0,10.36,27.930344141426232,-2499.001688777481,890.080209308396,67.28840321349583,-1850.2282725782513,1369.056111069459,75.2903933256843,-2543.393989628361,1347.502480823407
patient_204,260.0,10.4,151.4985068668337,3089.204068135187,896.1401495830693,331.8523602141442,6614.098925016209,1382.3302054780247,508.65254761746263,10834.053857294459,1367.8485827281056
patient_204,261.0,10.44,73.97525733924397,-1938.0812381897435,899.0991598766391,199.6767558195201,-3304.3901098656024,1390.3172757108055,303.6750515322197,-5124.437402131073,1379.9955847893943
patient_204,262.0,10.48,74.26453125658568,7.231847933542923,902.0697411269025,282.91170652700254,2080.8737676870605,1401.6337439718857,458.5690939308812,3872.3510599665374,1398.3383485466297
patient_204,263.0,10.52,273.8937670455321,4990.730894723661,913.0254918087237,811.4860016214759,13214.357377361835,1434.0931840367446,856.7382898803672,9954.22989873715,1432.6078801418446
patient_204,264.0,10.56,254.93797870031517,-473.8947086304236,923.2230109567364,841.2880620199991,745.0515099630792,1467.7447065175447,646.1818219542811,-5263.911698152154,1458.4551530200158
patient_204,265.0,10.6,391.60919927070324,3416.7805142597017,938.8873789275646,645.8629826322011,-4885.626984694949,1493.5792258228328,1513.8693855975512,21692.189091081753,1519.009928443918
patient_204,266.0,10.64,267.54653957399984,-3101.5664924175853,949.5892405105245,191.8496977108654,-11350.332123033393,1501.2532137312674,668.661277840729,-21130.202693920553,1545.756379557547
patient_204,267.0,10.68,294.8662449857304,682.9926352932646,961.3838903099537,152.92234366144356,-973.183851235546,1507.370107477725,255.8460169559886,-10320.38152211851,1555.9902202357866
patient_204,268.0,10.72,286.74589804540597,-203.00867350811131,972.85372623177,329.5881570968246,4416.645335884526,1520.5536337615981,245.80660579344595,-250.98527906356622,1565.8224844675246
patient_204,269.0,10.76,60.29215539442126,-5661.343566274618,975.2654124475469,117.7195873941867,-5296.714242565948,1525.2624172573655,16.752293073460006,-5726.357817999648,1566.492576190463
patient_204,270.0,10.8,247.5975736559992,4682.635456539449,985.1693153937869,346.91042988400295,5729.771062245406,1539.1388344527256,54.09245351243128,933.5040109742816,1568.6562743309603
patient_204,271.0,10.84,175.05240930253396,-1813.6291088366313,992.1714117658881,204.6106641155593,-3557.494144211091,1547.323261017348,28.410562273451703,-642.0472809744894,1569.7926968218983
patient_204,272.0,10.88,165.56206720903313,-237.2585523375207,998.7938944542495,111.51945863391855,-2327.280137041019,1551.7840393627048,158.40307942642406,3249.812928824309,1576.1288199989554
patient_204,273.0,10.92,152.57804103476147,-324.60065435679155,1004.89701609564,100.95281763578487,-264.16602495334195,1555.8221520681361,181.2002900839334,569.9302664377335,1583.3768316023127
patient_204,274.0,10.96,114.23402820723237,-958.6003206882275,1009.4663772239293,84.44970767595208,-412.5777489958196,1559.2001403751742,95.8632524026713,-2133.425942031552,1587.2113616984195
patient_204,275.0,11.0,68.04784073646418,-1154.6546867692048,1012.1882908533879,241.08029264508775,3915.7646242283918,1568.8433520809776,198.0770901681486,2555.3459441369323,1595.1344453051454
patient_204,276.0,11.04,73.2587989977922,130.27395653320042,1015.1186428132995,131.74056706748465,-2733.493139440078,1574.1129747636771,195.37851925616363,-67.46427279962433,1602.9495860753918
patient_204,277.0,11.08,48.136495229760285,-628.0575942007978,1017.0441026224898,146.19890965502802,361.45856468858426,1579.9609311498782,101.37261953416568,-2350.147493049949,1607.0044908567586
patient_204,278.0,11.12,43.33451038818006,-120.04962103950572,1018.7774830380171,58.2753981094504,-2198.08778863944,1582.2919470742563,133.03952131779346,791.6725445906944,1612.3260717094702
patient_204,279.0,11.16,42.49259036847777,-21.04800049255715,1020.4771866527562,93.0791174501192,870.09298351672,1586.0151117722612,44.23766251991826,-2220.04646994688,1614.095578210267
patient_204,280.0,11.2,23.67309308467094,-470.4874320951708,1021.4241103761431,99.51788132837079,160.9690969562898,1589.995827025396,2.487951146945319,-1043.7427843243236,1614.1950962561448
patient_204,281.0,11.24,32.15103793511388,211.94862126107347,1022.7101518935476,80.74451741113185,-469.3340979309735,1593.2256077218415,26.75200152668188,606.601259493414,1615.265176317212
patient_204,282.0,11.28,28.462882985013465,-92.20387375251029,1023.848667212948,67.48197991615427,-331.56343737443945,1595.9248869184876,46.670519966723205,497.96296100103314,1617.1319971158812
patient_204,283.0,11.32,56.038059756539255,689.3794192881447,1026.0901896032096,94.49309521837385,675.2778825554894,1599.7046107272224,165.77572222929274,2977.630056564238,1623.763026005053
patient_204,284.0,11.36,66.24316552615363,255.12764424035942,1028.7399162242557,59.81424237290331,-866.9713211367637,1602.0971804221385,139.41817728822974,-658.9386235265749,1629.3397530965822
patient_204,285.0,11.4,33.73897341489472,-812.6048027814727,1030.0894751608516,34.2721392829069,-638.5525772499102,1603.4680659934547,83.13166515382939,-1407.1628033600089,1632.6650197027352
patient_204,286.0,11.44,93.78031462422912,1501.03353023336,1033.8406877458208,81.05709052728899,1169.6237811095523,1606.7103496145462,96.73091664389723,339.9812872516961,1636.5342563684912
patient_204,287.0,11.48,28.288818918051632,-1637.287392654437,1034.972240502543,35.91517138566375,-1128.5479785406312,1608.1469564699728,51.336987138695704,-1134.848237630038,1638.5877358540392
patient_204,288.0,11.52,4.470071026823987,-595.4686972806911,1035.1510433436158,13.442638192396196,-561.8133298316887,1608.6846619976686,53.35408644592075,50.427482680626134,1640.721899311876
patient_204,289.0,11.56,21.01793233360411,413.6965326695031,1035.99176063696,59.843771708055876,1160.028337891492,1611.078412865991,52.77172268541855,-14.55909401255493,1642.832768219293
patient_204,290.0,11.6,40.116406471692905,477.4618534522198,1037.5964168958278,44.12659190617562,-392.9294950470064,1612.843476542238,100.76063650256324,1199.7228454286173,1646.8631936793954
patient_204,291.0,11.64,16.630890092538255,-587.1379094788663,1038.2616524995292,7.7830312648122355,-908.5890160340846,1613.1547977928305,23.666060048247626,-1927.3644113578903,1647.8098360813256
patient_204,292.0,11.68,14.532461533671444,-52.46071397167027,1038.8429509608761,58.454747619435025,1266.7929088655696,1615.492987697608,54.92968333290103,781.5905821163351,1650.0070234146415
patient_204,293.0,11.72,38.9597200315004,610.6814624457239,1040.401339762136,65.15227351757557,167.43814745351352,1618.0990786383109,65.03892463393805,252.7310325259256,1652.608580399999
patient_204,294.0,11.76,14.215505586320269,-618.6053611295033,1040.969959985589,32.72147526446263,-810.7699563278234,1619.4079376488894,47.212188698635615,-445.66839838256095,1654.4970679479445
patient_204,295.0,11.8,14.350990567267015,3.38712452366865,1041.5439996082796,64.07073368734424,783.7314605720403,1621.9707669963834,50.538606910264605,83.16045529072476,1656.5186122243551
patient_204,296.0,11.84,23.783444906268503,235.8113584750372,1042.4953374045303,42.78386807111077,-532.1716404058369,1623.6821217192278,70.32512405341065,494.6629285786511,1659.3316171864915
patient_204,297.0,11.88,27.582938062976304,94.98732891769501,1043.5986549270494,32.9603469678984,-245.5880275803091,1625.0005355979438,27.260589312190405,-1076.613368530506,1660.422040758979
patient_204,298.0,11.92,31.83781557963254,106.37193791640591,1044.8721675502345,48.22099760987205,381.5162660493412,1626.9293755023389,37.82971770217752,264.22820974967783,1661.935229467066
patient_204,299.0,11.96,39.03588646084575,179.9517720303303,1046.4336030086683,148.04345616818426,2495.5614639578052,1632.8511137490661,207.1463302629592,4232.915314019541,1670.2210826775843
patient_204,300.0,12.0,93.74279448805167,1367.672700680148,1050.1833147881905,43.67858774260381,-2609.1217106395115,1634.5982572587702,184.4445675942075,-567.5440667187921,1677.5988653813524
patient_204,301.0,12.04,17.617464200488506,-1903.1332571890794,1050.88801335621,30.329874587310456,-333.71782888233383,1635.8114522422627,28.51838635693775,-3898.154530931744,1678.73960083563
patient_204,302.0,12.08,138.0569114630038,3010.986181562882,1056.4102898147303,38.10138234123249,194.28769384805076,1637.335507535912,190.81099270388017,4057.3151586735603,1686.3720405437853
patient_204,303.0,12.12,280.23140452960394,3554.362326665004,1067.6195459959145,90.12428089521656,1300.5724638496017,1640.9404787717206,173.2612265533095,-438.74415376426657,1693.3024896059176
patient_204,304.0,12.16,417.20610955531293,3424.367625642725,1084.307790378127,359.7380358117054,6740.343872912222,1655.330000204189,322.3136018865981,3726.309383332215,1706.1950336813816
patient_204,305.0,12.2,283.2393642270586,-3349.168633206358,1095.6373649472093,400.4651577700627,1018.1780489589329,1671.3486065149916,379.94654160961403,1440.8234930753977,1721.3928953457662
patient_204,306.0,12.24,426.34857821943905,3577.7303498095107,1112.6913080759869,1030.1343533595366,15741.72988973685,1712.553980649373,679.9636844641731,7500.428571363976,1748.591442724333
patient_204,307.0,12.28,366.75521462849747,-1489.8340897735395,1127.3615166611269,787.5506535941763,-6064.592494134007,1744.0560067931399,986.2703114083785,7657.6656736051345,1788.0422551806682
patient_204,308.0,12.32,415.8218684606623,1226.6663458041207,1143.9943913995533,651.8715142146012,-3391.978484489377,1770.130867361724,822.4270732249929,-4096.080954584639,1820.939338109668
patient_204,309.0,12.36,345.1709512323541,-1766.2729307077043,1157.8012294488474,693.1022326937692,1030.7679619791998,1797.8549566694749,858.936636816818,912.7390897956275,1855.2968035823405
patient_204,310.0,12.4,333.2689745472309,-297.54941712808005,1171.1319884307368,307.90349037825786,-9629.968557887783,1810.1710962846053,867.7615290127984,220.6223048995099,1890.0072647428526
patient_204,311.0,12.44,396.08994621577347,1570.5242917135636,1186.9755862793675,209.8961022289573,-2450.184703732514,1818.5669403737636,470.9191912536864,-9921.0584439778,1908.8440323930001
patient_204,312.0,12.48,143.46595059062255,-6315.599890628773,1192.7142243029925,70.26753673218036,-3490.7141374194234,1821.3776418430507,257.4604635848299,-5336.468191721413,1919.1424509363933
patient_204,313.0,12.52,40.12731326948146,-2583.465933028527,1194.3193168337718,124.51418961319594,1356.1663220253895,1826.3582094275785,51.257394694619116,-5155.0767222552695,1921.192746724178
patient_204,314.0,12.56,105.01044718510478,1622.078347890583,1198.5197347211758,77.34862838820709,-1179.1390306247213,1829.452154563107,46.606588136715054,-116.27016394760155,1923.0570102496467
patient_204,315.0,12.6,97.4719202445041,-188.46317351501688,1202.418611530956,278.3341649930435,5024.6384151209095,1840.5855211628286,319.293337963503,6817.168745669698,1935.8287437681868
patient_204,316.0,12.64,96.31019555295745,-29.04311728866631,1206.2710193530743,251.57286180550204,-669.0325796885361,1850.6484356350486,241.64696952372591,-1941.1592109944272,1945.4946225491358
patient_204,317.0,12.68,90.21058950594023,-152.49015117543047,1209.879442933312,190.0875031456691,-1537.1339664958234,1858.2519357608753,129.30107976714427,-2808.647243914541,1950.6666657398216
patient_204,318.0,12.72,62.73048615004714,-687.0025838973273,1212.388662379314,64.84795893655186,-3130.988605227931,1860.8458541183375,141.55500611903966,306.3481587973847,1956.328865984583
patient_204,319.0,12.76,19.3232412516755,-1085.1811224592911,1213.161592029381,29.269394687228566,-889.4641062330824,1862.0166299058267,460.8940791537676,7983.476825868199,1974.7646291507338
patient_204,320.0,12.8,15.44392330758249,-96.98294860232525,1213.7793489616843,44.08035543513032,370.2740186975439,1863.779844123232,76.28117858374736,-9615.322514250507,1977.8158762940836
patient_204,321.0,12.84,28.07570923450883,315.7946481731585,1214.9023773310646,86.79265415427736,1067.807467978676,1867.251550289403,210.43761308341018,3353.9108624915707,1986.2333808174203
patient_204,322.0,12.88,96.89413368576575,1720.4606112814229,1218.7781426784952,78.88874761104482,-197.59766358081345,1870.4071001938448,525.6765186550706,7880.972639291511,2007.260441563623
patient_204,323.0,12.92,25.521937337239876,-1784.304908713147,1219.7990201719847,38.998311528633884,-997.2609020602735,1871.9670326549901,58.02507884631303,-11691.28599521894,2009.5814447174757
patient_204,324.0,12.96,19.587144782384836,-148.369813871376,1220.58250596328,204.83543512654546,4145.92808994779,1880.1604500600517,295.8772709139761,5946.304801691576,2021.4165355540347
patient_204,325.0,13.0,45.69088333612967,652.593463843621,1222.4101412967254,102.84165428185155,-2549.844521117348,1884.274116231326,311.3343333723223,386.4265614586557,2033.8699088889275
patient_204,326.0,13.04,20.249394273924032,-636.037226555141,1223.2201170676824,150.31493938139718,1186.832127488641,1890.2867138065817,193.8191374692946,-2937.879897575693,2041.6226743876996
patient_204,327.0,13.08,28.038655640805874,194.73153417204605,1224.3416632933145,39.81444276993175,-2762.5124152866356,1891.879291517379,34.37311678404584,-3986.1505171312187,2042.9975990590613
patient_204,328.0,13.12,24.86125849075002,-79.43492875139633,1225.3361136329445,114.22715251039558,1860.317743511596,1896.4483776177947,52.48232868614363,452.73029755244477,2045.096892206507
patient_204,329.0,13.16,70.03313199273282,1129.29683754957,1228.1374389126538,27.84266096214042,-2159.6122887063793,1897.5620840562801,43.37460793399269,-227.6930188037735,2046.8318765238666
patient_204,330.0,13.2,57.93272169991768,-302.5102573203785,1230.4547477806505,35.59288486013876,193.7555974499585,1898.9857994506858,83.6470702339346,1006.8115574985477,2050.177759333224
patient_204,331.0,13.24,82.93263969571197,624.9979498948572,1233.772053368479,249.1422980443576,5338.735329605472,1908.9514913724602,152.94615698849407,1732.4771688639867,2056.295605612764
patient_204,332.0,13.28,94.88590025735795,298.8315140411494,1237.5674893787734,75.98399815428614,-4328.957497251787,1911.9908512986315,231.34955828906863,1960.085032514364,2065.5495879443265
patient_204,333.0,13.32,55.69785695276276,-979.7010826148796,1239.7954036568838,136.9313325828156,1523.6833607132364,1917.468104601944,40.22413921242188,-4778.135476916169,2067.1585535128233
patient_204,334.0,13.36,77.16784716323818,536.7497552618854,1242.8821175434134,86.49447376644905,-1260.9214704091637,1920.9278835526022,205.60583273325557,4134.542338020842,2075.382786822154
patient_204,335.0,13.4,33.97017589208453,-1079.9417817788412,1244.2409245790968,135.18331283356832,1217.220976677982,1926.335216065945,16.305067197140637,-4732.519138402873,2076.0349895100394
patient_204,336.0,13.44,34.148880123314406,4.467605780746986,1245.6068797840294,86.89470919645615,-1207.2150909278043,1929.8110044338034,66.09398002495892,1244.7228206954571,2078.6787487110378
patient_204,337.0,13.48,33.28493535483726,-21.59861921192867,1246.9382771982227,105.54585596331042,466.2786691713567,1934.0328386723359,20.663489832252672,-1135.7622548176562,2079.505288304328
patient_204,338.0,13.52,64.72586909247516,786.0233434409477,1249.527311961922,160.7937273956286,1381.1967858079545,1940.4645877681608,40.29481635185976,490.7831629901772,2081.1170809584023
patient_204,339.0,13.56,38.09723866874372,-665.7157605932861,1251.0512015086715,83.33297480622609,-1936.5188147350625,1943.79790676041,134.01284275810636,2342.9506601561648,2086.477594668727
patient_204,340.0,13.6,107.93684887020301,1745.9902550364823,1255.3686754634796,49.15968547949397,-854.332233168303,1945.7642941795896,111.19196962468526,-570.5218283355275,2090.925273453714
patient_204,341.0,13.64,130.58120725936166,566.1089597289664,1260.591923753854,31.436928949352083,-443.06891325354724,1947.0217713375637,173.08087349323512,1547.2225967137465,2097.8485083934434
patient_204,342.0,13.68,82.07990248292963,-1212.5326194108009,1263.875119853171,103.39644748074039,1798.9879632847078,1951.1576292367934,73.75532089153886,-2483.1388150424063,2100.798721229105
patient_204,343.0,13.72,166.10872906422134,2100.7206645322926,1270.51946901574,185.79880791003953,2060.0590107324783,1958.589581553195,222.39932915113118,3716.1002064898084,2109.6946943951502
patient_204,344.0,13.76,273.5975348201949,2687.220143899339,1281.4633704085477,583.6532886831454,9946.362019327647,1981.9357131005208,733.8432773960915,12786.098706124008,2139.048425490994
patient_204,345.0,13.8,229.43399431543133,-1104.0885126190888,1290.640730181165,629.643190004529,1149.7475330345878,2007.1214407007021,518.2861193469354,-5388.928951228902,2159.779870264871
patient_204,346.0,13.84,290.5517111371532,1527.942920543046,1302.2627986266511,572.3555177704478,-1432.1918058520282,2030.01566141152,556.6145335718604,958.210355623126,2182.044451607746
patient_204,347.0,13.88,296.0395084703127,137.19493332898764,1314.1043789654636,553.3295027253321,-475.65037612789354,2052.148841520533,723.0748173677446,4161.507094897104,2210.9674443024555
patient_204,348.0,13.92,279.77949727506797,-406.5002798811179,1325.2955588564664,509.7062789813675,-1090.5805935991139,2072.5370926797877,314.0727882905001,-10225.050726931111,2223.530355834075
patient_204,349.0,13.96,280.23861440619936,11.477928278284821,1336.5051034327143,489.685292692717,-500.52465721626334,2092.1245043874965,468.1180108581588,3851.1305641914673,2242.255076268402
patient_204,350.0,14.0,243.24056046034252,-924.9513486464209,1346.234725851128,367.0860573003849,-3064.9808848083026,2106.807946679512,329.3212246590911,-3469.9196549766925,2255.4279252547653
patient_204,351.0,14.04,259.57924737514844,408.467172870148,1356.6178957461339,100.43196440426445,-6666.352322403011,2110.8252252556827,327.94303578458516,-34.454721862648796,2268.5456466861488
patient_204,352.0,14.08,215.03385632696754,-1113.6347762045225,1365.2192499992127,166.7970054415055,1659.126025931026,2117.497105473343,239.81063814773833,-2203.309940921171,2278.1380722120584
patient_204,353.0,14.12,186.1580425822407,-721.8953436181707,1372.6655717025021,132.94511884218943,-846.2971649829014,2122.8149102270304,105.53504994384566,-3356.8897050973164,2282.359474209812
patient_204,354.0,14.16,201.23198066373573,376.8484520373754,1380.7148509290519,170.39837995357783,936.33152778471,2129.6308454251734,133.52591168864788,699.7715436200555,2287.700510677358
patient_204,355.0,14.2,108.71062918081205,-2313.033787073092,1385.0632760962842,115.82391540057512,-1364.3616138250677,2134.2638020411964,143.23707571265027,242.77910060005965,2293.429993705864
patient_204,356.0,14.24,71.83934099867461,-921.7822045534358,1387.9368497362311,58.69505126089357,-1428.2216034920386,2136.6116040916327,109.12935126972968,-852.6931110730146,2297.795167756653
patient_204,357.0,14.28,77.79609410729937,148.91882771561882,1391.0486935005229,71.41193552634526,317.92210663629226,2139.4680815126862,97.81579637610555,-282.83887234060325,2301.7077996116973
patient_204,358.0,14.32,46.86277342038029,-773.3330171729768,1392.9232044373382,89.08834131662401,441.91014475696875,2143.0316151653515,91.54014754607974,-156.8912207506454,2305.3694055135406
patient_204,359.0,14.36,108.65854186348412,1544.8942110775956,1397.2695461118776,6.580298213161684,-2062.7010775865583,2143.2948270938778,63.26319658984552,-706.9237739058555,2307.8999333771344
patient_204,360.0,14.4,107.3211415160691,-33.43500868537532,1401.5623917725204,97.64456250609831,2276.6066073234156,2147.2006095941215,41.25524931187755,-550.1986819491993,2309.5501433496097
patient_204,361.0,14.44,46.64267002357889,-1516.9617873122554,1403.4280985734638,59.10529563560597,-963.4816717623086,2149.5648214195458,69.46275864642644,705.1877333637221,2312.3286536954665
patient_204,362.0,14.48,63.122029573307664,411.9839887432194,1405.9529797563962,104.19848882803915,1127.3298298108293,2153.7327609726676,170.7983016234154,2533.388574424724,2319.160585760403
patient_204,363.0,14.52,24.921108895320703,-955.0230169496739,1406.949824112209,86.1482106705898,-451.2569539362335,2157.1786893994913,95.3709767202319,-1885.6831225795877,2322.9754248292124
patient_204,364.0,14.56,55.99846651695592,776.9339405408805,1409.1897627728872,40.959327105745764,-1129.722089121101,2158.8170624837207,136.91278363671032,1038.5451729119604,2328.4519361746807
patient_204,365.0,14.6,47.481986283795756,-212.91200582900416,1411.0890422242392,60.78691751022572,495.6897601119989,2161.24853918413,228.66550019342162,2293.817913917783,2337.5985561824177
patient_204,366.0,14.64,181.64619450832583,3354.105205613252,1418.3548900045723,63.97093259827532,79.60037720123995,2163.807376488061,517.5406667772264,7221.87916459512,2358.3001828535066
patient_204,367.0,14.68,223.16641690396213,1038.0055598909073,1427.2815466807308,202.21321720670022,3456.0571152106227,2171.895905176329,209.89286746314406,-7691.194982852059,2366.6958975520324
patient_204,368.0,14.72,289.6707577025314,1662.6085199642312,1438.868376988832,306.50165157423896,2607.2108591884685,2184.1559712392987,669.9617523432717,11501.72212200319,2393.4943676457638
patient_204,369.0,14.76,390.6026823839971,2523.298117036643,1454.492484284192,693.2232057298041,9668.03885388913,2211.8848994684904,809.7556765912883,3494.848106200416,2425.884594709415
patient_204,370.0,14.8,372.54275089614276,-451.4982871963582,1469.3941943200377,650.7576160138783,-1061.6397428981459,2237.9152041090456,585.3793010109509,-5609.409389508434,2449.299766749853
patient_204,371.0,14.84,384.8124757241485,306.7431207001434,1484.7866933490036,669.1884198882694,460.7700968597783,2264.6827409045763,707.8750301600311,3062.3932287270036,2477.6147679562546
patient_204,372.0,14.88,545.8506816175966,4025.9551473362026,1506.6207206137074,557.0590363924338,-2803.2345873958916,2286.9651023602737,359.47339937511583,-8710.040769622881,2491.993703931259
patient_204,373.0,14.92,341.30707916360836,-5113.590061349706,1520.2730037802517,406.01893515609675,-3776.002530908426,2303.2058597665177,413.36673731450566,1347.3334484847455,2508.528373423839
patient_204,374.0,14.96,283.55657400705417,-1443.762628913855,1531.6152667405338,120.75844219938884,-7131.512323917698,2308.0361974544935,246.8403632731625,-4163.159351033579,2518.401987954766
patient_204,375.0,15.0,179.25506078459082,-2607.5378305615836,1538.7854691719174,117.73681148429476,-75.54076787735191,2312.745669913865,68.4791562091384,-4459.030176600602,2521.1411542031315
patient_204,376.0,15.04,64.27403397289471,-2874.525670292403,1541.356430530833,97.48681273504027,-506.2499687313622,2316.645142423267,114.62386105863837,1153.6176212374994,2525.726108645477
patient_204,377.0,15.08,99.83683075280592,889.0699194977802,1545.3499037609454,154.66428348587033,1429.4367687707513,2322.831713762702,210.27545171570662,2391.2897664267066,2534.1371267141053
patient_204,378.0,15.12,50.25765910830623,-1239.4792911124923,1547.3602101252775,58.26180458726017,-2410.061972465254,2325.162185946192,117.17450224654787,-2327.5237367289687,2538.824106803967
patient_204,379.0,15.16,23.904893944501957,-658.8191290951067,1548.3164058830575,77.10330052198903,471.0373983682214,2328.2463179670717,86.39805676609289,-769.4111370113745,2542.280029074611
patient_204,380.0,15.2,12.096071198723038,-295.22056864447296,1548.8002487310064,89.25784624386297,303.8636430468486,2331.816631816826,77.18015749487343,-230.44748178048664,2545.367235374406
patient_204,381.0,15.24,42.49318502108702,759.9278455590996,1550.4999761318497,63.52536547643633,-643.3120191856661,2334.3576464358835,122.2217453749717,1126.039697002457,2550.2561051894045
patient_204,382.0,15.28,80.09300948008394,939.9956114749228,1553.703696511053,108.87318146832361,1133.695399797182,2338.712573694617,143.54959897936604,533.1963401098584,2555.9980891485793
patient_204,383.0,15.32,160.51063500823483,2010.4406382037723,1560.1241219113826,141.9125633269008,825.9845464644296,2344.389076227693,59.31366056090422,-2105.8984604615453,2558.370635571015
patient_204,384.0,15.36,123.43121882976519,-926.985404461741,1565.0613706645731,217.58992189125524,1891.9339641088613,2353.092673103343,239.16009227803232,4496.160792928203,2567.9370392621368
patient_204,385.0,15.4,177.44289650641807,1350.291941916322,1572.15908652483,345.59231883207923,3200.0599235205996,2366.9163658566263,314.59893106955946,1885.9709697881783,2580.520996504919
patient_204,386.0,15.44,237.282136994655,1495.9810122059232,1581.650372004616,364.19949476398904,465.1793982977452,2381.484345647186,772.1299395953416,11438.275213144554,2611.4061940887327
patient_204,387.0,15.48,339.3843374143996,2552.555010493616,1595.225745501192,608.7371495905996,6113.441370665265,2405.8338316308095,531.2934640736008,-6020.91188804352,2632.6579326516767
patient_204,388.0,15.52,375.8693850204714,912.1261901517939,1610.260520902011,870.0870080580469,6533.746461686181,2440.6373119531318,855.1476691127274,8096.355125978163,2666.8638394161862
patient_204,389.0,15.56,391.2856674368327,385.40706040903245,1625.9119475994842,720.643451103999,-3736.088923851196,2469.4630499972914,995.1098638766202,3499.0548690973214,2706.668233971251
patient_204,390.0,15.6,399.51101507815326,205.63369103301454,1641.8923882026104,594.8806529107721,-3144.0699548306725,2493.2582761137223,647.6973519407743,-8685.31279839615,2732.5761280488823
patient_204,391.0,15.64,330.2488844948267,-1731.5532645831638,1655.1023435824034,291.9871277431989,-7572.33812918933,2504.9377612234503,245.8761857516003,-10045.52915472935,2742.4111754789465
patient_204,392.0,15.68,244.32470676048794,-2148.1044433584693,1664.875331852823,162.59067679526686,-3234.9112736983016,2511.4413882952613,169.35217132560427,-1913.1003606499007,2749.1852623319705
patient_204,393.0,15.72,225.8738071062677,-461.2724913555063,1673.9102841370736,111.95556371638042,-1265.8778269721608,2515.9196108439164,95.22510188231288,-1853.1767360822848,2752.9942664072632
patient_204,394.0,15.76,208.95557604162914,-422.9557766159637,1682.2685071787387,171.90627272974152,1498.7677253340273,2522.795861753106,191.9186078694888,2417.3376496793976,2760.671010722043
patient_204,395.0,15.8,94.03688583253819,-2872.9672552272737,1686.0299826120402,96.26056639025866,-1891.1426584870715,2526.6462844087164,158.13044653909378,-844.7040332598754,2766.996228583607
patient_204,396.0,15.84,114.55847157689396,513.0396436088944,1690.612321475116,112.57890593800197,407.9584886935827,2531.1494406462366,140.8274956889128,-432.5737712545248,2772.6293284111634
patient_204,397.0,15.88,79.65183244345602,-872.6659783359487,1693.7983947728542,103.75411931776186,-220.6196655060026,2535.299605418947,58.00534166181486,-2070.5538506774483,2774.949542077636
patient_204,398.0,15.92,39.00861823643876,-1016.0803551754315,1695.358739502312,20.510941858065493,-2081.079436492409,2536.1200430932695,46.211906598612885,-294.8358765800494,2776.7980183415807
patient_204,399.0,15.96,18.005826744767123,-525.0697872917908,1696.0789725721024,32.312562385810374,295.040513193622,2537.412545588702,27.445608544577585,-469.15745135088247,2777.8958426833638
patient_204,400.0,16.0,26.944174774440498,223.45870074183435,1697.1567395630802,17.993212895492704,-357.98373725794175,2538.1322741045215,32.9620313282365,137.91056959147286,2779.214323936493
patient_204,401.0,16.04,43.16884847282139,405.6168424595223,1698.8834935019931,52.21433720722445,855.5281077932938,2540.2208475928105,35.6032037351559,66.02931017298505,2780.638452085899
patient_204,402.0,16.08,29.45344879628713,-342.88499191335643,1700.0616314538447,20.50954706211647,-792.6197536276995,2541.041229475295,18.55636635394808,-426.17093453019555,2781.380706740057
patient_204,403.0,16.12,29.007296693975494,-11.153802557790904,1701.2219233216038,34.87930568907622,359.24396567399367,2542.4364017028583,62.67358768752091,1102.9305333393206,2783.8876502475578
patient_204,404.0,16.16,68.02907624396867,975.5444887498296,1703.9430863713624,17.207595237706467,-441.7927612842438,2543.1247055123663,57.47057118710601,-130.07541251037242,2786.186473095042
patient_204,405.0,16.2,130.37859459465363,1558.737958767124,1709.1582301551484,26.714877648697026,237.68206027476398,2544.1933006183144,61.74750420749719,106.9233255097794,2788.656373263342
patient_204,406.0,16.24,145.24612135508096,371.6881690106831,1714.9680750093517,76.52081282688438,1245.148379454684,2547.2541331313896,238.9085562224738,4429.026300374416,2798.212715512241
patient_204,407.0,16.28,268.29207906560913,3076.148942763204,1725.6997581719759,320.79071372030995,6106.74752233564,2560.085761680202,217.82954388560043,-526.9753084218344,2806.9258972676653
patient_204,408.0,16.32,258.4424012968876,-246.24194421803764,1736.0374542238515,317.1131430952874,-91.93926562556385,2572.7702874040133,397.7566548052043,4498.177772990096,2822.836163459873
patient_204,409.0,16.36,263.56930526939925,128.17259931279068,1746.5802264346273,499.5466774663985,4560.838359277777,2592.75215450267,593.0975679900934,4883.522829622227,2846.5600661794765
patient_204,410.0,16.4,294.6765493158886,777.6811011622342,1758.3672884072628,616.7960458730513,2931.2342101663207,2617.4239963375917,775.4234039655914,4558.145899387452,2877.5770023381
patient_204,411.0,16.44,300.18835404698643,137.79511827744528,1770.3748225691422,674.1439627390024,1433.6979216487775,2644.389754847152,528.4925306643182,-6173.27183253183,2898.7167035646726
patient_204,412.0,16.48,489.48501500580227,4732.416523970396,1789.9542231693745,859.4443756519366,4632.510322823356,2678.7675298732293,653.4092732141502,3122.9185637457986,2924.853074493238
patient_204,413.0,16.52,558.0905158488346,1715.1375210758076,1812.2778438033276,629.6841423224189,-5744.005833237944,2703.954895566126,708.2186237761426,1370.2337640498115,2953.181819444284
patient_204,414.0,16.56,208.3975264065245,-8742.324736057752,1820.6137448595887,179.00304134680377,-11267.027524390378,2711.115017219998,221.1154778390237,-12177.578648427974,2962.026438557845
patient_204,415.0,16.6,129.6435413526204,-1968.8496263476027,1825.7994865136934,57.36723617953841,-3040.895129181634,2713.4097066671798,92.31426054004199,-3220.030432474543,2965.7190089794462
patient_204,416.0,16.64,67.69124161338465,-1548.8074934808935,1828.5071361782288,46.24985435147103,-277.9345457016845,2715.2597008412386,44.39896305276924,-1197.8824371818187,2967.494967501557
patient_204,417.0,16.68,36.36699442737493,-783.106179650243,1829.9618159553238,74.45936549538418,705.2377785978287,2718.2380754610535,52.901980223797196,212.5754292756989,2969.611046710509
patient_204,418.0,16.72,12.221480816607583,-603.6378402691836,1830.450675187988,17.796580720782522,-1416.5696193650413,2718.9499386898847,2.393427460399132,-1262.7138190849516,2969.706783808925
patient_204,419.0,16.76,95.83049466938316,2090.2253463193892,1834.2838949747634,191.1011173404634,4332.613415492022,2726.5939833835037,237.71888750791913,5883.136501188001,2979.2155393092416
patient_204,420.0,16.8,20.080404257373743,-1893.7522603002353,1835.0871111450583,65.82976541193155,-3131.783798213296,2729.227173999981,27.058943321448528,-5266.498604661765,2980.2978970420995
patient_204,421.0,16.84,35.88146029793152,395.0264010139444,1836.5223695569757,69.22582408650077,84.90146686423046,2731.996206963441,81.91550410073312,1371.4140194821148,2983.574517206129
patient_204,422.0,16.88,45.301567139451514,235.5026710379999,1838.3344322425537,19.578256297390745,-1241.1891947277504,2732.779337215337,28.937290936831335,-1324.4553290975446,2984.7320088436018
patient_204,423.0,16.92,41.29588057695728,-100.14216406235583,1839.9862674656322,160.0986864768963,3513.0107544876387,2739.183284674413,66.93789833620313,950.015184984295,2987.4095247770497
patient_204,424.0,16.96,35.85551611260814,-136.00911160872843,1841.4204881101364,115.59589751456991,-1112.5697240581594,2743.8071205749957,70.36223679356985,85.60846143416789,2990.2240142487926
patient_204,425.0,17.0,34.89907630377025,-23.910995220947306,1842.8164511622872,107.41735937029716,-204.46345360681875,2748.1038149498077,50.213911281608986,-503.7081377990216,2992.232570700057
patient_204,426.0,17.04,39.366010744188216,111.67336101044913,1844.3910915920549,30.56049741855926,-1921.4215487934475,2749.32623484655,10.167028395397397,-1001.1720721552898,2992.639251835873
patient_204,427.0,17.08,3.9016633819336195,-886.608684056365,1844.5471581273323,219.44380707467707,4722.082741402945,2758.1039871295375,82.65139755717561,1812.1092290444556,2995.94530773816
patient_204,428.0,17.12,5.990744116672469,52.22701836847124,1844.7867878919992,47.13738621127614,-4307.660521585023,2759.9894825779884,35.03416288455634,-1190.430866815482,2997.3466742535425
patient_204,429.0,17.16,7.698563253038516,42.69547840915118,1845.0947304221208,8.104529027459185,-975.8214295954238,2760.313663739087,13.157150590663326,-546.9253073473252,2997.872960277169
patient_204,430.0,17.2,22.120910747146443,360.55868735269814,1845.9795668520064,101.78402134291662,2341.987307886436,2764.385024592804,246.50530202126615,5833.70378576507,3007.7331723580196
patient_204,431.0,17.24,86.01347756202073,1597.3141703718572,1849.4201059544873,18.479898334765426,-2082.60307520378,2765.1242205261947,54.08492533229174,-4810.509417224361,3009.896569371311
patient_204,432.0,17.28,66.96523181618278,-476.20614364594866,1852.0987152271346,57.45554961014344,974.3912818844503,2767.4224425106,88.4874208806798,860.0623887097017,3013.4360662065387
patient_204,433.0,17.32,77.54999777673692,264.6191490138534,1855.200715138204,152.92267776261684,2386.6782038118354,2773.539349621105,52.925563536334565,-889.0464336086311,3015.553088747992
patient_204,434.0,17.36,71.18124157824862,-159.2189049622075,1858.047964801334,182.73771937013942,745.3760401880643,2780.84885839591,230.24414947518844,4432.964648471347,3024.7628547269996
patient_204,435.0,17.4,105.06299095850967,847.0437345065263,1862.2504844396744,383.83040887348085,5027.317237583536,2796.20207475085,469.48514386149964,5981.02485965778,3043.54226048146
patient_204,436.0,17.44,148.0516765133145,1074.7171388701208,1868.172551500207,536.3907550732526,3814.008654994295,2817.65770495378,735.3410549543715,6646.397777321798,3072.9559026796346
patient_204,437.0,17.48,236.85021558698986,2219.963476841884,1877.6465601236864,342.3650631941386,-4850.642296977851,2831.3523074815457,450.85194078672396,-7112.227854191189,3090.989980311104
patient_204,438.0,17.52,256.67587185521575,495.6414067056471,1887.9135949978952,515.9565346024976,4339.786785208976,2851.990568865646,446.5237738395906,-108.20417367833386,3108.8509312646875
patient_204,439.0,17.56,52.6060186550279,-5101.746330004697,1890.0178357440964,163.86753539377858,-8802.224980217978,2858.545270281397,34.335344405814666,-10304.710735844397,3110.2243450409205
patient_204,440.0,17.6,193.25201028091604,3516.1497906472036,1897.7479161553329,392.5030196196044,5715.8871056456455,2874.2453910661807,414.9104085298527,9514.37660310095,3126.820761382114
patient_204,441.0,17.64,242.2990622202405,1226.1762984831116,1907.4398786441425,311.92683447603247,-2014.4046285892982,2886.722464445222,353.4164566247804,-1537.348797626808,3140.9574196471053
patient_204,442.0,17.68,227.33005270830427,-374.2252377984059,1916.5330807524747,258.5095141393543,-1335.4330084169546,2897.0628450107965,260.40098766254687,-2325.386724055838,3151.373459153607
patient_204,443.0,17.72,325.14309428580503,2445.3260394375193,1929.538804523907,251.89244063770005,-165.4268375413558,2907.1385426363045,185.2584695555719,-1878.562952674374,3158.78379793583
patient_204,444.0,17.76,64.35963649536487,-6519.586444761004,1932.1131899837214,77.2620187798354,-4365.760546446616,2910.229023387498,130.8161391808294,-1361.0582593685629,3164.016443503063
patient_204,445.0,17.8,115.57976247918468,1280.5031495954954,1936.7363804828888,124.35904803311293,1177.425731331938,2915.203385308823,185.71635272860954,1372.5053386945035,3171.445097612207
patient_204,446.0,17.84,78.08732468606433,-937.3109448280086,1939.8598734703314,76.3548656157884,-1200.1045604331132,2918.2575799334545,101.78486928567763,-2098.287086073298,3175.516492383634
patient_204,447.0,17.88,70.1750650708014,-197.8064903815735,1942.6668760731634,47.89396167189863,-711.5225985972442,2920.1733384003305,48.40974569585152,-1334.3780897456527,3177.4528822114685
patient_204,448.0,17.92,14.487328745851336,-1392.1934081237514,1943.2463692229974,51.80234424361104,97.70956429281021,2922.2454321700748,27.739544040989,-516.755041371563,3178.562463973108
patient_204,449.0,17.96,48.11905445948599,840.7931428408663,1945.171131401377,80.80661571705315,725.1067868360527,2925.477696798757,52.588424954858944,621.2220228467486,3180.6660009713023
patient_204,450.0,18.0,12.174399694525928,-898.6163691240016,1945.6581073891577,34.01692375933193,-1169.7422989430304,2926.8383737491304,15.619894891101323,-924.2132515939405,3181.2907967669466
patient_204,451.0,18.04,35.71641063438854,588.5502734965653,1947.0867638145335,161.9232773791622,3197.6588404957565,2933.315304844297,186.29709988952908,4266.930124960694,3188.742680762528
patient_204,452.0,18.08,74.50079873015865,969.6097023942527,1950.0667957637397,186.86865126004528,623.6343470220775,2940.790050894698,181.88641099459184,-110.26722237343094,3196.018137202311
patient_204,453.0,18.12,138.52323407029004,1600.560883503285,1955.6077251265515,81.53283130361497,-2633.395498910758,2944.051364146843,57.99739447458283,-3097.225413000225,3198.338032981295
patient_204,454.0,18.16,224.66930323537755,2153.6517291271875,1964.5944972559666,201.04762984907066,2987.869963636392,2952.093269340806,283.0211348722721,5625.593509942231,3209.6588783761854
patient_204,455.0,18.2,572.4661762752281,8694.921825996264,1987.4931443069759,730.9744104325991,13248.169514588213,2981.3322457581094,788.2907547526353,12631.74049700908,3241.190508566291
patient_204,456.0,18.24,236.55047915696673,-8397.892427956534,1996.9551634732547,395.6414316093901,-8383.324470580226,2997.157903022485,426.3561975348496,-9048.36393044464,3258.2447564676854
patient_204,457.0,18.28,297.71234044571145,1529.0465322186178,2008.863657091083,424.41078080145894,719.2337298017208,3014.134334254543,383.1669795708572,-1079.7304490998101,3273.5714356505196
patient_204,458.0,18.32,189.69889943000095,-2700.3360253927626,2016.4516130682832,168.22310814547401,-6404.691816399622,3020.8632585803625,338.1151739328386,-1126.295140950465,3287.0960426078327
patient_204,459.0,18.36,102.18500392065366,-2187.8473877336824,2020.5390132251093,179.6742911215724,286.2795744024595,3028.0502302252253,181.20041513041954,-3922.868970060477,3294.3440592130496
patient_204,460.0,18.4,33.907743015265225,-1706.9315226347107,2021.8953229457202,70.99607598447056,-2716.955378427546,3030.890073264604,12.082217398589922,-4227.95494329574,3294.827347908993
patient_204,461.0,18.44,89.29590700456694,1384.704099732543,2025.4671592259028,28.817859527926558,-1054.4554114136001,3032.042787645721,95.11127805613674,2075.7265164386704,3298.6317990312386
patient_204,462.0,18.48,69.79547435246037,-487.5108163026642,2028.2589782000014,109.20576508592869,2009.6976389500533,3036.4110182491586,60.51104407244247,-865.0058495923566,3301.052240794136
patient_204,463.0,18.52,56.98214686329799,-320.33318722905955,2030.5382640745331,131.9417087754038,568.398592236878,3041.6886866001746,207.9635801456492,3686.313401830168,3309.370783999962
patient_204,464.0,18.56,16.21366440727867,-1019.212061400483,2031.1868106508243,129.2165162407873,-68.12981336541242,3046.857347249806,125.53319918491576,-2060.759524018336,3314.3921119673587
patient_204,465.0,18.6,73.64251535588208,1435.7212737150853,2034.1325112650595,34.05191840801399,-2379.114945819333,3048.219423986127,80.66799015533229,-1121.6302257395866,3317.6188315735717
patient_204,466.0,18.64,60.50970062267274,-328.3203683302336,2036.5528992899665,57.284577036613804,580.8164657149954,3050.510807067591,10.791829554314026,-1746.9040150254568,3318.0505047557444
patient_204,467.0,18.68,174.96365542711771,2861.3488701111246,2043.5514455070513,126.13945210879803,1721.3718768046058,3055.556385151943,108.69559924921647,2447.5942423725614,3322.398328725713
patient_204,468.0,18.72,69.11433415216295,-2646.233031873869,2046.3160188731376,128.78885621166685,66.23510257172072,3060.70793940041,20.3168420566532,-2209.4689298140815,3323.2110024079793
patient_204,469.0,18.76,121.4534174004767,1308.4770812078436,2051.174155569157,89.7100513584731,-976.970121329844,3064.296341454749,299.68094817912356,6984.10265306176,3335.1982403351444
patient_204,470.0,18.8,114.00472554075756,-186.21729649297833,2055.7343445907873,140.1188027200632,1260.2187840397526,3069.9010935635515,261.81928865881616,-946.541488007685,3345.671011881497
patient_204,471.0,18.84,16.689816487732543,-2432.8727263256255,2056.4019372502967,45.618680748524824,-2362.5030492884594,3071.7258407934924,88.04638748762746,-4344.322529279718,3349.192867381002
patient_204,472.0,18.88,57.37972497474595,1017.2477121753351,2058.697126249286,154.7014304967685,2727.068743706092,3077.9138980133635,176.87048413181017,2220.602416104568,3356.2676867462746
patient_204,473.0,18.92,115.94796943423671,1464.206111487269,2063.3350450266557,180.0185657390117,632.9283810560803,3085.114640642924,583.197090345106,10158.165155332395,3379.595570360079
patient_204,474.0,18.96,148.58544095869905,815.9367881115586,2069.2784626650036,383.44161756671133,5085.576295692491,3100.4523053455923,364.3162246619921,-5472.021642077845,3394.1682193465585
patient_204,475.0,19.0,180.64248539622994,801.4261109382722,2076.504162080853,423.2625878914017,995.5242581172598,3117.382808861248,572.1937720311507,5196.938684228965,3417.0559702278047
patient_204,476.0,19.04,157.44658236470391,-579.8975757881508,2082.802025375441,703.1869372517216,6998.108734007997,3145.510286351317,693.7427834184302,3038.7252846819874,3444.805681564542
patient_204,477.0,19.08,244.3876261457976,2173.5260945273426,2092.577530421273,255.72194324123868,-11186.624850262073,3155.739164080967,526.8999580017633,-4171.070635416674,3465.881679884613
patient_204,478.0,19.12,251.64743694015863,181.4952698590254,2102.6434278988795,366.9875915030796,2781.6412065460236,3170.4186677410903,212.39252992209956,-7862.6857019915915,3474.377381081497
patient_204,479.0,19.16,301.37877641712385,1243.2834869241306,2114.6985789555642,336.7081846736283,-756.985170736283,3183.8869951280353,227.95527990125595,389.0687494789098,3483.495592277547
patient_204,480.0,19.2,171.22347188971546,-3253.8826131852097,2121.547517831153,57.38886165116135,-6982.983075561674,3186.182549594082,91.2291396822108,-3418.1535054761284,3487.1447578648354
patient_204,481.0,19.24,53.03832051242977,-2954.628784432142,2123.66905065165,50.9187009283532,-161.75401807020364,3188.219297631216,12.999224252926563,-1955.7478857321057,3487.6647268349525
patient_204,482.0,19.28,119.0801154069804,1651.0448723637658,2128.432255267929,92.73022459650014,1045.2880917036732,3191.9285066150755,61.849276996888186,1221.2513185990406,3490.1386979148283
patient_204,483.0,19.32,56.515023262056324,-1564.1273036231019,2130.6928561984114,126.66957363017758,848.4837258419361,3196.995289560283,87.66746306825509,645.4546517841726,3493.6453964375582
patient_204,484.0,19.36,112.7309678765646,1405.398615362707,2135.2020949134744,58.4079627555683,-1706.5402718652322,3199.3316080705054,61.58946782247262,-651.9498811445617,3496.108975150457
patient_204,485.0,19.4,11.1528075675381,-2539.4540077256624,2135.6482072161757,95.25099899970307,921.0759061033693,3203.1416480304933,82.07083373313272,512.0341477665024,3499.391808499782
patient_204,486.0,19.44,11.87614008352403,18.083312899648263,2136.1232528195164,18.515215742674737,-1918.3945814257083,3203.8822566602007,42.30839354142349,-994.0610047927306,3501.084144241439
patient_204,487.0,19.48,18.276423114380894,160.0070757714216,2136.854309744092,35.01651554694721,412.53249510681184,3205.2829172820784,66.73920906597765,610.7703881138539,3503.753712604078
patient_204,488.0,19.52,33.14315137207237,371.6682064422868,2138.180035798975,45.202489782129796,254.6493558795646,3207.0910168733635,98.97351002918778,805.8575240802533,3507.7126530052456
patient_204,489.0,19.56,29.29845479104377,-96.11741452571492,2139.351973990617,106.85855325927834,1541.4015869287136,3211.3653590037347,53.650106863624444,-1133.0850791390833,3509.8586572797904
patient_204,490.0,19.6,40.98827869327509,292.24559755578304,2140.9915051383477,11.391507718521515,-2386.6761385189207,3211.8210193124755,45.27445255795575,-209.3913576417174,3511.669635382109
patient_204,491.0,19.64,48.52810307377423,188.49560951247852,2142.9326292612986,83.91407041202432,1813.0640673375701,3215.1775821289566,41.012129059547604,-106.55808746020358,3513.3101205444905
patient_204,492.0,19.68,26.565667354333407,-549.0608929860207,2143.9952559554717,40.66168679107368,-1081.309590523766,3216.8040496005997,24.711069662144418,-407.5264849350797,3514.2985633309763
patient_204,493.0,19.72,70.73606227481237,1104.2598730119742,2146.8246984464645,36.941615687478055,-93.00177758989054,3218.2817142280987,55.34613130699651,765.8765411213024,3516.5124085832563
patient_204,494.0,19.76,184.86964498907622,2853.339567856596,2154.2194842460276,302.7821320176818,6646.012908255094,3230.3929995088065,175.02764202498778,2992.037767949782,3523.5135142642557
patient_204,495.0,19.8,157.86759075879564,-675.0513557570144,2160.5341878763793,483.2591032798245,4511.924281553567,3249.723363639999,307.3486262961696,3308.024606779545,3535.8074593161023
patient_204,496.0,19.84,181.8001660061342,598.3143811834636,2167.8061945166246,416.7302520312116,-1663.2212812153227,3266.3925737212476,465.6245467750206,3956.8980119712746,3554.4324411871034
patient_204,497.0,19.88,224.73746034151756,1073.4323583845842,2176.7956929302854,697.0747543812766,7008.612558751626,3294.2755638964986,701.9048208876086,5907.0068528147,3582.5086340226076
patient_204,498.0,19.92,221.01823619501909,-92.9806036624619,2185.636422378086,739.4076621423088,1058.3226940258044,3323.8518703821915,761.6613770641563,1493.9139044136937,3612.975089105174
patient_204,499.0,19.96,244.4311123137294,585.3219029677575,2195.4136668706356,546.1348162264081,-4831.821147897517,3345.6972630312475,801.0303707411357,984.2248419244839,3645.0163039348195
patient_204,500.0,20.0,332.32060449014097,2197.2373044102897,2208.706491050241,484.57883252913115,-1538.8995924319247,3365.080416332413,587.3397746871938,-5342.264901348548,3668.509894922307
patient_204,501.0,20.04,163.60945038052955,-4217.778852740285,2215.250869065462,285.4395947556132,-4978.480944337949,3376.4980001226377,105.47863138514505,-12046.528582551218,3672.729040177713
patient_204,502.0,20.08,89.97021530370573,-1840.9808769205956,2218.84967767761,92.46007838013594,-4824.487909386931,3380.1964032578426,46.92633501545407,-1463.8074092422744,3674.606093578331
patient_204,503.0,20.12,119.85742859011557,747.1803321602462,2223.6439748212147,48.87936717365053,-1089.5177801621353,3382.1515779447886,161.0038707880095,2851.9383943138855,3681.0462484098516
patient_204,504.0,20.16,92.68662548702378,-679.270077577295,2227.351439840696,142.65618193663852,2344.4203690746995,3387.857825222254,81.71215461310683,-1982.2929043725665,3684.314734594376
patient_204,505.0,20.2,142.47382819652648,1244.6800677375677,2233.050392968557,129.77813822975398,-321.95109267211353,3393.0489507514444,40.14536412415863,-1039.169762223705,3685.920549159342
patient_204,506.0,20.24,78.04489401423164,-1610.723354557371,2236.172188729126,74.73118367689383,-1376.1738638215036,3396.03819809852,15.164807972289182,-624.5139037967363,3686.527141478234
patient_204,507.0,20.28,85.53482041007194,187.2481598960075,2239.593581545529,28.568120696663737,-1154.0765745057524,3397.1809229263868,33.32321318391948,453.9601302907574,3687.860070005591
patient_204,508.0,20.32,23.04485855227452,-1562.2490464449356,2240.51537588762,104.23027258315031,1891.5537971621643,3401.350133829713,70.9202450404632,939.925796413593,3690.6968798072094
patient_204,509.0,20.36,37.753954763950546,367.72740529190065,2242.025534078178,31.177129248621984,-1826.3285833632083,3402.597218999658,125.67838405690581,1368.9534754110653,3695.724015169486
patient_204,510.0,20.4,30.729110184721133,-175.62111448073532,2243.254698485567,38.67435534305871,187.43065236091806,3404.1441932133803,77.57780698582096,-1202.5144267771213,3698.827127448919
patient_204,511.0,20.44,56.10219382236785,634.327090941168,2245.498786238462,83.40552502943868,1118.2792421594993,3407.480414214557,71.54442007894929,-150.83467267179174,3701.6889042520766
patient_204,512.0,20.48,47.19209973549314,-222.75235217186787,2247.3864702278815,135.11937884509484,1292.8463453914042,3412.885189368361,96.8557197634897,632.7824921135104,3705.5631330426168
patient_204,513.0,20.52,123.07747661913866,1897.1344220911383,2252.309569292647,166.32057525311384,780.029910200475,3419.5380123784853,193.02407207145117,2404.2088076990367,3713.2840959254745
patient_204,514.0,20.56,101.5160582621514,-539.0354589246815,2256.3702116231334,168.75761929610215,60.92610107470762,3426.288317150329,240.3648722885821,1183.520005428273,3722.8986908170177
patient_204,515.0,20.6,72.10097232471884,-735.3771484358141,2259.254250516122,169.40233318730546,16.117847280082742,3433.064410477821,284.0543710216704,1092.2374683272083,3734.260865657885
patient_204,516.0,20.64,82.64530299489795,263.60826675447765,2262.560062635918,228.60998315641513,1480.1912492277418,3442.208809804078,244.08728664714158,-999.177109363221,3744.0243571237706
patient_204,517.0,20.68,71.66423272841573,-274.5267566620555,2265.4266319450544,154.53634411983475,-1851.8409759145093,3448.3902635688714,211.09689581826865,-824.7597707218233,3752.468232956501
patient_204,518.0,20.72,51.9730196707509,-492.2803264416206,2267.5055527318846,163.46334599342194,223.17504683967968,3454.9287974086083,188.5647901990492,-563.3026404804859,3760.0108245644633
patient_204,519.0,20.76,89.63995932924817,941.6734914624318,2271.0911511050545,163.35764770374368,-2.642457241956464,3461.463103316758,97.36895798741794,-2279.895805290782,3763.90558288396
patient_204,520.0,20.8,58.74134423382325,-772.465377385623,2273.4408048744076,18.257047770064304,-3627.514998341984,3462.1933852275606,68.81839631476025,-713.7640418164424,3766.6583187365504
patient_204,521.0,20.84,45.45969788593567,-332.04115869718953,2275.2591927898447,27.700718316524032,236.0917636614932,3463.301413960222,18.347631032123413,-1261.7691320659208,3767.3922239778353
patient_204,522.0,20.88,38.37648244089976,-177.08038612589777,2276.794252087481,20.033161446507343,-191.68892175041722,3464.1027404180822,12.671426188885434,-141.90512108094947,3767.899081025391
patient_204,523.0,20.92,17.132758053423306,-531.0931096869112,2277.4795624096178,29.356475420329996,233.08284934556633,3465.276999434895,41.60912885941858,723.4425667633287,3769.5634461797677
patient_204,524.0,20.96,16.783396163400973,-8.73404725055833,2278.1508982561536,31.000263753970597,41.09470834101501,3466.517009985054,36.75200783256461,-121.42802567134936,3771.03352649307
patient_204,525.0,21.0,34.0657058565346,432.0577423283407,2279.513526490415,33.73537814562667,68.3778597914018,3467.8664251108794,66.00454840862689,731.313514401557,3773.673708429415
patient_204,526.0,21.04,47.27647875593488,330.2693224850071,2281.4045856406524,197.59217484654508,4096.4199175229605,3475.770112104741,80.48235793762068,361.94523822484473,3776.89300274692
patient_204,527.0,21.08,56.399178908515026,228.0675038145036,2283.660552796993,162.94105235659785,-866.2780622486807,3482.2877541990056,176.73894764546336,2406.414742696067,3783.962560652739
patient_204,528.0,21.12,74.03682049523795,440.941039668073,2286.6220256168026,224.7053430869429,1544.107268258626,3491.2759679224832,249.28622665642857,1813.6819752741303,3793.934009718996
patient_204,529.0,21.16,137.57944736371934,1588.5656717120348,2292.1252035113516,288.0216372934927,1582.907355163745,3502.796833414223,248.5460773207325,-18.5037333924015,3803.8758528118256
patient_204,530.0,21.2,171.48765812394703,847.7052690056922,2298.9847098363093,272.1616853807467,-396.49879781864996,3513.683300829453,223.09844407889702,-636.1908310458873,3812.7997905749817
patient_204,531.0,21.24,98.44175212410741,-1826.1476499959904,2302.922379921273,283.151479168704,274.7448446989324,3525.009359996201,81.21111992767243,-3547.1831037806146,3816.0482353720886
patient_204,532.0,21.28,45.344568797503875,-1327.4295831650884,2304.7361626731736,265.8611515375349,-432.25819077922694,3535.643806057703,127.47341047400627,1156.557263658346,3821.1471717910485
patient_204,533.0,21.32,49.392831663858885,101.20657165887525,2306.7118759397276,26.004154057621346,-5996.424936997839,3536.6839722200075,78.00080656473608,-1236.8150977317548,3824.267204053638
patient_204,534.0,21.36,43.94891226125397,-136.0979850651228,2308.4698324301776,41.30924572302666,382.62729163513296,3538.3363420489286,21.570303849693463,-1410.7625678760655,3825.130016207626
patient_204,535.0,21.4,16.981390978173117,-674.1880320770214,2309.1490880693045,26.608289890783738,-367.52389580607314,3539.4006736445594,58.63637177131741,926.6516980405985,3827.475471078478
patient_204,536.0,21.44,48.78161353377749,795.0055638901093,2311.100352610656,41.079595505562295,361.78264036946393,3541.0438574647824,35.69446178019647,-573.5477497780234,3828.903249549686
patient_204,537.0,21.48,38.57740331664263,-255.10525542837144,2312.6434487433216,57.30961042839896,405.7503730709167,3543.3362418819183,84.02167456808357,1208.1803196971775,3832.264116532409
patient_204,538.0,21.52,45.63792327963499,176.512999074809,2314.4689656745068,72.2870724349899,374.43655016477334,3546.227724779318,74.9695043578093,-226.30425525685672,3835.2628967067217
patient_204,539.0,21.56,39.1530621865802,-162.12152732636974,2316.03508816197,33.638543249476704,-966.2132296378297,3547.573266509297,22.692373005435904,-1306.928283809335,3836.1705916269393
patient_204,540.0,21.6,28.916066962673757,-255.9248805976611,2317.1917308404772,57.954291306587734,607.8937014277758,3549.89143816156,42.016034190632986,483.09152962992704,3837.8512329945643
patient_204,541.0,21.64,66.697476855754,944.5352473270063,2319.8596299147075,62.62757935658746,116.83220124999316,3552.3965413358237,54.49505628165447,311.9755522755371,3840.0310352458305
patient_204,542.0,21.68,75.79898760261204,227.53776867145098,2322.8915894188117,464.3400577703696,10042.811960344554,3570.9701436466385,73.84826003710731,483.830093886321,3842.9849656473148
patient_204,543.0,21.72,147.32198351575147,1788.0748978284855,2328.784468759442,213.91816050956055,-6260.5474315202255,3579.5268700670213,125.85147792691353,1300.0804472451555,3848.0190247643914
patient_204,544.0,21.76,104.85480251588412,-1061.6795249966838,2332.978660860077,265.25414858668125,1283.3997019280175,3590.1370360104884,195.21035413549905,1733.971905214638,3855.8274389298113
patient_204,545.0,21.8,94.2858517160411,-264.2237699960756,2336.7500949287187,319.0745131683765,1345.5091145423808,3602.9000165372236,250.98859291930623,1394.4559695951796,3865.866982646584
patient_204,546.0,21.84,163.17181260486012,1722.1490222204757,2343.276967432913,567.2092227972918,6203.367740722882,3625.5883854491153,268.978842610098,449.7562422697946,3876.626136350988
patient_204,547.0,21.88,169.28908039027914,152.93169463547542,2350.0485306485243,197.2444714040227,-9249.118784831726,3633.478164305276,156.14737795475662,-2820.7866163835347,3882.872031469178
patient_204,548.0,21.92,116.63915119378673,-1316.2482299123103,2354.7140966962756,506.3753390379138,7728.271690847278,3653.7331778667926,281.325919676425,3129.463543041709,3894.125068256235
patient_204,549.0,21.96,110.4381173193074,-155.02584686198338,2359.1316213890477,124.25610437721946,-9552.980866517359,3658.703422041881,131.00543799495978,-3758.0120420366297,3899.3652857760335
patient_204,550.0,22.0,75.13303695435913,-882.6270091237067,2362.1369428672224,238.44033953549297,2854.605878956838,3668.241035623301,62.05584370312281,-1723.7398572959244,3901.8475195241585
patient_204,551.0,22.04,60.70153090536184,-360.7876512249321,2364.565004103437,139.44906580339162,-2474.7818433025336,3673.8189982554363,132.10660028575592,1751.2689145658278,3907.131783535589
patient_204,552.0,22.08,46.30010505414773,-360.03564628035286,2366.417008305603,194.63983817265512,1379.7693092315874,3681.6045917823426,75.84083546634382,-1406.6441204853024,3910.1654169542426
patient_204,553.0,22.12,75.14974968153896,721.2411156847809,2369.422998292864,45.596739124211744,-3726.077476211084,3683.4284613473114,51.77082049581996,-601.7503742630964,3912.236249774075
patient_204,554.0,22.16,108.54021595492314,834.7616568346044,2373.7646069310613,147.15805599212558,2539.0329216978457,3689.3147835869963,130.3783717176284,1965.1887805452109,3917.4513846427803
patient_204,555.0,22.2,135.08279996129096,663.5646001591955,2379.167918929513,124.95359928965232,-555.1114175618317,3694.312927558583,144.53566206389456,353.93225865665414,3923.232811125336
patient_204,556.0,22.24,185.04133000218303,1248.9632510223018,2386.5695721296,109.53143293983507,-385.55415874543115,3698.694184876176,147.15005920019905,65.35992840761224,3929.1188134933436
patient_204,557.0,22.28,154.2246278974689,-770.4175526178531,2392.7385572454987,109.06597205406707,-11.636522144199901,3703.0568237583393,369.0340184587624,5547.098981464083,3943.8801742316946
patient_204,558.0,22.32,165.2032102702897,274.4645593205199,2399.3466856563105,174.67321007542333,1640.1809505339063,3710.0437521613558,313.74363106426034,-1382.2596848625508,3956.4299194742653
patient_204,559.0,22.36,188.81565017138186,590.3109975273039,2406.8993116631655,353.59078382014314,4472.939343617995,3724.1873835141614,408.6361577752013,2372.3131677735237,3972.775365785273
patient_204,560.0,22.4,248.545133963332,1493.2370947987536,2416.8411170216987,571.2394963710062,5441.217813771577,3747.0369633690016,279.5512845561562,-3227.121830476128,3983.9574171675195
patient_204,561.0,22.44,182.53772307290396,-1650.1852722607011,2424.142625944615,163.81133444633295,-10185.704048116833,3753.589416746855,198.9866310521251,-2014.1163376007776,3991.9168824096046
patient_204,562.0,22.48,32.63796706961085,-3747.493900082328,2425.4481446273994,134.38902297617994,-735.5577867538251,3758.964977665902,184.48567537133673,-362.52389201970914,3999.2963094244583
patient_204,563.0,22.52,12.333957026569081,-507.6002510760443,2425.941502908462,12.787615568211512,-3040.035185199211,3759.476482288631,39.83376209481199,-3616.2978319131184,4000.889659908251
patient_204,564.0,22.56,35.01346970179312,566.987816880601,2427.3420416965337,137.67952964719598,3122.2978519746116,3764.983663474519,106.51944371161649,1667.1420404201126,4005.1504376567154
patient_204,565.0,22.6,30.566723181255806,-111.16866301343285,2428.564710623784,76.72940191255874,-1523.7531933659309,3768.052839551021,120.31283749042088,344.83484447010966,4009.962951156332
patient_204,566.0,22.64,21.891553974681475,-216.8792301643583,2429.440372782771,35.449619557406066,-1031.9945588788169,3769.470824333317,46.89681451006862,-1835.4005745088064,4011.838823736735
patient_204,567.0,22.68,19.18182827283835,-67.74314254607816,2430.207645913685,24.443080654967194,-275.1634725609718,3770.4485475595156,74.77078832208157,696.8493453003238,4014.8296552696183
patient_204,568.0,22.72,17.435857333811594,-43.64927347566887,2430.9050802070374,32.0597753095617,190.4173663648627,3771.730938571898,21.607121319311652,-1329.091675069248,4015.693940122391
patient_204,569.0,22.76,18.957210928677615,38.03383987165052,2431.663368644184,81.07516855703669,1225.3848311868746,3774.9739453141797,65.90461892911205,1107.4374402450098,4018.330124879555
patient_204,570.0,22.8,18.42203550633647,-13.3793855585286,2432.400250064438,62.17586342514344,-472.48262829733125,3777.4609798511856,57.14386415742523,-219.0188692921705,4020.615879445852
patient_204,571.0,22.84,65.66782845159868,1181.1448236315553,2435.026963202502,9.11816962652179,-1326.4423449655412,3777.8257066362467,80.35216002311911,580.2073966423471,4023.8299658467768
patient_204,572.0,22.88,25.250815864957865,-1010.4253146660204,2436.0369958371,71.85940207744224,1568.5308112730113,3780.7000827193447,126.39165240053153,1150.9873094353104,4028.8856319427978
patient_204,573.0,22.92,17.921529921195127,-183.23214859406843,2436.753857033948,89.97069759905915,452.78238804042275,3784.2989106233067,112.77995189347912,-340.29251267631014,4033.396830018537
patient_204,574.0,22.96,49.44946276239479,788.1983210299916,2438.7318355444436,55.570000200736075,-860.0174349580768,3786.521710631336,72.44008609142496,-1008.4966450513541,4036.2944334621943
patient_204,575.0,23.0,136.1141676326894,2166.617621757365,2444.1764022497514,195.81835915272816,3506.208973799802,3794.3544449974456,153.0518825614627,2015.2949117509434,4042.4165087646525
patient_204,576.0,23.04,246.08390151027487,2749.243346939637,2454.019758310162,159.03899896313268,-919.484004739887,3800.716004955971,329.11560475746955,4401.593054900171,4055.5811329549515
patient_204,577.0,23.08,199.94531844633977,-1153.4645765983776,2462.017571048016,321.97465984305813,4073.3915219981363,3813.594991349694,719.7352515501229,9765.491169816334,4084.3705430169566
patient_204,578.0,23.12,249.82924569465175,1247.0981812077994,2472.010740875802,306.7287569876208,-381.14757138593376,3825.8641416291985,487.1487238214337,-5814.663193217231,4103.856491969814
patient_204,579.0,23.16,133.8872400808202,-2898.550140345789,2477.3662304790346,423.07404696905536,2908.6322495358645,3842.7871035079606,467.7652157766459,-484.5877011196947,4122.56710060088
patient_204,580.0,23.2,159.1924712389574,632.6307789534304,2483.733929328593,174.7608282960777,-6207.830466824442,3849.7775366398037,311.96409740483773,-3895.0279592952043,4135.045664497073
patient_204,581.0,23.24,74.69112440754124,-2112.5336707854044,2486.7215743048946,143.54879546334408,-780.3008208183406,3855.519488458337,249.69812292544043,-1556.6493619849325,4145.033589414091
patient_204,582.0,23.28,21.693002896807563,-1324.9530377683418,2487.5892944207667,186.96186714419107,1085.326792021175,3862.9979631441047,526.048929359633,6908.770160854814,4166.075546588476
patient_204,583.0,23.32,48.53713734970411,671.1033613224137,2489.530779914755,333.54642385236696,3664.613917704397,3876.339820098199,333.254135868655,-4819.86983727445,4179.405712023223
patient_204,584.0,23.36,82.99192212358388,861.3696193469941,2492.8504567996983,152.16328879569605,-4534.578376416773,3882.4263516500273,342.9517550284492,242.44047899485537,4193.12378222436
patient_204,585.0,23.4,158.60738478694793,1890.3865665841015,2499.194752191176,159.83976330831794,191.91186281554735,3888.81994218236,454.7042165985287,2793.8115392519876,4211.311950888302
patient_204,586.0,23.44,268.2933620254466,2742.1494309624663,2509.926486672194,86.83263348760705,-1825.1782455177722,3892.293247521864,318.07312784582643,-3415.7772188175572,4224.034876002135
patient_204,587.0,23.48,353.8313287340324,2138.4491677146457,2524.0797398215554,561.2888760148127,11861.40606318014,3914.744802562457,765.0594859954696,11174.658953741078,4254.637255441954
patient_204,588.0,23.52,308.14494663797143,-1142.1595524015245,2536.4055376870742,548.8657075892279,-310.5792106396194,3936.699430866026,938.718975863061,4341.487246689786,4292.186014476476
patient_204,589.0,23.56,280.4874054917251,-691.4385286561583,2547.6250339067433,161.39550826173272,-9686.754983187378,3943.1552511964956,400.7511725711931,-13449.1950822967,4308.216061379324
patient_204,590.0,23.6,248.9801585220959,-787.6811742407299,2557.5842402476273,403.47607614601776,6052.014197107126,3959.294294242336,198.70127672869503,-5051.247396062451,4316.164112448471
patient_204,591.0,23.64,196.42214153206965,-1313.9504247506566,2565.44112590891,59.53964600507821,-8598.410753523489,3961.6758800825396,279.3372604444593,2015.899592894106,4327.33760286625
patient_204,592.0,23.68,57.97870580022142,-3461.085893296206,2567.760274140919,106.21521136887081,1166.889134094815,3965.924488537294,687.5188204305687,10204.538999652736,4354.838355683473
patient_204,593.0,23.72,31.692135851055557,-657.1642487291466,2569.027959574961,165.57845350566853,1484.0810534199431,3972.547626677521,50.90438602959987,-15915.360860024219,4356.874531124657
patient_204,594.0,23.76,69.51364281685865,945.5376741450774,2571.8085052876354,53.73033182573233,-2796.2030419984053,3974.6968399505504,99.35636500779397,1211.2994744548525,4360.848785724968
patient_204,595.0,23.8,173.00318283723792,2587.2385005094816,2578.728632601125,60.092724458208494,159.05981581190414,3977.1005489288787,110.7351540899037,284.46972705274334,4365.278191888565
patient_204,596.0,23.84,275.2492084820462,2556.1506411202067,2589.7386009404067,77.9221643765949,445.7359979596603,3980.2174355039424,567.6613156255107,11423.154038390176,4387.984644513585
patient_204,597.0,23.88,250.86285453935852,-609.6588485671916,2599.7731151219814,491.8972253146678,10349.376523451823,3999.893324516529,470.4586242893187,-2430.0672834048,4406.802989485158
patient_204,598.0,23.92,107.47858032150381,-3584.6068554463677,2604.0722583348415,156.024909591889,-8396.80789306947,4006.1343209002043,15.271834556532687,-11379.669743319651,4407.413862867419
patient_204,599.0,23.96,672.3130156951639,14120.860884341502,2630.9647789626483,1057.0514516527392,22525.663551521255,4048.416378966314,938.3666158180525,23077.369531537995,4444.948527500142
patient_204,600.0,24.0,272.6658326183998,-9991.179576919103,2641.871412267384,348.4778741102017,-17714.33943856344,4062.355493930722,241.6944965022244,-17416.802982895704,4454.616307360231
patient_204,601.0,24.04,137.96129185580244,-3367.613519064934,2647.389863941616,71.03376137011038,-6936.102818502283,4065.1968443855267,288.3182022808659,1165.5926444660367,4466.149035451465
patient_204,602.0,24.08,81.98018936051915,-1399.5275623820824,2650.6690715160366,93.78201949471924,568.7064531152213,4068.948125165315,189.72358039854817,-2464.865547057943,4473.737978667407
patient_204,603.0,24.12,108.48453290591219,662.608588634826,2655.008452832273,588.2605862187005,12361.964168099532,4092.478548614063,683.1957600798679,12336.804492032994,4501.065809070602
patient_204,604.0,24.16,210.17608902480765,2542.2889029723865,2663.4154963932656,184.98243035774107,-10081.953896523986,4099.877845828373,722.4904239608666,982.3665970249664,4529.965426029037
patient_204,605.0,24.2,263.664207048212,1337.2029505851087,2673.962064675194,234.16280635078178,1229.509399826018,4109.244358082405,518.3973045184664,-5102.327986060004,4550.701318209775
patient_204,606.0,24.24,465.1388547323429,5036.866192103273,2692.567618864488,315.7386860475596,2039.3969924194457,4121.873905524307,489.0058409097697,-734.7865902174178,4570.261551846166
patient_204,607.0,24.28,435.6233459867193,-737.8877186405902,2709.992552703957,854.6010771760433,13471.559778212093,4156.057948611348,1656.0444615968445,29175.96551717687,4636.50333031004
patient_204,608.0,24.32,432.7796883696463,-71.09144042682516,2727.303740238742,278.12228783790437,-14411.969733453476,4167.182840124865,589.7901972089735,-26656.356609696773,4660.094938198399
patient_204,609.0,24.36,55.51504575620038,-9431.616065336148,2729.5243420689903,126.93347594669433,-3779.720297280251,4172.260179162732,38.75206235335922,-13775.953371390358,4661.645020692534
patient_204,610.0,24.4,343.1606525457507,7191.140169738757,2743.2507681708203,383.5047595991734,6414.282091311977,4187.600369546699,453.92318250666824,10379.278003832726,4679.801947992801
patient_204,611.0,24.44,406.70215924593606,1588.5376675046346,2759.5188545406577,237.39875725611972,-3652.6500585763415,4197.096319836944,900.4836780836017,11164.012389423337,4715.821295116144
patient_204,612.0,24.48,73.03569571196743,-8341.661588349216,2762.440282369136,180.32789327480546,-1426.7715995328565,4204.309435567936,53.3824078400541,-21177.53175608869,4717.956591429746
patient_204,613.0,24.52,49.58360132071878,-586.3023597812164,2764.423626421965,122.43964781380252,-1447.2061365250734,4209.207021480488,53.11154499386928,-6.7715711546204815,4720.081053229501
patient_204,614.0,24.56,150.40605765367857,2520.5614083239952,2770.439868728112,12.885794770041034,-2738.8463260940375,4209.72245327129,30.209475844627885,-572.5517287310349,4721.2894322632865
patient_204,615.0,24.6,230.54014583525426,2003.3522045393922,2779.661474561522,285.59425842212494,6817.711591302097,4221.146223608175,267.0410472289807,5920.78928460882,4731.971074152446
patient_204,616.0,24.64,367.0336315122806,3412.3371419256578,2794.342819822013,201.6696781542908,-2098.1145066958534,4229.213010734346,453.4180988054758,4659.426289412378,4750.107798104665
patient_204,617.0,24.68,407.2117343212894,1004.4525702252201,2810.6312891948646,331.30283018354186,3240.8288007312763,4242.465123941688,674.7803647028941,5534.056647435457,4777.09901269278
patient_204,618.0,24.72,391.8069074782926,-385.1206710749196,2826.3035654939968,1102.9737418209718,19291.77279093575,4286.584073614527,436.7199730487031,-5951.509791354775,4794.567811614728
patient_204,619.0,24.76,411.41752964015876,490.265554046654,2842.760266679603,614.7359719867885,-12205.944245854582,4311.173512493999,712.6156193753297,6897.391158165667,4823.072436389742
patient_204,620.0,24.8,72.53498499505265,-8472.063616127652,2845.661666079405,53.23856993983433,-14037.435051173856,4313.303055291592,213.43048713484282,-12479.628306012173,4831.609655875135
patient_204,621.0,24.84,300.48227745146613,5698.682311410337,2857.6809571774634,477.9817840650515,10618.580353130428,4332.422326654193,622.2344514181189,10220.099107081902,4856.49903393186
patient_204,622.0,24.88,243.21738783752193,-1431.6222403486051,2867.4096526909643,496.80753193551857,470.6436967616767,4352.294627931614,357.9661490646262,-6606.707558837315,4870.817679894445
patient_204,623.0,24.92,217.9814725778653,-630.8978814914155,2876.128911594079,846.6232016429416,8745.391742685575,4386.159555997332,445.67836863230553,2192.805489191983,4888.644814639737
patient_204,624.0,24.96,142.52255375373474,-1886.472970603264,2881.8298137442284,353.71509321449855,-12322.702710711075,4400.3081597259115,442.2953022603394,-84.57665929915379,4906.33662673015
patient_204,625.0,25.0,162.7584884180047,505.89836660674905,2888.340153280949,406.8262246637268,1327.7782862307063,4416.581208712461,802.1613547539581,8996.651312340467,4938.423080920309
patient_204,626.0,25.04,204.83027387422305,1051.7946364054587,2896.533364235918,456.4170775304249,1239.7713216674517,4434.837891813678,487.30976212412907,-7871.289815745726,4957.915471405274
patient_204,627.0,25.08,307.1628380470982,2558.314104321879,2908.8198777578014,321.4105734782586,-3375.1626013041573,4447.694314752808,285.9727475243878,-5033.425364993532,4969.35438130625
patient_204,628.0,25.12,210.49938869266066,-2416.5862338609386,2917.239853305508,104.76814617016313,-5416.060682702387,4451.8850405996145,81.63491483160912,-5108.445817319466,4972.619777899514
patient_204,629.0,25.16,113.65438819596477,-2421.125012417397,2921.786028833347,133.96250269112917,729.858913024151,4457.24354070726,91.03375366512847,234.9709708379837,4976.261128046119
patient_204,630.0,25.2,9.731154030324314,-2598.0808541410115,2922.1752749945595,111.87346682172297,-552.2258967351551,4461.718479380129,85.06170302487513,-149.30126600633358,4979.663596167114
patient_204,631.0,25.24,10.814334017447706,27.079499678084808,2922.6078483552574,54.83810776680883,-1425.8839763728536,4463.912003690801,143.9302188094467,1471.7128946142893,4985.420804919491
patient_204,632.0,25.28,10.830860007761249,0.4131497578385712,2923.0410827555675,87.95379813980877,827.8922593249983,4467.430155616393,47.0736594172105,-2421.413984805905,4987.30375129618
patient_204,633.0,25.32,19.490136187661104,216.48190449749637,2923.8206882030736,156.85419973472494,1722.5100398729044,4473.704323605782,87.4703054671538,1009.9161512485827,4990.802563514866
patient_204,634.0,25.36,35.03268052544879,388.56360844469214,2925.221995424092,106.90164068918101,-1248.8139761385985,4477.980389233348,53.505791429177464,-849.1128509494085,4992.942795172034
patient_204,635.0,25.4,204.39478503860158,4234.052612828819,2933.3977868256356,193.63359876523583,2168.2989519013704,4485.725733183958,257.4484115054007,5098.565501905581,5003.24073163225
patient_204,636.0,25.44,98.8649157957316,-2638.2467310717493,2937.352383457465,115.32215423399352,-1957.7861132810579,4490.338619353318,273.1996907092013,393.7819800950152,5014.168719260618
patient_204,637.0,25.48,132.25192645247466,834.6752664185765,2942.642460515564,219.38031118074937,2601.4539236688966,4499.113831800548,220.02792571097098,-1329.2941249557587,5022.969836289056
patient_204,638.0,25.52,88.73479860089327,-1087.9281962895348,2946.1918524595994,122.71065255869075,-2416.7414655514654,4504.022257902895,320.1309926985385,2502.5766746891877,5035.775075996998
patient_204,639.0,25.56,17.11325617457501,-1790.5385606579564,2946.8763827065827,143.09123286783392,509.51450772857925,4509.745907217609,246.55947226596325,-1839.2880108143806,5045.6374548876365
patient_204,640.0,25.6,45.07469274924229,699.0359143666819,2948.6793704165525,123.3099285235498,-494.5326086071031,4514.678304358551,154.73729314986394,-2295.5544779024826,5051.826946613631
patient_204,641.0,25.64,21.28172457860672,-594.8242042658892,2949.530639399697,25.203804061582986,-2452.6531115491703,4515.686456521014,53.174441531871814,-2539.071290449803,5053.953924274905
patient_204,642.0,25.68,111.67057627866338,2259.7212925014164,2953.997462450843,81.6192049861595,1410.385023114413,4518.95122472046,106.0244477116303,1321.250154493962,5058.194902183371
patient_204,643.0,25.72,240.21732940209253,3213.6688280857284,2963.606155626927,244.5092253334284,4072.2505086817223,4528.731593733798,135.03476277993764,725.2578767076834,5063.596292694569
patient_204,644.0,25.76,335.3000442933422,2377.0678722812413,2977.0181573986606,406.88352505958517,4059.3574931539197,4545.006934736181,314.01151542307787,4474.418816078506,5076.156753311491
patient_204,645.0,25.8,395.0009030189375,1492.5214681398827,2992.818193519418,561.7890116767419,3872.6371654289183,4567.4784952032505,506.7528508500876,4818.533385675244,5096.426867345494
patient_204,646.0,25.84,318.3158138699636,-1917.1272287243469,3005.5508260742167,606.1992697005302,1110.256450594707,4591.726465991273,548.2812659976662,1038.2103786894645,5118.358117985401
patient_204,647.0,25.88,397.8537705220338,1988.4489163017547,3021.464976895098,723.0226377068715,2920.5842001585324,4620.647371499547,986.1499105935962,10946.71611489825,5157.804114409145
patient_204,648.0,25.92,175.72048874240903,-5553.332044490619,3028.493796444795,396.103765832905,-8172.971796849161,4636.491522132863,356.1760760371704,-15749.345863910645,5172.051157450632
patient_204,649.0,25.96,73.24993120491888,-2561.7639384372537,3031.4237936929917,126.02322440048124,-6752.0135358105945,4641.532451108883,186.58277219082427,-4239.832596158653,5179.514468338265
patient_204,650.0,26.0,109.4375026154753,904.6892852639104,3035.8012937976105,56.296373265818076,-1743.1712783665791,4643.784306039515,176.24165234430208,-258.52799616305475,5186.564134432037
patient_204,651.0,26.04,14.550112957927519,-2372.1847414386943,3036.3832983159273,61.658847551045874,134.06185713069493,4646.250659941557,14.732870093309554,-4037.7195562748134,5187.15344923577
patient_204,652.0,26.08,180.1503712421406,4140.006457105327,3043.589313165613,400.7810042642162,8478.053917829258,4662.281900112127,202.46483069851158,4693.299015130051,5195.25204246371
patient_204,653.0,26.12,246.47446892109858,1658.1024419739492,3053.4482919224565,91.16460279178507,-7740.410036810779,4665.9284842237985,468.53858015201206,6651.8437363375115,5213.99358566979
patient_204,654.0,26.16,234.67299808581336,-295.0367708821304,3062.835211845889,541.8623375368803,11267.443368627382,4687.602977725273,672.0597396940111,5088.028988549976,5240.8759752575515
patient_204,655.0,26.2,465.86461043775506,5779.790308798542,3081.469796263399,815.29199725814,6835.741493031492,4720.214657615599,652.4757836638556,-489.5989007538873,5266.975006604105
patient_204,656.0,26.24,401.1043918547812,-1619.0054645743458,3097.51397193759,960.7862318157061,3637.3558639391517,4758.646106888227,809.3967218709664,3923.02345517777,5299.350875478944
patient_204,657.0,26.28,520.2306203275989,2978.155711820442,3118.323196750694,387.0562208385501,-14343.2502744289,4774.128355721769,616.3737180093808,-4825.57509653964,5324.005824199319
patient_204,658.0,26.32,319.20424679008244,-5025.659338437911,3131.0913666222973,510.26161044676087,3080.1347402052697,4794.53882013964,491.20295146023415,-3129.2691637286666,5343.653942257728
patient_204,659.0,26.36,443.54764828435464,3108.585037356805,3148.833272553671,159.98756569145155,-8756.851118882732,4800.938322767298,462.3449139205715,-721.4509384915658,5362.14773881455
patient_204,660.0,26.4,36.512565300353984,-10175.877074600017,3150.293775165685,217.6584373585872,1441.7717916783913,4809.644660261642,52.63472808029809,-10242.754646006835,5364.253127937763
patient_204,661.0,26.44,121.55681437237726,2126.106226800582,3155.1560477405806,94.169183535634,-3087.23134557383,4813.411427603067,54.76555123853846,53.270578956009196,5366.443749987304
patient_204,662.0,26.48,42.829710052241545,-1968.1776080033928,3156.86923614267,37.147843267526156,-1425.5335067026963,4814.897341333768,95.62181383125629,1021.4065648179459,5370.268622540554
patient_204,663.0,26.52,252.86604114867583,5250.908277410857,3166.9838777886175,608.3322930950458,14279.611245687991,4839.23063305757,238.69633725685583,3576.863085639988,5379.816476030828
patient_204,664.0,26.56,370.9370391209015,2951.7749493056413,3181.8213593534538,360.0446676042135,-6207.190637270807,4853.632419761739,501.6791900427083,6574.571319646311,5399.883643632537
patient_204,665.0,26.6,442.03093874000007,1777.3474904774644,3199.502596903054,629.2888391757336,6731.104289288004,4878.803973328768,571.7860475562973,1752.6714378397244,5422.755085534789
patient_204,666.0,26.64,393.7517148247397,-1206.9805978815098,3215.252665496044,553.7134203684141,-1889.3854701829896,4900.952510143505,791.2633282476104,5486.932017282828,5454.405618664693
patient_204,667.0,26.68,469.72312605993,1899.285280879758,3234.041590538441,1084.750813274638,13275.934822655598,4944.342542674491,827.8254457172496,914.0529367409812,5487.518636493383
patient_204,668.0,26.72,303.21184079268465,-4162.782131681133,3246.1700641701486,381.46277619611527,-17582.200926963065,4959.601053722335,410.7044122237416,-10428.0258373377,5503.9468129823335
patient_204,669.0,26.76,176.89014317231542,-3158.042440509231,3253.2456698970414,155.73272622736295,-5643.251249218808,4965.8303627714295,382.6661851746116,-700.95567622825,5519.253460389317
patient_204,670.0,26.8,82.54661277211713,-2358.588260004957,3256.547534407926,162.729568106182,174.92104697047637,4972.339545495676,253.3572477787852,-3232.72343489566,5529.38775030047
patient_204,671.0,26.84,239.9929425547077,3936.158244564764,3266.147252110114,1165.0775148156283,25058.698667736156,5018.942646088301,1099.5915443634733,21155.857414617203,5573.371412075008
patient_204,672.0,26.88,88.98169926020593,-3775.2810823625437,3269.7065200805223,124.21540665529504,-26021.552704008333,5023.911262354513,94.94260602255409,-25116.22345852298,5577.16911631591
patient_204,673.0,26.92,324.3460369604193,5884.108442505335,3282.680361558939,237.0682647396464,2821.321452108784,5033.393992944099,603.2124702214486,12706.746604972363,5601.2976151247685
patient_204,674.0,26.96,337.1369141390041,319.7719294646191,3296.165838124499,241.12722195781464,101.47393045420614,5043.039081822411,479.05161354786276,-3104.021416839646,5620.459679666683
patient_204,675.0,27.0,360.57360658660826,585.9173111901043,3310.588782387963,251.07434143872575,248.6779870227778,5053.08205547996,183.23443371183683,-7395.429495900649,5627.789057015156
patient_204,676.0,27.04,172.29731494891288,-4706.907290942385,3317.4806749859194,117.56646562997005,-3337.6968952188927,5057.784714105159,79.54443583700858,-2592.2499468707065,5630.970834448637
patient_204,677.0,27.08,52.95411882359053,-2983.579903133059,3319.5988397388633,67.04265386083138,-1263.0952942284669,5060.466420259592,263.0990831065706,4588.866181739051,5641.494797772899
patient_204,678.0,27.12,25.197682455809403,-693.9109091945281,3320.6067470370954,43.13482072867766,-597.695828303843,5062.191813088739,34.409159590598726,-5717.248087899297,5642.871164156523
patient_204,679.0,27.16,77.99748604181524,1319.995089650146,3323.726646478768,63.80637740544343,516.7889169191442,5064.7440681849575,28.556674001453082,-146.3121397286411,5644.013431116581
patient_204,680.0,27.2,129.58845216900818,1289.7741531798235,3328.910184565528,140.07101408567453,1906.6159170057776,5070.346908748384,248.5517964345458,5499.878060827318,5653.955502973962
patient_204,681.0,27.24,242.0896070602633,2812.528872281378,3338.5937688479385,348.78615488241127,5217.8785199184185,5084.29835494368,91.33884176845892,-3930.323866652172,5657.6090566447
patient_204,682.0,27.28,233.29393584950324,-219.8917802690012,3347.925526281919,446.4323701935821,2441.15538277927,5102.155649751424,343.2675686475509,6298.2181719773,5671.339759390602
patient_204,683.0,27.32,230.64070696334696,-66.33072215390712,3357.1511545604526,466.9405577774806,512.7046895974629,5120.833272062522,502.46207121501124,3979.8625641865087,5691.438242239203
patient_204,684.0,27.36,221.15743241739037,-237.08186364891475,3365.997451857148,349.7125699309843,-2930.699696162408,5134.821774859762,462.9151690635856,-988.6725537856407,5709.954849001745
patient_204,685.0,27.4,113.58835523942562,-2689.2269294491184,3370.540986066725,434.07917337656863,2109.1650861396092,5152.184941794824,417.5868694995387,-1133.207489101173,5726.658323781727
patient_204,686.0,27.44,118.41350564662709,120.62876018003656,3375.27752629259,257.8123700749394,-4406.670082540731,5162.497436597822,320.72993791791237,-2421.423289540658,5739.4875212984425
patient_204,687.0,27.48,49.39870263615565,-1725.370075261786,3377.2534743980364,81.23949025559057,-4414.3219954837205,5165.747016208046,267.858774524394,-1321.7790848379593,5750.201872279418
patient_204,688.0,27.52,178.087118844412,3217.2104052064087,3384.376959151813,112.33963705610631,777.5036700128936,5170.2406016902905,144.3658281836868,-3087.3236585176796,5755.976505406766
patient_204,689.0,27.56,204.15012024288754,651.5750349618884,3392.5429639615286,532.5114405033307,10504.295086180611,5191.541059310423,375.22931381861116,5771.587140873109,5770.98567795951
patient_204,690.0,27.6,327.8037356610096,3091.340385453052,3405.6551133879693,300.6687987437624,-5796.066043989208,5203.567811260174,523.2945122182259,3701.629959990369,5791.917458448239
patient_204,691.0,27.64,336.2346339041971,210.77245607968678,3419.1044987441373,824.9660364201313,13107.430941909222,5236.566452716979,940.9311839673767,10440.91679372877,5829.554705806934
patient_204,692.0,27.68,416.78962697563236,2013.8748267858816,3435.7760838231625,733.951893285844,-2275.3535783571833,5265.924528448413,1069.3998919485819,3211.7176995301293,5872.330701484878
patient_204,693.0,27.72,406.06959434660627,-268.00081572565233,3452.018867597027,761.3080422694195,683.9037245893877,5296.3768501391905,957.3024105903409,-2802.437033956025,5910.6227979084915
patient_204,694.0,27.76,307.05208601142505,-2475.4377083795307,3464.3009510374836,191.2309024551254,-14251.928495357353,5304.026086237395,185.59229639993896,-19292.75285476005,5918.046489764489
patient_204,695.0,27.8,151.18729516573552,-3896.6197711422383,3470.3484428441134,187.40933948916484,-95.53907414901417,5311.522459816962,296.9045268750637,2782.8057618781186,5929.922670839492
patient_204,696.0,27.84,38.047306920340944,-2828.4997061348645,3471.8703351209274,136.10617224307535,-1282.5791811522372,5316.966706706685,83.8713913455982,-5325.828388236638,5933.277526493316
patient_204,697.0,27.88,105.34608416898239,1682.4694312160361,3476.0841784876866,196.32055550577934,1505.3595815675997,5324.819528926916,145.13729309849074,1531.6475438223138,5939.083018217256
patient_204,698.0,27.92,226.13174184296247,3019.641441849502,3485.129448161405,201.86134461203523,138.51972765639715,5332.893982711397,230.8592852730981,2143.0498043651837,5948.31738962818
patient_204,699.0,27.96,326.4616454084436,2508.2475891370277,3498.187913977743,538.4084055650336,8413.676523824959,5354.430318933999,519.8971505828904,7225.946632744808,5969.113275651495
patient_204,700.0,28.0,292.109120085903,-858.813133063515,3509.8722787811794,611.0198176743313,1815.2853027324427,5378.871111640972,701.2474875154427,4533.758423313808,5997.163175152113
patient_204,701.0,28.04,322.7206152746082,765.2873797176298,3522.7811033921635,714.6037795913637,2589.5990479258103,5407.4552628246265,597.3059595144815,-2598.5382000240293,6021.055413532693
patient_204,702.0,28.08,372.4787098513098,1243.952364417541,3537.6802517862156,364.0784783274848,-8763.132531596973,5422.0184019577255,389.1205760874357,-5204.6345856761445,6036.62023657619
patient_204,703.0,28.12,310.6125088924447,-1546.6550239716285,3550.1047521419137,320.28831332013146,-1094.7541251838331,5434.829934490532,387.7643379256743,-33.90595404403598,6052.130810093217
patient_204,704.0,28.16,294.66903461408356,-398.58685695902807,3561.891513526477,73.19932780845274,-6177.224637791968,5437.75790760287,308.14511405704116,-1990.4805967158281,6064.456614655498
patient_204,705.0,28.2,334.79119038683183,1003.0538943187069,3575.2831611419506,320.7690083249604,6189.242012912692,5450.588667935867,260.85282222117837,-1182.3072958965695,6074.890727544345
patient_204,706.0,28.24,357.2376823095096,561.1622980669438,3589.572668434331,535.6049631018482,5370.898869422194,5472.0128664599415,456.9272011101295,4901.859472223778,6093.167815588751
patient_204,707.0,28.28,468.5141689816034,2781.9121668023454,3608.313235193595,594.7303502566874,1478.1346788709811,5495.802080470209,726.4154937186462,6737.207315212918,6122.224435337496
patient_204,708.0,28.32,254.45989762009629,-5351.356784037678,3618.491631098399,572.4213509685866,-557.7249822025209,5518.698934508953,668.412639845437,-1450.0713468302308,6148.960940931313
patient_204,709.0,28.36,63.66524787639618,-4769.866243592503,3621.038241013455,819.2913808213656,6171.750746319475,5551.470589741808,903.065331969312,5866.317303096875,6185.083554210087
patient_204,710.0,28.4,599.120915412266,13386.391688396745,3645.0030776299454,1110.1381344090225,7271.168839691424,5595.87611511817,780.9031570761312,-3054.05437232952,6216.319680493132
patient_204,711.0,28.44,528.0852888329968,-1775.8906644817303,3666.126489183265,408.0104163293563,-17553.192951991656,5612.196531771344,408.46296703214506,-9311.004751099652,6232.658199174418
patient_204,712.0,28.48,195.45329542564923,-8315.799835183689,3673.944621000291,164.56261058285685,-6086.195143662487,5618.779036194657,311.6519274229207,-2420.2759902306084,6245.124276271335
patient_204,713.0,28.52,241.03029137073162,1139.4248986270597,3683.58583265512,195.46314458328416,772.5133500106829,5626.597561977989,220.5083564560609,-2278.589274171495,6253.9446105295765
patient_204,714.0,28.56,98.58427265388876,-3561.150467921071,3687.5292035612756,149.8010304741036,-1141.5528527295137,5632.589603196953,44.98452477398814,-4388.095792051819,6255.743991520536
patient_204,715.0,28.6,17.668452135594446,-2022.8955129573578,3688.2359416466993,305.6556282134053,3896.364943482542,5644.815828325489,358.6984042810001,7842.846987675299,6270.091927691776
patient_204,716.0,28.64,141.90578886745428,3105.933418296496,3693.9121732013973,93.93515081416803,-5293.011934980932,5648.573234358055,166.16724371146458,-4813.279014238387,6276.738617440235
patient_204,717.0,28.68,180.46295783829464,963.9292242710092,3701.130691514929,98.55544512033467,115.50735765416604,5652.515452162868,19.11987047972122,-3676.184330793584,6277.503412259423
patient_204,718.0,28.72,262.8331349250327,2059.254427168452,3711.6440169119305,336.4965679943639,5948.52807185073,5665.975314882642,194.1409380174383,4375.526688442927,6285.26904978012
patient_204,719.0,28.76,384.759311272288,3048.154408681383,3727.034389362822,421.56235899374127,2126.6447749844347,5682.837809242392,1035.9836844391596,21046.06866054303,6326.708397157687
patient_204,720.0,28.8,364.9019907551282,-496.4330129289948,3741.630468993027,689.5814902921678,6700.478282460664,5710.421068854078,1396.4103706926167,9010.667156336427,6382.564811985391
patient_204,721.0,28.84,235.50231269300218,-3234.991951553151,3751.050561500747,2180.8665478105613,37282.126437959836,5797.655730766501,928.7102935765141,-11692.501927902564,6419.713223728451
patient_204,722.0,28.88,169.72295421474502,-1644.483961956429,3757.8394796693365,546.7438003884354,-40853.068685553146,5819.525482782038,632.9549682951792,-7393.883132033372,6445.031422460259
patient_204,723.0,28.92,539.3600941438634,9240.92849822796,3779.413883435091,1347.933639496641,20029.74597770514,5873.4428283619045,1708.8446920629199,26897.243094193516,6513.385210142775
patient_204,724.0,28.96,153.10613720410012,-9656.348923494083,3785.538128923255,240.19004184311967,-27693.589941338036,5883.05043003563,102.11800635642417,-40168.167142662394,6517.469930397031
patient_204,725.0,29.0,357.20232721785175,5102.4047503437905,3799.826222011969,594.8579847341958,8866.698572276904,5906.844749424998,2605.9935696906027,62596.88908335446,6621.709673184655
patient_204,728.0,29.12,,,3799.826222011969,,,5906.844749424998,,,6621.709673184655
patient_204,729.0,29.16,496.0541954982625,,3819.6683898318997,378.7728091019374,,5921.995661789075,534.8260353256422,,6643.1027145976805
patient_204,730.0,29.2,439.4366345740001,-1415.4390231065604,3837.2458552148596,309.5359726478594,-1730.92091135195,5934.37710069499,372.7424275136573,-4052.090195299624,6658.012411698226
patient_204,731.0,29.24,289.72148530169596,-3742.8787318076033,3848.834714626927,443.00851234479813,3336.8134924234682,5952.097441188782,583.7823786944141,5275.998779518921,6681.363706846003
patient_204,732.0,29.28,215.2679019071445,-1861.3395848637865,3857.4454307032133,314.38328325344867,-3215.6307272837366,5964.672772518919,408.7282188418755,-4376.353996313464,6697.712835599677
patient_204,733.0,29.32,227.4484832007346,304.514532339752,3866.5433700312424,355.150232658277,1019.1737351207081,5978.87878182525,399.76717291601676,-224.02614814646853,6713.703522516318
patient_204,734.0,29.36,192.52055628340645,-873.1981729332034,3874.2441922825783,296.2965092867889,-1471.3430842872028,5990.730642196722,402.1286451824484,59.03680666079083,6729.788668323616
patient_204,735.0,29.4,273.32633320180014,2020.1444229598424,3885.17724561065,319.95041339970703,591.3476028229538,6003.52865873271,336.0859440509359,-1651.0675282878126,6743.232106085652
patient_204,736.0,29.44,158.64442313863375,-2867.0477515791595,3891.523022536195,120.63335982323268,-4982.926339411859,6008.353993125639,49.03559163676916,-7176.258810354168,6745.193529751123
patient_204,737.0,29.48,179.76725147187702,528.0707083310815,3898.7137125950703,207.48857188419083,2171.3803015239537,6016.6535360010075,151.30395234069778,2556.7090175982153,6751.245687844751
patient_204,738.0,29.52,137.60184871001806,-1054.135069046474,3904.217786543471,181.2814014005576,-655.1792620908309,6023.90479205703,92.53021273450064,-1469.3434901549285,6754.946896354131
patient_204,739.0,29.56,104.80069947529466,-820.028730868085,3908.409814522483,227.2469805482609,1149.1394786925823,6032.994671278961,115.11570921922477,564.6374121181033,6759.5515247229
patient_204,740.0,29.6,84.53295115651703,-506.6937079694409,3911.7911325687437,244.9808823310169,443.3475445688998,6042.793906572201,143.54540267896152,710.7423364934189,6765.293340830058
patient_204,741.0,29.64,46.43628324936008,-952.4166976789237,3913.6485838987182,172.2005014611759,-1819.5095217460248,6049.681926630648,187.1382474476328,1089.821119216782,6772.778870727963
patient_204,742.0,29.68,68.93494362097132,562.4665092902811,3916.4059816435574,82.00105067810574,-2254.986269576754,6052.961968657773,150.93193361592654,-905.1578457926566,6778.816148072601
patient_204,743.0,29.72,29.029603760346728,-997.6334965156149,3917.567165793971,59.64575458902279,-558.8824022270737,6055.347798841333,84.98973852102996,-1648.5548773724145,6782.215737613442
patient_204,744.0,29.76,45.436305168244715,410.1675351974497,3919.384618000701,117.55328949305539,1447.6883726008148,6060.049930421056,172.88237536176632,2197.315921018409,6789.131032627913
patient_204,745.0,29.8,31.98520742282449,-336.2774436355056,3920.664026297614,95.04214471438058,-562.7786194668702,6063.851616209631,49.5452324582089,-3083.4285725889354,6791.112841926241
patient_204,746.0,29.84,16.57974538672802,-385.1365509024117,3921.3272161130826,64.54386966720966,-762.456876179273,6066.43337099632,275.452155346601,5647.673072209803,6802.130928140105
patient_204,747.0,29.88,60.64113270437744,1101.5346829412356,3923.752861421258,23.514264427042598,-1025.7401310041766,6067.373941573402,232.2301206422737,-1080.5508676081822,6811.420132965797
patient_204,748.0,29.92,14.493707638231566,-1153.6856266536468,3924.3326097267873,9.775956518521726,-343.4576977130218,6067.764979834142,59.81453488589269,-4310.389643909525,6813.812714361233
patient_204,749.0,29.96,34.284042143479134,494.7583626311892,3925.7039714125262,14.888094427539663,127.80344772544842,6068.360503611243,29.47384994152545,-758.517123609181,6814.9916683588945
patient_204,750.0,30.0,11.063866929418637,-580.5043803515124,3926.146526089703,18.21586317942453,83.19421879712169,6069.08913813842,15.656024523091538,-345.4456354608478,6815.617909339818
patient_204,751.0,30.04,3.6275584315057894,-185.90771244782118,3926.291628426963,9.013435055667802,-230.06070309391822,6069.449675540647,34.73206706972565,476.9010636658528,6817.007192022607
patient_204,752.0,30.08,14.113928752136264,262.15925801576185,3926.8561855770486,4.035210347028876,-124.45561771597315,6069.611083954528,16.711073687896445,-450.5248345457302,6817.675634970123
patient_204,753.0,30.12,11.161727024120793,-73.80504320038676,3927.3026546580136,18.590147367249052,363.87342550550443,6070.354689849218,33.461104618510944,418.7507732653625,6819.014079154863
patient_204,754.0,30.16,21.893343494733305,268.2904117653128,3928.1783883978032,61.40258254493968,1070.3108794422658,6072.810793151016,73.73918547781663,1006.9520214826422,6821.963646573975
patient_204,755.0,30.2,55.67466660478121,844.5330777511977,3930.4053750619946,46.2395463619884,-379.075904573782,6074.660375005496,43.08766530075873,-766.2880044264476,6823.687153186005
patient_204,756.0,30.24,80.2835653226351,615.2224679463473,3933.6167176749,170.3082361654291,3101.717245086017,6081.472704452113,50.56901782456061,187.03381309504704,6825.709913898988
patient_204,757.0,30.28,52.61563203012712,-691.6983323126996,3935.7213429561048,155.17093371607683,-378.43256123380655,6087.679541800757,64.64989493331242,352.0219277187953,6828.29590969632
patient_204,758.0,30.32,46.94596507547616,-141.7416738662739,3937.5991815591237,182.35533643250147,679.6100679106161,6094.973755258056,103.24681379855662,964.9229716311048,6832.425782248262
patient_204,759.0,30.36,28.461411461492617,-462.1138403495886,3938.7376380175833,105.66404231967185,-1917.2823528207407,6099.2003169508425,38.95566088418973,-1607.278822859172,6833.98400868363
patient_204,760.0,30.4,25.43581603371899,-75.63988569434068,3939.7550706589323,128.93534249241318,581.7825043185334,6104.357730650539,55.56417033098336,415.21273616984064,6836.20657549687
patient_204,761.0,30.44,25.609599100000345,4.344576657033894,3940.7794546229325,46.17369735292953,-2069.041128487091,6106.204678544657,17.243956209001137,-958.0053530495554,6836.896333745231
patient_204,762.0,30.48,9.142479826461397,-411.6779818384737,3941.145153815991,45.06161627144977,-27.802027036993948,6108.007143195515,20.784708456444818,88.51880618609202,6837.7277220834885
patient_204,763.0,30.52,3.964607907804155,-129.44679796643106,3941.303738132303,71.8429017032228,669.5321357943255,6110.880859263644,93.09572726774576,1807.7754702825234,6841.451551174197
patient_204,764.0,30.56,46.79262365686998,1070.7003937266454,3943.175443078578,105.89336111259028,851.2614852341873,6115.116593708148,106.49262448219632,334.92243036126405,6845.711256153486
patient_204,765.0,30.6,49.86308801473734,76.76160894668413,3945.1699665991678,134.56972209008686,716.9090244374142,6120.499382591752,142.00784762729344,887.8805786274281,6851.391570058578
patient_204,766.0,30.64,48.28537068631677,-39.4429332105144,3947.1013814266203,116.99861987061291,-439.27755548684854,6125.179327386576,262.43427619646593,3010.6607142293124,6861.8889411064365
patient_204,767.0,30.68,95.38743443252379,1177.5515936551756,3950.9168788039215,59.09155430661642,-1447.6766390999123,6127.54298955884,249.92297478216065,-312.782535357632,6871.885860097723
patient_204,768.0,30.72,45.72823303603833,-1241.4800349121365,3952.7460081253626,66.97105968884468,196.9876345557063,6130.221831946394,90.88140001496691,-3976.0393691798436,6875.521116098322
patient_204,769.0,30.76,59.406317024492246,341.95209971134784,3955.122260806342,59.6770398489649,-182.35049599699434,6132.608913540353,439.2633173595986,8709.547933615791,6893.091648792706
patient_204,770.0,30.8,23.024185014504855,-909.5533002496846,3956.043228206923,45.81467791508651,-346.55904834695974,6134.441500656956,226.2501208403348,-5325.329912981595,6902.141653626319
patient_204,771.0,30.84,12.844127584112785,-254.50143575980175,3956.5569933102875,15.202314337733231,-765.309089433832,6135.049593230466,66.964893225513,-3982.130690370545,6904.82024935534
patient_204,772.0,30.88,23.955253388220907,277.77814510270304,3957.5152034458165,6.474805427103609,-218.18772276574055,6135.30858544755,30.066728101229497,-922.4541281070874,6906.022918479389
patient_204,773.0,30.92,13.398172233128102,-263.92702887732014,3958.0511303351414,8.611952684328498,53.42868143062223,6135.653063554923,55.38440009671465,632.9417998871288,6908.238294483258
patient_204,774.0,30.96,28.965595350804367,389.1855779419066,3959.2097541491735,111.95313139558557,2583.529467781427,6140.1311888107475,37.4871285884684,-447.43178770615623,6909.7377796267965
patient_204,775.0,31.0,27.900104443104695,-26.63727269249181,3960.325758326898,147.11779802581572,879.1166657557536,6146.01590073178,35.575983962280034,-47.77861565470918,6911.160818985288
patient_204,776.0,31.04,44.15272736656394,406.31557308648104,3962.0918674215604,156.66465351815518,238.67138730848652,6152.282486872506,95.45443448628585,1496.9612631001453,6914.978996364738
patient_204,777.0,31.08,46.3428241809052,54.752420358531495,3963.9455803887963,154.35570002061075,-57.72383743861056,6158.45671487333,42.966639277925246,-1312.194880209015,6916.697661935856
patient_204,778.0,31.12,27.466318569350904,-471.91264028885735,3965.0442331315703,113.42140851160367,-1023.357287725177,6162.993571213795,32.562334674061944,-260.10761509658255,6918.0001553228185
patient_204,779.0,31.16,36.80137002803627,233.3762864671341,3966.516287932692,54.05000433710018,-1484.2851043625874,6165.1555713872785,107.69163206820262,1878.232434853517,6922.307820605546
patient_204,780.0,31.2,68.01639137978363,780.375533793684,3969.2369435878836,18.027492697761716,-900.5627909834616,6165.876671095189,824.9628400509791,17931.780199569414,6955.306334207586
patient_204,781.0,31.24,15.561656231364571,-1311.3683787104765,3969.859409837138,73.62807113837705,1390.0144610153834,6168.821793940724,206.18993688937755,-15469.32257904004,6963.55393168316
patient_204,782.0,31.28,57.301614594896435,1043.4989590882965,3972.151474420934,102.21435908856394,714.6571987546722,6172.910368304267,362.3093752069801,3902.9859579400645,6978.046306691439
patient_204,783.0,31.32,38.8019179674386,-462.49241568644595,3973.703551139632,86.88952280437996,-383.1209071045993,6176.385949216442,875.9977664984727,12842.209782287315,7013.086217351378
patient_204,784.0,31.36,135.5968369323812,2419.8729741235647,3979.1274246169273,79.33432527571313,-188.87993821667095,6179.55932222747,869.7729644574688,-155.62005102509886,7047.877135929676
patient_204,785.0,31.4,85.66599993569797,-1248.2709249170807,3982.554064614355,69.75679191580818,-239.4383339976237,6182.349593904102,110.87190267371396,-18972.52654459387,7052.312012036625
