patient,frame,time_s,wrist_speed_mm_s,wrist_accel_mm_s2,wrist_path_mm,thumb_tip_speed_mm_s,thumb_tip_accel_mm_s2,thumb_tip_path_mm,index_finger_tip_speed_mm_s,index_finger_tip_accel_mm_s2,index_finger_tip_path_mm
patient_103,0.0,0.0,,,0.0,,,0.0,,,0.0
patient_103,1.0,0.04,126.67463479700211,,5.066985391880085,65.66286172273188,,2.626514468909275,35.18978991650213,,1.4075915966600852
patient_103,2.0,0.08,25.522366309260406,-2528.806712193543,6.0878800442505,55.50896028309532,-253.8475359909139,4.846872880233088,36.76818515793862,39.459881035912225,2.87831900297763
patient_103,3.0,0.12,17.672758247046275,-196.24020155535328,6.794790374132351,61.798814655265126,157.24635930424515,7.318825466443693,49.70705678827736,323.4717907584686,4.866601274508724
patient_103,4.0,0.16,74.17220223827717,1412.4860997807723,9.761678463663438,91.54178376482109,743.5742277388991,10.980496817036537,7.157223988479149,-1063.7458199949554,5.152890234047891
patient_103,5.0,0.2,44.434718277552946,-743.4370990181055,11.539067194765558,23.266886154454458,-1706.8724402591658,11.911172263214716,21.37276318895966,355.38848001201274,6.007800761606277
patient_103,6.0,0.24,21.124499992899786,-582.755457116329,12.38404719448155,38.14516180548939,371.95689127587326,13.436978735434293,15.460319223677995,-147.8110991320416,6.626213530553397
patient_103,7.0,0.28,12.437951560921704,-217.16371079945205,12.881565256918417,55.76716128451744,440.54998697570136,15.667665186814991,44.45448220662119,724.85407457358,8.404392818818245
patient_103,8.0,0.32,3.200176307820595,-230.94438132752774,13.009572309231242,37.86891321287014,-447.45620179118254,17.182421715329795,9.561617162713436,-872.321626097694,8.786857505326783
patient_103,9.0,0.36,5.886012385326693,67.14590193765245,13.24501280464431,45.554072987907645,192.12899437593762,19.004584634846104,30.596744250789612,525.8781772019045,10.010727275358366
patient_103,10.0,0.4,18.769435826169165,322.0855860210618,13.995790237691075,15.685287244356177,-746.7196435887868,19.63199612462035,33.459077844062655,71.55833983182606,11.349090389120873
patient_103,11.0,0.44,24.907254466267492,153.44546600245818,14.992080416341775,25.61667212857016,248.28462210534954,20.656663009763157,3.4370361270447813,-750.5510429254468,11.486571834202664
patient_103,12.0,0.48,6.3937723272903275,-462.83705347442907,15.247831309433389,21.704752427455574,-97.79799252786461,21.52485310686138,25.20194679139503,544.1227666087563,12.494649705858464
patient_103,13.0,0.52,15.592516078939251,229.96859379122307,15.871531952590958,23.754591296123063,51.24597171668724,22.475036758706302,36.49073010819734,282.21958292005775,13.954278910186359
patient_103,14.0,0.56,20.30672203707275,117.85514895333745,16.683800834073867,14.558047759981346,-229.91358840354295,23.057358669105557,6.349717013914284,-753.5253273570764,14.20826759074293
patient_103,15.0,0.6,22.052417600980995,43.64238909770614,17.56589753811311,32.926015475935685,459.1991928988585,24.374399288142985,17.173872468743326,270.60388637072606,14.895222489492662
patient_103,16.0,0.64,19.549805720148537,-62.56529702081144,18.34788976691905,58.494696397943606,639.217023050198,26.71418714406073,19.558388989425698,59.612913017059284,15.67755804906969
patient_103,17.0,0.68,11.191913583711974,-208.9473034109141,18.795566310267528,27.529089794429954,-774.1401650878413,27.815350735837928,35.0149815598508,386.4148142606276,17.078157311463723
patient_103,18.0,0.72,13.402327567456481,55.26034959361268,19.331659412965788,23.852823727440015,-91.90665167474847,28.76946368493553,19.130889232901175,-397.10230817374065,17.843392880779767
patient_103,19.0,0.76,56.81693568491634,1085.3652029364964,21.604336840362443,4.16062173029309,-492.3050499286731,28.935888554147255,51.92804060819612,819.9287843823736,19.92051450510761
patient_103,20.0,0.8,38.51389117077249,-457.5761128535962,23.144892487193342,46.39908418372851,1055.9615613358856,30.791851921496395,25.863967623105957,-651.6018246272541,20.955073210031852
patient_103,21.0,0.84,21.226637171487955,-432.1813499821134,23.99395797405286,34.646678925213855,-293.8101314628664,32.17771907850495,14.708075759646945,-278.8972965864753,21.543396240417728
patient_103,22.0,0.88,30.27592490555252,226.23219335161417,25.20499497027496,74.2038471134612,988.9292047061834,35.145872963043395,7.556529626451424,-178.78865332988804,21.845657425475782
patient_103,23.0,0.92,25.04491918388423,-130.7751430417073,26.20679173763033,22.069112326335937,-1303.3683696781313,36.02863745609684,23.985382846670106,410.721330505467,22.805072739342584
patient_103,24.0,0.96,28.59169933945968,88.66950388938628,27.350459711208714,33.46416735512293,284.87637571967485,37.36720415030175,8.128722339045114,-396.4165126906248,23.13022163290439
patient_103,25.0,1.0,10.241337649583224,-458.75904224691146,27.760113217192043,8.993778928266916,-611.7597106714004,37.72695530743243,26.39458482642175,456.6465621844159,24.186005025961258
patient_103,26.0,1.04,19.775082841020485,238.3436297859315,28.55111653083286,15.87255833474344,171.96948516191307,38.361857640822166,15.633544238387248,-269.0260147008625,24.811346795496746
patient_103,27.0,1.08,15.858654203992353,-97.91071592570329,29.185462698992556,26.11598350313871,256.0856292098818,39.406496980947715,10.755474612546324,-121.9517406460231,25.2415657799986
patient_103,28.0,1.12,6.960871126364232,-222.44457694070303,29.46389754404713,10.581952983846827,-388.3507629822971,39.82977510030159,10.914722792643127,3.981204502420077,25.678154691704325
patient_103,29.0,1.16,12.142028564548783,129.52893595461376,29.949578686629078,7.715240231509396,-71.66781880843578,40.13838470956196,10.430164967209874,-12.113945635831325,26.09536129039272
patient_103,30.0,1.2,8.466798841968332,-91.88074306451126,30.288250640307812,5.888214004258672,-45.675655681268104,40.37391326973231,10.566837127509645,3.4168040074942674,26.518034775493106
patient_103,31.0,1.24,5.453557509141801,-75.3310333206633,30.506392940673482,11.882494369054383,149.85700911989278,40.84921304449448,13.147950940206323,64.52784531741696,27.04395281310136
patient_103,32.0,1.28,3.2955428638252067,-53.95036613291485,30.638214655226488,13.47680611721282,39.857793703960944,41.388285289182996,23.93589842182844,269.69868704055295,28.0013887499745
patient_103,33.0,1.32,8.871991734664887,139.411221770992,30.993094324613086,27.28723356608553,345.2606862218177,42.479774631826416,30.90267577734048,174.169433887801,29.23749578106812
patient_103,34.0,1.36,16.612729476440773,193.51844354439714,31.657603503670718,6.785411033571877,-512.5455633128413,42.75119107316928,11.08548754536019,-495.42970579950725,29.680915282882523
patient_103,35.0,1.4,15.027997262894756,-39.61830533865043,32.258723394186504,27.951630148144943,529.1554778643267,43.86925627909508,4.889944439289524,-154.88857765176664,29.876513060454105
patient_103,36.0,1.44,32.15819962831541,428.25505913551626,33.54505137931912,12.681279889810028,-381.7587564583729,44.37650747468748,13.997654515058773,227.69275189423124,30.436419241056456
patient_103,37.0,1.48,26.78610570320221,-134.30234812782996,34.616495607447206,21.01883493312133,208.43887608278254,45.21726087201233,9.062416397331763,-123.38095294317526,30.798915896949726
patient_103,38.0,1.52,24.57818047925158,-55.19813059876579,35.59962282661727,7.96911611100925,-326.242970552802,45.5360255164527,7.439396753298414,-40.575491100833716,31.096491767081663
patient_103,39.0,1.56,13.74599046041249,-270.80475047097724,36.14946244503378,22.88751901828355,372.9600726818576,46.45152627718404,18.1356990546667,267.4075575342071,31.82191972926833
patient_103,40.0,1.6,1.909282372100899,-295.9177022077898,36.22583373991781,10.621279444691803,-306.65598933979373,46.87637745497171,3.157811517187332,-374.44718843698416,31.948232189955824
patient_103,41.0,1.64,5.170758381025102,81.53690022310509,36.43266407515881,11.406120211793363,19.621019177539,47.33262226344345,15.891757416841738,318.34864749136017,32.5839024866295
patient_103,42.0,1.68,6.4935729216257725,33.07036351501675,36.69240699202384,17.833728132667645,160.69019802185704,48.04597138875015,23.372494297187878,187.0184220086535,33.51880225851701
patient_103,43.0,1.72,1.085587412220167,-135.19963773514013,36.73583048851265,3.877602546636213,-348.90313965078576,48.201075490615594,10.218202199035554,-328.8573024538081,33.927530346478434
patient_103,44.0,1.76,10.052724253243548,224.17842102558453,37.13793945864239,22.61710595744924,468.4875852703257,49.10575972891356,3.3520352236780346,-171.65417438393797,34.06161175542556
patient_103,45.0,1.8,35.831872937483965,644.4787171060104,38.57121437614175,10.972741869042537,-291.1091022101676,49.544669403675265,20.105665268668034,418.84075112475,34.86583836617228
patient_103,46.0,1.84,17.167225878420865,-466.6161764765775,39.25790341127858,20.790622195054645,245.4470081503027,50.37629429147744,29.62304888073872,237.93459030176712,36.050760321401825
patient_103,47.0,1.88,21.19311592091653,100.6472510623916,40.10562804811524,22.014729720576437,30.602688138044787,51.2568834803005,15.174875529873542,-361.2043337716294,36.65775534259677
patient_103,48.0,1.92,23.382954381753386,54.74596152092141,41.04094622338537,74.46969019159806,1311.3740117755406,54.23567108796443,29.648817025407645,361.84853738835255,37.843708023613075
patient_103,49.0,1.96,25.128446450452042,43.6373017174664,42.04608408140345,37.041872264706576,-935.6954481722871,55.71734597855269,29.412476473314225,-5.908513802335502,39.020207082545646
patient_103,50.0,2.0,10.891296482788498,-355.9287491915886,42.48173594071499,26.95676212961629,-252.12775337725714,56.79561646373734,19.722763874575595,-242.24281496846575,39.809117637528665
patient_103,51.0,2.04,1.1759487282454553,-242.88369386357607,42.52877388984481,21.693753089580387,-131.5752260008976,57.66336658732056,12.038867102191015,-192.0974193096145,40.290672321616306
patient_103,52.0,2.08,13.050205087535547,296.8564089822523,43.05078209334622,27.847111327601002,153.8339559505154,58.7772510404246,13.045103536805371,25.155910865358912,40.81247646308852
patient_103,53.0,2.12,4.600487580894063,-211.2429376660371,43.23480159658198,8.284653230976824,-489.06145241560444,59.10863716966367,10.325534333696629,-67.98923007771856,41.22549783643639
patient_103,54.0,2.16,13.088993980679287,212.21265999463063,43.75836135580916,29.721009652622712,535.9089105411473,60.29747755576858,10.369192837442997,1.0914625936591982,41.640265549934114
patient_103,55.0,2.2,9.008840942046646,-102.00382596581603,44.11871499349102,21.55743802294926,-204.0892907418363,61.15977507668656,35.60683527163274,630.9410608547436,43.06453896079942
patient_103,56.0,2.24,26.847068282981972,445.95568352338313,45.192597724810305,38.45373812519347,422.4075025561052,62.6979246016943,31.96387816328686,-91.07392770864698,44.34309408733089
patient_103,57.0,2.28,7.964229186461342,-472.0709774130158,45.511166892268754,17.68260605583266,-519.2783017340201,63.405228843927596,51.272480887013316,482.7150680931614,46.39399332281142
patient_103,58.0,2.32,9.150897885338626,29.666717471932103,45.87720280768231,3.563631174121771,-352.97437204277225,63.547774090892474,6.668376304687048,-1115.1026145581566,46.6607283749989
patient_103,59.0,2.36,8.901300014081603,-6.239946781425587,46.233254808245576,41.389109682309865,945.6369627047022,65.20333847818488,8.546920572198607,46.96360668778896,47.002605197886844
patient_103,60.0,2.4,41.97459826310888,826.8324562256819,47.91223873876993,80.06383006840886,966.8680096524749,68.40589168092123,28.08784138453693,488.523020308458,48.126118853268316
patient_103,61.0,2.44,18.121576891126075,-596.3255342995701,48.637101814414976,20.415911774671454,-1491.197957343435,69.22252815190808,14.092811708371816,-349.87574190412784,48.68983132160319
patient_103,62.0,2.48,11.420420376984591,-167.5289128535371,49.093918629494354,7.720191315700137,-317.3930114742829,69.53133580453608,14.766555488081483,16.843594492741687,49.28049354112645
patient_103,63.0,2.52,5.7456013265404495,-141.87047626110353,49.323742682555974,19.81132845577416,302.27842850185056,70.32378894276705,13.82966924754892,-23.4221560133141,49.8336803110284
patient_103,64.0,2.56,18.06716519928663,308.03909681865457,50.04642929052744,24.874368927162774,126.57601178471536,71.31876369985356,12.147349587483177,-42.057991501643556,50.319574294527726
patient_103,65.0,2.6,21.865906269052804,94.96852674415433,50.92106554128955,33.02173504217934,203.68415287541407,72.63963310154074,10.772032744936995,-34.38292106365455,50.750455604325204
patient_103,66.0,2.64,18.68042361171355,-79.63706643348134,51.6682824857581,14.580793741632236,-461.02353251367754,73.22286485120603,14.155388269625107,84.58388811720279,51.31667113511021
patient_103,67.0,2.68,18.870822433604776,4.759970547280634,52.42311538310229,28.8296339080941,356.22100416154655,74.3760502075298,17.40781423066847,81.31064902608412,52.012983704336946
patient_103,68.0,2.72,5.094471339657252,-344.4087773486881,52.626894236688585,12.78494603459679,-401.11719683743274,74.88744804891367,6.107348406258722,-282.5116456102437,52.2572776405873
patient_103,69.0,2.76,7.160905624540846,51.66085712208985,52.91333046167022,30.641949255815348,446.42508053046396,76.11312601914628,15.803763585908015,242.41037949123233,52.889428184023615
patient_103,70.0,2.8,5.116119105816701,-51.11966296810364,53.11797522590289,11.7462987737338,-472.39126205203877,76.58297797009563,10.52561580526855,-131.95369451598663,53.31045281623435
patient_103,71.0,2.84,18.839878118342153,343.0939753131363,53.871570350636574,16.483573494018536,118.4318680071184,77.24232090985637,12.551245590939113,50.640744641764044,53.812502639871916
patient_103,72.0,2.88,31.506331574892346,316.66133641375484,55.13182361363227,22.575022602038835,152.28622770050748,78.14532181393793,14.669212132912586,52.94916354933683,54.39927112518843
patient_103,73.0,2.92,69.62663398420624,953.0075602328474,57.91688897300051,10.384908422735487,-304.7528544825837,78.56071815084734,38.623249555749226,598.850935570916,55.944201107418394
patient_103,74.0,2.96,113.0465694489582,1085.498386618799,62.43875175095884,103.46343036891447,2326.9630486544747,82.69925536560392,2.670342922716597,-898.8226658258156,56.051014824327055
patient_103,75.0,3.0,147.8190808429634,869.3127848501298,68.35151498467738,208.20562973476027,2618.5549841461448,91.02748055499433,178.0734600831808,4385.077929011605,63.173953227654295
patient_103,76.0,3.04,162.11773026264902,357.46623549214075,74.83622419518333,190.7147641616583,-437.2716393275489,98.65607112146067,122.87334552752492,-1380.0028638913973,68.08888704875528
patient_103,77.0,3.08,317.74967611544355,3890.798646319863,87.54621123980108,489.63051036634164,7472.893655117084,118.24129153611433,147.87875143754115,625.1351477504058,74.00403710625693
patient_103,78.0,3.12,376.3183878628144,1464.2177936842713,102.59894675431366,150.0532285996925,-8489.43204416623,124.24342068010202,266.3536613986957,2961.8727490288634,84.65818356220475
patient_103,79.0,3.16,75.95178620771449,-7509.165041377497,105.63701820262224,64.95232813139013,-2127.522511707559,126.84151380535762,32.195863523581735,-5853.944946877848,85.94601810314803
patient_103,80.0,3.2,306.49907103845493,5763.682120768511,117.89698104416044,494.1247529351353,10729.310620093629,146.60650392276304,347.5926302246688,7884.919167527177,99.8497233121348
patient_103,81.0,3.24,317.5793286869436,277.0064412122167,130.60015419163818,1221.969304671507,18196.11379340929,195.4852761096233,1255.4782644502764,22697.140855640188,150.06885389014585
patient_103,82.0,3.28,342.0811704282151,612.5460435317876,144.2834010087668,775.8975739916615,-11151.793266996137,226.52117906928976,984.2305732106232,-6781.1922809913285,189.43807681857078
patient_103,83.0,3.32,475.19132993757626,3327.7539877340287,163.29105420626985,80.65842955348175,-17380.978610954495,229.74751625142903,94.47196468810255,-22243.965213063017,193.21695540609485
patient_103,84.0,3.36,271.26143076507867,-5098.247479312439,174.14151143687297,410.4300084652384,8244.289472793917,246.16471659003858,442.7133658696984,8706.035029539897,210.9254900408828
patient_103,85.0,3.4,233.1393690435165,-953.0515430390544,183.46708619861363,766.432649507885,8900.066026066164,276.82202257035397,772.2000673717931,8237.167537552368,241.81349273575452
patient_103,86.0,3.44,167.33435956632056,-1645.1252369298984,190.16046058126645,470.2197209434236,-7405.323214111534,295.63081140809095,303.63785083617785,-11714.055413390382,253.95900676920164
patient_103,87.0,3.48,121.88812543547643,-1136.1558532711033,195.0359855986855,468.03939085605066,-54.508252184324135,314.35238704233296,218.24099007226266,-2134.92151909788,262.68864637209214
patient_103,88.0,3.52,203.77355906793002,2047.13584081134,203.18692796140272,676.7884832645955,5218.7273102136205,341.42392637291675,485.57933761555364,6683.458688582275,282.11181987671426
patient_103,89.0,3.56,59.47755256443522,-3607.40016258737,205.56603006398015,187.41271722306496,-12234.394151038263,348.9204350618394,87.82580310968831,-9943.838362646633,285.6248520011018
patient_103,90.0,3.6,325.536363384902,6651.470270511671,218.5874845993762,352.8483047616446,4135.889688464491,363.0343672523052,253.24644098169395,4135.515946800141,295.7547096403695
patient_103,91.0,3.64,480.6313557216421,3877.3748084185017,237.8127388282419,536.8760729755886,4600.6942053486,384.5094101713287,763.3761637234794,12753.243068544638,326.2897561893087
patient_103,92.0,3.68,503.3989696863417,569.1903491174899,257.94869761569555,338.58580471201805,-4957.2567065892645,398.05284235980946,535.5434726464266,-5695.81727692632,347.7114950951658
patient_103,93.0,3.72,448.71658447382083,-1367.059630313021,275.8973609946484,538.6229609288206,5000.9289054200635,419.59776079696223,589.3420671822294,1344.9648633950687,371.285177782455
patient_103,94.0,3.76,598.4571538826037,3743.5142352195726,299.8356471499526,670.0878203524771,3286.6214855914136,446.40127361106136,428.99457416837396,-4008.687325346385,388.44496074918993
patient_103,95.0,3.8,335.7769979310811,-6567.003898788066,313.2667270671958,1138.116220009703,11700.709991430647,491.92592241144945,1315.170155455801,22154.389532185676,441.05176696742194
patient_103,96.0,3.84,1184.6831352263673,21222.653432382158,360.6540524762505,420.3433293475631,-17944.3222665535,508.73965558535195,506.31328901822775,-20221.42166093933,461.30429852815104
patient_103,97.0,3.88,490.48897270445644,-17354.85406304777,380.2736113844287,454.0967434178363,843.8353517568303,526.9035253220654,261.64452196240626,-6116.719176395537,471.77007940664726
patient_103,98.0,3.92,137.57710781829493,-8822.79662215404,385.77669569716056,282.82093415819764,-4281.895231490967,538.2163626883932,341.03069760272103,1984.6543910078694,485.4113073107561
patient_103,99.0,3.96,622.2454562149692,12116.708709916855,410.6665139457593,426.01102487495444,3579.75226791892,555.2568036833915,1672.4705246759734,33285.995676831306,552.310128297795
patient_103,100.0,4.0,842.6886724931477,5511.080406954463,444.37406084548525,751.2853570554882,8131.8583045133455,585.308217965611,615.0353006259244,-26435.88060125122,576.911540322832
patient_103,101.0,4.04,383.16784891475237,-11488.020589459884,459.70077480207533,440.48087348148835,-7770.112089349997,602.9274529048706,377.5616002246626,-5936.842510031545,592.0140043318185
patient_103,102.0,4.08,154.59260365523957,-5714.38113148782,465.8844789482849,760.9046859289734,8010.595311187128,633.3636403420295,475.85205788892745,2457.2614416066217,611.0480866473756
patient_103,103.0,4.12,68.30429197500418,-2157.207792005885,468.616650627285,310.7400005125947,-11254.11713540947,645.7932403625333,507.9212262518266,801.7292090724794,631.3649356974487
patient_103,104.0,4.16,910.7161342353213,21060.29605650793,505.0452959966979,316.7943414123997,151.35852249512567,658.4650140190294,2497.584304513703,49741.57695654691,731.2683078779969
patient_103,105.0,4.2,147.15660788179483,-19088.98815883816,510.93156031196963,74.83957395206872,-6048.869186508275,661.458596977112,186.7160964886773,-57771.70520062564,738.736951737544
patient_103,106.0,4.24,53.33136182478498,-2345.631151425246,513.0648147849611,38.04574436454814,-919.8457396880144,662.9804267516939,73.81359193150857,-2822.562613929218,741.6894954148044
patient_103,107.0,4.28,74.1560792043914,520.6179344901607,516.0310579531367,79.31835071583507,1031.815158782173,666.1531607803273,51.16728017174179,-566.1577939941695,743.7361866216742
patient_103,108.0,4.32,98.32272355264708,604.1661087063918,519.9639668952426,80.01794573533806,17.489875487574835,669.3538786097408,21.351007601703593,-745.4068142509549,744.5902269257423
patient_103,109.0,4.36,196.56828552475534,2456.1390493027066,527.8266983162328,64.22017795282326,-394.94419456286994,671.9226857278537,9.640367493319001,-292.7660027096148,744.9758416254751
patient_103,110.0,4.4,58.750309541688736,-3445.449399576665,530.1767106979004,149.0758433444003,2121.391634789426,677.8857194616296,30.213142859598033,514.3193841569758,746.184367339859
patient_103,111.0,4.44,248.56113851377052,4745.270724302044,540.1191562384512,231.42244604066025,2058.6650674064986,687.142617303256,128.8460660743515,2465.823080368837,751.3382099828331
patient_103,112.0,4.48,183.13051930560167,-1635.7654802042211,547.4443770106752,218.0973138862248,-333.1283038608859,695.866509858705,205.5811044580467,1918.3759595923796,759.561454161155
patient_103,113.0,4.52,277.18492221527634,2351.360072741867,558.5317738992862,276.3094716924759,1455.3039451562768,706.918888726404,368.8911398404909,4082.750884561105,774.3170997547746
patient_103,114.0,4.56,251.7658649321188,-635.4764320789386,568.602408496571,279.7493618430617,85.99725376464562,718.1088632001265,252.04404014964203,-2921.1774922712216,784.3988613607603
patient_103,115.0,4.6,296.64899560557615,1122.0782668364336,580.4683683207941,250.91982024716825,-720.7385398973365,728.1456560100132,241.65750760924766,-259.6633135098592,794.0651616651303
patient_103,116.0,4.64,234.17792563963533,-1561.7767491485204,589.8354853463794,190.36384391598318,-1513.8994082796266,735.7602097666526,245.51931476879116,96.54517898858757,803.8859342558819
patient_103,117.0,4.68,238.51711692812634,108.47978221227521,599.3761700235044,270.9308642963174,2014.1755095083554,746.5974443385053,240.0163498901452,-137.57412196614922,813.4865882514877
patient_103,118.0,4.72,197.63405314941213,-1022.0765944678554,607.2815321494809,251.58438773527084,-483.6619140261639,756.6608198479162,170.41726239832272,-1739.9771872955619,820.3032787474206
patient_103,119.0,4.76,268.29323680384186,1766.4795913607436,618.0132616216346,252.5272274135861,23.57099195788166,766.7619089444596,217.19004019409542,1169.3194448943175,828.9908803551843
patient_103,120.0,4.8,49.11344970819767,-5479.494677391105,619.9777996099625,126.17827411797437,-3158.7238323902934,771.8090399091785,85.1807182029035,-3300.233049779798,832.3981090833005
patient_103,121.0,4.84,30.431754017756973,-467.0423922610174,621.1950697706728,26.933919010120714,-2481.108877696341,772.8863966695833,0.5326242234813375,-2116.2023494855544,832.4194140522397
patient_103,122.0,4.88,113.49871065958538,2076.6739160457105,625.7350181970562,70.93488324312571,1100.024105825125,775.7237919993083,24.627160859971973,602.3634159122659,833.4045004866385
patient_103,123.0,4.92,73.35809081852692,-1003.5154960264616,628.6693418297973,50.77911972277968,-503.89408800865067,777.7549567882194,51.74609248330559,677.9732905833404,835.4743441859708
patient_103,124.0,4.96,59.3569984603433,-350.02730895459047,631.043621768211,69.15800390135702,459.4721044644334,780.5212769442737,51.14904252367167,-14.926248990848023,837.5203058869178
patient_103,125.0,5.0,83.9400370561542,614.5759648952725,634.4012232504572,131.91367958752906,1568.891892154301,785.7978241277748,101.62082689131061,1261.7946091909737,841.5851389625702
patient_103,126.0,5.04,106.56053410333172,565.5124261794381,638.6636446145905,192.32398748568895,1510.257697453997,793.4907836272023,150.3830256720638,1219.05496951883,847.6004599894528
patient_103,127.0,5.08,183.0020358872793,1911.0375445986897,645.9837260500816,276.2832632516809,2098.9818941497992,804.5421141572696,215.1379876738719,1618.874050045202,856.2059794964076
patient_103,128.0,5.12,238.1475542481218,1378.6379590210622,655.5096282200064,587.7438019942913,7786.513468565259,828.0518662370413,375.04013256523325,3997.553622284034,871.207584799017
patient_103,129.0,5.16,314.8350703386327,1917.1879022627727,668.1030310335517,425.4484694702955,-4057.383313099895,845.069805015853,601.5881724974622,5663.700998305724,895.2711116989154
patient_103,130.0,5.2,430.36719968216835,2888.303233588391,685.3177190208385,751.4076023903132,8148.978323000442,875.1261091114657,668.7675431291876,1679.4842657931354,922.0218134240829
patient_103,131.0,5.24,669.3958747570165,5975.716876871204,712.0935540111191,769.3130301069497,447.6356929159124,905.8986303157436,865.9475036307258,4929.499012538455,956.659713569312
patient_103,132.0,5.28,47.72695378485621,-15541.723024304009,714.0026321625134,77.0565898201719,-17306.411007169445,908.9808939085505,116.7322645627036,-18730.380976700555,961.3290041518201
patient_103,133.0,5.32,188.89589483951787,3529.2235263665416,721.5584679560941,258.1912861675991,4528.367408685681,919.3085453552544,227.26335327583158,2763.2772178281994,970.4195382828533
patient_103,134.0,5.36,280.7897930207329,2297.347454530375,732.7900596769234,118.9036785305802,-3482.1901909254734,924.0646924964776,108.49209623528769,-2969.281426013597,974.7592221322649
patient_103,135.0,5.4,212.7691504175935,-1700.5160650784844,741.3008256936271,80.14641029423842,-968.9317059085444,927.2705489082472,55.31335085904073,-1329.468634406174,976.9717561666264
patient_103,136.0,5.44,106.65544242250255,-2652.842699877274,745.5670433905273,94.59761981882963,361.28023811478016,931.0544537010003,238.0768357111037,4569.087121301574,986.4948295950707
patient_103,137.0,5.48,47.43629387938593,-1480.4787135779154,747.4644951457027,76.98454191608946,-440.32694756850435,934.1338353776439,57.41063055392145,-4516.655128929557,988.7912548172275
patient_103,138.0,5.52,39.94884942160323,-187.18611144456753,749.0624491225667,94.48656813018941,437.5506553524989,937.9132981028514,127.64366662971968,1755.8259018949557,993.8970014824163
patient_103,139.0,5.56,66.24082184482441,657.2993105805295,751.7120819963598,91.50814747338347,-74.46051642014844,941.5736240017868,83.93909354051071,-1092.614327230224,997.2545652240366
patient_103,140.0,5.6,121.46704584337988,1380.6555999638867,756.570763830095,130.78116945106547,981.8255494420498,946.8048707798293,57.18532830532417,-668.8441308796636,999.5419783562496
patient_103,141.0,5.64,107.30824625017694,-353.9699898300736,760.863093680102,104.98560346445257,-644.8891496653225,951.0042949184074,125.257743885999,1701.8103895168706,1004.5522881116896
patient_103,142.0,5.68,139.53698240996601,805.7184039947269,766.4445729765007,197.19257288335626,2305.1742354725925,958.8919978337416,302.2297935779652,4424.301242299155,1016.6414798548082
patient_103,143.0,5.72,55.80245448041786,-2093.363198238704,768.6766711557174,73.25089903847584,-3098.5418461220106,961.8220337952807,242.64434365428636,-1489.6362480919713,1026.3472536009797
patient_103,144.0,5.76,38.2833600944561,-437.97735964904393,770.2080055594956,310.2236766293717,5924.319439772396,974.2309808604556,257.4107049393439,369.15903212643786,1036.6436817985532
patient_103,145.0,5.8,106.81954751537278,1713.404685522917,774.4807874601106,192.90021357226848,-2933.0865764275804,981.9469894033464,344.39517500752385,2174.6117517044995,1050.4194887988542
patient_103,146.0,5.84,185.6999283562947,1972.009521023048,781.9087845943624,136.18676424499427,-1417.8362331818555,987.3944599731461,81.97440563305418,-6560.519234361742,1053.6984650241764
patient_103,147.0,5.88,301.99990771538984,2907.4994839773785,793.9887809029781,464.2021288172194,8200.384114305627,1005.9625451258348,154.21828771134037,1806.0970519571547,1059.86719653263
patient_103,148.0,5.92,341.8365752966377,995.9166895311967,807.6622439148435,338.39137168536354,-3145.268928296396,1019.4981999932494,197.12151688685685,1072.5807293879122,1067.7520572081044
patient_103,149.0,5.96,348.62706116768294,169.76214677613086,821.6073263615509,227.49038431732092,-2772.5246842010656,1028.5978153659423,292.64765782433113,2388.153523436857,1079.4579635210775
patient_103,150.0,6.0,262.5908300290801,-2150.905778465071,832.1109595627141,444.5450831972795,5426.367471998965,1046.3796186938334,362.4316491722715,1744.5997836985086,1093.9552294879684
patient_103,151.0,6.04,223.55460093725802,-975.9057272955523,841.0531436002045,250.0551905754674,-4862.247315545303,1056.3818263168523,205.4869493868108,-3923.6174946365168,1102.1747074634409
patient_103,152.0,6.08,176.09573555862931,-1186.4716344657174,848.0969730225496,49.02281086028463,-5025.809492879569,1058.3427387512636,50.03786223972958,-3886.2271786770307,1104.17622195303
patient_103,153.0,6.12,87.26645466384325,-2220.7320223696515,851.5876312091034,96.9954501900799,1199.3159832448816,1062.2225567588669,37.14002039755205,-322.44604605443817,1105.661822768932
patient_103,154.0,6.16,43.16065992890772,-1102.6448683733881,853.3140576062598,112.44747183985312,386.3005412443307,1066.720455632461,80.38992568152455,1081.2476320993123,1108.8774197961932
patient_103,155.0,6.2,59.54533258048559,409.61681628944683,855.6958709094791,91.56382814487944,-522.0910923743421,1070.3830087582562,44.185627294614,-905.1074596727636,1110.6448448879776
patient_103,156.0,6.24,38.4811434595,-526.6047280246399,857.2351166478591,156.92351399141714,1633.9921461634426,1076.6599493179128,157.38951845202538,2830.097278935285,1116.9404256260586
patient_103,157.0,6.28,17.847997069975282,-515.8286597381178,857.9490365306581,120.74802510601954,-904.38722213494,1081.4898703221536,65.10394172651498,-2307.1394181377605,1119.5445832951193
patient_103,158.0,6.32,56.9571687331462,977.7292915792727,860.2273232799838,99.77369402328492,-524.3582770683655,1085.480818083085,108.70642010053807,1090.0619593505774,1123.8928400991408
patient_103,159.0,6.36,40.869419741365455,-402.1937247945186,861.8621000696384,59.67571720575264,-1002.4494204383069,1087.867846771315,106.3208171991054,-59.64007253581656,1128.1456727871052
patient_103,160.0,6.4,56.53010333862568,391.5170899315056,864.1233042031834,295.7430846869186,5901.684187029149,1099.6975701587917,76.37979312590751,-748.5256018299474,1131.2008645121414
patient_103,161.0,6.44,56.89343376735647,9.08326071826977,866.3990415538776,123.93536936062965,-4295.192883157225,1104.6549849332168,41.79660552396622,-864.5796900485323,1132.8727287331
patient_103,162.0,6.48,36.83143746836256,-501.54990747484777,867.8722990526121,125.42546801103663,37.252466260174444,1109.6720036536583,31.42076274549788,-259.3960694617086,1134.1295592429199
patient_103,163.0,6.52,45.07344834711791,206.0502719688838,869.6752369864968,101.98049728925439,-586.1242680445561,1113.7512235452286,22.131999414734615,-232.21908326908158,1135.0148392195092
patient_103,164.0,6.56,50.982060073028336,147.71529314776063,871.7145193894179,87.0056495579229,-374.3711932832873,1117.2314495275455,74.0686479005889,1298.416212146357,1137.9775851355328
patient_103,165.0,6.6,15.954260139367117,-875.6949983415305,872.3526897949924,105.7635197452931,468.94675468425504,1121.4619903173573,167.10254179250123,2325.847347297808,1144.6616868072329
patient_103,166.0,6.64,25.35116166379254,234.92253811063554,873.3667362615441,226.98355028709338,3030.500763545007,1130.541332328841,864.173671778609,17426.778249652692,1179.2286336783773
patient_103,167.0,6.68,217.00683856678654,4791.3919225748505,882.0470098042156,153.38596851006272,-1839.9395444257664,1136.6767710692434,186.68729274687036,-16937.159475793465,1186.696125388252
patient_103,168.0,6.72,271.42752220675504,1360.5170909992125,892.9041106924858,290.90526968108554,3437.9825292755704,1148.3129818564869,112.91588269826082,-1844.2852512152385,1191.2127606961826
patient_103,169.0,6.76,393.41704362855967,3049.7380355451155,908.6407924376283,300.4342734404535,238.22509398419953,1160.330352794105,278.65314043079655,4143.431443313393,1202.3588863134144
patient_103,170.0,6.8,411.7550671341394,458.4505876394928,925.1109951229938,345.93509376165633,1137.5205080300702,1174.1677565445711,519.7219069145071,6026.719162092765,1223.1477625899947
patient_103,171.0,6.84,298.86462056247274,-2822.2611642916663,937.0655799454927,276.42086891189325,-1737.8556212440772,1185.224591301047,459.9991396540431,-1493.0691815116006,1241.5477281761564
patient_103,172.0,6.88,250.484020046925,-1209.5150128886935,947.0849407473697,172.35943739776005,-2601.53578785333,1192.1189687969572,307.6557311094845,-3808.585213613965,1253.8539574205358
patient_103,173.0,6.92,120.06080499589014,-3260.580376275871,951.8873729472053,435.18611933264384,6570.667048372095,1209.526413570263,614.2979991451994,7666.056700892871,1278.4258773863437
patient_103,174.0,6.96,52.72691357997088,-1683.3472853979813,953.9964494904042,190.6088923846905,-6114.430673698834,1217.1507692656508,259.09649711436566,-8880.037550770843,1288.7897372709185
patient_103,175.0,7.0,85.39824240820158,816.7832207057675,957.4123791867323,34.582547590560075,-3900.658619853261,1218.5340711692731,205.02811989144084,-1351.7094305731207,1296.990862066576
patient_103,176.0,7.04,101.92338309481205,413.12851716526177,961.4893145105248,70.50208053663381,897.9883236518434,1221.3541543907384,172.68696073012003,-808.52897903302,1303.8983404957808
patient_103,177.0,7.08,95.31152446929265,-165.29646563798508,965.3017754892965,135.03527533939524,1613.3298700690357,1226.7555654043142,89.69327864546932,-2074.842052116268,1307.4860716415997
patient_103,178.0,7.12,79.44647140451467,-396.6263266194495,968.4796343454769,114.53226329870245,-512.5753010173198,1231.3368559362623,232.68283459102258,3574.7388986388314,1316.7933850252407
patient_103,179.0,7.16,45.57375974038637,-846.8177916032074,970.3025847350924,92.85080571301019,-542.0364396423064,1235.0508881647827,107.89034942968776,-3119.8121290333706,1321.1089990024284
patient_103,180.0,7.2,46.04107439472301,11.682866358416,972.1442277108813,152.4220048372967,1489.2799781071626,1241.1477683582746,240.5481147405355,3316.4441327711943,1330.7309235920497
patient_103,181.0,7.24,57.3414480300876,282.50934088411464,974.4378856320848,183.5140048647055,777.3000006852201,1248.4883285528626,450.68907031130846,5253.523889269323,1348.7584864045023
patient_103,182.0,7.28,125.20735419377816,1696.6476540922642,979.4461797998359,298.658105668152,2878.602520086163,1260.4346527795888,350.379767793209,-2507.7325629524867,1362.7736771162306
patient_103,183.0,7.32,274.8060850319286,3739.9682709537615,990.438423201113,347.2693352222498,1215.2807388524452,1274.3254261884788,390.7325417374158,1008.8193486051694,1378.402978785727
patient_103,184.0,7.36,296.43675387643316,540.7667211126138,1002.2958933561704,442.4283878407267,2378.9763154619222,1292.0225617021079,377.83773566901493,-322.370151710021,1393.516488212488
patient_103,185.0,7.4,289.3691880294538,-176.68914617448337,1013.8706608773485,278.3931071183547,-4100.8820180593,1303.158285986842,29.103347959175732,-8718.35969274598,1394.680622130855
patient_103,186.0,7.44,287.3942435570779,-49.373611809397744,1025.3664306196317,208.9926711118955,-1735.0109001614796,1311.5179928313178,56.96865346434882,696.6326376293272,1396.959368269429
patient_103,187.0,7.48,265.0751516624245,-557.9772973663353,1035.9694366861288,252.73502901718336,1093.5589476321966,1321.6273939920052,93.24313232362633,906.8619714819376,1400.689093562374
patient_103,188.0,7.52,217.93558335188303,-1178.489207763537,1044.686860020204,142.6003995118936,-2753.365737632244,1327.331409972481,163.74460082570963,1762.5367125520825,1407.2388775954023
patient_103,189.0,7.56,206.1241087160262,-295.28686589642064,1052.9318243688451,195.7460480356162,1328.641213093065,1335.1612518939055,147.3921178296218,-408.8120749021954,1413.1345623085872
patient_103,190.0,7.6,119.64642717687482,-2161.9420384787845,1057.71768145592,83.6846631465498,-2801.5346222266603,1338.5086384197677,43.42981188276524,-2599.057648671414,1414.8717547838978
patient_103,191.0,7.64,137.49801473104557,446.2896888542687,1063.2176020451618,233.6250478073488,3748.5096165199748,1347.8536403320616,133.48190965225663,2251.3024442372844,1420.211031169988
patient_103,192.0,7.68,167.99741393117517,762.48498000324,1069.9374986024088,165.71441043065207,-1697.7659344174185,1354.4822167492875,135.8762013140592,59.85729154506387,1425.6460792225503
patient_103,193.0,7.72,115.60833949970151,-1309.7268607868414,1074.561832182397,272.80857623591896,2677.3541451316723,1365.3945597987245,189.51157685401913,1340.8843884989985,1433.2265422967112
patient_103,194.0,7.76,107.81432332270057,-194.85040442502353,1078.874405115305,106.70606371640952,-4152.562812987736,1369.6628023473809,55.929999326423484,-3339.539438189891,1435.4637422697679
patient_103,195.0,7.8,81.7846886290961,-650.740867340112,1082.145792660469,28.94052769395475,-1944.1384005613693,1370.820423455139,28.75304179655031,-679.4239382468294,1436.6138639416301
patient_103,196.0,7.84,39.84610430147539,-1048.4646081905175,1083.7396368325278,124.00444747415877,2376.5979945051004,1375.7806013541056,4.2990121824971865,-611.3507403513281,1436.78582442893
patient_103,197.0,7.88,53.75089750504277,347.61983008918446,1085.8896727327297,127.95279919962911,98.70879313675864,1380.8987133220905,62.13858699801933,1445.9893703880534,1439.271367908851
patient_103,198.0,7.92,22.572590668124434,-779.4576709229584,1086.7925763594546,130.16691701195853,55.35294530823549,1386.1053900025688,21.32956503852808,-1020.2255489872812,1440.124550510392
patient_103,199.0,7.96,17.599384065574988,-124.33016506373616,1087.4965517220778,129.5334735502099,-15.836086543716021,1391.2867289445774,25.877847748213117,113.70706774212591,1441.1596644203205
patient_103,200.0,8.0,42.20912057372475,615.2434127037442,1089.1849165450267,160.01743654996608,762.0990749939047,1397.687426406576,78.81348614252558,1323.3909598578116,1444.3122038660215
patient_103,201.0,8.04,43.772677453181814,39.088921986426506,1090.9358236431538,98.53911445888721,-1536.9580522769716,1401.6289909849313,174.78595101373352,2399.3116217801985,1451.303641906571
patient_103,202.0,8.08,33.25276634579323,-262.9977776847145,1092.2659342969857,68.20441516858752,-758.3674822574924,1404.3571675916746,510.96618512161825,8404.505852697119,1471.7422893114356
patient_103,203.0,8.12,170.5454426770704,3432.316908281929,1099.0877520040685,122.21165581320618,1350.1810161154665,1409.2456338242027,416.0746126924623,-2372.2893107288983,1488.3852738191342
patient_103,204.0,8.16,368.9792736154824,4960.845773460299,1113.8469229486877,308.1090058517987,4647.433750964814,1421.569994058275,252.33416359673973,-4093.511227393065,1498.4786403630037
patient_103,205.0,8.2,493.79815731677763,3120.4720925323813,1133.598849241359,375.48860304850814,1684.4899299177357,1436.5895381802152,502.6402226063883,6257.651475241214,1518.584249267259
patient_103,206.0,8.24,533.9965204673082,1004.9590787632638,1154.9587100600513,498.7190635689689,3080.7615130115196,1456.5383007229739,777.8138571940946,6879.340864692656,1549.6968035550228
patient_103,207.0,8.28,526.6534209505373,-183.57748791927122,1176.0248468980726,678.799034040682,4501.999261792828,1483.6902620846013,1212.4581876437123,10866.108261240444,1598.1951310607715
patient_103,208.0,8.32,409.5052665104973,-2928.7038610010013,1192.4050575584924,539.8375822010707,-3474.0362959902823,1505.2837653726442,515.4169503558862,-17426.030932195652,1618.811809075007
patient_103,209.0,8.36,368.5567034880777,-1023.7140755604898,1207.1473256980157,505.4841448414888,-858.835933989549,1525.5031311663035,473.16535100835387,-1056.2899836883091,1637.7384231153412
patient_103,210.0,8.4,150.43555441594154,-5453.0287268034035,1213.1647478746534,301.4524788571691,-5100.7916496079915,1537.5612303205905,307.6124587992829,-4138.822305226775,1650.0429214673125
patient_103,211.0,8.44,118.84183271819829,-789.8430424435812,1217.918421183381,38.46940365796439,-6574.576879980118,1539.1000064669092,156.79075974219936,-3770.542476427088,1656.3145518570007
patient_103,212.0,8.48,116.11132626065553,-68.26266143856898,1222.5628742338074,38.86479678342113,9.884828136418378,1540.654598338246,85.31338129613806,-1786.9344611515323,1659.7270871088463
patient_103,213.0,8.52,56.967956755139795,-1478.5842376378935,1224.8415925040129,72.59177728544236,843.1745125505308,1543.5582694296638,151.4381681149765,1653.1196704709607,1665.7846138334453
patient_103,214.0,8.56,46.84049692532856,-253.18649574528092,1226.715212381026,64.66561118364227,-198.15415254500232,1546.1448938770095,32.96129081637543,-2961.9219324650267,1667.1030654661001
patient_103,215.0,8.6,40.72217662526304,-152.958007501638,1228.3440994460366,26.10268376841566,-964.0731853806652,1547.1890012277463,24.98638259022473,-199.37270565376758,1668.1025207697091
patient_103,216.0,8.64,122.52920958436549,2045.1758239775613,1233.2452678294112,128.42442154412245,2558.0434443926697,1552.325978089511,213.88313775234994,4722.41887905313,1676.6578462798032
patient_103,217.0,8.68,101.05117762197678,-536.9507990597178,1237.2873149342902,231.919838158522,2587.3854153599887,1561.602771615852,294.4798056021994,2014.9166962462366,1688.437038503891
patient_103,218.0,8.72,236.2936938127284,3381.062904768791,1246.7390626867993,480.4119984730886,6212.304007864165,1580.8192515547753,608.3058072311826,7845.650040724579,1712.7692707931385
patient_103,219.0,8.76,319.370035050592,2076.9085309465895,1259.513864088823,645.2347599189493,4120.569036146518,1606.6286419515336,907.1168278179266,7470.2755146686,1749.0539439058555
patient_103,220.0,8.8,336.01823255686213,416.20493765675377,1272.9545933910974,441.316490783043,-5097.956728397658,1624.2813015828551,373.3577529913701,-13343.976870663915,1763.98825402551
patient_103,221.0,8.84,413.61449495246836,1939.9065598901557,1289.4991731891962,417.3397210615874,-599.4192430363896,1640.9748904253188,165.70161914512727,-5191.40334615607,1770.616318791315
patient_103,222.0,8.88,460.50383413119425,1172.2334794681474,1307.919326554444,560.9434925445386,3590.0942870737795,1663.4126301271003,17.122209718026284,-3714.4852356775245,1771.3012071800363
patient_103,223.0,8.92,384.9798597273082,-1888.0993600971508,1323.3185209435364,461.76369869670725,-2479.494846195783,1681.8831780749686,389.0501059797046,9298.197406541958,1786.8632114192244
patient_103,224.0,8.96,296.23426762229127,-2218.6398026254237,1335.167891648428,309.97841124916334,-3794.6321861885976,1694.282314524935,295.7067058940456,-2333.5850021414744,1798.691479654986
patient_103,225.0,9.0,229.2788993327465,-1673.8842072386192,1344.339047621738,260.65294032317297,-1233.1367731497594,1704.708432137862,218.92630418478757,-1919.5100427314514,1807.4485318223776
patient_103,226.0,9.04,204.1409736348722,-628.4481424468573,1352.504686567133,256.42795055511976,-105.62474420133015,1714.9655501600666,154.3618844153095,-1614.1104942369516,1813.62300719899
patient_103,227.0,9.08,123.75394656170232,-2009.6756768292473,1357.4548444296008,115.63538874461341,-3519.814045262659,1719.5909657098514,170.1435961034632,394.5427922038426,1820.4287510431286
patient_103,228.0,9.12,142.34918963079693,464.8810767273652,1363.1488120148329,75.80982772388452,-995.6390255182221,1722.6233588188065,149.36272868350912,-519.5216854988523,1826.4032601904692
patient_103,229.0,9.16,67.61057962840687,-1868.4652500597515,1365.8532351999693,18.12719855429287,-1442.0657292397912,1723.3484467609783,88.3574311261226,-1525.1324389346628,1829.9375574355142
patient_103,230.0,9.2,58.62813046656537,-224.56122904603734,1368.1983604186319,45.85328137604576,693.1520705438221,1725.1825780160202,61.69045578773505,-666.674383459689,1832.4051756670235
patient_103,231.0,9.24,58.8491655237159,5.525876428763077,1370.5523270395806,12.52702773164527,-833.1563411100122,1725.6836591252859,14.844152286014769,-1171.157587543007,1832.9989417584643
patient_103,232.0,9.28,38.50221290418339,-508.6738154883127,1372.092415555748,41.38132817855044,721.3575111726293,1727.338912252428,45.98647735072716,778.5581266178096,1834.8384008524934
patient_103,233.0,9.32,14.685111837182694,-595.4275266750174,1372.6798200292353,51.728466412544826,258.67845584985963,1729.4080509089297,6.993727075344044,-974.8187568845779,1835.118149935507
patient_103,234.0,9.36,1.7516771380694918,-323.33586747783005,1372.749887114758,69.63844031841053,447.7493476466426,1732.1935885216662,87.38568178326987,2009.7988676981458,1838.613577206838
patient_103,235.0,9.4,14.726024853408102,324.3586928834652,1373.3389281088944,49.32463080269103,-507.8452378929875,1734.166573753774,130.56952115802844,1079.595984368964,1843.8363580531593
patient_103,236.0,9.44,14.488172928677503,-5.94629811826497,1373.9184550260416,56.528387446201094,180.09391608775155,1736.4277092516222,53.14425258668584,-1935.631714283565,1845.9621281566267
patient_103,237.0,9.48,30.78952085898509,407.53369825768965,1375.1500358604007,68.48360864313493,298.8805299233459,1739.1670535973474,232.94801473951665,4495.094053820771,1855.2800487462073
patient_103,238.0,9.52,72.46061758439524,1041.7774181352538,1378.0484605637766,28.819600239653994,-991.6002100870234,1740.3198376069333,126.90511681869955,-2651.0724480204276,1860.3562534189552
patient_103,239.0,9.56,358.10614294100617,7141.138133915274,1392.3727062814169,556.9425613378864,13203.074027455812,1762.5975400604489,786.039725372379,16478.36521384199,1891.7978424338505
patient_103,240.0,9.6,630.2524639947999,6803.658026344843,1417.5828048412088,608.2522199137946,1282.741464397705,1786.9276288570006,547.6724482679417,-5959.181927610934,1913.7047403645681
patient_103,241.0,9.64,679.1567746935018,1222.607767467548,1444.749075828949,486.5695070141333,-3042.0678224915337,1806.390409137566,867.3203795608756,7991.1982823233475,1948.3975555470033
patient_103,242.0,9.68,692.4137957987216,331.4255276304948,1472.4456276608978,801.4921623776555,7873.066384088055,1838.450095632672,1519.3149324700148,16299.86382272848,2009.1701528458038
patient_103,243.0,9.72,664.3931511421022,-700.5161164154856,1499.021353706582,770.5844986419388,-772.6915933929178,1869.2734755783497,1054.0934937308657,-11630.535968478727,2051.3338925950384
patient_103,244.0,9.76,485.534375130791,-4471.46940028278,1518.4427287118133,597.0294032425547,-4338.877384984602,1893.1546517080517,574.2880220680796,-11995.136791569652,2074.3054134777617
patient_103,245.0,9.8,300.8529534858562,-4617.03554112337,1530.4768468512475,604.5328623286141,187.58647715148413,1917.3359662011962,546.915927505345,-684.302364068364,2096.1820505779756
patient_103,246.0,9.84,174.1504615798442,-3167.562297650299,1537.4428653144414,215.83184710396958,-9717.525380616113,1925.9692400853548,305.1670315233778,-6043.722399549182,2108.3887318389106
patient_103,247.0,9.88,117.19534016451466,-1423.8780353832385,1542.130678921022,181.19888943095296,-865.8239418254154,1933.217195662593,172.86869316414047,-3307.458458980933,2115.303479565476
patient_103,248.0,9.92,132.23482480743672,375.98711607305154,1547.4200719133194,137.4306385278128,-1094.2062725785042,1938.7144212037053,28.733402106614907,-3603.382276438139,2116.452815649741
patient_103,249.0,9.96,63.82069907331775,-1710.3531433529745,1549.972899876252,62.68153196261425,-1868.7276641299632,1941.2216824822099,22.876574999641353,-146.42067767433886,2117.367878649726
patient_103,250.0,10.0,65.14583928283955,33.12850523804496,1552.5787334475658,59.85419556377513,-70.68340997097806,1943.615850304761,70.596367296784,1192.9948074285662,2120.1917333415977
patient_103,251.0,10.04,183.51392265389924,2959.2020842764923,1559.9192903537216,351.6921198221108,7295.9481064583915,1957.6835350976453,241.19650489025028,4265.003439836657,2129.8395935372077
patient_103,252.0,10.08,101.8275830175165,-2042.1584909095686,1563.9923936744224,141.98570623252814,-5242.660339739566,1963.3629633469463,242.0718554205798,21.88376325823782,2139.522467754031
patient_103,253.0,10.12,102.05567469870076,5.702292029606326,1568.0746206623703,250.0378673895516,2701.3040289255864,1973.3644780425284,570.2369659857188,8204.127764128476,2162.33194639346
patient_103,254.0,10.16,144.31843675398295,1056.5690513820548,1573.8473581325295,269.913703914572,496.89591312551045,1984.1610261991113,213.201876414949,-8925.877239269246,2170.8600214500575
patient_103,255.0,10.2,142.32944615557417,-49.7247649602194,1579.5405359787524,285.5772317236125,391.5881952260122,1995.5841154680559,514.0962679709742,7522.35978890063,2191.4238721688967
patient_103,256.0,10.24,191.91076855689144,1239.5330600329316,1587.2169667210278,264.39849903515653,-529.4683172113992,2006.1600554294623,221.73815357631335,-7308.95285986652,2200.293398311949
patient_103,257.0,10.28,212.3121798519053,510.0352823753468,1595.7094539151042,277.0945266534191,317.4006904565644,2017.243836495599,215.41496301416123,-158.07976405380302,2208.909996832516
patient_103,258.0,10.32,184.21195367388705,-702.5056544504565,1603.0779320620597,181.58772877432642,-2387.669946977317,2024.507345646572,150.10802699701043,-1632.67340042877,2214.914317912396
patient_103,259.0,10.36,11.986829826809519,-4305.628096176938,1603.5574052551322,81.10919272730315,-2511.9634011755816,2027.7517133556642,21.52719348598824,-3214.5208377755544,2215.7754056518356
patient_103,260.0,10.4,139.18384050156394,3179.92526686886,1609.1247588751949,71.74927666905205,-233.99790145627753,2030.6216844224261,71.17056289573047,1241.084235243556,2218.6222281676646
patient_103,261.0,10.44,140.52808209892137,33.60603993393596,1614.7458821591517,146.8332363910195,1877.0989930491864,2036.4950138780669,93.24818889235891,551.940649915711,2222.352155723359
patient_103,262.0,10.48,105.45744360945346,-876.7659622366978,1618.9641799035298,104.35537724809599,-1061.946478573088,2040.6692289679909,122.95020296331884,742.5503517739983,2227.270163841892
patient_103,263.0,10.52,146.95507993683586,1037.44090818456,1624.8423831010034,138.6930826368574,858.4426347190355,2046.216952273465,178.81588014232298,1396.6419294751036,2234.4227990475847
patient_103,264.0,10.56,45.40027710900935,-2538.8700706956624,1626.6583941853637,149.09617912271136,260.07741214634876,2052.1807994383735,258.2489608080804,1985.827016643936,2244.752757479908
patient_103,265.0,10.6,41.27066578562987,-103.24028308448696,1628.309220816789,38.448614832281216,-2766.1891072607536,2053.7187440316648,263.95710577401104,142.70362414826536,2255.3110417108683
patient_103,266.0,10.64,81.3739784532058,1002.582816689398,1631.5641799549173,111.92291040316695,1836.8573892721436,2058.1956604477914,299.1398274421696,879.5680417039634,2267.276634808555
patient_103,267.0,10.68,156.72112231637593,1883.6785965792533,1637.8330248475725,95.43086358236918,-412.3011705199442,2062.0128949910863,193.61385108435587,-2638.1494089453427,2275.0211888519293
patient_103,268.0,10.72,293.2935232478895,3414.3100232878387,1649.564765777488,169.40071135407206,1849.2461942925718,2068.788923445249,176.52461636341712,-427.2308680234687,2282.082173506466
patient_103,269.0,10.76,256.9078648397777,-909.6414602027949,1659.8410803710792,269.88531347724495,2512.1150530793225,2079.584335984339,265.8645517382846,2233.498384371687,2292.716755575997
patient_103,270.0,10.8,39.28204099144815,-5440.645596208238,1661.412362010737,13.493428014903477,-6409.797136558536,2080.1240731049347,47.086408868000795,-5469.453571757095,2294.6002119307173
patient_103,271.0,10.84,348.5922691644868,7732.755704325968,1675.3560527773166,182.944125981681,4236.267449169438,2087.4418381442024,440.38052771258384,9832.352971114577,2312.215433039221
patient_103,272.0,10.88,330.3901692992238,-455.05249663157485,1688.5716595492856,306.7375258172593,3094.8349958894582,2099.7113391768926,711.3298852414591,6773.733938221882,2340.668628448879
patient_103,273.0,10.92,315.16904191126747,-380.52818469890894,1701.1784212257364,333.408183613492,666.7664449058166,2113.0476665214323,816.131636386569,2620.043778627746,2373.313893904342
patient_103,274.0,10.96,133.79925111672492,-4534.244769863564,1706.5303912704053,481.17237916637833,3694.1048888221585,2132.2945616880875,275.89303882863703,-13505.964938948298,2384.3496154574877
patient_103,275.0,11.0,126.19902224715298,-190.0057217392984,1711.5783521602914,279.2206945722389,-5048.792114853485,2143.463389470977,343.25855153684245,1684.1378177051354,2398.0799575189612
patient_103,276.0,11.04,77.28341044384518,-1222.890295082695,1714.6696885780452,110.71249548334492,-4212.70497722235,2147.8918892903107,78.07602430621395,-6629.563180765712,2401.2029984912097
patient_103,277.0,11.08,55.53902312546236,-543.6096829595707,1716.8912495030638,50.33572084937423,-1509.4193658492673,2149.9053181242857,8.047199450264538,-1750.7206213987351,2401.5248864692203
patient_103,278.0,11.12,68.9002572662791,334.03085352041853,1719.647259793715,127.94221595570541,1940.1623776582796,2155.023006762514,54.24196821910415,1154.8692192209903,2403.6945651979845
patient_103,279.0,11.16,54.2228945039108,-366.93406905920745,1721.8161755738713,42.81992818460312,-2128.0571942775573,2156.735803889898,130.71080602133748,1911.720945055833,2408.9229974388377
patient_103,280.0,11.2,21.60640084441687,-815.4123414873482,1722.680431607648,22.899511750691847,-498.0104108477819,2157.651784359926,1.207260282342132,-3237.5886434748836,2408.9712878501314
patient_103,281.0,11.24,73.09839569218417,1287.2998711941825,1725.6043674353352,89.71068387815706,1670.2793031866304,2161.240211715052,37.888159733147035,917.0224862701225,2410.486814239457
patient_103,282.0,11.28,77.56426537451163,111.64674205818663,1728.7069380503156,90.88939917106372,29.467882322666483,2164.8757876818945,119.01323287576037,2028.1268285653332,2415.2473435544875
patient_103,283.0,11.32,56.31615106030005,-531.2028578552896,1730.9595840927277,84.37903255100905,-162.7591655013667,2168.250948983935,63.25029415062821,-1394.073468128304,2417.777355320513
patient_103,284.0,11.36,46.57153047899031,-243.61551453274348,1732.8224453118873,41.226344330269725,-1078.817205518483,2169.900002757146,133.75586492313695,1762.6392693127186,2423.1275899174384
patient_103,285.0,11.4,45.377221964376226,-29.85771286535215,1734.6375341904627,58.22077563984583,424.8607827394027,2172.22883378274,22.57801088292307,-2779.446351005347,2424.0307103527552
patient_103,286.0,11.44,69.40710057621473,600.7469652959626,1737.4138182135111,62.31566854212174,102.37232255689773,2174.7214605244244,94.22388818599539,1791.146932576808,2427.799665880195
patient_103,287.0,11.48,267.0447701039196,4940.941738192621,1748.0956090176683,328.4269527713215,6652.782105729994,2187.8585386352775,402.8271772765058,7715.082227262759,2443.9127529712555
patient_103,288.0,11.52,186.311144659901,-2018.3406361004643,1755.5480548040641,302.03930869983196,-659.6911017872387,2199.9401109832706,777.3483684330627,9363.029778913922,2475.006687708578
patient_103,289.0,11.56,149.2917066195126,-925.4859510097099,1761.5197230688448,385.77808423792925,2093.469388452432,2215.3712343527877,461.8023406475623,-7888.650694637509,2493.4787813344806
patient_103,290.0,11.6,156.38049462044563,177.21970002332554,1767.7749428536627,386.6308216401501,21.31843505552098,2230.836467218394,629.0599373608366,4181.439917831856,2518.641178828914
patient_103,291.0,11.64,101.89346009985836,-1362.175863014682,1771.850681257657,42.97709357635482,-8591.343201594882,2232.555550961448,217.65538743939933,-10285.113748035932,2527.34739432649
patient_103,292.0,11.68,174.55389961535604,1816.510987887442,1778.8328372422714,264.5732078153996,5539.902855976119,2243.1384792740637,229.43336798977032,294.4495137592746,2536.5247290460807
patient_103,293.0,11.72,307.45644586997355,3322.5636563654375,1791.1310950770703,461.876394118455,4932.579657576384,2261.6135350388017,292.269592154108,1570.9056041084423,2548.215512732245
patient_103,294.0,11.76,315.1484048059465,192.29897339932336,1803.737031269308,272.2505690927089,-4740.645625643653,2272.50355780251,342.017335250396,1243.6935774071999,2561.896206142261
patient_103,295.0,11.8,256.21014056171146,-1473.4566061058758,1813.9854368917765,220.39151967456357,-1296.4762354536326,2281.3192185894927,241.09302213954854,-2523.1078277711867,2571.5399270278426
patient_103,296.0,11.84,235.2738676657153,-523.4068223999038,1823.3963915984052,151.97943430543543,-1710.3021342282034,2287.3983959617103,202.47669675675434,-965.4081345698551,2579.638994898113
patient_103,297.0,11.88,186.56944490449945,-1217.6105690303964,1830.8591693945853,170.42612733280666,461.1673256842806,2294.2154410550224,191.56733083722932,-272.7341479881254,2587.301688131602
patient_103,298.0,11.92,159.754689122781,-670.3688945429611,1837.2493569594965,191.9532325481774,538.1776303842685,2301.8935703569496,95.59405240170211,-2399.33196088818,2591.12545022767
patient_103,299.0,11.96,161.8709051395398,52.905400418969606,1843.724193165078,196.01679458199268,101.58905084538219,2309.7342421402295,286.2795887199818,4767.138407956992,2602.5766337764694
patient_103,300.0,12.0,37.97128867292313,-3097.4904116654166,1845.2430447119953,278.35147224391386,2058.3669415480294,2320.868301029986,110.05357342158452,-4405.650382459932,2606.9787767133325
patient_103,301.0,12.04,73.53439516336246,889.0776622609833,1848.1844205185296,176.44608914166204,-2547.6345775562954,2327.926144595652,90.98839558522846,-476.6294459089014,2610.6183125367415
patient_103,302.0,12.08,22.864651673440378,-1266.743587248052,1849.0990065854671,62.67704434722336,-2844.226119860967,2330.4332263695414,17.161951571593885,-1845.6611003408643,2611.3047905996054
patient_103,303.0,12.12,36.93771419175639,351.82656295790036,1850.5765151531375,67.13339255904637,111.40870529557532,2333.118562071903,3.0885128841582103,-351.8359671858919,2611.4283311149716
patient_103,304.0,12.16,68.87211384177256,798.3599912504042,1853.3313997068085,150.99721084140486,2096.5954570589624,2339.1584505055594,78.35913984945468,1881.7656741324117,2614.5626967089497
patient_103,305.0,12.2,115.6526027760099,1169.5122233559334,1857.9575038178489,155.70393535588084,117.66811286189949,2345.3866079197946,515.0545065823238,10917.384168321729,2635.1648769722424
patient_103,306.0,12.24,274.2726017147273,3965.4999734679345,1868.928407886438,153.83297487837157,-46.774011937731785,2351.5399269149293,263.99428770189394,-6276.505472010747,2645.724648480318
patient_103,307.0,12.28,391.0400454946645,2919.1860944984314,1884.5700097062247,364.69373228063006,5271.518935056462,2366.127676206155,344.63950654457034,2016.13047106691,2659.510228742101
patient_103,308.0,12.32,522.4492705329098,3285.2306259561333,1905.4679805275412,426.30976847579893,1540.4009048792218,2383.180066945187,619.6783951157345,6875.972214279103,2684.2973645467305
patient_103,309.0,12.36,579.954604624016,1437.633352277655,1928.6661647125015,491.9791455153905,1641.7344259897889,2402.8592327658025,604.7200052618738,-373.95974634651736,2708.486164757205
patient_103,310.0,12.4,543.6775032880892,-906.9275333981722,1950.4132648440252,470.5540002733035,-535.6286310521753,2421.6813927767344,791.4268299954495,4667.670618339392,2740.1432379570238
patient_103,311.0,12.44,759.8684506019041,5404.7736828453735,1980.8080028681015,1220.9759102110409,18760.547748443434,2470.520429185176,1287.330605647328,12397.594391296963,2791.6364621829166
patient_103,312.0,12.48,87.27586658047251,-16814.81460053579,1984.2990375313204,59.31655659888778,-29041.48384030383,2472.8930914491316,150.58287361844393,-28418.6933007221,2797.6597771276547
patient_103,313.0,12.52,274.48085308700524,4680.124662663318,1995.2782716548006,498.745899489103,10985.733572255382,2492.842927428696,427.4795852795943,6922.417791528758,2814.7589605388384
patient_103,314.0,12.56,128.77003010835992,-3642.770574466133,2000.429072859135,225.98559834405205,-6819.007528626274,2501.882351362458,305.24756066221016,-3055.800615434603,2826.968862965327
patient_103,315.0,12.6,135.702460794903,173.31076716357714,2005.8571712909313,253.95820349378613,699.315128743352,2512.040679502209,264.3948641738699,-1021.3174122085064,2837.5446575322817
patient_103,316.0,12.64,134.46312210446118,-30.98346726104566,2011.2356961751098,95.49754650613745,-3961.5164246912173,2515.8605813624545,271.23018438910094,170.8830053807759,2848.393864907846
patient_103,317.0,12.68,137.02366155372903,64.01348623169625,2016.716642637259,129.16846823932121,841.773043329594,2521.027320092028,238.54931637664657,-817.0217003113592,2857.9358375629117
patient_103,318.0,12.72,116.50048783612785,-513.0793429400295,2021.376662150704,126.20283276430644,-74.14088687536946,2526.0754334026,76.26906536709225,-4057.006275238858,2860.9866001775954
patient_103,319.0,12.76,101.24617636362021,-381.35778681269096,2025.426509205249,12.273610143665852,-2848.230565516015,2526.5663778083467,114.01845513138653,943.734744107357,2865.5473383828507
patient_103,320.0,12.8,67.4809772063926,-844.1299789306903,2028.1257482935046,46.60389367836269,858.2570883674208,2528.4305335554814,47.349206585324104,-1666.7312136515604,2867.441306646264
patient_103,321.0,12.84,58.0360737535966,-236.12258631989994,2030.4471912436484,50.574881011288,99.27468332313279,2530.4535287959325,60.09767266502848,318.71165199260946,2869.8452135528646
patient_103,322.0,12.88,43.255288057379715,-369.519642405422,2032.1774027659435,67.1537852148115,414.4726050880877,2533.139680204525,155.38422996130154,2382.1639324068265,2876.060582751317
patient_103,323.0,12.92,63.55158866350121,507.40751515303725,2034.7194663124837,227.86017289076102,4017.659691898738,2542.2540871201554,160.51653304926688,128.3075771991335,2882.481244073287
patient_103,324.0,12.96,74.2580438546615,267.6613797790072,2037.6897880666702,56.14141122186452,-4292.969041722412,2544.4997435690298,131.1633121564152,-733.830522321292,2887.7277765595436
patient_103,325.0,13.0,35.51719677472998,-968.5211769982878,2039.1104759376594,46.27886997000844,-246.56353129640218,2546.3508983678303,170.4859941307409,983.0670493581422,2894.547216324773
patient_103,326.0,13.04,95.81993707570709,1507.5685075244276,2042.9432734206878,122.08956601918017,1895.2674012292932,2551.234481008598,83.69165834584008,-2169.8583946225203,2897.8948826586065
patient_103,327.0,13.08,95.79397830229802,-0.6489693352268233,2046.7750325527795,72.55377052898933,-1238.394887254771,2554.1366318297573,30.392475143181997,-1332.4795800664522,2899.1105816643335
patient_103,328.0,13.12,51.61549802156884,-1104.4620070182293,2048.8396524736427,105.62017415096898,826.6600905494911,2558.361438795796,42.13704170820163,293.6141641254908,2900.796063332662
patient_103,329.0,13.16,27.46661386833796,-603.7221038307721,2049.938317028376,97.08150275750111,-213.46678483669663,2562.2446989060963,8.596631532696305,-838.510254387633,2901.1399285939697
patient_103,330.0,13.2,12.358507182146354,-377.7026671547901,2050.432657315662,36.50795219868004,-1514.338763970527,2563.705016994043,26.30592096135654,442.73223571650584,2902.1921654324237
patient_103,331.0,13.24,36.48037576507642,603.0467145732516,2051.891872346265,102.13272582398119,1640.6193406325287,2567.7903260270027,37.54088566524393,280.87411759718464,2903.693800859034
patient_103,332.0,13.28,52.989859819829235,412.73710136882045,2054.0114667390576,25.465289953825096,-1916.6858967539024,2568.8089376251555,61.39799885642926,596.4278297796334,2906.149720813291
patient_103,333.0,13.32,61.46883365602939,211.97434590500387,2056.470220085299,95.28610703452793,1745.520427017571,2572.6203819065367,49.79537460305118,-290.065606334452,2908.141535797413
patient_103,334.0,13.36,75.83897102423427,359.253434205122,2059.5037789262683,81.17868305287709,-352.685599541271,2575.8675292286516,15.270626544735302,-863.118701457897,2908.7523608592023
patient_103,335.0,13.4,130.61923296598292,1369.5065485437162,2064.7285482449074,89.44823834342075,206.73888226359162,2579.4454587623886,241.80296713015878,5663.308514635587,2918.4244795444088
patient_103,336.0,13.44,135.1857353292874,114.16255908261235,2070.135977658079,141.49417437944655,1301.148400900645,2585.105225737567,101.17813592025523,-3515.620780247589,2922.471604981219
patient_103,337.0,13.48,114.94461795915258,-506.02793425337074,2074.733762376445,135.99306591145557,-137.52771169977436,2590.544948374025,179.33665038656085,1953.9628616576404,2929.6450709966816
patient_103,338.0,13.52,50.725136494265946,-1605.4870366221658,2076.762767836216,66.59917223179754,-1734.8473419914508,2593.2089152632966,181.06316100634888,43.16276549470075,2936.8875974369353
patient_103,339.0,13.56,62.533776708629794,295.2160053590962,2079.264118904561,92.93574912794725,658.4144224037427,2596.9263452284144,95.20639775582872,-2146.419081263004,2940.6958533471684
patient_103,340.0,13.6,159.216478421242,2417.0675428153045,2085.632778041411,172.49942503155592,1989.0918975902168,2603.826322229677,222.80844790678296,3190.051253773856,2949.6081912634395
patient_103,341.0,13.64,155.56819434880106,-91.20710181102325,2091.855505815363,64.76789920987567,-2693.288145542006,2606.4170381980716,143.30963412942387,-1987.4703444339773,2955.3405766286164
patient_103,342.0,13.68,137.73715325081398,-445.77602744967703,2097.364991945395,77.91197609330146,328.6019220856449,2609.533517241804,96.37556098545605,-1173.3518285991956,2959.195599068035
patient_103,343.0,13.72,86.21240265723178,-1288.1187648395548,2100.8134880516845,144.29847415183232,1659.6624514632715,2615.3054562078773,20.87986983117858,-1887.3922788569366,2960.030793861282
patient_103,344.0,13.76,100.39674675851938,354.60860253219016,2104.8293579220253,86.60907716075317,-1442.2349247769787,2618.7698192943076,102.0988056814279,2030.4733962562332,2964.1147460885386
patient_103,345.0,13.8,76.33122499872854,-601.638043994771,2107.8826069219745,87.45385728438583,21.119503090816494,2622.2679735856827,155.6300157955429,1338.280252852875,2970.3399467203603
patient_103,346.0,13.84,26.688135632526368,-1241.0772341550544,2108.9501323472755,33.05784927864491,-1359.900200143523,2623.5902875568286,47.814245730702694,-2695.3942516210054,2972.252516549588
patient_103,347.0,13.88,51.02064114740584,608.3126378719868,2110.990957993172,91.59535263876447,1463.4375840029888,2627.254101662379,16.040204689895287,-794.3510260201851,2972.894124737184
patient_103,348.0,13.92,78.48510251968828,686.6115343070611,2114.1303620939593,73.07712081951526,-462.9557954812302,2630.17718649516,154.39130243321023,3458.7774435828733,2979.0697768345126
patient_103,349.0,13.96,49.19184780948439,-732.3313677550973,2116.0980360063386,18.524516443399275,-1363.8151094028995,2630.918167152896,79.70848380025126,-1867.0704658239742,2982.2581161865223
patient_103,350.0,14.0,42.00926386379181,-179.56459864231462,2117.7784065608903,72.14682405950377,1340.5576904026123,2633.804040115276,14.598412463286548,-1627.7517834241178,2982.8420526850537
patient_103,351.0,14.04,38.769964767821,-80.98247739927018,2119.329205151603,49.17516229825542,-574.2915440312087,2635.7710466072062,48.1643135104155,839.1475261782236,2984.7686252254703
patient_103,352.0,14.08,27.000967168848273,-294.2249399743182,2120.4092438383573,42.813468688416876,-159.04234024596366,2637.483585354743,31.545511772183882,-415.47004345579035,2986.0304456963577
patient_103,353.0,14.12,39.034678585969786,300.8427854280378,2121.970630981796,21.77848840124191,-525.8745071793742,2638.354724890792,44.51644274182621,324.27327424105823,2987.8111034060303
patient_103,354.0,14.16,66.5733082516171,688.4657416411831,2124.6335633118606,166.94326809573525,3629.119492362334,2645.032455614622,158.19821285850284,2842.044252916916,2994.1390319203706
patient_103,355.0,14.2,108.33714112327719,1044.0958217915022,2128.967048956792,220.00053297213935,1326.4316219101026,2653.8324769335077,213.62762351914003,1385.7352665159297,3002.6841368611367
patient_103,356.0,14.24,199.18958445121083,2271.311083198341,2136.9346323348404,277.6924546431774,1442.2980417759518,2664.940175119235,470.5200801249494,6422.311415145234,3021.5049400661346
patient_103,357.0,14.28,299.7289162523217,2513.483295027772,2148.9237889849333,378.31802212199517,2515.6391869704435,2680.0728960041147,681.0568543992897,5263.419356858508,3048.7472142421057
patient_103,358.0,14.32,327.5588714312141,695.748879472309,2162.0261438421817,477.77189964637773,2486.3469381095642,2699.18377198997,600.6219734018172,-2010.8720249368134,3072.7720931781787
patient_103,359.0,14.36,347.93132233552717,509.31127260782745,2175.943396735603,585.5977631732559,2695.6465881719537,2722.6076825169002,504.2319386452376,-2409.750868914489,3092.9413707239887
patient_103,360.0,14.4,339.1804576460252,-218.7716172375488,2189.510615041444,446.41527969873437,-3479.562086863038,2740.4642937048498,394.9737625177752,-2731.4544031865607,3108.7403212246995
patient_103,361.0,14.44,366.1150038731585,673.3636556783324,2204.15521519637,244.3889325486848,-5050.658678751239,2750.239851006797,344.5944278312947,-1259.4833671620122,3122.5240983379517
patient_103,362.0,14.48,303.0917583673682,-1575.5811376447582,2216.278885531065,380.4881606137731,3402.480701627208,2765.459377431348,362.54695600939226,448.81320445243915,3137.025976578327
patient_103,363.0,14.52,309.101844692129,150.25215811902086,2228.64295931875,311.5639730487509,-1723.104689125556,2777.921936353298,302.1823688824646,-1509.1146781731923,3149.113271333626
patient_103,364.0,14.56,292.41185576851103,-417.2497230904497,2240.3394335494904,265.0169558575653,-1163.6754297796401,2788.5226145876,285.0538279114181,-428.2135242761612,3160.5154244500823
patient_103,365.0,14.6,207.29617627837342,-2127.89198725344,2248.631280600626,247.8361850246141,-429.5192708237792,2798.4360619885847,191.17663658818626,-2346.929783080797,3168.16248991361
patient_103,366.0,14.64,113.61904966419439,-2341.928165354476,2253.1760425871935,117.88016249625436,-3248.9005632089943,2803.1512684884347,194.66633788090905,87.24253231806998,3175.949143428846
patient_103,367.0,14.68,75.2455504716033,-959.3374798147775,2256.1858646060577,23.92261380820296,-2348.938717201285,2804.1081730407627,33.78062870522279,-4022.1427293921565,3177.300368577055
patient_103,368.0,14.72,44.82592748911765,-760.4905745621411,2257.9789017056223,58.75278003627918,870.7541557019053,2806.4582842422137,106.98422962220924,1830.0900229246615,3181.5797377619433
patient_103,369.0,14.76,27.158104389753852,-441.695577484095,2259.0652258812124,128.33374172104584,1739.5240421191666,2811.5916339110554,87.8661645750316,-477.95162617944095,3185.094384344944
patient_103,370.0,14.8,54.51547954577656,683.9343789005676,2261.2458450630434,54.88533098592111,-1836.2102683781181,2813.7870471504925,43.844526638370105,-1100.5409484165375,3186.848165410479
patient_103,371.0,14.84,38.648311980796805,-396.6791891244938,2262.791777542275,37.59462180292727,-432.26772957484593,2815.2908320226097,65.89450846323764,551.2495456216884,3189.4839457490084
patient_103,372.0,14.88,46.45230795742553,195.09989941571817,2264.6498698605724,40.21153366417948,65.42279653130514,2816.8992933691766,38.334010299962046,-689.0124540818899,3191.017306161007
patient_103,373.0,14.92,66.83303902081009,509.518276584614,2267.3231914214048,105.94909709938348,1643.4390858801003,2821.137257253152,9.932849040065399,-710.0290314974162,3191.41462012261
patient_103,374.0,14.96,123.05583084349787,1405.5697955671944,2272.2454246551447,98.79587712290689,-178.8304994119148,2825.0890923380675,105.39028122366776,2386.435804590059,3195.6302313715564
patient_103,375.0,15.0,184.58456040312052,1538.218238990566,2279.6288070712694,301.60284853982745,5070.174285423014,2837.153206279661,311.24698740477817,5146.4176545277605,3208.0801108677474
patient_103,376.0,15.04,370.1598982118017,4639.3834452170295,2294.4352029997417,397.7838378050797,2404.5247316313066,2853.064559791864,337.3948196865721,653.6958070448477,3221.5759036552104
patient_103,377.0,15.08,433.810582431147,1591.2671054836323,2311.7876262969876,280.494226223669,-2932.240289535268,2864.2843288408108,507.8388460907006,4261.100660103213,3241.8894574988385
patient_103,378.0,15.12,550.4353885550639,2915.6201530979233,2333.8050418391904,454.5306266068894,4350.910009580511,2882.465553905087,720.0412208158389,5305.059368128457,3270.691106331472
patient_103,379.0,15.16,577.7921137572213,683.9181300539337,2356.916726389479,562.5560413573996,2700.635368762755,2904.9677955593825,881.8062844763033,4044.1265915116105,3305.963357710524
patient_103,380.0,15.2,478.73248158239466,-2476.4908043706655,2376.066025652775,920.4261171339851,8946.751894414638,2941.784840244742,895.8342740946553,350.69974045879917,3341.79672867431
patient_103,381.0,15.24,449.32903525010846,-735.0861583071548,2394.039187062779,431.3872519043508,-12225.971630740858,2959.0403303209164,618.6481261954236,-6929.6536974807905,3366.542653722127
patient_103,382.0,15.28,236.60350904335453,-5318.138155168848,2403.5033274245134,493.43136158701924,1551.1027420667106,2978.777584784397,426.2766084813667,-4809.287942851423,3383.5937180613814
patient_103,383.0,15.32,149.90701341326942,-2167.412390752128,2409.499607961044,320.48271140850807,-4323.716254462779,2991.5968932407372,414.9186317125643,-283.949419220059,3400.190463329884
patient_103,384.0,15.36,144.98012722637515,-123.17215467235698,2415.298813050099,152.7977488481934,-4192.124064007867,2997.708803194665,193.08563703033502,-5545.824867055732,3407.913888811098
patient_103,385.0,15.4,76.53650752959862,-1711.090492419413,2418.360273351283,71.16430307237847,-2040.8361443953734,3000.5553753175604,175.0467725293536,-450.97161252453543,3414.915759712272
patient_103,386.0,15.44,47.25770477955769,-731.9700687510233,2420.250581542465,28.684985017940633,-1061.9829513609461,3001.7027747182783,13.8647067491104,-4029.55164450608,3415.4703479822365
patient_103,387.0,15.48,37.30911633531233,-248.714711106134,2421.7429461958777,27.00807924775212,-41.92264425471279,3002.7830978881884,34.519247857654385,516.3635277135996,3416.8511178965423
patient_103,388.0,15.52,55.595026862300294,457.14776317469904,2423.9667472703695,153.76373862928847,3168.891484538409,3008.93364743336,16.500267101989934,-450.4745188916113,3417.511128580622
patient_103,389.0,15.56,51.83205153006975,-94.07438330576366,2426.0400293315724,66.05686722245049,-2192.6717851709495,3011.575922122258,36.65333768294439,503.8267645238614,3418.97726208794
patient_103,390.0,15.6,59.59166882826667,193.99043245492305,2428.4236960847034,42.42420490498218,-590.8165579367077,3013.272890318457,46.130409585424296,236.92679756199766,3420.822478471357
patient_103,391.0,15.64,62.29633605007296,67.61668054515724,2430.915549526706,98.9644866024541,1413.507042436798,3017.2314697825555,206.70543209501466,4014.375562739759,3429.0906957551574
patient_103,392.0,15.68,96.0601042903155,844.0942060060634,2434.757953698319,188.66663471723442,2242.553702869508,3024.7781351712447,231.3952570584237,617.2456240852263,3438.3465060374942
patient_103,393.0,15.72,128.82012873185155,819.0006110384015,2439.9107588475927,193.79661149744192,128.2494195051875,3032.5299996311423,394.74957019012544,4083.857828292543,3454.1364888450994
patient_103,394.0,15.76,196.63272863437427,1695.3149975630681,2447.776067992968,308.7909323392937,2874.8580210462947,3044.881636924714,441.8110398529463,1176.5367415705214,3471.8089304392174
patient_103,395.0,15.8,217.7100339268172,526.9326323110732,2456.4844693500404,467.8680200976855,3976.9271939597943,3063.596357728621,528.379716938517,2164.216927139269,3492.9441191167584
patient_103,396.0,15.84,160.97014465019382,-1418.4972319155847,2462.9232751360482,308.9206065012634,-3973.685339910551,3075.953181988672,337.6245807114352,-4768.8784056770455,3506.4491023452156
patient_103,397.0,15.88,179.23001575474234,456.4967776137131,2470.092475766238,339.0961421781266,754.3883919215801,3089.517027675797,273.3165191646253,-1607.7015386702485,3517.3817631118004
patient_103,398.0,15.92,174.6595815259814,-114.26085571902362,2477.078859027277,182.72570960953712,-3909.260814214738,3096.826056060179,205.74653503821483,-1689.2496031602611,3525.611624513329
patient_103,399.0,15.96,117.0026229410847,-1441.4239646224175,2481.75896394492,176.07041166686605,-166.38244856677673,3103.868872526853,130.87760136171767,-1871.723341912429,3530.8467285677975
patient_103,400.0,16.0,53.11710338078917,-1597.1379890073881,2483.883648080152,65.69328660270213,-2759.428126604098,3106.4966039909614,102.68941518491465,-704.7046544200754,3534.9543051751943
patient_103,401.0,16.04,45.70375040467063,-185.33382440296347,2485.711798096339,121.54810323589513,1396.3704158298249,3111.3585281203973,35.990353510304246,-1667.47654186526,3536.3939193156066
patient_103,402.0,16.08,55.91726171560533,255.33778277336748,2487.948488564963,152.55651734414917,775.2103527063512,3117.460788814163,88.1245904761839,1303.3559241469914,3539.918902934654
patient_103,403.0,16.12,81.33326334270195,635.4000406774156,2491.2018190986714,127.42131837849249,-628.379974141417,3122.5576415493024,137.6205474880357,1237.398925296295,3545.4237248341756
patient_103,404.0,16.16,98.24840295848676,422.87849039462026,2495.131755217011,145.21816274633284,444.92110919600873,3128.366368059156,141.47238809419298,96.29601515393205,3551.082620357943
patient_103,405.0,16.2,71.90429682764558,-658.6026532710296,2498.007927090117,77.39177687907743,-1695.6596466813853,3131.4620391343183,80.2414721883153,-1530.772897646942,3554.2922792454756
patient_103,406.0,16.24,42.59583243752076,-732.7116097531205,2499.7117603876177,59.41994633755255,-449.29576353812183,3133.8388369878207,57.94895366199452,-557.3129631580194,3556.6102373919553
patient_103,407.0,16.28,43.14468167243209,13.721230872783252,2501.437547654515,61.53993279805742,52.99966151262172,3136.300434299743,67.30933872569945,234.00962659262314,3559.3026109409834
patient_103,408.0,16.32,42.295494750599524,-21.229673045814224,2503.129367444539,82.84486196395153,532.6232291473527,3139.614228778301,16.540871504930323,-1269.2116805192281,3559.9642458011804
patient_103,409.0,16.36,59.92278213998618,440.68218473466646,2505.5262787301385,8.395331970552316,-1861.2382498349803,3139.950042057123,155.72954265822747,3479.7167788324286,3566.1934275075096
patient_103,410.0,16.4,35.1390289367057,-619.5938300820121,2506.9318398876067,49.22713310788853,1020.7950284334054,3141.9191273814386,159.0444164745811,82.87184540884098,3572.555204166493
patient_103,411.0,16.44,38.63662250605583,87.43983923375325,2508.477304787849,46.07248910043328,-78.86610018638116,3143.762026945456,298.607406346044,3489.074746786572,3584.4995004203347
patient_103,412.0,16.48,123.21876269861049,2114.5535048138663,2513.4060552957935,80.97282443264486,872.5083833052894,3147.000939922762,174.5804018034508,-3100.67511356483,3591.4827164924727
patient_103,413.0,16.52,163.6432899500343,1010.6131812855953,2519.9517868937946,266.4035120966316,4635.767191599668,3157.657080406627,158.22896394986412,-408.78594633966685,3597.8118750504673
patient_103,414.0,16.56,266.16702232396545,2563.093309348279,2530.598467786753,146.27538758105857,-3003.203112889325,3163.508095909869,166.52556660240958,207.4150663136365,3604.4728977145637
patient_103,415.0,16.6,401.1084724105814,3373.5362521653983,2546.642806683177,341.64783138133055,4884.311095006799,3177.1740091651222,288.06076520219165,3038.3799649945518,3615.9953283226514
patient_103,416.0,16.64,407.30439431359054,154.89804757522876,2562.9349824557203,242.13749000763002,-2487.758534342513,3186.8595087654276,255.78249357601854,-806.9567906543277,3626.226628065692
patient_103,417.0,16.68,404.3067887958382,-74.94013794380834,2579.107254007554,765.3371004067892,13079.990259978978,3217.4729927816993,462.98489341353996,5180.059995938036,3644.7460238022336
patient_103,418.0,16.72,60.472147790448695,-8595.866025134737,2581.526139919172,225.0925623597247,-13506.11345117661,3226.4766952760883,40.90807386848209,-10551.920488626447,3646.3823467569728
patient_103,419.0,16.76,584.1508533864235,13091.967639899369,2604.892174054629,993.8830536491297,19219.762282235126,3266.2320174220536,1604.533509746242,39090.635896944004,3710.5636871468223
patient_103,420.0,16.8,146.7525623210934,-10934.957276633253,2610.7622765474725,486.910584582875,-12674.311726656368,3285.708440805369,950.4883220762175,-16351.129691750615,3748.583220029871
patient_103,421.0,16.84,169.7500172927566,574.9363742915805,2617.552277239183,523.4025390213174,912.2988609610587,3306.6445423662212,704.0259234793773,-6161.559964921005,3776.744256969046
patient_103,422.0,16.88,74.3124849737355,-2385.938307975528,2620.524776638132,95.90195411325556,-10687.514622701545,3310.480620530752,325.39270575308666,-9465.830443157265,3789.759965199169
patient_103,423.0,16.92,67.02518562344193,-182.18248375733913,2623.2057840630696,116.15474479449085,506.3197670308824,3315.1268103225316,170.2906204320138,-3877.552133026821,3796.57159001645
patient_103,424.0,16.96,82.30038641656954,381.88001982819026,2626.4977995197323,120.7624959396704,115.19377862948872,3319.957310160118,120.31078434180107,-1249.4959022553185,3801.3840213901217
patient_103,425.0,17.0,81.66114666653526,-15.980993750856953,2629.7642453863937,71.46526974197153,-1232.4306549424718,3322.8159209497967,94.18503454181871,-653.143744999559,3805.1514227717944
patient_103,426.0,17.04,84.17318070338659,62.80085092128331,2633.131172614529,112.31269049379256,1021.1855187955258,3327.3084285695486,414.12327117835326,7998.455915913364,3821.7163536189287
patient_103,427.0,17.08,122.00731112630191,945.8532605728831,2638.011465059581,75.32403637180055,-924.7163530498003,3330.321390024421,133.26304187191712,-7021.505732660904,3827.0468752938054
patient_103,428.0,17.12,117.26961806031049,-118.44232664978556,2642.7022497819935,98.22350297229322,572.4866650123168,3334.2503301433126,284.3969487872026,3778.347672882136,3838.4227532452937
patient_103,429.0,17.16,33.653492238809775,-2090.403145537518,2644.0483894715458,100.73248601490879,62.724576065389215,3338.279629583909,12.35217371773564,-6801.119376736673,3838.9168401940033
patient_103,430.0,17.2,70.34720326443923,917.3427756407364,2646.8622776021234,184.75874832581124,2100.6565577725614,3345.669979516941,134.00403224648642,3041.2964632187695,3844.277001483863
patient_103,431.0,17.24,239.71475010744155,4234.188671075058,2656.4508676064206,443.8226891006223,6476.598519370276,3363.422887080966,461.3987579707755,8184.868143107226,3862.732951802694
patient_103,432.0,17.28,264.89474118747495,629.4997770008351,2667.0466572539194,163.34670131420182,-7011.899694660512,3369.9567551335344,520.5455931893016,1478.670880463153,3883.5547755302664
patient_103,433.0,17.32,346.0672721009149,2029.3132728359992,2680.889348137956,691.3865396970857,13200.995959572097,3397.6122167214176,586.3577051944501,1645.3028001287123,3907.009083738044
patient_103,434.0,17.36,190.8527762143503,-3880.362397164115,2688.52345918653,663.8751427305133,-687.7849241643105,3424.167222430638,577.1658605089312,-229.79611713797112,3930.0957181584013
patient_103,435.0,17.4,274.87127003630803,2100.462345548943,2699.5183099879823,548.6015605518083,-2881.8395544676237,3446.11128485271,465.58267115185396,-2789.579733926932,3948.719025004476
patient_103,436.0,17.44,242.8870993454039,-799.6042672726035,2709.2337939617987,284.4031814236435,-6604.959478204121,3457.4874121096555,400.5057595085384,-1626.9227910828888,3964.739255384817
patient_103,437.0,17.48,201.9120868079343,-1024.3753134367403,2717.310277434116,348.67280961250833,1606.7407047216207,3471.434324494156,319.8992307098457,-2015.1632199673172,3977.5352246132115
patient_103,438.0,17.52,195.4118765670652,-162.505256021727,2725.126752496799,169.12116460990316,-4488.79112506513,3478.199171078552,471.21534207599063,3782.902784153623,3996.383838296251
patient_103,439.0,17.56,6.84841529239728,-4714.086531866698,2725.4006891084946,59.558178966789455,-2739.0746410778424,3480.5814982372235,65.67021666046327,-10138.628135388184,3999.0106469626694
patient_103,440.0,17.6,215.81844308438468,5224.250694799685,2734.0334268318697,239.17820883889408,4490.500746802616,3490.1486265907797,41.78858059930303,-597.0409015290059,4000.6821901866415
patient_103,441.0,17.64,172.85339011035109,-1074.12632435084,2740.947562436284,98.97832867442652,-3504.9970041116894,3494.1077597377566,277.4009913312532,5890.310268298754,4011.7782298398915
patient_103,442.0,17.68,115.84123412562721,-1425.303899618097,2745.581211801309,32.8269205790331,-1653.7852023848354,3495.4208365609175,87.83990127974782,-4739.027251287634,4015.2918258910813
patient_103,443.0,17.72,138.49407806511562,566.3210984872102,2751.1209749239138,309.2487747616593,6910.546354565657,3507.790787551384,193.18135518545478,2633.5363476426737,4023.0190800984997
patient_103,444.0,17.76,101.58904004361726,-922.625950537459,2755.184536525658,89.92850442191117,-5483.006758493704,3511.3879277282604,112.99866060733802,-2004.5673644529188,4027.539026522793
patient_103,445.0,17.8,77.15352807468165,-610.8877992233904,2758.2706776486452,105.38844282920559,386.4984601823604,3515.603465441429,155.6188973694582,1065.5059190530046,4033.763782417571
patient_103,446.0,17.84,36.02877304161894,-1028.1188758265675,2759.71182857031,56.57965441543384,-1220.2197103442936,3517.866651618046,86.9813079636253,-1715.9397351458229,4037.243034736116
patient_103,447.0,17.88,32.7628544546168,-81.64796467505352,2761.022342748495,39.58770907316024,-424.79863355684006,3519.4501599809723,99.53681876902188,313.8877701349145,4041.2245074868765
patient_103,448.0,17.92,34.066683228957395,32.59571935851486,2762.385010077653,109.43624413236738,1746.2133764801783,3523.827609746267,108.30219786902369,219.13447750004522,4045.5565954016374
patient_103,449.0,17.96,21.271417850361928,-319.88163446488664,2763.235866791668,26.320262171001122,-2077.8995490341563,3524.880420233107,87.43787609207367,-521.6080444237505,4049.054110445321
patient_103,450.0,18.0,11.211107715882932,-251.5077533619749,2763.6843111003027,26.08012998338564,-6.003304690387079,3525.923625432443,13.251263842682384,-1854.6653062347823,4049.5841609990284
patient_103,451.0,18.04,126.95295412620729,2893.546160258109,2768.762429265351,168.32517859210986,3556.1262152181057,3532.6566325761273,42.80495304753169,738.8422301212327,4051.296359120929
patient_103,452.0,18.08,169.61723565353694,1066.6070381832412,2775.5471186914924,285.1585009525124,2920.833059010063,3544.062972614228,423.49442053099716,9517.236687086637,4068.2361359421693
patient_103,453.0,18.12,218.43322394134708,1220.3997071952535,2784.2844476491464,172.03327927756283,-2828.130541873739,3550.9443037853302,160.66605443781134,-6570.709152329646,4074.6627781196817
patient_103,454.0,18.16,356.50087308232037,3451.691228524332,2798.544482572439,274.81725657787314,2569.5994325077577,3561.936994048445,201.28524080434067,1015.4796591632334,4082.714187751855
patient_103,455.0,18.2,791.1122216637466,10865.283714535655,2830.188971438989,612.4443439858288,8440.677185198892,3586.434767807878,775.3251854731274,14350.998616719668,4113.72719517078
patient_103,456.0,18.24,524.6488825486061,-6661.583477878511,2851.1749267409327,376.34964692441906,-5902.367426535244,3601.4887536848546,518.2540751220529,-6426.777758776862,4134.457358175662
patient_103,457.0,18.28,440.6549245000031,-2099.8489512150754,2868.801123720933,670.072132815766,7343.062147283675,3628.2916389974853,462.73532884316535,-1387.9686569721885,4152.966771329388
patient_103,458.0,18.32,343.87223438412565,-2419.5672528969367,2882.556013096298,820.977041870196,3772.6227263607484,3661.130720672293,1163.6421726010278,17522.671093946563,4199.51245823343
patient_103,459.0,18.36,372.1599567167369,707.1930583152806,2897.4424113649675,299.30786050045253,-13041.729534243586,3673.1030350923115,409.73726645722604,-18847.622653595045,4215.901948891719
patient_103,460.0,18.4,54.68482005637939,-7936.878416508936,2899.629804167223,52.863717300581165,-6161.103579996784,3675.2175837843347,44.26149270007472,-9136.894343928783,4217.672408599722
patient_103,461.0,18.44,204.38837786170708,3742.5889451331927,2907.805339281691,386.58631403047366,8343.064918247312,3690.6810363455534,417.27289647095034,9325.28509427189,4234.36332445856
patient_103,462.0,18.48,147.63518918475762,-1418.8297169237367,2913.7107468490813,305.4875563606186,-2027.4689417463762,3702.9005385999785,261.27393372147645,-3899.974068736847,4244.814281807419
patient_103,463.0,18.52,101.07653663789681,-1163.9663136715203,2917.7538083145973,26.334997683811295,-6978.813966920183,3703.953938507331,125.80680015893664,-3386.678339063495,4249.846553813777
patient_103,464.0,18.56,103.7523337890306,66.89492877834482,2921.903901666158,70.07414833738326,1093.4787663392992,3706.756904440826,94.96418207941227,-771.0654519881093,4253.645121096953
patient_103,465.0,18.6,124.86679660442606,527.8615703848864,2926.8985735303354,20.417498467143588,-1241.4162467559918,3707.573604379512,122.943152135643,699.4742514057684,4258.562847182378
patient_103,466.0,18.64,90.35941534288081,-862.6845315386312,2930.512950144051,48.26640022526315,696.222543952989,3709.5042603885217,83.13499668686191,-995.2038862195274,4261.888247049853
patient_103,467.0,18.68,136.68698386381556,1158.1892130233687,2935.9804294986034,88.68889173097509,1010.5622876427984,3713.051816057761,88.20593395794,126.77343177695235,4265.416484408171
patient_103,468.0,18.72,111.69454296944625,-624.8110223592328,2940.448211217381,107.61334435780385,473.1113156707192,3717.3563498320727,130.79735271540127,1064.7854689365317,4270.648378516787
patient_103,469.0,18.76,121.94084371224244,256.1575185699048,2945.325844965871,150.47902917322236,1071.6421203854627,3723.3755109990016,151.22482873656688,510.6869005291401,4276.69737166625
patient_103,470.0,18.8,100.32069555243487,-540.5037039951892,2949.3386727879683,105.81816287468848,-1116.5216574633469,3727.608237513989,123.26373059613523,-699.0274535107911,4281.627920890095
patient_103,471.0,18.84,16.510553481154925,-2095.2535517819983,2949.999094927215,75.91791717018725,-747.5061426125308,3730.6449542007963,32.106229806024416,-2278.9375197527706,4282.912170082336
patient_103,472.0,18.88,113.248446287174,2418.447320150477,2954.529032778702,135.90399746981237,1499.652007490628,3736.0811140995884,124.23319425367951,2303.1741111913775,4287.881497852483
patient_103,473.0,18.92,142.20083816139226,723.8097968554563,2960.2170663051575,182.86781792717858,1174.0955114341552,3743.3958268166757,290.88452509034926,4166.283270916743,4299.516878856098
patient_103,474.0,18.96,247.1229650840989,2623.0531730676657,2970.1019849085214,354.85675437516744,4299.723411199721,3757.5900969916825,355.56332189088664,1616.9699200134346,4313.7394117317335
patient_103,475.0,19.0,320.63470526902273,1837.793504623096,2982.9273731192825,513.8225482681934,3974.1448473256482,3778.1429989224102,589.9675644292499,5860.106063459082,4337.338114308903
patient_103,476.0,19.04,251.52542296064323,-1727.7320577094877,2992.988390037708,592.5305991701368,1967.7012725485865,3801.8442228892154,597.9819086089593,200.35860449273457,4361.257390653261
patient_103,477.0,19.08,276.2542599567939,618.2209249037662,3004.03856043598,576.7304952809131,-395.0025972305923,3824.913442700452,451.4236137396408,-3663.9573717329627,4379.314335202846
patient_103,478.0,19.12,318.46537751329925,1055.2779389126342,3016.777175536512,290.94368117954696,-7144.6703525341545,3836.5511899476337,355.84208083519474,-2389.538322611152,4393.548018436254
patient_103,479.0,19.16,616.3232454097406,7446.446697411034,3041.4301053529016,699.3505381065337,10210.171423174668,3864.525211471895,721.6649222223422,9145.571034678685,4422.414615325148
patient_103,480.0,19.2,241.48782483952516,-9370.885514255386,3051.089618346483,227.12073515332662,-11805.745073830176,3873.6100408780276,168.4256732715025,-13830.981223770994,4429.151642256008
patient_103,481.0,19.24,242.89213098354128,35.107653600402955,3060.8053035858243,208.90558547145164,-455.37874204687444,3881.966264296886,161.44296165334222,-174.56779045400665,4435.609360722142
patient_103,482.0,19.28,66.39569077969847,-4412.41100509607,3063.4611312170123,136.35468421577204,-1813.77253139199,3887.420451665517,77.28606101093922,-2103.922516060075,4438.700803162579
patient_103,483.0,19.32,152.17987093186326,2144.6045038041198,3069.548326054287,262.7094554132434,3158.869279936784,3897.9288298820466,131.39427672932402,1352.70539295962,4443.956574231752
patient_103,484.0,19.36,89.88080528475524,-1557.4766411777005,3073.1435582656773,38.389981624032096,-5607.986844730283,3899.4644291470076,174.16321592097668,1069.2234797913165,4450.923102868591
patient_103,485.0,19.4,91.12518170988542,31.109410628254608,3076.788565534073,298.24692485416927,6496.42358075343,3911.3943061411746,88.42325795485884,-2143.498949152946,4454.460033186785
patient_103,486.0,19.44,43.184934672188696,-1198.5061759424182,3078.51596292096,93.6070038555241,-5115.9980249661285,3915.1385862953957,126.44223679315485,950.4744709574002,4459.517722658511
patient_103,487.0,19.48,80.40071373049683,930.3944764577034,3081.73199147018,70.8889418145075,-567.9515510254148,3917.974143967976,47.911075552780545,-1963.2790310093576,4461.434165680623
patient_103,488.0,19.52,81.90073117113207,37.50043601588082,3085.0080207170254,102.27631897169066,784.6844289295789,3922.0651967268436,77.02724206409418,727.9041627828409,4464.515255363187
patient_103,489.0,19.56,36.877322991496925,-1125.5852044908786,3086.483113636685,36.77189368393398,-1637.610632193917,3923.5360724742013,51.57490013592373,-636.3085482042613,4466.578251368624
patient_103,490.0,19.6,23.615142354901504,-331.55451591488554,3087.4277193308812,33.76914026312076,-75.06883552033052,3924.8868380847257,49.09858055052004,-61.907989635092164,4468.542194590645
patient_103,491.0,19.64,63.00231899555616,984.6794160163664,3089.9478120907033,207.2512154247717,4337.051879041273,3933.1768867017167,68.1422983034062,476.09294382215415,4471.26788652278
patient_103,492.0,19.68,45.25662737091442,-443.6422906160434,3091.75807718554,159.13166966427673,-1202.988644012374,3939.5421534882876,59.200612236560765,-223.54215167113605,4473.635911012242
patient_103,493.0,19.72,43.13798621720356,-52.96602884277153,3093.483596634228,69.52049190021029,-2240.279444101661,3942.322973164296,39.694569938117006,-487.65105746109396,4475.223693809767
patient_103,494.0,19.76,18.963200330458314,-604.3696471686312,3094.2421246474464,29.82612453790392,-992.3591840576591,3943.5160181458127,45.588334658955475,147.34411802096173,4477.047227196125
patient_103,495.0,19.8,29.224070962727588,256.5217658067319,3095.4110874859552,18.870811549766266,-273.8828247034413,3944.2708506078034,31.195133099377234,-359.830038989456,4478.2950325201
patient_103,496.0,19.84,40.36568062888619,278.54024165396504,3097.025714711111,80.55448544632091,1542.0918474138662,3947.4930300256565,110.58046757898266,1984.6333619901359,4482.718251223259
patient_103,497.0,19.88,34.53148364754798,-145.85492453345523,3098.4069740570126,31.40173838397827,-1228.818676558566,3948.7490995610156,83.49096591153325,-677.2375416862353,4486.057889859721
patient_103,498.0,19.92,62.67039495862085,703.4727827768216,3100.9137898553577,50.84595361297294,486.1053807248668,3950.782937705534,145.35231715507408,1546.5337810885205,4491.871982545924
patient_103,499.0,19.96,36.67203007355018,-649.9591221267666,3102.3806710582994,139.11106856422688,2206.627873781348,3956.347380448103,81.14621893989386,-1605.1524553795055,4495.11783130352
patient_103,500.0,20.0,7.166348842432011,-737.6420307779542,3102.667325011997,38.3259627357741,-2519.6276457113195,3957.880418957534,162.4503627732239,2032.6035958332511,4501.615845814448
patient_103,501.0,20.04,38.145985880324375,774.490925947309,3104.19316444721,37.263051279674904,-26.572786402479842,3959.3709410087213,35.07987213497555,-3184.262265956209,4503.019040699847
patient_103,502.0,20.08,72.59998347411428,861.3499398447477,3107.0971637861744,143.93870823374849,2666.8914238518396,3965.128489338071,309.61735298750915,6863.43702131334,4515.403734819348
patient_103,503.0,20.12,113.03671890968998,1010.9183858893924,3111.618632542562,46.21322114967609,-2443.13717710181,3966.977018184058,186.22067991583913,-3084.9168267917507,4522.852562015982
patient_103,504.0,20.16,111.31564733002558,-43.02678949160992,3116.0712584357625,200.7594093716582,3863.6547055495525,3975.0073945589247,369.2604258153249,4575.993647487144,4537.622979048595
patient_103,505.0,20.2,373.4942923609319,6554.466125772658,3131.0110301302,667.3532002632637,11664.844772290138,4001.701522569455,556.938987475631,4691.964041507655,4559.90053854762
patient_103,506.0,20.24,431.3850422086644,1447.268746193312,3148.266431818547,637.0714520058642,-757.0437064349875,4027.1843806496895,1061.3523180125014,12610.333263421759,4602.35463126812
patient_103,507.0,20.28,648.541584478263,5428.913556739964,3174.2080951976777,644.8562150711458,194.61907663203988,4052.978629252536,727.2325320843993,-8352.994648202553,4631.443932551496
patient_103,508.0,20.32,571.5136806937929,-1925.6975946117507,3197.0686424254295,657.2449544838502,309.71848531760884,4079.2684274318894,761.9992621705397,869.1682521535114,4661.923903038318
patient_103,509.0,20.36,470.50925918935314,-2525.110537610995,3215.8890127930035,694.583422728469,933.4617061154717,4107.0517643410285,740.4769523380537,-538.0577458121508,4691.54298113184
patient_103,510.0,20.4,417.3601506555849,-1328.727713344206,3232.5834188192266,481.17641427620237,-5335.175211306667,4126.298820912076,485.98474557860396,-6362.305168986243,4710.982370954985
patient_103,511.0,20.44,298.8694392521674,-2962.2677850854375,3244.5381963893137,468.56988986030706,-315.1631103973827,4145.041616506488,519.2704816084163,832.1434007453079,4731.7531902193205
patient_103,512.0,20.48,225.9683759645067,-1822.526582191518,3253.576931427894,440.57516891548823,-699.8680236204706,4162.664623263107,450.3866733194955,-1722.095207223019,4749.768657152101
patient_103,513.0,20.52,225.3367068977176,-15.791726669727524,3262.590399703803,400.02676535685595,-1013.7100889658072,4178.665693877382,356.2609742310382,-2353.1424772114333,4764.019096121343
patient_103,514.0,20.56,150.73291515692668,-1865.0947935197728,3268.61971631008,751.5507657376074,8788.100009518786,4208.727724506886,476.33209787775996,3001.7780911680447,4783.072380036453
patient_103,515.0,20.6,309.5952922915372,3971.5594283652626,3281.0035280017414,293.443000150544,-11452.694139676587,4220.465444512908,450.70653603420874,-640.6390460887806,4801.100641477821
patient_103,516.0,20.64,289.33521095341797,-506.5020334529805,3292.5769364398784,544.0862787105685,6266.081964000614,4242.228895661331,383.00068371421384,-1692.6463079998725,4816.42066882639
patient_103,517.0,20.68,243.02815482027742,-1157.6764033285137,3302.2980626326894,402.53519758102993,-3538.777028238465,4258.330303564572,412.04174564264787,726.0265482108508,4832.902338652097
patient_103,518.0,20.72,350.2074327167698,2679.4819474123096,3316.30635994136,417.03624765555946,362.52625186323826,4275.011753470794,359.12089288279367,-1323.021318996355,4847.267174367408
patient_103,519.0,20.76,291.53924535191754,-1466.7046841213064,3327.9679297554367,291.98980403673835,-3126.161090470528,4286.6913456322645,404.0337739804991,1122.8220274426362,4863.428525326628
patient_103,520.0,20.8,255.12785192332126,-910.2848357149071,3338.1730438323693,108.15131635258494,-4595.962192103835,4291.017398286367,157.32980241787183,-6167.599289065683,4869.721717423343
patient_103,521.0,20.84,195.8271929983441,-1482.5164731244292,3346.006131552303,254.04572640370628,3647.360251278033,4301.179227342516,239.50203772943004,2054.3058827889554,4879.30179893252
patient_103,522.0,20.88,205.90747902857348,252.0071507557347,3354.2424307134456,112.30193561519557,-3543.594769712767,4305.671304767124,87.29569850027374,-3805.1584807289073,4882.793626872531
patient_103,523.0,20.92,143.32007247898457,-1564.6851637397226,3359.975233612605,130.70066457554142,459.96822400864625,4310.899331350145,218.4458906748104,3278.754804363417,4891.531462499523
patient_103,524.0,20.96,21.12598580046357,-3054.852166963025,3360.8202730446233,39.76620024504058,-2273.3616082625213,4312.489979359947,181.02280798456525,-935.5770672561291,4898.7723748189055
patient_103,525.0,21.0,43.08488194815617,548.9724036923151,3362.54366832255,68.5284492506514,719.0562251402706,4315.231117329973,118.72895773873836,-1557.3462561456722,4903.521533128455
patient_103,526.0,21.04,223.34275637362472,4506.446860636714,3371.4773785774946,120.4493986222526,1298.02373429003,4320.049093274863,104.97138320004584,-343.9393634673131,4907.720388456457
patient_103,527.0,21.08,307.3678792716654,2100.628072451017,3383.7720937483614,245.26824110829787,3120.4710621511317,4329.859822919195,192.77642002319615,2195.125920578758,4915.431445257384
patient_103,528.0,21.12,368.23510234801273,1521.6805769086832,3398.501497842282,297.8163082473502,1313.7016784763084,4341.7724752490885,442.258247794884,6237.0456942921965,4933.12177516918
patient_103,529.0,21.16,460.6283564963654,2309.8313537088175,3416.9266321021364,395.14342694317327,2433.1779673955766,4357.578212326815,458.843075016817,414.6206805483246,4951.4754981698525
patient_103,530.0,21.2,315.29816694360284,-3633.2547388190646,3429.5385587798805,644.7370031795837,6239.83940591026,4383.367692454,541.2994879179213,2061.4103225276067,4973.127477686569
patient_103,531.0,21.24,177.23461460357387,-3451.588808500724,3436.6279433640234,299.93198723098,-8620.125398715092,4395.364971943239,280.93999238833777,-6508.987388239588,4984.365077382103
patient_103,532.0,21.28,59.505512809572416,-2943.2275448500363,3439.008163876406,126.28413813353629,-4341.196227436092,4400.4163374685795,255.13582328176437,-645.104227664335,4994.570510313373
patient_103,533.0,21.32,54.516605120083526,-124.72269223722225,3441.188828081209,150.93191802793473,616.194497359961,4406.453614189698,45.935584212892536,-5230.005976721796,4996.407933681889
patient_103,534.0,21.36,145.03224385429507,2262.890968355289,3446.990117835381,130.56674870410706,-509.1292330956918,4411.676284137862,40.06801209793472,-146.68930287394542,4998.010654165806
patient_103,535.0,21.4,173.56316784794058,713.2730998411375,3453.9326445492984,131.07813849642358,12.784744807913029,4416.919409677718,119.25227374545499,1979.6065411880065,5002.780745115624
patient_103,536.0,21.44,165.73520614466563,-195.69904258187378,3460.5620527950855,131.6974460259325,15.482688237722897,4422.187307518756,251.31619028381644,3301.5979134590366,5012.833392726977
patient_103,537.0,21.48,187.06617007532824,533.2740982665655,3468.0446995980983,287.86605343259345,3904.215185166524,4433.70194965606,778.6757815797174,13183.989782397524,5043.980423990166
patient_103,538.0,21.52,311.02033367545766,3098.8540900032353,3480.485512945117,133.53106899317777,-3858.374610985392,4439.0431924157865,192.99898358275664,-14641.919949924019,5051.700383333476
patient_103,539.0,21.56,256.3020803238335,-1367.9563337906047,3490.7375961580706,476.0581108018298,8563.1760452163,4458.08551684786,344.36047424023803,3784.0372664370348,5065.474802303085
patient_103,540.0,21.6,250.974703812279,-133.18441278886226,3500.7765843105612,404.69649710917446,-1784.0403423163834,4474.273376732227,538.4341179994226,4851.841093979614,5087.012167023062
patient_103,541.0,21.64,221.24089855464828,-743.3451314407677,3509.6262202527473,451.19653234373783,1162.5008808640841,4492.3212380259765,418.91753296197913,-2987.9146259360864,5103.768868341542
patient_103,542.0,21.68,292.9494656647692,1792.714177753023,3521.3441988793384,359.86082637997663,-2283.39264909403,4506.715671081176,655.6899478015689,5919.310370989744,5129.996466253604
patient_103,543.0,21.72,284.88021393014486,-201.73129336560862,3532.739407436544,229.51362549345248,-3258.680022163104,4515.896216100914,148.37965820839048,-12682.757239829461,5135.9316525819395
patient_103,544.0,21.76,166.64387773987735,-2955.9084047566876,3539.405162546139,126.6673193186769,-2571.1576543693895,4520.96290887366,144.66363973159633,-92.90046191985368,5141.718198171204
patient_103,545.0,21.8,70.44082976289458,-2405.0761994245695,3542.2227957366545,98.34501801684411,-708.0575325458199,4524.896709594334,208.80611671403116,1603.5619245608707,5150.070442839765
patient_103,546.0,21.84,24.721969290377995,-1142.9715118129145,3543.2116745082694,41.02819349157374,-1432.9206131317592,4526.537837333997,113.4405201221388,-2384.139914797309,5154.60806364465
patient_103,547.0,21.88,22.617851907205416,-52.602934579314464,3544.1163885845576,78.59631301625855,939.2029881171203,4529.681689854648,17.38956004788128,-2401.274001856438,5155.3036460465655
patient_103,548.0,21.92,164.20557234433818,3539.693010928319,3550.684611478331,192.92280591964823,2858.162322584742,4537.3986020914335,62.83322867935782,1136.0917157869135,5157.81697519374
patient_103,549.0,21.96,302.5255955741614,3458.0005807455805,3562.785635301297,247.5983826837215,1366.8894191018317,4547.302537398782,357.6072270018922,7369.34995806336,5172.1212642738155
patient_103,550.0,22.0,527.0712036383096,5613.6402016037055,3583.8684834468295,518.2411713233881,6766.069715991665,4568.032184251718,646.9790142092469,7234.294680183866,5198.0004248421865
patient_103,551.0,22.04,513.42000658145,-341.2799264214897,3604.4052837100876,663.0039398749075,3619.0692137879837,4594.552341846714,630.6205063785196,-408.96269576818156,5223.2252450973265
patient_103,552.0,22.08,503.75717101904064,-241.5708890602346,3624.555570550849,598.8353793706277,-1604.214012606994,4618.5057570215395,624.771038975975,-146.23668506361582,5248.216086656366
patient_103,553.0,22.12,259.11455813640885,-6116.065322065795,3634.9201528763056,385.69136425311444,-5328.600377937832,4633.933411591664,478.31931983226576,-3661.292978592731,5267.348859449657
patient_103,554.0,22.16,163.08896294129872,-2400.639879877753,3641.4437113939575,315.49594659491663,-1754.8854414549453,4646.553249455461,499.68871259658437,534.2348191079651,5287.3364079535195
patient_103,555.0,22.2,122.3856609005304,-1017.582551019208,3646.339137829979,90.35793659755267,-5628.450249934099,4650.167566919362,226.08646378282606,-6840.056220343958,5296.3798665048325
patient_103,556.0,22.24,163.89132773733846,1037.6416709202015,3652.894790939472,186.65140326330248,2407.3366666437455,4657.633623049895,124.97446016930668,-2527.8000903379843,5301.378844911604
patient_103,557.0,22.28,219.07411933898877,1379.5697900412576,3661.6577557130313,104.19250173710114,-2061.472538155034,4661.801323119378,404.3533924791604,6984.473307746343,5317.55298061077
patient_103,558.0,22.32,308.8810641653728,2245.1736206596,3674.012998279646,488.2141186280642,9600.540422274076,4681.329887864501,494.46139581680814,2252.700083441194,5337.331436443443
patient_103,559.0,22.36,377.64325283072407,1719.0547166337822,3689.1187283928753,392.40674189583484,-2395.1844183057347,4697.026157540334,387.73124301611557,-2668.253820017314,5352.840686164087
patient_103,560.0,22.4,428.28377185439774,1266.012975591842,3706.250079267051,497.0499605048441,2616.080465225231,4716.908155960527,695.4119763152349,7692.018332477985,5380.657165216697
patient_103,561.0,22.44,385.1322833761589,-1078.7872119559709,3721.6553706020977,668.6832954664236,4290.833374039488,4743.655487779184,613.4041584137042,-2050.195447538269,5405.193331553244
patient_103,562.0,22.48,434.7431432181574,1240.2714960499623,3739.0450963308244,649.3099957651956,-484.33249253070016,4769.627887609792,503.7569206098471,-2741.180945096427,5425.343608377639
patient_103,563.0,22.52,334.4390307694835,-2507.6028112168474,3752.4226575616035,318.6756514493512,-8265.858607896109,4782.374913667766,901.4534973446837,9942.414418370914,5461.401748271426
patient_103,564.0,22.56,232.9989110189347,-2536.00299376372,3761.7426140023613,197.45245151513134,-3030.579998355497,4790.273011728372,606.9593307715811,-7362.354164327564,5485.68012150229
patient_103,565.0,22.6,210.09516842542342,-572.5935648377821,3770.1464207393783,127.89138403044598,-1739.026687117134,4795.388667089589,267.2695967564779,-8492.243350377581,5496.370905372548
patient_103,566.0,22.64,119.66351955742715,-2260.7912216999066,3774.9329615216748,43.50956648250965,-2109.545438698408,4797.12904974889,491.08447205630523,5595.371882495684,5516.0142842548
patient_103,567.0,22.68,35.31803402840224,-2108.637138225623,3776.345682882811,48.78313944007096,131.83932393903285,4799.080375326493,52.36986543394816,-10967.865165558926,5518.1090788721585
patient_103,568.0,22.72,112.60038888684653,1932.0588714611074,3780.8496984382846,193.20749860995514,3610.608979247105,4806.8086752708905,23.548582823720118,-720.5320652557011,5519.051022185107
patient_103,569.0,22.76,263.9427024619782,3783.557839378291,3791.407406536764,234.03411511606274,1020.66541265269,4816.170039875534,387.6323535116327,9102.094267197815,5534.556316325573
patient_103,570.0,22.8,456.70122267436545,4818.963005309682,3809.6754554437384,306.64289642294386,1815.2195326720282,4828.435755732451,481.99092904171835,2358.9643882521414,5553.835953487242
patient_103,571.0,22.84,647.2323775415755,4763.278871680251,3835.5647505454017,671.6346569209202,9124.794012449407,4855.301142009288,622.7209807177002,3518.251291899546,5578.74479271595
patient_103,572.0,22.88,693.3951658969212,1154.0697088836423,3863.3005571812782,764.1606049470788,2313.1487006539655,4885.867566207171,792.6141500209693,4247.329232581728,5610.449358716789
patient_103,573.0,22.92,621.8420894285287,-1788.8269117098134,3888.174240758419,795.0927591914623,773.3038561095867,4917.67127657483,693.9063078374685,-2467.6960545875204,5638.205611030287
patient_103,574.0,22.96,508.7228689624159,-2827.9805116528196,3908.5231555169157,445.6599574049647,-8735.82004466244,4935.497674871029,679.4790449847726,-360.68157131739724,5665.384772829678
patient_103,575.0,23.0,230.41448633174116,-6957.709565766868,3917.739734970185,579.1436650086512,3337.092690092162,4958.663421471374,503.5487499147617,-4398.257376750273,5685.526722826268
patient_103,576.0,23.04,160.3932905099202,-1750.529895545524,3924.155466590582,55.46480367802287,-13091.971533265707,4960.882013618496,369.4447188639726,-3352.6007762697277,5700.304511580827
patient_103,577.0,23.08,151.66777246974556,-218.13795100436622,3930.222177489372,170.1751488477678,2867.758629243623,4967.689019572406,113.4324291494766,-6400.307242862399,5704.841808746806
patient_103,578.0,23.12,182.18562072115486,762.9462062852326,3937.509602318218,221.5500989742607,1284.3737531623226,4976.551023531377,262.62780174720996,3729.8843149433337,5715.346920816694
patient_103,579.0,23.16,221.8182837086348,990.8165746869984,3946.3823336665637,394.85796332051694,4332.696608656406,4992.345342064198,308.544395945174,1147.9148549491015,5727.688696654502
patient_103,580.0,23.2,266.7102031717515,1122.297986577918,3957.0507417934336,215.50036748835012,-4483.93989580417,5000.9653567637315,804.6280019760082,12402.090150770855,5759.873816733542
patient_103,581.0,23.24,281.8386018463512,378.209966864992,3968.3242858672875,466.78751687434993,6282.178734649995,5019.636857438705,426.0228605749641,-9465.128535026104,5776.914731156541
patient_103,582.0,23.28,307.1891733400336,633.7642873420606,3980.611852800889,448.1208519441986,-466.66662325378354,5037.561691516474,372.49280470423827,-1338.2513967681462,5791.8144433447105
patient_103,583.0,23.32,333.21653808620795,650.6841186543581,3993.9405143243375,250.89537047383163,-4930.6370367591735,5047.597506335427,331.419053752983,-1026.8437737813813,5805.07120549483
patient_103,584.0,23.36,292.9583704051593,-1006.4541920262159,4005.658849140544,228.52892596748345,-559.1611126587047,5056.738663374127,170.3449581620519,-4026.8523897732775,5811.885003821312
patient_103,585.0,23.4,215.65551388022482,-1932.5714131233624,4014.285069695753,232.98224113891044,111.33287928567484,5066.057953019683,173.5474583012498,80.06250347994737,5818.8269021533615
patient_103,586.0,23.44,105.3770649752341,-2756.9612226247677,4018.5001522947628,168.7472792638117,-1605.8740468774686,5072.807844190235,413.82115327614866,6006.842374372472,5835.379748284407
patient_103,587.0,23.48,31.429132660359862,-1848.6983078718558,4019.757317601177,119.08058115084121,-1241.667452824262,5077.571067436269,103.41415629582806,-7760.1749245080155,5839.51631453624
patient_103,588.0,23.52,87.34477049763,1397.8909459317533,4023.251108421082,166.32788814114676,1181.1826747576386,5084.224182961915,54.96827837802908,-1211.1469479449745,5841.715045671361
patient_103,589.0,23.56,297.65603687495855,5257.7816594332135,4035.1573498960806,166.7488680040232,10.524496571910902,5090.894137682077,125.94111148703882,1774.3208277252436,5846.752690130842
patient_103,590.0,23.6,444.828839350796,3679.3200618959363,4052.9505034701124,274.8361601801556,2702.1823044033104,5101.887584089283,395.9250478149034,6749.598408196614,5862.589692043439
patient_103,591.0,23.64,575.7453225553242,3272.912080113204,4075.980316372325,595.4423265352116,8015.154158876399,5125.7052771506915,646.6183092682062,6267.33153633257,5888.454424414167
patient_103,592.0,23.68,567.4268592182249,-207.96158342748186,4098.677390741054,416.9711482619272,-4461.779456832109,5142.384123081169,441.3483873127949,-5131.7480488852825,5906.108359906678
patient_103,593.0,23.72,354.49769321739007,-5323.22915002087,4112.857298469749,469.10589172443485,1303.3685865626908,5161.148358750146,743.0031371378699,7541.368745626874,5935.828485392192
patient_103,594.0,23.76,141.70709884885022,-5319.7648592134965,4118.525582423704,288.68575432913195,-4510.503434882573,5172.695788923311,390.707311460073,-8807.395641944922,5951.456777850595
patient_103,595.0,23.8,118.2033464201857,-587.5938107166131,4123.253716280511,142.6265980697253,-3651.478906485166,5178.4008528461,352.91054510363847,-944.9191589108636,5965.573199654741
patient_103,596.0,23.84,136.87329394615097,466.74868814913174,4128.728648038357,151.16328520663814,213.4171784228208,5184.447384254366,236.80199602103735,-2902.713727065028,5975.045279495582
patient_103,597.0,23.88,115.3968029439321,-536.9122750554716,4133.344520156114,175.74724141084548,614.5989051051835,5191.477273910799,358.1256355408737,3033.0909879959086,5989.370304917217
patient_103,598.0,23.92,203.50590488797212,2202.7275486010003,4141.484756351633,483.73070831625273,7699.586672635181,5210.82650224345,328.6738118899381,-736.2955912733895,6002.517257392815
patient_103,599.0,23.96,287.3607621463149,2096.37143145857,4152.979186837486,533.151707749089,1235.5249858209077,5232.152570553413,414.2973582183919,2140.588658211344,6019.089151721551
patient_103,600.0,24.0,352.2732582050138,1622.812401467472,4167.0701171656865,386.4267635547085,-3668.1236048595138,5247.609641095602,533.9755791794379,2991.95552402615,6040.448174888729
patient_103,601.0,24.04,432.8763553110706,2015.0774276514198,4184.38517137813,135.55743766545987,-6271.733147231215,5253.03193860222,350.64709566857954,-4583.212087771459,6054.474058715472
patient_103,602.0,24.08,440.9998231052912,203.08669485551576,4202.02516430234,421.9009038040967,7158.58665346592,5269.907974754384,415.0460612185923,1609.9741387503186,6071.075901164216
patient_103,603.0,24.12,436.9857284011672,-100.35236760310084,4219.504593438387,551.6851046540212,3244.6050212481127,5291.975378940544,728.5491866463357,7837.578135693585,6100.217868630069
patient_103,604.0,24.16,309.5516792912381,-3185.8512277482278,4231.886660610037,210.80434489153237,-8522.01899406222,5300.407552736206,409.9994015941477,-7963.7446263046995,6116.617844693834
patient_103,605.0,24.2,204.90270986941223,-2616.2242355456465,4240.082769004814,254.0262376458227,1080.5473188572585,5310.568602242039,334.6903550650728,-1882.7261632268714,6130.005458896438
patient_103,606.0,24.24,88.26934324692051,-2915.834165562293,4243.61354273469,416.93875857939753,4072.813023339371,5327.246152585215,454.73440930564266,3001.101356014246,6148.194835268663
patient_103,607.0,24.28,27.980661695505415,-1507.2170387853773,4244.73276920251,254.56968384719033,-4059.22686830518,5337.428939939103,102.09150623623279,-8816.072576735245,6152.278495518112
patient_103,608.0,24.32,137.25384164163182,2731.82949865316,4250.222922868175,159.18862335664656,-2384.526512263594,5343.796484873368,65.21675811676629,-921.8687029866626,6154.887165842782
patient_103,609.0,24.36,13.893735443197077,-3084.0026549608688,4250.778672285904,85.2474303797108,-1848.5298244233938,5347.206382088556,72.43104431388024,180.35715492784874,6157.784407615338
patient_103,610.0,24.4,338.5290825768415,8115.883678341111,4264.319835588977,294.8563459353076,5240.22288888992,5359.000635925969,426.4388369047267,8850.194814771161,6174.841961091527
patient_103,611.0,24.44,862.3318704914024,13095.069697864023,4298.813110408633,1055.3196741124211,19011.583204427836,5401.213422890466,1186.0196534281904,18989.520413086593,6222.282747228655
patient_103,612.0,24.48,716.6959347242077,-3640.898394179865,4327.480947797601,664.7320315864987,-9764.69106314806,5427.802704153926,634.4470181022728,-13789.315883147941,6247.660627952747
patient_103,613.0,24.52,433.52599276069236,-7079.248549087884,4344.821987508029,455.1518564794568,-5239.504377676048,5446.008778413105,475.9005275608984,-3963.6622635343583,6266.696649055183
patient_103,614.0,24.56,249.24714053292018,-4606.971305694305,4354.791873129347,132.82583179182652,-8058.150617190757,5451.3218116847775,402.52218998791574,-1834.4584393245668,6282.7975366547
patient_103,615.0,24.6,81.05772910663057,-4204.735285657241,4358.034182293612,413.23892980320016,7010.3274502843415,5467.851368876905,364.244986557068,-956.9300857711937,6297.367336116982
patient_103,616.0,24.64,64.1260568270877,-423.29180698857203,4360.599224566695,60.74164324244313,-8812.432164018926,5470.2810346066035,187.35763031032596,-4422.1839061685505,6304.861641329396
patient_103,617.0,24.68,191.33532229482105,3180.231636693334,4368.252637458488,309.1023265825234,6209.017083502007,5482.6451276699045,305.06543622725076,2942.6951479231197,6317.064258778485
patient_103,618.0,24.72,241.20884957395998,1246.8381819784731,4377.900991441446,410.9059950914096,2545.0917127221546,5499.081367473562,302.9951476126626,-51.75721536470377,6329.184064682992
patient_103,619.0,24.76,377.8499064158244,3416.026421046611,4393.0149876980795,338.79881310060074,-1802.679549770221,5512.633319997586,668.4911489117375,9137.400032476871,6355.923710639461
patient_103,620.0,24.8,39.52355466415565,-8458.15879379172,4394.595929884646,189.97682184264565,-3720.549781448877,5520.232392871291,22.576353162816822,-16147.869893723015,6356.826764765974
patient_103,621.0,24.84,444.583850526255,10126.507396552483,4412.379283905695,402.32444610720745,5308.6906066140455,5536.325370715579,397.39386965074226,9370.437912198136,6372.722519552004
patient_103,622.0,24.88,494.44194633503497,1246.4523952194995,4432.156961759097,760.7228146084457,8959.959212530955,5566.754283299918,641.985082656908,6114.7803251541445,6398.40192285828
patient_103,623.0,24.92,621.1008763915227,3166.4732514121924,4457.000996814757,1129.1223653893132,9209.98876952169,5611.91917791549,1037.6574931478156,9891.810262272687,6439.908222584194
patient_103,624.0,24.96,547.305348153175,-1844.8882059586908,4478.893210740884,330.9302744350138,-19954.802273857484,5625.156388892891,890.6556277102884,-3675.046635938179,6475.534447692605
patient_103,625.0,25.0,339.3003390287971,-5200.125228109448,4492.4652243020355,157.71088184827858,-4330.484814668381,5631.464824166822,354.8949757709073,-13394.016298484526,6489.730246723441
patient_103,626.0,25.04,185.4768348560473,-3845.587604318745,4499.884297696278,97.47664881687494,-1505.855825785091,5635.363890119496,24.954593373413726,-8248.50955993734,6490.728430458377
patient_103,627.0,25.08,42.72028943370617,-3568.9136355585283,4501.5931092736255,73.6138972818505,-596.5687883756111,5638.30844601077,32.806215755118814,196.2905595426272,6492.040679088582
patient_103,628.0,25.12,65.55362914221433,570.8334927127041,4504.215254439315,45.13893848049534,-711.8739700338789,5640.11400354999,61.03787641683721,705.7915165429598,6494.482194145256
patient_103,629.0,25.16,250.85220341359607,4632.464356784543,4514.2493425758585,228.29549813169342,4578.913991279952,5649.245823475258,31.808694330771747,-730.7295521516365,6495.754541918486
patient_103,630.0,25.2,26.8494017239767,-5600.070042240484,4515.323318644817,51.807122076285,-4412.20940138521,5651.318108358309,145.2630101294695,2836.3578949674443,6501.565062323665
patient_103,631.0,25.24,461.79020055190955,10873.51997069832,4533.794926666894,342.1562272635853,7258.727629682508,5665.004357448853,465.20572105472513,7998.56777313139,6520.173291165855
patient_103,632.0,25.28,613.1326235535413,3783.5605750407935,4558.320231609036,610.3580725417859,6705.046131955014,5689.4186803505245,639.5422369613266,4358.412897665036,6545.754980644308
patient_103,633.0,25.32,781.2953726818748,4204.068728208338,4589.57204651631,993.6856673421515,9583.18987000914,5729.166107044211,814.8934285955683,4383.7797908560415,6578.35071778813
patient_103,634.0,25.36,701.3619055157793,-1998.3366791523877,4617.626522736941,756.8786840942369,-5920.174581197867,5759.44125440798,674.235812724725,-3516.4403967710823,6605.320150297119
patient_103,635.0,25.4,725.2044161298043,596.0627653506236,4646.634699382134,765.9564365540878,226.94381149627247,5790.0795118701435,963.7648843996375,7238.226791872813,6643.870745673104
patient_103,636.0,25.44,110.37617985446829,-15370.705906883399,4651.049746576313,347.2650731059588,-10467.284086203224,5803.9701147943815,416.55328273503955,-13680.29004161495,6660.532876982505
patient_103,637.0,25.48,141.75366009745903,784.4370060747685,4656.719892980212,82.06876558484865,-6629.9076880277535,5807.252865417776,209.86572371851128,-5167.188975413207,6668.927505931246
patient_103,638.0,25.52,184.7076580323265,1073.8499483716864,4664.108199301505,185.92824989635702,2596.487107787709,5814.68999541363,139.27639293954547,-1764.7332694741451,6674.4985616488275
patient_103,639.0,25.56,199.5712747569304,371.5904181150975,4672.091050291782,239.1748132008419,1331.164082612122,5824.256987941663,411.411264871674,6803.371798303213,6690.955012243695
patient_103,640.0,25.6,289.57599306659677,2250.117957741659,4683.674090014446,477.7909951911287,5965.40454975717,5843.368627749309,695.8405276382098,7110.731569163394,6718.788633349223
patient_103,641.0,25.64,39.17080839536417,-6260.129616780815,4685.240922350261,34.35575683434852,-11085.880958919503,5844.742858022683,26.243736057858765,-16739.919789508775,6719.838382791538
patient_103,642.0,25.68,277.490406042672,5957.989941182696,4696.340538591968,463.51979172584004,10729.100872287287,5863.283649691717,481.6964954235451,11386.318984142159,6739.10624260848
patient_103,643.0,25.72,449.8497829978008,4308.984423878219,4714.33452991188,327.9775261348176,-3388.556639775561,5876.402750737109,529.6997918109658,1200.0824096855183,6760.294234280919
patient_103,644.0,25.76,441.58383542367943,-206.6486893530339,4731.997883328827,608.4728797506483,7012.383840395768,5900.741665927136,605.7139641745465,1900.3543090895164,6784.522792847902
patient_103,645.0,25.8,375.9003918933867,-1642.086088257318,4747.033899004562,300.73423880858826,-7693.466023551501,5912.77103547948,300.75869611021466,-7623.881701608296,6796.55314069231
patient_103,646.0,25.84,283.21926544365743,-2317.028161243232,4758.362669622308,93.78960080481828,-5173.6159500942495,5916.522619511673,199.9980199495335,-2519.016904017029,6804.553061490292
patient_103,647.0,25.88,25.844756016458767,-6434.362735679967,4759.396459862967,61.7099233879378,-801.9919354220119,5918.99101644719,564.2337771598396,9105.893930257653,6827.122412576686
patient_103,648.0,25.92,298.00453544767174,6803.994485780325,4771.316641280874,224.65190220321517,4073.549470381934,5927.977092535319,152.123045442778,-10302.768292926541,6833.207334394397
patient_103,649.0,25.96,478.4839898231628,4511.986359387276,4790.456000873801,405.98204331211946,4533.253527722607,5944.216374267803,219.68680415743032,1689.093967866308,6841.994806560693
patient_103,650.0,26.0,553.9723432211363,1887.2088349493367,4812.614894602646,522.5158130000758,2913.344242198909,5965.117006787806,988.8090802687337,19228.056902782588,6881.547169771442
patient_103,651.0,26.04,92.9000561207169,-11526.807177510484,4816.330896847475,205.90249110402036,-7915.333047401387,5973.353106431967,34.39157110309719,-23860.437729140915,6882.922832615566
patient_103,652.0,26.08,545.345874628441,11311.145462693103,4838.144731832613,611.6028864886238,10142.509884615087,5997.817221891512,256.2612035280319,5546.740810623368,6893.173280756688
patient_103,653.0,26.12,388.62202740983696,-3918.096180465102,4853.689612929005,400.21202875965866,-5284.771443224127,6013.825703041898,398.47934567678124,3555.4535537187335,6909.112454583759
patient_103,654.0,26.16,179.69616077168587,-5223.146665953777,4860.877459359873,462.32990050629246,1552.9467936658448,6032.31889906215,478.82711155786706,2008.6941470271454,6928.265539046073
patient_103,655.0,26.2,81.89354871120796,-2445.065301511948,4864.153201308321,38.32786347058367,-10600.05092589272,6033.852013600974,231.47948737248478,-6183.690604634557,6937.524718540972
patient_103,656.0,26.24,145.85940197607857,1599.1463316217655,4869.987577387364,125.66166741669797,2183.3450986528574,6038.8784802976415,93.91656571007135,-3439.0730415603357,6941.281381169375
patient_103,657.0,26.28,219.44656138709658,1839.6789852754503,4878.765439842848,187.52685000427886,1546.6295646895223,6046.379554297812,775.9658356898532,17051.231749494546,6972.3200145969695
patient_103,658.0,26.32,309.19959458825514,2243.825830028964,4891.133423626378,319.6077755439075,3302.0231384907165,6059.163865319569,520.6989204112784,-6381.672881964369,6993.147971413421
patient_103,659.0,26.36,610.0020215253629,7520.060673427694,4915.533504487393,793.8074471470519,11854.99179007861,6090.916163205451,826.5611079111935,7646.554687497877,7026.210415729869
patient_103,660.0,26.4,604.5995837634215,-135.0609440485357,4939.717487837929,664.0743278096159,-3243.3279834359014,6117.479136317836,590.7480994298921,-5895.325212032534,7049.840339707064
patient_103,661.0,26.44,454.1837368877112,-3760.396171892758,4957.884837313438,540.6719339289178,-3085.0598470174505,6139.106013674992,283.20873166157696,-7688.484194207879,7061.168688973527
patient_103,662.0,26.48,52.045138761246484,-10053.464953161616,4959.9666428638875,12.783429834487126,-13197.212602360767,6139.617350868372,120.28585503746478,-4073.0719156028044,7065.980123175025
patient_103,663.0,26.52,373.39423999158447,8033.72753075845,4974.902412463551,351.5148400042316,8468.28525424361,6153.677944468542,1061.0616821801827,23519.395678567947,7108.422590462233
patient_103,664.0,26.56,277.7751010013084,-2390.478474756901,4986.013416503603,309.14395794139597,-1059.2720515708904,6166.043702786197,134.0810473488229,-23174.515870783995,7113.785832356185
patient_103,665.0,26.6,145.87783777545266,-3297.431580646394,4991.848530014621,50.22123170446335,-6473.068155923314,6168.052552054375,391.6401664903158,6438.977978537322,7129.451439015797
patient_103,666.0,26.64,21.531419330943496,-3108.660461112729,4992.709786787859,177.23333147478493,3175.3024942580396,6175.141885313367,60.121773862684364,-8287.959815690787,7131.856309970305
patient_103,667.0,26.68,224.79543033675722,5081.600275145343,5001.7016040013295,203.3763586273008,653.5756788128964,6183.27693965846,169.6529678685465,2738.2798501465536,7138.642428685047
patient_103,668.0,26.72,415.79253472587584,4774.927609727965,5018.333305390364,441.2602743477577,5947.0978930114225,6200.92735063237,266.9616286780179,2432.716520236785,7149.320893832168
patient_103,669.0,26.76,547.004322240443,3280.294687864179,5040.213478279982,388.66391648323804,-1314.9089466129908,6216.473907291699,389.62991238535653,3066.7070926834654,7164.906090327583
patient_103,670.0,26.8,622.1237541330399,1877.9857973149233,5065.098428445303,843.4195145530741,11368.889951745901,6250.210687873822,1037.5457855949044,16197.896830238697,7206.407921751379
patient_103,671.0,26.84,804.5483494614824,4560.614883211062,5097.280362423763,1211.088116485976,9191.715048322545,6298.654212533261,1028.9397263060014,-215.15148222257494,7247.565510803619
patient_103,672.0,26.88,192.73450673912546,-15295.346068058925,5104.9897426933285,81.25383352847483,-28245.857073937525,6301.904365874399,53.62135694706461,-24382.95923397342,7249.710365081502
patient_103,673.0,26.92,262.7655647587352,1750.7764504902432,5115.500365283678,310.0456037456929,5719.794255430452,6314.306190024228,396.41266940121676,8569.782811353803,7265.56687185755
patient_103,674.0,26.96,52.59593905176134,-5254.240642674346,5117.604202845749,222.19475761196696,-2196.271153343149,6323.193980328706,205.28875942115997,-4778.0977495014195,7273.778422234396
patient_103,675.0,27.0,106.4763554689645,1347.010410430079,5121.863257064508,63.467138099502755,-3968.190487811605,6325.732665852686,177.59990010613467,-692.2214828756324,7280.882418238642
patient_103,676.0,27.04,162.39698490257587,1398.0157358402842,5128.35913646061,266.74680965957793,5081.99178900188,6336.40253823907,231.0418423308439,1336.048555617731,7290.124091931876
patient_103,677.0,27.08,265.12163125461933,2568.1161588010864,5138.964001710795,112.07585039075713,-3866.77398172052,6340.8855722547005,477.6843342093137,6166.062296961745,7309.231465300249
patient_103,678.0,27.12,314.74888252886103,1240.6812818560425,5151.553957011949,642.3389335471721,13256.577078910374,6366.579129596587,435.6807996536474,-1050.0883638916575,7326.658697286393
patient_103,679.0,27.16,472.8545799058197,3952.642434423967,5170.468140208182,570.2246318939522,-1802.8575413304993,6389.388114872346,613.9410948486623,4456.507379875372,7351.2163410803405
patient_103,680.0,27.2,549.7563452206468,1922.544132870678,5192.458394017009,521.7671020324623,-1211.4382465372473,6410.258798953644,667.4257603945903,1337.1166386482003,7377.9133714961245
patient_103,681.0,27.24,535.7219734641235,-350.85929391308355,5213.887272955573,592.9942541022666,1780.6788017451083,6433.978569117735,1156.7644728707185,12233.467811903205,7424.183950410953
patient_103,682.0,27.28,551.8398261162488,402.94631630313233,5235.960866000223,790.7343624465208,4943.502708606355,6465.607943615596,710.8422057758934,-11148.056677370627,7452.617638641989
patient_103,683.0,27.32,525.5723521983058,-656.6868479485748,5256.983760088156,441.38637995339155,-8733.699562328231,6483.263398813731,476.1319431029828,-5867.756566822764,7471.662916366109
patient_103,684.0,27.36,224.60182144881728,-7524.2632687372125,5265.967832946109,77.77239708974302,-9090.349571591212,6486.374294697321,440.685028872302,-886.1728557670205,7489.290317521001
patient_103,685.0,27.4,164.85136012286853,-1493.7615331487186,5272.561887351024,139.1884874150783,1535.4022581333818,6491.9418341939245,161.90738233486704,-6969.441163435875,7495.766612814396
patient_103,686.0,27.44,58.52365967892366,-2658.192511098622,5274.9028337381815,72.61783589144464,-1664.2662880908415,6494.846547629581,56.98743202682502,-2622.9987577010506,7498.046110095469
patient_103,687.0,27.48,187.47871084255465,3223.876279090775,5282.401982171884,149.5914362948272,1924.3400100845638,6500.830205081375,139.7710590807586,2069.5906763483395,7503.636952458699
patient_103,688.0,27.52,381.6575638547826,4854.471325305699,5297.668284726075,361.78235773307523,5304.773035956201,6515.301499390699,333.7031669635572,4848.302697069965,7516.985079137242
patient_103,689.0,27.56,655.8204166146488,6854.0713189966555,5323.901101390661,470.63111604261115,2721.218957738398,6534.126744032404,618.0055709311425,7107.560099189634,7541.705301974488
patient_103,690.0,27.6,766.0120920555885,2754.7918860234913,5354.541585072884,465.07768132205865,-138.83586801381256,6552.729851285286,655.6969115765714,942.2835161357227,7567.933178437551
patient_103,691.0,27.64,760.4164176914327,-139.89185910389494,5384.958241780541,1144.782399344393,16992.61795055836,6598.521147259062,765.7045569243112,2750.1911336934936,7598.561360714524
patient_103,692.0,27.68,747.1560508109586,-331.50917201185166,5414.84448381298,632.6610916625993,-12803.032692044842,6623.827590925565,633.6779122312458,-3300.666117326634,7623.908477203774
patient_103,693.0,27.72,367.02893314189475,-9503.177941726597,5429.525641138656,480.1828694077091,-3811.9555563722556,6643.034905701873,567.0656806462162,-1665.3057896257424,7646.591104429623
patient_103,694.0,27.76,221.90054982757135,-3628.209582858085,5438.401663131759,419.9172566143865,-1506.640319833066,6659.83159596645,579.7021179072485,315.91093152580925,7669.779189145913
patient_103,695.0,27.8,118.6725003419486,-2580.7012371405685,5443.148563145438,209.0327766623176,-5272.111998801722,6668.1929070329425,248.52244739891,-8279.491762708463,7679.72008704187
patient_103,696.0,27.84,127.52830367553643,221.39508333969573,5448.2496952924585,76.29499010867562,-3318.444663841049,6671.244706637289,426.0527829997242,4438.258390020354,7696.762198361859
patient_103,697.0,27.88,21.666502419116117,-2646.545031410508,5449.116355389223,59.45028170854922,-421.11771000316,6673.622717905631,385.92156886720136,-1003.2803533130703,7712.199061116547
patient_103,698.0,27.92,295.0345473284427,6834.201122733165,5460.917737282361,305.31692925754174,6146.666188724813,6685.835395075933,279.8039837953501,-2652.939626796281,7723.391220468361
patient_103,699.0,27.96,503.6553083705403,5215.51902605244,5481.0639496171825,743.5749333399997,10956.450102061448,6715.578392409532,898.0838151827824,15456.995784685807,7759.314573075672
patient_103,700.0,28.0,708.2334133189115,5114.4526237092805,5509.393286149938,895.6094023678272,3800.861725695688,6751.402768504245,979.355388348255,2031.7893291368164,7798.488788609602
patient_103,701.0,28.04,249.11907873006834,-11477.85836472108,5519.3580492991405,1215.1481855921886,7988.469580609035,6800.008695927932,1320.206581335368,8521.279824677822,7851.297051863017
patient_103,702.0,28.08,574.3256026265115,8130.163097411078,5542.331073404202,1217.432251860386,57.10165670493552,6848.705986002348,1176.3719686359666,-3595.8653174850324,7898.351930608456
patient_103,703.0,28.12,354.5496136863258,-5494.399723504641,5556.513057951654,593.6665612384938,-15594.142265547305,6872.452648451888,585.8047374940318,-14764.18077854837,7921.784120108217
patient_103,704.0,28.16,291.28912295481234,-1581.5122682878368,5568.164622869848,286.3380349074381,-7683.213158276393,6883.9061698481855,164.1278809620323,-10541.921413299988,7928.349235346699
patient_103,705.0,28.2,361.18630917642463,1747.429655540307,5582.612075236905,174.92662368731413,-2785.2852805030993,6890.903234795679,194.83596575205644,767.7021197506036,7936.142673976781
patient_103,706.0,28.24,284.3235101860582,-1921.5699747591614,5593.985015644347,446.96815572149654,6801.0383008545605,6908.781961024539,384.16536039064965,4733.2348659648305,7951.509288392407
patient_103,707.0,28.28,418.5583792512583,3355.8717266300036,5610.727350814397,217.58884067454989,-5734.482876173666,6917.485514651521,216.21721147711642,-4198.703722838331,7960.157976851491
patient_103,708.0,28.32,233.15041568910132,-4635.199089053925,5620.053367441961,706.6461350749951,12226.43236001113,6945.75136005452,502.289714104353,7151.812565680913,7980.2495654156655
patient_103,709.0,28.36,447.58086941629506,5360.761343179844,5637.956602218614,644.5586765180199,-1552.1864639243802,6971.533707115242,531.2692110783552,724.4874243500547,8001.500333858799
patient_103,710.0,28.4,140.19974316641927,-7684.528156246895,5643.56459194527,102.33079825131888,-13555.696956667523,6975.626939045294,65.07918940741129,-11654.750541773597,8004.1035014350955
patient_103,711.0,28.44,78.12719834553148,-1551.8136205221947,5646.689679879091,76.16261349991888,-654.2046187850001,6978.67344358529,35.49216256400771,-739.6756710850897,8005.523187937656
patient_103,712.0,28.48,136.08281108437623,1448.8903184711187,5652.132992322466,338.3779187688505,6555.382631723291,6992.208560336045,81.53461752794722,1151.0613740984877,8008.784572638774
patient_103,713.0,28.52,22.876298085565825,-2830.1628249702603,5653.048044245888,63.179947090407616,-6879.949291961073,6994.73575821966,35.6101723988189,-1148.1111282282081,8010.2089795347265
patient_103,714.0,28.56,43.4370909252831,514.019820992932,5654.785527882899,79.3650545314961,404.62768602721206,6997.91036040092,46.14250616635718,263.30834418845706,8012.054679781381
patient_103,715.0,28.6,82.98084955520804,988.5939657481234,5658.104761865107,92.69819432193077,333.32849476086676,7001.618288173798,67.92841393492587,544.6476942142173,8014.771816338778
patient_103,716.0,28.64,43.00118697084564,-999.49156460906,5659.8248093439415,48.08017971601066,-1115.4503651480027,7003.541495362439,8.762554425817235,-1479.1464877277158,8015.122318515811
patient_103,717.0,28.68,20.166303311600547,-570.8720914811272,5660.631461476405,27.954387624564802,-503.1448022861465,7004.6596708674215,19.940542683396767,279.4497064394883,8015.919940223145
patient_103,718.0,28.72,26.05952602981835,147.33056795544508,5661.673842517598,71.27410327103352,1082.992891161718,7007.510634998263,46.640371851013214,667.4957291904111,8017.785555097186
patient_103,719.0,28.76,10.533186337241041,-388.15849231443275,5662.095169971089,23.156277209676634,-1202.9456515339223,7008.43688608665,12.949613328449978,-842.2689630640809,8018.303539630324
patient_103,720.0,28.8,22.161912236995917,290.7181474938719,5662.981646460568,118.41096672004366,2381.3672377591756,7013.173324755452,18.357670412197095,135.20142709367792,8019.037846446811
patient_103,721.0,28.84,31.525808756109257,234.09741297783347,5664.242678810813,76.7301250424084,-1042.0210419408813,7016.242529757149,41.86187091330286,587.6050125276441,8020.712321283343
patient_103,722.0,28.88,33.93905184734712,60.331077280946666,5665.600240884707,54.613408215910496,-552.9179206624476,7018.427066085785,14.57683643866771,-682.1258618658786,8021.2953947408905
patient_103,723.0,28.92,11.510638768272965,-560.7103269768539,5666.060666435438,65.4042433639907,269.7708787020051,7021.043235820344,7.487804689103937,-177.22579373909434,8021.594906928454
patient_103,724.0,28.96,2.749263661044991,-219.03437768069932,5666.170636981879,38.20404224503157,-680.0050279739783,7022.571397510145,26.75652383056231,481.7179785364592,8022.665167881676
patient_103,725.0,29.0,21.18490575949549,460.8910524612624,5667.018033212259,32.02890841732966,-154.37834569254784,7023.852553846838,9.077333020392233,-441.97977025425195,8023.028261202492
patient_103,726.0,29.04,7.373342956324676,-345.2890700792703,5667.312966930513,91.5908730572337,1489.049115997601,7027.516188769127,41.38264960540192,807.6329146252423,8024.683567186708
patient_103,727.0,29.08,7.721289026644627,8.698651757998753,5667.621818491578,31.90303277355942,-1492.196007091857,7028.79231008007,16.931834917459792,-611.2703671985532,8025.360840583407
patient_103,728.0,29.12,20.735149878969708,325.346521308127,5668.451224486737,28.202058235798955,-92.52436344401164,7029.920392409502,15.481605090257764,-36.2557456800507,8025.980104787017
patient_103,729.0,29.16,17.18411374551998,-88.77590333624319,5669.138589036558,32.17626149457807,99.35508146947791,7031.207442869284,24.226211382535933,218.61515730695422,8026.949153242318
patient_103,730.0,29.2,20.907326469673322,93.08031810383355,5669.974882095345,32.13035278665667,-1.1477176980349668,7032.49265698075,30.298058468808517,151.7961771568146,8028.161075581072
patient_103,731.0,29.24,19.460178541103403,-36.17869821424797,5670.753289236989,30.03129251657616,-52.47650675201285,7033.693908681413,7.225442920300271,-576.8153887127062,8028.450093297883
patient_103,732.0,29.28,5.386769501131435,-351.83522599929915,5670.968760017035,114.61931836017311,2114.700646089924,7038.27868141582,12.652603311411974,135.6790097777926,8028.956197430339
patient_103,733.0,29.32,13.613162594395773,205.65982733160845,5671.51328652081,14.981539672517927,-2490.9444671913798,7038.877943002722,13.47299215999375,20.509721214544374,8029.4951171167395
patient_103,734.0,29.36,9.06640202009995,-113.66901435739555,5671.875942601614,5.101415292741459,-247.00310949441172,7039.081999614431,11.372854069719578,-52.50345225685429,8029.950031279528
patient_103,735.0,29.4,19.687124494919487,265.51806187048845,5672.663427581411,11.779058341183678,166.94107621105547,7039.553161948078,25.060430955246474,342.1894221381724,8030.952448517738
patient_103,736.0,29.44,18.104433219433826,-39.56728188714153,5673.387604910189,29.063131586976645,432.1018311448242,7040.7156872115565,22.40344632640352,-66.4246157210738,8031.848586370795
patient_103,737.0,29.48,15.68293922060302,-60.53734997077016,5674.014922479013,46.65104616452986,439.6978644388303,7042.581729058138,3.867806212359217,-463.39100285110766,8032.003298619289
patient_103,738.0,29.52,10.280246614483564,-135.06731515298637,5674.426132343592,33.11581933091247,-338.3806708404347,7043.906361831374,23.59155090897853,493.0936174154828,8032.946960655649
patient_103,739.0,29.56,18.791445396471286,212.77996954969302,5675.1777901594505,21.058158190389367,-301.4415285130776,7044.74868815899,13.115533550550976,-261.9004339606888,8033.471581997671
patient_103,740.0,29.6,8.16339151778003,-265.7013469672814,5675.504325820161,63.847830012431245,1069.741795551047,7047.302601359488,6.922962110248971,-154.81428600755015,8033.748500482081
patient_103,741.0,29.64,4.889523527860366,-81.8466997479916,5675.699906761275,10.783564244537079,-1326.6066441973542,7047.733943929269,12.298777970425748,134.39539650441944,8034.240451600898
patient_103,742.0,29.68,5.864707244741816,24.379592922036263,5675.934495051064,88.55347289859412,1944.247716351426,7051.276082845213,7.2356194978509585,-126.57896181436973,8034.529876380813
patient_103,743.0,29.72,30.19605034857719,608.2835775958844,5677.142337065007,8.971580120143685,-1989.547319461261,7051.634946050019,5.646809043530901,-39.72026135800144,8034.755748742555
patient_103,744.0,29.76,34.79074299528733,114.8673161677535,5678.533966784818,144.0544436525401,3377.07158830991,7057.3971237961205,6.313083391782016,16.656858706277887,8035.008272078226
patient_103,745.0,29.8,19.204922961085053,-389.645500855057,5679.302163703262,14.61409619568134,-3236.0086864214695,7057.981687643947,19.8799083765051,339.1706246180771,8035.803468413286
patient_103,746.0,29.84,17.14590782018101,-51.47537852260111,5679.988000016068,49.87735978111225,881.5815896357726,7059.976782035192,15.039010855483689,-121.02243802553528,8036.405028847506
patient_103,747.0,29.88,2.276521702743637,-371.7346529359343,5680.079060884177,20.138112734820677,-743.4811761572893,7060.7823065445855,15.015868366131867,-0.5785622337955321,8037.005663582152
patient_103,748.0,29.92,10.460544227785341,204.60056312604263,5680.497482653289,55.26520231990463,878.1772396270987,7062.992914637382,10.502294189944429,-112.83935440468595,8037.425755349749
patient_103,749.0,29.96,8.898887780701608,-39.04141117709332,5680.853438164518,23.85408884114479,-785.277836968996,7063.947078191028,11.852342439342538,33.75120623495271,8037.899849047323
patient_103,750.0,30.0,10.86404014121438,49.12880901281929,5681.287999770167,23.621852094150288,-5.8059186748625535,7064.891952274795,17.05230720233509,129.99911907481382,8038.581941335417
patient_103,751.0,30.04,9.865745008948663,-24.95737830664293,5681.682629570524,4.375591910007348,-481.1565046035735,7065.066975951195,10.85615708731329,-154.903752875545,8039.0161876189095
patient_103,752.0,30.08,0.5366161197855357,-233.22822222907814,5681.704094215316,4.087975539386693,-7.190409265516373,7065.23049497277,2.4693779125408386,-209.6694793693113,8039.114962735412
patient_103,753.0,30.12,2.377938760887095,46.03306602753898,5681.799211765751,2.609180851200164,-36.96986720466322,7065.334862206818,2.4020422187385644,-1.6833923450568555,8039.211044424161
patient_103,754.0,30.16,2.28638002395244,-2.2889684233663776,5681.890666966709,12.45371301132035,246.11330400300463,7065.83301072727,2.3471623191396582,-1.371997489972654,8039.304930916926
patient_103,755.0,30.2,2.1483925082942075,-3.4496878914558105,5681.976602667041,10.816732236404903,-40.92451937288617,7066.265680016728,4.832726174081291,62.139096373540816,8039.49823996389
patient_103,756.0,30.24,5.649771261210626,87.53446882291045,5682.20259351749,117.87196876232385,2676.3809131479734,7070.980558767221,15.784721787937233,273.79989034639857,8040.129628835408
patient_103,757.0,30.28,10.007987249756612,108.95539971364965,5682.60291300748,15.804964764933985,-2551.6750999347464,7071.612757357819,36.47825073432841,517.3382236597795,8041.588758864781
patient_103,758.0,30.32,26.292704533729513,407.11793209932256,5683.654621188829,124.54592495526421,2718.5240047582556,7076.594594356029,2.8509167005361467,-840.6833508448067,8041.702795532802
patient_103,759.0,30.36,17.58018094718117,-217.81308966370858,5684.357828426716,57.69545978610826,-1671.2616292288988,7078.902412747473,34.323240044703645,786.8080836041875,8043.07572513459
patient_103,760.0,30.4,19.332133449122114,43.79881254852363,5685.131113764681,4.357790531964418,-1333.441731353596,7079.0767243687515,19.590111719551707,-368.32820812879845,8043.859329603372
patient_103,761.0,30.44,7.925820044378842,-285.15783511858183,5685.448146566457,55.27579525627235,1272.9501181076985,7081.287756179003,7.4336655046523665,-303.9111553724835,8044.156676223559
patient_103,762.0,30.48,8.75323215158763,20.685302680219706,5685.79827585252,55.862203998009925,14.660218543439285,7083.522244338923,14.478936756910675,176.13178130645773,8044.735833693835
patient_103,763.0,30.52,4.889316791362588,-96.59788400562606,5685.993848524174,29.84848850925602,-650.3428872188476,7084.716183879293,26.973936005095986,312.3749812046328,8045.814791134038
patient_103,764.0,30.56,8.219179192548946,83.24656002965895,5686.322615691876,38.505533925178675,216.4261353980664,7086.2564052362995,29.529000966241536,63.87662402863876,8046.9959511726875
patient_103,765.0,30.6,2.8370210417430277,-134.55395377014796,5686.436096533546,33.82314802066514,-117.05964761283845,7087.609331157126,6.3929837205716,-578.4004311417484,8047.25167052151
patient_103,766.0,30.64,4.374557044734233,38.43840007478012,5686.6110788153355,18.94902466437122,-371.8530839073479,7088.367292143701,4.702835850604025,-42.25369674918937,8047.439783955534
patient_103,767.0,30.68,20.8122836324282,410.9431646923492,5687.443570160633,75.88960053887153,1423.5143968625077,7091.402876165256,4.595839486954152,-2.674909091246813,8047.623617535012
patient_103,768.0,30.72,22.10119162162531,32.222699729927754,5688.327617825498,32.73406650800996,-1078.8883507715393,7092.7122388255775,36.365345166203646,794.2376419812374,8049.07823134166
patient_103,769.0,30.76,19.031411229832518,-76.74450979481983,5689.088874274691,101.32853693649632,1714.861760712159,7096.765380303037,22.02118303727455,-358.60405322322737,8049.9590786631525
patient_103,770.0,30.8,16.5375601821797,-62.34627619132045,5689.750376681979,3.4922148202793055,-2445.9080529054254,7096.905068895849,10.124822739889494,-297.4090074346264,8050.364071572748
patient_103,771.0,30.84,15.02767307212311,-37.74717775141476,5690.3514836048635,12.421095070813655,223.2220062633587,7097.4019126986805,11.760318287700015,40.88738869526303,8050.834484304256
patient_103,772.0,30.88,8.50950212129755,-162.954273770639,5690.691863689716,37.68237737954514,631.532057718287,7098.909207793862,11.318141162952248,-11.05442811869417,8051.287209950774
patient_103,773.0,30.92,10.377652357536213,46.7037559059666,5691.106969784018,37.1169630788564,-14.135357517218416,7100.393886317016,11.25351803055495,-1.6155783099324417,8051.737350671996
patient_103,774.0,30.96,11.643560555291433,31.647704943880495,5691.572712206229,27.932080342485396,-229.62206840927513,7101.511169530716,16.751453277593843,137.44838117597232,8052.407408803099
