patient,frame,time_s,wrist_speed_mm_s,wrist_accel_mm_s2,wrist_path_mm,thumb_tip_speed_mm_s,thumb_tip_accel_mm_s2,thumb_tip_path_mm,index_finger_tip_speed_mm_s,index_finger_tip_accel_mm_s2,index_finger_tip_path_mm
patient_174,0.0,0.0,,,0.0,,,0.0,,,0.0
patient_174,1.0,0.04,151.61125023454477,,6.06445000938179,271.62106503968187,,10.864842601587275,45.9184181096051,,1.8367367243842039
patient_174,2.0,0.08,61.91966880696713,-2242.289535689441,8.541236761660477,54.64934006289668,-5424.29312441963,13.05081620410314,23.479919309567432,-560.9624700009417,2.7759334967669016
patient_174,3.0,0.12,13.139757471572876,-1219.4977833848563,9.06682706052339,17.755389240286647,-922.3487705652508,13.761031773714608,35.043985217860644,289.1016477073303,4.177692905481328
patient_174,4.0,0.16,20.496938888904598,183.92953543329304,9.886704616079575,18.04993482918399,7.363639722433568,14.483029166881968,18.521299077721103,-413.0671535034885,4.918544868590171
patient_174,5.0,0.2,11.9004835407035,-214.91138370502748,10.362723957707715,5.766118619848306,-307.09540523339206,14.713673911675901,4.108788190867291,-360.31277217134533,5.082896396224863
patient_174,6.0,0.24,18.707425701467074,170.17355401908935,11.111020985766396,32.574773116665256,670.2163624204237,16.01666483634251,15.71859934431634,290.2452788362262,5.711640369997516
patient_174,7.0,0.28,20.781501684378373,51.851899572782486,11.942281053141533,14.343063277448051,-455.7927459804301,16.59038736744043,7.809511579987902,-197.72719410821097,6.024020833197032
patient_174,8.0,0.32,40.990693988835034,505.2298076114165,13.581908812694932,5.064767889806759,-231.95738469103233,16.792978083032704,13.156549060125343,133.67593700343602,6.550282795602047
patient_174,9.0,0.36,8.409588314221324,-814.5276418653427,13.918292345263785,10.308767847942924,131.09999895340414,17.205328796950422,15.664131502707738,62.689561064559875,7.176848055710355
patient_174,10.0,0.4,12.07227457811964,91.56715659745788,14.40118332838857,6.549122841228324,-93.99112516786501,17.467293710599552,6.8399956264317305,-220.60339690690017,7.4504478807676255
patient_174,11.0,0.44,7.999794011062135,-101.81201417643761,14.721175088831055,4.102287722009584,-61.1708779804685,17.631385219479938,11.997242835461678,128.9311802257487,7.930337594186093
patient_174,12.0,0.48,66.23790268991027,1455.9527169712035,17.370691196427465,22.32242438768999,455.5034166420101,18.524282194987535,17.198313962104567,130.02677816607223,8.618270152670275
patient_174,13.0,0.52,35.616719486744195,-765.5295800791519,18.795359975897235,8.029534713441684,-357.3222418562076,18.845463583525206,6.798560187924673,-259.99384435449736,8.890212560187262
patient_174,14.0,0.56,16.235404171121278,-484.5328828905729,19.444776142742086,5.6861718425460515,-58.58407177239082,19.072910457227046,15.429478208909922,215.7729505246312,9.50739168854366
patient_174,15.0,0.6,12.692972332091557,-88.56079597574302,19.95249503602575,15.619463732722375,248.3322972544081,19.697689006535942,4.596302402293367,-270.82939516541387,9.691243784635395
patient_174,16.0,0.64,8.022607303862717,-116.759125705721,20.273399328180258,17.197464847659226,39.45002787342129,20.38558760044231,2.8381444668339397,-43.953948386485685,9.804769563308751
patient_174,17.0,0.68,6.503802020353347,-37.97013208773426,20.53355140899439,14.525393999782548,-66.80177119691697,20.96660336043361,23.664092271099253,520.6486951066329,10.751333254152721
patient_174,18.0,0.72,19.170416650475463,316.66536575305287,21.300368075013406,9.582926660348026,-123.56168348586306,21.34992042684753,26.20409485810048,63.50006467503064,11.79949704847674
patient_174,19.0,0.76,4.422847982232737,-368.6892167060682,21.477281994302714,9.368054310033822,-5.371808757855101,21.72464259924888,37.22734527506936,275.581260424222,13.288590859479514
patient_174,20.0,0.8,5.538492600091019,27.89111544645706,21.698821698306357,8.350555689005857,-25.43746552569912,22.058664826809117,15.838909700878173,-534.7108893547797,13.92214724751464
patient_174,21.0,0.84,2.414479742697465,-78.10032143483886,21.795400888014257,6.765004146396264,-39.638788565239814,22.329264992664967,19.170776613386405,83.29667281270581,14.688978312050097
patient_174,22.0,0.88,3.279868115492079,21.63470931986535,21.926595612633935,5.477094435730664,-32.197742766640005,22.548348770094194,22.987622405756653,95.4211448092562,15.608483208280363
patient_174,23.0,0.92,14.572803453107033,282.32338344037385,22.509507750758218,8.042427349272765,64.13332283855253,22.870045864065105,12.070110471531287,-272.9377983556342,16.091287627141615
patient_174,24.0,0.96,59.830745467696374,1131.4485503647336,24.902737569466073,20.30003600689285,306.4402164405021,23.682047304340816,39.14750558457011,676.9348778259706,17.65718785052442
patient_174,25.0,1.0,26.363784734488117,-836.6740183302063,25.9572889588456,30.36662963555138,251.66484071646326,24.896712489762873,11.028556031759312,-702.97373882027,18.098330091794793
patient_174,26.0,1.04,24.66417883041918,-42.49014760172347,26.943856112062363,32.19680927169626,45.754490903622,26.18458486063072,42.45297094322542,785.6103727866526,19.79644892952381
patient_174,27.0,1.08,9.425825424913944,-380.95883513763084,27.32088912905892,13.839115308724763,-458.9423490742874,26.738149472979714,33.27210199807424,-229.5217236287794,21.12733300944678
patient_174,28.0,1.12,10.52229892708226,27.411837554207885,27.74178108614221,1.7869769868413115,-301.3034580470863,26.809628552453365,12.320002685456942,-523.8024828154325,21.62013311686506
patient_174,29.0,1.16,8.087442576319054,-60.871408769080126,28.065278789194974,9.147857814308596,184.02202068668208,27.175542865025708,1.945896193938532,-259.35266228796024,21.6979689646226
patient_174,30.0,1.2,2.0487759211910537,-150.96666637820002,28.14722982604261,6.298365250721747,-71.23731408967122,27.42747747505458,38.298165909691356,908.8067428938207,23.229895601010252
patient_174,31.0,1.24,7.205855954637516,128.92700083616154,28.435464064228114,13.893668652099494,189.88258503444368,27.983224221138556,50.843795003878654,313.64072735468244,25.2636474011654
patient_174,32.0,1.28,23.923038899689598,417.929573626302,29.392385620215695,10.9935588280452,-72.50274560135735,28.422966574260368,20.443480049027656,-760.0078738712749,26.081386603126507
patient_174,33.0,1.32,11.004484705720248,-322.9638548492337,29.832565008444508,12.928728747626913,48.379247989542804,28.940115724165445,4.866962205197515,-389.4129460957535,26.27606509133441
patient_174,34.0,1.36,5.659758714885303,-133.61814977087363,30.05895535703992,11.644792014037526,-32.09841833973468,29.405907404726946,5.293036387053379,10.65185454639661,26.48778654681654
patient_174,35.0,1.4,2.6832351101066982,-74.41309011946512,30.16628476144419,4.514057139711705,-178.2683718581455,29.58646969031541,3.89748318736386,-34.88882999223799,26.643685874311096
patient_174,36.0,1.44,40.574519006550325,947.2820974110906,31.789265521706202,22.53143534516472,450.43445513632537,30.487727104122,13.869269410305662,249.29465557354504,27.19845665072332
patient_174,37.0,1.48,19.83683998217137,-518.4419756094738,32.582739120993054,50.95959090570517,710.7038890135112,32.526110740350205,45.70052354395763,795.7813533412992,29.026477592481623
patient_174,38.0,1.52,2.6264785345833155,-430.2590361897013,32.68779826237639,24.31785060446274,-666.0435075310608,33.49882476452871,4.261441101218069,-1035.977061068489,29.196935236530347
patient_174,39.0,1.56,22.209615504977602,489.5784242598571,33.57618288257549,4.0660660651491005,-506.294613482841,33.66146740713468,23.71220411099165,486.26907524433955,30.145423400970014
patient_174,40.0,1.6,13.257997353493815,-223.7904537870947,34.106502776715246,11.581616882104404,187.8887704238826,34.12473208241885,8.991887443284293,-368.0079166926839,30.505098898701384
patient_174,41.0,1.64,3.561022368490226,-242.4243746250897,34.248943671454846,6.330325439396102,-131.28228606770756,34.3779450999947,20.46492051716444,286.82582684700367,31.32369571938796
patient_174,42.0,1.68,10.739833068455356,179.47026749912825,34.67853699419307,5.949304456113527,-9.52552458206437,34.61591727823924,13.22412348583005,-181.01992578335975,31.852660658821165
patient_174,43.0,1.72,24.43691006713484,342.4269249669871,35.65601339687846,12.424169699223748,161.87163107775552,35.11288406620819,9.055054411656444,-104.22672685434016,32.21486283528742
patient_174,44.0,1.76,18.289106800697198,-153.69508166094104,36.387577668906346,8.301233187025264,-103.07341280496209,35.4449333936892,14.274026194512995,130.47429457141376,32.78582388306794
patient_174,45.0,1.8,22.869228600208753,114.5030449877889,37.30234681291469,5.436028027364285,-71.63012899152447,35.66237451478377,26.870205627116434,314.904485815086,33.8606321081526
patient_174,46.0,1.84,12.113810571861457,-268.8854507086824,37.78689923578915,9.830387459885092,109.85898581302015,36.05559001317917,17.547540325044906,-233.0666325517882,34.562533721154395
patient_174,47.0,1.88,6.6418739210720545,-136.79841626973507,38.05257419263203,3.067434765459977,-169.07381736062788,36.17828740379757,19.577392501106964,50.746304401551434,35.34562942119867
patient_174,48.0,1.92,37.66287591595938,775.5250498721832,39.559089229270405,38.85493847389858,894.687592710965,37.732484942753516,58.537983889830606,974.014784718091,37.687148776791894
patient_174,49.0,1.96,37.469770051306156,-4.827646616330661,41.057880031322654,39.64220145151363,19.68157444037626,39.318173000814056,22.298251927835103,-905.9932990498876,38.5790788539053
patient_174,50.0,2.0,13.202543301839007,-606.6806687366787,41.58598176339622,6.506872530747601,-828.3832230191507,39.57844790204396,58.747991873346024,911.243498637773,40.92899852883914
patient_174,51.0,2.04,7.470095511001682,-143.31119477093316,41.88478558383629,1.1585390532745685,-133.7083369368258,39.624789464174945,19.53664859581309,-980.2835819383233,41.71046447267167
patient_174,52.0,2.08,17.951119015966274,262.02558762411485,42.60283034447494,15.30984423605277,353.782629569455,40.23718323361706,16.339496090995855,-79.9288126204309,42.3640443163115
patient_174,53.0,2.12,14.413842113051032,-88.43192257288104,43.179384028996985,15.146637835030873,-4.08016002554743,40.843048747018294,14.20376327388806,-53.39332042769489,42.93219484726703
patient_174,54.0,2.16,5.86341977145694,-213.76055853985233,43.41392081985526,10.97622631605672,-104.2602879743538,41.28209779966056,48.75308394197317,863.7330167021279,44.88231820494596
patient_174,55.0,2.2,6.5440933303888515,17.016838973297798,43.675684553070816,13.197354141123771,55.52819562667626,41.80999196530551,40.96467128249067,-194.71031648706258,46.52090505624558
patient_174,56.0,2.24,9.178444487119249,65.85877891825993,44.04282233255559,14.50541398425628,32.70149607831274,42.390208524675764,36.741260015540966,-105.5852816737426,47.99055545686722
patient_174,57.0,2.28,2.9073628370429723,-156.7770412519069,44.15911684603731,20.738414665694147,155.82501703594667,43.219745111303524,28.416778300285223,-208.11204288139356,49.12722658887863
patient_174,58.0,2.32,20.507152680429193,439.99474608465556,44.97940295325448,13.052792344226306,-192.14055803669604,43.74185680507259,11.017392091744135,-434.9846552135272,49.567922272548394
patient_174,59.0,2.36,11.745281807044853,-219.04677183460853,45.449214225536274,19.387496662837933,158.36760796529066,44.5173566715861,7.29990595976525,-92.93715329947212,49.859918510939
patient_174,60.0,2.4,23.152258396409465,285.1744147341153,46.37530456139265,54.05651661129491,866.7254987114244,46.6796173360379,26.051487405510645,468.78953614363485,50.901978007159435
patient_174,61.0,2.44,28.58294147525927,135.76707697124507,47.518622220403024,35.211726386849996,-471.11975561112286,48.088086391511894,44.78638548281769,468.3724519326762,52.69343342647214
patient_174,62.0,2.48,7.668610448963028,-522.858275657406,47.825366638361544,2.589824928877906,-815.5475364493024,48.19167938866702,16.37292493182114,-710.3365137749139,53.34835042374499
patient_174,63.0,2.52,12.291869726300655,115.58148193344068,48.31704142741357,18.908508958896135,407.9671007504557,48.94801974702286,10.33030810459114,-151.06542068074998,53.76156274792863
patient_174,64.0,2.56,27.93923386092049,391.18410336549584,49.43461078185039,7.294417640818107,-290.3522829519507,49.23979645265559,11.659521379363891,33.23033186931879,54.227943603103185
patient_174,65.0,2.6,7.091864844221915,-521.1842254174643,49.71828537561926,18.087381543935262,269.82409757792885,49.963291714412996,4.432809729991961,-180.66779123429825,54.40525599230286
patient_174,66.0,2.64,3.2957820127576105,-94.90207078660761,49.850116656129565,9.421938432889913,-216.63607777613373,50.3401692517286,16.851332987671913,310.46308144199884,55.07930931180974
patient_174,67.0,2.68,25.77329901695121,561.93792510484,50.88104861680761,10.013561802724498,14.790584245864613,50.74071172383758,12.109912097209065,-118.5355222615712,55.5637057956981
patient_174,68.0,2.72,17.116749056147064,-216.41374902010364,51.56571857905349,5.6366065202999796,-109.42388206061295,50.966175984649574,4.869362864042892,-181.01373082915433,55.75848031025981
patient_174,69.0,2.76,36.28224958137757,479.13751313076267,53.01700856230859,13.082545903250129,186.14848457375373,51.48947782077958,5.254813950182442,9.636277153488738,55.96867286826711
patient_174,70.0,2.8,34.62056077078337,-41.54222026485499,54.40183099313993,14.393130257656717,32.7646088601647,52.06520303108585,19.025404873132285,344.2647730737461,56.7296890631924
patient_174,71.0,2.84,20.070223391644696,-363.7584344784669,55.20463992880572,6.549933836731171,-196.07991052313864,52.3272003845551,7.665171243664202,-284.0058407367021,57.03629591293897
patient_174,72.0,2.88,15.834721864055888,-105.88753818972019,55.838028803367955,13.660354493427686,177.76051641741287,52.873614564292204,56.21469661829942,1213.7381343658803,59.28488377767095
patient_174,73.0,2.92,28.078135104515976,306.0853310115022,56.96115420754859,24.56487286803525,272.61295936518906,53.856209479013614,35.48115504160961,-518.3385394172452,60.70412997933533
patient_174,74.0,2.96,15.0150644840297,-326.5767655121569,57.561756786909775,4.645213997883842,-497.9914717537851,54.042018038928965,12.143521756055799,-583.4408321388454,61.18987084957757
patient_174,75.0,3.0,9.154917524099739,-146.50367399824904,57.927953487873765,28.732208742222763,602.174868608473,55.191306388617875,33.9044351751898,544.0228354783502,62.54604825658515
patient_174,76.0,3.04,14.27072848811057,127.8952741002708,58.498782627398185,6.602010102436574,-553.2549659946548,55.455386792715345,32.49768469775078,-35.168761935975645,63.84595564449519
patient_174,77.0,3.08,14.660688432756283,9.748998616142801,59.08521016470844,38.49332701185747,797.2829227355223,56.995119873189644,8.442105008910241,-601.3894922210135,64.1836398448516
patient_174,78.0,3.12,11.468304421007662,-79.8096002937155,59.54394234154874,4.677701826627467,-845.3906296307499,57.18222794625474,14.331290304487952,147.22963238944277,64.75689145703112
patient_174,79.0,3.16,11.409160847893455,-1.4785893278551843,60.00030877546448,5.714114791303814,25.91032411690868,57.41079253790689,4.327781560567389,-250.08771859801408,64.93000271945381
patient_174,80.0,3.2,2.9804511782479195,-210.71774174113838,60.119526822594395,2.958131546042926,-68.8995811315222,57.52911779974861,13.540178068725123,230.30991270394335,65.47160984220281
patient_174,81.0,3.24,10.203871992634973,180.5855203596763,60.527681702299795,3.1723241400496858,5.3548148501689985,57.6560107653506,12.324666079166755,-30.387799738959174,65.96459648536948
patient_174,82.0,3.28,4.302928957474874,-147.52357587900246,60.6997988605988,3.3136299898902015,3.532646246012894,57.788555964946205,7.926395469621629,-109.95676523862817,66.28165230415435
patient_174,83.0,3.32,8.194800808678673,97.29679628009498,61.02759089294594,10.095919110236945,169.5572280086686,58.19239272935569,6.543158880403754,-34.580914730446864,66.5433786593705
patient_174,84.0,3.36,30.817224557145337,565.5605937116667,62.26027987523175,39.10944679904712,725.3381922202544,59.75677060131758,36.92095677912207,759.444947467958,68.02021693053538
patient_174,85.0,3.4,4.550645011778988,-656.6644886341587,62.44230567570291,10.603652209846791,-712.6448647300082,60.180916689711445,44.587473540783584,191.6629190415378,69.80371587216672
patient_174,86.0,3.44,18.145655079440356,339.87525169153423,63.16813187888052,7.344539085510201,-81.47782810841476,60.474698253131855,17.365273252064267,-680.555007217983,70.4983268022493
patient_174,87.0,3.48,11.649966068066389,-162.39222528434917,63.634130521603176,15.894762551250954,213.75558664351882,61.1104887551819,4.754299756474694,-315.2743373897393,70.68849879250828
patient_174,88.0,3.52,9.528488241244547,-53.03694567054605,64.01527005125295,1.0854443604126833,-370.2329547709568,61.15390652959841,5.160515298414843,10.15538854850373,70.89491940444488
patient_174,89.0,3.56,9.24226516960508,-7.155576790986684,64.38496065803716,7.552654931265208,161.6802642713131,61.45601272684901,13.563298319537369,210.06957552806313,71.43745133722636
patient_174,90.0,3.6,8.403702491438027,-20.964066954176317,64.72110875769468,4.190081396103028,-84.06433837905449,61.62361598269314,7.561829741519003,-150.03671445045913,71.73992452688712
patient_174,91.0,3.64,9.30086707902407,22.42911468965105,65.09314344085564,6.2889000056911595,52.47046523970329,61.87517198292078,10.281979933299205,68.00375479450504,72.1512037242191
patient_174,92.0,3.68,12.464831229527578,79.0991037625877,65.59173669003675,15.533273177776971,231.10932930214528,62.49650291003186,6.746438494739945,-88.38853596398148,72.4210612640087
patient_174,93.0,3.72,5.545237894103193,-172.98983338560961,65.81354620580088,3.4373066357689295,-302.3991635502011,62.633995175462616,9.574626813905612,70.70470797914166,72.80404633656491
patient_174,94.0,3.76,5.858042292089474,7.820109949657028,66.04786789748445,2.8476826638930413,-14.740599296897205,62.74790248201833,11.516283831281436,48.54142543439561,73.26469768981617
patient_174,95.0,3.8,10.251507205773647,109.83662284210433,66.4579281857154,5.952747510132161,77.62662115597799,62.986012382423624,3.297997357078601,-205.45716185507086,73.39661758409932
patient_174,96.0,3.84,34.97313333618096,618.0406532601827,67.85685351916264,5.379972170364988,-14.319383494179316,63.20121126923822,23.55470990770614,506.4178137656885,74.33880598040757
patient_174,97.0,3.88,20.73245509296105,-356.01695608049766,68.68615172288109,63.452403920647875,1451.8107937570721,65.73930742606413,32.53202835223903,224.43296111332228,75.64008711449713
patient_174,98.0,3.92,10.001476979473374,-268.2744528371919,69.08621080206002,15.77971405634515,-1191.8172466075682,66.37049598831794,22.070089814383042,-261.54846344639975,76.52289070707245
patient_174,99.0,3.96,15.708952003601178,142.68687560319512,69.71456888220406,50.18663803282827,860.173099412078,68.37796150963108,7.645717139871556,-360.6093168627871,76.82871939266731
patient_174,100.0,4.0,8.298393970021086,-185.2639508395023,70.04650464100492,5.2613236257081315,-1123.1328601780035,68.5884144546594,16.350729904543332,217.62531911679437,77.48274858884905
patient_174,101.0,4.04,17.38539473063643,227.1750190153836,70.74192043023037,12.686387896304625,185.62660676491234,69.0958699705116,5.672673314072383,-266.9514147617737,77.70965552141195
patient_174,102.0,4.08,12.82712634596633,-113.95670961675255,71.25500548406902,17.898720758416495,130.30832155279674,69.81181880084824,10.821751251723342,128.72694844127398,78.14252557148087
patient_174,103.0,4.12,15.164330055351705,58.4300927346344,71.86157868628308,18.042113486106842,3.5848181922586875,70.53350334029253,14.92990929338274,102.70395104148497,78.73972194321618
patient_174,104.0,4.16,25.69529870881036,263.27421633646634,72.8893906346355,5.50948303752641,-313.3157612145108,70.75388266179358,10.185171642549252,-118.61844127083722,79.14712880891815
patient_174,105.0,4.2,2.408531893201063,-582.1691703902325,72.98573191036354,23.17161620103278,441.5533290876592,71.6807473098349,6.287969615586401,-97.43005067407127,79.39864759354161
patient_174,106.0,4.24,15.239032022582602,320.7625032345385,73.59529319126686,16.751776485488218,-160.49599288861404,72.35081836925443,15.155364620771275,221.68487512962187,80.00486217837246
patient_174,107.0,4.28,20.328127747224215,127.22739311604032,74.40841830115582,5.136912097721121,-290.37160969417744,72.55629485316327,6.619479372221397,-213.39713121374695,80.2696413532613
patient_174,108.0,4.32,7.187223003916836,-328.52261858268446,74.6959072213125,12.143620609016734,175.16771278239034,73.04203967752393,85.3349335441201,1967.8863542974677,83.68303869502611
patient_174,109.0,4.36,6.645673420592006,-13.538739583120751,74.96173415813618,29.401103604642056,431.4370748906331,74.21808382170961,35.546778881423556,-1244.7038665674138,85.10490985028305
patient_174,110.0,4.4,4.608404261266346,-50.93172898314151,75.14607032858683,5.048357387587388,-608.8186554263667,74.42001811721312,6.422698815932918,-728.102001637266,85.36181780292037
patient_174,111.0,4.44,9.052023482703923,111.09048053593943,75.50815126789499,7.85576248401764,70.18512741075628,74.73424861657381,14.447844667482878,200.628646288749,85.9397315896197
patient_174,112.0,4.48,3.124882929415267,-148.1785138322164,75.63314658507159,21.369678618074044,337.84790335141014,75.58903576129677,50.998651308139465,913.7701660164147,87.97967764194527
patient_174,113.0,4.52,12.136660836989206,225.2944476893485,76.11861301855116,23.362304961811265,49.815658593430534,76.52352795976923,15.565672268257552,-885.8244759970479,88.60230453267557
patient_174,114.0,4.56,9.855167360926544,-57.03733690156656,76.51281971298822,7.663333089291584,-392.47429681299207,76.8300612833409,8.453266859017738,-177.81013523099537,88.94043520703627
patient_174,115.0,4.6,8.89739162192147,-23.944393475126844,76.86871537786509,13.111484810871602,136.20379303950045,77.35452067577576,15.881973665459,185.71767016103155,89.57571415365464
patient_174,116.0,4.64,6.496930665905267,-60.011523900405074,77.12859260450129,4.853092625690745,-206.45980462952141,77.5486443808034,10.953651708802763,-123.20804891640593,90.01386022200676
patient_174,117.0,4.68,10.609094533904138,102.80409669997177,77.55295638585746,3.144444167954306,-42.71621144341097,77.67442214752157,19.1672280218024,205.33940782499096,90.78054934287884
patient_174,118.0,4.72,13.172130617811204,64.07590209767666,78.07984161056991,5.765780832380507,65.53341661065502,77.90505338081678,17.271203264054847,-47.400618943688855,91.47139747344103
patient_174,119.0,4.76,4.094111771992013,-226.95047114547978,78.24360608144958,6.016774545420964,6.274842826011429,78.14572436263362,7.047369617111967,-255.595841173572,91.75329225812551
patient_174,120.0,4.8,3.255828989521247,-20.95706956176916,78.37383924103044,34.92652098800279,722.7436610645457,79.54278520215372,28.128790668614183,527.0355262875555,92.87844388487008
patient_174,121.0,4.84,4.5130165830983815,31.429689839428367,78.55435990435437,21.692855375959113,-330.841640301092,80.4104994171921,22.306182157742015,-145.5652127718042,93.77069117117976
patient_174,122.0,4.88,10.020432655178697,137.68540180200787,78.95517721056152,22.81499363989698,28.05345659844667,81.32309916278797,22.51735633833381,5.279354514794843,94.67138542471312
patient_174,123.0,4.92,19.692006874637343,241.78935548646615,79.742857485547,4.728826495325075,-452.15417861429756,81.51225222260098,24.49244702891796,49.37726726460383,95.65108330586983
patient_174,124.0,4.96,13.373305553795754,-157.9675330210397,80.27778970769884,21.45630970466906,418.18708023359966,82.37050461078773,29.021469286669046,113.2255564437771,96.8119420773366
patient_174,125.0,5.0,30.489494837331073,427.904732088383,81.49736950119208,25.856490615787603,110.00452277796357,83.40476423541924,12.527898794254163,-412.3392623103721,97.31305802910676
patient_174,126.0,5.04,13.793067267255756,-417.4106892518829,82.0490921918823,12.49472518417601,-334.04413579028983,83.90455324278628,7.945952644688091,-114.54865373915182,97.63089613489429
patient_174,127.0,5.08,19.565511152855354,144.31109713998995,82.83171263799652,15.073679986553406,64.4738700594349,84.50750044224841,8.2805754430514,8.365569959082752,97.96211915261634
patient_174,128.0,5.12,19.66440932947007,2.4724544153679417,83.6182890111753,12.661433099242128,-60.30617218278196,85.0139577662181,12.541928019529884,106.53381441196208,98.46379627339753
patient_174,129.0,5.16,26.55424371734202,172.24585969679868,84.680458759869,26.424354739974802,344.07304101831687,86.07093195581709,27.92426814260088,384.5585030767749,99.58076699910156
patient_174,130.0,5.2,12.70314703003723,-346.27741718261973,85.18858464107048,4.631333086081206,-544.8255413473399,86.25618527926034,27.464550032077643,-11.492952763080932,100.67934900038466
patient_174,131.0,5.24,17.686782360070993,124.59088325084409,85.89605593547333,8.401532024893092,94.25497347029714,86.59224656025606,57.76493127611022,757.5095311008143,102.98994625142906
patient_174,132.0,5.28,18.453481937674887,19.167489440097363,86.63419521298032,13.070238693121981,116.71766670572224,87.11505610798095,11.65324767447715,-1152.7920900408267,103.45607615840817
patient_174,133.0,5.32,17.2848413157675,-29.21601554768465,87.32558886561102,26.20700697504313,328.4192070480287,88.16333638698266,17.953652170708832,157.51011240579206,104.1742222452365
patient_174,134.0,5.36,21.6900449987507,110.13009207457998,88.19319066556105,8.798587376969063,-435.2104899518516,88.51527988206142,34.236771026699415,407.0779713997646,105.54369308630449
patient_174,135.0,5.4,27.323712232719537,140.8416808492209,89.28613915486983,13.569251366305652,119.26659973341471,89.05804993671364,40.615713519200156,159.47356231251854,107.16832162707249
patient_174,136.0,5.44,7.902688668007749,-485.5255891177947,89.60224670159013,28.827294864640056,381.4510874583601,90.21114173129925,27.8788490716182,-318.42161118954897,108.28347558993723
patient_174,137.0,5.48,14.11283846151109,155.25374483758355,90.16676024005059,23.083970921628033,-143.58309857530057,91.13450056816437,10.397630068828269,-437.0304750697482,108.69938079269035
patient_174,138.0,5.52,10.953795340385447,-78.97607802814109,90.60491205366601,21.42880295244515,-41.379199229572095,91.99165268626217,37.03647124323382,665.9710293601387,110.1808396424197
patient_174,139.0,5.56,12.721295540094237,44.18750499271975,91.11376387526978,6.616024509976964,-370.31946106170466,92.25629366666124,35.76557014837197,-31.77252737154621,111.61146244835457
patient_174,140.0,5.6,17.546395391166833,120.62749627681488,91.81561969091645,1.8453648685539858,-119.26649103557445,92.3301082614034,23.985345052924945,-294.50562738617566,112.57087625047157
patient_174,141.0,5.64,14.428229442659797,-77.9541487126759,92.39274886862285,11.078385823641915,230.8255238771982,92.77324369434908,58.103271822074106,852.9481692287291,114.89500712335453
patient_174,142.0,5.68,6.496002682472809,-198.3056690046747,92.65258897592176,3.5542033465711116,-188.1045619267701,92.91541182821193,10.960679781446757,-1178.5648010156838,115.3334343146124
patient_174,143.0,5.72,4.200145919454144,-57.39641907546662,92.82059481269992,1.8235288548264184,-43.26686229361733,92.98835298240498,16.463340070190082,137.56650721858313,115.99196791742001
patient_174,144.0,5.76,11.050343172963046,171.25493133772255,93.26260853961845,35.842840785353424,850.482798263175,94.42206661381911,51.369511123328465,872.6542763284594,118.04674836235314
patient_174,145.0,5.8,8.770724225249312,-56.99047369284336,93.61343750862844,28.565614354022284,-181.9306607832785,95.56469118798,23.99460278371113,-684.3727084904334,119.0065324737016
patient_174,146.0,5.84,7.903055737195739,-21.69171220133932,93.92955973811625,39.71011327325491,278.6124729808157,97.15309571891021,20.800471516869152,-79.85328167104946,119.83855133437635
patient_174,147.0,5.88,14.496915948903567,164.8465052926957,94.50943637607241,44.6961759644893,124.6515672808597,98.94094275748978,33.65980644649999,321.483373240771,121.18494359223637
patient_174,148.0,5.92,17.50561989631131,75.21759868519355,95.20966117192485,45.75614700811979,26.499276090762258,100.77118863781456,32.56240877024354,-27.434941906411225,122.4874399430461
patient_174,149.0,5.96,50.72124219687248,830.3905575140293,97.23851085979976,47.13887115193116,34.56810359528433,102.6567434838918,33.54696894796187,24.614004442958226,123.82931870096458
patient_174,150.0,6.0,71.06191893124218,508.51691835924237,100.08098761704943,45.59007188698834,-38.719981623570554,104.48034635937134,46.02427090365724,311.93254889238415,125.67028953711088
patient_174,151.0,6.04,43.58784567239931,-686.8518314710716,101.82450144394541,16.337564271379012,-731.3126903902332,105.1338489302265,5.268640330468565,-1018.8907643297168,125.88103515032962
patient_174,152.0,6.08,93.00170557101241,1235.3464974653275,105.5445696667859,37.31508672964114,524.4380614565531,106.62645239941216,49.62717046269955,1108.9632533057747,127.86612196883762
patient_174,153.0,6.12,40.08775414462619,-1322.8487856596555,107.14807983257094,12.404168887522543,-622.7729460529648,107.12261915491307,24.232042111045573,-634.8782087913495,128.83540365327946
patient_174,154.0,6.16,32.205133290902694,-197.06552134308737,108.43628516420705,28.086829313973883,392.06651066128353,108.24609232747201,30.002665005537818,144.26557236230613,130.03551025350097
patient_174,155.0,6.2,41.72534906832823,238.00539443563835,110.1052991269402,41.45370831711971,334.17197507864574,109.90424066015682,15.195105725974699,-370.18898198907794,130.64331448253995
patient_174,156.0,6.24,22.65489894499243,-476.761253083395,111.01149508473989,55.039077381142555,339.6342266005711,112.10580375540252,89.99231140098267,1869.9301418751993,134.24300693857924
patient_174,157.0,6.28,7.931632509188176,-368.0816608951063,111.32876038510742,19.21075432692344,-895.7080763554778,112.87423392847946,51.334721042784494,-966.4397589549544,136.29639578029065
patient_174,158.0,6.32,38.119246370740214,754.6903465388009,112.85353023993703,4.145671124913933,-376.6270800502377,113.04006077347601,51.67539471599761,8.516841830327948,138.36341156893056
patient_174,159.0,6.36,24.097978582752543,-350.5316946996918,113.81744938324714,18.165414042487196,350.4935729393316,113.7666773351755,13.243070186100253,-960.808113247434,138.89313437637458
patient_174,160.0,6.4,19.99381540473318,-102.60407945048406,114.61720199943646,27.16522089315384,224.9951712666661,114.85328617090164,28.085085925837973,371.050393493443,140.0165378134081
patient_174,161.0,6.44,16.471866620842576,-88.0487195972651,115.27607666427016,19.591180104214683,-189.35101972347894,115.63693337507024,44.74605388979516,416.5241990989296,141.8063799689999
patient_174,162.0,6.48,22.50573587376,150.84673132293557,116.17630609922057,25.229040521249647,140.94651042587412,116.64609499592024,13.123132727251965,-790.5730290635798,142.33130527808999
patient_174,163.0,6.52,6.567235162796344,-398.4625177740914,116.43899550573242,17.387832399724285,-196.03020303813406,117.3416082919092,11.92260136429548,-30.01328407391215,142.80820933266182
patient_174,164.0,6.56,22.425888733119905,396.466339258089,117.3360310550572,11.864917162519559,-138.07288093011815,117.81620497840998,15.536392784510898,90.34478550538547,143.42966504404225
patient_174,165.0,6.6,15.879028846756343,-163.67149715908903,117.97119220892746,11.986433431246896,3.037906718183425,118.29566231565987,12.920901460175722,-65.3872831083794,143.94650110244928
patient_174,166.0,6.64,10.118260261496102,-144.01921463150603,118.37592261938731,3.870152910007327,-202.90701303098922,118.45046843206015,9.303704332946301,-90.42992818073552,144.31864927576714
patient_174,167.0,6.68,6.09712533613646,-100.52837313399105,118.61980763283276,4.078067221502092,5.197857787369131,118.61359112092023,12.6293864435747,83.14205276570999,144.82382473351012
patient_174,168.0,6.72,36.49927492753298,760.053739784913,120.07977862993408,15.958605344651614,297.01345307873805,119.25193533470629,6.181000907925389,-161.2096383912328,145.07106476982713
patient_174,169.0,6.76,19.61786055208292,-422.0353593862515,120.86449305201741,2.9122917415366723,-326.1578400778736,119.36842700436775,37.762465403904386,789.536612399475,146.58156338598332
patient_174,170.0,6.8,8.897084514257656,-268.0194009456316,121.22037643258771,20.131802711405797,430.48777424672807,120.17369911282398,2.0203280256814455,-893.5534344555736,146.66237650701058
patient_174,171.0,6.84,8.336656367574125,-14.010703667088276,121.55384268729067,4.995358239812347,-378.41111178983624,120.37351344241648,11.139328964474164,227.97502346981796,147.10794966558956
patient_174,172.0,6.88,25.41404643608361,426.93475171273707,122.570404544734,16.681516742108137,292.1539625573947,121.0407741121008,14.259414433039982,78.00213671414546,147.67832624291114
patient_174,173.0,6.92,19.420402063241173,-149.84110932106088,123.34722062726365,5.139958081678463,-288.53896651074183,121.24637243536795,10.08003149049741,-104.48457356356431,148.08152750253103
patient_174,174.0,6.96,11.062698753682575,-208.94258273896494,123.78972857741095,12.729698489942852,189.7435102066097,121.75556037496567,7.162664921049383,-72.93416423620067,148.368034099373
patient_174,175.0,7.0,9.114955187569064,-48.69358915283777,124.15432678491372,2.676351465647826,-251.33367560737562,121.86261443359157,19.81903189054503,316.40917423739114,149.16079537499482
patient_174,176.0,7.04,5.3301461827900205,-94.6202251194761,124.36753263222532,3.564659308876673,22.207696080721174,122.00520080594664,3.10780800440053,-417.7805971536126,149.28510769517084
patient_174,177.0,7.08,12.015913746805339,167.14418910038296,124.84816918209754,3.8515710614357466,7.172793813976841,122.15926364840406,7.282543569664804,104.36838913160685,149.57640943795744
patient_174,178.0,7.12,8.340904714876245,-91.87522579822733,125.18180537069259,4.017090683188005,4.137990543806469,122.3199472757316,5.752328609324323,-38.25537400851202,149.80650258233038
patient_174,179.0,7.16,15.169992370500358,170.72719139060283,125.7886050655126,4.222282871327077,5.129804703476792,122.48883859058468,12.55426621283415,170.0484400877457,150.30867323084377
patient_174,180.0,7.2,16.952497199440813,44.56262072351138,126.46670495349022,7.735788620307614,87.83764372451341,122.79827013539698,18.201301069308325,141.17587141185436,151.03672527361607
patient_174,181.0,7.24,14.585719859877667,-59.169433489078656,127.05013374788534,3.458135682437971,-106.94132344674108,122.93659556269449,19.503220051537237,32.5479745557228,151.81685407567755
patient_174,182.0,7.28,6.61890816142584,-199.17029246129567,127.31489007434237,14.126597604863226,266.7115480606314,123.50165946688901,10.990247158863685,-212.82432231683882,152.25646396203211
patient_174,183.0,7.32,9.929474331997644,82.76415426429512,127.71206904762226,21.797167202398462,191.7642399383809,124.37354615498496,16.080599228914682,127.25880175127493,152.8996879311887
patient_174,184.0,7.36,13.772605062674577,96.07826826692332,128.26297325012925,3.585278209201942,-455.29722482991303,124.51695728335304,1.8417069389962513,-355.97230724796077,152.97335620874856
patient_174,185.0,7.4,21.295988524913852,188.08458655598187,129.11481279112581,7.549216226098186,99.09845042240609,124.81892593239697,19.61193034565268,444.25558516641075,153.75783342257466
patient_174,186.0,7.44,6.238517251267095,-376.43678184116897,129.3643534811765,12.449290916802088,122.50186726759755,125.31689756906904,10.72516693457081,-222.16908527704678,154.1868400999575
patient_174,187.0,7.48,18.4445928273293,305.1518894015551,130.10213719426966,10.539182287069325,-47.75271574331907,125.73846486055182,22.099449259801244,284.35705813076083,155.07081807034953
patient_174,188.0,7.52,11.945995657267796,-162.46492925153757,130.5799770205604,4.640315311641577,-147.47167438569372,125.92407747301748,2.693469413447834,-485.1494961588353,155.17855684688746
patient_174,189.0,7.56,4.894141170671788,-176.2963621649002,130.77574266738725,21.227180499892157,414.6716297062645,126.77316469301317,25.186625798426768,562.3289096244733,156.18602187882453
patient_174,190.0,7.6,32.31635054317471,685.555234312573,132.06839668911425,11.552088166057965,-241.8773083458548,127.23524821965549,11.72872651971789,-336.44748196772196,156.65517093961324
patient_174,191.0,7.64,14.741463629281828,-439.37217284732196,132.65805523428554,10.57300915592435,-24.476975253340385,127.65816858589247,30.682897751017315,473.85428078248566,157.88248684965393
patient_174,192.0,7.68,10.018553679677073,-118.07274874011888,133.0587973814726,33.3394073662049,569.1599552570138,128.99174488054067,56.39291740287645,642.7504912964783,160.138203545769
patient_174,193.0,7.72,31.524316769657325,537.6440772495063,134.3197700522589,17.580101782865363,-393.9826395834885,129.69494895185528,7.114762151448907,-1231.9538812856886,160.42279403182692
patient_174,194.0,7.76,5.6825929248447276,-646.043096120315,134.5470737692527,1.9582601727407052,-390.5460402531165,129.7732793587649,12.108272526020322,124.83775936428539,160.90712493286773
patient_174,195.0,7.8,12.258086510130434,164.38733963214267,135.0373972296579,22.637160085189233,516.9724978112132,130.67876576217247,8.142504304994954,-99.14420552563419,161.23282510506752
patient_174,196.0,7.84,2.780025838763219,-236.95151678418037,135.14859826320844,12.794434557840324,-246.06813818372274,131.1905431444861,40.892355264905966,818.7462739977753,162.86851931566378
patient_174,197.0,7.88,9.323576998469624,163.58877899266014,135.52154134314722,5.12005815440853,-191.85941008579485,131.39534547066242,12.592042870318233,-707.5078098646934,163.3722010304765
patient_174,198.0,7.92,3.7743686679149557,-138.7302082638667,135.67251608986382,16.728004093992787,290.19864848960646,132.06446563442213,12.992943694172608,10.022520596359374,163.89191877824342
patient_174,199.0,7.96,2.1142478268771536,-41.50302102594505,135.7570860029389,32.65382629540673,398.1455550353486,133.3706186862384,13.919028394135022,23.152117499060367,164.44867991400884
patient_174,200.0,8.0,13.140259450694044,275.65029059542223,136.28269638096666,9.37849021812327,-581.8834019320866,133.74575829496334,14.325317536302416,10.157228554184838,165.02169261546092
patient_174,201.0,8.04,12.821235268330936,-7.975604559077709,136.7955457916999,13.595802993112422,105.4328193747288,134.28959041468784,8.189386955305329,-153.39826452492719,165.34926809367312
patient_174,202.0,8.08,26.543737278197792,343.0625502466714,137.8572952828278,26.9457478927441,333.748622490792,135.3674203303976,10.170875302280587,49.537208674381446,165.75610310576434
patient_174,203.0,8.12,33.42108206820789,171.93361975025238,139.1941385655561,33.35060169902751,160.12134515708513,136.70144439835872,18.78037909384435,215.23759478909406,166.50731826951812
patient_174,204.0,8.16,23.232903280927985,-254.70446968199755,140.12345469679323,34.171649551841895,20.526196320359702,138.0683103804324,41.90194571419639,578.0391655088009,168.18339609808598
patient_174,205.0,8.2,28.10768330231553,121.8695005346886,141.24776202888586,18.471368288369433,-392.50703158681154,138.80716511196718,28.987154132904656,-322.8697895322933,169.34288226340217
patient_174,206.0,8.24,30.60172768818667,62.351109646778546,142.4718311364133,4.508630370265263,-349.0684479526043,138.98751032677777,26.158529641878253,-70.71561227566008,170.3892234490773
patient_174,207.0,8.28,23.02278094109649,-189.47366867725455,143.39274237405718,16.437731395102528,298.22752562093166,139.64501958258188,42.495572336166134,408.42606735719704,172.08904634252394
patient_174,208.0,8.32,11.132772877317793,-297.2502015944674,143.83805328914988,26.019090151505026,239.53396891006244,140.6857831886421,12.443865177779204,-751.2926789596734,172.58680094963512
patient_174,209.0,8.36,5.803456171219368,-133.23291765246063,144.07019153599865,27.983303885894454,49.10534335973571,141.80511534407788,9.035341134685407,-85.21310107734492,172.9482145950225
patient_174,210.0,8.4,12.416808600343138,165.33381072809425,144.5668638800124,22.2436033628714,-143.49251307557634,142.69485947859275,4.40382268102624,-115.78796134147917,173.12436750226357
patient_174,211.0,8.44,20.326003641296488,197.72987602383375,145.37990402566425,9.80324011113288,-311.00908129346305,143.08698908303805,11.64265969126087,180.97092525586578,173.59007388991398
patient_174,212.0,8.48,52.451416355994546,803.1353178674515,147.47796067990404,14.960729225611587,128.9372278619677,143.6854182520625,2.4324512739026067,-230.2552104339566,173.68737194087007
patient_174,213.0,8.52,48.31563364697617,-103.39456772545947,149.4105860257831,12.39117616552476,-64.23882650217068,144.1810652986835,44.77908079534514,1058.6657380360632,175.47853517268388
patient_174,214.0,8.56,24.20209008457818,-602.8385890599496,150.3786696291662,9.655621324526697,-68.38887102495157,144.56729015166457,11.218861151257546,-839.0054911021899,175.92728961873416
patient_174,215.0,8.6,54.03252322497887,745.7608285100172,152.53997055816538,48.47903864968456,970.5854331289465,146.50645169765195,20.672573221365766,236.34280175270553,176.7541925475888
patient_174,216.0,8.64,40.70632977132871,-333.1548363412539,154.16822374901852,79.2784230653294,769.9846103911211,149.6775886202651,56.49153779870207,895.4741144334075,179.01385405953687
patient_174,217.0,8.68,10.37238785256134,-758.3485479691843,154.58311926312098,39.8046296217211,-986.8448360902077,151.26977380513398,17.91182037661373,-964.4929355522085,179.73032687460142
patient_174,218.0,8.72,40.75346440698545,759.5269138606028,156.2132578394004,40.74698822664495,23.558965123096343,152.89965333419977,37.77159531212756,496.49437338784577,181.24119068708652
patient_174,219.0,8.76,83.24617400060548,1062.3177398405007,159.5431047994246,6.208827128399767,-863.4540274561296,153.14800641933576,49.69194939335311,298.0088520306389,183.22886866282064
patient_174,220.0,8.8,41.30550719424468,-1048.51667015902,161.1953250871944,37.079420649959445,771.7648380389919,154.63118324533414,23.928280052693086,-644.0917335165007,184.1859998649284
patient_174,221.0,8.84,21.52976918292624,-494.39345028296106,162.05651585451145,40.673741409932454,89.85801899932522,156.25813290173144,30.260736993432776,158.31142351849223,185.3964293446657
patient_174,222.0,8.88,71.64563429559152,1252.896627816632,164.9223412263351,44.80375301312414,103.25029007979208,158.0502830222564,68.7315388756435,961.770047055268,188.14569089969143
patient_174,223.0,8.92,13.898108635592793,-1443.6881414999682,165.4782655717588,74.85112334155336,751.1842582107306,161.04432795591853,104.3545766565096,890.5759445216524,192.3198739659518
patient_174,224.0,8.96,12.737251720696873,-29.021422872397995,165.9877556405867,88.97219520405243,353.02679656247665,164.60321576408063,21.970522390927982,-2059.6013566395404,193.19869486158893
patient_174,225.0,9.0,17.566182897018273,120.72327940803498,166.6904029564674,35.04887341129275,-1348.0830448189918,166.00517070053232,64.90574150875209,1073.3804779456027,195.79492452193898
patient_174,226.0,9.04,40.75704773557716,579.7716209639722,168.3206848658905,26.110508464095094,-223.45912367994148,167.04959103909613,37.92958295098351,-674.4039639442144,197.31210783997835
patient_174,227.0,9.08,52.441458641632465,292.1102726513826,170.4183432115558,8.444756711931813,-441.643793804082,167.38738130757338,93.41256517913698,1387.0745557038367,201.04861044714383
patient_174,228.0,9.12,97.09595497375732,1116.3624083031214,174.30218141050608,102.76021573510666,2357.886475579371,171.49778993697765,51.250227882064145,-1054.0584324268207,203.0986195624264
patient_174,229.0,9.16,25.051596513669633,-1801.108961502192,175.30424527105285,103.03730158498118,6.927146246863103,175.61928200037687,102.14279940985908,1272.3142881948734,207.18433153882077
patient_174,230.0,9.2,45.43267815744814,509.5270410944626,177.1215523973508,145.0522520858047,1050.373762520588,181.42137208380908,79.9206637032252,-555.553392665847,210.38115808694977
patient_174,231.0,9.24,40.55185996730778,-122.020454753509,178.7436267960431,46.11350145051639,-2473.4687658822077,183.26591214182972,79.89053383734405,-0.7532466470287602,213.57677944044354
patient_174,232.0,9.28,19.93800879729894,-515.3462792502208,179.54114714793505,81.61052964029167,887.4257047443822,186.5303333274414,75.45852688276088,-110.80017386457932,216.59512051575396
patient_174,233.0,9.32,42.44080248554437,562.5698422061356,181.23877924735683,81.2798650086132,-8.26661579196184,189.78152792778593,25.285256051263808,-1254.3317707874269,217.6065307578045
patient_174,234.0,9.36,40.22400382102781,-55.419966612913996,182.84773940019792,46.438925830514094,-871.0234794524777,191.6390849610065,66.85864016613175,1039.3346028716985,220.28087636444977
patient_174,235.0,9.4,8.663625306737414,-789.0094628572598,183.19428441246743,51.50982695602079,126.77252813766735,193.69947803924734,14.233516381295967,-1315.6280946208944,220.8502170197016
patient_174,236.0,9.44,32.294711622152576,590.777157885379,184.4860728773535,16.328449562469252,-879.5344348387883,194.35261602174612,10.20357073910065,-100.74864105488292,221.25835984926562
patient_174,237.0,9.48,14.342886054326433,-448.7956391956535,185.05978831952655,6.654684062237636,-241.84413750579043,194.6188033842356,13.260327883334496,76.41892860584613,221.78877296459902
patient_174,238.0,9.52,24.242709804377473,247.49559375127598,186.02949671170165,28.982916933300622,558.2058217765747,195.77812006156765,8.499847028725375,-119.01202136522801,222.12876684574803
patient_174,239.0,9.56,59.89634594502253,891.3409035161266,188.42535054950255,107.36577842680961,1959.5715373377245,200.07275119864005,29.82624983663525,533.1600701977468,223.32181683921343
patient_174,241.0,9.64,,,188.42535054950255,,,200.07275119864005,,,223.32181683921343
patient_174,243.0,9.72,,,188.42535054950255,,,200.07275119864005,,,223.32181683921343
patient_174,244.0,9.76,38.40689650320777,,189.96162640963084,102.11391830098924,,204.1573079306796,86.31871587467799,,226.77456547420053
patient_174,245.0,9.8,25.95869366813315,-311.2050708768654,190.9999741563562,47.80141818819088,-1357.812502819959,206.06936465820723,124.62402380158474,957.6326981726687,231.7595264262639
patient_174,246.0,9.84,18.782890626958185,-179.39507602937414,191.7512897814345,65.65316493500843,446.2936686704388,208.69549125560755,82.79594531954221,-1045.7019620510632,235.0713642390456
patient_174,247.0,9.88,64.84472916498277,1151.5459634506146,194.3450789480338,34.28252365579726,-784.2660319802793,210.06679220183946,34.39968980615337,-1209.906387834721,236.44735183129174
patient_174,248.0,9.92,39.63811392848987,-630.1653809123223,195.9306035051734,74.14137604517434,996.4713097344269,213.03244724364643,73.81597135717959,985.4070387756556,239.39999068557893
patient_174,249.0,9.96,31.464295505762188,-204.34546056819212,197.18917532540388,12.682542555388155,-1536.4708372446546,213.53974894586193,6.314661191126063,-1687.5327541513382,239.65257713322396
patient_174,250.0,10.0,85.17570939308332,1342.7853471830283,200.59620370112722,67.06671313409082,1359.6042644675667,216.22241747122555,46.67433223605742,1008.9917761232838,241.51955042266624
patient_174,251.0,10.04,67.76896268939913,-435.1686675921048,203.3069622087032,20.405549586602877,-1166.5290886871985,217.0386394546897,29.318684969489826,-433.8911816641898,242.69229782144586
patient_174,252.0,10.08,87.83318687753486,501.6056047033931,206.8202896838046,43.62219745432169,580.4161966929704,218.78352735286254,67.87013882453782,963.7863463761998,245.40710337442738
patient_174,253.0,10.12,42.45955111540675,-1134.3408940532026,208.51867172842086,35.733908355010534,-197.20722748277896,220.21288368706297,37.672477609209295,-754.941530383213,246.91400247879577
patient_174,254.0,10.16,61.94448923955743,487.123453103767,210.99645129800317,47.52238432613668,294.7118992781537,222.1137790601084,18.494976493140193,-479.43752790172755,247.65380153852138
patient_174,255.0,10.2,50.53787325687548,-285.1653995670487,213.01796622827817,51.25737420557124,93.37474698586394,224.16407402833127,53.36306094504527,871.702111297627,249.7883239763232
patient_174,256.0,10.24,21.668725488060748,-721.7286942203683,213.88471524780059,29.390908109011242,-546.661652414,225.33971035269172,10.316917266080276,-1076.153591974125,250.2010006669664
patient_174,257.0,10.28,25.599708388916344,98.27457252138991,214.90870358335724,14.363134369117182,-375.6943434973515,225.9142357274564,23.956345719682897,340.9857113400655,251.15925449575371
patient_174,258.0,10.32,1.9125343734491456,-592.17935038668,214.9852049582952,18.773123458982685,110.24972724663758,226.6651606658157,31.910442441129813,198.8524180361729,252.4356721933989
patient_174,259.0,10.36,6.307200497083681,109.86665309086338,215.23749297817855,41.32616855369233,563.826127367741,228.31820740796343,22.740139779529365,-229.25756654001123,253.34527778458008
patient_174,260.0,10.4,12.328873421120514,150.54182310092082,215.73064791502335,38.532662143171144,-69.83766026302956,229.85951389369026,7.307381696166704,-385.8189520840665,253.63757305242675
patient_174,261.0,10.44,13.402884537132172,26.85027790029144,216.26676329650866,9.81495647433322,-717.942641720948,230.2521121526636,11.568959796816081,106.53945251623442,254.10033144429937
patient_174,262.0,10.48,12.694482244632315,-17.710057312496417,216.77454258629393,8.003316851541832,-45.2909905697847,230.5722448267253,18.438924935554358,171.74912846845692,254.83788844172156
patient_174,263.0,10.52,5.586646104668864,-177.69590349908628,216.9980084304807,9.844691379461546,46.03436319799283,230.96603248190374,2.6567861091422396,-394.553470660303,254.94415988608725
patient_174,264.0,10.56,115.58331278341643,2749.9166669686892,221.62134094181735,47.11039096991448,931.6424897613233,232.85044812070032,7.662275523081676,125.13723534848592,255.25065090701054
patient_174,265.0,10.6,54.1571452809316,-1535.6541875621208,223.7876267530546,56.05971601274128,223.73312607067018,235.09283676120995,12.546927184454514,122.11629153432095,255.75252799438874
patient_174,266.0,10.64,48.67218742791711,-137.1239463253623,225.73451425017132,37.40809517475002,-466.2905209497817,236.58916056819996,15.26838933081239,68.0365536589469,256.36326356762123
patient_174,267.0,10.68,41.26795227783218,-185.10587875212323,227.38523234128462,27.54397813182501,-246.60292607312516,237.69091969347292,26.918882962482392,291.26234079175003,257.4400188861205
patient_174,268.0,10.72,12.727037651652441,-713.5228656544934,227.8943138473507,47.32357757057921,494.489985968855,239.5838627962961,19.999585333943195,-172.98244071347995,258.24000229947825
patient_174,269.0,10.76,8.45128996034794,-106.89369228261252,228.23236544576463,51.020030785974114,92.4113303848726,241.62466402773507,6.406464563046809,-339.8280192724096,258.4962608820001
patient_174,270.0,10.8,44.85615903259077,910.1217268060706,230.02661180706826,23.610070461375614,-685.2490081149625,242.56906684619008,14.395244448950061,199.7194971475813,259.0720706599582
patient_174,271.0,10.84,73.13392586151669,706.944170723148,232.95196884152895,37.231353997555146,340.5320884044883,244.05832100609226,95.45630332534284,2026.5264719098195,262.89032279297186
patient_174,272.0,10.88,31.608873976791575,-1038.126297118128,234.21632380060063,23.490981143968447,-343.50932133966745,244.997960251851,60.26359713451663,-879.8176547706554,265.3008666783525
patient_174,273.0,10.92,60.33997833993266,718.277609078527,236.62992293419794,3.416331446214452,-501.86624244384984,245.1346135096996,126.79309823129796,1663.2375274195333,270.3725906076044
patient_174,274.0,10.96,44.19952883927243,-403.5112375165056,238.39790408776884,117.01082147906746,2839.8622508213252,249.81504636886228,18.527549952221566,-2706.63870697691,271.1136926056933
patient_174,275.0,11.0,61.647781689303336,436.2063212507726,240.86381535534096,55.45220990767638,-1538.965289284777,252.03313476516934,7.284976241618122,-281.0643427650861,271.40509165535804
patient_174,276.0,11.04,4.889114347606034,-1418.9666835424325,241.05937992924518,87.63533147607136,804.5780392098745,255.53854802421222,21.917551060501722,365.81437047209005,272.2817936977781
patient_174,277.0,11.08,38.77196127723888,847.0711732408212,242.61025838033476,18.493338806859814,-1728.5498167302887,256.2782815764866,1.5970798550741476,-508.0117801356893,272.34567689198104
patient_174,278.0,11.12,4.586438434204841,-854.6380710758509,242.79371591770294,31.954165024512804,336.5206554413247,257.55644817746713,16.828625468850372,380.7886403444056,273.0188219107351
patient_174,279.0,11.16,20.865308402936357,406.9717492182879,243.6283282538204,16.78654917844971,-379.1903961515773,258.2279101446051,11.41917581579004,-135.23624132650832,273.4755889433667
patient_174,280.0,11.2,12.109081714552735,-218.90566720959055,244.11269152240249,6.218296723130688,-264.20631138297557,258.47664201353035,8.708104631722302,-67.77677960169343,273.8239131286356
patient_174,281.0,11.24,15.160294675108476,76.28032401389353,244.71910330940682,13.605162489198927,184.67164415170595,259.0208485130983,16.23075027554249,188.06614109550472,274.4731431396573
patient_174,282.0,11.28,21.088543353278357,148.20621695424703,245.56264504353797,20.349462923403333,168.60751085511018,259.8348270300345,4.073175152648835,-303.9393780723414,274.6360701457632
patient_174,283.0,11.32,12.427810008985167,-216.51833360732974,246.05975744389735,12.609080492827681,-193.5095607643913,260.3391902497476,10.710551383464763,165.9344057703982,275.0644922011018
patient_174,284.0,11.36,16.78244050456975,108.86576238961455,246.73105506408012,24.71341981999709,302.6084831792352,261.3277270425475,10.316129618896005,-9.86054411421895,275.4771373858577
patient_174,285.0,11.4,29.372264198966946,314.7455923599299,247.90594563203882,25.15071908768529,10.932481692204998,262.3337558060549,5.790616068993624,-113.13783874755951,275.7087620286174
patient_174,286.0,11.44,25.27231605759591,-102.49870353427593,248.91683827434267,17.791251998380197,-183.9866772326273,263.04540588599014,14.363491916846687,214.32189619632655,276.2833017052913
patient_174,287.0,11.48,25.767917015849257,12.390023956333707,249.94755495497662,20.282737348348856,62.28713374921648,263.8567153799241,16.541944133651462,54.46130542011937,276.94497947063735
patient_174,288.0,11.52,50.69079111970955,623.0718525965074,251.975186599765,68.81339055316192,1213.2663301203265,266.60925100205054,21.144863265482797,115.07297829578337,277.7907740012567
patient_174,289.0,11.56,23.13613749424549,-688.8663406366015,252.90063209953482,42.93726076064072,-646.9032448130301,268.3267414324762,26.553394151612387,135.21327215323976,278.8529097673212
patient_174,290.0,11.6,10.669391522410592,-311.6686492958724,253.32740776043124,21.47226745606204,-536.624832614467,269.18563213071866,12.085811442128517,-361.68956773709675,279.3363422250063
patient_174,291.0,11.64,24.32259235457515,341.33002080411393,254.30031145461425,15.747750177775684,-143.11293195715885,269.8155421378297,2.527240470620943,-238.96427428768936,279.4374318438312
patient_174,292.0,11.68,18.707635987270073,-140.3739091826269,255.04861689410504,14.023213139587467,-43.11342595470542,270.3764706634132,19.28595967362699,418.9679800751512,280.20887023077626
patient_174,293.0,11.72,32.41391842500153,342.6570609432865,256.3451736311051,23.8013836597003,244.4542630028208,271.3285260098012,16.248141486506512,-75.94545467801197,280.85879589023654
patient_174,294.0,11.76,5.097196364044719,-682.9180515239203,256.5490614856669,6.1920649638173,-440.23296739707496,271.5762086083539,9.135668375647533,-177.81182777147447,281.2242226252624
patient_174,295.0,11.8,16.46476224641208,284.18914705918394,257.2076519755234,3.0686857288069347,-78.08448087525913,271.69895603750615,13.823863621660445,117.20488115032279,281.7771771701289
patient_174,296.0,11.84,13.445352047113962,-75.48525498245291,257.74546605740795,17.044902129686523,349.4054100219897,272.3807521226936,6.757748274554992,-176.6528836776363,282.047487101111
patient_174,297.0,11.88,63.63873601135243,1254.8345991059616,260.291015497862,23.22475052347438,154.49620984469644,273.30974214363255,12.951403190254082,154.84137289247724,282.5655432287212
patient_174,298.0,11.92,19.584244803677596,-1101.3622801918707,261.0743852900091,28.260741370449853,125.89977117438681,274.4401717984506,12.556565370109745,-9.87094550360843,283.0678058435256
patient_174,299.0,11.96,11.694723723788961,-197.23802699721585,261.5421742389607,10.021176938664672,-455.9891107946296,274.8410188759972,10.39114182687539,-54.13558858085885,283.4834515166006
patient_174,300.0,12.0,37.55947022329679,646.6186624876958,263.0445530478926,50.15864284673991,1003.4366477018809,276.8473645898668,29.600342630413596,480.23002008845515,284.66746522181717
patient_174,301.0,12.04,12.275034809302191,-632.110885349865,263.53555444026466,51.93845199692808,44.495228754704286,278.9249026697439,6.880081925991405,-568.0065176105547,284.9426684988568
patient_174,302.0,12.08,10.264558056391257,-50.26191882277335,263.94613676252027,40.43910870949042,-287.48358218594154,280.5424670181235,18.99379597911442,302.84285132807537,285.70242033802134
patient_174,303.0,12.12,1.6109594011299049,-216.3399663815338,264.01057513856546,24.23878907927323,-405.0079907554298,281.51201858129446,18.835362817761457,-3.960829033824087,286.45583485073183
patient_174,304.0,12.16,12.55301253760251,273.5513284118151,264.5126956400696,21.817973640901528,-60.520385959292526,282.38473752693045,3.367104818471553,-386.7064499822476,286.5905190434707
patient_174,305.0,12.2,21.438697318297024,222.14211951736283,265.37024353280145,34.14928802137752,308.28285951189986,283.75070904778556,9.553600261481069,154.6623860752379,286.9726630539299
patient_174,306.0,12.24,7.706667977057537,-343.3007335309872,265.6785102518838,7.731962298790695,-660.4331430646707,284.0599875397372,22.167332562808163,315.3433075331773,287.8593563564422
patient_174,307.0,12.28,2.7611282183257235,-123.63849396829534,265.7889553806168,20.471521217870865,318.48897297700427,284.878848388452,5.847515359278551,-407.99543008824025,288.0932569708134
patient_174,308.0,12.32,6.444401250696616,92.08182580927232,266.0467314306447,12.710435517546534,-194.02714250810828,285.38726580915386,3.673599278479946,-54.34790201996513,288.2402009419526
patient_174,309.0,12.36,25.440888746846486,474.9121874037467,267.0643669805185,52.45709759145255,993.6665518476505,287.485549712812,11.584016811439108,197.76043832397906,288.70356161441015
patient_174,310.0,12.4,25.03876434297061,-10.053110096896933,268.06591755423733,16.802232655842584,-891.3716233902492,288.1576390190457,14.134061877533675,63.75112665236418,289.2689240895115
patient_174,311.0,12.44,25.049670467459375,0.27265311221915667,269.06790437293574,9.784811872925317,-175.43551957293167,288.5490314939627,17.517606664900384,84.58861968416772,289.9696283561075
patient_174,312.0,12.48,29.649301469856375,114.99077505992501,270.25387643172996,43.452601367331056,841.6947373601434,290.28713554865595,30.007564812412987,312.24895368781506,291.169930948604
patient_174,313.0,12.52,20.207775650511497,-236.03814548362197,271.06218745775044,28.35909918492105,-377.33755456025017,291.4214995160528,13.477739303793202,-413.2456377154947,291.7090405207557
patient_174,314.0,12.56,17.77904951875336,-60.71815329395341,271.7733494385006,18.469735677209293,-247.2340876927939,292.16028894314115,23.585709740966216,252.69926092932536,292.65246891039436
patient_174,315.0,12.6,19.160268673876015,34.53047887806635,272.53976018545563,5.664905085193055,-320.12076480040594,292.3868851465489,15.813512020900362,-194.30494300164636,293.2850093912304
patient_174,316.0,12.64,11.996553972571446,-179.0928675326142,273.0196223443585,13.69938046660276,200.8618845352426,292.934860365213,8.261237045543234,-188.80687438392818,293.61545887305215
patient_174,317.0,12.68,12.728394703543811,18.296018274309134,273.5287581325003,15.339464735185322,41.00210671456406,293.5484389546204,10.225188002890993,49.09877393369398,294.0244663931678
patient_174,318.0,12.72,17.378862328111747,116.2616906141984,274.22391262562473,22.19360603986999,171.3535326171167,294.4361831962152,0.6240617039034588,-240.02815747468836,294.0494288613239
patient_174,319.0,12.76,2.765832719636921,-365.32574021187065,274.3345459344102,8.323396725046084,-346.75523287059764,294.76911906521707,4.689709265251905,101.64118903371113,294.23701723193403
patient_174,320.0,12.8,12.157391326962133,234.7889651831303,274.8208415874887,11.745041408372437,85.54111708315881,295.23892072155195,13.39117317732487,217.53659780182412,294.772664159027
patient_174,321.0,12.84,7.983726447482409,-104.34162198699309,275.140190645388,15.35934239012328,90.35752454377106,295.85329441715686,16.27388955083021,72.06790933763347,295.42361974106024
patient_174,322.0,12.88,10.151366284664563,54.19099592955385,275.5462452967746,11.654197802043921,-92.62861470198396,296.3194623292386,4.844620190442677,-285.7317340096883,295.61740454867794
patient_174,323.0,12.92,3.7765129155017902,-159.37133422906933,275.6973058133946,18.608214560560377,173.8504189629114,297.06379091166104,5.902175157480139,26.438874175936554,295.8534915549771
patient_174,324.0,12.96,20.223349664976933,411.17091873687855,276.5062397999937,23.994457036456243,134.65606189739665,298.0235691931193,19.068364278504923,329.1547280256196,296.61622612611734
patient_174,325.0,13.0,22.259044941094164,50.89238190293077,277.39660159763747,50.98693228988333,674.8118813356771,300.0630464847146,18.05887423845707,-25.23725100119636,297.3385810956556
patient_174,326.0,13.04,6.223708471370606,-400.8834117430889,277.64554993649233,43.27793465248,-192.72494093508323,301.7941638708138,14.01406990104724,-101.12010843524573,297.8991438916975
patient_174,327.0,13.08,20.10200701147462,346.9574635026003,278.4496302169513,7.898952453652042,-884.4745549706989,302.1101219689599,22.06657042680945,201.31251314405523,298.78180670876986
patient_174,328.0,13.12,4.735789112184361,-384.1554474822565,278.63906178143867,9.287580522352409,34.71570171750918,302.48162518985396,10.141479027126902,-298.12728499206366,299.1874658698549
patient_174,329.0,13.16,14.843941765561251,252.70381633442227,279.2328194520611,29.270017294100278,499.56091929369677,303.652425881618,5.308718582925401,-120.81901110503752,299.39981461317194
patient_174,330.0,13.2,22.17555623140145,183.290361646005,280.11984170131717,21.214217396665266,-201.3949974358753,304.5009945774846,2.796516569803578,-62.805050328045574,299.5116752759641
patient_174,331.0,13.24,42.15148785039957,499.39829047495294,281.80590121533317,12.681345349477528,-213.32180117969344,305.0082483914637,6.975593944652736,104.47693437122896,299.79069903375023
patient_174,332.0,13.28,21.555052930689794,-514.9108729927444,282.66810333256075,11.84194620011092,-20.984978734165203,305.4819262394682,12.67624251324331,142.51621421476432,300.29774873427993
patient_174,333.0,13.32,27.189427745761414,140.8593703767905,283.7556804423912,19.347671522440127,187.64313305823018,306.2558331003658,3.851619046853526,-220.61558665974462,300.45181349615405
patient_174,334.0,13.36,11.582987580519331,-390.16100413105204,284.218999945612,13.462553549347806,-147.12794932730802,306.7943352423397,16.295548982265288,311.0982483852941,301.10363545544465
patient_174,335.0,13.4,32.57533679987918,524.8087304839963,285.5220134176072,3.199147188916826,-256.58515901077453,306.92230112989637,5.996117698498304,-257.4857820941746,301.3434801633846
patient_174,336.0,13.44,28.900758558841837,-91.86445602593363,286.6780437599608,52.703315725252395,1237.6042134083893,309.0304337589065,29.257065200985867,581.5236875621891,302.51376277142407
patient_174,337.0,13.48,25.361443380839724,-88.48287945005282,287.6925014951944,25.917212034924187,-669.6525922582052,310.06712224030343,26.176524150355263,-77.0135262657651,303.5608237374383
patient_174,338.0,13.52,4.67936711865042,-517.0519065547327,287.8796761799404,62.29400187369474,909.4197459692637,312.5588823152512,31.683686705783707,137.6790638857111,304.8281712056696
patient_174,339.0,13.56,17.210399391789682,313.27580682848156,288.568092155612,57.45836665299737,-120.89088051743424,314.8572169813711,6.928266935908258,-618.8854942468862,305.10530188310594
patient_174,340.0,13.6,17.454873295020565,6.1118475807720785,289.2662870874129,22.92204051094049,-863.408153551422,315.7740986018087,19.176298048345657,306.200777810935,305.8723538050397
patient_174,341.0,13.64,19.176104141475818,43.030771161381324,290.0333312530719,28.742841592927828,145.52002704968342,316.92381226552584,25.53259304549822,158.90737492881408,306.89365752685967
patient_174,342.0,13.68,25.80336937535722,165.68163084703508,291.0654660280862,26.489845439104293,-56.324903845588366,317.98340608309,28.40424891026348,71.79139661913148,308.0298274832702
patient_174,343.0,13.72,15.824791860649638,-249.46443786768958,291.69845770251214,41.413934804793584,373.10223414223225,319.6399634752818,26.032514652724753,-59.29335643846816,309.0711280693792
patient_174,344.0,13.76,12.716902022777415,-77.69724594680558,292.2071337834232,37.992104112922554,-85.54576729677575,321.15964763979866,23.441187614455878,-64.78317595672189,310.00877557395745
patient_174,345.0,13.8,32.0414274613741,483.1131359649171,293.4887908818782,21.04310396351737,-423.7250037351296,322.0013717983394,35.981926494844934,313.51847200972645,311.4480526337512
patient_174,346.0,13.84,16.98209981181954,-376.4831912388639,294.16807487435096,35.54022248343037,362.427962997825,323.4229806976766,28.257398388873515,-193.11320264928548,312.5783485693062
patient_174,347.0,13.88,12.297786452188884,-117.10783399076644,294.6599863324385,7.328144704941747,-705.3019444622156,323.7161064858743,20.30163910795627,-198.89398202293114,313.3904141336244
patient_174,348.0,13.92,62.350390343255995,1251.3150972766778,297.15400194616876,10.893130947893596,89.12465607379623,324.15183172379005,32.42989305272636,303.2063486192522,314.68760985573346
patient_174,349.0,13.96,16.759696620453493,-1139.7673430700625,297.82438981098693,6.0473930031091925,-121.14344861961008,324.39372744391443,16.99501465492953,-385.87195994492066,315.36741044193064
patient_174,351.0,14.04,,,297.82438981098693,,,324.39372744391443,,,315.36741044193064
patient_174,352.0,14.08,150.63675359952674,,303.849859954968,47.741313504016446,,326.3033799840751,28.839671133185703,,316.5209972872581
patient_174,353.0,14.12,73.08926593546033,-1938.6871916016603,306.7734305923864,58.145671151221364,260.10894118012294,328.62920683012396,74.73819672763712,1147.4631398612853,319.5105251563636
patient_174,354.0,14.16,18.32646129906348,-1369.0701159099212,307.50648904434894,29.97716677994919,-704.2126092818044,329.8282935013219,10.943153819954155,-1594.876072692074,319.9482513091618
patient_174,355.0,14.2,36.16632166693209,445.99650919671524,308.9531419110262,37.19642231655967,180.481388415262,331.3161503939843,16.384963353938073,136.04523834959795,320.6036498433193
patient_174,356.0,14.24,61.87400610135523,642.6921108605784,311.4281021550804,47.02544451440063,245.7255549460241,333.19716817456026,49.867736562839355,837.069330222532,322.59835930583284
patient_174,357.0,14.28,39.32220597651101,-563.7950031211055,313.00099039414084,27.815952211785238,-480.23730756538487,334.3098062630317,33.32567664312163,-413.55149799294304,323.9313863715577
patient_174,358.0,14.32,10.539940871969462,-719.5566276135386,313.42258802901966,19.55498200934684,-206.52425506095992,335.0920055434056,18.122435031908967,-380.08104028031664,324.65628377283406
patient_174,359.0,14.36,23.554078911517262,325.353450988695,314.3647511854804,44.35758885511134,620.0651711441125,336.86630909761004,58.68578905526631,1014.0838505839337,327.0037153350447
patient_174,360.0,14.4,18.566990659793287,-124.67720629309937,315.10743081187206,36.13199459201556,-205.63985657739448,338.3115888812907,32.594576260093035,-652.280319879332,328.3074983854484
patient_174,361.0,14.44,9.872517660911695,-217.36182497203978,315.50233151830855,75.01332821103142,972.0333404753966,341.3121220097319,13.748219624873645,-471.15891588048476,328.8574271704433
patient_174,362.0,14.48,18.34092271588674,211.71012637437613,316.235968426944,34.18731366206955,-1020.6503637240468,342.67961455621463,26.484733516185106,318.4128472827865,329.9168165110907
patient_174,363.0,14.52,14.705171246173501,-90.893786742831,316.8241752767909,16.011353619402023,-454.39900106668813,343.32006870099076,21.318223116782857,-129.16275998505623,330.76954543576204
patient_174,364.0,14.56,18.486900381593937,94.5432283855109,317.56365129205466,19.977962192116138,99.16521431785287,344.1191871886754,54.98964846139411,841.7856336152813,332.96913137421785
patient_174,365.0,14.6,28.610097705973622,253.07993310949212,318.7080552002936,20.03577120552748,1.4452253352835953,344.92061803689654,6.434029177746117,-1213.8904820911998,333.2264925413277
patient_174,366.0,14.64,28.38659454283687,-5.587579078418781,319.8435189820071,22.951427173623394,72.89139920239779,345.8386751238415,7.060800518564749,15.669283520465793,333.50892456207026
patient_174,367.0,14.68,64.27336945573084,897.1693728223493,322.4144537602363,31.79254385678246,221.02791707897663,347.11037687811273,16.825465345678076,244.11662067783317,334.1819431758974
patient_174,368.0,14.72,15.012971768894642,-1231.509942170905,323.0149726309921,32.8317519987461,25.98020354909103,348.4236469580626,34.5630797992173,443.44036133848056,335.5644663678661
patient_174,369.0,14.76,65.19307405902698,1254.5025572533084,325.62269559335317,28.37585851196666,-111.39733716948604,349.5586812985413,18.916885001989204,-391.1548699307024,336.3211417679457
patient_174,370.0,14.8,15.229481862135438,-1249.0898049222887,326.2318748678386,69.96593788868807,1039.7519844180356,352.3573188140888,13.96685186398735,-123.75082845004637,336.87981584250514
patient_174,371.0,14.84,41.330879735190535,652.5349468263774,327.8851100572462,16.35465059399883,-1340.2821823672311,353.01150483784875,20.75167288842751,169.620525611004,337.7098827580422
patient_174,372.0,14.88,52.95035905649495,290.48698303261045,330.003124419506,27.186002521564124,270.7837981891323,354.0989449387114,31.175634460427638,260.5990393000032,338.95690813645933
patient_174,373.0,14.92,26.01335886908826,-673.4250046851673,331.0436587742695,14.260616398830763,-323.13465306833405,354.6693695946646,57.48771676088305,657.8020575113853,341.2564168068946
patient_174,374.0,14.96,87.18104087772538,1529.1920502159278,334.53090040937855,152.36520991301126,3452.614837854512,360.763977991185,189.20141905971653,3292.842557470837,348.82447356928327
patient_174,375.0,15.0,89.24297128020615,51.548260062019224,338.10061926058677,249.73095622612308,2434.143657827796,370.75321624022996,219.24472951215196,751.0827613108859,357.5942627497694
patient_174,376.0,15.04,126.08970507948723,921.1683449820271,343.14420746376624,321.3965734981958,1791.6404318018174,383.6090791801578,236.61718372254413,434.3113552598041,367.0589500986712
patient_174,377.0,15.08,88.92731477599212,-929.0597575873779,346.7013000548059,253.95131274289457,-1686.1315188825301,393.76713168987357,218.29899074256332,-457.9548244995202,375.7909097283737
patient_174,378.0,15.12,136.01462933602397,1177.1828640007964,352.14188522824685,208.1014510587875,-1146.246542102677,402.0911897322251,353.1427312286117,3371.0935121512093,389.9166189775182
patient_174,379.0,15.16,80.66773477440174,-1383.672364040556,355.3685946192229,202.6682038927954,-135.8311791498025,410.1979178879369,247.6745837515428,-2636.703686926722,399.8236023275799
patient_174,380.0,15.2,58.913968942714384,-543.8441457921838,357.7251533769315,241.37312243373768,967.6229635235572,419.8528427852864,187.11249889989386,-1514.0521212912233,407.3081022835757
patient_174,381.0,15.24,71.88537156224666,324.28506548830694,360.60056823942136,142.8930901794212,-2462.000806357912,425.56856639246325,156.20195937037258,-772.7634882380322,413.5561806583906
patient_174,382.0,15.28,99.92331267328328,700.9485277759154,364.5975007463527,131.02289430070053,-296.7548969680166,430.80948216449127,135.6516915217827,-513.7566962147467,418.98224831926194
patient_174,383.0,15.32,99.01964015625192,-22.591812925783827,368.55828635260275,91.36375313459111,-991.4785291527355,434.46403228987487,141.7375757213302,152.14710498868698,424.6517513481151
patient_174,384.0,15.36,147.06575931687001,1201.1529790154523,374.4409167252776,49.35368533164835,-1050.251695073569,436.43817970314086,117.39101471676663,-608.6640251140889,429.3473919367858
patient_174,385.0,15.4,15.86768406924511,-3279.9518811906223,375.07562408804733,53.58164878617323,105.69908636312206,438.5814456545878,54.667183303945095,-1568.0957853205384,431.53407926894363
patient_174,386.0,15.44,20.570494480554384,117.57026028273185,375.8984438672695,65.21879030849263,290.9285380579849,441.1901972669275,62.30596270927336,190.9694851332066,434.02631777731455
patient_174,387.0,15.48,50.34680407162389,744.4077397767377,377.91231603013443,46.852774732781555,-459.15038939277684,443.06430825623875,33.226404241243344,-726.9889617007503,435.3553739469642
patient_174,388.0,15.52,64.60168729555366,356.37208059824417,380.4963835219566,53.22148261183402,159.21769697631163,445.1931675607121,69.41377754734336,904.6843326525003,438.13192504885797
patient_174,389.0,15.56,44.54862316462399,-501.32660327324174,382.2783284485416,45.21273867591738,-200.21859839791603,447.0016771077488,28.325825284270014,-1027.1988065768337,439.26495806022876
patient_174,390.0,15.6,46.81122209006304,56.56497313597626,384.1507773321441,36.4444625838951,-219.20690230055692,448.45945561110454,32.780963188373455,111.37844760258604,440.5761965877637
patient_174,391.0,15.64,16.183155467003303,-765.7016655764935,384.79810355082424,37.92814977935135,37.09217988640621,449.9765816022786,52.658801624453865,496.94596090201026,442.68254865274184
patient_174,392.0,15.68,15.001005378090852,-29.55375222281127,385.3981437659479,23.67656257362845,-356.2896801430726,450.92364410522373,39.96849198661509,-317.2577409459693,444.2812883322065
patient_174,393.0,15.72,24.018778769236672,225.4443347786455,386.3588949167174,17.05941060276031,-165.4287992717035,451.6060205293341,54.67280685795542,367.60787178350824,446.4682006065247
patient_174,394.0,15.76,15.023998224208961,-224.86951362569278,386.95985484568575,7.362255823490746,-242.4288694817391,451.90051076227377,88.39736686495104,843.1140001748904,450.0040952811227
patient_174,395.0,15.8,17.625399051518784,65.03502068274555,387.66487080774647,15.933914574254336,214.29146876908973,452.53786734524397,80.89083435970949,-187.6633126310388,453.23972865551104
patient_174,396.0,15.84,46.134917617871764,712.7379641588245,389.5102675124614,31.587922273157847,391.35019247258776,453.8013842361703,46.610505400861214,-857.0082239712068,455.1041488715455
patient_174,397.0,15.88,112.76159376452735,1665.6669036663895,394.0207312630425,60.98910074058699,735.0294616857286,456.2409482657938,83.67238055348624,926.5468788156255,458.4510440936849
patient_174,398.0,15.92,154.62204877746396,1046.5113753234152,400.20561321414107,375.20224164953197,7855.328522723625,471.2490379317751,365.3404100447042,7041.700737280449,473.06466049547305
patient_174,399.0,15.96,106.47554490516106,-1203.6625968075725,404.4646350103475,613.4199968112848,5955.443879043822,495.78583780422645,564.7243793339804,4984.599232231906,495.6536356688323
patient_174,400.0,16.0,318.567905093888,5302.309004718173,417.207351214103,264.38959146618475,-8725.760133627502,506.36142146287386,434.48699075549496,-3255.934714462137,513.033115299052
patient_174,401.0,16.04,320.93827814820287,59.259326357872055,430.04488234003117,340.05478272931396,1891.62978157823,519.9636127720464,425.0758416580584,-235.27872743591445,530.0361489653744
patient_174,402.0,16.08,133.42769827551905,-4687.764496817095,435.3819902710519,139.6861493549448,-5009.215834359229,525.5510587462442,160.57245141397263,-6612.584756102143,536.4590470219333
patient_174,403.0,16.12,123.19940606173515,-255.70730534459756,440.30996651352126,88.55149933859417,-1278.3662504087658,529.093118719788,97.00422414539827,-1589.2056817143591,540.3392159877493
patient_174,404.0,16.16,18.147025407470128,-2626.3095163566254,441.0358475298201,117.86667416161758,732.8793705755853,533.8077856862527,184.04267455488892,2175.9612602372663,547.7009229699448
patient_174,405.0,16.2,68.97837286207204,1270.7836863650477,443.79498244430295,222.70552204446938,2620.9711970712947,542.7160065680314,128.19885527843172,-1396.09548191143,552.828877181082
patient_174,406.0,16.24,101.5571608568165,814.4696998686115,447.8572688785756,176.5283393209067,-1154.429568089067,549.7771401408677,70.34976077648786,-1446.2273625485966,555.6428676121416
patient_174,407.0,16.28,82.7813740943034,-469.39466906282735,451.1685238423478,138.10394106621695,-960.6099563672437,555.3012977835164,47.81472051804169,-563.3760064611541,557.5554564328633
patient_174,408.0,16.32,105.08781332754938,557.6609808311496,455.37203637544974,60.12851003849126,-1949.3857756931423,557.7064381850561,76.68346734800924,721.7186707491888,560.6227951267836
patient_174,409.0,16.36,33.2079129187836,-1796.9975102191447,456.7003528922011,70.76928602479298,266.019399657543,560.5372096260478,67.71804127719776,-224.1356517702872,563.3315167778715
patient_174,410.0,16.4,50.59490368551795,434.67476916835875,458.72414903962186,9.526010101501948,-1531.0818980822758,560.9182500301079,53.940618524091946,-344.4355688276453,565.4891415188351
patient_174,411.0,16.44,32.472723977606165,-453.05449269779456,460.0230579987261,25.638085914301662,402.8018953199929,561.9437734666799,38.75985150472335,-379.5191754842149,567.0395355790241
patient_174,412.0,16.48,11.216110343820985,-531.4153408446294,460.4717024124789,11.177526867768297,-361.5139761633341,562.3908745413906,47.63787464932488,221.95057861503818,568.945050564997
patient_174,413.0,16.52,45.057987945159624,846.046940033466,462.2740219302853,27.21231950519252,400.86981593560563,563.4793673215984,94.80758446233672,1179.242745325296,572.7373539434906
patient_174,414.0,16.56,4.070459764507343,-1024.688204516307,462.4368403208656,20.672897872636593,-163.4855408138982,564.3062832365038,28.387115980819175,-1660.5117120379387,573.8728385827233
patient_174,415.0,16.6,23.99161616523651,498.02891001822917,463.39650496747504,31.11061896278784,260.94302725378117,565.5507079950153,22.64648979952164,-143.5156545324384,574.7786981747041
patient_174,416.0,16.64,20.121652004161156,-96.74910402688388,464.2013710476415,10.310417014182459,-520.0050487151345,565.9631246755827,33.314057602277835,266.6891950689049,576.1112604787952
patient_174,417.0,16.68,32.41341028188706,307.2939569431476,465.497907458917,22.873192090838895,314.0693769164109,566.8780523592162,34.23692028452077,23.071567056073405,577.4807372901761
patient_174,418.0,16.72,16.06899294319361,-408.61043346733624,466.1406671766447,20.945814492015007,-48.184439970597204,567.7158849388968,36.05429860532777,45.43445802017505,578.9229092343892
patient_174,419.0,16.76,32.09373569012126,400.6185686731912,467.4244166042496,8.338881022328712,-315.17333674215735,568.04944017979,9.389392323470902,-666.6226570464219,579.298484927328
patient_174,420.0,16.8,30.631215429728886,-36.563006509809256,468.6496652214387,1.1015990206247745,-180.93205004259843,568.0935041406151,33.19367196633296,595.1069910715514,580.6262318059813
patient_174,421.0,16.84,28.831272343243455,-44.998577162135774,469.8029161151684,29.249562795180005,703.6990943638807,569.2634866524222,42.86869572827327,241.8755940485079,582.3409796351123
patient_174,422.0,16.88,25.53125110537746,-82.50053094664986,470.82416615938354,39.9611229897462,267.7890048641549,570.861931572012,16.38463387709256,-662.1015462795178,582.996364990196
patient_174,423.0,16.92,14.755887300153933,-269.3840951305882,471.4144016513897,7.944437733379753,-800.4171314091612,571.1797090813473,21.287015235522723,122.55953396075405,583.8478455996169
patient_174,424.0,16.96,19.432345449229544,116.91145372689027,472.1916954693589,11.074966490649377,78.2632189317406,571.6227077409732,39.092224546625125,445.1302327775601,585.4115345814819
patient_174,425.0,17.0,25.17470686042811,143.55903527996415,473.198683743776,23.579072984471896,312.602662345563,572.5658706603521,41.70837907282856,65.40386315508596,587.079869744395
patient_174,426.0,17.04,28.03869600347038,71.59972857605679,474.3202315839148,18.67256377512055,-122.66273023378362,573.3127732113569,32.27304556321568,-235.88333774032205,588.3707915669236
patient_174,427.0,17.08,5.34539008388266,-567.3326479896931,474.5340471872701,20.664673115743884,49.80273351558333,574.1393601359866,23.374068127064678,-222.4744359037751,589.3057542920062
patient_174,428.0,17.12,15.598328629834452,256.3234636487948,475.15798033246347,15.86642354827376,-119.95623918675311,574.7740170779176,16.328126987138365,-176.14852849815782,589.9588793714917
patient_174,429.0,17.16,14.44411767367667,-28.855273903944536,475.7357450394105,8.47588164940153,-184.76354747180577,575.1130523438936,8.391271733298042,-198.42138134600808,590.2945302408236
patient_174,430.0,17.2,7.549207427339074,-172.3727561584399,476.0377133365041,10.83850894461532,59.065682380344775,575.5465927016783,32.9576087989522,614.158426641354,591.6128345927817
patient_174,431.0,17.24,7.43266268525051,-2.9136185522141034,476.3350198439141,8.817643955649645,-50.52162472414188,575.8992984599042,22.115772676872655,-271.04590305198866,592.4974654998566
patient_174,432.0,17.28,40.960961706560965,838.2074755327614,477.9734583121766,33.587987726385826,619.2585942684045,577.2428179689597,9.669738673430441,-311.15085008605536,592.8842550467939
patient_174,433.0,17.32,13.957126820012354,-675.0958721637153,478.53174338497706,36.913322994450226,83.13338170161,578.7193508887377,42.96259476308293,832.3214022413122,594.6027588373172
patient_174,434.0,17.36,27.694925672879105,343.4449713216688,479.63954041189226,64.11514784377879,680.045621233214,581.2839568024888,24.43704345995268,-463.1387825782563,595.5802405757153
patient_174,435.0,17.4,23.213376579490127,-112.03872733472444,480.5680754750718,39.27303312686992,-621.0528679227217,582.8548781275637,26.166264984963888,43.23053812528022,596.6268911751139
patient_174,436.0,17.44,17.434321725193275,-144.4763713574213,481.2654483440796,25.832606311505877,-336.01067038410105,583.8881823800239,28.904574072605776,68.45772719104718,597.783074138018
patient_174,437.0,17.48,39.355830569388125,548.0377211048713,482.83968156685506,28.543826133187363,67.78049554203713,585.0299354253514,23.30057200974876,-140.1000515714254,598.715097018408
patient_174,438.0,17.52,16.772606252762735,-564.5806079156348,483.5105858169656,74.87425353040146,1158.2606849303525,588.0249055665674,49.33160308814923,650.7757769600117,600.6883611419339
patient_174,439.0,17.56,33.01249104487609,405.99711980283394,484.83108545876064,26.121596874883974,-1218.8164163879371,589.0697694415627,40.1850084558966,-228.66486580631573,602.2957614801699
patient_174,440.0,17.6,15.887121967428655,-428.13422693618594,485.4665703374578,7.636101864592073,-462.1373752572975,589.3752135161463,26.41559564095476,-344.235320373546,603.352385305808
patient_174,441.0,17.64,26.80252086194441,272.88497236289385,486.53867117193556,28.06696669990562,510.77162088283876,590.4978921841426,35.49151997927193,226.89810845792923,604.7720461049789
patient_174,442.0,17.68,23.075248020380542,-93.18182103909666,487.4616810927508,88.14189067696057,1501.8730994263738,594.023567811221,62.68780556543274,679.9071396540203,607.2795583275962
patient_174,443.0,17.72,20.06427759294405,-75.27426068591225,488.2642521964686,11.064718576378406,-1926.929302514554,594.4661565542763,9.70952701188578,-1324.456963838674,607.6679394080716
patient_174,444.0,17.76,44.03128011166796,599.1750629680977,490.02550340093535,39.49942959187465,710.8677753874063,596.0461337379512,81.97919033484993,1806.7415830741038,610.9471070214656
patient_174,445.0,17.8,67.57148463391103,588.5051130560767,492.72836278629177,70.591312796944,777.2970801267336,598.869786249829,39.271455591933474,-1067.6933685729114,612.5179652451429
patient_174,446.0,17.84,66.63698744831169,-23.362429639983517,495.3938422842242,36.482554438293995,-852.71895896625,600.3290884273607,230.81846020842963,4788.675115412404,621.7507036534802
patient_174,447.0,17.88,27.299874755206574,-983.4278173276278,496.48583727443247,112.17385794162033,1892.2825875831584,604.8160427450256,242.65859125820592,296.00327624440723,631.4570473038084
patient_174,448.0,17.92,8.306426169690939,-474.8362146378909,496.81809432122014,83.27750989093647,-722.4087012670964,608.147143140663,90.62487710970518,-3800.8428537125183,635.0820423881967
patient_174,449.0,17.96,32.18939296717623,597.0741699371324,498.1056700399072,80.22049149843266,-76.42545981259516,611.3559628006003,217.99256925653603,3184.1923036707713,643.8017451584581
patient_174,450.0,18.0,15.142896661376934,-426.16240764498247,498.71138590636224,13.24102364183824,-1674.4866964148607,611.8856037462739,26.257743066511253,-4793.370654750619,644.8520548811185
patient_174,451.0,18.04,36.423129938788215,532.005831935282,500.1683111039138,35.70644095232029,561.6354327620513,613.3138613843666,41.2672563887461,375.23783305587114,646.5027451366684
patient_174,452.0,18.08,12.658706398665947,-594.1105885030566,500.67465935986047,31.8808928035139,-95.63870372015985,614.5890970965072,39.09436037505973,-54.32240034215923,648.0665195516708
patient_174,453.0,18.12,30.395403862910303,443.41743660610894,501.8904755143769,79.59906931307133,1192.9544127389356,617.7730598690301,33.895342546187464,-129.9754457218066,649.4223332535183
patient_174,454.0,18.16,8.489132635245134,-547.6567806916293,502.23004081978667,56.69600580761385,-572.5765876364369,620.0409001013347,72.75848703806011,971.5786122968161,652.3326727350407
patient_174,455.0,18.2,30.23441665730934,543.6321005516052,503.43941748607904,47.63106118295779,-226.6236156164016,621.946142548653,43.0180827293279,-743.5101077183052,654.0533960442139
patient_174,456.0,18.24,28.081995281050297,-53.81053440647605,504.56269729732105,157.05868984064583,2735.690716442201,628.2284901422788,192.7425647475108,3743.1120504545734,661.7630986341143
patient_174,457.0,18.28,68.84999407549225,1019.1999698610488,507.31669706034074,146.3607308026856,-267.4489759490058,634.0829193743863,29.238640233876836,-4087.59811284085,662.9326442434694
patient_174,458.0,18.32,33.73793331648404,-877.8015189752052,508.66621439300013,104.42423620876512,-1048.4123648480117,638.2598888227368,45.09189443957451,396.33135514244185,664.7363200210524
patient_174,459.0,18.36,62.4325301629611,717.3649211619265,511.1635155995186,83.66301526817928,-519.0305235146461,641.606409433464,90.47892677546606,1134.6758083972888,668.355477092071
patient_174,460.0,18.4,116.4994839614578,1351.6738449624174,515.8234949579769,26.797328239831174,-1421.6421757087026,642.6783025630572,96.32296614409927,146.10098421583012,672.2083957378351
patient_174,461.0,18.44,44.9504284676356,-1788.7263873455552,517.6215120966823,42.86621129924174,401.72207648526415,644.3929510150269,12.390050517572444,-2098.3228906631707,672.703997758538
patient_174,462.0,18.48,109.57272876148099,1615.557507346135,522.0044212471415,213.40726213396394,4263.526270868055,652.9292415003855,136.86295235582708,3111.8225459563655,678.178515852771
patient_174,463.0,18.52,125.65824163106852,402.1378217396883,527.0307509123843,265.9380311784891,1313.269226113129,663.5667627475251,234.56685388348504,2442.597538191449,687.5611900081104
patient_174,464.0,18.56,157.65180143656684,799.838995137458,533.3368229698469,236.17161864868768,-744.1603132450354,673.0136274934725,202.70973422206077,-796.4279915356066,695.6695793769929
patient_174,465.0,18.6,169.9310396817812,306.9809561303586,540.1340645571182,238.02991068481282,46.457300903128385,682.5348239208652,263.5542232415836,1521.1122254880706,706.2117483066562
patient_174,466.0,18.64,209.84862866703665,997.9397246313865,548.5280097037996,106.08689787114407,-3298.575320341719,686.778299835711,186.08354830550016,-1936.766873402086,713.6550902388763
patient_174,467.0,18.68,161.80862859860747,-1201.0000017107295,555.0003548477439,196.93801460342826,2271.2779183071048,694.655820419848,236.95767051351064,1271.853055200262,723.1333970594168
patient_174,468.0,18.72,166.8754694473004,126.67102121732299,561.675373625636,251.4140542291177,1361.9009906422364,704.7123825890127,275.2383393391459,957.0167206408819,734.1429306329826
patient_174,469.0,18.76,48.31101573067667,-2964.111342915593,563.607814254863,96.33200535854128,-3877.051221764411,708.5656628033544,25.46232242882474,-6244.400422758029,735.1614235301356
patient_174,470.0,18.8,27.960827187066386,-508.75471359025715,564.7262473423457,37.009291263341055,-1483.0678523800057,710.046034453888,36.31555517812078,271.330818732401,736.6140457372604
patient_174,471.0,18.84,14.078160183523988,-347.06667508856,565.2893737496867,10.920169383546058,-652.2280469948748,710.4828412292298,10.878222892175664,-635.9333071486279,737.0491746529475
patient_174,472.0,18.88,34.64763746302242,514.2369319874608,566.6752792482075,37.33680897436673,660.4159897705168,711.9763135882044,59.89030805667791,1225.302129112556,739.4447869752147
patient_174,473.0,18.92,39.586071496677306,123.46085084137215,568.2587221080746,54.956571879560116,440.4940726298346,714.1745764633869,62.18323714613833,57.323227236510554,741.9321164610602
patient_174,474.0,18.96,37.489018569264964,-52.426323185308554,569.7582828508453,14.014817909400632,-1023.543849253987,714.7351691797629,17.192262384341674,-1124.7743690449165,742.6198069564339
patient_174,475.0,19.0,13.423652148549616,-601.6341605178837,570.2952289367872,18.776591580780035,119.04434178448508,715.486232842994,7.487709326393579,-242.6138264487024,742.9193153294896
patient_174,476.0,19.04,12.929990279734529,-12.341546720377172,570.8124285479765,55.894602050323776,927.9502617385936,717.7220169250071,17.128758410694346,241.0262271075192,743.6044656659174
patient_174,477.0,19.08,35.358380629936995,560.7097587550617,572.2267637731741,36.85947686464437,-475.87812964198514,719.1963959995928,90.89074378600188,1844.0496343826883,747.2400954173576
patient_174,478.0,19.12,10.919234283839986,-610.9786586524253,572.6635331445276,14.324151546529075,-563.3831329528824,719.769362061454,37.46090219847081,-1335.7460396882766,748.7385315052965
patient_174,479.0,19.16,27.248901013036267,408.2416682299071,573.753489185049,71.90181963842738,1439.4417022974578,722.6454348469911,38.58510448681649,28.10505720864196,750.2819356847691
patient_174,480.0,19.2,50.83320691835945,589.6076476330796,575.7868174617835,111.22569087485985,983.0967809108117,727.0944624819855,106.96876948963389,1709.591625070435,754.5606864643545
patient_174,481.0,19.24,34.31769138318788,-412.88788837928934,577.159525117111,39.80684048549439,-1785.4712597341365,728.6867361014052,121.14184321318132,354.3268430886858,759.4063601928817
patient_174,482.0,19.28,8.229463464374744,-652.2056979703283,577.488703655686,34.47991220304827,-133.17320706115297,730.0659325895272,25.473018165041005,-2391.720626203508,760.4252809194834
patient_174,483.0,19.32,17.008990995101023,219.48818826815696,578.16906329549,35.4229173342098,23.575128279038182,731.4828492828956,80.29759628951439,1370.6144531118346,763.6371847710639
patient_174,484.0,19.36,21.24517831146178,105.90468290901889,579.0188704279484,90.99418898498696,1389.281791269429,735.1226168422951,169.96143789892616,2241.5960402352944,770.4356422870209
patient_174,485.0,19.4,46.92065644518139,641.8869533429904,580.8956966857556,119.3078430336172,707.841351215756,739.8949305636398,85.21007284035002,-2118.7841264644035,773.8440452006348
patient_174,486.0,19.44,79.55363921151876,815.8245691584341,584.0778422542164,298.82283475421923,4487.874793015051,751.8478439538086,24.929058494082902,-1507.025358656678,774.8412075403982
patient_174,487.0,19.48,173.53842701987918,2349.6196952090104,591.0193793350116,209.75457022946014,-2226.706613118977,760.238026762987,325.40790825246785,7511.971243959624,787.857523870497
patient_174,488.0,19.52,214.2180158147884,1016.9897198727306,599.5880999676032,289.70793888096097,1998.8342162875206,771.8263443182254,447.534610914924,3053.167566561403,805.758908307094
patient_174,489.0,19.56,186.85003759740738,-684.1994554345256,607.0621014714994,723.9580537309791,10856.252871250454,800.7846664674646,688.8923404277017,6033.943237819443,833.314601924202
patient_174,490.0,19.6,441.64737280058665,6369.933380079482,624.7279963835229,576.1733024958538,-3694.6187808781333,823.8315985672987,560.5847099062827,-3207.6907630354754,855.7379903204533
patient_174,491.0,19.64,254.19962588773456,-4686.193672821302,634.8959814190323,170.3119553324906,-10146.533679084081,830.6440767805983,392.93484334717266,-4191.24666397775,871.4553840543401
patient_174,492.0,19.68,92.52675859127629,-4041.8216824114565,638.5970517626833,74.68111078797548,-2390.7711136128783,833.6313212121173,141.39851542212028,-6288.40819812631,877.1113246712249
patient_174,493.0,19.72,86.68428387975163,-146.06186778811647,642.0644231178734,70.72294120221409,-98.95423964403491,836.4602388602059,75.40133788208105,-1649.9294385009807,880.1273781865082
patient_174,494.0,19.76,73.28160176878502,-335.06705277416523,644.9956871886247,153.21353891000766,2062.264942694839,842.5887804166061,148.10553356893575,1817.6048921713675,886.0515995292656
patient_174,495.0,19.8,98.08258827164072,620.0246625713924,648.9189907194904,154.13041672431578,22.921945357703066,848.7539970855787,108.72494499559491,-984.5147143335212,890.4005973290894
patient_174,496.0,19.84,90.1830917381499,-197.48741333727048,652.5263143890164,163.36820610877663,230.94473461152134,855.2887253299299,128.44063460804438,492.89224031123666,895.5382227134111
patient_174,497.0,19.88,110.26553672410886,502.06112464897393,656.9369358579808,93.93298877110016,-1735.880433441912,859.0460448807738,90.84489065318209,-939.8935988715572,899.1720183395383
patient_174,498.0,19.92,60.2265571767173,-1250.9744886847889,659.3459981450494,78.40770855175022,-388.13200548374846,862.1823532228439,39.55569171030412,-1282.2299735719494,900.7542460079505
patient_174,499.0,19.96,27.706976418498787,-812.9895189554627,660.4542772017894,25.100424341323695,-1332.682105260663,863.1863701964967,131.4652058887309,2297.73785446067,906.0128542434998
patient_174,500.0,20.0,30.66885053935319,74.04685302136009,661.6810312233636,47.373556606477486,556.8283066288448,865.0813124607558,39.20077722065686,-2306.6107167018513,907.580885332326
patient_174,501.0,20.04,35.61270534647431,123.59637017802791,663.1055394372224,53.2986524642027,148.12739644313044,867.213258559324,52.110189239758085,322.73530047753064,909.6652929019162
patient_174,502.0,20.08,26.543336879988697,-226.73421166214024,664.167272912422,54.0591184808971,19.01165041735986,869.37562329856,17.960346096596297,-853.7460785790447,910.38370674578
patient_174,503.0,20.12,18.053081957576204,-212.25637306031234,664.889396190725,44.35520693153368,-242.59778873408547,871.1498315758213,24.142408053684186,154.55154892719722,911.3494030679275
patient_174,504.0,20.16,50.49157569005185,810.9623433118912,666.9090592183271,15.17952943818148,-729.391937333805,871.7570127533486,67.42039989830572,1081.9497961155382,914.0462190638598
patient_174,505.0,20.2,28.446780234418767,-551.1198863908271,668.046930427704,26.83324032241592,291.34277210586106,872.8303423662452,39.12642929486333,-707.3492650860597,915.6112762356543
patient_174,506.0,20.24,37.62459126434168,229.44527574807285,669.5519140782776,37.48202020696325,266.2194971136832,874.3296231745237,21.143088135713192,-449.5835289787534,916.4569997610827
patient_174,507.0,20.28,38.458148758219316,20.838937346940867,671.0902400286063,24.053135171700774,-335.72212588156185,875.2917485813917,19.553004881321996,-39.7520813597799,917.2391199563357
patient_174,508.0,20.32,21.35241422804752,-427.64336325429485,671.9443365977282,38.24957562103658,354.9110112333951,876.8217316062332,27.703118728028738,203.75284616766854,918.3472447054569
patient_174,509.0,20.36,34.92218719669249,339.24432421612426,673.3412240855959,7.064908308188725,-779.6166828211963,877.1043279385608,28.068950610753546,9.14579706812022,919.4700027298869
patient_174,510.0,20.4,47.54534519074964,315.5789498514288,675.2430378932258,37.81962275753297,768.867861233606,878.617112848862,24.92164139580119,-78.68273037380895,920.466868385719
patient_174,511.0,20.44,52.84852947552868,132.5796071194759,677.3569790722471,13.384064044172188,-610.8889678340195,879.1524754106289,14.853362699587485,-251.70696740534257,921.0610028937025
patient_174,512.0,20.48,53.533927980950196,17.13496263553793,679.498336191485,51.08111591901826,942.4262968711516,881.1957200473896,25.993931231171555,278.51421328960174,922.1007601429494
patient_174,513.0,20.52,10.282543137796136,-1081.2846210788514,679.9096379169969,19.032972608918268,-801.2035827524996,881.9570389517463,3.3174857601319823,-566.9111367759892,922.2334595733548
patient_174,514.0,20.56,12.994874612174973,67.80828685947094,680.4294329014838,12.364198904125315,-166.7193426198238,882.4516069079114,28.680403607251524,634.0729461779885,923.3806757176447
patient_174,515.0,20.6,32.779532598963364,494.6164496697097,681.7406142054424,17.293122158320767,123.22308135488629,883.1433317942442,24.31474328586944,-109.14150803455209,924.3532654490795
patient_174,516.0,20.64,23.448127397441766,-233.28513003803994,682.67853930134,24.794419654168248,187.53243739618705,884.1351085804109,35.33476467108016,275.50053463026796,925.7666560359227
patient_174,517.0,20.68,38.366133926252544,372.9501632202695,684.2131846583901,66.98256803819183,1054.7037096005895,886.8144113019385,77.01260491025214,1041.9460059792993,928.8471602323327
patient_174,518.0,20.72,106.53989497233889,1704.3440261521584,688.4747804572836,161.61443808058067,2365.796751059721,893.2789888251618,57.45173593714323,-489.02172432772255,931.1452296698184
patient_174,519.0,20.76,81.71355223188759,-620.6585685112824,691.743322546559,70.91320313598115,-2267.530873614988,896.115516950601,55.83629449401724,-40.38603607814988,933.3786814495791
patient_174,520.0,20.8,106.82839452820475,627.8710574079291,696.0164583276872,257.2869349280289,4659.343294801194,906.4069943477222,93.97119624093757,953.3725436730084,937.1375292992166
patient_174,521.0,20.84,96.06432810056235,-269.10166069106015,699.8590314517097,18.23229962000481,-5976.365882700603,907.1362863325224,286.9212463989493,4823.751253950293,948.6143791551746
patient_174,522.0,20.88,19.75215943573276,-1907.8042166207397,700.649117829139,281.2148085788097,6574.5627239701225,918.3848786756748,293.1507683116852,155.73804781839868,960.3404098876421
patient_174,523.0,20.92,47.05339527639933,682.5308960166642,702.5312536401949,84.77671258223012,-4910.952399914489,921.775947178964,174.6437419931121,-2962.6756579643284,967.3261595673665
patient_174,524.0,20.96,69.85039579787892,569.9250130369898,705.3252694721101,26.530972903697936,-1456.1434919633045,922.8371860951119,25.84222927902903,-3720.0378178520764,968.3598487385276
patient_174,525.0,21.0,82.37789722942604,313.1875357886781,708.6203853612872,62.85008244125014,907.977738438805,925.3511893927619,82.57198115156473,1418.2437968133925,971.6627279845903
patient_174,526.0,21.04,27.943067880700752,-1360.8707337181322,709.7381080765152,21.67971733037672,-1029.2591277718354,926.2183780859771,6.798607934767738,-1894.3343304199245,971.9346723019811
patient_174,527.0,21.08,19.30714104476466,-215.89817089840233,710.5103937183059,44.21185270728872,563.3033844227999,927.9868521942685,18.530446678245948,293.29596858695527,972.675890169111
patient_174,528.0,21.12,21.10426163731185,44.92801481367978,711.3545641837984,18.6209652648848,-639.7721860600981,928.7316908048639,48.72556514270632,754.8779616115094,974.6249127748192
patient_174,529.0,21.16,11.385489778819133,-242.96929646231794,711.8099837749511,25.520524520388996,172.48898138760492,929.7525117856795,11.723957775813936,-925.0401841723096,975.0938710858519
patient_174,530.0,21.2,6.367968165460398,-125.43804033396839,712.0647025015695,18.19604028985398,-183.1121057633754,930.4803533972737,8.380799617866229,-83.57895394869269,975.4291030705665
patient_174,531.0,21.24,14.630120895793468,206.55381825832677,712.6499073374013,15.25909602341692,-73.42360666092648,931.0907172382103,6.266133247206588,-52.866659266491034,975.6797484004547
patient_174,532.0,21.28,36.8149744324991,554.6213384176408,714.1225063147011,60.37614939249928,1127.926334227059,933.5057632139102,67.04870812774459,1519.56437201345,978.3616967255646
patient_174,533.0,21.32,7.112261921701592,-742.5678127699376,714.4069967915692,35.31315318115657,-626.5749052835677,934.9182893411565,36.027604921912754,-775.5275801457959,979.8028009224411
patient_174,534.0,21.36,10.95303963510597,96.01944283510946,714.8451183769736,16.587944996011494,-468.130204628627,935.581807140997,18.125509356092426,-447.5523891455082,980.5278212966848
patient_174,535.0,21.4,33.56081006985827,565.1942608688075,716.1875507797679,8.236887825390763,-208.77642926551826,935.9112826540127,19.388721011249366,31.58029137892351,981.3033701371347
patient_174,536.0,21.44,11.32800971464505,-555.8200088803305,716.6406711683537,25.79416659287727,438.93196918716274,936.9430493177277,14.196214528814023,-129.81266206088358,981.8712187182873
patient_174,537.0,21.48,18.08956854538387,169.03897076847048,717.364253910169,35.72701474038685,248.32120368773946,938.3721299073432,19.342042101624088,128.64568932025162,982.6449004023522
patient_174,538.0,21.52,15.321074678586436,-69.21234666993583,717.9770968973125,32.96926279438307,-68.94379865009448,939.6909004191185,0.4542147362674941,-472.1956841339148,982.6630689918029
patient_174,539.0,21.56,5.718340097478799,-240.0683645276909,718.2058305012117,8.338091681570644,-615.7792778203107,940.0244240863814,16.487403820535416,400.82972710669804,983.3225651446243
patient_174,540.0,21.6,16.20746196086874,262.2280465847486,718.8541289796465,9.675500250561262,33.43521422476545,940.4114440964037,25.29191038492885,220.11266410983586,984.3342415600214
patient_174,541.0,21.64,22.409008251767936,155.03865727247987,719.7504893097172,30.679442022161794,525.0985442900133,941.6386217772903,33.48480172198296,204.82228342635275,985.6736336289007
patient_174,542.0,21.68,9.813948507120173,-314.87649361619407,720.1430472500019,28.91033594703971,-44.22765187805213,942.7950352151718,14.82235084760212,-466.561271859521,986.2665276628047
patient_174,543.0,21.72,26.475546732753223,416.53995564082624,721.2020691193121,4.608054370465211,-607.5570394143624,942.9793573899905,19.533414919011427,117.77660178523269,987.0478642595652
patient_174,544.0,21.76,12.454267442374327,-350.5319822594724,721.7002398170071,3.0214290640296277,-39.66563266088957,943.1002145525516,17.59957045569998,-48.34611158278621,987.7518470777932
patient_174,545.0,21.8,3.7415253380382416,-217.81855260840211,721.8499008305287,26.425891516906457,585.1115613219207,944.1572502132278,8.001773203337594,-239.94493130905963,988.0719180059267
patient_174,546.0,21.84,11.61947088998915,196.94863879877272,722.3146796661282,40.817206929066636,359.7828853040045,945.7899384903905,13.048244922996457,126.16179299147157,988.5938478028465
patient_174,547.0,21.88,16.798257282589255,129.46965981500261,722.9866099574318,4.312967959070086,-912.6059742499137,945.9624572087533,17.724639707502114,116.90986961264143,989.3028333911467
patient_174,548.0,21.92,15.625659914956918,-29.314934190808415,723.61163635403,29.376238333103156,626.5817593508268,947.1375067420773,0.7706794145762503,-423.84900732314657,989.3336605677298
patient_174,549.0,21.96,27.994421347690647,309.21903581834323,724.7314132079377,38.47260812884462,227.40924489353657,948.6764110672312,47.672423192850054,1172.543594456845,991.2405574954438
patient_174,550.0,22.0,20.982708979623457,-175.29280920167975,725.5707215671226,16.905286772347093,-539.1830339124382,949.3526225381252,20.248591497999982,-685.5957923712518,992.0505011553637
patient_174,551.0,22.04,14.041352098384463,-173.53392203097485,726.132375651058,20.413007306777452,87.69301336075897,950.1691428303963,8.284143462209489,-299.1112008947623,992.3818668938521
patient_174,552.0,22.08,16.85976064799907,70.46021374036519,726.8067660769781,22.22653910922179,45.33829506110845,951.0582043947652,18.04621819755029,244.05186838352,993.1037156217541
patient_174,553.0,22.12,4.794284505673766,-301.63690355813264,726.9985374572051,41.869743639700985,491.0801132619799,952.7329941403533,25.84530958975018,194.97728480499728,994.137528005344
patient_174,554.0,22.16,50.42013332425156,1140.646220464445,729.0153427901752,66.67387340653796,620.1032441709244,955.3999490766147,95.00226569581464,1728.9239026516113,997.9376186331766
patient_174,555.0,22.2,55.784701324269655,134.1142000004524,731.2467308431459,189.50557304390412,3070.792490934154,962.9801719983709,145.8891919827713,1272.1731571739167,1003.7731863124875
patient_174,556.0,22.24,110.73698703265921,1373.807142709739,735.6762103244523,217.7075355439167,705.0490625003142,971.6884734201276,266.47678831899117,3014.6899084054967,1014.4322578452472
patient_174,557.0,22.28,144.76514166614217,850.7038658370739,741.466815991098,529.5030409998719,7794.88763639888,992.8685950601225,203.77724366464943,-1567.4886163585434,1022.5833475918331
patient_174,558.0,22.32,236.16455687752122,2284.9853802844764,750.9133982661988,440.50835233954973,-2224.8672165080548,1010.4889291537045,344.34119153347064,3514.09869672053,1036.3569952531718
patient_174,559.0,22.36,250.12484760879948,349.0072682819566,760.9183921705508,287.4317376027692,-3826.915368419513,1021.9861986578153,404.63427327271893,1507.3270434812073,1052.5423661840805
patient_174,560.0,22.4,202.6572133425804,-1186.690856655477,769.024680704254,178.04749048912214,-2734.6061778411768,1029.1080982773801,533.4420623968283,3220.194728102734,1073.8800486799537
patient_174,561.0,22.44,178.02954373458672,-615.691740199842,776.1458624536375,400.59630068651796,5563.720254934896,1045.1319503048408,360.0833875310002,-4333.966871645703,1088.283384181194
patient_174,562.0,22.48,137.73945998613888,-1007.252093711196,781.6554408530832,213.64421006154166,-4673.8022656244075,1053.6777187073026,194.88790735971295,-4129.887004282181,1096.0789004755823
patient_174,563.0,22.52,90.77918261391602,-1174.0069343055716,785.2866081576398,122.39265113140048,-2281.288973253529,1058.5734247525586,162.62240387663067,-806.6375870770571,1102.5837966306476
patient_174,564.0,22.56,107.0436761851341,406.61233928045203,789.5683552050451,125.54009718846719,78.68615142666755,1063.5950286400973,101.64100079237303,-1524.535077106441,1106.6494366623424
patient_174,565.0,22.6,35.24921157156464,-1794.8616153392366,790.9783236679077,55.96571878442571,-1739.359460101037,1065.8336573914742,42.510378252075355,-1478.265563507442,1108.3498517924254
patient_174,566.0,22.64,34.01645270507457,-30.818971662251826,792.3389817761106,42.091146344162254,-346.86431100658643,1067.5173032452408,25.47618461628457,-425.8548408947696,1109.3688991770769
patient_174,567.0,22.68,31.990027770153688,-50.66062337302206,793.6185828869167,28.643087059734217,-336.2014821107009,1068.6630267276303,20.85505688729641,-115.528193224704,1110.2031014525687
patient_174,568.0,22.72,27.93175963309188,-101.45670342654523,794.7358532722403,44.711437470071346,401.7087602584282,1070.4514842264332,67.44494497026189,1164.7472020741368,1112.900899251379
patient_174,569.0,22.76,11.469101103896135,-411.56646322989354,795.1946173163961,18.11921856998072,-664.8054725022656,1071.1762529692323,26.37183656279241,-1026.827710186737,1113.9557727138908
patient_174,570.0,22.8,11.220525461064325,-6.214391070795244,795.6434383348387,7.860187065178968,-256.47578762004383,1071.4906604518394,22.218982620941553,-103.82134854627142,1114.8445320187286
patient_174,571.0,22.84,28.046018388026656,420.63732317405834,796.7652790703598,22.166116830674216,357.6482441373812,1072.3773051250664,33.935519043899085,292.9134105739383,1116.2019527804846
patient_174,572.0,22.88,45.05841025502017,425.30979667483786,798.5676154805607,2.92891088775103,-480.93014857307963,1072.4944615605764,74.19304411614227,1006.4381268060797,1119.1696745451302
patient_174,573.0,22.92,33.38565583544109,-291.81886048947695,799.9030417139783,38.66194019853435,893.325732769583,1074.0409391685178,18.114751358300488,-1401.9573189460448,1119.8942645994623
patient_174,574.0,22.96,35.16105778972251,44.385048857035514,801.3094840255673,39.18213311323005,13.004822867392463,1075.608224493047,47.980958407480195,746.6551762294927,1121.8135029357616
patient_174,575.0,23.0,19.55871179962369,-390.05864975247056,802.0918324975521,59.13768262536031,498.8887378032565,1077.9737317980614,19.785424500359795,-704.88834767801,1122.6049199157758
patient_174,576.0,23.04,7.970874898220521,-289.6959225350792,802.4106674934809,8.852467837535373,-1257.1303696956236,1078.327830511563,25.312599806278946,138.17938264797877,1123.617423908027
patient_174,577.0,23.08,6.780248722702751,-29.765654387944252,802.6818774423889,40.12898757443136,781.9129934223998,1079.93299001454,10.426673345710283,-372.1481615142166,1124.0344908418554
patient_174,578.0,23.12,7.798232052714632,25.449583250297025,802.9938067244975,15.23868660089823,-622.2575243383284,1080.542537478576,5.499593915931459,-123.1769857444706,1124.2544745984926
patient_174,579.0,23.16,11.270989327548495,86.81893187084657,803.4446462975995,31.570353608707507,408.2916751952319,1081.8053516229243,26.91299975332225,535.3351459347698,1125.3309945886256
patient_174,580.0,23.2,9.18531959123377,-52.14174340786815,803.8120590812489,10.636471606425312,-523.347050057055,1082.230810487181,12.189988871387264,-368.07527204837464,1125.8185941434813
patient_174,581.0,23.24,12.5931904672245,85.1967718997683,804.3157866999379,10.711345729737554,1.871853082806041,1082.6592643163706,6.983453829904681,-130.16337603706458,1126.0979322966773
patient_174,582.0,23.28,5.715533958956089,-171.94141270671028,804.5444080582961,14.047716110822067,83.40925952711285,1083.2211729608034,3.7964351247709183,-79.67546762834407,1126.2497897016683
patient_174,583.0,23.32,21.881487962049153,404.1488500773266,805.419667576778,15.458312487681466,35.26490942148497,1083.8395054603106,18.78668744338732,374.75630796541003,1127.0012571994037
patient_174,584.0,23.36,25.149352507419355,81.69661363425504,806.4256416770747,46.305563893418835,771.1812851434341,1085.6917280160476,31.684078178595353,322.43476838020086,1128.2686203265473
patient_174,585.0,23.4,9.518868159222048,-390.76210870493264,806.8063964034436,41.91384117525897,-109.79306795399654,1087.3682816630578,17.720686792259514,-349.08478465839596,1128.9774477982378
patient_174,586.0,23.44,26.658005013167823,428.47842134864436,807.8727166039703,48.259240559805434,158.63498461366152,1089.29865128545,34.28814099973649,414.18635518692446,1130.3489734382272
patient_174,587.0,23.48,12.48547886223622,-354.3131537732901,808.3721357584598,23.216363765498127,-626.0719198576827,1090.22730583607,20.507077806618444,-344.5265798279512,1131.1692565504918
patient_174,588.0,23.52,7.730397380921761,-118.8770370328615,808.6813516536967,18.074074425675196,-128.55723349557326,1090.950268813097,43.378291556896464,571.7803437569505,1132.9043882127676
patient_174,589.0,23.56,9.046293800654048,32.89741049330719,809.0432034057227,18.265565456627893,4.787275773817434,1091.6808914313622,26.931050843499204,-411.1810178349315,1133.9816302465076
patient_174,590.0,23.6,18.31962288566288,231.83322712522082,809.7759883211492,57.85558420927592,989.7504688162005,1093.9951147997333,12.279973585272588,-366.2769314556654,1134.4728291899185
patient_174,591.0,23.64,37.89724532988352,489.44056110551594,811.2918781343446,29.86463099683832,-699.77383031094,1095.1897000396068,35.09218551414625,570.3052982218417,1135.8765166104845
patient_174,592.0,23.68,89.11999259783904,1280.5686816988882,814.8566778382582,143.19369723277026,2833.2266558982988,1100.9174479289177,129.1481264379948,2351.3985230962135,1141.0424416680041
patient_174,593.0,23.72,149.31629810701293,1504.907637729347,820.8293297625387,239.453223413515,2406.488154518618,1110.4955768654584,238.45787663360775,2732.743754890324,1150.5807567333486
patient_174,594.0,23.76,114.98601403823645,-858.2571017194119,825.4287703240682,261.2563409628483,545.0779387333328,1120.9458305039723,229.05651303396832,-235.03408999098596,1159.7430172547072
patient_174,595.0,23.8,53.48704598658243,-1537.4742012913505,827.5682521635314,248.82929030010567,-310.6762665685658,1130.8990021159764,349.5814069670186,3013.1223483262575,1173.726273533388
patient_174,596.0,23.84,172.52189169861975,2975.8711428009333,834.4691278314763,333.1589648796856,2108.241864489498,1144.225360711164,327.1694421449654,-560.2991205513306,1186.8130512191865
patient_174,597.0,23.88,342.77506316767125,4256.329286726287,848.1801303581831,196.33717320239734,-3420.544791932206,1152.07884763926,336.2846714282197,227.88073208135842,1200.2644380763154
patient_174,598.0,23.92,260.56096270998,-2055.352511442281,858.6025688665823,287.8335315798924,2287.4089594373763,1163.5921889024557,418.22640460264745,2048.543329360693,1216.9934942604214
patient_174,599.0,23.96,73.30935080747983,-4681.290297562505,861.5349428988815,34.60248651438641,-6330.776126637649,1164.9762883630312,42.92741366410283,-9382.474773463617,1218.7105908069855
patient_174,600.0,24.0,217.86992279193285,3614.0142996113254,870.2497398105587,453.1694395557181,10464.173826033291,1183.10306594526,439.685392975479,9918.949482784405,1236.2980065260047
patient_174,601.0,24.04,201.77784705705434,-402.30189337196265,878.320853692841,230.35470490780247,-5570.36836619789,1192.317254141572,179.53054889422816,-6503.87110203127,1243.4792284817738
patient_174,602.0,24.08,131.1913609318544,-1764.6621531299984,883.5685081301151,138.3839456803983,-2299.268980685104,1197.8526119687879,98.26345980375389,-2031.6772272618568,1247.409766873924
patient_174,603.0,24.12,50.11493364854632,-2026.910682082702,885.573105476057,100.06370624934934,-958.0059857762244,1201.855160218762,132.12127239928182,846.4453148881983,1252.6946177698953
patient_174,604.0,24.16,35.90891327308823,-355.1505093864522,887.0094620069805,93.99301044828422,-151.76739502662784,1205.6148806366932,112.86082769465393,-481.5111176156972,1257.2090508776814
patient_174,605.0,24.2,325.60396790388677,7242.376365769964,900.033620723136,151.25555984253805,1431.5637348563455,1211.665103030395,110.43437063576538,-60.661426472213975,1261.626425703112
patient_174,606.0,24.24,96.48739516678982,-5727.9143184274235,903.8931165298076,119.94544221578707,-782.7529406687745,1216.4629207190262,75.68619647672818,-868.7043539759297,1264.6538735621812
patient_174,607.0,24.28,62.49161909776882,-849.8944017255251,906.3927812937183,92.33666326405,-690.2194737934267,1220.1563872495883,98.5116738445347,570.6369341951629,1268.5943405159626
patient_174,608.0,24.32,87.00249047202777,612.7717843564739,909.8728809125994,50.0000398562117,-1058.4155851959576,1222.1563888438368,42.62495462524893,-1397.1679804821442,1270.2993387009724
patient_174,609.0,24.36,24.839499959466323,-1554.0747628140361,910.866460910978,10.092289259930045,-997.6937649070414,1222.5600804142339,10.049729700011135,-814.380623130945,1270.7013278889729
patient_174,610.0,24.4,108.72228368246401,2097.069593074942,915.2153522582767,65.17038865514787,1376.9524848804458,1225.16689596044,58.542018522637896,1212.307220565669,1273.0430086298784
patient_174,611.0,24.44,62.136364247008466,-1164.6479858863886,917.700806828157,61.03142524649381,-103.4740852163516,1227.6081529702997,31.303816955346054,-680.9550391822961,1274.2951613080922
patient_174,612.0,24.48,120.92187544378334,1469.6377799193717,922.5376818459084,38.33655584188508,-567.3717351152183,1229.1416152039749,44.81826460847466,337.86119132821506,1276.0878918924313
patient_174,613.0,24.52,21.149834107383246,-2494.301033410002,923.3836752102037,74.45149952876146,902.8735921719095,1232.1196751851253,60.534488374280606,392.9055941451487,1278.5092714274026
patient_174,614.0,24.56,179.06468681741922,3947.8713177508994,930.5462626829004,61.28388368340749,-329.1903961338493,1234.5710305324617,76.81632938327122,407.04602522476546,1281.5819246027334
patient_174,615.0,24.6,130.9407955754318,-1203.0972810496855,935.7838945059177,19.58661012115239,-1042.4318390563774,1235.354494937308,106.32596572750884,737.7409086059405,1285.8349632318336
patient_174,616.0,24.64,27.180815469216657,-2593.9995026553784,936.8711271246863,28.347941869948496,219.03329371990264,1236.488412612106,71.22208731110484,-877.5969604101,1288.6838467242778
patient_174,617.0,24.68,122.51269817576537,2383.297067663718,941.7716350517169,56.13992714781839,694.7996319467474,1238.7340096980186,101.03488054478846,745.3198308420905,1292.7252419460694
patient_174,618.0,24.72,18.051170996658943,-2611.538179477661,942.4936818915833,70.02254148328818,347.0653583867447,1241.5349113573502,62.71242861647234,-958.0612982079032,1295.2337390907282
patient_174,619.0,24.76,52.4656662776902,860.3623820257812,944.5923085426908,72.43908025455997,60.41346928179472,1244.4324745675326,132.24702734152584,1738.3649681263375,1300.5236201843895
patient_174,620.0,24.8,44.27879339975908,-204.67182194827788,946.3634602786813,40.66140971725043,-794.4417634327385,1246.0589309562226,18.605383321264537,-2841.0411005065325,1301.26783551724
patient_174,621.0,24.84,36.032653188340824,-206.15350528545645,947.8047664062149,99.77988576001209,1477.9619010690417,1250.050126386623,157.75700580711,3478.790562146137,1307.5781157495244
patient_174,622.0,24.88,32.37626427184339,-91.40972291243585,949.0998169770886,98.3453694434013,-35.862907915269915,1253.9839411643593,112.27657497602078,-1137.0107707772306,1312.0691787485653
patient_174,623.0,24.92,14.100629111204722,-456.8908790159667,949.6638421415369,105.4943245206721,178.72387693176995,1258.203714145186,200.66780989943513,2209.7808730853585,1320.0958911445427
patient_174,624.0,24.96,181.70677040636102,4190.153532378908,956.9321129577912,336.963764269837,5786.735993729123,1271.6822647159795,286.84566166041543,2154.4462940245076,1331.5697176109595
patient_174,625.0,25.0,66.51978397611911,-2879.6746607560476,959.5929043168361,136.73690524319807,-5005.671475665973,1277.1517409257074,83.01573057695944,-5095.7482770864,1334.890346834038
patient_174,626.0,25.04,56.52789887580866,-249.7971275077614,961.8540202718683,131.12126878393337,-140.3909114816173,1282.3965916770646,122.138614037704,978.072086518614,1339.7758913955463
patient_174,627.0,25.08,109.4467872770392,1322.9722100307636,966.23189176295,93.10167645233207,-950.4898082900326,1286.120658735158,192.15020975795974,1750.2898930063934,1347.4618997858645
patient_174,628.0,25.12,78.498347355552,-773.7109980371802,969.371825657172,144.07279748352852,1274.278025779911,1291.8835706344992,135.57494685064128,-1414.3815726829616,1352.8848976598902
patient_174,629.0,25.16,42.079643222801664,-910.4676033187584,971.0550113860841,82.33491533940861,-1543.4470536029976,1295.1769672480755,148.6474699974911,326.8130786712454,1358.8307964597898
patient_174,630.0,25.2,6.2549870575822855,-895.6164041304845,971.3052108683873,2.245831733693226,-2002.2270901428847,1295.2668005174232,86.77655735467542,-1546.772816070392,1362.301858753977
patient_174,631.0,25.24,91.48620497229285,2130.7804478677645,974.9646590672792,113.65386065552026,2785.200723045676,1299.812954943644,161.34856220969323,1864.3001213754453,1368.7558012423647
patient_174,632.0,25.28,76.57434338012114,-372.79653980429293,978.027632802484,144.14687285169828,762.3253049044504,1305.578829857712,207.8793720614089,1163.270246292892,1377.070976124821
patient_174,633.0,25.32,74.7850627310722,-44.73201622622334,981.019035311727,36.986989479976955,-2678.997084293033,1307.058309436911,149.45827545974177,-1460.5274150416783,1383.0493071432109
patient_174,634.0,25.36,136.79552868723172,1550.261648903988,986.4908564592162,155.12727429763598,2953.5071204414758,1313.2634004088166,195.01824511552766,1138.9992413946472,1390.850036947832
patient_174,635.0,25.4,191.7138811246224,1372.9588109347667,994.159411704201,221.04315743594447,1647.8970784577123,1322.1051267062544,166.91028801095823,-702.6989276142359,1397.5264484682702
patient_174,636.0,25.44,105.58140261634354,-2153.3119627069714,998.3826678088548,171.77706244113568,-1231.6523748702195,1328.9762092038998,333.454930724264,4163.616067832644,1410.8646456972408
patient_174,637.0,25.48,84.35349296149509,-530.6977413712111,1001.7568075273145,26.551823861154684,-3630.6309644995254,1330.038282158346,46.82683133325208,-7165.702484775298,1412.7377189505708
patient_174,638.0,25.52,110.50610830974087,653.8153837061443,1006.1770518597042,75.7495092422673,1229.9421345278151,1333.0682625280367,69.322772349497,562.398525406123,1415.5106298445507
patient_174,639.0,25.56,48.718563175188265,-1544.688628363815,1008.1257943867117,19.093326705280294,-1416.4045634246752,1333.831995596248,171.44342059862646,2553.0162062282366,1422.3683666684958
patient_174,640.0,25.6,58.90253610277397,254.59932318964266,1010.4818958308227,57.64041705619061,963.6772587727578,1336.1376122784955,50.18961342277926,-3031.34517939618,1424.375951205407
patient_174,641.0,25.64,89.50255157881236,765.0003869009597,1014.0619978939752,47.00123693264865,-265.9795030885489,1338.0176617558016,70.20333769197181,500.34310672981377,1427.184084713086
patient_174,642.0,25.68,48.55952758935748,-1023.5755997363719,1016.0043789975495,88.62194774086711,1040.5177702054616,1341.5625396654361,97.06797772819137,671.6160009054888,1431.0668038222136
patient_174,643.0,25.72,48.260067914738116,-7.486491865484091,1017.9347817141391,86.75585369417446,-46.6523511673163,1345.032773813203,100.92338232036333,96.38511480429912,1435.103739115028
patient_174,644.0,25.76,28.604415802502942,-491.3913028058794,1019.0789583462392,52.74743136048669,-850.2105583421944,1347.1426710676224,9.669224865713932,-2281.353936366235,1435.4905081096565
patient_174,645.0,25.8,48.984167949973575,509.49380368676583,1021.0383250642382,11.384825359098125,-1034.0651500347142,1347.5980640819864,69.61213677209521,1498.5727976595322,1438.2749935805402
patient_174,646.0,25.84,16.241654313476797,-818.5628409124196,1021.6879912367772,17.303005340289815,147.95449952979226,1348.290184295598,59.90102804174803,-242.7777182586796,1440.6710347022101
patient_174,647.0,25.88,47.25362768146696,775.2993341997541,1023.5781363440359,45.15594745542358,696.3235528783441,1350.096422193815,33.065474038451576,-670.8888500824113,1441.993653663748
patient_174,648.0,25.92,144.88774091110247,2440.852830740888,1029.37364598048,46.20468312025621,26.21839162081585,1351.9446095186252,44.24946565359885,279.59979037868175,1443.763632289892
patient_174,649.0,25.96,23.529809568583715,-3033.9482835629688,1030.3148383632233,86.71824664347501,1012.83908808047,1355.413339384364,33.63055205288846,-265.4728400177596,1445.1088543720077
patient_174,650.0,26.0,27.96407856536141,110.8567249194424,1031.4334015058378,28.596540535341834,-1453.0426527033296,1356.5572010057776,21.942095749737685,-292.2114075787694,1445.986538201997
patient_174,651.0,26.04,6.461955194669552,-537.5530842672964,1031.6918797136245,88.6364777267895,1500.9984297861915,1360.1026601148492,24.232163627249506,57.2516969377955,1446.955824747087
patient_174,652.0,26.08,3.3147102951159373,-78.68112248884037,1031.8244681254291,1.7634946180861004,-2171.824577717585,1360.1731998995726,6.19000513941412,-451.05396219588465,1447.2034249526635
patient_174,653.0,26.12,41.3966879563223,952.0494415301591,1033.480335643682,17.176802107795922,385.3326872427455,1360.8602719838846,18.052161780603424,296.55391602973265,1447.9255114238874
patient_174,654.0,26.16,30.030885335746824,-284.145065514387,1034.6815710571118,34.226656685538714,426.2463644435698,1362.229338251306,10.615084963819566,-185.92692041959646,1448.3501148224404
patient_174,655.0,26.2,22.578013951249936,-186.3217846124222,1035.5846916151618,22.541623237171667,-292.12583620917616,1363.131003180793,13.49531271016476,72.00569365862984,1448.8899273308468
patient_174,656.0,26.24,8.206713288215658,-359.28251657585696,1035.9129601466905,23.245177054647897,17.588845436905753,1364.0608102629787,23.719394623708155,255.6020478385849,1449.8387031157952
patient_174,657.0,26.28,27.01061740005218,470.0976027959131,1036.9933848426926,13.808368061654749,-235.9202248248287,1364.613144985445,10.455615872773224,-331.59446877337325,1450.2569277507062
patient_174,658.0,26.32,13.372136637714277,-340.96201905844754,1037.5282703082012,9.447639355253934,-109.01821766002038,1364.9910505596552,7.273272764147857,-79.55857771563417,1450.5478586612721
patient_174,659.0,26.36,15.630395286067474,56.456466208829916,1038.153486119644,30.557686753150207,527.7511849474068,1366.2133580297811,15.716973600761225,211.09252091533418,1451.1765376053027
patient_174,660.0,26.4,28.75315174610718,328.0689115009926,1039.3036121894881,46.02982209506406,386.80338354784635,1368.0545509135836,29.959843022565405,356.0717355451045,1452.3749313262053
patient_174,661.0,26.44,37.715913516815,224.06904426769555,1040.8122487301607,42.37143753116116,-91.45961409757248,1369.7494084148302,10.623880392000302,-483.39906576412756,1452.7998865418851
patient_174,662.0,26.48,31.041386178699128,-166.8631834528968,1042.0539041773088,37.80836672154798,-114.0767702403295,1371.261743083692,15.0820154001884,111.45337520470244,1453.4031671578925
patient_174,663.0,26.52,23.03225336431232,-200.22832035967016,1042.9751943118813,18.33038322895234,-486.9495873148911,1371.99495841285,4.913600275554169,-254.21037811585578,1453.5997111689148
patient_174,664.0,26.56,41.65270325160818,465.51124718239646,1044.6413024419455,29.301227663288415,274.2711108584019,1373.1670075193815,19.68343313291082,369.2458214339163,1454.387048494231
patient_174,665.0,26.6,16.855310710725945,-619.9348135220558,1045.3155148703745,27.63138054827306,-41.746177875383864,1374.2722627413125,18.30925321390364,-34.354497975179484,1455.1194186227874
patient_174,666.0,26.64,56.50964642105016,991.3583927581053,1047.5759007272165,36.546416991255654,222.87591107456484,1375.7341194209625,33.979036208479364,391.7445748643931,1456.4785800711265
patient_174,667.0,26.68,28.41556348722738,-702.3520733455694,1048.7125232667056,61.99353495216717,636.1779490227879,1378.2138608190494,12.702220294170035,-531.9203978577333,1456.9866688828936
patient_174,668.0,26.72,28.54987759464486,3.357852685437024,1049.8545183704914,16.382691971896087,-1140.271074506777,1378.8691684979253,30.15755536975884,436.3833768897201,1458.192971097684
patient_174,669.0,26.76,26.020699362185702,-63.229455811478985,1050.8953463449789,22.846390341149768,161.59245923134202,1379.7830241115712,19.070796794874674,-277.16896437210414,1458.955802969479
patient_174,670.0,26.8,62.975519533907324,923.8705042930405,1053.414367126335,34.16354944042193,282.9289774818041,1381.149566089188,2.518318783578314,-413.81195028240893,1459.0565357208222
patient_174,671.0,26.84,31.29270474573848,-792.0703697042211,1054.6660753161646,43.80138170019755,240.94580649439052,1382.901621357196,27.1988021613579,617.0120844444897,1460.1444878072766
patient_174,672.0,26.88,38.96012039012445,191.68539110964932,1056.2244801317697,12.090426329290915,-792.773884272666,1383.3852384103677,87.01213569651877,1495.3333383790216,1463.6249732351373
patient_174,673.0,26.92,44.28666608500792,133.16364237208677,1057.99594677517,54.52597859414014,1060.8888066212307,1385.5662775541332,5.198177083871135,-2045.348965316191,1463.832900318492
patient_174,674.0,26.96,45.26925343560545,24.564683764938167,1059.8067169125943,78.92903577114684,610.0764294251676,1388.723438984979,24.087854139731512,472.24192639650937,1464.7964144840814
patient_174,675.0,27.0,56.564336453113015,282.37707543768914,1062.0692903707188,46.583723469974245,-808.632807529315,1390.5867879237778,31.47469505857563,184.67102297110296,1466.0554022864244
patient_174,676.0,27.04,45.160633782219044,-285.09256677234924,1063.8757157220075,61.7302000275517,378.66191393943643,1393.0559959248799,22.86298086709757,-215.29285478695152,1466.9699215211083
patient_174,677.0,27.08,8.623498835952985,-913.4283736566514,1064.2206556754456,39.42825129135192,-557.5487184049946,1394.6331259765338,34.346377660691246,287.0849198398419,1468.3437766275356
patient_174,678.0,27.12,35.58441567635814,674.0229210101288,1065.6440323025001,49.35596372939772,248.19281095114505,1396.6073645257097,162.6266678688084,3207.0072552029287,1474.848843342288
patient_174,679.0,27.16,126.24526954759801,2266.521346780997,1070.693843084404,71.81686073302481,561.5224250906772,1399.4800389550305,140.8591670416085,-544.1875206799978,1480.4832100239523
patient_174,680.0,27.2,7.55629402679256,-2967.2243880201363,1070.9960948454757,94.96404617733536,578.6796361077638,1403.2786008021242,26.081024487497302,-2869.4535638527796,1481.5264510034522
patient_174,681.0,27.24,75.33871812491222,1694.5606024529916,1074.0096435704722,53.43962563273243,-1038.1105136150734,1405.4161858274333,64.60578431636988,963.1189957218144,1484.1106823761072
patient_174,682.0,27.28,67.74268533732192,-189.90081968975758,1076.7193509839651,44.939943416978956,-212.49205539383684,1407.2137835641124,74.5732661777566,249.1870465346679,1487.0936130232176
patient_174,683.0,27.32,41.15680460573669,-664.6470182896306,1078.3656231681946,79.47419358181597,863.3562541209253,1410.392751307385,41.92660008063767,-816.1666524279731,1488.770677026443
patient_174,684.0,27.36,122.04319497061104,2022.159759121859,1083.247350967019,192.50787280897165,2825.841980678892,1418.0930662197438,103.12676159419026,1530.0040378388146,1492.8957474902106
patient_174,685.0,27.4,45.902973058704646,-1903.5055477976598,1085.0834698893673,246.63264746121848,1353.1193663061706,1427.9583721181928,63.4705890758131,-991.4043129594288,1495.4345710532432
patient_174,686.0,27.44,98.99366422670457,1327.267279199998,1089.0432164584354,50.236976189282885,-4909.89178179839,1429.9678511657642,103.35575438702855,997.1291327803863,1499.5688012287242
patient_174,687.0,27.48,92.8080671860544,-154.63992601625415,1092.7555391458777,131.14790143475506,2022.7731311368043,1435.2137672231545,102.60519806162813,-18.76390813501061,1503.6730091511893
patient_174,688.0,27.52,38.93534311788126,-1346.8181017043285,1094.312952870593,92.60243633630259,-963.6366274613117,1438.9178646766065,56.729193100379646,-1146.900124031212,1505.9421768752043
patient_174,689.0,27.56,11.405034035132317,-688.2577270687236,1094.7691542319983,44.675088632412226,-1198.183692597259,1440.704868221903,4.394254723663675,-1308.373459417899,1506.117947064151
patient_174,690.0,27.6,12.449114995502551,26.102024009255853,1095.2671188318184,66.71416925685678,550.9770156111138,1443.3734349921774,26.403273690617993,550.225474173858,1507.1740780117755
patient_174,691.0,27.64,11.247433812410417,-30.042029577303353,1095.7170161843148,21.41328669157735,-1132.5220641319856,1444.2299664598404,11.952512156692597,-361.2690383481349,1507.6521784980432
patient_174,692.0,27.68,95.87729950577106,2115.746642334016,1099.5521081645456,65.13767148183439,1093.109619756426,1446.8354733191136,7.0600290694373316,-122.31207718138164,1507.9345796608206
patient_174,693.0,27.72,43.22474433834588,-1316.3138791856295,1101.2810979380795,31.134971253749168,-850.0675057021305,1448.0808721692636,10.244617747822698,79.61471695963415,1508.3443643707333
patient_174,694.0,27.76,69.61841263789788,659.8417074887999,1104.0658344435953,68.36852084051989,930.8387396692681,1450.8156130028844,36.01115088133269,644.1633283377498,1509.7848104059867
patient_174,695.0,27.8,71.48342200074315,46.62523407113177,1106.9251713236251,22.573157337962048,-1144.8840875639462,1451.718539296403,45.875929516723915,246.61946588478062,1511.6198475866559
patient_174,696.0,27.84,94.01114669941632,563.1931174668292,1110.6856171916018,25.453521158863165,72.00909552252793,1452.7366801427575,108.74831095520757,1571.8095359620913,1515.9697800248641
patient_174,697.0,27.88,43.015054685109746,-1274.9023003576642,1112.4062193790062,24.863347388558452,-14.754344257617813,1453.7312140382999,143.41765214276984,866.7335296890567,1521.7064861105748
patient_174,698.0,27.92,110.56487870300624,1688.7456004474125,1116.8288145271265,103.19736241876574,1958.350375755182,1457.8591085350504,116.71485680244854,-667.5698835080325,1526.3750803826729
patient_174,699.0,27.96,106.83093974427229,-93.34847396834896,1121.1020521168973,243.49043653876208,3507.326852999908,1467.598725996601,305.0125956939018,4707.443472286332,1538.575584210429
patient_174,700.0,28.0,155.92759672394118,1227.4164244917224,1127.339155985855,294.06161734919164,1264.2795202607388,1479.3611906905687,190.74943184486511,-2856.579096225917,1546.2055614842236
patient_174,701.0,28.04,267.6057287403044,2791.953300409081,1138.0433851354674,134.61590475716395,-3986.142814800692,1484.7458268808552,356.73003550033826,4149.515091386828,1560.4747629042372
patient_174,702.0,28.08,134.7358849898398,-3321.746093761615,1143.432820535061,135.99042374647382,34.36297473274692,1490.1854438307141,145.42404375254213,-5282.649793694904,1566.2917246543389
patient_174,703.0,28.12,56.141830160941964,-1964.851370722446,1145.6784937414986,177.55680174875567,1039.1594500570463,1497.2877159006644,303.2064893064776,3944.5611388483862,1578.419984226598
patient_174,704.0,28.16,32.032698782585555,-602.7282844589103,1146.959801692802,130.20372682125313,-1183.8268731875637,1502.4958649735145,271.1648640763795,-801.040630752452,1589.266578789653
patient_174,705.0,28.2,49.361856473592475,433.228942275173,1148.9342759517456,201.44922791639036,1781.1375273784306,1510.55383409017,112.48153375139053,-3967.083258124724,1593.7658401397089
patient_174,706.0,28.24,78.17660197067832,720.3686374271462,1152.0613400305729,186.1957804886092,-381.3361856945292,1518.0016653097146,133.23883699284858,518.9325810364512,1599.095393619423
patient_174,707.0,28.28,102.43860348974485,606.5500379766632,1156.1588841701625,102.82051147956257,-2084.3817252261656,1522.1144857688969,62.74835753969208,-1762.2619863289124,1601.6053279210107
patient_174,708.0,28.32,30.534165953665003,-1797.6109384019965,1157.380250808309,146.6323807575674,1095.2967319501208,1527.9797809991996,141.25790556777594,1962.7387007020964,1607.2556441437218
patient_174,709.0,28.36,12.34345133685,-454.767865420375,1157.873988861783,299.83673706266393,3830.108907627413,1539.9732504817064,255.8380580164792,2864.5038112175816,1617.489166464381
patient_174,710.0,28.4,360.67246923123906,8708.225447359726,1172.3008876310325,894.1013628163213,14856.615643841435,1575.7373049943592,499.07230839502205,6080.856259463571,1637.452058800182
patient_174,711.0,28.44,96.81579052103986,-6596.416967754981,1176.173519251874,157.40451027521766,-18417.421313527593,1582.033485405368,272.59016818135774,-5662.053505341608,1648.355665527436
patient_174,712.0,28.48,392.89494713682177,7401.9789153945485,1191.889317137347,473.1659985719306,7894.037207417823,1600.9601253482451,513.1879853794676,6014.945429952746,1668.8831849426147
patient_174,713.0,28.52,143.6308464541712,-6231.602517066264,1197.6345509955138,255.6949338755198,-5436.776617410269,1611.1879227032662,270.65816984492056,-6063.245388363675,1679.7095117364117
patient_174,714.0,28.56,73.39771422741066,-1755.8283056690136,1200.5704595646102,302.18925342245404,1162.357988673356,1623.2754928401641,83.84351114455804,-4670.366467509064,1683.063252182194
patient_174,715.0,28.6,311.61878205560646,5955.526695704895,1213.0352108468346,178.05789254925222,-3103.2840218300457,1630.3978085421343,87.83095110064838,99.68599890225853,1686.5764902262201
patient_174,716.0,28.64,212.77492215217674,-2471.096497585743,1221.5462077329216,238.42379134200178,1509.147469818739,1639.9347601958143,373.2522913998897,7135.533507481034,1701.5065818822156
patient_174,717.0,28.68,119.68057529959349,-2327.3586713145814,1226.3334307449054,924.3675237874177,17148.5933111354,1676.909461147311,850.5501381169073,11932.44616792544,1735.528587406892
patient_174,718.0,28.72,239.03825181441272,2983.941912870481,1235.894960817482,564.0111450071672,-9008.909469506261,1699.4699069475976,709.9163282429752,-3515.8452468483033,1763.925240536611
patient_174,719.0,28.76,272.766587935189,843.2084030194076,1246.8056243348894,397.28404970957183,-4168.177382439884,1715.3612689359807,593.9026957604647,-2900.340812062763,1787.6813483670296
patient_174,720.0,28.8,277.6264143400744,121.49566012213455,1257.9106809084924,150.05586553201954,-6180.704604438807,1721.3635035572615,433.63022017089054,-4006.8118897393533,1805.026557173865
patient_174,721.0,28.84,207.42857712975845,-1754.945930257899,1266.2078239936827,375.2960853929633,5631.005496523593,1736.37534697298,302.0820646679051,-3288.7038875746357,1817.1098397605813
patient_174,722.0,28.88,171.81835031545964,-890.2556703574703,1273.080558006301,290.09417199216097,-2130.047835020058,1747.9791138526664,570.4057674643673,6708.092569911554,1839.926070459156
patient_174,723.0,28.92,82.29995567396674,-2237.9598660373226,1276.3725562332597,148.72999584253742,-3534.1044037405886,1753.9283136863678,109.96723957205722,-11510.963197307752,1844.3247600420384
patient_174,724.0,28.96,129.63216456553533,1183.305222289215,1281.5578428158813,81.80021325450132,-1673.2445647009026,1757.2003222165479,14.372186429171855,-2389.8763285721343,1844.8996474992052
patient_174,725.0,29.0,95.78177346813202,-846.2597774350829,1285.3891137546066,48.476215754561025,-833.0999374985073,1759.1393708467303,49.8836655228317,887.7869773414961,1846.8949941201186
patient_174,726.0,29.04,42.67642361650081,-1327.63374629078,1287.0961706992666,38.30099788602918,-254.38044671329612,1760.6714107621715,49.91476318613595,0.7774415826062864,1848.8915846475638
patient_174,727.0,29.08,30.995438069269948,-292.0246386807716,1288.3359882220373,79.6363627527821,1033.3841216688231,1763.8568652722827,11.851415793507758,-951.5836848157047,1849.365641279304
patient_174,728.0,29.12,34.01351472750695,75.45191645592509,1289.6965288111376,46.02152159898168,-840.3710288450106,1765.697726136242,46.5269015391923,866.8871436421135,1851.2267173408718
patient_174,729.0,29.16,65.78720918607029,794.3423614640833,1292.3280171785802,71.84960597542464,645.7021094110739,1768.571710375259,94.74867998181902,1205.544461065668,1855.0166645401446
patient_174,730.0,29.2,63.69735974633345,-52.24623599342095,1294.8759115684336,31.256627439558276,-1014.8244633966591,1769.8219754728414,83.45877643129442,-282.247588763115,1858.3550155973965
patient_174,731.0,29.24,40.28455796846356,-585.3200444467471,1296.4872938871722,43.92918377102248,316.8139082866051,1771.579142823682,137.5993370350955,1353.5140150950265,1863.8589890788003
patient_174,732.0,29.28,28.130332821815205,-303.8556286662089,1297.6125072000448,76.50094844395646,814.2941168233496,1774.6391807614405,29.51124566273733,-2702.202284308954,1865.03943890531
patient_174,733.0,29.32,35.610493437611304,187.00401539490247,1299.0369269375492,33.14011614666804,-1084.0208074322104,1775.9647854073073,544.2686108599826,12868.93412993113,1886.8101833397093
patient_174,734.0,29.36,7.281379136843399,-708.2278575191976,1299.328182103023,62.069930354630245,723.2453551990551,1778.4475826214923,29.698418947380944,-12864.254797815041,1887.9981200976044
patient_174,735.0,29.4,89.38143646933386,2052.5014333122617,1302.9034395617964,31.5379967999549,-763.2983388668836,1779.7091024934905,123.26501184935577,2339.164822549371,1892.9287205715787
patient_174,736.0,29.44,151.40168406629425,1550.5061899240097,1308.9595069244483,41.163141263834895,240.62861159699986,1781.355628144044,118.5696403719732,-117.38428693456449,1897.6715061864575
patient_174,737.0,29.48,120.62124836917202,-769.5108924280557,1313.7843568592152,200.23799437352955,3976.8713277423662,1789.3651479189853,154.7097166768202,903.501907621175,1903.8598948535302
patient_174,738.0,29.52,154.90928132747015,857.2008239574533,1319.980728112314,342.345787377442,3552.6948250978107,1803.0589794140826,366.99491378093774,5307.129927602939,1918.5396914047678
patient_174,739.0,29.56,141.8034729490035,-327.6452094616666,1325.6528670302741,279.92656995793243,-1560.4804354877388,1814.2560422124,291.0671656844271,-1898.193702412766,1930.182378032145
patient_174,740.0,29.6,142.5792109978293,19.393451220645375,1331.3560354701872,130.78095808120693,-3728.640296918137,1819.4872805356486,68.12622074236131,-5573.523623551645,1932.9074268618394
patient_174,741.0,29.64,78.41844215107537,-1604.0192211688484,1334.4927731562302,152.33402410406384,538.8266505714228,1825.580641499811,97.90649554910642,744.5068701686278,1936.8236866838038
patient_174,742.0,29.68,51.74332949460751,-666.8778164116965,1336.5625063360144,87.36287831198817,-1624.278644801892,1829.0751566322904,21.266796730616004,-1915.9924704622604,1937.6743585530285
patient_174,743.0,29.72,41.24448824718802,-262.4710311854871,1338.212285865902,58.80746623227367,-713.8853019928625,1831.4274552815814,136.39110293717047,2878.1076551638616,1943.1300026705153
patient_174,744.0,29.76,48.0851552938885,171.01667616751186,1340.1356920776577,176.41293200241304,2940.1366442534845,1838.483972561678,41.485273209710066,-2372.64574318651,1944.7894135989038
patient_174,745.0,29.8,56.988885969136334,222.5932668811959,1342.415247516423,120.59079229362933,-1395.5534927195927,1843.3076042534233,260.7601216461359,5481.871210910645,1955.2198184647493
patient_174,746.0,29.84,65.02279530839267,200.8477334814085,1345.016159328759,93.56598022790735,-675.6203016430497,1847.0502434625396,91.87641994896372,-4222.092542429305,1958.894875262708
patient_174,747.0,29.88,26.69389534218466,-958.2224991552004,1346.0839151424464,107.14086466812405,339.37211100541765,1851.3358780492645,60.838085658542724,-775.9583572605247,1961.3283986890497
patient_174,748.0,29.92,5.373492092119946,-533.0100812516179,1346.2988548261312,73.70017933125258,-836.0171334217866,1854.2838852225145,181.99424733161322,3028.9040418267623,1968.6081685823142
patient_174,749.0,29.96,39.69902377391066,858.1382920447678,1347.8868157770876,57.90664063427694,-394.8384674243911,1856.6001508478855,63.64899015701917,-2958.631429364851,1971.1541281885948
patient_174,750.0,30.0,59.647405288699545,498.7095378697221,1350.2727119886354,73.56067263884391,391.35080011417426,1859.5425777534392,70.88881054170766,180.99550961721212,1973.9896806102631
patient_174,751.0,30.04,96.5161509318505,921.718641078774,1354.1333580259095,94.5726644240276,525.299794629592,1863.3254843304003,98.76198869289317,696.8294537796378,1977.9401601579789
patient_174,752.0,30.08,85.13076516432324,-284.6346441881817,1357.5385886324823,74.1008380704359,-511.7956588397924,1866.2895178532178,68.00192097856281,-769.001692858259,1980.6602369971213
patient_174,753.0,30.12,57.748576262143665,-684.5547225544893,1359.848531682968,44.5186959649307,-739.55355263763,1868.070265691815,107.25220808878719,981.2571777556094,1984.9503253206726
patient_174,754.0,30.16,45.681311018329346,-301.68163109535794,1361.675784123701,31.307023248510085,-330.29181791051536,1869.3225466217555,13.912870641457928,-2333.4834361832313,1985.506840146331
patient_174,755.0,30.2,4.845553707967777,-1020.8939327590393,1361.8696062720198,131.78434211353425,2511.932971625604,1874.5939203062967,125.2174010612271,2782.613260494229,1990.51553618878
patient_174,756.0,30.24,45.2485423234449,1010.0747153869282,1363.6795479649577,12.822042020773553,-2974.0575023190177,1875.1068019871277,60.709918458048286,-1612.68706507947,1992.9439329271022
patient_174,757.0,30.28,40.26016271695102,-124.70949016234698,1365.2899544736356,34.215384668369694,534.8335661899035,1876.4754173738627,42.96897147030456,-443.52367469359314,1994.6626917859144
patient_174,758.0,30.32,35.986251543389066,-106.8477793390489,1366.7294045353713,50.39582472330931,404.5110013734904,1878.491250362795,109.20839118483549,1655.985492863273,1999.0310274333078
patient_174,759.0,30.36,53.28383103742547,432.43948735091016,1368.8607577768685,141.62264568285227,2280.6705239885737,1884.156156190109,125.86808537831122,416.49235483689324,2004.0657508484403
patient_174,760.0,30.4,59.66122043263889,159.4347348803355,1371.2472065941738,29.46175099294087,-2804.022367247785,1885.3346262298264,99.35392021905282,-662.8541289814599,2008.0399076572023
patient_174,761.0,30.44,131.74216208316727,1802.0235412632096,1376.5168930775005,152.60714701873835,3078.6349006449373,1891.438912110576,57.99617225027181,-1033.9436992195253,2010.359754547213
patient_174,762.0,30.48,52.609705165492166,-1978.311422941878,1378.6212812841204,117.82087673697646,-869.6567570440471,1896.1517471800553,14.747012204109566,-1081.229001154056,2010.9496350353775
patient_174,763.0,30.52,71.87942072543927,481.7428889986777,1381.496458113138,329.29102094649437,5286.753605237947,1909.323388017915,172.50939817625795,3944.059649303709,2017.8500109624279
patient_174,764.0,30.56,77.00593832130694,128.16293989669168,1384.5766956459902,319.88316226115074,-235.19646713359066,1922.1187145083613,352.6052213448021,4502.395579213604,2031.95421981622
patient_174,765.0,30.6,116.08988369793688,977.0986344157485,1389.2202909939078,393.6009341070045,1842.9442961463437,1937.8627518726414,517.7542037221112,4128.724559432729,2052.6643879651047
patient_174,766.0,30.64,125.10106882121174,225.2796280818714,1394.2243337467562,369.2326217333121,-609.2078093423097,1952.6320567419739,506.0280325902718,-293.1542782959866,2072.9055092687154
patient_174,767.0,30.68,278.28305499337165,3829.549654303997,1405.3556559464912,475.26736505105805,2650.8685829436486,1971.642751344016,394.90890534500863,-2777.978181131579,2088.7018654825156
patient_174,768.0,30.72,307.2012520603844,722.9549266753181,1417.6437060289065,542.8949294206807,1690.6891092405658,1993.3585485208432,428.0304500688275,828.0386180954722,2105.823083485269
patient_174,769.0,30.76,298.89312135865924,-207.70326754312833,1429.599430883253,287.5707346451575,-6383.10486938808,2004.8613779066498,356.3936692793568,-1790.919519736768,2120.0788302564433
patient_174,770.0,30.8,259.29484058354535,-989.9570193778472,1439.9712245065948,380.7719136145276,2330.029474234253,2020.0922544512307,409.20209040927733,1320.2105282480134,2136.4469138728145
patient_174,771.0,30.84,115.3138215177156,-3599.5254766457438,1444.5837773673036,114.58717912289148,-6654.618362290903,2024.6757416161463,240.05850471262508,-4228.589642416307,2146.049254061319
patient_174,772.0,30.88,115.67186276639745,8.951031217046435,1449.2106518779592,255.16439741727095,3514.4304573594864,2034.8823175128373,194.20488272489763,-1146.3405496931862,2153.817449370315
patient_174,773.0,30.92,54.983172648723105,-1517.2172529418588,1451.4099787839084,35.42504473431859,-5493.483817073809,2036.29931930221,110.37569428155882,-2095.72971108347,2158.2324771415774
patient_174,774.0,30.96,75.67528045343091,517.3026951176953,1454.4369900020456,104.32751241777298,1722.5616920863597,2040.472419798921,103.91869715297247,-161.4249282146588,2162.3892250276963
patient_174,775.0,31.0,23.510450016158913,-1304.1207609318,1455.3774080026922,94.72585086481364,-240.04153882398356,2044.2614538335138,54.42255898451882,-1237.403454211341,2164.566127387077
patient_174,776.0,31.04,17.96470062774818,-138.64373471026835,1456.095996027802,25.141730725473973,-1739.6030034834914,2045.2671230625326,14.675184059037248,-993.6843731370393,2165.1531347494383
patient_174,777.0,31.08,28.67226009302825,267.68898663200173,1457.2428864315232,194.73769985252048,4239.899228176163,2053.0566310566337,141.11352644937082,3160.9585597583396,2170.7976758074133
patient_174,778.0,31.12,31.678084486321406,75.14560983232892,1458.510009810976,160.5391262979801,-854.9643388635097,2059.4781961085528,28.768493300153423,-2808.625828730435,2171.9484155394193
patient_174,779.0,31.16,50.42941456001673,468.7832518423831,1460.5271863933767,48.787944877930705,-2793.779535501235,2061.42971390367,36.16906856484426,185.0143816172709,2173.395178282013
patient_174,780.0,31.2,110.63984866510052,1505.2608526270947,1464.9527803399806,161.9949350665107,2830.1747547144996,2067.9095113063304,156.78910658923863,3015.5009506098595,2179.6667425455826
patient_174,781.0,31.24,37.37348546176094,-1831.6590800834895,1466.447719758451,80.28773834303848,-2042.6799180868052,2071.121020840052,96.58052420466117,-1505.2145596144364,2183.529963513769
patient_174,782.0,31.28,89.31613595890722,1298.566262428657,1470.0203651968072,177.35241322863655,2426.6168721399517,2078.2151173691973,74.83800271879157,-543.56303714674,2186.5234836225204
patient_174,783.0,31.32,211.22327850948295,3047.6785637643934,1478.4692963371865,33.55251956984754,-3594.9973414697256,2079.557218151991,121.84500720217744,1175.1751120846468,2191.3972839106077
patient_174,784.0,31.36,373.17679801882167,4048.837987733468,1493.3963682579395,507.75616183957,11855.09105674306,2099.867464625574,547.0619923331685,10630.424628274777,2213.2797636039345
patient_174,785.0,31.4,400.42853191225515,681.2933473358371,1509.4135095344297,642.1589240887503,3360.069056229507,2125.553821589124,853.2084569912352,7653.661616451665,2247.408101883584
patient_174,786.0,31.44,413.8805034051119,336.2992873214182,1525.9687296706343,1143.8727834721951,12542.846484586122,2171.3087329280115,921.522723772175,1707.8566695234967,2284.269010834471
patient_174,787.0,31.48,369.41943925558314,-1111.5266037382185,1540.7455072408575,558.2772696985976,-14639.887844339939,2193.6398237159556,604.5076972192398,-7925.37566382338,2308.4493187232406
patient_174,788.0,31.52,173.22901795747563,-4904.760532452688,1547.6746679591565,241.49382721549478,-7919.58606207757,2203.2995768045757,267.77622178677717,-8418.286885811567,2319.1603675947117
patient_174,789.0,31.56,156.26787502737457,-424.02857325252654,1553.9253829602517,116.69524612949883,-3119.964527149899,2207.9673866497556,90.25352614128596,-4438.0673911372805,2322.770508640363
patient_174,790.0,31.6,16.474257185036272,-3494.8404460584575,1554.584353247653,58.26445460822592,-1460.7697880318228,2210.2979648340847,21.578138338485527,-1716.8846950700108,2323.6336341739025
patient_174,791.0,31.64,78.52147362302456,1551.1804109497073,1557.7252121925742,154.93229810468122,2416.6960874113825,2216.495256758272,147.15596869008044,3139.445758789873,2329.519872921506
patient_174,792.0,31.68,219.9885644321292,3536.6772702276166,1566.524754769859,181.9655727490402,675.8318661089745,2223.7738796682333,242.50973307063842,2383.844109513949,2339.220262244331
patient_174,793.0,31.72,91.73065835290596,-3206.4476519805808,1570.1939811039754,118.15894190931319,-1595.1657709931756,2228.500237344606,86.3582466110216,-3903.7871614904207,2342.6745921087722
patient_174,794.0,31.76,73.95333371574863,-444.4331159289334,1573.1521144526052,49.95818505802927,-1705.0189212820978,2230.498564746927,26.67082627553935,-1492.1855083870562,2343.741425159794
patient_174,795.0,31.8,52.79429045228654,-528.9760815865523,1575.2638860706968,25.473947229426148,-612.1059457150781,2231.517522636104,34.547377595727156,196.91378300469512,2345.123320263623
patient_174,796.0,31.84,66.08770414009483,332.33534219520726,1577.9073942363007,19.85435109239778,-140.48990342570917,2232.3116966797998,51.56606833541989,425.4672684923184,2347.18596299704
patient_174,797.0,31.88,4.390237799576814,-1542.4366585129503,1578.0830037482838,104.78662198644419,2123.3067723511604,2236.503161559258,129.5784727624449,1950.3101106756255,2352.3691019075377
patient_174,798.0,31.92,28.38381171874167,599.8393479791214,1579.2183562170333,68.36781462367597,-910.4701840692055,2239.237874144205,81.40295682128041,-1204.3878985291124,2355.6252201803886
patient_174,799.0,31.96,151.77245269237721,3084.7160243408885,1585.2892543247283,227.39995722635027,3975.8035650668576,2248.333872433259,277.63819233435686,4905.880887826911,2366.730747873763
patient_174,800.0,32.0,18.69528118591566,-3326.9292876615386,1586.037065572165,105.67807326523145,-3043.0470990279705,2252.560995363868,24.330111675116214,-6332.7020164810165,2367.7039523407675
patient_174,801.0,32.04,69.5268688143522,1270.7896907109134,1588.8181403247393,232.63705265091224,3173.97448464202,2261.8664774699046,419.7497340696819,9885.490559864142,2384.493941703555
patient_174,802.0,32.08,256.15087564188076,4665.600170688213,1599.0641753504146,473.7328989971637,6027.396158656287,2280.815793429791,474.3754846405465,1365.6437642716155,2403.468961089177
patient_174,803.0,32.12,111.95457336416266,-3604.9075569429524,1603.5423582849812,555.646627904468,2047.8432226826071,2303.0416585459698,488.6291138702302,356.3407307420917,2423.014125643986
patient_174,804.0,32.16,224.49268107081704,2813.45269266636,1612.522065527814,654.130155598022,2462.088192338851,2329.206864769891,638.7639584128038,3753.3711135643416,2448.564683980498
patient_174,805.0,32.2,230.36062964741552,146.69871441496198,1621.7364907137107,214.48374301729,-10991.160314518302,2337.7862144905826,313.43457423066417,-8133.234604553492,2461.1020669497248
patient_174,806.0,32.24,179.8594586770427,-1262.5292742593203,1628.9308690607922,188.76538063914091,-642.9590594537274,2345.3368297161483,163.54207979944312,-3747.3123607805264,2467.6437501417026
patient_174,807.0,32.28,95.29209009256209,-2114.1842146120152,1632.7425526644947,55.599097481408705,-3329.1570789433054,2347.5607936154047,76.3027733865923,-2180.98266032127,2470.6958610771662
patient_174,808.0,32.32,45.45811658642242,-1245.8493376534918,1634.5608773279516,54.134868086089114,-36.60573488298979,2349.7261883388483,77.41386160830773,27.777205542885497,2473.7924155414985
patient_174,809.0,32.36,34.14328113690105,-282.8708862380342,1635.9266085734278,27.15730883203731,-674.4389813512951,2350.8124806921296,75.7681229890432,-41.143465481613006,2476.82314046106
patient_174,810.0,32.4,10.38262285890849,-594.016456949814,1636.341913487784,83.21655225974023,1401.4810856925728,2354.1411427825196,106.09955215944552,758.2857292600579,2481.067122547438
patient_174,811.0,32.44,25.448964204858147,376.6585336487414,1637.3598720559783,7.577048700547852,-1890.9875889798095,2354.4442247305415,10.789681757600393,-2382.746760046128,2481.498709817742
patient_174,812.0,32.48,11.900122410288631,-338.7210448642379,1637.83587695239,81.32613122643157,1843.727063147093,2357.697269979599,66.29226267370191,1387.564522902538,2484.15040032469
patient_174,813.0,32.52,23.353768448257675,286.3411509492261,1638.7700276903204,21.047433988033628,-1506.9674309599484,2358.53916733912,23.106364330141872,-1079.647458589001,2485.074654897896
patient_174,814.0,32.56,26.847691705306765,87.34808142622725,1639.8439353585325,22.58874604412962,38.532801402399826,2359.442717180885,60.72294124189448,940.4144227938152,2487.503572547572
patient_174,815.0,32.6,21.207423900156893,-141.0066951287468,1640.6922323145388,157.06479784024236,3361.901294902819,2365.7253090944946,89.60227560754768,721.98335914133,2491.0876635718737
patient_174,816.0,32.64,102.41566375553111,2030.2059963843553,1644.78885886476,256.3816059976014,2482.920203933976,2375.9805733343987,17.089716045882053,-1812.8139890416405,2491.771252213709
patient_174,817.0,32.68,163.2817718889815,1521.6527033362595,1651.320129740319,213.95090828817283,-1060.7674427357147,2384.538609665926,265.8497736979227,6219.001441301017,2502.405243161626
patient_174,818.0,32.72,165.2436577009295,49.0471452987002,1657.9298760483562,486.99520213596804,6826.10734619488,2404.0184177513643,417.6868679924835,3795.927357364019,2519.1127178813254
patient_174,819.0,32.76,173.6413819676507,209.9431066680296,1664.8755313270624,905.7618679829916,10469.166646175589,2440.248892470684,826.8837905203404,10229.923063196424,2552.1880695021387
patient_174,820.0,32.8,526.7539689857215,8827.814675451771,1685.9456900864911,507.58354726158484,-9954.45801803517,2460.5522343611474,599.4795107592843,-5685.106994026404,2576.1672499325105
patient_174,821.0,32.84,67.16663955887596,-11489.683235671138,1688.6323556688462,57.04013796728862,-11263.585232357405,2462.833839879839,115.44688411053521,-12100.815666218727,2580.7851252969317
patient_174,822.0,32.88,248.65370146874596,4537.176547746751,1698.5785037275962,251.29338512335818,4856.331178901739,2472.8855752847735,159.3372563549886,1097.2593061113348,2587.158615551131
patient_174,823.0,32.92,123.99680874230133,-3116.422318161116,1703.5383760772884,149.8303266672356,-2536.5764614030645,2478.8787883514633,127.52422526219823,-795.3257773197593,2592.259584561619
patient_174,824.0,32.96,107.89368778300044,-402.57802398252204,1707.8541235886084,146.91559003724376,-72.8684157497959,2484.7554119529527,63.95700433736904,-1589.1805231207297,2594.8178647351137
patient_174,825.0,33.0,79.5253369974454,-709.2087696388763,1711.0351370685062,72.08852852945878,-1870.6765376946244,2487.638953094131,158.4460782218662,2362.226847112429,2601.1557078639885
patient_174,826.0,33.04,64.78441653993548,-368.52301143774787,1713.6265137301036,132.66856776577177,1514.5009809078247,2492.945695804762,132.15168247624865,-657.3598936404387,2606.4417751630385
patient_174,827.0,33.08,58.00756489555588,-169.42129110948994,1715.9468163259257,52.191018617494784,-2011.9387287069244,2495.0333365494616,92.44205713768568,-992.7406334640743,2610.1394574485457
patient_174,828.0,33.12,25.912257275607406,-802.3826904987118,1716.9833066169501,260.60903651512865,5210.450447440847,2505.457698010067,202.3125515855275,2746.7623611960457,2618.231959511967
patient_174,829.0,33.16,27.52826295276156,40.40014192885381,1718.0844371350606,168.99496494535032,-2290.3517892444584,2512.217496607881,98.32394185476448,-2599.7152432690755,2622.1649171861577
patient_174,830.0,33.2,35.40267684843872,196.8603473919291,1719.5005442089982,26.178790812557942,-3570.4043533198096,2513.2646482403834,35.86055446112677,-1561.5846848409428,2623.599339364602
patient_174,831.0,33.24,10.397081375351798,-625.1398868271732,1719.9164274640125,13.584858160922183,-314.848316290894,2513.8080425668204,24.30671126131179,-288.84607999537445,2624.5716078150544
patient_174,832.0,33.28,28.66512684983744,456.70113686214097,1721.0630325380062,77.92728741053389,1608.5607312402929,2516.925134063242,5.068536311786999,-480.9543737381198,2624.774349267526
patient_174,833.0,33.32,45.403426513444884,418.4574915901861,1722.879169598544,183.61918228945035,2642.2973719729116,2524.2699013548195,40.840716173955485,894.3044965542122,2626.407977914484
patient_174,834.0,33.36,36.15481786610746,-231.21521618343567,1724.3253623131884,102.9742832088742,-2016.1224770144038,2528.3888726831747,74.07452913410238,830.8453240036723,2629.370959079848
patient_174,835.0,33.4,58.170564787362316,550.3936730313715,1726.6521849046828,70.70473418080434,-806.7387257017465,2531.2170620504066,66.32652801674104,-193.70002793403353,2632.024020200518
patient_174,836.0,33.44,35.356238213008574,-570.3581643588436,1728.0664344332033,28.557477509566574,-1053.6814167809441,2532.3593611507895,48.10784184023489,-455.46715441265366,2633.948333874127
patient_174,837.0,33.48,74.86180768365826,987.6392367662421,1731.0609067405496,49.45490925254513,522.4357935744639,2534.3375575208916,21.590752263249186,-662.9272394246426,2634.811963964657
patient_174,838.0,33.52,14.041995074296153,-1520.4953152340527,1731.6225865435213,73.42660977541927,599.2925130718535,2537.2746219119085,53.48852760220926,797.4443834740018,2636.9515050687455
patient_174,839.0,33.56,52.92887617538914,972.1720275273248,1733.739741590537,100.65920984573609,680.8150017579205,2541.3009903057377,55.863270562932335,59.36857401807689,2639.1860358912627
patient_174,840.0,33.6,80.391122403152,686.5561556940713,1736.9553864866632,123.31407420092754,566.3716088797862,2546.2335532737748,39.61694902855462,-406.15803835944286,2640.7707138524047
patient_174,841.0,33.64,61.56687210125476,-470.6062575474309,1739.4180613707133,40.927079143446065,-2059.674876437037,2547.8706364395125,88.31793208691967,1217.5245764591261,2644.3034311358815
patient_174,842.0,33.68,46.02568122083626,-388.52977201046247,1741.259088619547,44.7223530974602,94.88184885035338,2549.659530563411,47.718992441041614,-1014.9734911469513,2646.2121908335234
patient_174,843.0,33.72,36.46302074001659,-239.0665120204918,1742.7176094491476,42.03152000433161,-67.27082732821472,2551.3407913635842,12.985123851542268,-868.3467147374836,2646.7315957875853
patient_174,844.0,33.76,122.03189323607441,2139.2218124014457,1747.5988851785908,153.82743641273862,2794.8979102101753,2557.4938888200936,144.23966483132904,3281.3635244946695,2652.5011823808386
patient_174,845.0,33.8,170.18726533758104,1203.8843025376657,1754.406375792094,394.06329116828437,6005.896368888643,2573.256420466825,381.1319868978558,5922.30805166317,2667.746461856753
patient_174,846.0,33.84,203.22182229353785,825.8639238989203,1762.5352486838356,295.94582550848924,-2452.936641494878,2585.0942534871647,449.8651776803042,1718.3297695612098,2685.741068963965
patient_174,847.0,33.88,261.6094328469474,1459.690263835239,1772.9996259977136,475.27389953959704,4483.201850777695,2604.105209468749,138.08973584010735,-7794.386046004922,2691.2646583975693
patient_174,848.0,33.92,132.24356646453376,-3234.1466595603415,1778.2893686562948,362.9323920585804,-2808.5376870254167,2618.622505151092,780.0156307767495,16048.147373416054,2722.465283628639
patient_174,849.0,33.96,258.03126597510015,3144.69248776416,1788.6106192952989,570.7981082002412,5196.642903541522,2641.4544294791017,422.75247136792365,-8931.578985220647,2739.3753824833566
patient_174,850.0,34.0,243.37056907111287,-366.51742259968216,1798.3454420581434,360.39493536776126,-5260.079320811999,2655.8702268938123,330.7495090385981,-2300.074058233139,2752.6053628449004
patient_174,851.0,34.04,207.59452728010945,-894.4010447750856,1806.6492231493478,121.28561209384476,-5977.733081847913,2660.7216513775656,299.57108285446884,-779.4606546032312,2764.588206159079
patient_174,852.0,34.08,369.37070722561583,4044.40449863766,1821.4240514383723,506.3127120415706,9625.677498693147,2680.9741598592286,478.8592171953665,4482.203358522442,2783.7425748468936
patient_174,853.0,34.12,70.7365227447384,-7465.854612021935,1824.2535123481618,73.13898828276783,-10829.34309397007,2683.8997193905393,27.05141749422434,-11295.194992528555,2784.824631546662
patient_174,854.0,34.16,71.81449232400382,26.9492394816357,1827.126092041122,86.47658961137853,333.4400332152676,2687.3587829749945,211.09934451282743,4601.198175465078,2793.2686053271755
patient_174,855.0,34.2,25.33069829889461,-1162.0948506277302,1828.1393199730778,20.409779347342106,-1651.6702566009105,2688.1751741488883,51.13147160535491,-3999.196822686813,2795.3138641913897
patient_174,856.0,34.24,10.244138568177043,-377.1639932679392,1828.5490855158048,35.88006926194576,386.7572478650915,2689.610376919366,43.485618827068706,-191.14631945715513,2797.0532889444726
patient_174,857.0,34.28,4.515086389084235,-143.22630447732018,1828.729688971368,14.303211274160041,-539.421449694643,2690.1825053703324,21.88203648638995,-540.0895585169689,2797.928570403928
patient_174,858.0,34.32,32.06478321112948,688.7424205511311,1830.012280299813,42.35527627510131,701.3016250235318,2691.876716421337,26.543182949718393,116.52866158321106,2798.990297721917
patient_174,859.0,34.36,40.95378663169154,222.22508551405156,1831.6504317650806,74.09722209074,793.5486453909673,2694.8406053049666,23.624485061114544,-72.9674472150962,2799.9352771243616
patient_174,860.0,34.4,39.378038118556034,-39.393712828387706,1833.225553289823,81.97576210085114,196.96350025277843,2698.1196357890003,40.35543594689519,418.27377214451616,2801.5494945622377
patient_174,861.0,34.44,40.92391441731731,38.646907469031966,1834.8625098665157,64.33617851452178,-440.98958965823414,2700.693082929581,25.126164158043647,-380.7317947212886,2802.5545411285593
patient_174,862.0,34.48,32.58474678475913,-208.4791908139545,1836.165899737906,100.76554582102612,910.7341826626086,2704.723704762422,33.82159685792624,217.38581749706478,2803.9074050028767
patient_174,863.0,34.52,36.66362697903544,101.97200485690772,1837.6324448170674,63.280143529531884,-937.135057287356,2707.2549105036032,60.122306241994615,657.5177346017094,2806.312297252556
patient_174,864.0,34.56,40.039821705568784,84.40486816333355,1839.23403768529,59.03276482557794,-106.18446759884854,2709.6162210966263,35.09785314790087,-625.6113273523436,2807.7162113784725
patient_174,865.0,34.6,63.751258293063565,592.7859146873695,1841.7840880170127,135.67385682551122,1916.027299998332,2715.0431753696466,76.09787458687276,1025.0005359742972,2810.7601263619476
patient_174,866.0,34.64,342.20663130793355,6961.384325371749,1855.4723532693301,361.636778133309,5649.073032694944,2729.508646494979,268.94433856840254,4821.161599538244,2821.5178999046834
patient_174,867.0,34.68,259.33741146880993,-2071.7304959780904,1865.8458497280826,97.0036423978028,-6615.828393387655,2733.3887921908913,633.6011657598859,9116.420679787085,2846.861946535079
patient_174,868.0,34.72,325.6142631015703,1656.9212908190095,1878.8704202521453,773.2541059472778,16906.261588736877,2764.318956428782,837.2328548836933,5090.792228095185,2880.351260730427
patient_174,869.0,34.76,233.35191215129876,-2306.558773756789,1888.2044967381973,635.7480799025587,-3437.650651117977,2789.7488796248845,1000.2867228092468,4076.3466981388374,2920.3627296427967
patient_174,870.0,34.8,453.92512488243165,5514.330318278322,1906.3615017334946,596.3980539926303,-983.7506477482123,2813.6048017845897,417.8326320360527,-14561.352269329853,2937.076034924239
patient_174,871.0,34.84,99.07644211796968,-8871.21706911155,1910.3245594182133,155.3363895918481,-11026.541610019554,2819.8182573682634,197.02695192012237,-5520.142002898258,2944.957113001044
patient_174,872.0,34.88,40.43308476021014,-1466.0839339439883,1911.9418828086218,208.8085052245659,1336.8028908179447,2828.1705975772456,140.14403329879286,-1422.0729655332377,2950.5628743329958
patient_174,873.0,34.92,118.85202067296157,1960.473397818786,1916.69596363554,156.4775616591491,-1308.2735891354198,2834.429700043612,246.10402482173598,2648.9997880735777,2960.4070353258653
patient_174,874.0,34.96,81.47766775649596,-934.3588229116402,1919.9550703457999,152.89761562935303,-89.49865074490191,2840.545604668786,198.85973771974454,-1181.1071775497858,2968.361424834655
patient_174,875.0,35.0,63.94827293586298,-438.2348705158245,1922.5130012632344,139.90207401928325,-324.8885402517445,2846.141687629557,36.04059557573798,-4070.4785536001637,2969.8030486576845
patient_174,876.0,35.04,86.66641308749905,567.9535037909018,1925.9796577867344,105.56917142845846,-858.3225647706197,2850.3644544866956,82.07669730794692,1150.9025433052234,2973.0861165500023
patient_174,877.0,35.08,58.736302666731675,-698.2527605191844,1928.3291098934037,12.600895835159067,-2324.206889832485,2850.868490320102,88.92968917350473,171.3247966389453,2976.6433041169425
patient_174,878.0,35.12,25.685457684174786,-826.2711245639222,1929.3565282007705,43.274402187287926,766.8376588032215,2852.5994664075934,42.514232866772545,-1160.3864076683046,2978.3438734316132
patient_174,879.0,35.16,55.74180446244262,751.408669456696,1931.5862003792683,31.55154046301315,-293.0715431068694,2853.8615280261142,62.007324840386396,487.32729934034626,2980.824166425229
patient_174,880.0,35.2,49.800608708771385,-148.52989384178096,1933.578224727619,64.72611723433197,829.3644192829703,2856.4505727154874,39.439586889676626,-564.1934487677443,2982.4017499008164
patient_174,881.0,35.24,76.85893458673172,676.4581469490084,1936.6525821110883,133.26196387200852,1713.396165941914,2861.7810512703672,47.38109410659351,198.53768042292205,2984.2969936650798
patient_174,882.0,35.28,22.078790798930008,-1369.503594695043,1937.5357337430455,178.20743188320407,1123.6367002798886,2868.9093485456956,22.701642214095106,-616.98629731246,2985.205059353644
patient_174,883.0,35.32,24.668025806100086,64.73087517925195,1938.5224547752896,31.26807649005382,-3673.483884828756,2870.160071605298,37.492379278683835,369.76842661471824,2986.7047545247915
patient_174,884.0,35.36,35.77319538827207,277.62923955429966,1939.9533825908202,23.44054743909568,-195.68822627395343,2871.0976935028616,10.26712913435063,-680.6312536083301,2987.1154396901657
patient_174,885.0,35.4,4.088778359714937,-792.1104257139284,1940.1169337252088,82.31774877872552,1471.930033490746,2874.390403454011,41.46730500879014,780.0043968609878,2988.7741318905173
patient_174,886.0,35.44,31.022691933690215,673.347839349382,1941.3578414025565,17.301087151509403,-1625.4165406804027,2875.0824469400713,60.3192040531342,471.2974761086015,2991.1869000526426
patient_174,887.0,35.48,27.021630314617866,-100.02654047680872,1942.4387066151412,74.62455674233651,1433.0867397706775,2878.0674292097647,71.80900970645611,287.24514133304774,2994.0592604409007
patient_174,888.0,35.52,89.4245527204599,1560.073060146051,1946.0156887239596,99.8994000219893,631.8710819913197,2882.0634052106443,79.3375770907661,188.21418460774987,2997.2327635245315
patient_174,889.0,35.56,172.18580167918148,2069.0312239680397,1952.9031207911269,178.56486741233152,1966.6366847585557,2889.2059999071375,329.07484387959147,6243.431669720634,3010.395757279715
patient_174,890.0,35.6,86.61245082079043,-2139.3337714597765,1956.3676188239585,472.1890756712129,7340.605206472034,2908.093562933986,435.7449204826811,2666.7519150772405,3027.8255540990226
patient_174,891.0,35.64,273.4980693698839,4672.140463727337,1967.307541598754,263.2123865040865,-5224.41722917816,2918.6220583941495,281.9219449183965,-3845.574389107115,3039.1024318957584
patient_174,892.0,35.68,274.5590232112077,26.523846033094856,1978.2899025272022,233.28492720441673,-748.1864824917444,2927.9534554823263,272.83312494660464,-227.22049929479624,3050.0157568936224
patient_174,893.0,35.72,140.87664440494194,-3342.0594701566442,1983.9249683033997,75.1787108158312,-3952.6554097146386,2930.9606039149594,109.57726925958774,-4081.396392175422,3054.398847664006
patient_174,894.0,35.76,81.86015182325407,-1475.4123145421968,1987.1993743763298,261.32828493744574,4653.739353040363,2941.4137353124574,185.93473681922714,1908.936688990985,3061.8362371367753
patient_174,895.0,35.8,49.76284655167649,-802.4326317894396,1989.1898882383969,161.1917123428911,-2503.4143148638664,2947.861403806173,262.2224082374827,1907.1917854563885,3072.3251334662746
patient_174,896.0,35.84,15.863200685286843,-847.4911466597412,1989.8244162658084,61.78810597512404,-2485.0901591941765,2950.332928045178,139.85158429263834,-3059.2705986211085,3077.9191968379805
patient_174,897.0,35.88,10.984985710805075,-121.9553743620442,1990.2638156942405,97.2228163734916,885.8677599591889,2954.221840700118,186.1472696220224,1157.3921332346017,3085.365087622861
patient_174,898.0,35.92,12.186741359059958,30.043891206372074,1990.751285348603,124.0283373069109,670.1380233354826,2959.1829741923943,185.56619043111874,-14.52697977259163,3092.7877352401056
patient_174,899.0,35.96,86.93502215432923,1868.7070198817316,1994.2286862347762,108.92179741003368,-377.6634974219306,2963.5398460887955,104.23316582528648,-2033.3256151458065,3096.957061873117
patient_174,900.0,36.0,114.52015107275913,689.6282229607475,1998.8094922776863,90.9407184897771,-449.52697300641444,2967.1774748283865,81.60242460783742,-565.7685304362265,3100.22115885743
patient_174,901.0,36.04,97.5186977143838,-425.0363339593832,2002.7102401862617,86.36031477214877,-114.51009294070822,2970.631887419272,55.14382501643257,-661.4649897851212,3102.4269118580874
patient_174,902.0,36.08,50.37938586974732,-1178.4827961159122,2004.7254156210515,18.50036225695031,-1696.4988128799614,2971.37190190955,93.71813639721253,964.357784519499,3106.175637313976
patient_174,903.0,36.12,45.77237067771648,-115.17537980077091,2006.5563104481603,29.42347515567182,273.0778224680377,2972.5488409157765,41.24123790085969,-1311.922462408821,3107.8252868300106
patient_174,904.0,36.16,80.94300467060988,879.265849822335,2009.7940306349847,139.5993298094729,2754.3963663450268,2978.1328141081553,130.5818465640944,2233.515216580868,3113.048560692574
patient_174,905.0,36.2,77.90741723533642,-75.8896858818364,2012.9103273243982,147.19687715087355,189.9386835350164,2984.0206891941903,11.879248941905837,-2967.564940554714,3113.5237306502504
patient_174,906.0,36.24,44.36526040156167,-838.5539208443688,2014.6849377404606,178.35893124425127,779.051352334443,2991.15504644396,189.5755937667783,4442.408620621812,3121.1067544009215
patient_174,907.0,36.28,72.25488326341224,697.2405715462642,2017.575133070997,83.77367500496308,-2364.631405982205,2994.505993444159,16.368029446039213,-4330.189108018478,3121.761475578763
patient_174,908.0,36.32,14.203262118987238,-1451.290528610625,2018.1432635557564,123.96345917568978,1004.7446042681674,2999.4645318111866,148.37937473226836,3300.283632155729,3127.6966505680534
patient_174,909.0,36.36,101.22313236184722,2175.4967560714995,2022.1921888502302,409.08677278280953,7128.0828401779945,3015.828002722499,256.06014934907995,2692.01936542029,3137.9390565420167
patient_174,910.0,36.4,155.33883297448628,1352.8925153159764,2028.4057421692096,404.03254631478666,-126.35566170057189,3031.9893045750905,437.3663095431238,4532.654004851096,3155.433708923742
patient_174,911.0,36.44,160.20638071119564,121.68869341773387,2034.8139973976577,590.0679308498076,4650.884613375522,3055.592021809083,677.9314817836045,6014.129306012016,3182.5509681950857
patient_174,912.0,36.48,157.13161361645507,-76.86917736851413,2041.0992619423157,514.6476296189555,-1885.507530771301,3076.177926993841,497.741380654822,-4504.752528219561,3202.460623421279
patient_174,913.0,36.52,229.7805751513629,1816.224038372696,2050.2904849483702,456.06099349995344,-1464.6659029750524,3094.420366733839,649.7847334750942,3801.083820506804,3228.4520127602827
patient_174,914.0,36.56,250.32138396276895,513.5202202851509,2060.303340306881,488.54974984608054,812.2189086531776,3113.962356727682,335.1060885723309,-7866.966122569082,3241.856256303176
patient_174,915.0,36.6,229.11213765026986,-530.2311578124772,2069.467825812892,388.1376117634493,-2510.3034520657816,3129.48786119822,310.879307743008,-605.6695207330733,3254.291428612896
patient_174,916.0,36.64,221.34820887246573,-194.09821944510313,2078.3217541677905,240.90699896867702,-3680.765319869307,3139.124141156967,265.9083285305931,-1124.274480310372,3264.92776175412
patient_174,917.0,36.68,159.32760022687881,-1550.515216139673,2084.6948581768656,132.5148370952395,-2709.8040468359377,3144.424734640777,162.52655609403294,-2584.544310914004,3271.4288239978814
patient_174,918.0,36.72,110.896887647083,-1210.7678144948952,2089.130733682749,161.41027346841324,722.3859093293435,3150.8811455795135,155.88210410070818,-166.11129983311912,3277.6641081619096
patient_174,919.0,36.76,48.28891444851094,-1565.1993299643018,2091.062290260689,92.99168378627871,-1710.4647420533631,3154.600812930965,123.47023043517959,-810.2968416382147,3282.6029173793168
patient_174,920.0,36.8,12.484209568529225,-895.1176219995428,2091.5616586434307,80.59909587557105,-309.81469776769154,3157.8247767659877,136.78727587135145,332.92613590429664,3288.0744084141706
patient_174,921.0,36.84,15.314689964502312,70.76200989932717,2092.1742462420107,101.271282066527,516.8046547738985,3161.875628048649,71.81130802985436,-1624.3991960374274,3290.9468607353647
patient_174,922.0,36.88,1.263528088156347,-351.27904690864915,2092.224787365537,100.40748701644146,-21.594876252138206,3165.891927529307,84.39684235533251,314.63835813695374,3294.322734429578
patient_174,923.0,36.92,8.6832653974456,185.49343273223133,2092.572117981435,48.79742009834358,-1290.251672952447,3167.8438243332407,27.32702840763357,-1426.7453486924735,3295.415815565883
patient_174,924.0,36.96,16.422814780227103,193.48873456953757,2093.2290305726438,54.733789169901094,148.40922678893787,3170.0331759000364,10.840168964221293,-412.171486085307,3295.8494223244516
patient_174,925.0,37.0,24.321905970098012,197.47727974677272,2094.2019068114478,109.4119724485396,1366.9545819659627,3174.409654797978,38.92237640206057,702.055185945982,3297.406317380534
patient_174,926.0,37.04,23.3766052912552,-23.632516971070316,2095.1369710230983,49.635664555498295,-1494.4076973260326,3176.3950813801976,41.18543273984902,56.57640844471121,3299.053734690128
patient_174,927.0,37.08,37.244699802657195,346.7023627850499,2096.6267590152042,39.670576942074405,-249.12719033559725,3177.981904457881,25.57886465671919,-390.16420207824575,3300.0768892763967
patient_174,928.0,37.12,11.54042004230304,-642.6069940088539,2097.0883758168966,48.350420247792975,216.99608264296427,3179.915921267793,65.71872010397779,1003.4963861814649,3302.705638080556
patient_174,929.0,37.16,27.553884021812518,400.3365994877369,2098.190531177769,38.22824871502691,-253.05428831915168,3181.4450512163935,33.328210704551836,-809.7627349856488,3304.0387665087383
patient_174,930.0,37.2,25.963025444285247,-39.77146443818178,2099.22905219554,129.14197337960982,2272.843116614573,3186.6107301515776,64.9947425462198,791.663296041699,3306.6385562105866
patient_174,931.0,37.24,45.57891206473439,490.39716551122854,2101.0522086781293,86.68570568553089,-1061.4066923519733,3190.0781583789994,61.75590788528868,-80.97086652327796,3309.1087925259985
patient_174,932.0,37.28,5.396920835788945,-1004.5497807236361,2101.268085511561,35.978342094864516,-1267.6840897666593,3191.517292062794,99.68531092116035,948.2350758967918,3313.096204962845
patient_174,933.0,37.32,110.7498511185296,2633.8232570685163,2105.698079556302,83.32610828379796,1183.6941547233362,3194.850336394146,299.31439292616204,4990.727050125042,3325.0687806798915
patient_174,934.0,37.36,308.4951338576017,4943.632068476802,2118.0378849106064,332.12083174235687,6219.868086463973,3208.1351696638403,374.83973253207535,1888.1334901478326,3340.062369981174
patient_174,935.0,37.4,275.45607167008177,-825.9765546879976,2129.0561277774095,826.2663424548404,12353.637767812088,3241.1858233620337,1378.359579502355,25087.99617425699,3395.1967531612686
patient_174,937.0,37.48,,,2129.0561277774095,,,3241.1858233620337,,,3395.1967531612686
patient_174,938.0,37.52,33.6111659409392,,2130.4005744150472,287.67618500736336,,3252.6928707623283,180.7520265596547,,3402.4268342236546
patient_174,939.0,37.56,193.07798234454359,3986.6704100901097,2138.123693708829,502.0786013594517,5360.060408802208,3272.7760148167063,363.2000108456887,4561.199607150851,3416.954834657482
patient_174,940.0,37.6,118.21822731138806,-1871.4938758288881,2142.8524228012843,816.7420800161648,7866.586966417827,3305.4456980173527,567.2055421355064,5100.138282245443,3439.643056342902
patient_174,941.0,37.64,79.65496013423103,-964.0816794289258,2146.0386212066533,527.4706495871832,-7231.7857607245405,3326.54452400084,649.5081101829122,2057.564201185144,3465.6233807502185
patient_174,942.0,37.68,77.16630159367918,-62.21646351379633,2149.1252732704006,516.6596021342938,-270.27618632223493,3347.210908086212,654.8089220621949,132.52029698206798,3491.8157376327063
patient_174,943.0,37.72,138.18511424064414,1525.470316174124,2154.6526778400266,295.4754971592754,-5529.6026243754595,3359.029927972583,335.00308614447016,-7995.145897943119,3505.215861078485
patient_174,944.0,37.76,76.1111427348144,-1551.8492876457437,2157.697123549419,188.22926300139468,-2681.1558539470175,3366.559098492639,336.6796070262784,41.913022045206105,3518.683045359536
patient_174,945.0,37.8,371.09551312743395,7374.609259815489,2172.540944074516,817.9330952774795,15742.595806902122,3399.276422303738,716.6034217049311,9498.095366966316,3547.3471822277334
patient_174,946.0,37.84,227.36195863475007,-3593.3388623170968,2181.6354224199063,1031.4582541311622,5338.128971342067,3440.5347524689846,1415.1465127709068,17463.577276649394,3603.95304273857
patient_174,947.0,37.88,309.72330191263063,2059.033581947014,2194.0243544964114,922.5888310980577,-2721.7355758276144,3477.438305712907,1418.6031011136008,86.41470856734941,3660.697166783114
patient_174,948.0,37.92,228.85581860137523,-2021.687082781385,2203.1785872404666,1117.070060730741,4862.030740817085,3522.1211081421366,702.3744003521579,-17905.717519036072,3688.7921427972005
patient_174,949.0,37.96,244.76410942052473,397.7072704787375,2212.9691516172875,197.72145753173623,-22983.71507997512,3530.0299664434056,153.60864428113257,-13719.143901775633,3694.936488568446
patient_174,950.0,38.0,199.40047803796605,-1134.090784563967,2220.945170738806,1004.9217550973667,20180.00743914076,3570.2268366473004,297.8186171673376,3605.249322155126,3706.8492332551396
patient_174,951.0,38.04,101.33880507576852,-2451.5418240549384,2224.998722941837,833.3395986980621,-4289.553909982616,3603.560420595223,762.6295095294353,11620.272309052441,3737.354413636317
patient_174,952.0,38.08,129.5839536824852,706.1287151679171,2230.1820810891363,68.35409252476461,-19124.637654332437,3606.2945842962135,682.9456299871592,-1992.0969885569007,3764.672238835803
patient_174,953.0,38.12,136.3949948907927,170.2760302076875,2235.637880884768,71.94931510163477,89.88056442175392,3609.1725569002792,64.59662825359892,-15458.725043339007,3767.2561039659467
patient_174,954.0,38.16,70.31479770951225,-1652.0049295320114,2238.4504727931485,21.996078702225986,-1248.8309099852195,3610.0524000483683,111.3561629824562,1168.988368221432,3771.710350485245
patient_174,955.0,38.2,31.692986109772594,-965.5452899934915,2239.71819223754,124.12521395694935,2553.2283813680842,3615.0174086066463,66.64794354333993,-1117.7054859779066,3774.376268226979
patient_174,956.0,38.24,57.823720442301614,653.2683583132255,2242.0311410552317,18.827961493678337,-2632.4313115817754,3615.7705270663932,82.06721163001464,385.48170216686765,3777.6589566921793
patient_174,957.0,38.28,55.2512016572844,-64.31296962543041,2244.241189121523,44.463968735222934,640.900181038615,3617.5490858158023,79.90417516801404,-54.07591155001512,3780.8551236989
patient_174,958.0,38.32,22.377824701300707,-821.8344238995921,2245.1363021095754,21.284990555331998,-579.4744544972734,3618.4004854380155,17.910025406510414,-1549.8537440375906,3781.5715247151606
patient_174,959.0,38.36,15.775724539971964,-165.05250403321855,2245.767331091174,32.68104674489267,284.90140473901675,3619.707727307811,52.92774809623868,875.4430672432067,3783.6886346390097
patient_174,960.0,38.4,56.67397351352784,1022.456224338897,2248.034290031715,51.705221124788025,475.60435949738394,3621.775936152803,37.87214121761643,-376.39017196555625,3785.203520287714
patient_174,961.0,38.44,41.64302584826254,-375.7736916316326,2249.700011065646,78.86447132757532,678.9812550696822,3624.930515005906,120.27268159361074,2060.013509399858,3790.0144275514585
patient_174,962.0,38.48,12.57086595072981,-726.8039974383182,2250.202845703675,41.47850265035755,-934.6492169304443,3626.58965511192,5.682182352308562,-2864.7624810325547,3790.2417148455506
patient_174,963.0,38.52,3.1257885634017564,-236.1269346832014,2250.327877246211,57.68236155536612,405.09647262521435,3628.896949574135,72.62206103629164,1673.496967099577,3793.1465972870024
patient_174,964.0,38.56,15.167668609386416,301.04700114961645,2250.9345839905864,33.70550347774217,-599.4214519405988,3630.2451697132446,12.1081980813755,-1512.8465738729035,3793.6309252102574
patient_174,965.0,38.6,11.834990362588782,-83.31695616994085,2251.4079836050896,50.243117586600455,413.44035272145715,3632.254894416709,22.168186252961924,251.4997042896606,3794.517652660376
patient_174,966.0,38.64,5.313608016888977,-163.0345586424951,2251.6205279257656,71.58672308831282,533.5901375428092,3635.1183633402416,64.3879510650845,1055.4941203030642,3797.0931707029795
patient_174,967.0,38.68,18.847492573778048,338.34711392222675,2252.3744276287166,39.53494031867751,-801.2945692408828,3636.699760952989,62.862129995735046,-38.14552673373619,3799.607655902809
patient_174,968.0,38.72,15.83686376287739,-75.26572027251643,2253.0079021792317,11.974733466273168,-689.0051713101086,3637.1787502916395,145.98658266267117,2078.111316673403,3805.447119209316
patient_174,969.0,38.76,5.611587887733886,-255.63189687858764,2253.232365694741,65.87693128493936,1347.5549454666548,3639.813827543037,92.87788141349154,-1327.7175312294908,3809.1622344658554
patient_174,970.0,38.8,13.513367322161836,197.54448586069876,2253.7729003876275,20.916007021505802,-1124.0231065858388,3640.650467823897,115.70523202312998,570.6837652409611,3813.7904437467805
patient_174,971.0,38.84,16.22901238338362,67.89112653054458,2254.422060882963,16.681271153122523,-105.86839670958197,3641.317718670022,129.1453033980136,336.00178437209036,3818.9562558827006
patient_174,972.0,38.88,38.03661686066863,545.1901119321253,2255.94352555739,25.391105860258296,217.74586767839432,3642.333362904432,59.42959390225854,-1742.8927373938764,3821.333439638791
patient_174,973.0,38.92,31.522847974510263,-162.84422215395918,2257.20443947637,99.32701821945429,1848.3978089799,3646.30644363321,27.561927309407277,-796.6916648212815,3822.4359167311673
patient_174,974.0,38.96,43.122972236083235,290.00310653932434,2258.929358365813,83.11288148911247,-405.3534182585455,3649.6309588927747,473.70907853422693,11153.678780620492,3841.3842798725364
patient_174,975.0,39.0,12.463986488640652,-766.4746436860646,2259.427917825359,75.2404528055084,-196.81071709010178,3652.640577004995,91.2069704089341,-9562.55270313232,3845.032558688894
patient_174,976.0,39.04,56.20758793743147,1093.5900362197706,2261.6762213428565,30.045874739491072,-1129.8644516504332,3653.8424119945744,83.8890360520281,-182.94835892264985,3848.388120130975
patient_174,977.0,39.08,6.716459090964264,-1237.2782211616802,2261.944879706495,36.849977801917234,170.10257656065403,3655.3164111066512,95.12494796163983,280.89779774029324,3852.1931180494407
patient_174,978.0,39.12,28.233740630723894,537.9320384939907,2263.074229331724,47.32685838592298,261.9220146001437,3657.209485442088,198.58274279993253,2586.4448709573176,3860.136427761438
patient_174,979.0,39.16,32.95667502826054,118.07335993841619,2264.3924963328545,18.9773245518304,-708.7383458523145,3657.968578424161,51.85839045009538,-3668.108808745929,3862.210763379442
patient_174,980.0,39.2,48.2837304797605,383.176386287499,2266.323845552045,13.562935143523,-135.359735207685,3658.511095829902,37.80976475728296,-351.2156423203104,3863.723153969733
patient_174,981.0,39.24,55.69362871513639,185.24745588439728,2268.55159070065,10.903485879747695,-66.4862315943826,3658.947235265092,105.23581617290729,1685.6512853906083,3867.9325866166496
patient_174,982.0,39.28,23.25009948885359,-811.0882306570702,2269.481594680204,37.48932600937973,664.646003240801,3660.446808305467,69.96087565241803,-881.8735130122317,3870.731021642747
patient_174,983.0,39.32,140.59789169227128,2933.694805085442,2275.1055103478952,31.860633445973598,-140.71731408515333,3661.7212336433063,273.586077782951,5090.630053263325,3881.6744647540645
patient_174,984.0,39.36,62.27616159804707,-1958.043252355605,2277.596556811817,168.66198593820846,3420.0338123058714,3668.4677130808345,160.3473039131715,-2830.969346744488,3888.0883569105918
patient_174,985.0,39.4,71.94517724115043,241.7253910775841,2280.4743639014628,187.6908232262377,475.7209322007313,3675.9753460098837,180.7641095584774,510.4201411326478,3895.318921292931
patient_174,986.0,39.44,73.54892750693023,40.09375664449486,2283.41632100174,84.46511215985093,-2580.6427766596694,3679.3539504962782,249.19780373780853,1710.842354483278,3905.286833442444
patient_174,987.0,39.48,43.07840948982637,-761.7629504275964,2285.139457381333,188.74337547048268,2606.9565827657934,3686.9036855150975,7.236022232388847,-6049.044537635492,3905.5762743317396
patient_174,988.0,39.52,21.101927781784713,-549.4120427010414,2285.9835344926046,589.1103755546814,10009.175002104968,3710.4681005372845,76.05138323917353,1720.3840251696172,3908.6183296613062
patient_174,989.0,39.56,83.3260202467755,1555.6023116247698,2289.3165753024755,415.28622374169163,-4345.603795324743,3727.079549486952,56.434799342570976,-490.4145974150639,3910.8757216350095
patient_174,990.0,39.6,17.70754667547315,-1640.4618392825587,2290.0248771694946,576.6312230317677,4033.624982251902,3750.144798408223,465.50514006773636,10226.758518129136,3929.4959272377187
patient_174,991.0,39.64,39.34709986500973,540.9888297384146,2291.598761164095,71.40890683369807,-12630.55790495174,3753.0011546815713,408.0475862481029,-1436.4388454908365,3945.8178306876425
patient_174,992.0,39.68,25.55945443784866,-344.6911356790268,2292.621139341609,209.73303524457538,3458.1032102719328,3761.390476091354,476.41529979411797,1709.1928386503766,3964.874442679407
patient_174,993.0,39.72,83.97228825023672,1460.3208453097016,2295.9800308716185,131.14368182902422,-1964.733835388779,3766.636223364515,246.18354561201127,-5755.793854552668,3974.7217845038876
patient_174,994.0,39.76,107.1475964647615,579.3827053631197,2300.2659347302088,52.77263699559266,-1959.2761208357888,3768.7471288443385,274.93190074719274,718.7088783795367,3985.7190605337755
patient_174,995.0,39.8,102.05479186415675,-127.32011501511877,2304.348126404775,95.36955187811311,1064.9228720630113,3772.561910919463,852.3708690423139,14435.974207378029,4019.813895295468
patient_174,996.0,39.84,26.58482700224455,-1886.749121547805,2305.411519484865,290.9813273449873,4890.294386671854,3784.2011640132628,286.44966425608305,-14148.030119655772,4031.2718818657113
patient_174,997.0,39.88,122.24226150276243,2391.435862512947,2310.301209944975,375.4942073560584,2112.8220002767775,3799.220932307505,234.8155487284311,-1290.8528881912985,4040.664503814848
patient_174,998.0,39.92,111.35599744689316,-272.1566013967319,2314.7554498428512,183.72946140588166,-4794.118648754418,3806.5701107637396,86.44711199346622,-3709.2109183741222,4044.1223882945865
patient_174,999.0,39.96,129.16414846440415,445.2037754377749,2319.9220157814275,101.54521650464545,-2054.6061225309054,3810.6319194239254,142.60003880954324,1403.8231704019254,4049.826389846968
patient_174,1000.0,40.0,54.43455705731713,-1868.2397851771752,2322.09939806372,162.59206965652527,1526.1713287969953,3817.135602210187,46.428917883733895,-2404.2780231452334,4051.6835465623176
patient_174,1001.0,40.04,110.53513765950062,1402.5145150545873,2326.5208035701003,180.52663662267628,448.36417415377525,3824.356667675094,61.729909849352524,382.5247991404657,4054.1527429562916
patient_174,1002.0,40.08,31.659412219991516,-1971.8931359877274,2327.7871800588996,47.968699173368144,-3313.948436232703,3826.2754156420283,89.8107465872636,702.0209184477768,4057.745172819782
patient_174,1003.0,40.12,5.35481416013393,-657.6149514964396,2328.001372625305,130.16373076965127,2054.875789907078,3831.481964872814,268.90879260238245,4477.451150377971,4068.5015245238774
patient_174,1004.0,40.16,45.03142840740106,991.9153561816781,2329.802629761601,67.46834809924536,-1567.3845667601477,3834.180698796784,372.7110669236879,2595.0568580326362,4083.4099672008247
patient_174,1005.0,40.2,83.07964862335423,951.2055053988294,2333.125815706535,31.971670378442916,-887.4169430200611,3835.4595656119213,246.83507407988833,-3146.899821094989,4093.2833701640207
patient_174,1006.0,40.24,30.26369733169261,-1320.3987822915406,2334.3363635998026,71.82219376423268,996.2630846447441,3838.3324533624905,336.03292162477584,2229.946188622188,4106.724687029012
patient_174,1007.0,40.28,81.67510784416335,1285.2852628117685,2337.6033679135694,74.7317433885456,72.7387406078229,3841.3217230980326,159.8544540744964,-4404.4616887569855,4113.118865191991
patient_174,1008.0,40.32,138.0839219613993,1410.220352930899,2343.1267247920255,256.23480446546085,4537.576526922881,3851.571115276651,334.9494107181262,4377.373916090745,4126.516841620716
patient_174,1009.0,40.36,62.67019381899663,-1885.343203560067,2345.6335325447853,62.22620804791794,-4850.214910438573,3854.0601635985677,36.47849402280229,-7461.772917383098,4127.975981381628
patient_174,1010.0,40.4,21.118470800885166,-1038.7930754527865,2346.4782713768204,15.533448058319797,-1167.3189997399536,3854.681501520901,5.527975368786453,-773.7629663503958,4128.19710039638
patient_174,1011.0,40.44,9.504334407068113,-290.35340984542637,2346.8584447531034,22.182496484379442,166.22621065149113,3855.568801380276,13.313036133959125,194.62651912931682,4128.729621841738
patient_174,1012.0,40.48,3.4094072315284234,-152.37317938849225,2346.9948210423645,13.951726570093445,-205.7692478571499,3856.12687044308,0.9749264776912383,-308.45274140669716,4128.7686189008455
patient_174,1013.0,40.52,26.177967416812173,569.2140046320937,2348.041939739037,17.477743557546056,88.15042468631526,3856.825980185382,38.45474766323155,936.9955296385077,4130.306808807375
patient_174,1014.0,40.56,8.917421168505141,-431.51365620767575,2348.398636585777,21.313565299791943,95.89554355614717,3857.6785227973737,30.794579475083374,-191.50420470370443,4131.538591986378
patient_174,1015.0,40.6,2.626336817889454,-157.27710876539217,2348.503690058493,23.501588225912474,54.70057315301329,3858.6185863264104,30.90957898841885,2.8749878333869106,4132.774975145915
patient_174,1016.0,40.64,8.370127546334572,143.59476821112796,2348.8384951603457,13.022797034823675,-261.96977977721997,3859.139498207803,17.634902226056827,-331.8669190590506,4133.480371234957
patient_174,1017.0,40.68,26.493427757531887,453.08250527993283,2349.898232270647,21.974822006985587,223.8006243040478,3860.0184910880826,18.200562603143574,14.141509427168675,4134.208393739083
patient_174,1018.0,40.72,18.59942354027969,-197.35010543130488,2350.6422092122584,38.55888771048414,414.6016425874639,3861.5608465965024,113.90620842737181,2392.6411456057062,4138.764642076178
patient_174,1019.0,40.76,22.764248588752537,104.12062621182115,2351.552779155809,16.411961104008515,-553.6731651618907,3862.2173250406627,96.00769209653953,-447.462908270807,4142.60494976004
patient_174,1020.0,40.8,62.7090722101199,998.6205905341841,2354.0611420442133,80.93216944845436,1613.0052086111461,3865.454611818601,104.76282714974509,218.87837633013908,4146.795462846029
patient_174,1021.0,40.84,18.48359168224168,-1105.6370131969554,2354.800485711503,40.752793463966384,-1004.4843996121994,3867.084723557159,29.85438977100489,-1872.710934468505,4147.989638436869
patient_174,1022.0,40.88,16.693021618296868,-44.76425159862032,2355.468206576235,19.632031011959864,-528.019061300163,3867.8700047976376,95.00266722046263,1628.7069362364434,4151.789745125688
patient_174,1023.0,40.92,15.13832096371775,-38.867516364477964,2356.0737394147836,7.125552516820804,-312.6619623784765,3868.1550268983106,46.835546385349836,-1204.1780208778198,4153.663166981102
patient_174,1024.0,40.96,16.90326183352636,44.1235217452153,2356.749869888125,16.526844182651057,235.03229164575635,3868.816100665617,7.052403475659327,-994.5785727422627,4153.945263120128
patient_174,1025.0,41.0,13.434989896193045,-86.7067984333329,2357.2872694839725,12.91935275918386,-90.18728558667992,3869.3328747759842,13.228750557709828,154.40867705126254,4154.474413142437
patient_174,1026.0,41.04,4.5284651012298385,-222.6631198740802,2357.468408088022,23.886073636847513,274.1680219415913,3870.288317721458,10.669234526840121,-63.98790077174268,4154.90118252351
patient_174,1027.0,41.08,8.894543090665977,109.15194973590346,2357.8241898116485,5.244674753690974,-466.0349720789135,3870.4981047116057,18.66720297388084,199.94921117601797,4155.647870642465
patient_174,1028.0,41.12,7.647870942151967,-31.166803712850232,2358.1301046493345,22.087931438429788,421.0814171184703,3871.381621969143,70.5195408158344,1296.3084460488392,4158.468652275099
patient_174,1029.0,41.16,5.902035056559952,-43.64589713980038,2358.366186051597,12.349357502429633,-243.46434840000387,3871.8755962692403,30.99816446866998,-988.0344086791105,4159.708578853845
patient_174,1030.0,41.2,2.1569213028196006,-93.62784384350878,2358.45246290371,4.26649043866141,-202.07167659420557,3872.046255886787,28.311968242526888,-67.15490565357732,4160.841057583547
patient_174,1031.0,41.24,17.517870802725994,384.02373749765985,2359.153177735819,11.916228939432111,191.24346251926752,3872.522905044364,9.303973703277956,-475.19986348122336,4161.213216531678
patient_174,1032.0,41.28,9.76603186168376,-193.79597352605583,2359.5438190102864,17.003608659328115,127.18449299740011,3873.2030493907373,144.7959641955574,3387.2997623069855,4167.0050550995
patient_174,1033.0,41.32,2.8730976462696822,-172.32335538535196,2359.658742916137,2.0939895909616815,-372.7404767091608,3873.286808974376,27.895702620101684,-2922.5065393863924,4168.120883204304
patient_174,1034.0,41.36,20.380015727307015,437.67295202593334,2360.4739435452293,16.373004679844225,356.97537722206357,3873.94172916157,37.582047144897544,242.1586131198965,4169.624165090099
patient_174,1035.0,41.4,7.658181858121014,-318.04584672965,2360.780270819554,3.9662786993913177,-310.1681495113227,3874.1003803095455,30.09761277261483,-187.11085930706784,4170.828069601004
patient_174,1036.0,41.44,13.85804098468406,154.99647816407614,2361.334592458941,13.254393460199848,232.20286902021329,3874.6305560479536,37.62272138192057,188.12771523264348,4172.332978456281
patient_174,1037.0,41.48,3.594607784930172,-256.5858299938472,2361.4783767703384,9.437373434373093,-95.42550064566888,3875.0080509853283,10.23181850286477,-684.772571976395,4172.742251196396
patient_174,1038.0,41.52,18.877880065281676,382.0818070087876,2362.2334919729497,5.645800934040062,-94.78931250832578,3875.23388302269,35.34772210574264,627.8975900719468,4174.156160080625
patient_174,1039.0,41.56,17.759611642092683,-27.95671057972484,2362.943876438633,19.245162072975393,339.9840284733833,3876.0036895056087,23.673301089088824,-291.8605254163454,4175.103092124189
patient_174,1040.0,41.6,15.082400191515628,-66.93028626442637,2363.547172446294,28.13317655433714,222.20036203404368,3877.1290165677824,17.806943417187732,-146.6589417975273,4175.815369860877
patient_174,1041.0,41.64,18.787719039132945,92.63297119043293,2364.2986812078593,21.43455632961256,-167.46550561811455,3877.9863988209668,55.26967488581165,936.5682867155979,4178.026156856309
patient_174,1042.0,41.68,22.66132881343283,96.84024435749717,2365.2051343603966,4.18075083569678,-431.3451373478944,3878.153628854395,64.79328551850848,238.0902658174209,4180.61788827705
patient_174,1043.0,41.72,17.30396348017737,-133.93413333138656,2365.8972928996036,6.181627838281784,50.02192506462511,3878.4008939679256,36.375115890344716,-710.4542407040942,4182.0728929126635
patient_174,1044.0,41.76,8.423206373561479,-222.01892766539726,2366.234221154546,22.19080638202805,400.22946359365665,3879.288526223207,21.125213929435986,-381.24754902271826,4182.917901469841
patient_174,1045.0,41.8,15.140496945882562,167.93226430802707,2366.839841032381,4.368634570661945,-445.5542952841526,3879.4632716060337,52.35722630030135,780.8003092716341,4185.012190521853
patient_174,1046.0,41.84,6.794953803543134,-208.6385785584857,2367.111639184523,5.515051515382148,28.66042361800507,3879.6838736666487,12.930472475667734,-985.6688456158404,4185.529409420879
patient_174,1047.0,41.88,7.801634507043917,25.16701758751958,2367.4237045648047,2.4561378280784423,-76.47284218259264,3879.782119179772,21.742052823284936,220.28950869043004,4186.399091533811
patient_174,1048.0,41.92,8.905522945386448,27.597210958563267,2367.7799254826205,21.071403381988432,465.38163884774974,3880.6249753150514,24.317864390005777,64.39528916802102,4187.371806109411
patient_174,1049.0,41.96,15.660094246850639,168.86428253660478,2368.4063292524943,28.426085611405664,183.8670557354308,3881.7620187395078,23.157774392175465,-29.002249945757796,4188.298117085099
patient_174,1050.0,42.0,26.40133543185805,268.53102962518534,2369.462382669769,20.141467595115746,-207.11545040724798,3882.5676774433123,106.62259630964701,2086.6205479367886,4192.563020937485
patient_174,1051.0,42.04,14.326032170485972,-301.882581534302,2370.035423956588,7.889921012467216,-306.28866456621324,3882.883274283811,35.643029851091185,-1774.4891614638955,4193.988742131529
patient_174,1052.0,42.08,22.634408495658516,207.7094081293136,2370.9408002964146,22.781352761052354,372.2857937146284,3883.794528394253,28.908658305059554,-168.3592886507908,4195.145088463732
patient_174,1053.0,42.12,20.600186588234664,-50.85554768559631,2371.764807759944,21.641439294329412,-28.49783666807353,3884.660185966026,91.31271161731348,1560.1013328063482,4198.797596928423
patient_174,1054.0,42.16,12.835072767578863,-194.127845516395,2372.2782106706472,5.807381540351026,-395.85144384945966,3884.89248122764,60.19005002542708,-778.0665397971601,4201.2051989294405
patient_174,1055.0,42.2,14.470772721810402,40.892498855788475,2372.85704157952,24.999538640086257,479.80392749338085,3885.892462773243,37.498258614044026,-567.2947852845763,4202.7051292740025
patient_174,1056.0,42.24,17.370404776598285,72.49080136969708,2373.5518577705834,25.96767795619899,24.20348290281833,3886.931169891491,129.5690810136795,2301.7705599908863,4207.887892514549
patient_174,1057.0,42.28,11.77192524253162,-139.96198835166663,2374.0227347802847,17.648316516476363,-207.98403599306567,3887.6371025521507,5.520212298509994,-3101.2217178792375,4208.108701006489
patient_174,1058.0,42.32,4.254031137817132,-187.94735261786218,2374.1928960257974,11.43286183979119,-155.38636691712932,3888.094417025742,26.099513538909623,514.4825310099908,4209.152681548046
patient_174,1059.0,42.36,3.302524065600942,-23.787676805404757,2374.3249969884214,12.02566792150005,14.82015204272149,3888.5754437426017,22.96457628027466,-78.37343146587408,4210.071264599257
patient_174,1060.0,42.4,12.38242413351665,226.99750169789272,2374.8202939537623,12.312782679564535,7.177868951612121,3889.0679550497844,21.31097877840129,-41.33993754683427,4210.923703750393
patient_174,1061.0,42.44,3.4357373059960197,-223.66717068801577,2374.957723446002,9.447658390797677,-71.62810721917143,3889.4458613854163,38.2248645850154,422.84714516535286,4212.452698333794
patient_174,1062.0,42.48,17.386245001888206,348.76269239730465,2375.6531732460776,19.880212762595345,260.8138592949417,3890.24106989592,25.0824641086075,-328.5600119101976,4213.4559968981375
patient_174,1063.0,42.52,31.6729543944575,357.1677348142323,2376.920091421856,15.842328891402474,-100.94709677982179,3890.8747630515763,49.54037198190905,611.4476968325387,4215.4376117774145
patient_174,1064.0,42.56,66.74714367196114,876.854731937591,2379.5899771687345,38.399570401668576,563.9310377566526,3892.410745867643,13.920445986809536,-890.4981498774877,4215.994429616887
patient_174,1065.0,42.6,16.919918779647723,-1245.6806223078354,2380.2667739199205,61.00490571926068,565.1333829398025,3894.8509420964137,24.03435774359843,252.84779391972236,4216.95580392663
patient_174,1066.0,42.64,72.05938149172289,1378.4865678018791,2383.149149179589,79.80634549222484,470.03599432410397,3898.043195916103,100.02096783706378,1899.6652523366336,4220.956642640113
patient_174,1067.0,42.68,55.0786259913646,-424.5188875089571,2385.352294219244,112.79769130555133,824.7836453331622,3902.5551035683247,85.19371836659629,-370.68123676168733,4224.364391374777
patient_174,1068.0,42.72,67.84458398655049,319.14894987964715,2388.066077578706,107.53435376076816,-131.58343861957923,3906.8564777187553,53.679928147154925,-787.844755486034,4226.5115885006635
patient_174,1069.0,42.76,165.1459717588319,2432.5346943070354,2394.671916449059,143.06619951061194,888.2961437460946,3912.5791256991797,105.98450173364631,1307.6143396622847,4230.75096857001
patient_174,1070.0,42.8,209.0170448538675,1096.77682737589,2403.032598243214,115.46960203022557,-689.9149370096591,3917.1979097803887,164.29230071553962,1457.6949745473328,4237.322660598631
patient_174,1071.0,42.84,217.66856430524192,216.2879862843603,2411.7393408154235,183.9389852532527,1711.7345805756781,3924.5554691905186,161.44970385498624,-71.06492151383463,4243.7806487528305
patient_174,1072.0,42.88,313.41224411985957,2393.591995365441,2424.275830580218,223.86469097154597,998.1426429573319,3933.51005682938,146.98731966301344,-361.55960479932,4249.660141539351
patient_174,1073.0,42.92,321.3211697003797,197.72313951300333,2437.128677368233,351.24424477843974,3184.488845172344,3947.559826620518,551.2731942228174,10107.1468639951,4271.711069308263
patient_174,1074.0,42.96,267.964865399463,-1333.9076075229173,2447.8472719842116,339.0851041378633,-303.9785160144106,3961.1232307860323,295.80380906431003,-6386.734628962685,4283.543221670836
patient_174,1075.0,43.0,309.6564651641262,1042.2899941165795,2460.233530590777,329.1789967112988,-247.65268566411294,3974.2903906544843,640.8974005421903,8627.339786947008,4309.1791176925235
patient_174,1076.0,43.04,313.960954813276,107.61224122874467,2472.7919687833078,390.14783324046607,1524.2209132291819,3989.8963039841033,454.65704789757024,-4656.008816115502,4327.365399608427
patient_174,1078.0,43.12,,,2472.7919687833078,,,3989.8963039841033,,,4327.365399608427
patient_174,1079.0,43.16,254.99940831040547,,2482.991945115724,334.94512083673396,,4003.2941088175726,479.5408649119761,,4346.547034204906
patient_174,1080.0,43.2,235.87083040948522,-478.21444752300624,2492.4267783321034,561.5383412301683,5664.830509835858,4025.7556424667796,774.8375977876503,7382.418321891856,4377.540538116412
patient_174,1081.0,43.24,117.01296231450114,-2971.446702374602,2497.1072968246835,665.5700097442959,2600.7917128531917,4052.3784428565514,401.0888886640535,-9343.717728089921,4393.584093662974
patient_174,1082.0,43.28,198.35421113916237,2033.5312206165308,2505.0414652702502,471.8632654492543,-4842.668607376041,4071.2529734745212,433.1735365432222,802.1161969792174,4410.911035124704
patient_174,1083.0,43.32,165.6307409951646,-818.0867535999447,2511.6666949100563,181.48870180348936,-7259.364091144124,4078.512521546661,225.81015627350635,-5184.084506742896,4419.9434413756435
patient_174,1084.0,43.36,97.1102681256742,-1713.0118217372597,2515.5511056350833,241.09659735832153,1490.1973888708042,4088.156385440994,110.65815060897603,-2878.800141613258,4424.369767400002
patient_174,1085.0,43.4,9.89866998909246,-2180.2899534145436,2515.9470524346475,129.26349988656816,-2795.8274367938343,4093.326925436457,94.72139523598288,-398.4188843248287,4428.158623209442
patient_174,1086.0,43.44,66.46795527388466,1414.2321321198049,2518.6057706456027,159.0864759333228,745.5744011688658,4099.69038447379,205.01699513909793,2757.3899975778763,4436.359303015006
patient_174,1087.0,43.48,189.39755431090342,3073.239975925469,2526.181672818039,237.78766080029865,1967.5296216743966,4109.2018909058015,367.48423159872084,4061.6809114905727,4451.058672278955
patient_174,1088.0,43.52,139.8737445621621,-1238.0952437185329,2531.776622600525,551.5338174215185,7843.653915530495,4131.263243602662,578.7328127604633,5281.214529043561,4474.207984789374
patient_174,1089.0,43.56,272.2743343654005,3310.0147450809595,2542.667595975141,601.6625449836124,1253.2181890523475,4155.329745402007,638.1348346872946,1485.0505481707842,4499.733378176866
patient_174,1090.0,43.6,351.1209419551827,1971.165189744555,2556.7124336533484,464.10576819838,-3438.91941963081,4173.893976129942,612.8038640026083,-633.2742671171587,4524.24553273697
patient_174,1091.0,43.64,159.0398409235163,-4802.027525791659,2563.074027290289,357.3256169304697,-2669.5037816977574,4188.18700080716,247.88818690879722,-9122.891927345276,4534.161060213321
patient_174,1092.0,43.68,125.1271089600146,-847.8182990875425,2568.0791116486894,13.716983911866869,-8590.215825465071,4188.735680163635,126.33833255059578,-3038.746358955036,4539.214593515346
patient_174,1093.0,43.72,42.93385926197759,-2054.8312424509254,2569.7964660191683,171.5664705760163,3946.2371666037357,4195.598338986676,200.97577829178536,1865.9361435297394,4547.253624647017
patient_174,1094.0,43.76,56.408637426310726,336.86945410832845,2572.052811516221,224.95699664829965,1334.7631518070841,4204.596618852608,192.7346792202771,-206.02747678770683,4554.9630118158275
patient_174,1095.0,43.8,113.17984192687487,1419.2801125141036,2576.580005193296,112.09397334839178,-2821.575582497697,4209.080377786544,191.83804624012552,-22.41582450378914,4562.636533665433
patient_174,1096.0,43.84,200.11703347528902,2173.429788710354,2584.5846865323074,267.66720025271104,3889.3306726079813,4219.787065796652,304.8989298642906,2826.5220906041272,4574.832490860004
patient_174,1097.0,43.88,291.990938238951,2296.8476190915494,2596.2643240618654,588.9298769371588,8031.566917111195,4243.344260874138,1026.3486247296198,18036.24237163323,4615.886435849189
patient_174,1098.0,43.92,163.64594597162633,-3208.6248066831167,2602.8101619007307,972.0529214919076,9578.076113868718,4282.226377733814,710.2189015171134,-7903.24308031266,4644.295191909874
patient_174,1099.0,43.96,225.1134055202935,1536.6864887166792,2611.8146981215423,736.2210056277534,-5895.797896603855,4311.675217958925,519.0789566882335,-4778.498620721999,4665.058350177404
patient_174,1100.0,44.0,266.8340245809611,1043.0154765166903,2622.4880591047813,355.5813732043907,-9515.990810584068,4325.8984728871,403.1277394492419,-2898.7804309747885,4681.1834597553725
patient_174,1101.0,44.04,173.08884541280432,-2343.62947920392,2629.411612921293,91.70883371065666,-6596.81348734335,4329.566826235527,153.4658698843606,-6241.546739122034,4687.322094550746
patient_174,1102.0,44.08,94.78435334907005,-1957.6123015933567,2633.202987055256,83.04992824965512,-216.47263652503847,4332.8888233655125,118.92743408518099,-863.4608949794899,4692.079191914154
patient_174,1103.0,44.12,76.57357109336296,-455.2695563926772,2636.2659298989906,43.2058163286807,-996.1027980243607,4334.61705601866,93.57499759441691,-633.8109122691019,4695.822191817931
patient_174,1104.0,44.16,39.17257173845183,-935.0249838727782,2637.8328327685285,47.50841412758721,107.56494497266277,4336.5173925837635,93.98001596595337,10.12545928841142,4699.581392456569
patient_174,1105.0,44.2,81.13992591645825,1049.1838544501607,2641.078429805187,194.2061429710056,3667.4432210854598,4344.285638302604,130.2031947608678,905.5794698728608,4704.789520247004
patient_174,1106.0,44.24,181.67917855186383,2513.4813158851393,2648.3455969472616,300.8143462567717,2665.2050821441535,4356.318212152874,338.1801918116062,5199.424926268461,4718.316727919468
patient_174,1107.0,44.28,253.41881830642092,1793.4909938639273,2658.4823496795184,379.54539208460506,1968.2761456958333,4371.500027836259,644.9445837165781,7669.109797624297,4744.1145112681315
patient_174,1108.0,44.32,219.73666454068336,-842.0538441434388,2667.271816261146,744.3020047159606,9118.915315783888,4401.2721080248975,623.7732844603852,-529.2824814048231,4769.065442646547
patient_174,1109.0,44.36,300.033257707404,2007.414829168016,2679.273146569442,793.5727891942165,1231.7696119563975,4433.015019592666,792.4719784191344,4217.467348968731,4800.764321783313
patient_174,1110.0,44.4,465.9840762668258,4148.770463985546,2697.912509620115,624.1051295161151,-4236.691491952535,4457.97922477331,616.7969833534036,-4391.874876643271,4825.436201117449
patient_174,1111.0,44.44,216.07118499860573,-6247.822281705502,2706.5553570200595,178.97539502933066,-11128.243362169611,4465.1382405744835,177.43572709407923,-10984.03140648311,4832.533630201212
patient_174,1112.0,44.48,88.86616004385424,-3180.1256238687874,2710.1100034218134,66.98982079576277,-2799.6393558391974,4467.817833406314,92.41879132011404,-2125.4233943491295,4836.230381854017
patient_174,1113.0,44.52,21.31131573074571,-1688.8711078277133,2710.962456051044,78.88144671956165,297.2906480949721,4470.9730912750965,179.10401778959783,2167.1306617370947,4843.3945425656
patient_174,1114.0,44.56,59.19005434139114,946.9684652661357,2713.3300582246993,190.7688226874165,2797.1843991963715,4478.603844182593,186.89720238790704,194.82961495773026,4850.870430661116
patient_174,1115.0,44.6,100.06620020768784,1021.9036466574175,2717.332706233007,140.14752482657937,-1265.5324465209283,4484.209745175656,165.41371212023768,-537.0872566917342,4857.486979145926
patient_174,1116.0,44.64,235.6696538476681,3390.0863409995063,2726.7594923869137,207.68095466088945,1688.335745857752,4492.516983362092,327.4255777834546,4050.296641580424,4870.584002257264
patient_174,1117.0,44.68,316.6928475372573,2025.5798422397306,2739.427206288404,468.4392877026512,6518.958326044043,4511.254554870198,772.7323044334054,11132.668166248768,4901.4932944346
patient_174,1118.0,44.72,192.09361255195975,-3114.980874632439,2747.1109507904825,717.1095562840189,6216.756714534194,4539.938937121558,814.4423312421756,1042.7506702192545,4934.070987684287
patient_174,1119.0,44.76,276.2261738289782,2103.3140319254608,2758.1599977436417,530.115492054874,-4674.851605728622,4561.143556803753,750.0546354771707,-1609.692394125122,4964.073173103373
patient_174,1120.0,44.8,355.81165221445997,1989.6369596370448,2772.39246383222,563.5712219764583,836.3932480396073,4583.686405682812,658.6318862489749,-2285.568730704895,4990.418448553332
patient_174,1121.0,44.84,287.6846583617178,-1703.1748463185536,2783.8998501666883,67.75615843037109,-12395.376588652181,4586.3966520200265,180.9796133280865,-11941.306823022209,4997.6576330864555
patient_174,1122.0,44.88,184.31906830729037,-2584.139751360686,2791.2726128989802,99.011122242459,781.3740953021977,4590.357096909725,35.635432768063254,-3633.604514000581,4999.083050397178
patient_174,1123.0,44.92,33.47559567350855,-3771.086815844545,2792.61163672592,36.99602771295359,-1550.377363237635,4591.836938018244,23.56854354586783,-301.67223055488563,5000.025792139013
patient_174,1124.0,44.96,188.4500738195546,3874.3619536511515,2800.1496396787024,266.396222891265,5735.004879457784,4602.492786933894,254.99062877170832,5785.552130646012,5010.225417289881
patient_174,1125.0,45.0,344.2447962172306,3894.8680599419,2813.919431527391,502.7225091687956,5908.157156938266,4622.6016873006465,471.09224914851495,5402.540509420166,5029.069107255822
patient_174,1126.0,45.04,228.32346515683943,-2898.033276509779,2823.0523701336647,680.3616623297969,4440.978829025032,4649.816153793839,688.6471954639412,5438.873657885657,5056.614995074379
patient_174,1127.0,45.08,254.60907766243722,657.1403126399446,2833.2367332401623,633.7097990749579,-1166.2965813709748,4675.164545756837,658.9332842166265,-742.8477811828685,5082.972326443045
patient_174,1128.0,45.12,457.02832449423204,5060.48117079487,2851.517866219931,660.764336130883,676.363426398126,4701.595119202072,721.6703336664542,1568.4262362456934,5111.839139789703
patient_174,1129.0,45.16,278.6049677193426,-4460.583919372236,2862.6620649287047,382.21336532600196,-6963.774270122025,4716.883653815112,422.693242012462,-7474.427291349805,5128.746869470201
patient_174,1130.0,45.2,156.89448458959492,-3042.7620782436916,2868.9378443122882,64.92597581228185,-7932.184737843002,4719.480692847604,191.36452187763234,-5783.218003370742,5136.401450345306
patient_174,1131.0,45.24,53.94744564588394,-2573.675973592775,2871.0957421381236,134.08058288323485,1728.8651767738252,4724.843916162933,116.58334226951966,-1869.529490202817,5141.064784036087
patient_174,1132.0,45.28,60.75010729439104,170.0665412126776,2873.525746429899,129.73668658167242,-108.59740753906095,4730.0333836262,116.67305069267152,2.2427105787965473,5145.731706063794
patient_174,1133.0,45.32,75.27072448173462,363.0154296835894,2876.536575409168,161.63400277616702,797.4329048623651,4736.4987437372465,363.83721936995346,6179.104216932048,5160.285194838591
patient_174,1134.0,45.36,56.042873603602864,-480.69627195329383,2878.778290353312,77.23875539210115,-2109.8811846016465,4739.58829395293,181.04935861804105,-4569.69651879781,5167.527169183313
patient_174,1135.0,45.4,306.3906311729543,6258.693939233785,2891.03391560023,266.0343954316986,4719.891000989936,4750.229669770198,547.6961182532441,9166.168990880074,5189.435013913443
patient_174,1136.0,45.44,524.0095430533091,5440.472797008872,2911.9942973223624,892.1663561224696,15653.299017269273,4785.9163240150965,1158.533630967186,15270.937817848546,5235.776359152131
patient_174,1139.0,45.56,,,2911.9942973223624,,,4785.9163240150965,,,5235.776359152131
patient_174,1140.0,45.6,480.03142997172245,,2931.1955545212318,545.7319744217648,,4807.745602991968,490.17968295186625,,5255.383546470204
patient_174,1141.0,45.64,517.9387504776403,947.6830126479456,2951.9131045403374,2009.7671514337771,36600.87942530031,4888.136289049318,763.6403456088777,6836.516566425287,5285.92916029456
patient_174,1142.0,45.68,310.46084454890723,-5186.947648218326,2964.331538322294,1216.2269164765305,-19838.505873931164,4936.78536570838,957.5105969486857,4846.756283495199,5324.229584172506
patient_174,1143.0,45.72,496.1749879846745,4642.853585894181,2984.1785378416807,168.97834973220978,-26181.214168608018,4943.544499697668,278.871619616267,-16965.974433310468,5335.384448957157
patient_174,1144.0,45.76,319.8659693128702,-4407.7254667951065,2996.973176614196,169.33949567045096,9.028648456029487,4950.318079524486,95.06603543762319,-4595.139604466096,5339.187090374662
patient_174,1145.0,45.8,96.96041035958893,-5572.638973832032,3000.8515930285794,134.88778357834636,-861.292802302615,4955.71359086762,406.81754651941606,7793.787777044821,5355.459792235439
patient_174,1146.0,45.84,72.0534368868731,-622.6743368178959,3003.733730504054,101.82188443063161,-826.6474786928686,4959.786466244845,60.876753526514086,-8648.519824822548,5357.894862376499
patient_174,1147.0,45.88,27.71357183528147,-1108.4966262897908,3004.8422733774655,51.829074117278964,-1249.8202578338162,4961.859629209536,11.852114086241258,-1225.6159860068208,5358.368946939949
patient_174,1148.0,45.92,28.00895803594717,7.384655016642494,3005.9626316989034,28.70759791779143,-578.0369049871883,4963.007933126248,20.80574303257473,223.84072365833677,5359.201176661252
patient_174,1149.0,45.96,40.72367142055446,317.86783461518223,3007.5915785557254,27.454784078718724,-31.32034597681761,4964.106124489396,45.42686779958926,615.5281191753633,5361.018251373236
patient_174,1150.0,46.0,7.856056187657372,-821.6903808224272,3007.905820803231,1.614854179320466,-645.9982474849564,4964.170718656569,12.88982358945057,-813.4261052534672,5361.533844316814
patient_174,1151.0,46.04,37.03917368217932,729.5779373630486,3009.3873877505184,13.538682999377574,298.0957205014277,4964.712265976545,17.532941407083275,116.07794544081762,5362.235161973097
patient_174,1152.0,46.08,40.93676000860641,97.4396581606774,3011.0248581508627,57.464882158666576,1098.154978982225,4967.010861262891,52.174985948005606,866.0511135230582,5364.322161411018
patient_174,1153.0,46.12,32.33242903478235,-215.10827434560156,3012.318155312254,28.93466151912597,-713.2555159885152,4968.168247723656,67.55054031917766,384.38885927930124,5367.024183023785
patient_174,1154.0,46.16,20.250560135574574,-302.04672248019443,3013.1281777176773,26.43139709250852,-62.5816106654363,4969.225503607357,23.442754288741508,-1102.6946507609036,5367.961893195334
patient_174,1155.0,46.2,23.04786586633746,69.93264326907216,3014.0500923523305,9.535495747581644,-422.3975336231719,4969.60692343726,16.971790232334108,-161.774101410185,5368.640764804628
patient_174,1156.0,46.24,14.915682388633721,-203.3045869425935,3014.6467196478757,24.084232311396487,363.7184140953711,4970.570292729715,8.434970878980549,-213.42048383383897,5368.9781636397865
patient_174,1157.0,46.28,14.323308083026115,-14.809357640190157,3015.219651971197,2.3013817714503566,-544.5712634986533,4970.662348000574,18.36522324938503,248.256309260112,5369.712772569762
patient_174,1158.0,46.32,13.240500226567907,-27.070196411455207,3015.74927198026,4.546930832195648,56.13872651863229,4970.844225233861,31.4172914746857,326.3017056325168,5370.9694642287495
patient_174,1159.0,46.36,6.442305984520268,-169.95485605119097,3016.0069642196404,9.16953915005454,115.5652079464723,4971.211006799864,30.467756482536817,-23.738374803722095,5372.188174488051
patient_174,1160.0,46.4,6.797316441031771,8.87526141278756,3016.2788568772817,6.326738220781391,-71.07002323182871,4971.464076328695,19.931562825245916,-263.4048414322725,5372.985437001061
patient_174,1161.0,46.44,7.426954051536391,15.74094026261552,3016.575935039343,17.037028408765075,267.7572546995921,4972.145557465045,3.4110131376999626,-413.0137421886488,5373.121877526569
patient_174,1162.0,46.48,5.485589685400373,-48.534109153400465,3016.7953586267595,14.38327122522925,-66.34392958839564,4972.720888314055,10.277102811619022,171.65224184797648,5373.532961639034
patient_174,1163.0,46.52,7.61635305069114,53.269084132269185,3017.100012748787,7.430843023009467,-173.81070505549457,4973.018122034976,24.589269960367904,357.804178718722,5374.5165324374475
patient_174,1164.0,46.56,21.163337015415213,338.6745991181018,3017.9465462294033,12.549261554775345,127.96046329414696,4973.520092497167,16.583775101975448,-200.13737145981142,5375.179883441527
patient_174,1165.0,46.6,4.708608953396662,-411.36820155046377,3018.1348905875393,15.743534113750309,79.85681397437409,4974.149833861717,64.9516509531047,1209.1968962782314,5377.7779494796505
patient_174,1166.0,46.64,3.8360004483258106,-21.815212626771284,3018.2883306054723,17.305275935275905,39.04354553813989,4974.842044899127,60.572053339263185,-109.48994034603797,5380.200831613221
patient_174,1167.0,46.68,3.783747901239445,-1.3063136771591433,3018.439680521522,20.99716129245628,92.29713392950939,4975.681931350826,13.860038788328819,-1167.8003637733593,5380.755233164755
patient_174,1168.0,46.72,11.989387833118872,205.1409982969857,3018.919256034847,3.6701199468704595,-433.1760336396455,4975.8287361487,6.573224037408177,-182.17036877301604,5381.018162126251
patient_174,1169.0,46.76,0.9964350895176037,-274.8238185900317,3018.9591134384273,15.875239319452655,305.1279843145549,4976.4637457214785,18.56311955482038,299.747387935305,5381.760686908445
patient_174,1170.0,46.8,11.073900948424862,251.93664647268145,3019.4020694763644,14.882093740087726,-24.828639484123237,4977.059029471082,28.10297084910734,238.49628235717404,5382.884805742409
patient_174,1171.0,46.84,5.296347877008774,-144.4388267854022,3019.613923391445,2.188035309200071,-317.3514607721914,4977.14655088345,14.661140971377542,-336.045746943245,5383.471251381265
patient_174,1172.0,46.88,3.1213741369285883,-54.37434350200464,3019.738778356922,3.1182197333658284,23.254610604143934,4977.271279672785,6.746564078074098,-197.8644223325861,5383.7411139443875
patient_174,1173.0,46.92,3.9225461291196444,20.0292998047764,3019.8956802020866,5.37958833088045,56.53421493786554,4977.48646320602,9.881879643981167,78.38288914767672,5384.136389130147
patient_174,1174.0,46.96,6.292361016759553,59.24537219099773,3020.1473746427573,5.150223296174883,-5.734125867639173,4977.692472137867,18.571013932707206,217.228357218151,5384.879229687454
patient_174,1175.0,47.0,7.081016708722577,19.71639229907558,3020.430615311106,4.579040442349931,-14.27957134562381,4977.875633755561,12.652849286600656,-147.95411615266377,5385.385343658918
patient_174,1176.0,47.04,3.0018560812258857,-101.97901568741727,3020.5506895543554,39.71709348783819,878.4513261372066,4979.464317495074,18.017486919350134,134.11594081873693,5386.106043135693
patient_174,1177.0,47.08,6.292142015434081,82.25714835520488,3020.8023752349727,9.867847660016642,-746.2311456955387,4979.8590314014755,13.820577846225735,-104.92272682810997,5386.6588662495415
patient_174,1178.0,47.12,2.1588116565354256,-103.3332589724664,3020.888727701234,7.558457223823982,-57.73476090481648,4980.161369690428,49.65790635166776,895.9332126360507,5388.645182503608
patient_174,1179.0,47.16,6.216356391530425,101.438618374875,3021.1373819568953,18.99610254145067,285.9411329406672,4980.921213792087,58.99508290896431,233.4294139324136,5391.004985819966
patient_174,1180.0,47.2,13.665206315527719,186.22124809993235,3021.6839902095167,3.4286199262883725,-389.18706537905746,4981.058358589138,30.51424711664902,-712.0208948078822,5392.225555704633
patient_174,1181.0,47.24,21.57759895937152,197.80981609609506,3022.5470941678914,6.570442809544876,78.5455720814126,4981.32117630152,27.734523448061804,-69.49309171468042,5393.334936642556
patient_174,1182.0,47.28,9.534983298111772,-301.06539153149373,3022.928493499816,2.229627422384713,-108.5203846790041,4981.410361398415,4.492788022968958,-581.0433856273211,5393.514648163475
patient_174,1183.0,47.32,12.939531596829273,85.11370746793752,3023.446074763689,14.317568329412792,302.19852267570195,4981.983064131592,25.00306526365898,512.7569310172505,5394.514770774021
patient_174,1184.0,47.36,44.85637769219703,797.9211523841939,3025.2403298713766,47.595110911203875,831.938564544777,4983.88686856804,99.24416867389384,1856.0275852558714,5398.484537520977
patient_174,1185.0,47.4,60.780172853629395,398.0948790358092,3027.6715367855218,89.4648633455703,1046.7438108591605,4987.465463101863,116.12361335491987,421.98611702565074,5403.129482055174
patient_174,1186.0,47.44,95.39099832289584,865.2706367316612,3031.4871767184377,74.01631175059353,-386.2137898744191,4990.426115571886,89.49654291790222,-665.6767609254413,5406.70934377189
patient_174,1187.0,47.48,135.70758689293945,1007.9147142510901,3036.9154801941554,120.8721182811472,1171.3951632638416,4995.261000303132,167.76395207912537,1956.685229030579,5413.419901855054
patient_174,1188.0,47.52,283.787937029698,3702.0087534189643,3048.266997675343,296.8687250957057,4399.915170363963,5007.13574930696,225.86956536094152,1452.6403320454037,5422.454684469492
patient_174,1189.0,47.56,169.35135392713028,-2860.9145775641937,3055.041051832429,201.79835945787835,-2376.759140945684,5015.207683685276,137.25994001987982,-2215.2406335265423,5427.945082070288
patient_174,1190.0,47.6,129.91108462053828,-986.0067326648,3060.2374952172504,182.15252878190424,-491.1457668993528,5022.493784836552,53.53298016640048,-2093.1739963369837,5430.086401276943
patient_174,1191.0,47.64,116.89064546436786,-325.5109789042603,3064.9131210358255,214.02267582193477,796.7536760007633,5031.054691869429,129.23608964391448,1892.5777369378502,5435.2558448627
patient_174,1192.0,47.68,52.387332466896765,-1612.5828249367776,3067.0086143345015,35.60615346783012,-4460.413058852616,5032.478938008142,60.95438119574661,-1707.0427112041968,5437.694020110529
patient_174,1193.0,47.72,132.32173027664928,1998.3599452438127,3072.301483545567,172.8560535107365,3431.2475010726594,5039.393180148571,193.84972687353465,3322.383641944701,5445.448009185471
patient_174,1194.0,47.76,122.24270954981405,-251.9755181708806,3077.1911919275594,100.61815050288165,-1805.9475751963714,5043.417906168687,154.22915306391525,-990.514345240485,5451.617175308027
patient_174,1195.0,47.8,67.26846160416721,-1374.356198641171,3079.881930391726,141.39975550153102,1019.5401249662343,5049.073896388749,60.13770717938672,-2352.2861471132132,5454.022683595203
patient_174,1196.0,47.84,63.73599939781492,-88.31155515880731,3082.431370367639,137.80623958707844,-89.83789786131453,5054.586145972232,81.64197121517059,537.6066008945966,5457.288362443809
patient_174,1197.0,47.88,72.06536975034824,208.23425881333293,3085.3139851576525,83.6836499098031,-1353.0647419318836,5057.9334919686235,82.38691978469976,18.623714238229283,5460.583839235198
patient_174,1198.0,47.92,63.89045357869912,-204.37290429122788,3087.8696033008005,85.36819866555015,42.11371889367648,5061.348219915246,78.27292401143956,-102.849894331505,5463.714756195654
patient_174,1199.0,47.96,41.113078996085676,-569.4343645653362,3089.514126460644,102.86763597202858,437.48593266196065,5065.462925354126,61.559878997448365,-417.8261253497798,5466.177151355552
patient_174,1200.0,48.0,121.50862144018285,2009.8885611024293,3094.3744713182514,172.45877649090153,1739.7785129718236,5072.361276413762,78.22235560922572,416.5619152944338,5469.306045579922
patient_174,1201.0,48.04,101.9110560159346,-489.93913560620615,3098.4509135588887,68.007353052003,-2611.285585972463,5075.081570535843,74.70638873177424,-87.89917193628689,5472.294301129193
patient_174,1202.0,48.08,38.930434152876394,-1574.5155465764553,3100.0081309250036,71.51081941512737,87.58665907810936,5077.942003312448,77.88696135960767,79.51431569583569,5475.409779583578
patient_174,1203.0,48.12,18.247406986514395,-517.07567915905,3100.7380272044643,11.463401250939901,-1501.1854541046866,5078.400539362486,33.47012749487099,-1110.420846618417,5476.748584683372
patient_174,1204.0,48.16,36.77427817049419,463.1717795994949,3102.208998331284,40.170619688145514,717.6804609301403,5080.007364150011,44.08039166139099,265.2566041630001,5478.511800349827
patient_174,1205.0,48.2,27.24023317555438,-238.3511248734953,3103.298607658306,28.666335126517854,-287.6071140406915,5081.154017555072,39.73268977319369,-108.69254720493248,5480.101107940755
patient_174,1206.0,48.24,26.199987543479143,-26.006140801880928,3104.3466071600456,26.08759486761222,-64.46850647264083,5082.197521349776,34.22965721410293,-137.57581397726906,5481.47029422932
patient_174,1207.0,48.28,38.597345586355495,309.9339510719088,3105.8905009835,30.68292809435309,114.88333066852175,5083.42483847355,21.26747327298855,-324.05459852785947,5482.320993160239
patient_174,1208.0,48.32,57.70177408565765,477.6107124825538,3108.1985719469258,68.15790780989701,936.8744928885981,5086.151154785946,53.233971463130246,799.1624547535424,5484.4503520187645
patient_174,1209.0,48.36,9.672687995488069,-1200.7271522542394,3108.5854794667457,36.53787565995677,-790.5008037485061,5087.612669812344,23.12232297971581,-752.7912120853608,5485.375244937953
patient_174,1210.0,48.4,30.74868922412931,526.9000307160311,3109.815427035711,28.946908106206124,-189.77418884376613,5088.770546136593,29.992412762147843,171.75224456080082,5486.574941448438
patient_174,1211.0,48.44,22.820744699952492,-198.19861310442047,3110.728256823709,22.795576302484452,-153.78329509304177,5089.682369188692,5.716818791588222,-606.8898492639905,5486.803614200101
patient_174,1212.0,48.48,108.62849730620971,2145.1938151564304,3115.0733967159576,84.55954293690833,1544.099165860597,5093.064750906168,170.98459509201888,4131.694407510767,5493.642998003782
