patient,frame,time_s,wrist_speed_mm_s,wrist_accel_mm_s2,wrist_path_mm,thumb_tip_speed_mm_s,thumb_tip_accel_mm_s2,thumb_tip_path_mm,index_finger_tip_speed_mm_s,index_finger_tip_accel_mm_s2,index_finger_tip_path_mm
patient_276,0.0,0.0,,,0.0,,,0.0,,,0.0
patient_276,1.0,0.04,99.3706515770102,,3.9748260630804078,42.15585453254678,,1.6862341813018713,14.026826849589133,,0.5610730739835653
patient_276,2.0,0.08,50.94240589771206,-1210.7061419824533,6.01252229898889,57.43129750207408,381.88607423818246,3.983486081384834,21.54050768223452,187.84202081613466,1.422693381272946
patient_276,3.0,0.12,35.59033327270699,-383.8018156251266,7.43613562989717,21.725925124317474,-892.6343094439151,4.852523086357533,27.287835471733047,143.68319473746317,2.514206800142268
patient_276,4.0,0.16,16.1270203121375,-486.5828240142373,8.08121644238267,45.190120987755776,586.6048965859576,6.660127925867764,23.725815839865405,-89.05049079669105,3.463239433736884
patient_276,5.0,0.2,6.269341600329055,-246.44196779521113,8.331990106395832,18.460876489322914,-668.2311124608216,7.39856298544068,4.873474855501866,-471.3085246090885,3.6581784279569587
patient_276,6.0,0.24,6.120335896193349,-3.7251426033926505,8.576803542243566,58.06653610723702,990.1414904478527,9.721224429730162,3.135808642681246,-43.441655320515494,3.783610773664208
patient_276,7.0,0.28,10.653533560488286,113.32994160737344,9.002944884663098,19.361201061797775,-967.633376135981,10.495672472202072,14.976666736465043,296.02145234459493,4.382677443122811
patient_276,8.0,0.32,7.328896841131252,-83.11591798392585,9.296100758308347,32.59529317551968,330.8523028430476,11.799484199222858,9.212563856426051,-144.10257200097482,4.751179997379852
patient_276,9.0,0.36,3.674938821236242,-91.34895049737524,9.443098311157797,20.266622624636735,-308.2167637720736,12.610149104208329,1.8110935383228788,-185.0367579525793,4.823623738912767
patient_276,10.0,0.4,11.92986180731695,206.3730746520177,9.920292783450474,25.18035700712248,122.84335956214365,13.617363384493228,14.039858575100789,305.7191259194477,5.385218081916799
patient_276,11.0,0.44,8.887095193206429,-76.06916535276302,10.275776591178733,9.237092326337798,-398.58161701961706,13.98684707754674,8.176425777759063,-146.58581993354315,5.71227511302716
patient_276,12.0,0.48,49.509894723760056,1015.5699882638407,12.256172380129135,64.14212527467946,1372.6258237085415,16.55253208853392,48.769326730822996,1014.8225238265983,7.663048182260081
patient_276,13.0,0.52,10.57579229713795,-973.3525606655526,12.679204072014652,56.25532028830881,-197.1701246592662,18.802744900066273,37.94457284587897,-270.6188471236006,9.18083109609524
patient_276,14.0,0.56,13.573976380439003,74.95460208252634,13.22216312723221,24.172052085851156,-802.0817050614413,19.769626983500316,17.63260911327058,-507.79909331520986,9.886135460626063
patient_276,15.0,0.6,6.009786758289744,-189.1047405537315,13.462554597563802,31.67357829769857,187.53815529618532,21.036570115408264,5.490718482183117,-303.54726577718657,10.105764199913388
patient_276,16.0,0.64,26.762714367679656,518.8231902347478,14.533063172270989,22.555218138622617,-227.9590039768988,21.93877884095317,22.614606004966603,428.09718806958716,11.010348440112052
patient_276,17.0,0.68,18.523855583866354,-205.97146959533256,15.274017395625641,33.87844260088579,283.08061155657936,23.2939165449886,24.021367310095734,35.16903262822826,11.971203132515882
patient_276,18.0,0.72,1.7808456950068872,-418.5752472214866,15.345251223425917,37.32568499442807,86.18105983855706,24.786943944765724,16.238913225036956,-194.56135212646944,12.620759661517361
patient_276,19.0,0.76,15.092036301571804,332.7797651641229,15.948932675488788,27.379630508696106,-248.65136214329917,25.882129165113568,17.328937823685873,27.25061496622292,13.313917174464796
patient_276,20.0,0.8,9.8071339671492,-132.1225583605651,16.341218034174755,48.48374973345765,527.6029806190386,27.821479154451875,9.134294406025973,-204.86608544149752,13.679288950705834
patient_276,21.0,0.84,9.666425511953497,-3.517711379892585,16.727875054652895,14.630567267259677,-846.3295616549493,28.406701845142265,24.829590979258306,392.38241433080833,14.672472589876165
patient_276,22.0,0.88,8.61225650751382,-26.354225110991926,17.072365314953448,9.041964911233995,-139.71505890064205,28.768380441591624,18.367764435895335,-161.54566358407428,15.407183167311977
patient_276,23.0,0.92,3.459018238941401,-128.83095671431047,17.210726044511105,58.53927022657873,1237.4326328836182,31.109951250654778,14.888287060987299,-86.98693437270092,16.002714649751468
patient_276,24.0,0.96,5.629519707518904,54.26253671443758,17.43590683281186,131.58102651374037,1826.0439071790408,36.37319231120439,2.8295864074579757,-301.46751633823305,16.115898106049787
patient_276,25.0,1.0,6.333283494697144,17.594094679456006,17.689238172599747,19.348176641078904,-2805.8212468165366,37.14711937684755,20.022978639137403,429.8348057919856,16.916817251615285
patient_276,26.0,1.04,0.9068449150530583,-135.66096449110213,17.725511969201868,24.79439186962125,136.15538071355866,38.138895051632396,4.021494060996571,-400.0371144535208,17.077677014055148
patient_276,27.0,1.08,3.415172797451821,62.70819705996907,17.862118881099942,14.515706801832604,-256.96712669471617,38.7195233237057,1.045861012319593,-74.39082621692445,17.119511454547933
patient_276,28.0,1.12,21.71805662231542,457.57209562159,18.730841145992557,64.19357121446033,1241.946610315693,41.28726617228412,34.49795507889169,836.3023516643025,18.4994296577036
patient_276,29.0,1.16,17.98739581633226,-93.266520149579,19.450336978645847,39.55414189868101,-615.9857328944831,42.86943184823136,18.68553121414208,-395.3105966187403,19.246850906269284
patient_276,30.0,1.2,11.905258558768258,-152.05343143910005,19.92654732099658,24.392873653739997,-379.03170612352534,43.84514679438096,11.318621762293066,-184.17273629622537,19.699595776761004
patient_276,31.0,1.24,6.226098685720277,-141.97899682619953,20.17559126842539,17.913904311342097,-161.9742335599475,44.561702966834645,11.450741369204621,3.3029901727888777,20.15762543152919
patient_276,32.0,1.28,12.044216932575207,145.45295617137324,20.6573599457284,20.27448120852945,59.01442242968385,45.37268221517583,4.984651552011512,-161.65224542982773,20.35701149360965
patient_276,33.0,1.32,8.409265168270016,-90.87379410762976,20.9937305524592,8.652001017663434,-290.56200477165044,45.71876225588237,7.231322537674784,56.166774641581796,20.646264395116642
patient_276,34.0,1.36,9.365103945311262,23.895969426031137,21.36833471027165,11.36358344211269,67.78956061123141,46.17330559356687,1.6963188736145312,-138.37509160150634,20.714117150061224
patient_276,35.0,1.4,5.032125764579622,-108.324454518291,21.569619740854836,26.546677127946836,379.57734214585366,47.23517267868475,8.544022089324152,171.1925803927405,21.05587803363419
patient_276,36.0,1.44,23.231849134833347,454.99308425634314,22.49889370624817,35.86117486047112,232.862443313107,48.66961967310359,18.73785094697017,254.84572144115046,21.805392071512998
patient_276,37.0,1.48,9.221939255529785,-350.24774698258904,22.867771276469366,23.36661821638368,-312.3639161021859,49.60428440175893,5.878055636209081,-321.49488276902724,22.04051429696136
patient_276,38.0,1.52,12.704495007422796,87.06389379732529,23.375951076766277,11.887580759573769,-286.9759364202478,50.07978763214188,7.099201954971492,30.52865796906028,22.32448237516022
patient_276,39.0,1.56,7.612729572467483,-127.29413587388282,23.68046025966498,15.662744203114656,94.37908608852217,50.706297400266465,3.2041980262720595,-97.37509821748581,22.4526502962111
patient_276,40.0,1.6,17.35756198779958,243.62081038330246,24.374762739176962,12.937457707312198,-68.13216239506144,51.22379570855895,5.886121086100972,67.04807649572281,22.68809513965514
patient_276,41.0,1.64,3.4364989717927354,-348.02657540017117,24.51222269804867,4.79588068298547,-203.53942560816822,51.41563093587837,10.223885067192427,108.44409952728637,23.097050542342835
patient_276,42.0,1.68,9.964766501445173,163.20668824131093,24.91081335810648,16.224841238708972,285.72401389308754,52.06462458542673,3.44741929079683,-169.4116444098899,23.234947313974708
patient_276,43.0,1.72,8.648528643476478,-32.90594644921736,25.256754503845535,7.275238696512485,-223.74006355491218,52.35563413328723,5.75611975070638,57.71751149773874,23.465192104002963
patient_276,44.0,1.76,4.205330250924385,-111.07995981380232,25.42496771388251,14.956446543063093,192.0301961637652,52.953891995009755,8.17312258436129,60.425070841372744,23.792117007377414
patient_276,45.0,1.8,2.8320642575781103,-34.331649833656876,25.538250284185633,1.898693490168759,-326.44382632235835,53.02983973461651,6.808645880613262,-34.11191759370069,24.064462842601948
patient_276,46.0,1.84,4.683240710426376,46.279411321206645,25.72557991260269,4.013217230689444,52.86309351301711,53.190368423844085,7.937591057157914,28.223629413616315,24.381966484888263
patient_276,47.0,1.88,2.963060334749323,-43.00450939192633,25.84410232599266,16.924204440251934,322.77468023906226,53.86733660145416,10.715488822191768,69.44744412584633,24.810586037775934
patient_276,48.0,1.92,32.16085887058086,729.9449633957885,27.130536680815897,17.23094944551465,7.668625131567897,54.556574579274745,18.950046474959333,205.86394131918914,25.568587896774307
patient_276,49.0,1.96,6.38852743827178,-644.308285807727,27.38607777834677,12.60828598786342,-115.56658644128075,55.06090601878928,20.752367497305087,45.05802555864386,26.398682596666507
patient_276,50.0,2.0,1.8404778245182702,-113.70124034383772,27.459696891327503,4.178343210175953,-210.74856944218666,55.22803974719632,8.085556349599681,-316.6702786926352,26.722104850650496
patient_276,51.0,2.04,8.763783257057309,173.08263581347597,27.810248221609797,6.963995964559156,69.64131885958007,55.50659958577869,2.3181228170055137,-144.18583831485418,26.814829763330714
patient_276,52.0,2.08,12.378578175278559,90.36987295553125,28.305391348620937,11.420444194289281,111.41120574325313,55.963417353550255,9.155047877630475,170.92312651562403,27.181031678435932
patient_276,53.0,2.12,6.52017331980414,-146.46012138686046,28.566198281413104,18.560546246976788,178.50255131718765,56.705839203429335,2.441834895255642,-167.8303245593708,27.278705074246158
patient_276,54.0,2.16,5.529535721196675,-24.765939965186632,28.78737971026097,2.894365818322771,-391.6545107163504,56.82161383616224,5.667581893945728,80.64367496725215,27.505408350003986
patient_276,55.0,2.2,4.7727186090014415,-18.920427804880834,28.97828845462103,8.423056891585965,138.21727683157985,57.158536111825676,7.712853590589787,51.13179241610146,27.81392249362758
patient_276,56.0,2.24,3.344896135364339,-35.69556184092756,29.112084300035605,24.39120215087665,399.20363148226716,58.13418419786074,12.743873985232932,125.77550986607864,28.323677453036893
patient_276,57.0,2.28,2.9366711527926626,-10.205624564291915,29.22955114614731,18.293190969708224,-152.4502795292107,58.86591183664907,7.829720538390859,-122.85383617105184,28.63686627457253
patient_276,58.0,2.32,9.761540459254546,170.62173266154707,29.62001276451749,2.150791411149631,-403.5599889639649,58.95194349309505,5.162409316745494,-66.68278054113412,28.84336264724235
patient_276,59.0,2.36,10.241477391305521,11.998423301274386,30.02967186016971,4.783031205364298,65.80599485536668,59.14326474130962,2.9352628554046776,-55.67866153352041,28.960773161458537
patient_276,60.0,2.4,16.5795743099573,158.4524229662945,30.692854832568,50.872525961120154,1152.2373688938965,61.17816577975443,32.38040901691091,736.1286540376558,30.255989522134975
patient_276,61.0,2.44,25.112667329576514,213.3273254904803,31.697361525751063,6.580431953733203,-1107.3023501846737,61.44138305790376,16.114394893660773,-406.65035308125346,30.900565317881405
patient_276,62.0,2.48,4.505128672018001,-515.1884664389629,31.877566672631783,8.719059499589898,53.46568864641736,61.79014543788736,10.162104424704582,-148.80726172390476,31.307049494869588
patient_276,63.0,2.52,9.042816245549695,113.44218933829234,32.23927932245377,9.675953854815601,23.92235888064258,62.177183592079984,2.3160237910464696,-196.15201584145282,31.39969044651145
patient_276,64.0,2.56,2.40175143413637,-166.0266202853331,32.33534937981923,10.906309298643613,30.758886095700298,62.61343596402573,4.40033059919729,52.10767020377052,31.575703670479342
patient_276,65.0,2.6,8.242132368847072,146.00952336776754,32.66503467457311,5.616284693613873,-132.2506151257435,62.838087351770284,12.833778019035295,210.83618549595008,32.089054791240756
patient_276,66.0,2.64,3.037221512352839,-130.12277141235583,32.786523535067225,3.3274340859296423,-57.221265192105776,62.971184715207464,3.577453005341654,-231.408125342341,32.23215291145442
patient_276,67.0,2.68,3.032752283928182,-0.11173071061642004,32.90783362642435,18.966448655960328,390.97536425076714,63.72984266144587,4.284723546577322,17.681763530891693,32.40354185331751
patient_276,68.0,2.72,5.048201253541295,50.38622424032783,33.109761676566,13.045915286571809,-148.01333423471297,64.25167927290875,7.404276248285847,77.98881754271314,32.69971290324895
patient_276,69.0,2.76,8.81491001292663,94.16771898463337,33.46235807708306,4.8751245445892435,-204.2697685495641,64.44668425469231,9.344930724340719,48.51636190137179,33.07351013222258
patient_276,70.0,2.8,2.7483228082397413,-151.6646801171722,33.57229098941266,8.642444798347974,94.18300634396826,64.79238204662623,6.672702734816542,-66.80569973810442,33.34041824161525
patient_276,71.0,2.84,9.479081173473777,168.26895913085087,33.95145423635161,7.538233492220558,-27.605282653185405,65.09391138631504,4.2824772955466255,-59.755635981747915,33.51171733343711
patient_276,72.0,2.88,18.005333010805415,213.15629593329098,34.671667556783824,32.77539659988776,630.9290776916802,66.40492725031055,22.321656103224058,450.9794701919358,34.40458357756607
patient_276,73.0,2.92,4.957540513328249,-326.19481243692917,34.86996917731695,21.862695140440074,-272.81753648619224,67.27943505592816,17.444135410032835,-121.93801732978056,35.10234899396738
patient_276,74.0,2.96,15.692934023857493,268.3848377632311,35.49768653827125,14.950394884498031,-172.80750639855108,67.87745085130808,8.298907279515477,-228.63070326293396,35.434305285148
patient_276,75.0,3.0,6.432660391247948,-231.50684081523863,35.75499295392117,10.266820087673901,-117.08936992060326,68.28812365481504,4.720081792737053,-89.4706371694606,35.62310855685748
patient_276,76.0,3.04,7.72107949257694,32.21047753322479,36.06383613362424,7.501148420312463,-69.14179168403595,68.58816959162755,2.7585465491310774,-49.0383810901494,35.73345041882273
patient_276,77.0,3.08,2.6446435535598747,-126.91089847542662,36.16962187576664,10.431995143576229,73.27116808159415,69.0054493973706,5.756035175123238,74.93721564980402,35.96369182582765
patient_276,78.0,3.12,2.128133433648966,-12.912752997772714,36.254747213112594,10.896100580148842,11.602635914315318,69.44129342057654,8.399545516383796,66.08775853151394,36.29967364648301
patient_276,79.0,3.16,1.1228014094018903,-25.133300606176896,36.29965926948867,3.6841489189388397,-180.29879153025004,69.58865937733411,4.048403401307224,-108.77855287691429,36.4616097825353
patient_276,80.0,3.2,9.697193368182145,214.35979896950636,36.68754700421596,9.798226659296187,152.8519435089337,69.98058844370595,3.817260956198946,-5.77856112770696,36.61430022078326
patient_276,81.0,3.24,6.275224348140662,-85.54922550103707,36.938555978141586,4.122034341551107,-141.90480794362702,70.145469817368,5.0867306759563595,31.73674299393534,36.81776944782151
patient_276,82.0,3.28,3.0555257063299806,-80.49246604526704,37.06077700639478,2.2143237081782123,-47.69276583432236,70.23404276569514,1.092076205986886,-99.86636174923684,36.86145249606099
patient_276,83.0,3.32,7.849610079115873,119.85210931964731,37.37476140955942,2.969911308361644,18.88969000458579,70.3528392180296,2.0991210753923415,25.176121735136388,36.94541733907668
patient_276,84.0,3.36,32.30033641722248,611.2681584526653,38.66677486624832,40.418759024451944,936.2211929022575,71.96958957900767,38.37186621562598,906.8186285058409,38.48029198770172
patient_276,85.0,3.4,24.083195108339858,-205.4285327220656,39.63010267058191,17.33024950825036,-577.2127379050396,72.66279955933769,18.529795582591436,-496.0517658258635,39.22148381100538
patient_276,86.0,3.44,2.301821171658417,-544.534348417036,39.72217551744825,18.581317167977186,31.276691493170627,73.40605224605677,8.541040629301346,-249.71887383225226,39.56312543617744
patient_276,87.0,3.48,7.018712894202563,117.92229306360365,40.00292403321635,7.874473916181085,-267.67108129490254,73.72103120270401,5.232443750662281,-82.71492196597663,39.77242318620392
patient_276,88.0,3.52,3.187964409323629,-95.76871212197337,40.130442609589295,1.4700475641061854,-160.1106588018725,73.77983310526827,1.6782286259372807,-88.855378118125,39.839552331241414
patient_276,89.0,3.56,7.209477456683206,100.53782618398941,40.41882170785662,10.24409615634882,219.3512148060659,74.18959695152222,4.2932261715719795,65.37493864086747,40.01128137810429
patient_276,90.0,3.6,3.003836055743011,-105.14103502350487,40.538975150086344,2.4857977056715166,-193.9574612669326,74.28902885974908,1.2825319651701588,-75.26735516004553,40.0625826567111
patient_276,91.0,3.64,2.5473900648016663,-11.411149773533612,40.64087075267841,3.2924775124286283,20.16699516892779,74.42072796024623,5.998912830297505,117.90952162818367,40.302539169923
patient_276,92.0,3.68,10.694379318737102,203.6747313483859,41.06864592542789,13.268344106064037,249.39666484088522,74.95146172448878,9.520129008824386,88.030404463172,40.68334433027598
patient_276,93.0,3.72,3.9169142800196433,-169.43662596793646,41.22532249662868,6.970231392826271,-157.45281783094413,75.23027098020184,10.289995037152273,19.2466507081972,41.09494413176207
patient_276,94.0,3.76,8.332183562354492,110.38173205837123,41.55860983912285,10.587230836230269,90.42498608509995,75.65376021365104,1.191541463470353,-227.461339342048,41.142605790300884
patient_276,95.0,3.8,14.22307871201656,147.2723787415517,42.127532987603516,8.38266441385205,-55.114160559455485,75.98906679020513,8.2338103461819,176.05672206778866,41.47195820414816
patient_276,96.0,3.84,18.99673194539692,119.341330834509,42.8874022654194,41.59698303182762,830.3579654493893,77.65294611147823,39.39235494710682,778.963615023123,43.04765240203243
patient_276,97.0,3.88,8.877280707344609,-252.9862809513078,43.242493493713184,17.688196836560255,-597.719654881684,78.36047398494064,10.745538133889184,-716.1704203304408,43.477473927388
patient_276,98.0,3.92,10.896310081386734,50.47573435105313,43.67834589696865,12.667424151816812,-125.51931711858609,78.8671709510133,2.8553600454122305,-197.25445221192385,43.59168832920449
patient_276,99.0,3.96,8.130171615150907,-69.15346165589567,44.00355276157468,15.51426442747104,71.17100689135572,79.48774152811215,3.705888740464343,21.263217376302812,43.73992387882306
patient_276,100.0,4.0,12.969700220663077,120.98821513780425,44.52234077040121,10.187974052962852,-133.1572593627047,79.89526049023067,5.763976716716549,51.45219940630514,43.970482947491725
patient_276,101.0,4.04,6.602756690857788,-159.1735882451322,44.78645103803552,4.964449171080858,-130.58812204704986,80.0938384570739,1.5066681750316853,-106.43271354212158,44.030749674493
patient_276,102.0,4.08,5.785762247933957,-20.42486107309578,45.01788152795288,12.87878264838963,197.85833693271928,80.60898976300949,2.694322016933099,29.691346047535344,44.13852255517032
patient_276,103.0,4.12,5.732599520830589,-1.3290681775842028,45.247185508786096,12.375706706801136,-12.576898539712333,81.10401803128153,1.7584742839629162,-23.396193324254572,44.208861526528835
patient_276,104.0,4.16,4.464271762307037,-31.708193963088792,45.42575637927838,7.0688858582881355,-132.670521212825,81.38677346561306,5.502287217702738,93.59532334349556,44.42895301523695
patient_276,105.0,4.2,8.869889224561232,110.14043655635489,45.78055194826083,18.549799547922007,287.0228422408468,82.12876544752993,2.90123444716554,-65.02631926342997,44.54500239312357
patient_276,106.0,4.24,10.877975151322005,50.20214816901931,46.21567095431371,6.268881943342462,-307.0229401144886,82.37952072526363,4.113506523448582,30.306801907076064,44.709542654061515
patient_276,107.0,4.28,14.024602999019299,78.66569619243235,46.77665507427449,2.0087887029533995,-106.50233100972657,82.45987227338178,6.609077476837121,62.389273834713464,44.97390575313501
patient_276,108.0,4.32,37.640533863929214,590.3982716227479,48.28227642883166,48.9990014701908,1174.755319180935,84.4198323321894,15.945805486224051,233.4182002346733,45.61173797258397
patient_276,109.0,4.36,6.612051424612462,-775.7120609829188,48.546758485816156,12.930454986812048,-901.7136620844689,84.93705053166188,31.28383062442643,383.4506284550594,46.863091197561026
patient_276,110.0,4.4,10.812427375306942,105.00939876736201,48.97925558082843,12.003230336976399,-23.18061624589123,85.41717974514093,11.760528854668378,-488.08254424395125,47.33351235174776
patient_276,111.0,4.44,7.46462297773579,-83.6951099392788,49.27784049993787,16.855876175235032,121.31614595646583,86.09141479215033,4.142175222204301,-190.4588408116019,47.49919936063593
patient_276,112.0,4.48,4.495118598155042,-74.23760948951872,49.457645243864064,16.398827177173953,-11.426224951526986,86.7473678792373,13.183842705306636,226.04168707755838,48.026553068848195
patient_276,113.0,4.52,1.7967394082820018,-67.459479746826,49.529514820195345,13.786628900752568,-65.30495691053461,87.29883303526739,9.50667616584849,-91.92916348645367,48.406820115482134
patient_276,114.0,4.56,7.074679014680462,131.9484901599615,49.812501980782564,10.24892604088869,-88.44257149659694,87.70879007690296,4.190563910406604,-132.90280638604713,48.574442671898396
patient_276,115.0,4.6,6.549387641614405,-13.132284326651433,50.07447748644714,10.685286051169697,10.90900025702517,88.13620151894975,18.988231127470037,369.94168042658583,49.3339719169972
patient_276,116.0,4.64,7.734033243813201,29.616140054969907,50.38383881619967,10.759065133981151,1.8444770702863433,88.56656412430898,5.091630124356948,-347.41502507782724,49.53763712197147
patient_276,117.0,4.68,4.8351841134479,-72.47122825913253,50.57724618073758,7.022050376618974,-93.42536893405442,88.84744613937374,3.5430099960700225,-38.71550320717314,49.679357521814275
patient_276,118.0,4.72,4.015377037296998,-20.49517690377254,50.737861262229465,6.350145939786009,-16.797610920824123,89.1014519769652,3.4439054349747686,-2.4776140273813474,49.81711373921326
patient_276,119.0,4.76,8.813203851291993,119.94567034987486,51.09038941628114,9.656188727716888,82.65106969827197,89.48769952607388,4.350934197272754,22.67571905744964,49.99115110710418
patient_276,120.0,4.8,38.13361953617558,733.0103921220896,52.61573419772816,22.475652011410524,320.4865820923409,90.3867256065303,13.81159474146071,236.5165136046989,50.54361489676261
patient_276,121.0,4.84,4.549605909991541,-839.6003406546009,52.797718434127816,16.056544107023605,-160.477697609673,91.02898737081125,14.784805365197851,24.330265593428546,51.13500711137053
patient_276,122.0,4.88,4.09748289352679,-11.30307541161879,52.96161774986889,2.438502767947685,-340.451033476898,91.12652748152915,10.165149000551944,-115.49140911614768,51.541613071392604
patient_276,123.0,4.92,14.43135897145812,258.3469019482833,53.53887210872722,7.133747797876731,117.38112574822614,91.41187739344423,11.955571389093206,44.76055971353156,52.01983592695633
patient_276,124.0,4.96,9.561784375507917,-121.73936489875507,53.921343483747535,8.283618022343278,28.746755611663666,91.74322211433797,4.2961221982804005,-191.48622977032014,52.19168081488755
patient_276,125.0,5.0,7.8184690536461225,-43.58288304654487,54.234082245893376,11.381752545807178,77.45336308659749,92.19849221617025,4.736931258240718,11.020226499007935,52.38115806521718
patient_276,126.0,5.04,2.026266751162728,-144.80505756208487,54.315132915939884,15.232241557452554,96.2622252911344,92.80778187846836,4.060428494652873,-16.912569089696117,52.54357520500329
patient_276,127.0,5.08,2.940490916300566,22.85560412844595,54.43275255259191,2.7448275579744066,-312.18534998695367,92.91757498078734,10.491438957442195,160.77526156973306,52.96323276330097
patient_276,128.0,5.12,5.235423002990914,57.3733021672587,54.64216947271155,13.076905108329532,258.3019387588781,93.44065118512052,10.482698327366686,-0.21851575188773786,53.382540696395644
patient_276,129.0,5.16,15.050712978877367,245.38224939716136,55.24419799186664,5.490877184474344,-189.6506980963797,93.66028627249949,12.722787542711751,56.00223038362664,53.89145219810412
patient_276,130.0,5.2,10.118566636879438,-123.30365854994825,55.64894065734182,6.2977486391002016,20.171786365646447,93.91219621806349,4.625264099513162,-202.43808607996473,54.07646276208464
patient_276,131.0,5.24,6.438592829614601,-91.99934518162092,55.90648437052641,9.826279558569833,88.2132729867408,94.30524740040627,9.143971932078244,112.96769581412707,54.44222163936777
patient_276,132.0,5.28,18.503774579411935,301.62954374493336,56.646635353702884,7.529082035047444,-57.42993808805974,94.60641068180817,20.704167617273665,289.0048921298855,55.270388344058716
patient_276,133.0,5.32,2.8100271067210585,-392.34368681727193,56.75903643797173,4.758875621081923,-69.25516034913801,94.79676570665146,17.75998577552972,-73.6045460435986,55.980787775079904
patient_276,134.0,5.36,7.268645310473865,111.46545509382015,57.04978225039068,6.3042206025942535,38.63362453780825,95.04893453075523,3.1659696702592854,-364.8504026317609,56.10742656189028
patient_276,135.0,5.4,16.51176577282881,231.0780115588736,57.71025288130383,18.29522489336282,299.77510726921423,95.78074352648974,8.460089817028654,132.35300366923423,56.445830154571425
patient_276,136.0,5.44,18.33071631218352,45.473763483867735,58.44348153379117,18.75465509614394,11.485755069527936,96.5309297303355,1.6737079419803966,-169.65954687620646,56.51277847225064
patient_276,137.0,5.48,6.120682336892253,-305.2508493822816,58.688308827266866,23.001939482219253,106.18210965188285,97.45100730962427,6.763792065078585,127.25210307745472,56.783330154853786
patient_276,138.0,5.52,8.261378763612141,53.5174106679972,59.018763977811346,14.875590774318692,-203.15871769751402,98.04603094059703,4.2789896116976,-62.120061334524614,56.95448973932169
patient_276,139.0,5.56,5.797389790808193,-61.5997243200987,59.25065956944368,27.400531179718193,313.12351013498755,99.14205218778575,3.633922909382567,-16.12666755787583,57.09984665569699
patient_276,140.0,5.6,17.414332689358503,290.42357246375775,59.94723287701802,16.456159281641536,-273.6092974519164,99.80029855905143,3.880034349173343,6.152785994769394,57.255048029663925
patient_276,141.0,5.64,3.686429901466255,-343.1975696973062,60.09469007307666,2.943400396736622,-337.8189721226229,99.9180345749209,5.653146792236444,44.327811076577525,57.48117390135338
patient_276,142.0,5.68,8.756832696548168,126.76006987704783,60.44496338093859,16.143471113320338,330.0017679145929,100.5637734194537,3.7584311480079573,-47.36789110571217,57.6315111472737
patient_276,143.0,5.72,2.125539097340825,-165.78233998018356,60.52998494483222,42.63389736774607,662.2606563606433,102.26912931416355,14.16486727500559,260.1609031749408,58.198105838273925
patient_276,144.0,5.76,16.680562267828726,363.87557926219756,61.19720743554537,63.3497483928379,517.8962756272957,104.80311924987706,7.297531968118065,-171.68338267218815,58.49000711699865
patient_276,145.0,5.8,5.839724936742905,-271.02093327714556,61.43079643301508,22.465828839536208,-1022.0979888325423,105.7017524034585,9.571621770537066,56.85224506047501,58.87287198782013
patient_276,146.0,5.84,2.820290600234906,-75.48585841269997,61.543608057024485,13.849908427928657,-215.39801029018878,106.25574874057565,13.215236567421178,91.0903699221028,59.40148145051698
patient_276,147.0,5.88,16.764088528579844,348.59494820862346,62.214171598167674,5.348020826028751,-212.54719004749765,106.46966957361681,6.899702569740667,-157.88834994201278,59.67746955330661
patient_276,148.0,5.92,7.139972204139611,-240.60290811100583,62.49977048633326,10.969494521033976,140.53684237513062,106.90844935445817,9.744890674165099,71.1297026106108,60.06726518027322
patient_276,149.0,5.96,6.15234046839143,-24.690793393704524,62.745864105068925,4.832921558551687,-153.4143240620572,107.10176621680024,8.329944899310068,-35.373644371375775,60.40046297624562
patient_276,150.0,6.0,8.091906478030907,48.48915024098692,63.06954036419016,23.834241370785616,475.03299530584826,108.05513587163166,4.216757107606048,-102.82969479260049,60.56913326054986
patient_276,151.0,6.04,18.496730122231906,260.12059110502497,63.809409569079435,20.981782733392212,-71.3114659348351,108.89440718096735,22.557164105792037,458.51017495464976,61.47141982478154
patient_276,152.0,6.08,9.629777965341567,-221.67380392225846,64.1946006876931,12.244297017414304,-218.43714289944768,109.38417906166393,12.465424097853926,-252.29350019845276,61.970036788695694
patient_276,153.0,6.12,15.109258865343977,136.98702250006022,64.79897104230686,26.44214475519008,354.94619344439434,110.44186485187153,25.971134455065016,337.64275893027724,63.0088821668983
patient_276,154.0,6.16,14.161962799592656,-23.682401643783013,65.36544955429056,30.587741204451664,103.63991123153964,111.66537450004958,18.239634732243346,-193.28749307054176,63.738467556188034
patient_276,155.0,6.2,15.070853647845997,22.722271206333524,65.9682837002044,26.486719456143287,-102.5255437077094,112.72484327829532,6.638464623852722,-290.02925270976556,64.00400614114214
patient_276,156.0,6.24,5.323725492386809,-243.67820388647968,66.18123271989987,84.95986644425105,1461.828674702694,116.12323793606537,21.530673846833267,372.3052305745136,64.86523309501547
patient_276,157.0,6.28,12.979791495697519,191.40165008276776,66.70042437972778,21.233671985567206,-1593.154861467096,116.97258481548805,6.20868988619903,-383.0495990158559,65.11358069046344
patient_276,158.0,6.32,5.7903030837273155,-179.73721029925508,66.93203650307687,26.964840152292997,143.27920416814476,118.05117842157978,6.334984596121946,3.1573677480728923,65.36698007430832
patient_276,159.0,6.36,7.432190666139735,41.047189560310485,67.22932412972246,13.502937540538538,-336.54756529386145,118.5912959232013,4.387299370314925,-48.692130645175524,65.5424720491209
patient_276,160.0,6.4,12.024499324053632,114.80771644784744,67.7103041026846,50.51171340363729,925.2193965774687,120.6117644593468,23.16156032149625,469.3565237795331,66.46893446198075
patient_276,161.0,6.44,10.075611311444996,-48.7222003152159,68.1133285551424,38.99120966433937,-288.01259348244787,122.17141284592037,14.838882672154227,-208.06694123355055,67.06248976886693
patient_276,162.0,6.48,6.844690777506823,-80.77301334845433,68.38711618624268,56.7028945970073,442.7921233166982,124.43952862980066,5.511287774659616,-233.1898724373653,67.28294127985332
patient_276,163.0,6.52,5.638559840766882,-30.15327341849854,68.61265857987335,45.42699978957393,-281.89737018583435,126.25660862138362,19.95024323831431,360.9738865913674,68.08095100938588
patient_276,164.0,6.56,4.003492295344335,-40.87668863556366,68.77279827168714,30.41211756529837,-375.3720556068889,127.47309332399556,13.700703440708619,-156.2384949401423,68.62897914701422
patient_276,165.0,6.6,13.39299087567588,234.7374645082886,69.30851790671417,20.454891786126787,-248.93064447928958,128.29128899544062,4.214668857480598,-237.15086458070053,68.79756590131345
patient_276,166.0,6.64,7.556625788447956,-145.90912718069808,69.61078293825209,20.57364035449483,2.9687142092011065,129.1142346096204,12.999939615183346,219.63176894256867,69.31756348592079
patient_276,167.0,6.68,8.924363297826321,34.19343773445913,69.96775747016514,16.516671141216158,-101.42423033196684,129.77490145526906,5.665443717562736,-183.36239744051522,69.5441812346233
patient_276,168.0,6.72,22.40201116275784,336.94119662328796,70.86383791667545,18.103373309455943,39.667554205994634,130.4990363876473,25.786287336874747,503.02109048280033,70.57563272809828
patient_276,169.0,6.76,13.806800573620283,-214.88026472843896,71.41610993962027,6.095398362676524,-300.1993736694855,130.74285232215436,12.201954606353832,-339.60831826302285,71.06371091235243
patient_276,170.0,6.8,9.116250297150064,-117.26375691175548,71.78075995150627,17.39365826231462,282.4564974909524,131.43859865264693,4.796953513999822,-185.12502730885026,71.25558905291243
patient_276,171.0,6.84,15.622886227029502,162.66589824698596,72.40567540058746,13.401042253056652,-99.81540023144922,131.97464034276922,14.724384674105066,248.18577900263108,71.84456443987663
patient_276,172.0,6.88,8.69701006548015,-173.1469040387338,72.75355580320665,7.938760358815829,-136.55704735602058,132.29219075712183,12.646986231581643,-51.934961063085574,72.3504438891399
patient_276,173.0,6.92,9.812128658192565,27.877964817810373,73.14604094953435,16.119581832240183,204.52053683560885,132.93697403041145,25.06670254015686,310.49290771438046,73.35311199074617
patient_276,174.0,6.96,18.90882015566367,227.4172874367776,73.9023937557609,18.30201445664525,54.56081561012667,133.66905460867727,4.341765025992134,-518.1234378541182,73.52678259178586
patient_276,175.0,7.0,6.319840289638557,-314.7244966506278,74.15518736734644,16.054893892717594,-56.17801409819138,134.31125036438598,21.311657160489162,424.24730336242567,74.37924887820543
patient_276,176.0,7.04,17.09907657876342,269.48090722812157,74.83915043049699,0.8568525233579761,-379.95103423399047,134.3455244653203,24.84392087066497,88.30659275439521,75.37300571303203
patient_276,177.0,7.08,40.59747390278908,587.4599331006416,76.46304938660855,29.858952001922304,725.0524869641082,135.5398825453972,34.529659532780535,242.14346655288912,76.75419209434324
patient_276,178.0,7.12,64.3371653378743,593.4922858771304,79.03653600012352,67.30877688195744,936.2456220008785,138.2322336206755,158.45396908991003,3098.1077389282377,83.09235085793964
patient_276,179.0,7.16,112.26850691597672,1198.2835394525605,83.52727627676259,180.18897996151372,2822.005076988907,145.43979281913604,381.88752902062663,5585.838998267915,98.3678520187647
patient_276,180.0,7.2,74.06423624997012,-955.1067666501648,86.4898457267614,279.08121069838734,2472.30576842184,156.60304124707153,405.1802697016429,582.3185170254064,114.57506280683042
patient_276,181.0,7.24,91.68956507460342,440.6332206158325,90.15742832974553,358.9527651061688,1996.788860194536,170.96115185131828,405.24613389528406,1.6466048410293865,130.78490816264176
patient_276,182.0,7.28,69.80240322608404,-547.1790462129845,92.94952445878889,410.1183093876869,1279.138607037953,187.36588422682576,352.5669536097779,-1316.979507137654,144.88758630703288
patient_276,183.0,7.32,66.36440578521372,-85.94993602175798,95.60410069019744,270.92415669227256,-3479.8538173853585,198.20285049451667,272.4833354098313,-2002.0904549986653,155.78691972342614
patient_276,184.0,7.36,55.056531454890425,-282.69685825808233,97.80636194839306,315.55960110129286,1115.8861102255073,210.8252345385684,222.78380357583333,-1242.4882958499488,164.69827186645946
patient_276,185.0,7.4,114.65233600818262,1489.8951138323048,102.39245538872038,170.96702609309216,-3614.8143752050173,217.6639155822921,119.42872367102945,-2583.876997620097,169.47542081330067
patient_276,186.0,7.44,76.581005389039,-951.7832654785902,105.45569560428194,155.03854864738622,-398.2119361426484,223.86545752818753,283.50308536831034,4101.859042432023,180.81554422803308
patient_276,187.0,7.48,130.07009021408436,1337.227120626134,110.65849921284531,319.1592621436369,4103.017837406267,236.63182801393302,236.35399081923623,-1178.7273637268527,190.2697038608025
patient_276,188.0,7.52,51.918112890142545,-1953.7994330985455,112.73522372845102,146.71245527875706,-4311.170171621996,242.5003262250833,143.6602287100777,-2317.3440527289636,196.0161130092056
patient_276,189.0,7.56,86.95628166828381,875.9542194535316,116.21347499518237,163.9851344195603,431.81697852008085,249.0597316018657,48.1567498661768,-2387.586971097522,197.9423830038527
patient_276,190.0,7.6,188.25883065322168,2532.563724623447,123.74382822131123,350.5147349420761,4663.240013062895,263.08032099954875,209.72892569741245,4039.3043957808914,206.3315400317492
patient_276,191.0,7.64,110.4636109231229,-1944.8804932524695,128.16237265823614,66.81203228162454,-7092.567566511289,265.75280229081375,243.65920608034048,848.2570095732008,216.07790827496282
patient_276,192.0,7.68,84.63804098282775,-645.6392485073789,131.54789429754925,215.97553098543997,3729.087467595386,274.39182353023136,239.30361158494946,-108.88986238477543,225.65005273836078
patient_276,193.0,7.72,41.100261489179246,-1088.4444873412126,133.19190475711642,219.6184134819139,91.07206241184826,283.1765600695079,182.87622232909948,-1410.6847313962496,232.9651016315248
patient_276,194.0,7.76,100.39447369389121,1482.3553051177992,137.20768370487204,221.26604828192745,41.19087000033872,292.027202000785,159.14553722449068,-593.2671276152199,239.33092312050442
patient_276,195.0,7.8,87.82941512987448,-314.12646410041845,140.72086031006702,278.77325135488996,1437.6800768240628,303.1781320549806,240.81424797462276,2041.717768753302,248.96349303948932
patient_276,196.0,7.84,118.98345008891268,778.850873975955,145.48019831362356,333.7909220350766,1375.4417670046664,316.5297689363837,357.19929885340565,2909.6262719695724,263.2514649936256
patient_276,197.0,7.88,394.76962414045704,6894.654351288609,161.27098327924182,360.6701210743386,671.9799759815501,330.9565737793572,419.2064860279207,1550.1796793628755,280.0197244347424
patient_276,198.0,7.92,356.4760212877838,-957.3400713168312,175.5300241307532,393.63631446813014,824.1548348447878,346.70202635808243,685.1406145755154,6648.353213689868,307.425349017763
patient_276,199.0,7.96,207.67009426194332,-3720.148175646012,183.83682790123095,450.6188881142547,1424.5643411531134,364.72678188265263,352.2521617439033,-8322.211320790304,321.51543548751914
patient_276,200.0,8.0,250.05236896554254,1059.5568675899806,193.83892265985264,475.6757916566019,626.4225885586811,383.75381354891675,504.8476250120037,3814.88658170251,341.70934048799927
patient_276,201.0,8.04,594.5112958866708,8611.473173028207,217.6193744953195,817.4472076656648,8544.285400226572,416.4517018555434,429.63428729416813,-1880.3334429458887,358.894711979766
patient_276,202.0,8.08,262.2096824944082,-8307.540334806567,228.10776179509583,648.3573319442525,-4227.246893035309,442.3859951333135,756.7753845489133,8178.527431368629,389.16572736172253
patient_276,203.0,8.12,138.55795145636486,-3091.293275951083,233.65007985335043,666.5732124812806,455.39701342570424,469.0489236325647,629.4785864401174,-3182.419952719897,414.3448708193272
patient_276,204.0,8.16,80.7341528793653,-1445.594964424989,236.87944596852503,354.8653530276263,-7792.696486341358,483.2435377536697,685.5433047953713,1401.6179588813486,441.7666030111421
patient_276,205.0,8.2,256.6254032001621,4397.281258019921,247.14446209653153,580.4947137068694,5640.734016981078,506.46332630194456,916.5076255441877,5774.108018720409,478.4269080329096
patient_276,206.0,8.24,326.73291146299016,1752.6877065707013,260.21377855505114,268.6203183598313,-7796.859883675954,517.2081390363378,787.5719839136657,-3223.39104076305,509.9297873894562
patient_276,207.0,8.28,286.5558680094347,-1004.4260863388871,271.67601327542855,338.60315026253505,1749.5707975675941,530.7522650468393,318.1931602713751,-11734.470591057265,522.6575138003112
patient_276,208.0,8.32,319.59215961439253,825.9072901239463,284.4596996600042,130.28005534682336,-5208.0773728927925,535.9634672607122,239.8345012760915,-1958.9664748820908,532.2508938513548
patient_276,209.0,8.36,198.1096110138371,-3037.0637150138855,292.3840841005577,83.11755287336123,-1179.0625618365532,539.2881693756467,207.30712213388105,-813.1844785552609,540.5431787367102
patient_276,210.0,8.4,98.05378732937217,-2501.3955921116235,296.3062355937326,176.8349736828735,2342.935520237807,546.3615683229616,183.52447329013532,-594.5662210936433,547.8841576683155
patient_276,211.0,8.44,85.40667131207584,-316.17790043240814,299.72250244621563,93.11815394556693,-2092.9204934326644,550.0862944807843,123.90209290139165,-1490.5595097185917,552.8402413843712
patient_276,212.0,8.48,90.55406147384748,128.68475404429097,303.3446649051695,84.99156520006396,-203.16471863757428,553.4859570887868,137.84560471227877,348.5877952721779,558.3540655728623
patient_276,213.0,8.52,84.87882109127685,-141.88100956426587,306.7398177488206,137.739011331318,1318.6861532813514,558.9955175420396,98.76551107400705,-977.002340956793,562.3046860158225
patient_276,214.0,8.56,82.86067555772853,-50.45363833870802,310.05424477112973,115.88583498257118,-546.3294087186707,563.6309509413423,98.96884711155758,5.083400938763205,566.2634399002849
patient_276,215.0,8.6,24.05379319557079,-1470.1720590539435,311.0163964989526,126.30975632556982,260.598033574966,568.6833411943652,24.434138645110284,-1863.3677116611825,567.2408054460893
patient_276,216.0,8.64,19.233109297696874,-120.51709744684791,311.7857208708604,33.88083531401173,-2310.723025288952,570.0385746069256,36.85952708726305,310.63471105381905,568.7151865295798
patient_276,217.0,8.68,24.553391861564503,133.00706409669073,312.767856545323,24.43524417756568,-236.13977841115138,571.0159843740283,69.12481877808554,806.6322922705624,571.4801792807033
patient_276,218.0,8.72,34.86796557650424,257.8643428734934,314.16257516838317,9.367424110571003,-376.6955016748669,571.3906813384511,22.538660555498538,-1164.653955564675,572.3817257029232
patient_276,219.0,8.76,48.27263115484664,335.1166394585601,316.0934804145771,59.23038117803704,1246.573926686651,573.7598965855726,5.937149645916066,-415.03777273956183,572.6192116887597
patient_276,220.0,8.8,46.89657536748728,-34.401394683984066,317.96934342927653,92.84316085983747,840.3194920450106,577.4736230199661,30.4082232702861,611.7768406092509,573.8355406195711
patient_276,221.0,8.84,18.38694664015946,-712.7407181831954,318.70482129488295,99.77927371816392,173.40282145816133,581.4647939686927,92.99070112677181,1564.5619464121428,577.555168664642
patient_276,222.0,8.88,87.97313699337556,1739.6547588304024,322.22374677461795,34.77840575819721,-1625.0216989991677,582.8559301990206,74.19285579603009,-469.94613326854306,580.5228828964832
patient_276,223.0,8.92,77.67577469575785,-257.43405744044276,325.3307777624483,105.61049053691838,1770.802119468029,587.0803498204973,103.50237416577225,732.7379592435541,584.6629778631142
patient_276,224.0,8.96,64.09832748828758,-339.4361801867568,327.8947108619798,100.53701401385422,-126.83691307660396,591.1018303810515,64.25211973458147,-981.2563607797696,587.2330626524974
patient_276,225.0,9.0,42.53657745836705,-539.0437507480133,329.5961739603145,151.9116425547867,1284.3657135233123,597.1782960832429,59.30499691375559,-123.67807052064705,589.6052625290476
patient_276,226.0,9.04,67.26896021736768,618.3095689750157,332.28693236900915,166.07404936358145,354.06017021986855,603.8212580577863,107.35775164198205,1201.3188682056616,593.8995725947269
patient_276,227.0,9.08,65.8953133003663,-34.34117292503451,334.92274490102386,43.848929828471846,-3055.62798837774,605.5752152509251,64.66069505266638,-1067.4264147328915,596.4860003968336
patient_276,228.0,9.12,73.11119596449922,180.397066603323,337.84719273960377,138.797880519123,2373.7237672662786,611.1271304716901,150.31073475781898,2141.250992628815,602.4984297871463
patient_276,229.0,9.16,103.95713833764104,771.1485593285456,342.0054782731094,31.16725708164128,-2690.765585937043,612.3738207549557,90.73037128769128,-1489.5090867531924,606.1276446386539
patient_276,230.0,9.2,27.296006026810918,-1916.5283077707531,343.09731851418184,253.2631504945624,5552.3973353230285,622.5043467747381,288.4416966937863,4942.783135152375,617.6653125064054
patient_276,231.0,9.24,119.78915741798468,2312.328784779344,347.88888481090123,317.89097830786824,1615.6956953326458,635.2199859070529,364.4884556810407,1901.1689746813602,632.244850733647
patient_276,232.0,9.28,140.12325110616015,508.3523422043868,353.49381485514766,133.9446093756679,-4598.659223305008,640.5777702820797,191.43770711807574,-4326.268714074125,639.90235901837
patient_276,233.0,9.32,150.48882119982906,259.1392523417227,359.51336770314083,118.13520087988019,-395.235212394693,645.3031783172748,14.136300975247082,-4432.535153570716,640.46781105738
patient_276,234.0,9.36,135.90611544578107,-364.5676438511998,364.9496123209721,99.31243584386749,-470.56912590031743,649.2756757510296,34.622294997140614,512.1498505473382,641.8527028572655
patient_276,235.0,9.4,115.41878509597785,-512.1832587450804,369.56636372481114,106.17730882852128,171.62182461634467,653.5227681041704,98.46433104088149,1596.0509010935218,645.7912760989008
patient_276,236.0,9.44,111.39976281341006,-100.47555706419473,374.02235423734754,230.01652189773205,3095.980326730269,662.7234289800796,241.4283627269436,3574.1007921515525,655.4484106079785
patient_276,237.0,9.48,63.44150030704629,-1198.9565626590943,376.5600142496294,226.50761849327856,-87.72258511133728,671.7837337198107,200.7167670905417,-1017.789890910047,663.4770812916001
patient_276,238.0,9.52,19.110393613673637,-1108.2776673343164,377.32442999417634,15.791275085191488,-5267.908585202176,672.4153847232183,11.636890336973721,-4726.9969188392,663.9425569050791
patient_276,239.0,9.56,175.71153673963883,3915.0285781491298,384.35289146376186,43.90198466969824,702.7677396126687,674.1714641100062,65.89103118945458,1356.3535213120215,666.5781981526573
patient_276,240.0,9.6,418.24276945650985,6063.280817921775,401.08260224202223,517.6234834960974,11843.03747065998,694.87640344985,510.74493206982135,11121.34752200917,687.0079954354501
patient_276,241.0,9.64,55.726570401311356,-9062.904976379963,403.3116650580747,281.6598233899807,-5899.0915026529165,706.1427963854493,265.2558691064583,-6137.226574084076,697.6182301997085
patient_276,242.0,9.68,243.14755846983653,4685.524701713129,413.03756739686816,175.03934350840112,-2665.51199703949,713.1443701257854,292.4570457144225,680.0294151991054,709.3165120282854
patient_276,243.0,9.72,139.55295355326913,-2589.8651229141847,418.61968553899897,86.42010052173038,-2215.4810746667686,716.6011741466546,157.08157484268278,-3384.3867717934936,715.5997750219926
patient_276,244.0,9.76,62.43485594255661,-1927.952440267813,421.1170797767012,182.2671839206025,2396.1770849718027,723.8918615034786,60.7687992238918,-2407.819390469775,718.0305269909484
patient_276,245.0,9.8,51.55021227076919,-272.1160917946856,423.179088267532,3.8703523089110665,-4459.920790292285,724.0466755958349,39.09064601564235,-541.9538302062361,719.5941528315742
patient_276,246.0,9.84,30.03821896133083,-537.799832735959,424.3806170259852,33.60302153832818,743.3167307354278,725.3907964573681,55.9341539019228,421.08769715701123,721.8315189876511
patient_276,247.0,9.88,10.959209204825116,-476.9752439126428,424.8189853941782,31.43413538594891,-54.222153809481725,726.6481618728061,62.786289427706755,171.30338814459893,724.3429705647593
patient_276,248.0,9.92,14.534922831620474,89.39284066988394,425.400382307443,83.99199535821698,1313.946499306702,730.0078416871348,58.89929853549924,-97.17477230518784,726.6989425061793
patient_276,249.0,9.96,9.265696608867097,-131.7306555688344,425.7710101717977,29.37324195149835,-1365.4688351679658,731.1827713651948,12.527086479797948,-1159.3053013925323,727.2000259653712
patient_276,250.0,10.0,33.347955961490634,602.0564838155884,427.1049284102573,45.83916492797914,411.64807441201975,733.016337962314,65.72238054221302,1329.8823515603767,729.8289211870598
patient_276,251.0,10.04,43.41508438877862,251.67821068219956,428.8415317858084,80.62390566844722,869.6185185117021,736.2412941890518,12.54652354321325,-1329.3964249749943,730.3307821287883
patient_276,252.0,10.08,17.302089514762194,-652.8248718504105,429.53361536639886,130.7501559423484,1253.15625684753,741.4713004267458,94.52522028175927,2049.4674184636506,734.1117909400587
patient_276,253.0,10.12,65.91046363762702,1215.2093530716206,432.17003391190394,39.29766679104191,-2286.3122287826627,743.0432070983874,60.72295720790068,-845.056576846465,736.5407092283748
patient_276,254.0,10.16,25.90188800863085,-1000.2143907249042,433.2061094322492,58.80740715792327,487.743509172034,745.3955033847044,79.78133057230167,476.4593341100248,739.7319624512669
patient_276,255.0,10.2,45.00187609314592,477.4997021128767,435.00618447597503,35.498904507748655,-582.7125662543655,746.8154595650143,55.78139545904358,-599.9983778314522,741.9632182696286
patient_276,256.0,10.24,9.208888635733373,-894.8246864353135,435.3745400214044,61.23554502421836,643.4160129117427,749.264881365983,59.01244637993365,80.77627302225174,744.3237161248259
patient_276,257.0,10.28,94.58584482204583,2134.4239046578114,439.1579738142862,136.65666605033036,1885.5280256527997,754.7311480079962,43.45841911613694,-388.8506815949178,746.0620528894714
patient_276,258.0,10.32,92.4749772975334,-52.77168811281072,442.8569729061876,71.9520633288139,-1617.6150680379112,757.6092305411489,76.51162459308718,826.330136923756,749.1225178731949
patient_276,259.0,10.36,44.66782110602886,-1195.1789047876134,444.6436857504287,39.70685688280477,-806.1301611502283,759.197504816461,3.907235052720528,-1815.1097385091664,749.2788072753037
patient_276,260.0,10.4,151.24001916258385,2664.3049514138747,450.69328651693206,158.01175270471657,2957.622395547795,765.5179749246496,222.67758880446502,5469.258843793612,758.1859108274823
patient_276,261.0,10.44,138.09465293027165,-328.634155807805,456.2170726341429,409.71954225557647,6292.694738771497,781.9067566148727,281.3185486566412,1466.0239963044048,769.4386527737479
patient_276,262.0,10.48,102.89686493336247,-879.9446999227296,460.33294723147736,309.09035907439477,-2515.7295795295427,794.2703709778485,475.9304619068861,4865.297831256122,788.4758712500234
patient_276,263.0,10.52,245.62970768767187,3568.3210688577346,470.15813553898425,488.8322506083429,4493.547288348704,813.8236610021822,419.6405369121567,-1407.2481248682352,805.2614927265096
patient_276,264.0,10.56,655.3574993767434,10243.194792226788,496.372435514054,422.7454764155893,-1652.169354818841,830.7334800588058,590.4876598010056,4271.178072221224,828.8809991185498
patient_276,265.0,10.6,457.9379507431225,-4935.488715840522,514.6899535437789,176.30856586913853,-6160.922763661269,837.7858226935713,212.78107735468453,-9442.664561158028,837.3922422127372
patient_276,266.0,10.64,73.25760912222837,-9617.008540522353,517.620257908668,130.16640725204095,-1153.5539654274394,842.9924789836529,194.01662954248002,-469.1111953051127,845.1529073944363
patient_276,267.0,10.68,76.63419559610831,84.41466184699848,520.6856257325124,172.33520232551916,1054.219876836955,849.8858870766735,103.2320635767564,-2269.6141491430903,849.2821899375066
patient_276,268.0,10.72,78.2402276342002,40.15080095229706,523.8152348378804,92.76342899711119,-1989.2943332101993,853.5964242365579,56.272662340323905,-1173.9850309108124,851.5330964311196
patient_276,269.0,10.76,115.99404898250368,943.8455337075873,528.4549967971806,150.5099328808803,1443.662597094228,859.6168215517931,201.67943690272844,3635.1693640601134,859.6002739072288
patient_276,270.0,10.8,12.658029418284743,-2583.4004891054738,528.961317973912,52.32080761941126,-2454.7281315367263,861.7096538565695,36.320594482739196,-4133.971060499731,861.0530976865384
patient_276,271.0,10.84,146.192292150613,3338.356568308207,534.8090096599365,147.49246786764883,2379.291506205939,867.6093525712754,199.12390994489522,4070.082886553901,869.0180540843342
patient_276,272.0,10.88,135.95867473571738,-255.84043537239083,540.2473566493652,121.56437633154098,-648.202288402696,872.4719276245371,91.18610662003144,-2698.4450831215945,872.6654983491354
patient_276,273.0,10.92,85.63565818069928,-1258.0754138754526,543.6727829765931,156.95575787151964,884.7845384994663,878.7501579393979,122.75258068361065,789.1618515894802,877.5756015764798
patient_276,274.0,10.96,135.62883747754114,1249.8294824210466,549.0979364756948,175.45480982255268,462.47629877582597,885.7683503323001,241.61704809413317,2971.611685263063,887.2402835002451
patient_276,275.0,11.0,97.76202867893907,-946.6702199650516,553.0084176228523,205.5103100409784,751.3875054606431,893.9887627339392,307.1385869084499,1638.0384703579182,899.5258269765832
patient_276,276.0,11.04,198.16913627349598,2510.1776898639228,560.9351830737922,110.5482629815838,-2374.0511764848648,898.4106932532027,103.68881405808455,-5086.244321259133,903.6733795389066
patient_276,277.0,11.08,74.9103674238138,-3081.4692212420546,563.9315977707448,2.9137891347743365,-2690.8618461702367,898.5272448185937,249.1227157820276,3635.8475430985764,913.6382881701877
patient_276,278.0,11.12,52.74894091631604,-554.035662687444,566.0415554073974,46.90862484375394,1099.8708927244902,900.4035898123437,131.7587251578434,-2934.0997656046047,918.9086371765015
patient_276,279.0,11.16,27.865966066991355,-622.0743712331171,567.156194050077,81.08624434754286,854.440487594723,903.6470395862453,279.508596798835,3693.7467910247906,930.0889810484549
patient_276,280.0,11.2,9.882261927620263,-449.5926034842773,567.5514845271819,2.1255213714347008,-1974.0180744027039,903.7320604411028,7.893103772927232,-6790.3873256476945,930.404705199372
patient_276,281.0,11.24,67.06549294797256,1429.5807755088074,570.2341042451008,32.277088308068016,753.7891734158329,905.0231439734255,45.14897393307298,931.3967540036437,932.2106641566949
patient_276,282.0,11.28,74.0819520638996,175.4114778981762,573.1973823276568,30.553834713266763,-43.08133987003133,906.2452973619562,47.913071331446524,69.10243495933858,934.1271870099528
patient_276,283.0,11.32,40.041500015902336,-851.0113011999317,574.7990423282929,72.52246308502828,1049.2157092940379,909.1461958853573,125.52991151928029,1940.421004695844,939.148383470724
patient_276,284.0,11.36,52.0340611560597,299.8140285039341,576.8804047745352,14.78301625812567,-1443.486170672565,909.7375165356824,60.38770112534532,-1628.555259848374,941.5638915157377
patient_276,285.0,11.4,17.803217135538276,-855.7711005130355,577.5925334599568,34.83516489252571,501.30371586000103,911.1309231313835,77.61565076173798,430.6987409098165,944.6685175462073
patient_276,286.0,11.44,30.26079824640966,311.4395277717846,578.8029653898133,48.89513912378127,351.499355781389,913.0867286963347,85.50059300500772,197.12355608174335,948.0885412664076
patient_276,287.0,11.48,164.350680024982,3352.247044464309,585.3769925908125,32.02431241350382,-421.77066775693623,914.367701192875,412.73560197066195,8180.875224141356,964.597965345234
patient_276,288.0,11.52,91.15994230541708,-1829.7684429891233,589.0233902830292,32.96648587696443,23.554336586515134,915.6863606279535,43.19775362057881,-9238.446208752079,966.3258754900571
patient_276,289.0,11.56,30.31760000500049,-1521.0585575104146,590.2360942832292,30.763359117671015,-55.078168982335285,916.9168949926603,57.38174291026189,354.5997322420771,968.6211452064675
patient_276,290.0,11.6,29.552245796854848,-19.133855203641037,591.4181841151035,18.24009335084789,-313.08164417057816,917.6464987266943,107.28882932203378,1247.6771602942972,972.9126983793489
patient_276,291.0,11.64,11.534388826302486,-450.44642426380904,591.8795596681556,23.337062796589677,127.4242361435447,918.5799812385578,5.613754512499141,-2541.876870238366,973.1372485598488
patient_276,292.0,11.68,41.525435413703256,749.7761646850192,593.5405770847037,14.329002141071276,-225.20151638796003,919.1531413242006,37.73814188477365,803.1096843068626,974.6467742352397
patient_276,293.0,11.72,32.10494046340885,-235.5123737573601,594.82477470324,50.6247399282436,907.393444679308,921.1781309213304,17.21750973712463,-513.0158036912254,975.3354746247247
patient_276,294.0,11.76,69.84529882239401,943.5089589746291,597.6185866561358,129.68550664784436,1976.519167990019,926.3655511872443,57.735516028327176,1012.9501572800636,977.6448952658578
patient_276,295.0,11.8,97.08372220240798,680.9605845003492,601.5019355442321,105.91760623558658,-594.1975103064447,930.6022554366677,160.30181300022414,2564.1574242974243,984.0569677858667
patient_276,296.0,11.84,185.01805156683946,2198.3582341107867,608.9026576069057,82.83483412019544,-577.0693028847784,933.9156488014756,111.2786540871743,-1225.578972826246,988.5081139493537
patient_276,297.0,11.88,133.44163824823113,-1289.4103329652082,614.240323136835,195.39110724540967,2813.9068281303557,941.7312930912921,186.9139780232135,1890.88309840098,995.9846730702823
patient_276,298.0,11.92,52.007514447156495,-2035.853095026866,616.3206237147211,231.50384620731032,902.8184740475161,950.9914469395844,340.3953217529548,3837.0335932435332,1009.6004859404005
patient_276,299.0,11.96,100.39596207209966,1209.7111906235791,620.3364621976051,244.41629583124123,322.8112405982728,960.768098772834,316.80598206820224,-589.7334921188146,1022.2727252231286
patient_276,300.0,12.0,428.59562083546734,8204.991469084192,637.4802870310239,363.75816768319044,2983.54679629873,975.3184254801616,266.37807046132986,-1260.6977901718096,1032.927848041582
patient_276,301.0,12.04,283.75835236238595,-3620.9317118270346,648.8306211255192,231.56166240105728,-3304.912632053329,984.580891976204,56.72136419468141,-5241.417656666211,1035.1967026093691
patient_276,302.0,12.08,39.158403598427164,-6114.99871909897,650.3969572694564,23.052940237119994,-5212.718054098432,985.5030095856888,51.19858094672913,-138.06958119880707,1037.2446458472382
patient_276,303.0,12.12,127.39690505827619,2205.9625364962258,655.4928334717873,49.25198548320124,654.9761311520311,987.473089005017,100.70087381102277,1237.557321607341,1041.2726807996792
patient_276,304.0,12.16,41.37164537023792,-2150.6314922009565,657.1476992865968,35.38443109600446,-346.6888596799194,988.8884662488572,80.75768664588257,-498.57967912850506,1044.5029882655147
patient_276,305.0,12.2,20.91984922325719,-511.29490367451825,657.984493255527,19.368043150004173,-400.4096986500072,989.6631879748572,32.47367922721403,-1207.1001854667136,1045.8019354346031
patient_276,306.0,12.24,42.54615919122113,540.6577491990985,659.6863396231759,50.0807813691087,767.8184554776132,991.6664192296216,20.617984034674123,-296.3923798134976,1046.6266547959901
patient_276,307.0,12.28,40.95389414372165,-39.806626187487026,661.3244953889247,50.79214786419178,17.784162377077095,993.6981051441893,9.074590010079685,-288.58485061486095,1046.9896383963933
patient_276,308.0,12.32,30.033052797699014,-273.02103365056587,662.5258175008327,83.53280805114426,818.5165046738118,997.039417466235,60.10909009212116,1275.862502051037,1049.3940020000782
patient_276,309.0,12.36,63.967658360120524,848.3651390605378,665.0845238352375,55.37305900562961,-703.9937261378662,999.2543398264602,112.26153242195952,1303.811058245959,1053.8844632969565
patient_276,310.0,12.4,107.38728659611111,1085.4907058997646,669.3800152990818,90.58009836359805,880.1759839492112,1002.8775437610041,58.632487109938104,-1340.7261328005352,1056.229762781354
patient_276,311.0,12.44,14.183506060501788,-2330.0945133902333,669.9473555415019,17.899901785715628,-1817.0049144470606,1003.5935398324327,95.85682195574742,930.6083711452329,1060.064035659584
patient_276,312.0,12.48,87.68061050896785,1837.4276112116515,673.4545799618605,90.00288842128076,1802.5746658891283,1007.193655369284,64.12906630345465,-793.1938913073193,1062.6291983117223
patient_276,313.0,12.52,190.62718331373077,2573.664320119073,681.0796672944099,271.30181026484155,4532.47304608902,1018.0457277798777,257.3307422480859,4830.041898615782,1072.9224280016458
patient_276,314.0,12.56,212.0767837636693,536.2400112484636,689.5627386449567,450.72631243633276,4485.612554287281,1036.074780277331,436.3817247619448,4476.274562846472,1090.3776969921234
patient_276,315.0,12.6,241.16992683256092,727.3285767222901,699.2095357182592,431.83245416759763,-472.34645671837825,1053.3480784440349,559.9116785226281,3088.2488440170832,1112.7741641330288
patient_276,316.0,12.64,270.74588671627504,739.398997092853,710.0393711869101,292.73522107796094,-3477.430827240917,1065.0574872871534,347.1583542367057,-5318.833107148061,1126.6604983024968
patient_276,317.0,12.68,205.01225041975775,-1643.3409074129322,718.2398612037005,147.24902920004382,-3637.154796947928,1070.9474484551552,206.59198340182263,-3514.1592708720764,1134.9241776385697
patient_276,318.0,12.72,136.3855682775895,-1715.6670535542062,723.695283934804,131.40067348462642,-396.2088928854349,1076.2034753945402,37.21651058484225,-4234.38682042451,1136.4128380619636
patient_276,319.0,12.76,89.5362385401648,-1171.2332434356174,727.2767334764106,265.14335167481977,3343.5669547548337,1086.8092094615329,42.97224734519913,143.89341900892205,1138.1317279557716
patient_276,320.0,12.8,122.70948830357464,829.331244085246,732.1851130085536,133.58343854934776,-3288.9978281368003,1092.1525470035067,73.9379133273522,774.1416495538269,1141.0892444888655
patient_276,321.0,12.84,85.53587972879039,-929.3402143696063,735.6065481977053,212.779763066124,1979.9081129194058,1100.6637375261516,197.52173923771426,3089.595647759051,1148.990114058374
patient_276,322.0,12.88,49.29955559445519,-905.90810335838,737.5785304214835,131.3915289165834,-2034.7058537385144,1105.919398682815,157.44166283452506,-1002.0019100797299,1155.287780571755
patient_276,323.0,12.92,43.00190402459717,-157.44128924645065,739.2986065824673,62.703766314173556,-1717.1940650602464,1108.427549335382,116.72011494166897,-1018.0386973214023,1159.9565851694217
patient_276,324.0,12.96,69.88573576735934,672.0957935690542,742.0940360131617,37.894798252632775,-620.2242015385195,1109.9433412654873,68.56618493180106,-1203.8482502466977,1162.6992325666938
patient_276,325.0,13.0,12.835792124953297,-1426.2485910601508,742.6074676981598,44.61590251625085,168.02760659045185,1111.7279773661376,27.79482971553537,-1019.2838804066422,1163.8110257553153
patient_276,326.0,13.04,20.647892086281374,195.3024990332019,743.4333833816111,31.94564712506414,-316.75638477966766,1113.00580325114,45.714109188301414,447.9819868191511,1165.6395901228473
patient_276,327.0,13.08,15.298121353992707,-133.74426830721666,744.0453082357708,25.29280954979632,-166.32093938169552,1114.0175156331318,58.50592751576005,319.7954581864659,1167.9798272234777
patient_276,328.0,13.12,33.62268747086569,458.11415292182465,745.3902157346055,38.725279641504834,335.8117522927128,1115.566526818792,57.48546103327203,-25.511662062200458,1170.2792456648087
patient_276,329.0,13.16,44.57885909605401,273.90429062970793,747.1733700984477,37.54668107434624,-29.46496417896487,1117.068394061766,37.26976546582325,-505.3923891862196,1171.7700362834416
patient_276,330.0,13.2,11.433016135273357,-828.6460740195164,747.6306907438586,44.871417402753885,183.11840821019115,1118.8632507578761,41.9252492315014,116.38709414195372,1173.4470462527017
patient_276,331.0,13.24,37.60129121356982,654.2068769574117,749.1347423924013,118.15135166259479,1831.9983564960226,1123.58930482438,62.971268421070086,526.1504797392172,1175.9658969895445
patient_276,332.0,13.28,3.3039642343589293,-857.4331744802723,749.2669009617757,60.89982952129282,-1431.2880535325492,1126.0252980052317,34.57484672955519,-709.9105422878724,1177.348890858727
patient_276,333.0,13.32,15.678857778879157,309.3723386130057,749.8940552729308,45.575589979491916,-383.1059885450227,1127.8483216044112,168.26774265146872,3342.3223980478383,1184.0796005647856
patient_276,334.0,13.36,22.722461010957996,176.09008080197097,750.8029537133692,55.33884885469525,244.08147188008337,1130.0618755585992,119.02733035657069,-1231.0103073724508,1188.8406937790483
patient_276,335.0,13.4,39.15206297223876,410.7400490320191,752.3690362322588,49.10015952951861,-155.96723312941592,1132.02588193978,25.52678910185929,-2337.5135313677847,1189.8617653431227
patient_276,336.0,13.44,55.58665244421337,410.8647367993653,754.5925023300274,41.09367418233758,-200.16213367952585,1133.6696289070735,113.94743325136608,2210.5161037376697,1194.4196626731773
patient_276,337.0,13.48,125.22264647540105,1740.8998507796919,759.6014081890435,170.34833946596558,3231.3666320907005,1140.4835624857121,125.87056336951045,298.0782529536093,1199.4544852079578
patient_276,338.0,13.52,42.84121398440009,-2059.535812275024,761.3150567484195,273.8638910888553,2587.8887905722436,1151.4381181292663,284.42331609036967,3963.8188180214806,1210.8314178515727
patient_276,339.0,13.56,106.75392528260251,1597.8177824550605,765.5852137597235,342.29957985770636,1710.8922192212758,1165.1301013235745,449.3806542769473,4123.933454664441,1228.8066440226505
patient_276,340.0,13.6,140.7109650604163,848.9259944453447,771.2136523621402,429.15210816090877,2171.31320758006,1182.296185650011,436.3609093289818,-325.49362369913837,1246.2610803958098
patient_276,341.0,13.64,167.08790575616104,659.4235173936183,777.8971685923867,278.3779769779759,-3769.3532795733217,1193.43130472913,312.2390528695145,-3103.046411486682,1258.7506425105903
patient_276,342.0,13.68,298.8969595764079,3295.226345506171,789.853046975443,238.0989601806441,-1006.9754199332948,1202.9552631363558,214.9318473472875,-2432.680138055676,1267.347916404482
patient_276,343.0,13.72,275.73983344451716,-578.928153297268,800.8826403132236,147.61444042814767,-2262.1129938124104,1208.8598407534816,148.87425696427573,-1651.439759575294,1273.302886683053
patient_276,344.0,13.76,129.28832541614136,-3661.287700709395,806.0541733298694,120.1804835680542,-685.8489215023369,1213.6670600962038,122.01381146603164,-671.5111374561022,1278.1834391416942
patient_276,345.0,13.8,85.24545359708138,-1101.0717954764996,809.4639914737527,93.16877846107847,-675.2926276743931,1217.393811234647,102.94550998721552,-476.7075369704031,1282.3012595411828
patient_276,346.0,13.84,40.58258023903937,-1116.5718339510502,811.0872946833142,70.34212945364203,-570.6662251859111,1220.2074964127926,30.176298928702025,-1819.2302764628373,1283.5083114983308
patient_276,347.0,13.88,47.67208184688826,177.2375401962222,812.9941779571898,31.90561157312279,-960.912947012981,1221.4837208757176,36.51651144511088,158.50531291022136,1284.9689719561354
patient_276,348.0,13.92,43.67382878821118,-99.95632646692698,814.7411311087183,42.54635500865781,266.0185858883755,1223.1855750760637,83.21889369541748,1167.559556257665,1288.2977277039522
patient_276,349.0,13.96,43.023250290809656,-16.26446243503814,816.4620611203507,33.4351507815299,-227.78010567819786,1224.522981107325,43.59696115520227,-990.5483135053802,1290.0416061501603
patient_276,350.0,14.0,44.53290321134063,37.741323013274375,818.2433772488043,38.761260145475525,133.15273409864065,1226.073431513144,19.389477366103943,-605.1870947274582,1290.8171852448045
patient_276,351.0,14.04,35.898294314746735,-215.8652224148474,819.6793090213941,42.737316069607196,99.40139810329178,1227.7829241559284,112.63919067606255,2331.242832748965,1295.322752871847
patient_276,352.0,14.08,26.966643244278707,-223.29127676170071,820.7579747511653,41.19108285690909,-38.65583031745263,1229.4305674702048,47.50673277680949,-1628.3114474813267,1297.2230221829193
patient_276,353.0,14.12,33.98013598637967,175.33731855252412,822.1171801906206,31.707804293678088,-237.0819640807751,1230.6988796419519,68.36718053911352,521.5111940576006,1299.9577094044837
patient_276,354.0,14.16,24.749619118950292,-230.76292168573448,823.1071649553785,77.91009011768253,1155.057145600111,1233.8152832466592,26.7857039564935,-1039.5369145655004,1301.0291375627435
patient_276,355.0,14.2,22.675582161306835,-51.850923941086435,824.0141882418309,86.17560646802707,206.63790875861352,1237.2623075053802,67.96793104161225,1029.5556771279687,1303.747854804408
patient_276,356.0,14.24,76.41027703030556,1343.3673717249683,827.0705993230431,26.132280610937816,-1501.0831464272314,1238.3075987298178,106.12907618542489,954.0286285953161,1307.993017851825
patient_276,357.0,14.28,21.858595135104686,-1363.792047380022,827.9449431284473,36.93285610999303,270.0143874763804,1239.7849129742174,86.13843455007894,-499.76604088364877,1311.438555233828
patient_276,358.0,14.32,60.77855352320452,972.9989597024959,830.3760852693755,11.036061748310502,-647.4198590420633,1240.2263554441497,104.42742606994027,457.22478799653317,1315.6156522766257
patient_276,359.0,14.36,54.799891253869006,-149.4665567333879,832.5680809195302,117.36239043459553,2658.1582171571254,1244.9208510615335,105.83248222491348,35.12640387433024,1319.8489515656222
patient_276,360.0,14.4,127.78555409711602,1824.6415710811752,837.6795030834149,200.45449972077742,2077.3027321545474,1252.9390310503647,193.78880038198466,2198.9079539267796,1327.6005035809014
patient_276,361.0,14.44,242.85821395624112,2876.816496478127,847.3938316416646,312.7248087965834,2806.757726895149,1265.448023402228,248.11978588137862,1358.274637484849,1337.5252950161564
patient_276,362.0,14.48,109.310180544041,-3338.700835305003,851.7662388634262,692.0161606474385,9482.283796271378,1293.1286698281256,532.8916853369705,7119.297486389796,1358.8409624296355
patient_276,363.0,14.52,300.7635034278193,4786.333072094457,863.7967790005391,586.7901540308784,-2630.650165414002,1316.6002759893609,884.0641456811366,8779.311508604153,1394.2035282568809
patient_276,364.0,14.56,426.36982137013854,3140.1579485579814,880.8515718553447,538.2062727172238,-1214.5970328413655,1338.1285268980498,425.1983467085998,-11471.64497431342,1411.211462125225
patient_276,365.0,14.6,176.1986782327446,-6254.278578434848,887.8995189846544,434.5154965349616,-2592.269404556555,1355.5091467594484,500.0250442648874,1870.6674389071907,1431.2124638958205
patient_276,366.0,14.64,131.71695867903182,-1112.0429888428198,893.1681973318158,234.00332323566545,-5012.804332482403,1364.869279688875,65.22060565989993,-10870.110965124686,1433.8212881222166
patient_276,367.0,14.68,74.85314020930588,-1421.5954617431485,896.162322940188,117.59771646245238,-2910.1401693303264,1369.573188347373,209.45713839726272,3605.9133184340694,1442.1995736581073
patient_276,368.0,14.72,81.15928993770943,157.65374321008886,899.4086945376964,160.28741356019276,1067.2424274435095,1375.9846848897807,92.88968713155349,-2914.186281642731,1445.9151611433692
patient_276,369.0,14.76,58.956893391947325,-555.0599136440527,901.7669702733743,43.43209275308022,-2921.3830201778137,1377.721968599904,98.85178768738592,149.05251389581088,1449.869232650865
patient_276,370.0,14.8,63.153702835949794,104.92023610006171,904.2931183868122,64.1236634779946,517.2892681228594,1380.2869151390237,23.52067657603875,-1883.2777777836793,1450.8100597139064
patient_276,371.0,14.84,50.15135394207074,-325.0587223469763,906.299172544495,48.024014027981764,-402.49123625032087,1382.2078757001427,14.506650128290554,-225.3506611937049,1451.3903257190382
patient_276,372.0,14.88,17.136056944709658,-825.3824249340271,906.9846148222834,32.949656720793314,-376.85893267971124,1383.5258619689744,39.439849968012325,623.3299959930443,1452.9679197177584
patient_276,373.0,14.92,85.24271087173851,1702.6663481757212,910.394323257153,57.0515830138436,602.5481573262571,1385.8079252895282,67.02682415755118,689.6743547384713,1455.6489926840607
patient_276,374.0,14.96,27.879294069616943,-1434.0854200530391,911.5094950199377,81.21397639080904,604.0598344241359,1389.0564843451607,27.26119505525487,-994.1407275574076,1456.7394404862707
patient_276,375.0,15.0,15.687407344721185,-304.79716812239394,912.1369913137266,62.93023553368632,-457.0935214280679,1391.573693766508,22.783405298534007,-111.94474391802159,1457.6507766982122
patient_276,376.0,15.04,53.052058354735685,934.1162752503625,914.2590736479161,19.611145069623184,-1082.9772616015784,1392.3581395692931,101.09344174422725,1957.750911142331,1461.6945143679811
patient_276,377.0,15.08,42.48599497773792,-264.1515844249442,915.9585134470257,110.24558135818215,2265.860907213974,1396.7679628236206,39.91107871176575,-1529.5590758115375,1463.290957516452
patient_276,378.0,15.12,128.89148656609495,2160.137289708926,921.1141729096694,132.24288324398597,549.9325471450956,1402.0576781533798,174.31651080582063,3360.1358023513717,1470.263617948685
patient_276,379.0,15.16,167.12375833843078,955.8067943083955,927.7991232432067,393.5645345060348,6533.041281551221,1417.800259533621,517.2493928058963,8573.322050001892,1490.9535936609207
patient_276,380.0,15.2,299.20321805182266,3301.986492834797,939.7672519652796,455.4341327812518,1546.739956880424,1436.017624844871,529.4675386625177,305.45364641553476,1512.1322952074215
patient_276,381.0,15.24,227.31420428656645,-1797.225344131405,948.8598201367422,487.93536227003085,812.5307372194768,1455.5350393356723,579.0480871688908,1239.5137126593283,1535.294218694177
patient_276,382.0,15.28,221.84909780497495,-136.62766203978762,957.7337840489412,541.3671869968351,1335.795618170107,1477.1897268155458,517.3259036180482,-1543.054588771065,1555.987254838899
patient_276,383.0,15.32,207.0252316741928,-370.59665326955337,966.014793315909,344.9516301916044,-4910.388920130768,1490.98779202321,388.34066449398745,-3224.6309781015184,1571.5208814186585
patient_276,384.0,15.36,235.53817989597945,712.8237055446662,975.436320511748,330.1444763611876,-370.1788457604195,1504.1935710776575,420.3097712567257,799.2276690684562,1588.3332722689274
patient_276,385.0,15.4,133.51191031579498,-2550.656739504612,980.7767969243799,292.44675273071994,-942.4430907616922,1515.8914411868861,284.6612054025738,-3391.214146353798,1599.7197204850306
patient_276,386.0,15.44,178.6115449955833,1127.490866994708,987.9212587242032,265.1035801678773,-683.5793140710664,1526.4955843936013,169.3178524868314,-2883.5838228935595,1606.4924345845038
patient_276,387.0,15.48,222.9854892088606,1109.3486053319325,996.8406782925578,135.8629247871187,-3231.016384518965,1531.9301013850863,89.04969005997124,-2006.7040606715043,1610.0544221869027
patient_276,388.0,15.52,114.14284538888732,-2721.066095499332,1001.4063921081132,128.33966398663645,-188.08152001205585,1537.0636879445517,69.1621865578944,-497.18758755192096,1612.8209096492183
patient_276,389.0,15.56,71.40377197228501,-1068.4768354150578,1004.2625429870045,142.1130875017136,344.3355878769289,1542.7482114446202,208.3539754803906,3479.7947230624045,1621.155068668434
patient_276,390.0,15.6,57.111660145104494,-357.302795679513,1006.5470093928087,113.49990298072673,-715.329613024672,1547.2882075638493,105.37993590604125,-2574.350989358734,1625.370266104676
patient_276,391.0,15.64,15.642369440987084,-1036.7322676029353,1007.1727041704481,42.38929005086222,-1777.765323246613,1548.9837791658838,83.47282487487968,-547.6777757790394,1628.709179099671
patient_276,392.0,15.68,7.20756732166076,-210.8700529831581,1007.4610068633145,40.064035658153266,-58.131359817723904,1550.5863405922098,61.22613983113168,-556.1671260936998,1631.1582246929163
patient_276,393.0,15.72,20.33341527996235,328.1461989575397,1008.274343474513,88.94201868645713,1221.9495757075968,1554.1440213396681,20.440323315559304,-1019.6454128893095,1631.9758376255386
patient_276,394.0,15.76,42.60491159232379,556.7874078090359,1009.9785399382059,64.19649015009051,-618.6382134091655,1556.711880945672,91.59691940724045,1778.9149022920285,1635.6397144018283
patient_276,395.0,15.8,47.83968002964992,130.86921093315328,1011.892127139392,71.70677610189745,187.75714879517338,1559.5801519897477,62.678991948174584,-722.9481864766466,1638.1468740797552
patient_276,396.0,15.84,72.52003118999822,617.0087790087075,1014.7929283869919,234.8249154901164,4077.9534847054742,1568.9731486093524,143.49757109195707,2020.4644785945623,1643.8867769234337
patient_276,397.0,15.88,59.65803310166975,-321.5499522082117,1017.1792497110587,148.08806131332355,-2168.4213544198215,1574.8966710618854,16.60229094187969,-3172.3820037519345,1644.550868561109
patient_276,398.0,15.92,97.2949084569619,940.9218838823039,1021.0710460493372,115.98841391073216,-802.4911850647846,1579.5362076183146,42.014468787053026,635.3044461293334,1646.2314473125912
patient_276,399.0,15.96,99.75885956703189,61.59877775174962,1025.0614004320184,76.06880172398542,-997.9903046686686,1582.5789596872742,124.94977832395011,2073.382738422427,1651.2294384455492
patient_276,400.0,16.0,165.4873880338478,1643.2132116703976,1031.6808959533723,217.34370354316158,3531.872545479404,1591.2727078290006,357.46225749378914,5812.811979245976,1665.5279287453006
patient_276,401.0,16.04,284.52946931611666,2976.0520320567216,1043.062074726017,418.3858194374124,5026.0528973562705,1608.0081406064971,497.2628217827765,3495.014107224684,1685.4184416166117
patient_276,402.0,16.08,243.58160366541037,-1023.6966412676572,1052.8053388726335,521.2991611420516,2572.83354261598,1628.8601070521793,645.322908772828,3701.5021747512874,1711.2313579675247
patient_276,403.0,16.12,212.1242105955167,-786.4348267473417,1061.290307296454,539.4125919054034,452.8357690837936,1650.4366107283954,499.2176126531638,-3652.632402991604,1731.200062473651
patient_276,404.0,16.16,299.171313173496,2176.1775644494824,1073.257159823394,318.46918070552204,-5523.5852799970335,1663.1753779566163,674.9241799440658,4392.66418227255,1758.1970296714137
patient_276,405.0,16.2,128.12609902541362,-4276.130353702059,1078.3822037844104,171.51088841644415,-3673.9573072269473,1670.035813493274,198.6431742958617,-11907.025141205102,1766.142756643248
patient_276,406.0,16.24,25.39873973407798,-2568.1839822833913,1079.3981533737738,46.00107428558654,-3137.7453532714403,1671.8758564646976,70.81313140016312,-3195.7510723924647,1768.9752818992547
patient_276,407.0,16.28,18.65488193109292,-168.59644507462656,1080.1443486510173,54.44761903347656,211.16361869725057,1674.0537612260366,218.7111812140811,3697.4512453479497,1777.723729147818
patient_276,408.0,16.32,99.89185027562725,2030.9242086133584,1084.1400226620424,137.42861060442112,2074.524789273614,1679.5509056502135,99.2884141476094,-2985.569176661793,1781.6952657137224
patient_276,409.0,16.36,49.916040906249634,-1249.3952342344403,1086.1366642982925,43.01744255180526,-2360.2792013153967,1681.2716033522856,103.31849463590034,100.75201220727337,1785.8280054991585
patient_276,410.0,16.4,72.62446186008575,567.7105238459028,1089.041642772696,36.62257136917839,-159.8717795656718,1682.736506207053,23.905574062534136,-1985.3230143341548,1786.7842284616597
patient_276,411.0,16.44,63.43502566486068,-229.73590488062658,1091.5790437992903,46.155632800383536,238.3265357801287,1684.5827315190684,100.70075721523402,1919.8795788174968,1790.8122587502692
patient_276,412.0,16.48,64.42486005517627,24.745859757889654,1094.1560382014975,54.6751415372473,212.98771842159408,1686.7697371805584,165.55908064580638,1621.4580857643089,1797.4346219761014
patient_276,413.0,16.52,44.24094531910959,-504.5978684016669,1095.9256760142619,77.59423887165555,572.9774333602062,1689.8735067354248,144.32208647468693,-530.9248542779862,1803.207505435089
patient_276,414.0,16.56,30.270252801139897,-349.2673129492424,1097.1364861263073,87.41198795065083,245.44372697488194,1693.3699862534509,64.27204071909918,-2001.2511438896936,1805.778387063853
patient_276,415.0,16.6,64.72318603051383,861.3233307343484,1099.725413567528,159.6904629720563,1806.961875535137,1699.7576047723333,48.92625143900267,-383.64473200241275,1807.7354371214128
patient_276,416.0,16.64,123.56541578539672,1471.0557438720723,1104.6680301989438,138.03926820572156,-541.2798691583689,1705.2791755005621,172.24154336778278,3082.882298219503,1814.6250988561242
patient_276,417.0,16.68,72.46802677218506,-1277.4347253302917,1107.5667512698312,200.4398228777158,1560.0138667998565,1713.2967684156706,427.40004507146256,6378.962542591994,1831.7211006589826
patient_276,418.0,16.72,132.8754448967822,1510.1854531149286,1112.8817690657024,311.35927240889544,2772.9862382794904,1725.7511393120265,351.8690770898042,-1888.274199541459,1845.7958637425745
patient_276,419.0,16.76,77.18341843563472,-1392.300661528687,1115.9691058031278,31.784400460976855,-6989.3717986979655,1727.0225153304657,97.96376635069,-6347.632768477855,1849.714414396602
patient_276,420.0,16.8,210.46482864626788,3332.035255265829,1124.3876989489786,539.7772687437318,12699.821707068875,1748.613606080215,631.1850551596536,13330.532220224091,1874.9618166029882
patient_276,421.0,16.84,274.0393155423721,1589.3621724026054,1135.3492715706736,422.479295410633,-2932.449333327472,1765.5127778966403,227.76302206703014,-10085.550827315588,1884.0723374856693
patient_276,422.0,16.88,176.3013390620233,-2443.44941200872,1142.4013251331544,278.91957845779217,-3588.99292382102,1776.6695610349518,231.26793323975718,87.62277931817621,1893.3230548152599
patient_276,423.0,16.92,180.30233059502964,100.02478832515891,1149.6134183569557,110.11456178395187,-4220.125416846007,1781.0741435063098,262.31134703012754,776.0853447592588,1903.8155086964648
patient_276,424.0,16.96,71.98832307205682,-2707.8501880743206,1152.4929512798378,50.7475056929599,-1484.1764022747993,1783.1040437340282,102.66931080948494,-3991.0509055160646,1907.9222811288441
patient_276,425.0,17.0,34.973886311589034,-925.3609190116945,1153.8919067323013,62.45950546426254,292.7999942825661,1785.6024239525987,82.42525473550931,-506.1014018493907,1911.2192913182644
patient_276,426.0,17.04,63.055721564131325,702.0458813135573,1156.4141355948666,79.26422707014564,420.1180401470774,1788.7729930354046,61.33325076819009,-527.3000991829806,1913.6726213489922
patient_276,427.0,17.08,37.1383234351377,-647.9349532248407,1157.8996685322722,42.4760695223314,-919.7039386953559,1790.4720358162979,115.27387962245699,1348.5157213566724,1918.2835765338905
patient_276,428.0,17.12,87.5962788813776,1261.4488861559976,1161.4035196875273,40.19853969018616,-56.93824580363103,1792.0799774039053,97.97551104386766,-432.45921446473335,1922.2025969756453
patient_276,429.0,17.16,34.99318238998048,-1315.077412284928,1162.8032469831264,28.278061238027718,-298.011961303961,1793.2110998534265,15.688372370711749,-2057.178466828898,1922.830131870474
patient_276,430.0,17.2,116.20947168776473,2030.407232444606,1167.4516258506371,44.66584476801312,409.69458824963516,1794.9977336441473,78.90086774158657,1580.3123842718705,1925.9861665801373
patient_276,431.0,17.24,64.81477474368924,-1284.8674236018874,1170.0442168403847,99.89418371629202,1380.7084737069724,1798.993500992799,105.1275253336068,655.6664398005058,1930.1912675934814
patient_276,432.0,17.28,230.46328340233032,4141.212716466027,1179.2627481764778,151.7313903809722,1295.9301666170043,1805.0627566080377,107.05089903346406,48.08434249643163,1934.47330355482
patient_276,433.0,17.32,211.67988152788206,-469.5850468612065,1187.729943437593,399.89024007354647,6203.971242314357,1821.0583662109796,312.9608999929959,5147.750023988296,1946.99173955454
patient_276,434.0,17.36,307.6784536795739,2399.9643037922965,1200.037081584776,465.7356213328837,1646.1345314834305,1839.687791064295,420.79421861477533,2695.832965544486,1963.8235082991312
patient_276,435.0,17.4,233.67895133069635,-1849.9875587219392,1209.384239638004,557.9653388818048,2305.7429387230272,1862.006404619567,489.07603836038976,1707.0454936403607,1983.3865498335467
patient_276,436.0,17.44,267.6377507693319,848.9699859658884,1220.0897496687771,587.19251005343,730.6792792906322,1885.4941050217042,659.6428933338879,4264.171374337452,2009.7722655669024
patient_276,437.0,17.48,252.3590846930506,-381.96665190703243,1230.1841130564992,430.2540108540933,-3923.462479983419,1902.704265455868,434.6338392624599,-5625.226351785699,2027.1576191374008
patient_276,438.0,17.52,230.89008746385878,-536.7249307297953,1239.4197165550536,364.7835048425879,-1636.7626502876349,1917.2956056495716,272.26788517738754,-4059.148852126809,2038.0483345444964
patient_276,439.0,17.56,185.41662446735197,-1136.8365749126704,1246.8363815337477,140.4124120988089,-5609.277318594475,1922.9121021335238,299.6236179430171,683.8933191407392,2050.033279262217
patient_276,440.0,17.6,18.10270277877105,-4182.848042214523,1247.5604896448986,17.819886238438073,-3064.81314650927,1923.6248975830613,55.338998353202236,-6107.115489745372,2052.2468391963453
patient_276,441.0,17.64,47.8362043870662,743.3375402073789,1249.473937820381,47.263973795405484,736.1021889241853,1925.5154565348776,239.68335765928407,4608.608982652046,2061.8341735027166
patient_276,442.0,17.68,39.451144665782145,-209.62649303210145,1251.0519836070123,271.46399133085845,5605.000438386324,1936.374016188112,214.075180968534,-640.2044172687517,2070.3971807414578
patient_276,443.0,17.72,84.20568717792024,1118.8635628034524,1254.4202110941292,196.62531935132697,-1870.966799488287,1944.2390289621649,218.8174198861484,118.55597294036002,2079.1498775369037
patient_276,444.0,17.76,284.29485197903165,5002.229120027785,1265.7920051732906,263.09990804203414,1661.8647172676795,1954.7630252838464,395.41422032098967,4414.920010871032,2094.9664463497434
patient_276,445.0,17.8,128.08719469741462,-3905.1914320404258,1270.915492961187,217.5280845908276,-1139.2955862801634,1963.4641486674795,184.27416059973515,-5278.501493031363,2102.337412773733
patient_276,446.0,17.84,110.13042688273929,-448.9191953668833,1275.3207100364968,104.68720276416758,-2821.0220456665006,1967.6516367780462,94.77014057926446,-2237.600500511767,2106.1282183969033
patient_276,447.0,17.88,88.40474209676785,-543.142119649286,1278.8568997203674,206.79893629822786,2552.793338351507,1975.9235942299752,148.97540147970085,1355.1315225109097,2112.087234456091
patient_276,448.0,17.92,21.9910413184948,-1660.342519456826,1279.7365413731072,40.81302331828343,-4149.647824498611,1977.5561151627064,142.08284325337902,-172.31395565804561,2117.7705481862267
patient_276,449.0,17.96,28.01996292681661,150.72304020804523,1280.85733989018,16.130857299536434,-617.0541504686748,1978.2013494546877,60.30043374529156,-2044.5602377021864,2120.1825655360385
patient_276,450.0,18.0,26.092101609143402,-48.19653294183021,1281.9010239545457,8.08550894645793,-201.1337088269626,1978.524769812546,3.8094949846580106,-1412.2734690158388,2120.3349453354244
patient_276,451.0,18.04,29.249198995872693,78.92743466823227,1283.0709919143808,16.094736986899,200.23070101102678,1979.1685592920219,4.0763292871214185,6.670857561585198,2120.4979985069094
patient_276,452.0,18.08,70.5908186891967,1033.5404923331002,1285.8946246619487,18.85446112568515,68.99310346965378,1979.9227377370494,32.47435361573062,709.9506082152301,2121.7969726515385
patient_276,453.0,18.12,71.9258033193445,33.374615753695025,1288.7716567947223,59.52372087907409,1016.7314938347236,1982.3036865722124,10.702387227473876,-544.2991597064185,2122.2250681406376
patient_276,454.0,18.16,90.2604417539999,458.3659608663851,1292.3820744648824,119.73193978789578,1505.2054727205423,1987.092964163728,108.22205387722565,2437.991666243794,2126.5539502957267
patient_276,455.0,18.2,9.772518602643885,-2012.1980787839004,1292.772975208988,33.15508721026564,-2164.4213144407536,1988.4191676521389,69.96695383413338,-956.3775010773068,2129.3526284490918
patient_276,456.0,18.24,67.13474152671117,1434.055573101682,1295.4583648700566,87.97627693758396,1370.529743182958,1991.9382187296421,80.13046190145641,254.08770168307592,2132.55784692515
patient_276,457.0,18.28,50.32565183602141,-420.227242267244,1297.4713909434975,26.156361185668842,-1545.497893797878,1992.9844731770688,7.023880458607915,-1827.6645360712123,2132.8388021434944
patient_276,458.0,18.32,31.164324811463793,-479.0331756139404,1298.7179639359558,91.44906224778137,1632.3175265528132,1996.6424356669802,71.33408989159108,1607.755235824579,2135.692165739158
patient_276,459.0,18.36,53.56966932934338,560.1336129469896,1300.8607507091297,164.44816326212654,1824.9775253586292,2003.2203621974652,126.94975875784073,1390.3917216562413,2140.7701560894716
patient_276,460.0,18.4,38.86781262150275,-367.5464176960157,1302.4154632139898,117.68633507186821,-1169.0457047564582,2007.92781560034,111.40601892191808,-388.5934958980663,2145.2263968463485
patient_276,461.0,18.44,40.473179471409196,40.13417124766114,1304.034390392846,13.588534446705358,-2602.4450156290713,2008.471356978208,5.905803375087378,-2637.5053886707674,2145.462628981352
patient_276,462.0,18.48,26.918705445625623,-338.8618506445893,1305.111138610671,108.72531660579183,2378.419553977162,2012.8203696424398,110.42968471146479,2613.0970334094354,2149.87981636981
patient_276,463.0,18.52,14.050710348333881,-321.69987743229353,1305.6731670246045,43.797686665141384,-1623.1907485162612,2014.5722771090454,27.666183852498445,-2069.0875214741586,2150.98646372391
patient_276,464.0,18.56,45.31626246227165,781.6388028484444,1307.4858175230954,35.958633545779996,-195.9763279840347,2016.0106224508768,57.72863524275002,751.5612847562894,2153.29560913362
patient_276,465.0,18.6,43.4194268548601,-47.42089018528883,1309.2225945972898,39.3913481174408,85.81786429152007,2017.5862763755742,53.95402266724004,-94.3653143877496,2155.45377004031
patient_276,466.0,18.64,37.27775731602062,-153.541738470987,1310.7137048899306,43.63122139425045,105.99683192024133,2019.3315252313444,10.815409853161729,-1078.4653203519579,2155.886386434436
patient_276,467.0,18.68,23.539564530332605,-343.45481964220033,1311.6552874711438,149.72125242367323,2652.2507757355697,2025.3203753282912,99.25023036748739,2210.8705128581414,2159.8563956491357
patient_276,468.0,18.72,204.13432860487887,4514.869101863657,1319.820660615339,187.15667199176127,935.8854892022009,2032.8066422079617,178.31589473923526,1976.6416092936968,2166.989031438705
patient_276,469.0,18.76,96.15073648349382,-2699.5898030346266,1323.6666900746786,199.15178642432159,299.8778608140078,2040.7727136649346,289.7748548878511,2786.4740037153965,2178.580025634219
patient_276,470.0,18.8,106.2520245916374,252.53220270358946,1327.9167710583442,334.61360447599213,3386.5454512917636,2054.157257843974,363.6967332541559,1848.0469591576195,2193.127894964385
patient_276,471.0,18.84,42.51082059678841,-1593.5300998712246,1329.6172038822158,69.13064268385075,-6637.074044803535,2056.9224835513282,37.97463555083686,-8143.052442582976,2194.6468803864186
patient_276,472.0,18.88,72.44246444417477,748.2910961846591,1332.5149024599827,158.79356777164037,2241.57312719474,2063.2742262621937,230.2231498576049,4806.212857669201,2203.855806380723
patient_276,473.0,18.92,292.89958660605964,5511.428054047121,1344.230885924225,290.7601255572116,3299.163944639281,2074.904631284482,260.00712628649785,744.5994107223236,2214.256091432183
patient_276,474.0,18.96,169.03064760937554,-3096.7234749171025,1350.9921118286002,443.96054106300255,3830.010387644774,2092.6630529270024,217.64370610312628,-1059.0855045842893,2222.961839676308
patient_276,475.0,19.0,222.7530113631969,1343.0590938455339,1359.902232283128,259.4669118740944,-4612.340729722703,2103.0417294019658,331.39893642965785,2843.8807581632896,2236.217797133494
patient_276,476.0,19.04,177.42573628444774,-1133.1818769687288,1366.999261734506,143.83697511029825,-2890.748419094904,2108.795208406378,280.6354164070796,-1269.0880005644558,2247.4432137897775
patient_276,477.0,19.08,104.01971774492499,-1835.1504634880687,1371.160050444303,89.61300580118889,-1355.599232727734,2112.3797286384256,231.2735613065286,-1234.0463775137757,2256.6941562420384
patient_276,478.0,19.12,139.9830185875574,899.0825210658105,1376.759371187805,114.08682541229732,611.8454902777106,2116.9432016549176,94.56258074913217,-3417.774513934911,2260.476659472004
patient_276,479.0,19.16,88.65610244807108,-1283.1729034871582,1380.3056152857278,101.5542946931891,-313.3132679777052,2121.005373442645,119.01230166324498,611.2430228528204,2265.2371515385335
patient_276,480.0,19.2,137.758068464535,1227.549150411598,1385.8159380243094,121.6548100391469,502.5128836489447,2125.8715658442106,157.85261012636482,971.007711577996,2271.551255943588
patient_276,481.0,19.24,28.009773876689763,-2743.7073646961308,1386.936328979377,64.0807370910429,-1439.3518237025996,2128.4347953278525,94.48266432469272,-1584.2486450418025,2275.330562516576
patient_276,482.0,19.28,19.814012616867085,-204.89403149556696,1387.7288894840517,26.26649893772814,-945.3559538328691,2129.4854552853617,24.0557536493301,-1760.6727668840656,2276.292792662549
patient_276,483.0,19.32,19.425525008267503,-9.712190214989569,1388.5059104843822,44.97408660250569,467.6896916194388,2131.2844187494616,17.441675114461574,-165.35196337171314,2276.990459667127
patient_276,484.0,19.36,28.084243220352754,216.4679553021313,1389.6292802131961,44.59145350450084,-9.565827450121311,2133.068076889642,70.05096828502384,1315.2323292640567,2279.792498398528
patient_276,485.0,19.4,66.40285424572106,957.9652756342076,1392.285394383025,11.836832538059047,-818.8655241610447,2133.5415501911643,30.594912735030373,-986.4013887498367,2281.0162949079295
patient_276,486.0,19.44,56.9204575188988,-237.05991817055647,1394.5622126837811,23.680872144323786,296.1009901566185,2134.488785076937,14.953528045247836,-391.03461724456344,2281.6144360297394
patient_276,487.0,19.48,33.73777629665861,-579.5670305560047,1395.9117237356475,31.482900916257332,195.05071929833866,2135.7481011135874,38.482418504737694,588.2222614872464,2283.153732769929
patient_276,488.0,19.52,27.58879838135427,-153.72444788260847,1397.0152756709015,18.88824384718947,-314.8664267266965,2136.503630867475,22.465035789581943,-400.4345678788938,2284.052334201512
patient_276,489.0,19.56,14.137964097870338,-336.2708570870983,1397.5807942348163,45.437572429764444,663.7332145643743,2138.321133764666,168.02589903679515,3639.02158118033,2290.773370162984
patient_276,490.0,19.6,7.544391902273783,-164.83930488991388,1397.8825699109073,109.5100829106719,1601.8127620226865,2142.7015370810927,146.6092643222442,-535.4158678637738,2296.6377407358736
patient_276,491.0,19.64,88.9818232205216,2035.9357829561955,1401.441842839728,99.48808025650047,-250.55006635428578,2146.6810602913524,179.81517347272614,830.1477287620486,2303.830347674783
patient_276,492.0,19.68,259.5879710329631,4265.153695311036,1411.8253616810464,475.2938327629246,9395.143812660604,2165.6928136018696,250.59598836302928,1769.5203722575784,2313.854187209304
patient_276,493.0,19.72,186.73216243991385,-1821.3952148262308,1419.294648178643,426.5981847007156,-1217.3912015552246,2182.756740989898,495.0705666902952,6111.864458181648,2333.6570098769157
patient_276,494.0,19.76,279.705640123075,2324.3369420790286,1430.482873783566,572.0354326601931,3635.9311989869384,2205.638158296306,502.1868761199103,177.90773574037786,2353.7444849217122
patient_276,495.0,19.8,271.91460952842084,-194.775764866354,1441.3594581647028,500.3721304170411,-1791.5825560788007,2225.6530435129876,620.3761531468344,2954.731925673103,2378.5595310475856
patient_276,496.0,19.84,217.34120292405626,-1364.3351651091145,1450.0531062816651,481.3908860779636,-474.53110847693694,2244.908678956106,443.1440896900607,-4430.801586419344,2396.2852946351877
patient_276,497.0,19.88,228.40335223676936,276.5537328178276,1459.1892403711358,312.9765295178737,-4210.358914002248,2257.427740136821,312.90688886313137,-3255.9300206732332,2408.801570189713
patient_276,498.0,19.92,175.53240895466328,-1321.773582052652,1466.2105367293223,104.17923987113062,-5219.932241168577,2261.594909731666,205.3888624372538,-2687.950660646939,2417.0171246872032
patient_276,499.0,19.96,80.01733207318249,-2387.87692203702,1469.4112300122497,75.4420393371729,-718.430013348943,2264.6125913051533,34.526087452147,-4271.56937462767,2418.3981681852893
patient_276,500.0,20.0,86.90103527607965,172.09258007242914,1472.887271423293,106.42096570731417,774.4731592535317,2268.869429933446,125.9538933861461,2285.695148349978,2423.436323920735
patient_276,501.0,20.04,104.4408691886667,438.49584781467604,1477.0649061908396,68.81210689349037,-940.221470345595,2271.6219142091854,48.338923305187755,-1940.374252023959,2425.3698808529425
patient_276,502.0,20.08,68.29497877278335,-903.6472603970835,1479.796705341751,60.19414803159339,-215.44897154742432,2274.0296801304494,23.605704490340134,-618.3304703711906,2426.314109032556
patient_276,503.0,20.12,33.490984489948346,-870.0998570708751,1481.1363447213487,58.2150098830184,-49.47845371437474,2276.35828052577,109.69509430775955,2152.2347454354854,2430.701912804867
patient_276,504.0,20.16,31.896561503353915,-39.86057466486077,1482.4122071814827,48.63922927355976,-239.3945152364662,2278.3038496967124,172.47814127214284,1569.576174109582,2437.6010384557526
patient_276,505.0,20.2,14.502825837009935,-434.84339165859944,1482.992320214963,142.08019313050386,2336.0240964236027,2283.9870574219326,129.9864534702111,-1062.2921950482933,2442.800496594561
patient_276,506.0,20.24,19.514957295031955,125.30328645055052,1483.7729185067644,49.02955388722008,-2326.265981082094,2285.9482395774216,90.4189218168422,-989.1882913342225,2446.4172534672343
patient_276,507.0,20.28,17.66561265170925,-46.233616083067645,1484.479543012833,55.083314918196756,151.34402577441682,2288.15157217415,20.76145308266973,-1741.4367183543118,2447.2477115905413
patient_276,508.0,20.32,11.577448026054869,-152.20411564135952,1484.9426409338748,27.45105006271844,-690.8066213869579,2289.2496141766587,33.841223671763366,326.9942647273409,2448.601360537412
patient_276,509.0,20.36,24.5356317721348,323.95459365199827,1485.9240662047605,24.831143688927725,-65.4976593447679,2290.2428599242157,54.100196348364605,506.47431691503095,2450.7653683913463
patient_276,510.0,20.4,30.905343630865644,159.24279646827114,1487.1602799499951,22.74303792851102,-52.20264401041766,2291.1525814413562,47.458352835811404,-166.04608781383004,2452.663702504779
patient_276,511.0,20.44,41.44411396301062,263.46925830362443,1488.8180445085154,75.09630840389646,1308.831761884636,2294.156433777512,64.09059527029049,415.80606086197724,2455.2273263155903
patient_276,512.0,20.48,20.2967131273459,-528.685020891618,1489.6299130336092,107.2532370258639,803.9232155491859,2298.4465632585466,109.35665149302969,1131.65140556848,2459.6015923753116
patient_276,513.0,20.52,70.61248392970334,1257.8942700589362,1492.4544123907974,10.770916661757177,-2412.058009102668,2298.877399925017,26.519279561160246,-2070.934298296736,2460.662363557758
patient_276,514.0,20.56,97.74986969120368,678.4346440375085,1496.3644071784456,119.67585994106808,2722.623581982773,2303.6644343226594,32.37537894124216,146.40248450204786,2461.9573787154077
patient_276,515.0,20.6,29.751571892011928,-1699.957444979794,1497.5544700541259,48.00027647908798,-1791.8895865495024,2305.584445381823,26.91351685292716,-136.54655220787504,2463.0339193895247
patient_276,516.0,20.64,28.054689690600846,-42.422055035277054,1498.6766576417501,44.32148394026265,-91.96981347063317,2307.357304739434,95.70234102862383,1719.7206043924168,2466.86201303067
patient_276,517.0,20.68,55.406979356891654,683.8072416572702,1500.8929368160257,73.93161338186327,740.2532360400155,2310.3145692747084,105.51218201924952,245.24602476564218,2471.0825003114396
patient_276,518.0,20.72,62.54648702461499,178.4876916930834,1503.3947962970103,64.03578528425122,-247.39570244030133,2312.8760006860784,57.4226775874923,-1202.2376107939306,2473.3794074149396
patient_276,519.0,20.76,72.2508149162255,242.60819729026258,1506.2848288936593,73.36590547831989,233.25300485171675,2315.810636905211,17.438011650344816,-999.6166484286871,2474.0769278809535
patient_276,520.0,20.8,7.879047042582313,-1609.2941968410794,1506.5999907753626,74.47736509819138,27.78649049678741,2318.7897315091386,31.002074390297842,339.10156849882566,2475.3170108565655
patient_276,521.0,20.84,45.956765993781005,951.9429737799672,1508.4382614151139,59.89994390657905,-364.43552979030846,2321.1857292654017,71.40779873361952,1010.1431085830418,2478.17332280591
patient_276,522.0,20.88,33.111272913664585,-321.13732700291047,1509.7627123316604,5.682584652346749,-1355.4339813558074,2321.413032651496,33.341985816136344,-951.6453229370793,2479.5070022385557
patient_276,523.0,20.92,26.89837835003259,-155.32236409079988,1510.8386474656616,61.79134527198296,1402.7190154909053,2323.884686462375,152.09786380721832,2968.8969497770495,2485.5909167908444
patient_276,524.0,20.96,29.947416782345382,76.22596080781977,1512.0365441369554,36.09753267938003,-642.3453148150733,2325.3285877695503,143.67916680147837,-210.4674251434986,2491.3380834629033
patient_276,525.0,21.0,5.425447928971545,-613.0492213343459,1512.2535620541144,16.638789657063466,-486.4685755579141,2325.994139355833,72.18119316750928,-1787.4493408492274,2494.225331189604
patient_276,526.0,21.04,13.77872732871084,208.83198499348237,1512.8047111472627,110.25422632942144,2340.3859168089493,2330.40430840901,275.8876753972881,5092.66205574447,2505.2608382054955
patient_276,527.0,21.08,73.42378362405135,1491.1264073835127,1515.7416624922248,125.72363207655658,386.73514367837856,2335.433253692072,289.04558070997626,328.9476328172043,2516.8226614338946
patient_276,528.0,21.12,12.324694334604702,-1527.4772322361664,1516.2346502656087,164.30908646001637,964.6363595864948,2342.005617150473,209.78689805106296,-1981.4670664728326,2525.214137355937
patient_276,529.0,21.16,49.12073220852576,919.9009468480265,1518.1994795539497,203.4034812974163,977.3598709349983,2350.1417564023695,208.0287105482306,-43.954687570808915,2533.535285777866
patient_276,530.0,21.2,3.8027303065909988,-1132.950047548369,1518.3515887662134,99.12347901150002,-2607.0000571479072,2354.1066955628294,114.01318369212119,-2350.388171402735,2538.095813125551
patient_276,531.0,21.24,22.058220092170362,456.3872446394841,1519.2339175699003,195.77872220981268,2416.3810799578164,2361.9378444512217,280.32517496707584,4157.799781873867,2549.308820124234
patient_276,532.0,21.28,53.922688777741925,796.6117171392891,1521.3908251210098,86.65787695667674,-2728.0211313283985,2365.404159529489,76.62093953618928,-5092.605885772165,2552.3736577056816
patient_276,533.0,21.32,42.63135214946454,-282.28341570693465,1523.0960792069884,62.07583292799714,-614.55110071699,2367.8871928466087,31.980889180994982,-1116.0012588798577,2553.652893272921
patient_276,534.0,21.36,33.09373180501238,-238.44050861130395,1524.419828479189,99.40216122403596,933.1582074009706,2371.8632792955705,121.75994373466732,2244.4763638418085,2558.5232910223076
patient_276,535.0,21.4,97.92136201717831,1620.6907553041483,1528.3366829598763,120.01608326070331,515.3480509166836,2376.6639226259986,80.36991159074395,-1034.750803598084,2561.7380874859377
patient_276,536.0,21.44,88.66083852766694,-231.51308723778428,1531.883116500983,142.09441492833275,551.958291690736,2382.3476992231317,73.82480769215533,-163.62759746471554,2564.6910797936234
patient_276,537.0,21.48,102.42317730130007,344.0584693408283,1535.9800435930351,106.26969241273842,-895.6180628898583,2386.5984869196413,47.505297844350096,-657.9877461951309,2566.5912917073974
patient_276,538.0,21.52,107.88319426053738,136.50042398093268,1540.2953713634568,47.7396640450708,-1463.2507091916905,2388.5080734814437,49.78251512038432,56.93043190085554,2568.582592312213
patient_276,539.0,21.56,62.28041106088815,-1140.0695799912307,1542.786587805892,197.53844718916312,3744.9695786023076,2396.4096113690107,195.83820480103603,3651.3922420162926,2576.4161205042546
patient_276,540.0,21.6,109.91305755396189,1190.8161623268436,1547.1831101080504,103.63717376816365,-2347.531835524987,2400.555098319737,48.276165872322736,-3689.0509732178325,2578.3471671391476
patient_276,541.0,21.64,36.593114156225944,-1832.9985849433988,1548.6468346742995,57.338071977054085,-1157.477544777739,2402.8486211988193,104.5726917828048,1407.4131477620515,2582.53007481046
patient_276,542.0,21.68,80.49474466983453,1097.5407628402147,1551.866624461093,211.10807453472256,3844.250063941712,2411.292944180208,260.9048585282333,3908.3041686357133,2592.9662691515896
patient_276,543.0,21.72,115.37567555464808,872.0232721203388,1556.481651483279,272.1785033531351,1526.7607204603137,2422.1800843143337,300.50245730459716,989.939969409096,2604.9863674437734
patient_276,544.0,21.76,184.20872415841595,1720.8262150941966,1563.8500004496154,339.9432256831004,1694.1180582491327,2435.7778133416573,445.6499639755489,3628.6876667737943,2622.812366002795
patient_276,545.0,21.8,205.48555388400456,531.9207431397153,1572.0694226049757,348.92255966711343,224.48334960032525,2449.734715728342,398.825871445735,-1170.6023132453481,2638.7654008606246
patient_276,546.0,21.84,235.0796614998864,739.8526903970463,1581.472609064971,301.1479502818065,-1194.365234632673,2461.780633739614,319.04823560319494,-1994.4408960635017,2651.5273302847527
patient_276,547.0,21.88,242.9851433750938,197.63704688018464,1591.192014799975,293.0815901104402,-201.65900428415853,2473.503897344032,296.50382950205733,-563.6101525284403,2663.387483464835
patient_276,548.0,21.92,206.36441386408265,-915.5182377752787,1599.4465913545382,217.40691904996635,-1891.8667765118457,2482.2001741060308,220.03100251072883,-1911.8206747832126,2672.1887235652644
patient_276,549.0,21.96,270.19219745977614,1595.6945898923373,1610.2542792529293,207.38116237148535,-250.64391696202506,2490.49542060089,214.58123000515093,-136.24431263944743,2680.7719727654703
patient_276,550.0,22.0,154.9085644670189,-2882.090824818931,1616.45062183161,162.98396382228228,-1109.9299637300767,2497.0147791537815,130.02593168057408,-2113.8824581144213,2685.9730100326933
patient_276,551.0,22.04,110.95327845401938,-1098.8821503249876,1620.8887529697708,108.36871335560166,-1365.3812616670155,2501.3495276880053,130.84333504622273,20.435084141216464,2691.2067434345427
patient_276,552.0,22.08,49.87830262023983,-1526.8743958444888,1622.8838850745803,62.49966863055201,-1146.726118126241,2503.849514433228,148.06959238444577,430.6564334555759,2697.1295271299205
patient_276,553.0,22.12,17.65112626162859,-805.6794089652809,1623.5899301250454,55.19795650532993,-182.54280313055204,2506.057432693441,65.07594614587963,-2074.8411559641536,2699.7325649757554
patient_276,554.0,22.16,18.233666352487518,14.563502271473183,1624.319276779145,46.694223442647804,-212.59332656705308,2507.9252016311466,6.47636752728292,-1464.9894654649177,2699.9916196768468
patient_276,555.0,22.2,50.43554386493839,805.0469378112717,1626.3366985337425,62.497779678537874,395.0889058972518,2510.425112818288,58.686856101425676,1305.2622143535689,2702.339093920904
patient_276,556.0,22.24,40.28952282102701,-253.6505260977844,1627.9482794465835,44.889920353183385,-440.1964831338622,2512.2207096324155,84.0381851272657,633.7832256460008,2705.7006213259947
patient_276,557.0,22.28,62.68330273708438,559.8444979014342,1630.4556115560667,59.19879046815962,357.7217528744059,2514.588661251142,86.1325397656737,52.35886596019981,2709.1459229166217
patient_276,558.0,22.32,105.93690337702898,1081.340015998615,1634.6930876911479,188.28521129473762,3227.1605206644504,2522.1200697029317,42.38265840394611,-1093.7470340431896,2710.8412292527796
patient_276,559.0,22.36,67.84323852464506,-952.341621309598,1637.4068172321336,59.53344182082203,-3218.79423684789,2524.5014073757643,39.6730101242279,-67.74120699295523,2712.4281496577487
patient_276,560.0,22.4,55.00147898344398,-321.043988530027,1639.6068763914714,63.47544936392417,98.55018857755357,2527.0404253503216,93.16799257527133,1337.3745612760856,2716.1548693607597
patient_276,561.0,22.44,36.09185796919341,-472.7405253562642,1641.0505507102391,125.7163859138961,1556.0234137492985,2532.0690807868773,155.66661084357742,1562.4654567076523,2722.3815337945025
patient_276,562.0,22.48,171.4225824229732,3383.268111344495,1647.9074540071579,28.191623077223014,-2438.1190709168272,2533.1967457099663,149.90679205881816,-143.99546961898153,2728.377805476855
patient_276,563.0,22.52,262.4954212505047,2276.8209706882876,1658.407270857178,254.10942769783043,5647.945115515185,2543.3611228178797,297.04346103732837,3678.416724462755,2740.2595439183483
patient_276,564.0,22.56,369.2323293237083,2668.4227018300903,1673.1765640301264,519.3135524105228,6630.103117817309,2564.1336649143004,503.0241439294083,5149.517072301998,2760.3805096755245
patient_276,565.0,22.6,426.9949261553016,1444.0649207898318,1690.2563610763384,538.953894747499,491.0085584244058,2585.691820704201,634.9672198356469,3298.5768976559657,2785.77919846895
patient_276,566.0,22.64,268.69128925431664,-3957.5909225246237,1701.0040126465112,562.8708328484669,597.9234525241964,2608.206654018139,564.2869757168623,-1767.0061029696144,2808.350677497625
patient_276,567.0,22.68,291.9314096435347,581.0030097304519,1712.6812690322527,543.1694623466392,-492.53426254569206,2629.9334325120053,404.5701574374168,-3992.9204569861386,2824.5334837951214
patient_276,568.0,22.72,251.4319042900712,-1012.487633836588,1722.7385452038552,296.70758228718745,-6161.547001486294,2641.8017358034926,315.4565072582349,-2227.8412544795474,2837.151744085451
patient_276,569.0,22.76,204.85631767535924,-1164.3896653677991,1730.9327979108698,117.07669033628414,-4490.772298772583,2646.4848034169436,228.7718036283443,-2167.1175907472657,2846.3026162305846
patient_276,570.0,22.8,106.65284293902806,-2455.0868684082793,1735.198911628431,69.57891560161511,-1187.444368366726,2649.2679600410083,83.62619197103932,-3628.6402914326245,2849.6476639094262
patient_276,571.0,22.84,85.99408381151878,-516.4689781877321,1738.638674980892,158.01011044782106,2210.779871155149,2655.588364458921,43.60327287866889,-1000.5729773092608,2851.391794824573
patient_276,572.0,22.88,70.47459338629886,-387.9872606304979,1741.4576587163438,86.65906007677773,-1783.7762592760832,2659.0547268619925,61.48438525431384,447.0278093911238,2853.8511702347455
patient_276,573.0,22.92,139.34272814904799,1721.703369068728,1747.0313678423058,117.80217414557893,778.5778517200299,2663.7668138278154,16.55488164171099,-1123.2375903150714,2854.513365500414
patient_276,574.0,22.96,119.17279095551118,-504.2484298384203,1751.7982794805264,154.7561084717807,923.848358155044,2669.9570581666862,205.8585550031941,4732.591834037078,2862.747707700542
patient_276,575.0,23.0,117.57432077032777,-39.961754629585045,1756.5012523113394,101.81435193957502,-1323.5439133051418,2674.0296322442696,145.10813821884622,-1518.7604196086972,2868.552033229296
patient_276,576.0,23.04,93.58715409188656,-599.6791669610303,1760.244738475015,36.4946506034815,-1632.9925334023378,2675.489418268409,178.26333205496476,828.8798459029636,2875.6825665114943
patient_276,577.0,23.08,68.07792728988616,-637.73067005001,1762.9678555666105,74.40694296012413,947.8073089160656,2678.4656959868134,94.56873001962903,-2092.3650508833935,2879.4653157122793
patient_276,578.0,23.12,75.34032093220146,181.55984105788258,1765.9814684038984,23.652244985780705,-1268.8674493585856,2679.411785786245,107.84558952366119,331.92148760080397,2883.7791392932254
patient_276,579.0,23.16,58.261660781678934,-426.96650376306326,1768.3119348351656,45.12170317338544,536.7364546901184,2681.2166539131804,48.359244561801745,-1487.158624046486,2885.7135090756974
patient_276,580.0,23.2,67.87437032335407,240.31773854187844,1771.0269096481,41.10084986211858,-100.52133278167155,2682.860687907665,131.30842088461466,2073.7294080703227,2890.965845911082
patient_276,581.0,23.24,53.443707238584324,-360.7665771192437,1773.1646579376434,55.38245533436941,357.04013680627077,2685.0759861210404,39.310552059788954,-2299.9467206206427,2892.5382679934737
patient_276,582.0,23.28,54.9533310271254,37.74059471352693,1775.3627911787285,115.10230795665666,1492.9963155571813,2689.6800784393063,69.98889951389013,766.9586863525294,2895.337823974029
patient_276,583.0,23.32,18.262435472165706,-917.2723888739924,1776.0932885976151,7.331063871005621,-2694.281102141276,2689.9733209941464,29.192829623755262,-1019.9017472533718,2896.5055371589797
patient_276,584.0,23.36,17.74307883448766,-12.983915941951096,1776.8030117509945,101.67696709541953,2358.6475806103476,2694.0403996779637,32.65010537453482,86.43189376948888,2897.8115413739606
patient_276,585.0,23.4,70.24490773425597,1312.545722494208,1779.6128080603646,100.21820618881544,-36.4690226651021,2698.049127925516,63.65141541763653,775.0327510775428,2900.3575979906664
patient_276,586.0,23.44,55.38682501328886,-371.4520680241778,1781.8282810608962,141.79522778042482,1039.4255397902346,2703.720937036733,134.74455218304823,1777.3284191352925,2905.7473800779885
patient_276,587.0,23.48,34.81671092638454,-514.2528521726082,1783.2209494979513,50.16142694287056,-2290.8450209388566,2705.727394114448,87.09481197932087,-1191.243505093184,2909.2311725571612
patient_276,588.0,23.52,128.5146336876216,2342.4480690309265,1788.3615348454562,129.06443630890436,1972.575234150845,2710.8899715668044,14.23959839041637,-1821.3803397226122,2909.8007564927775
patient_276,589.0,23.56,155.783264693945,681.7157751580851,1794.5928654332138,157.56850334683568,712.6016759482831,2717.1927117006776,227.74402900538612,5337.610765374244,2918.9105176529933
patient_276,590.0,23.6,168.44532223522106,316.5514385319014,1801.3306783226228,298.47376912059315,3522.6316443439364,2729.1316624655014,413.51246181663174,4644.2108202811405,2935.4510161256585
patient_276,591.0,23.64,45.68045805802889,-3069.121604429804,1803.157896644944,252.74767615749883,-1143.152324077358,2739.2415695118016,418.9331704769363,135.51771650761424,2952.208342944736
patient_276,592.0,23.68,191.6592891094071,3649.4707762844555,1810.82426820932,278.02993483801794,632.0564670129777,2750.362766905322,407.2150374291169,-292.9533261954859,2968.496944441901
patient_276,593.0,23.72,172.03919865985446,-490.5022612388159,1817.7058361557145,415.17841300179276,3428.7119540943704,2766.969903425394,477.2002120450404,1749.6293653980886,2987.5849529237025
patient_276,594.0,23.76,212.40156351368356,1009.0591213457274,1826.2018986962617,436.7450757981992,539.1665699101609,2784.439706457322,380.04342026395466,-2428.919794527144,3002.786689734261
patient_276,595.0,23.8,360.16806909192724,3694.162639456092,1840.6086214599386,378.4733151416506,-1456.7940164137156,2799.578639062988,373.71822836491407,-158.12979747601474,3017.735418868858
patient_276,596.0,23.84,332.6420752568615,-688.149845876643,1853.914304470213,351.74329570747125,-668.2504858544831,2813.648370891287,316.01232415528415,-1442.647605240748,3030.375911835069
patient_276,597.0,23.88,277.4111562675732,-1380.7729747322085,1865.010750720916,374.96855113200917,580.631385613448,2828.6471129365673,298.15312932005406,-446.4798708807521,3042.302037007871
patient_276,598.0,23.92,199.81438052139345,-1939.9193936544932,1873.0033259417717,217.26224933224302,-3942.657544994154,2837.3376029098567,269.58144004760345,-714.2922318112653,3053.0852946097752
patient_276,599.0,23.96,10.245169808463002,-4739.230267823261,1873.4131327341101,29.353416400791303,-4697.720823286293,2838.5117395658885,7.75381277078905,-6545.69068192036,3053.395447120607
patient_276,600.0,24.0,300.73148734151687,7262.157938326347,1885.4423922277708,204.52806503288616,4379.366215802372,2846.692862167204,279.25636203824837,6787.563731686482,3064.565701602137
patient_276,601.0,24.04,147.0433133603422,-3842.2043495293665,1891.3241247621845,89.31355158106143,-2880.3628362956183,2850.2654042304466,89.7284815081004,-4738.197013253699,3068.1548408624612
patient_276,602.0,24.08,143.20079277504567,-96.06301463241351,1897.0521564731864,166.32565140845807,1925.302495684916,2856.918430286785,156.8136893111089,1677.1301950752124,3074.4273884349054
patient_276,603.0,24.12,50.868395011736666,-2308.309944082725,1899.0868922736556,132.02787796390479,-857.4443361138322,2862.1995454053413,130.1627155793072,-666.2743432950429,3079.6338970580778
patient_276,604.0,24.16,25.97245052286615,-622.3986122217628,1900.1257902945704,92.94618302445538,-977.0423734862352,2865.9173927263196,49.105316190958575,-2026.4349847087153,3081.5981097057165
patient_276,605.0,24.2,9.27797792916001,-417.36181484265353,1900.4969094117366,41.97121158126404,-1274.3742860797834,2867.59624118957,58.05521698267401,223.7475197928859,3083.920318385023
patient_276,606.0,24.24,58.79319524205338,1237.8804328223343,1902.8486372214188,79.42970877639283,936.4624298782196,2870.773429540626,39.37828555639456,-466.9232856569863,3085.495449807279
patient_276,607.0,24.28,64.37159170142458,139.45991148427996,1905.423500889476,90.12041913081656,267.26775886059323,2874.3782463058583,24.909400667345142,-361.7221222262354,3086.4918258339726
patient_276,608.0,24.32,93.94092291366198,739.2332803059351,1909.1811378060227,46.344649781538024,-1094.3942337319634,2876.2320322971195,47.25644378052413,558.6760778294747,3088.3820835851934
patient_276,609.0,24.36,11.183734924148844,-2068.9296997378287,1909.6284872029885,52.442234526590575,152.43961862631377,2878.3297216781834,27.217278388253977,-500.97913480675385,3089.470774720724
patient_276,610.0,24.4,102.06614360303766,2272.0602169722206,1913.71113294711,70.32975731607873,447.1880697372038,2881.142911970827,43.55508097684531,408.44506471478337,3091.2129779597976
patient_276,611.0,24.44,109.13027323071059,176.60324069182315,1918.0763438763381,42.71918808800264,-690.2642307019022,2882.8516794943466,28.90614399143184,-366.22342463533676,3092.369223719455
patient_276,612.0,24.48,523.1550993473298,10350.62065291548,1939.0025478502314,463.6317055387795,10522.812936269422,2901.3969477158976,524.8766923470713,12399.263708890985,3113.364291413338
patient_276,613.0,24.52,390.33143000728126,-3320.5917335012145,1954.6158050505226,374.8134994629317,-2220.455151896195,2916.389487694415,517.3680675171304,-187.71562074852284,3134.0590141140233
patient_276,614.0,24.56,360.90082514344715,-735.7651215958526,1969.0518380562605,449.5297687882215,1867.9067331322444,2934.370678445944,624.0293134351648,2666.53114795086,3159.02018665143
patient_276,615.0,24.6,272.49468617653093,-2210.1534741729056,1979.9516255033218,794.933114034133,8635.083631147789,2966.16800300731,854.0915679671801,5751.556363300384,3193.183849370117
patient_276,616.0,24.64,382.04337826433743,2738.7173021951626,1995.2333606338952,493.81685316629137,-7527.906521696042,2985.9206771339614,622.1279741696874,-5799.089844937319,3218.0689683369046
patient_276,617.0,24.68,415.17386319249306,828.2621232038906,2011.840315161595,338.77837719473433,-3875.961899288926,2999.471812221751,264.95267018878866,-8929.382599522469,3228.6670751444562
patient_276,618.0,24.72,268.71065196189363,-3661.5802807649857,2022.5887412400707,444.74239771714974,2649.1005130603853,3017.261508130437,326.19419321875534,1531.038075749167,3241.714842873207
patient_276,619.0,24.76,198.9375250442816,-1744.3281729403004,2030.546242241842,58.475852253815766,-9656.66363658335,3019.60054222059,158.95255341237,-4181.040995159633,3248.0729450097015
patient_276,620.0,24.8,46.19484057963472,-3818.567111616172,2032.3940358650275,80.30205823117757,545.655149434045,3022.8126245498365,40.14480586118758,-2970.193688779561,3249.678737244149
patient_276,621.0,24.84,47.71343391745559,37.964833445521684,2034.3025732217257,96.88124169790274,414.47958666812923,3026.687874217753,22.109456740312428,-450.88372802187877,3250.563115513761
patient_276,622.0,24.88,42.77697512518475,-123.41146980677102,2036.013652226733,101.27200064701505,109.76897372780776,3030.7387542436336,45.231607639248786,578.0537724734089,3252.372379819331
patient_276,623.0,24.92,31.44103778792911,-283.39843343139097,2037.2712937382503,55.54945983148769,-1143.063520388184,3032.9607326368928,78.38140928830931,828.7450412265132,3255.5076361908636
patient_276,624.0,24.96,100.70509641360312,1731.6014656418502,2041.2994975947943,126.17515107885558,1765.6422811841971,3038.007738680047,86.36397898622053,199.56424244778043,3258.9621953503124
patient_276,625.0,25.0,82.7224371682087,-449.5664811348604,2044.6083950815228,52.98189893551978,-1829.8313035833949,3040.127014637468,43.47315622265305,-1072.270569089187,3260.7011215992184
patient_276,626.0,25.04,48.687853993355986,-850.8645793713179,2046.5559092412568,42.445363707330856,-263.4133807047231,3041.8248291857617,13.167463371098275,-757.6423212888694,3261.2278201340623
patient_276,627.0,25.08,54.9828884313003,157.3758609486079,2048.755224778509,42.31551596510576,-3.2461935556273858,3043.517449824366,5.577123350606909,-189.75850051228414,3261.4509050680867
patient_276,628.0,25.12,73.26616358110324,457.0818787450735,2051.685871321753,80.73657099794727,960.5263758210377,3046.746912664284,18.97165538638033,334.8633008943355,3262.209771283542
patient_276,629.0,25.16,91.14600058480008,446.99592509242086,2055.331711345145,40.393363016313,-1008.5801995408566,3048.362647184936,40.2967411896202,533.1271450809967,3263.8216409311267
patient_276,630.0,25.2,6.845258537154431,-2107.518551191141,2055.605521686631,38.615439366624905,-44.44809124220246,3049.9072647596013,39.491322620440314,-20.135464229497124,3265.401293835944
patient_276,631.0,25.24,92.04488312214308,2129.990614624716,2059.287317011517,53.860723474316956,381.13210269230126,3052.0616936985734,15.81727928841422,-591.8510833006524,3266.033985007481
patient_276,632.0,25.28,70.0159572169043,-550.7231476309695,2062.0879553001932,72.2073682321507,458.6661189458436,3054.9499884278594,29.62221408091029,345.12336981240173,3267.2188735707173
patient_276,633.0,25.32,82.14075498446485,303.1199441890138,2065.373585499572,167.89854124915917,2392.2793254252115,3061.665930077826,30.215225849135006,14.825294205617912,3268.427482604683
patient_276,634.0,25.36,43.619939760727284,-963.0203805934391,2067.118383090001,45.25763614286955,-3066.0226276572403,3063.4762355235407,55.023774541050194,620.2137172978797,3270.628433586325
patient_276,635.0,25.4,130.9292987134844,2182.733973818928,2072.3555550385404,234.1510433787541,4722.335180897114,3072.8422772586905,277.9829550650416,5573.979513099785,3281.747751788927
patient_276,636.0,25.44,355.66022423536083,5618.27313804691,2086.581964007955,1012.7030229126839,19463.799488348242,3113.350398175198,1112.2494661048909,20856.662775996232,3326.2377304331226
patient_276,637.0,25.48,292.15015578592437,-1587.7517112359114,2098.2679702393916,329.8707008981318,-17070.808050363805,3126.545226211123,373.57524942333816,-18466.855417038816,3341.180740410056
patient_276,638.0,25.52,369.3244843598264,1929.3582143475505,2113.040949613785,726.1129100278041,9906.055228241807,3155.589742612235,584.8621979077637,5282.17371211064,3364.575228326366
patient_276,639.0,25.56,303.4296102772429,-1647.3718520645875,2125.1781340248745,333.47354164722447,-9815.98420951449,3168.928684278124,458.95482833463956,-3147.6842393281045,3382.9334214597516
patient_276,640.0,25.6,250.78383994315558,-1316.1442583521825,2135.209487622601,192.59603288730614,-3521.937718997958,3176.6325255936163,307.0144520668996,-3798.509406693499,3395.2139995424277
patient_276,641.0,25.64,17.357804919158085,-5835.6508755999375,2135.903799819367,64.75371743996703,-3196.0578861834774,3179.222674291215,31.830692511631604,-6879.5939888817,3396.487227242893
patient_276,642.0,25.68,221.97630480935618,5115.462497254953,2144.7828520117414,203.05547228233866,3457.5438710592907,3187.3448931825087,240.6766562240247,5221.149092809827,3406.114293491854
patient_276,643.0,25.72,206.10666369363747,-396.7410278929677,2153.027118559487,234.8789914863293,795.5879800997664,3196.7400528419616,235.48252004914346,-129.85340437203092,3415.5335942938195
patient_276,644.0,25.76,141.90231102134467,-1605.10881680732,2158.7032110003406,64.74612965203976,-4253.321545857239,3199.3298980280433,156.99912512404697,-1962.0848731274123,3421.8135592987815
patient_276,645.0,25.8,123.80768173196647,-452.3657322344551,2163.6555182696193,101.63561714040661,922.2371872091713,3203.3953227136594,131.7155604356179,-632.0891172107267,3427.0821817162064
patient_276,646.0,25.84,23.462983282246846,-2508.617461242991,2164.5940376009094,104.7794060280125,78.59472219014734,3207.58649895478,109.53462138347105,-554.5234763036714,3431.463566571545
patient_276,647.0,25.88,51.17424398862517,692.7815176594581,2166.6410073604543,41.658698762069925,-1578.0176816485643,3209.2528469052627,22.493191561731066,-2176.0357455434996,3432.3632942340146
patient_276,648.0,25.92,104.75627778257902,1339.5508448488463,2170.8312584717573,108.84979243638203,1679.7773418578024,3213.6068386027177,95.05045165761298,1813.9315023970478,3436.1653123003193
patient_276,649.0,25.96,41.07804667644987,-1591.9557776532288,2172.4743803388155,36.75776813527725,-1802.3006075276194,3215.0771493281286,63.95915540116956,-777.2824064110855,3438.723678516366
patient_276,650.0,26.0,38.1091240579546,-74.22306546238175,2173.9987453011336,100.91496756121145,1603.9299856483553,3219.113748030577,58.95781581794041,-125.03348958072884,3441.0819911490835
patient_276,651.0,26.04,92.11873439561886,1350.2402584416063,2177.683494676958,48.11879817524546,-1319.9042346491499,3221.0384999575867,77.69686405907102,468.47620602826527,3444.189865711446
patient_276,652.0,26.08,9.764817198876163,-2058.8479299185674,2178.0740873649133,30.680601494548075,-435.9549170174346,3222.2657240173685,22.593360120699998,-1377.5875984592756,3445.0936001162745
patient_276,653.0,26.12,46.142894792091276,909.4519398303778,2179.919803156597,83.52848375547623,1321.197056523204,3225.6068633675877,79.75755424985628,1429.1048532289071,3448.2839022862686
patient_276,654.0,26.16,40.14751915890299,-149.88439082970723,2181.525703922953,48.13842813844993,-884.7513904256575,3227.532400493126,56.35041004131667,-585.1786052134903,3450.537918687921
patient_276,655.0,26.2,91.45983048575795,1282.807783171374,2185.1840971423835,79.9751580011145,795.918246566614,3230.731406813171,39.936853269501256,-410.3389192953854,3452.1353928187013
patient_276,656.0,26.24,174.21290552925873,2068.82687608752,2192.1526133635543,112.71421925662081,818.4765313876578,3235.239975583436,238.556732724705,4965.496986380093,3461.6776621276895
patient_276,657.0,26.28,150.35396414110554,-596.47353470383,2198.166771929198,43.339130286560696,-1734.3772242515029,3236.9735407948983,577.4475834889726,8472.271269106688,3484.7755654672487
patient_276,658.0,26.32,399.37570746382465,6225.543583067978,2214.1418002277514,656.7533698017413,15335.355987879515,3263.2436755869676,553.6171919866554,-595.7597875579296,3506.920253146715
patient_276,659.0,26.36,331.45702028717716,-1697.9671794161873,2227.4000810392386,526.8128882771738,-3248.5120381141883,3284.3161911180546,560.2901122615337,166.82300687195948,3529.331857637176
patient_276,660.0,26.4,390.4377293824245,1474.5177273811832,2243.017590214535,606.8332819226952,2000.5098411380345,3308.5895223949624,596.4434377888388,903.8331381826254,3553.18959514873
patient_276,661.0,26.44,142.35319109214208,-6202.11345725706,2248.711717858221,119.16542862815157,-12191.69633236359,3313.3561395400884,90.20729069016146,-12655.903677466933,3556.7978867763363
patient_276,662.0,26.48,60.372367285361314,-2049.520595169519,2251.1266125496354,69.36915655479751,-1244.9068018338514,3316.1309058022803,6.912291342445513,-2082.3749836928987,3557.0743784300344
patient_276,663.0,26.52,82.42611021782362,551.3435733115576,2254.423656958348,281.7813959200422,5310.305984131117,3327.402161639082,89.62492824326392,2067.8159225204604,3560.659375559765
patient_276,664.0,26.56,116.93167412796261,862.6390977534747,2259.100923923467,220.95050856129902,-1520.7721839685796,3336.240181981534,113.86804427653571,606.0779008317948,3565.2140973308265
patient_276,665.0,26.6,144.62243930560822,692.2691294411404,2264.8858214956913,193.9785061467522,-674.3000603636701,3343.9993222274043,175.33506309949712,1536.6754705740352,3572.2274998548064
patient_276,666.0,26.64,85.00008924420776,-1490.5587515350117,2268.2858250654594,155.7609327119088,-955.4393358710854,3350.229759535881,164.14823679573308,-279.67065759410093,3578.7934293266358
patient_276,667.0,26.68,71.64276701829787,-333.9330556477471,2271.1515357461917,111.59942856569222,-1104.0376036554144,3354.6937366785087,115.00835289631556,-1228.4970974854382,3583.3937634424883
patient_276,668.0,26.72,69.09684195655234,-63.648126543638384,2273.9154094244536,106.97372184930745,-115.64266790961923,3358.972685552481,63.656824832363604,-1283.7882015987989,3585.9400364357825
patient_276,669.0,26.76,74.48148324814306,134.61603228976813,2276.8946687543794,74.38245609601904,-814.7816438322103,3361.9479837963218,123.91880008153723,1506.5493812293405,3590.896788439044
patient_276,670.0,26.8,72.78224597482779,-42.48093183288191,2279.8059585933725,88.36666777430354,349.6052919571124,3365.482650507294,72.04579921783844,-1296.8250215924697,3593.778620407758
patient_276,671.0,26.84,97.1921493810809,610.2475851563277,2283.6936445686156,260.34550969407013,4299.471047994164,3375.896470895057,121.50546039234194,1236.4915293625877,3598.638838823452
patient_276,672.0,26.88,23.7670618424455,-1835.627188465885,2284.6443270423133,107.96179853847202,-3809.592778889953,3380.2149428365956,59.262501516542756,-1556.0739718949796,3601.0093388841133
patient_276,673.0,26.92,6.009495404701812,-443.9391609435922,2284.8847068585014,5.266662107710549,-2567.378410769037,3380.4256093209037,16.80911428640045,-1061.3346807535577,3601.6817034555693
patient_276,674.0,26.96,82.84264491677185,1920.828737801751,2288.1984126551724,173.09541475983445,4195.718816303098,3387.3494259112977,57.97632349133009,1029.180230123241,3604.000756395222
patient_276,675.0,27.0,148.14355279510167,1632.5226969582457,2294.1241547669765,240.0512622292059,1673.896186734286,3396.9514764004653,378.2889808402678,8007.816433723443,3619.132315628833
patient_276,676.0,27.04,275.16251162260596,3175.473970687607,2305.130655231881,334.07299723583554,2350.5433751657415,3410.314396289899,299.1391555887367,-1978.7456312882782,3631.0978818523827
patient_276,677.0,27.08,297.05658992882286,547.3519576554224,2317.012918829034,406.0400572973188,1799.1765015370815,3426.5559985817918,508.97637573023314,5245.930503537412,3651.456936881592
patient_276,678.0,27.12,258.582725089168,-961.846620991372,2327.3562278326003,331.49531587193377,-1863.618535634626,3439.815811216669,294.2271981109947,-5368.729440480961,3663.2260248060315
patient_276,679.0,27.16,209.59481762620308,-1224.6976865741224,2335.7400205376484,222.42410830987157,-2726.7801890515548,3448.7127755490637,242.94500564846925,-1282.0548115631368,3672.94382503197
patient_276,680.0,27.2,68.15964386493339,-3535.8793440317427,2338.466406292246,153.77643099757242,-1716.1919328074787,3454.8638327889666,121.0084278821128,-3048.4144441589115,3677.784162147255
patient_276,681.0,27.24,68.94300030356875,19.583910965884144,2341.224126304389,169.54916912587947,394.3184532076764,3461.645799554002,170.23773405804772,1230.7326543983731,3684.5936715095763
patient_276,682.0,27.28,94.967747277486,650.6186743479311,2345.0228361954883,84.69853296215747,-2121.26590409305,3465.033740872488,378.2002588979428,5199.063120997376,3699.721681865494
patient_276,683.0,27.32,151.97034870108152,1425.065035589888,2351.1016501435315,193.5524685247761,2721.348389065465,3472.7758396134795,239.00038575638956,-3479.9968285388304,3709.2816972957494
patient_276,684.0,27.36,212.0302325636232,1501.497096563542,2359.5828594460763,263.97178868612906,1760.4830040338243,3483.3347111609246,334.89834977185967,2397.449100386753,3722.6776312866236
patient_276,685.0,27.4,164.9561438390337,-1176.8522181147375,2366.1811051996374,457.2168509088436,4831.126555567863,3501.623385197278,435.7537998596494,2521.3862521947435,3740.1077832810097
patient_276,686.0,27.44,172.6970328088012,193.5222242441874,2373.0889865119893,331.92008857048995,-3132.419058458841,3514.9001887400977,334.0046294670269,-2543.7292598155623,3753.467968459691
patient_276,687.0,27.48,202.43327909228753,743.4061570871585,2381.186317675681,275.6430034160518,-1406.9271288609543,3525.9259088767403,184.97273062506613,-3725.7974710490194,3760.866877684694
patient_276,688.0,27.52,170.3525791431664,-802.0174987280285,2388.0004208414075,238.74420053380842,-922.470072056084,3535.4756768980924,263.2312167835255,1956.462153961484,3771.3961263560345
patient_276,689.0,27.56,167.8457535299448,-62.67064033053984,2394.7142509826053,194.52259577989545,-1105.5401188478243,3543.2565807292885,201.43518598206356,-1544.9007700365485,3779.453533795317
patient_276,690.0,27.6,148.51333060560185,-483.31057310857375,2400.6547842068294,104.60763116206893,-2247.8741154456634,3547.4408859757714,135.64061311333367,-1644.864321718247,3784.879158319851
patient_276,691.0,27.64,90.619179732473,-1447.3537718282212,2404.279551396128,75.49541613292577,-727.805375728579,3550.4607026210883,100.61638373969808,-875.6057343408897,3788.903813669439
patient_276,692.0,27.68,18.646022444815756,-1799.328932191431,2405.025392293921,75.30438194112432,-4.775854795036238,3553.4728778987333,89.51262946570552,-277.5938568498141,3792.4843188480672
patient_276,693.0,27.72,81.97749956508143,1583.2869280066418,2408.3044922765243,217.387119660887,3552.0684429940675,3562.168362685168,93.11701322644406,90.10959401846357,3796.2089993771247
patient_276,694.0,27.76,76.22060395193724,-143.92239032860488,2411.3533164346018,42.09684600776787,-4382.256841327979,3563.8522365254794,81.84884032921327,-281.7043224307696,3799.482952990293
patient_276,695.0,27.8,175.01530255283063,2469.8674650223347,2418.3539285367146,224.522038960517,4560.629823818728,3572.8331180839,125.47333632605738,1090.6123999211027,3804.5018864433355
patient_276,696.0,27.84,216.84728214624027,1045.799489835241,2427.0278198225647,292.6328748682735,1702.7708976939132,3584.538433078631,352.61566201440735,5678.558142208749,3818.606512923912
patient_276,697.0,27.88,300.88675854986,2100.9869100904934,2439.063290164559,307.9820715341407,383.7299166466792,3596.8577159399965,308.33017346758675,-1107.137213670515,3830.9397198626157
patient_276,698.0,27.92,325.87424870851726,624.687253966431,2452.0982601128994,367.7268211805607,1493.6187411605006,3611.566788787219,360.12500265626744,1294.8707297170174,3845.344719968866
patient_276,699.0,27.96,170.9266716978997,-3873.689425265439,2458.9353269808153,228.90503526655192,-3470.5446478502195,3620.722990197881,222.7763426846191,-3433.7164992912085,3854.255773676251
patient_276,700.0,28.0,138.9931782780286,-798.3373354967774,2464.4950541119365,182.91465262728732,-1149.759565981615,3628.0395763029724,191.19062290103813,-789.6429945895243,3861.9033985922924
patient_276,701.0,28.04,60.2595011856973,-1968.3419273082827,2466.905434159364,119.6959986357983,-1580.4663497872255,3632.827416248404,274.07337060724296,2072.068692655121,3872.866333416582
patient_276,702.0,28.08,86.55021405275104,657.2678216763436,2470.3674427214746,168.44737679328378,1218.784453937137,3639.565311320135,420.27925307140055,3655.1470616039396,3889.6775035394385
patient_276,703.0,28.12,76.34629321844703,-255.09802085760037,2473.4212944502124,123.33253947089558,-1127.8709330597048,3644.4986128989713,177.17590837027768,-6077.583617528072,3896.7645398742497
patient_276,704.0,28.16,135.9038175008943,1488.9381070611814,2478.8574471502484,190.66793369052056,1683.3848554906244,3652.125330246592,278.2091399334865,2525.83078908022,3907.892905471589
patient_276,705.0,28.2,129.1593231083002,-168.61235981485194,2484.0238200745803,279.29381614418304,2215.647061341562,3663.2970828923594,354.09676844763266,1897.1907128536543,3922.0567762094947
patient_276,706.0,28.24,204.07707142311455,1872.9437078703584,2492.186902931505,409.7586079901834,3261.6197961500093,3679.6874272119667,202.80351616874268,-3782.3313069722494,3930.1689168562443
patient_276,707.0,28.28,354.9460370495202,3771.7241406601415,2506.384744413486,324.62104137774,-2128.4391653110843,3692.6722688670766,365.80400801595613,4075.0122961803363,3944.8010771768827
patient_276,708.0,28.32,197.9654552408254,-3924.51454521737,2514.3033626231186,159.1882033461373,-4135.820950790068,3699.039797000922,255.22684821874367,-2764.4289949303115,3955.0101511056328
patient_276,709.0,28.36,120.1418196078176,-1945.5908908251952,2519.1090354074313,146.67779760663933,-312.7601434874492,3704.9069089051877,228.76293000423257,-661.5979553627774,3964.1606683058017
patient_276,710.0,28.4,83.87970458790406,-906.5528754978384,2522.4642235909473,139.07260099664379,-190.12991524988863,3710.4698129450535,120.20417612664106,-2713.968846939788,3968.9688353508677
patient_276,711.0,28.44,98.76953680036779,372.24580531159324,2526.4150050629623,271.66791999171824,3314.882974876861,3721.336529744722,123.75877136649255,88.86488099628735,3973.9191862055277
patient_276,712.0,28.48,84.48054661153911,-357.22475472071693,2529.7942269274236,74.90423820955294,-4919.092044554132,3724.332699273104,39.17068431741286,-2114.7021762269924,3975.486013578224
patient_276,713.0,28.52,61.42267190428632,-576.4468676813199,2532.251133803595,113.67509135341143,969.2713285964622,3728.8797029272405,201.50747276137724,4058.41971109911,3983.5463124886796
patient_276,714.0,28.56,209.29794841037582,3696.8819126522376,2540.6230517400104,265.3403238619372,3791.6308127131438,3739.4933158817175,197.93475985226172,-89.31782272788809,3991.4637028827697
patient_276,715.0,28.6,256.87297121553974,1189.3755701290977,2550.897970588632,299.78205383940525,861.0432494367018,3751.484598035294,375.34727158333175,4435.312793276751,4006.477593746103
patient_276,716.0,28.64,313.4122561859374,1413.4821242599414,2563.4344608360693,405.67434627456606,2647.3073108790204,3767.7115718862765,312.22856213489626,-1577.967736210887,4018.9667362314995
patient_276,717.0,28.68,328.11931043783983,367.67635629756086,2576.559233253583,272.35589748980027,-3332.9612196191447,3778.6058077858684,367.239580708402,1375.2754643376434,4033.6563194598352
patient_276,718.0,28.72,243.86654723705283,-2106.319080019675,2586.313895143065,216.49357330851083,-1396.558104532236,3787.265550718209,182.54098428119997,-4617.464910680051,4040.9579588310826
patient_276,719.0,28.76,105.69390976607593,-3454.3159367744224,2590.5416515337083,104.36555966881502,-2803.200340992395,3791.440173104962,120.63960230266285,-1547.534549463428,4045.783542923189
patient_276,720.0,28.8,42.565562607274835,-1578.2086789700274,2592.2442740379993,32.21394774061892,-1803.7902982049027,3792.7287310145866,188.153016530495,1687.8353556958036,4053.3096635844095
patient_276,721.0,28.84,75.38924148111953,820.5919718461173,2595.259843697244,109.53173077631881,1932.9445758924971,3797.110000245639,317.06212663628946,3222.7277526448615,4065.9921486498606
patient_276,722.0,28.88,121.63642049774607,1156.1794754156635,2600.125300517154,153.59722736855008,1101.6374148057816,3803.253889340381,107.09749407080987,-5249.11581413699,4070.2760484126934
patient_276,723.0,28.92,125.36137480640221,93.12385771640344,2605.13975550941,269.57185265805634,2899.3656322376564,3814.0367634467034,399.89042838050995,7319.823357742502,4086.271665547914
patient_276,724.0,28.96,267.890228911945,3563.221352638569,2615.8553646658875,649.3521432372806,9494.507264480608,3840.010849176195,767.4541827866419,9189.0938601533,4116.9698328593795
patient_276,725.0,29.0,278.42118521099184,263.2739074761716,2626.992212074327,649.3479754097169,-0.1041956890929896,3865.9847681925835,468.5349915451071,-7472.97978103837,4135.711232521184
patient_276,726.0,29.04,394.58125738343426,2904.001804311061,2642.775462369665,495.0261963154186,-3858.044477357458,3885.7858160452,557.1178063173887,2214.57036930704,4157.995944773879
patient_276,727.0,29.08,210.92153568081483,-4591.493042565486,2651.2123237968976,328.567058383552,-4161.478448296664,3898.9284983805424,297.10544508090976,-6500.309030911974,4169.880162577117
patient_276,728.0,29.12,263.85622537903186,1323.3672424554256,2661.7665728120587,284.78845724471023,-1094.465028471045,3910.3200366703304,241.14710042868478,-1398.9586163056244,4179.526046594264
patient_276,729.0,29.16,164.23308514621692,-2490.5785058203733,2668.3358962179072,275.8342870239023,-223.85425552019882,3921.353408151286,119.18711241990961,-3048.999700219379,4184.29353109106
patient_276,730.0,29.2,157.1689894406862,-176.60239263826796,2674.622655795535,192.2727350874038,-2089.0387984124623,3929.0443175547825,131.29403646770663,302.67310119492555,4189.545292549768
patient_276,731.0,29.24,31.8837225105606,-3132.13167325314,2675.8980046959578,83.20388420793184,-2726.721271986799,3932.3724729231,99.13305352368221,-804.0245736006107,4193.510614690716
patient_276,732.0,29.28,151.04275163976203,2978.9757282300357,2681.939714761548,183.45706521728837,2506.3295252339135,3939.710755531791,204.83970983378666,2642.666407752611,4201.704203084067
patient_276,733.0,29.32,171.80046162440905,518.9427496161755,2688.8117332265247,360.3599607999479,4422.572389566488,3954.125153963789,283.32959515334863,1962.2471329890495,4213.037386890201
patient_276,734.0,29.36,362.3989985950069,4764.963424264946,2703.307693170325,418.55381904007237,1454.846456003112,3970.867306725392,370.9896869635735,2191.5022952556214,4227.8769743687435
patient_276,735.0,29.4,332.21991830370234,-754.477007282614,2716.596489902473,346.3488882811745,-1805.1232689724472,3984.7212622566394,414.4866774607409,1087.4247624291854,4244.456441467173
patient_276,736.0,29.44,380.9258832589559,1217.6491238813383,2731.833525232831,321.34699311817405,-625.0473790750107,3997.5751419813664,308.5567270519644,-2648.248760219413,4256.798710549252
patient_276,737.0,29.48,226.63280661090323,-3857.326916201316,2740.898837497267,271.1130741835028,-1255.847973366781,4008.4196649487067,299.0193797177586,-238.4336833551444,4268.759485737963
patient_276,738.0,29.52,100.67138054798508,-3149.0356515729536,2744.9256927191864,347.52332161449516,1910.2561857748085,4022.3205978132864,346.23591127814643,1180.4132890096953,4282.608922189088
patient_276,739.0,29.56,70.90545352046331,-744.1481756880443,2747.7619108600047,179.74820491515231,-4194.377917483571,4029.510526009893,330.7107720043364,-388.1284818452514,4295.837353069262
patient_276,740.0,29.6,49.34442110006509,-539.0258105099555,2749.735687704007,123.33880376815954,-1410.2350286748194,4034.444078160619,236.70238667055148,-2350.2096333446225,4305.305448536084
patient_276,741.0,29.64,75.70869829861938,659.1069299638573,2752.764035635952,159.6662393008221,908.185888316564,4040.8307277326517,201.1769242793803,-888.1365597792794,4313.352525507259
patient_276,742.0,29.68,153.57820940783256,1946.7377777303295,2758.907164012265,213.29665793468115,1340.7604658464763,4049.362594050039,237.23274745035872,901.3955792744604,4322.841835405274
patient_276,743.0,29.72,173.4528504613178,496.8660263371312,2765.845278030718,308.7188417516031,2385.5545954230492,4061.7113477201033,426.65586165830086,4735.577855198554,4339.908069871606
patient_276,744.0,29.76,236.24842447648126,1569.8893503790864,2775.2952150097767,432.9184369558541,3104.9898801062736,4079.028085198337,391.5303507016029,-878.1377739174488,4355.56928389967
patient_276,745.0,29.8,306.68764242055227,1760.9804486017752,2787.562720706599,352.24104999696044,-2016.934673972341,4093.1177271982156,364.9611507061577,-664.2299998861304,4370.167729927916
patient_276,746.0,29.84,186.50167534278532,-3004.6491769441736,2795.0227877203106,308.7599012697677,-1087.028718179819,4105.468123249006,284.53893529623736,-2010.5553852480084,4381.549287339766
patient_276,747.0,29.88,219.59757119793812,827.3973963788201,2803.8066905682285,222.84395566299628,-2147.898640169285,4114.381881475525,306.954923774647,560.3997119602411,4393.827484290752
patient_276,748.0,29.92,190.60805304678033,-724.7379537789449,2811.431012690099,146.58130788292428,-1906.5661945018,4120.245133790842,167.6670976161071,-3482.1956539634975,4400.534168195397
patient_276,749.0,29.96,203.33054350439912,318.06226144046974,2819.5642344302755,231.76274235220362,2129.5358617319835,4129.5156434849305,141.90473082900758,-644.0591696774881,4406.210357428557
patient_276,750.0,30.0,83.30353974074521,-3000.6750940913475,2822.8963760199053,89.97039938201814,-3544.808574254637,4133.114459460211,30.32514921564787,-2789.489540333993,4407.423363397183
patient_276,751.0,30.04,102.50017419562533,479.9158613720032,2826.99638298773,169.0664321960223,1977.400820350104,4139.877116748052,218.8447642501333,4712.990375862135,4416.177153967187
patient_276,752.0,30.08,163.43758181902265,1523.435190584933,2833.533886260491,138.6978747742625,-759.2139355439954,4145.425031739022,173.1260914885585,-1142.96681903937,4423.10219762673
patient_276,753.0,30.12,358.75556215317476,4882.949508353803,2847.884108746618,313.1114217217174,4360.338673686373,4157.949488607891,458.8426919345618,7142.915011150083,4441.455905304113
patient_276,754.0,30.16,327.7714984374595,-774.6015928928813,2860.9949686841164,468.39432981180806,3882.072702252266,4176.685261800364,361.59712673631344,-2431.1391299562088,4455.919790373566
patient_276,755.0,30.2,391.55698999328627,1594.637288895669,2876.6572482838483,326.6987200633756,-3542.3902437108113,4189.753210602898,384.93904693694583,583.5480050158096,4471.317352251043
patient_276,756.0,30.24,358.7947945204987,-819.0548868196885,2891.0090400646677,300.1306103600424,-664.2027425833305,4201.7584350173,272.0048540403858,-2823.354822414001,4482.197546412658
patient_276,757.0,30.28,105.45838219882188,-6333.410308041921,2895.2273753526206,257.41692923340776,-1067.842028165866,4212.0551121866365,323.4567697732145,1286.2978933207173,4495.135817203587
patient_276,758.0,30.32,116.78473328367463,283.1587771213186,2899.8987646839673,246.416462101229,-275.0116783044689,4221.911770670686,258.8854457874222,-1614.283099644807,4505.491235035084
patient_276,759.0,30.36,116.1464452561285,-15.957200688653117,2904.544622494213,118.18139480159965,-3205.876682490734,4226.63902646275,346.58486437755766,2192.485464753386,4519.354629610186
patient_276,760.0,30.4,118.86316400850971,67.9179688095303,2909.2991490545533,220.7407742108248,2563.984485230629,4235.468657431183,448.2692116483719,2542.1086817703554,4537.285398076121
patient_276,761.0,30.44,91.90208095579122,-674.0270763179624,2912.9752322927843,256.211970342532,886.7799032926804,4245.7171362448835,191.7192741493954,-6413.748437474412,4544.9541690420965
patient_276,762.0,30.48,116.26288728836168,609.0201583142616,2917.625747784319,259.81627831838034,90.10769939620786,4256.109787377619,365.82337822189163,4352.602601812406,4559.587104170972
patient_276,763.0,30.52,197.66694695341502,2035.1014916263334,2925.5324256624554,250.69659615964355,-227.99205396841984,4266.137651224005,247.59381882862684,-2955.7389848316197,4569.490856924117
patient_276,764.0,30.56,310.4946718801996,2820.693123169614,2937.9522125376634,332.30137717320474,2040.11952533903,4279.429706310933,295.7805469221828,1204.668202338899,4581.322078801004
patient_276,765.0,30.6,241.24018142755725,-1731.3622613160583,2947.601819794765,278.74006938845855,-1339.0326946186547,4290.579309086472,344.5690647201772,1219.7129449498605,4595.104841389811
patient_276,766.0,30.64,284.8191243010081,1089.4735718362717,2958.9945847668055,236.3408162125868,-1059.981329396794,4300.032941734975,373.21955763352037,716.262322833579,4610.033623695152
patient_276,767.0,30.68,243.20057805400666,-1040.4636561750365,2968.7226078889657,301.6203309432336,1631.987868266171,4312.097754972704,263.2720835904423,-2748.686851076951,4620.56450703877
patient_276,768.0,30.72,190.85448782357267,-1308.6522557608496,2976.3567874019086,149.57079545823487,-3801.238387124969,4318.080586791033,88.27344732911354,-4374.96590653322,4624.095444931934
patient_276,769.0,30.76,83.67845123427671,-2679.400914732399,2979.7039254512797,91.44348516459513,-1453.1827573409935,4321.738326197617,184.05524080925525,2394.544837003543,4631.457654564304
patient_276,770.0,30.8,33.43425836562839,-1256.1048217162079,2981.0412957859044,29.256370454334416,-1554.6778677565178,4322.90858101579,53.12849559037344,-3273.1686304720456,4633.582794387919
patient_276,771.0,30.84,157.66701415957033,3105.8188948485486,2987.3479763522873,211.92349704273835,4566.678164710098,4331.385520897499,181.30061451728918,3204.3029731728934,4640.83481896861
patient_276,772.0,30.88,255.63980067589128,2449.319662908024,2997.573568379323,301.48836166115314,2239.12161546037,4343.445055363945,358.1633142160933,4421.5674924701025,4655.161351537254
patient_276,773.0,30.92,439.8092099611179,4604.235232130666,3015.165936777768,450.1725032808422,3717.1035404922263,4361.451955495179,471.91474550876336,2843.785782316752,4674.037941357605
patient_276,774.0,30.96,451.9691512949673,303.998533346234,3033.2447028295664,661.2328405631006,5276.50843205646,4387.901269117703,448.66853536446865,-581.1552536073677,4691.984682772183
patient_276,775.0,31.0,345.7869676105754,-2654.554592109797,3047.0761815339897,235.6149533512713,-10640.447180295732,4397.325867251754,413.6894186910192,-874.4779168362356,4708.532259519824
patient_276,776.0,31.04,278.8045275916171,-1674.5610004739574,3058.2283626376548,246.57114789892395,273.9048636913161,4407.18871316771,300.83773428661004,-2821.2921101102297,4720.565768891289
patient_276,777.0,31.08,132.65333046807862,-3653.779928088462,3063.534495856378,89.23895005295374,-3933.304946149255,4410.758271169829,105.08248013355973,-4893.8813538262575,4724.769068096631
patient_276,778.0,31.12,39.839493537684206,-2320.3459232598602,3065.128075597885,48.8056532715394,-1010.8324195353586,4412.710497300691,165.60007242309453,1512.9398072383701,4731.393070993555
patient_276,779.0,31.16,118.53897443303931,1967.4870223838777,3069.869634575207,163.4544120181065,2866.2189686641773,4419.248673781415,338.3862601428979,4319.654692995085,4744.928521399271
patient_276,780.0,31.2,180.94831691567876,1560.2335620659862,3077.107567251834,293.8439918230907,3259.7394951246047,4431.002433454339,309.2667297738501,-727.9882592261956,4757.299190590225
patient_276,781.0,31.24,216.78840402334498,896.0021776916556,3085.7791034127677,449.56370270751285,3892.992772110554,4448.984981562639,774.8518479274251,11639.627953839374,4788.2932645073215
patient_276,782.0,31.28,282.5587294479244,1644.2581356144856,3097.0814525906844,431.4063849772487,-453.9329432566035,4466.241236961729,648.6786578315988,-3154.3297523956567,4814.240410820586
patient_276,783.0,31.32,387.1691761978459,2615.2611687480376,3112.5682196385983,958.6532842510935,13181.172481846119,4504.587368331773,735.725034487755,2176.159416403905,4843.669412200095
patient_276,784.0,31.36,421.84194857821535,866.8193095092363,3129.441897581727,517.2694423506007,-11034.596047512321,4525.278146025797,475.76478068974865,-6499.0063449501595,4862.700003427685
patient_276,785.0,31.4,386.79738206096437,-876.1141629312747,3144.9137928641658,368.3711732945408,-3722.4567264014963,4540.012992957579,356.88601848026417,-2971.969055237112,4876.975444166896
patient_276,786.0,31.44,320.9001656565556,-1647.430410110219,3157.749799490428,236.8903934922768,-3287.019495056601,4549.488608697269,243.01768149871074,-2846.7084245388355,4886.696151426844
patient_276,787.0,31.48,183.78100691689244,-3427.978968491579,3165.1010397671034,273.8987012788153,925.2076946634623,4560.444556748422,69.51744609028344,-4337.505885210682,4889.476849270455
patient_276,788.0,31.52,90.3842091291747,-2334.9199446929433,3168.7164081322703,380.54656237599363,2666.196527429459,4575.666419243462,139.17661463812115,1741.4792136959427,4895.0439138559805
patient_276,789.0,31.56,47.058452045540825,-1083.143927090847,3170.5987462140924,146.42423107744895,-5853.058282463617,4581.523388486559,147.26933651617864,202.31804695143722,4900.934687316628
patient_276,790.0,31.6,16.344677898285532,-767.8443536813824,3171.2525333300237,114.71027305666324,-792.8489505196428,4586.111799408826,15.279622068367022,-3299.7428611952905,4901.545872199363
patient_276,791.0,31.64,183.76728813029945,4185.565255800348,3178.603224855236,263.82844841118504,3727.9543838630443,4596.664937345273,211.93389624309555,4916.356854368213,4910.023228049086
patient_276,792.0,31.68,519.1936585451198,8385.659260370508,3199.3709711970405,494.38172618513596,5763.8319443487735,4616.440206392679,906.8961871915587,17374.05727371158,4946.299075536748
patient_276,793.0,31.72,439.10100355603663,-2002.3163747270787,3216.935011339282,570.2220606338626,1896.0083612181663,4639.249088818034,627.7939742471768,-6977.5553236095475,4971.410834506635
patient_276,794.0,31.76,439.81944148422275,17.960948204652993,3234.527788998651,566.0862012660901,-103.39648419431171,4661.892536868677,360.08715045098967,-6692.670594904679,4985.814320524675
patient_276,795.0,31.8,412.7198583575361,-677.489578167166,3251.0365833329524,390.11854045773697,-4399.191520208829,4677.497278486987,400.27646768259166,1004.7329307900497,5001.825379231978
patient_276,796.0,31.84,178.20312839294783,-5862.918249114707,3258.1647084686706,307.70779184722073,-2060.268715262906,4689.805590160876,400.398477158452,3.0502368965088067,5017.841318318317
patient_276,797.0,31.88,135.8681118246663,-1058.3754142070384,3263.599432941657,323.2588705731951,388.77696814935945,4702.735944983803,300.1039531130084,-2507.3631011360903,5029.845476442837
patient_276,798.0,31.92,120.9775949094352,-372.2629228807776,3268.4385367380346,197.59833031110392,-3141.5135065522795,4710.639878196247,191.7570336482268,-2708.6729866195396,5037.515757788766
patient_276,799.0,31.96,23.426058900026536,-2438.7884002352166,3269.375579094036,144.37710387085318,-1330.5306610062687,4716.414962351081,425.2419648794679,5837.1232807810275,5054.525436383945
patient_276,800.0,32.0,41.71516882877803,457.22774821878744,3271.0441858471872,38.21074855554155,-2654.1588828827903,4717.943392293303,14.159993219567234,-10277.049291497517,5055.091836112728
patient_276,801.0,32.04,51.128284649852134,235.3278955268525,3273.089317233181,204.6477624950488,4160.925348487681,4726.129302793105,355.6243632941707,8536.609251865086,5069.316810644495
patient_276,802.0,32.08,125.89770117733666,1869.2354131871132,3278.1252252802747,371.63590078793203,4174.703457322081,4740.994738824623,394.20524507650816,964.5220445584371,5085.085020447555
patient_276,803.0,32.12,282.31282900492596,3910.3781956897324,3289.4177384404716,447.04663749682055,1885.2684177222131,4758.876604324495,477.4361719710476,2080.773172363486,5104.182467326396
patient_276,804.0,32.16,572.5474519563272,7255.865573785031,3312.3196365187246,979.4984648125514,13311.295682893273,4798.056542916997,1024.2855091062129,13671.233428379133,5145.153887690645
patient_276,805.0,32.2,469.478370317188,-2576.72704097848,3331.098771331412,557.02203662527,-10561.910704682037,4820.337424382009,622.3497940491692,-10048.392876426093,5170.047879452612
patient_276,806.0,32.24,350.70714410717915,-2969.280655250222,3345.127057095699,387.172146694651,-4246.247248265473,4835.8243102497945,364.6835513172716,-6441.65606829744,5184.635221505302
patient_276,807.0,32.28,309.00071272724404,-1042.6607844983778,3357.4870856047887,294.44390317095366,-2318.206088092434,4847.602066376632,118.90450819276639,-6144.476078112631,5189.391401833013
patient_276,808.0,32.32,169.04888144279803,-3498.79578211115,3364.2490408625004,377.1676525348198,2068.093734096654,4862.688772478025,119.82629585558479,23.044691570460074,5194.184453667236
patient_276,809.0,32.36,47.28531936331582,-3044.0890519870554,3366.1404536370333,71.33887896311309,-7645.719339292668,4865.54232763655,161.11219264559162,1032.1474197501707,5200.62894137306
patient_276,810.0,32.4,154.92669335281974,2691.034349737598,3372.3375213711465,296.86400686837106,5638.128197631449,4877.416887911285,194.76924388276518,841.4262809293391,5208.419711128371
patient_276,811.0,32.44,49.95978321958518,-2624.172753330864,3374.33591269993,179.98265918151412,-2922.0336921714234,4884.616194278545,100.15477106946557,-2365.3618203324904,5212.42590197115
patient_276,812.0,32.48,353.7493714771482,7594.739706439075,3388.485887559016,272.0656162811321,2302.07392749045,4895.49881892979,378.62954302705805,6961.869298939811,5227.571083692232
patient_276,813.0,32.52,359.9327433521238,154.5842968743898,3402.883197293101,547.9432649727902,6896.941217291452,4917.4165495287025,704.4915943364488,8146.551282734768,5255.75074746569
patient_276,814.0,32.56,446.12964856681305,2154.9226303672312,3420.7283832357734,427.7082041010728,-3005.876521792935,4934.524877692745,567.1491666273378,-3433.560692727775,5278.436714130785
patient_276,815.0,32.6,438.3811402147221,-193.71270880227343,3438.2636288443628,507.60512887517467,1997.423119352547,4954.829082847752,405.9587232373235,-4029.7610847503565,5294.675063060277
patient_276,816.0,32.64,501.7443188156033,1584.0794650220303,3458.3334015969867,745.6851287337805,5951.999996465146,4984.656487997103,739.8075023335384,8346.219477405373,5324.267363153619
patient_276,817.0,32.68,171.05858672220344,-8267.143302334998,3465.1757450658747,220.45766896193618,-13130.68649429611,4993.474794755581,284.96318980278284,-11371.107813268889,5335.66589074573
patient_276,818.0,32.72,85.35742636382926,-2142.5290089593545,3468.590042120428,86.59588140436051,-3346.5446889393916,4996.938630011755,339.44069930521755,1361.9377375608678,5349.243518717939
patient_276,819.0,32.76,96.06438484469264,267.67396202158443,3472.4326175142155,187.2385638861125,2516.0670620437995,5004.4281725672,435.3495614186819,2397.7215528366087,5366.657501174685
patient_276,820.0,32.8,133.69467520505464,940.7572590090499,3477.780404522418,215.4236870115936,704.6280781370272,5013.045120047664,143.19124594166414,-7303.957886925444,5372.385151012352
patient_276,821.0,32.84,29.276699191095005,-2610.449400348991,3478.9514724900614,27.235538926636952,-4704.703702123916,5014.134541604729,42.32494608672714,-2521.657496373425,5374.078148855822
patient_276,822.0,32.88,129.54904865930408,2506.8087367052267,3484.1334344364336,315.86732588623556,7215.794673989965,5026.769234640178,361.39159765684883,7976.666289253042,5388.533812762096
patient_276,823.0,32.92,247.27900718150443,2943.2489630550085,3494.024594723694,460.1671477243412,3607.495545952641,5045.175920549152,458.86255767271774,2436.774000396723,5406.888315069005
patient_276,824.0,32.96,342.63295625696543,2383.848726886525,3507.729912973972,379.62379494862614,-2013.5838193928762,5060.360872347097,508.8657815616776,1250.080597223996,5427.242946331472
patient_276,825.0,33.0,375.77043752221755,828.437031631303,3522.7607304748612,567.2001609811684,4689.409150813557,5083.048878786344,477.78158967831564,-777.1047970840484,5446.354209918604
patient_276,826.0,33.04,416.56969431615937,1019.9814198485456,3539.4235182475077,370.66987724679,-4913.257093359461,5097.875673876216,515.3696714561603,939.7020444461162,5466.968996776851
patient_276,827.0,33.08,331.1724126085069,-2134.9320426913123,3552.670414751848,353.401575073263,-431.70755433817476,5112.011736879146,303.6375819398384,-5293.302237908047,5479.114500054445
patient_276,828.0,33.12,546.0377627495754,5371.633753526714,3574.511925261831,601.7991699733702,6209.93987250268,5136.083703678081,158.0296812638262,-3640.1975169003053,5485.435687304998
patient_276,829.0,33.16,94.36523075945571,-11291.813299752994,3578.2865344922093,52.666440729124744,-13728.318231106137,5138.190361307246,160.83265480154446,70.07433844295647,5491.86899349706
patient_276,830.0,33.2,69.16787013035336,-629.9340157275587,3581.053249297423,151.73397522858608,2476.688362486533,5144.25972031639,156.93084436467262,-97.54526092179603,5498.146227271646
patient_276,831.0,33.24,263.6609385316937,4862.326710033509,3591.599686838691,258.2866558833151,2663.817016368226,5154.591186551723,252.1022945173821,2379.286253817737,5508.230319052342
patient_276,832.0,33.28,19.127632689953167,-6113.332646043514,3592.3647921462893,33.41905824465696,-5621.689940966454,5155.927948881509,122.57282672260953,-3238.236694869314,5513.133232121247
patient_276,833.0,33.32,370.269391296437,8778.543965162096,3607.1755677981464,500.6006066321545,11679.538709687438,5175.951973146795,423.61729078457773,7526.111601549205,5530.077923752629
patient_276,834.0,33.36,438.40119241342467,1703.2950279246918,3624.7116154946834,633.2826453664205,3317.0509683566506,5201.283278961451,536.1818244585869,2814.113341850229,5551.525196730973
patient_276,835.0,33.4,453.4447369428351,376.088613235261,3642.849404972397,390.87906299044397,-6060.089559399414,5216.91844148107,531.8050157554624,-109.42021757811347,5572.7973973611915
patient_276,836.0,33.44,575.0084770047512,3039.0935015479017,3665.849744052587,384.08949707945754,-169.73914777466064,5232.282021364248,486.0122640343471,-1144.818793027882,5592.237887922566
patient_276,837.0,33.48,206.3650450383444,-9216.08579916017,3674.1043458541208,287.5891581972259,-2412.5084720557907,5243.785587692138,323.14874520306273,-4071.5879707821086,5605.163837730689
patient_276,838.0,33.52,88.63671265055838,-2943.2083096946503,3677.6498143601434,233.15823848184976,-1360.7729928844037,5253.111917231411,184.41132389883154,-3468.43553260578,5612.540290686642
patient_276,839.0,33.56,71.96496582946492,-416.7936705273366,3680.528412993322,103.81473939306403,-3233.5874772196435,5257.264506807134,112.03185177079466,-1809.486803200922,5617.021564757473
patient_276,840.0,33.6,134.8343196495533,1571.7338455022095,3685.921785779304,69.92367717631568,-847.2765554187088,5260.061453894187,676.7412813480594,14117.735739431617,5644.091216011396
patient_276,841.0,33.64,250.31570044126335,2887.0345197927513,3695.9344137969547,345.19915639535395,6881.886980475957,5273.869420150001,485.33571838544526,-4785.139074065353,5663.504644746813
patient_276,842.0,33.68,53.10321840332347,-4930.312050948497,3698.058542533088,36.961122981639775,-7705.950835342854,5275.347865069268,46.0578771100455,-10981.946031884994,5665.346959831215
patient_276,843.0,33.72,190.3559682321133,3431.318745719746,3705.672781262372,707.09872118342,16753.43995504451,5303.631813916605,1038.5278241803378,24811.748676757306,5706.888072798429
patient_276,845.0,33.8,,,3705.672781262372,,,5303.631813916605,,,5706.888072798429
patient_276,846.0,33.84,703.7978789351513,,3733.824696419778,1081.9604311573687,,5346.910231162899,498.02022005553005,,5726.80888160065
patient_276,847.0,33.88,211.38431065936166,-12310.339206894741,3742.280068846152,139.82263596056788,-23553.44487992002,5352.503136601323,240.2670939295225,-6443.828153150189,5736.419565357832
patient_276,848.0,33.92,396.1160520088435,4618.293533737046,3758.124710926506,686.4941686250514,13666.788316612088,5379.962903346324,690.5414806664571,11256.859668423365,5764.04122458449
patient_276,849.0,33.96,367.08631377630246,-725.7434558135259,3772.8081634775585,235.0590514381751,-11285.87792967191,5389.365265403851,438.70777831733807,-6295.842558727976,5781.589535717183
patient_276,850.0,34.0,329.87486007732275,-930.2863424744928,3786.0031578806515,228.79605211307262,-156.57498312756175,5398.517107488373,336.7004493936601,-2550.183223091949,5795.057553692929
patient_276,851.0,34.04,208.74140813149714,-3028.3362986456405,3794.3528142059113,441.78352759199777,5324.686886973129,5416.188448592053,668.8863669480593,8304.64793885998,5821.813008370851
patient_276,852.0,34.08,245.55364667592158,920.3059636106111,3804.174960072948,205.33841828298947,-5911.127732725207,5424.401985323372,157.9339946415653,-12773.80930766235,5828.130368156513
patient_276,853.0,34.12,39.1252842377346,-5160.709060954675,3805.7399714424573,42.94012406710906,-4059.9573553970104,5426.119590286056,25.6166624312016,-3307.933305259093,5829.155034653761
patient_276,854.0,34.16,89.86421314694235,1268.4732227301938,3809.334539968335,54.436047096917314,287.3980757452063,5428.297032169932,82.07718350026542,1411.5130267265954,5832.438121993771
patient_276,855.0,34.2,45.87923965478836,-1099.6243373038499,3811.1697095545264,67.1395959270122,317.588720752372,5430.982616007012,40.48970668098666,-1039.686920481969,5834.0577102610105
patient_276,856.0,34.24,9.61101909170703,-906.7055140770332,3811.554150318195,69.69500213326806,63.88515515639668,5433.770416092343,25.44290426478292,-376.1700604050934,5835.075426431602
patient_276,857.0,34.28,29.18938785342604,489.4592190429753,3812.721725832332,49.6539261427399,-501.0268997632041,5435.756573138053,35.24298729320854,245.00207571064055,5836.48514592333
patient_276,858.0,34.32,12.365931240137025,-420.58641533222544,3813.2163630819377,24.138647614481556,-637.8819632064585,5436.722119042633,37.382125736899546,53.478461092275076,5837.980430952806
patient_276,859.0,34.36,8.58098696653302,-94.62360684010011,3813.5596025605996,44.03164378496382,497.3249042620566,5438.483384794031,20.840678498981383,-413.5361809479541,5838.814058092767
patient_276,860.0,34.4,52.61786788604416,1100.9220229877785,3815.6643172760414,45.8818674301266,46.25559112906945,5440.318659491235,31.27378003781066,260.82753847073195,5840.065009294279
patient_276,861.0,34.44,34.86385762257701,-443.85025658667877,3817.0588715809445,44.50892626374967,-34.32352915942314,5442.099016541785,23.031898752458545,-206.04703213380287,5840.9862852443775
patient_276,862.0,34.48,5.90153934558042,-724.0579569249147,3817.2949331547675,23.444499806395676,-526.6106614338499,5443.03679653404,16.646600376483143,-159.63245939938506,5841.6521492594375
patient_276,863.0,34.52,43.63529068401874,943.3437834609581,3819.040344782128,44.91252111981979,536.7005328356029,5444.833297378833,51.90839217079156,881.5447948577104,5843.728484946269
patient_276,864.0,34.56,10.718090254437834,-822.9300107395227,3819.4690683923054,6.191334545184978,-968.0296643658703,5445.08095076064,27.10298672620172,-620.1351361147459,5844.812604415318
patient_276,865.0,34.6,14.688357020645778,99.2566691551986,3820.0566026731312,16.955885187705704,269.1137660630181,5445.759186168148,8.946686359578935,-453.90750916556965,5845.170471869701
patient_276,866.0,34.64,15.310040168405276,15.542078693987449,3820.6690042798673,13.879961393494815,-76.89809485527222,5446.314384623887,13.912805396570612,124.1529759247919,5845.726984085564
patient_276,867.0,34.68,14.213327480624821,-27.417817194511372,3821.2375373790924,11.33613161601162,-63.59574443707987,5446.767829888527,4.564051895787945,-233.71883751956668,5845.909546161395
patient_276,868.0,34.72,12.304397488208428,-47.723249810409825,3821.7297132786207,18.493213486463432,178.9270467612953,5447.507558427985,13.555259818176912,224.78019805972417,5846.451756554123
patient_276,869.0,34.76,13.983207894021266,41.97026014532095,3822.2890415943816,6.65655503618662,-295.9164612569203,5447.773820629433,16.676787229066306,78.03818527223486,5847.118828043286
patient_276,870.0,34.8,19.52494179030398,138.54334740706787,3823.070039265994,18.39970609982702,293.57877659101,5448.509808873426,27.912920429718618,280.9033300163078,5848.2353448604745
patient_276,871.0,34.84,15.912198713417746,-90.31857692215586,3823.7065272145305,15.74851416794814,-66.27979829697202,5449.1397494401435,18.210902929154614,-242.5504375141001,5848.963780977641
patient_276,872.0,34.88,10.5169397856063,-134.88147319528613,3824.127204805955,7.289026384846966,-211.48719457752935,5449.431310495537,29.43854065771895,280.6909432141084,5850.141322603949
patient_276,873.0,34.92,11.483374317422664,24.160863295409072,3824.586539778652,3.5129000739225256,-94.403157773111,5449.571826498494,13.6747886439522,-394.09380034416876,5850.688314149708
patient_276,874.0,34.96,4.041623796786805,-186.04376301589647,3824.7482047305234,5.085737551654003,39.320936943286945,5449.77525600056,0.6113051942447548,-326.5870862426861,5850.712766357477
patient_276,875.0,35.0,18.14048306320212,352.47148166038284,3825.4738240530514,13.31422893020968,205.71228446389193,5450.307825157769,25.23221143310524,615.5226559715121,5851.7220548148025
patient_276,876.0,35.04,21.476444791304118,83.39904320254999,3826.332881844704,21.08637383017013,194.3036224990112,5451.151280110976,5.730592980660973,-487.54046131110664,5851.9512785340285
patient_276,877.0,35.08,22.54786367428272,26.785472074465044,3827.234796391675,37.97743947121999,422.27664102624647,5452.670377689825,1.8401624733098596,-97.26076268377783,5852.024885032962
patient_276,878.0,35.12,3.188064233198276,-483.9949860271111,3827.3623189610025,14.93790439830505,-575.9883768228734,5453.267893865757,12.487370421180012,266.1801986967538,5852.524379849809
patient_276,879.0,35.16,11.460364996610666,206.80751908530976,3827.820733560867,10.693958182848695,-106.09865538640891,5453.695652193071,6.298531414399152,-154.7209751695215,5852.776321106384
patient_276,880.0,35.2,6.579783629000125,-122.01453419026353,3828.0839249060273,28.732967029645483,450.97522116991973,5454.844970874256,4.180725151494765,-52.945156572609676,5852.943550112444
patient_276,881.0,35.24,5.437045841730328,-28.568444681744932,3828.301406739696,22.719887898318312,-150.32697828317927,5455.75376639019,9.900534899871271,142.99524370941265,5853.339571508439
patient_276,882.0,35.28,13.341744245320065,197.61746008974345,3828.8350765095092,30.346436068788343,190.66370426175075,5456.967623832942,21.358177818074463,286.4410729550798,5854.193898621162
patient_276,883.0,35.32,12.975118632397837,-9.16564032305569,3829.3540812548054,24.137190918219332,-155.23112876422528,5457.93311146967,9.904170354716593,-286.35018658394677,5854.59006543535
patient_276,884.0,35.36,13.593759637266084,15.466025121706162,3829.897831640296,15.67357740704591,-211.59033777933556,5458.560054565952,5.120004924773921,-119.60413574856679,5854.7948656323415
patient_276,885.0,35.4,10.473064022526781,-78.01739036848257,3830.316754201197,5.479059973099352,-254.86293584866394,5458.779216964876,3.140749286976749,-49.4813909449293,5854.92049560382
patient_276,886.0,35.44,15.347101666419224,121.85094109731108,3830.930638267854,6.014516079211034,13.38640265279205,5459.019797608044,2.9304473627478025,-5.257548105723664,5855.03771349833
patient_276,887.0,35.48,13.651146254271334,-42.39888530369726,3831.476684118025,11.087058110571183,126.81355078400374,5459.463279932467,5.675871701499288,68.63560846878714,5855.26474836639
patient_276,888.0,35.52,7.799735800688971,-146.28526133955907,3831.7886735500524,33.429628078611465,558.564249201007,5460.800465055612,6.081862611637317,10.149772753450726,5855.508022870856
patient_276,889.0,35.56,5.176666123448778,-65.57674193100482,3831.99574019499,8.134493086393805,-632.3783748054416,5461.125844779068,15.326715575782565,231.12132410363122,5856.121091493887
patient_276,890.0,35.6,6.601881030351968,35.63037267257974,3832.259815436204,15.619643187843193,187.1287525362347,5461.750630506582,4.7470211116096275,-264.49236160432343,5856.310972338351
patient_276,891.0,35.64,7.832834638896842,30.77384021362186,3832.5731288217603,9.439657804530073,-154.499634582828,5462.128216818764,5.65629714789752,22.73190090719732,5856.5372242242665
patient_276,892.0,35.68,5.74181976397674,-52.275371873002555,3832.8028016123194,1.0955790691066596,-208.60196838558537,5462.172039981528,8.374246998684209,67.9487462696672,5856.872194104214
patient_276,893.0,35.72,4.567036282090298,-29.369587047161062,3832.985483063603,6.167930159793831,126.80877726717927,5462.418757187919,7.626674471991119,-18.68931316732725,5857.177261083095
patient_276,894.0,35.76,1.0472567762618339,-87.9944876457116,3833.0273733346535,13.857870868868746,192.24851772687288,5462.973072022674,12.391944296663217,119.13174561680246,5857.672938854961
patient_276,895.0,35.8,10.556477642859464,237.73052166494074,3833.449632440368,4.156847555028993,-242.5255828459938,5463.139345924876,6.924847259345936,-136.67742593293204,5857.949932745334
patient_276,896.0,35.84,17.656250063330745,177.494310511782,3834.1558824429017,9.437501562543678,132.01635018786712,5463.516845987378,1.4093641066799165,-137.88707881665047,5858.006307309602
patient_276,897.0,35.88,14.881173978370086,-69.37690212401648,3834.7511294020364,11.20295959952217,44.1364509244623,5463.964964371358,3.2113292168223,45.049127753559596,5858.134760478275
patient_276,898.0,35.92,10.110939504793297,-119.25586183941972,3835.1555669822283,6.079960315044766,-128.0749821119351,5464.208162783961,3.338800942336778,3.186793137861943,5858.268312515969
patient_276,899.0,35.96,1.8466394961417123,-206.60750021628962,3835.2294325620737,7.753449174498147,41.83722148633453,5464.51830075094,2.8938531252549886,-11.123695427044733,5858.384066640979
patient_276,900.0,36.0,21.08255000710794,480.8977627741557,3836.072734562358,40.87004144162994,827.9148066782948,5466.153102408605,17.977741890084978,377.09721912074974,5859.103176316583
patient_276,901.0,36.04,20.214134132215193,-21.710396872318682,3836.881299927647,10.717613863489124,-753.8106894535204,5466.581806963146,19.68530984652783,42.68919891107128,5859.890588710445
patient_276,902.0,36.08,13.549116603292571,-166.62543822306554,3837.423264591778,17.68687156773631,174.23144260617968,5467.289281825855,21.42937650797633,43.60166653621249,5860.7477637707625
patient_276,903.0,36.12,14.472216679982091,23.07750191723801,3838.002153258977,20.10317593468591,60.40760917374,5468.093408863243,19.647512244072583,-44.54660659759364,5861.533664260525
patient_276,904.0,36.16,13.407343888770141,-26.62181978029876,3838.538447014528,20.59026831452423,12.177309495957989,5468.917019595824,18.600829466138453,-26.167069448353253,5862.277697439171
patient_276,905.0,36.2,3.4610178537562186,-248.65815087534804,3838.6768877286786,7.226011078646975,-334.1064308969314,5469.2060600389705,9.426583919885221,-229.3561386563308,5862.654760795966
patient_276,906.0,36.24,1.322943371264035,-53.45186206230459,3838.7298054635294,11.723936766574068,112.44814219817734,5469.675017509633,11.938095346349328,62.78778566160268,5863.13228460982
patient_276,907.0,36.28,10.548855330022995,230.647798968974,3839.1517596767303,19.86198580273805,203.45122590409957,5470.469496941742,6.157959367503061,-144.50339947115668,5863.37860298452
patient_276,908.0,36.32,8.873922898389061,-41.87331079084835,3839.5067165926657,11.15881752972784,-217.57920682525528,5470.915849642932,17.954353534155352,294.9098541663073,5864.096777125886
patient_276,909.0,36.36,5.418401880956254,-86.38802543582018,3839.723452667904,8.563261132966707,-64.88890991902832,5471.258380088251,20.569524303105176,65.3792692237456,5864.91955809801
patient_276,910.0,36.4,1.993429466852915,-85.62431035258346,3839.8031898465783,2.319994359874687,-156.0816693273005,5471.351179862646,16.546993125170495,-100.56327944836703,5865.581437823017
patient_276,911.0,36.44,5.094595781822692,77.52915787424442,3840.006973677851,5.062212506216108,68.55545365853553,5471.553668362895,10.669340088181464,-146.9413259247258,5866.008211426544
patient_276,912.0,36.48,9.092596376027958,99.95001485513164,3840.370677532892,27.644980392832935,564.5691971654207,5472.659467578608,32.72377376292449,551.3608418685756,5867.317162377061
patient_276,913.0,36.52,7.039840881143603,-51.318887372108854,3840.6522711681378,9.884697445906264,-444.0070736731668,5473.054855476445,18.84000623969769,-347.09418808066994,5868.070762626649
patient_276,914.0,36.56,11.07548620623885,100.89113312738117,3841.0952906163875,14.053061274434308,104.2090957132011,5473.616977927421,12.675916265526158,-154.1022493542883,5868.577799277271
patient_276,915.0,36.6,18.90714425952301,195.79145133210406,3841.851576386768,17.07763551152208,75.61435592719428,5474.300083347883,1.5204386200776927,-278.88694113621165,5868.638616822073
patient_276,916.0,36.64,7.197549966928261,-292.7398573148688,3842.1394783854457,34.38203186408611,432.6099088141008,5475.675364622446,23.877271778075478,558.9208289499446,5869.593707693196
patient_276,917.0,36.68,9.009888227177555,45.30845650623234,3842.499873914532,25.511563397478152,-221.7617116651989,5476.695827158345,7.634231457418709,-406.07600801641917,5869.899076951493
patient_276,918.0,36.72,5.2653456216764,-93.61356513752888,3842.7104877393995,14.041901004177902,-286.74155983250625,5477.2575031985125,3.532380741536264,-102.54626789706114,5870.040372181154
patient_276,919.0,36.76,9.15147343775459,97.15319540195473,3843.07654667691,12.316667710158667,-43.13083235048087,5477.750169906919,8.266219478913372,118.34596843442773,5870.3710209603105
patient_276,920.0,36.8,16.23472222437569,177.08121966552756,3843.7259355658844,8.698795864552427,-90.44679614015601,5478.098121741501,10.474384034192335,55.20411388197406,5870.789996321679
