patient,frame,time_s,wrist_speed_mm_s,wrist_accel_mm_s2,wrist_path_mm,thumb_tip_speed_mm_s,thumb_tip_accel_mm_s2,thumb_tip_path_mm,index_finger_tip_speed_mm_s,index_finger_tip_accel_mm_s2,index_finger_tip_path_mm
patient_150,4.0,0.16,,,0.0,,,0.0,,,0.0
patient_150,5.0,0.2,118.97917730416846,,4.759167092166738,255.00658895031975,,10.20026355801279,85.9062479974343,,3.436249919897372
patient_150,6.0,0.24,112.66906589899314,-157.752785129383,9.265929728126464,113.96186879723822,-3526.118003827038,14.75873830990232,101.88409073384007,399.44606841014405,7.511613549250975
patient_150,7.0,0.28,119.54047632609652,171.78526067758463,14.047548781170326,75.5118692356664,-961.2499890392958,17.779213079328976,189.7276591187442,2196.0892096226034,15.100719914000742
patient_150,8.0,0.32,49.017043900493356,-1763.0858106400794,16.008230537190062,49.27882926281561,-655.8259993212696,19.7503662498416,7.314593865615422,-4560.32663132822,15.39330366862536
patient_150,9.0,0.36,20.81626551267113,-705.0194596955556,16.840881157696906,23.373532996466473,-647.6324066587285,20.685307569700257,12.39180593189959,126.9303016571042,15.888975905901344
patient_150,10.0,0.4,11.925045928455264,-222.28048960539667,17.317882994835117,114.74391591785016,2284.259573034592,25.275064206414264,229.64569390599553,5431.347199352398,25.074803662141168
patient_150,11.0,0.44,17.77294146729659,146.19738847103315,18.028800653526982,27.6979549333365,-2176.1490246128415,26.382982403747725,5.1709345649104685,-5611.868983527126,25.281641044737583
patient_150,12.0,0.48,33.54082770660498,394.1971559827097,19.370433761791183,71.54455453286201,1096.1649899881377,29.244764585062203,174.9834958313526,4245.314031661053,32.28098087799169
patient_150,13.0,0.52,18.07810590577734,-386.56804502069105,20.093557998022277,12.245841937035328,-1482.467814895667,29.734598262543617,156.2929566800307,-467.2634787830475,38.532699145192915
patient_150,14.0,0.56,17.86468904618441,-5.335421489823222,20.808145559869654,57.60042652624273,1133.864614730185,32.038615323593326,26.50658565585707,-3244.659275604341,39.59296257142719
patient_150,15.0,0.6,10.247627499564144,-190.42653866550663,21.21805065985222,13.013410610593244,-1114.6753978912373,32.55915174801706,69.94895611344899,1086.059261439798,42.39092081596515
patient_150,16.0,0.64,21.423994718168792,279.4091804651162,22.075010448578972,11.956304059617505,-26.427663774393473,33.03740391040176,30.46966665987008,-986.9822363394727,43.60970748235995
patient_150,17.0,0.68,10.136804636592377,-282.1797520394104,22.48048263404267,26.02098671586795,351.6170664062611,34.07824337903648,113.47659166169186,2075.173125045544,48.14877114882763
patient_150,18.0,0.72,13.599763566614152,86.57397325054438,23.024473176707232,5.381090879591624,-515.9973959069081,34.29348701422014,47.45229199995888,-1650.6074915433246,50.04686282882598
patient_150,19.0,0.76,3.5140163678670304,-252.14367996867804,23.165033831421916,42.69127695765862,932.754651951675,36.00113809252648,78.67501324890604,780.568031223679,53.19386335878222
patient_150,20.0,0.8,15.852641715178736,308.4656336827926,23.799139500029064,39.79298851175158,-72.45721114767605,37.59285763299655,55.51224504393934,-579.0692051241675,55.4143531605398
patient_150,21.0,0.84,32.793377761351756,423.51840115432555,25.110874610483133,28.936398377646242,-271.41475335263345,38.7503135681024,96.0385832808899,1013.158455923764,59.255896491775395
patient_150,22.0,0.88,17.41820307012152,-384.3793672807559,25.807602733287993,19.965229423902233,-224.27922384360022,39.54892274505848,151.3065128319071,1381.6982387754301,65.30815700505168
patient_150,23.0,0.92,42.66420279512664,631.149993125128,27.51417084509306,49.28844749079982,733.0804516724396,41.52046064469047,23.94693522719935,-3183.989440117694,66.26603441413965
patient_150,24.0,0.96,10.02881729703733,-815.8846374522328,27.91532353697455,16.821962902850924,-811.6621146987225,42.193339160804506,89.35683357270041,1635.2474586375265,69.84030775704768
patient_150,25.0,1.0,14.372168119417827,108.58377055951243,28.490210261751262,25.887003498267386,226.62601488541156,43.2288193007352,120.45201436085739,777.3795197039245,74.65838833148197
patient_150,26.0,1.04,14.392953138538166,0.5196254780084786,29.06592838729279,53.738232312410126,696.2807203535685,45.378348593231614,51.63651946857623,-1720.3873723070287,76.72384911022502
patient_150,27.0,1.08,11.697347245404007,-67.39014732835398,29.533822277108946,34.749741855766366,-474.712261416094,46.76833826746227,41.26216069555498,-259.35896932553123,78.37433553804722
patient_150,28.0,1.12,14.705857482183825,75.21275591949545,30.1220565763963,22.29777055786292,-311.2992824475862,47.66024908977679,17.532487251162287,-593.2418361098174,79.07563502809371
patient_150,29.0,1.16,27.03886178355586,308.32510753430086,31.203611047738534,42.16801920739817,496.7562162383812,49.34696985807272,47.77996133372665,756.1868520641092,80.98683348144279
patient_150,30.0,1.2,11.593587909193275,-386.1318468590646,31.66735456410626,17.011887389895595,-628.9032954375643,50.02744535366853,21.364024755514464,-660.3984144553048,81.84139447166336
patient_150,31.0,1.24,7.027063142853652,-114.16311915849057,31.94843708982041,49.57006899504514,813.9545401287386,52.01024811347034,5.055013929738751,-407.7252706443929,82.0435950288529
patient_150,32.0,1.28,18.144127937607987,277.9266198688584,32.674202207324726,35.664694100430765,-347.6343723653594,53.436835877487574,111.73037918941296,2666.8841314918554,86.51281019642941
patient_150,33.0,1.32,10.768835777585908,-184.38230400055198,33.104955638428166,1.9280521121744576,-843.4160497064078,53.513957961974555,10.255332324168963,-2536.8761716311,86.92302348939619
patient_150,34.0,1.36,16.402257487719954,140.83554275335115,33.76104593793696,19.983207028129627,451.3788728988792,54.31328624309974,26.506085000313323,406.268816903609,87.98326688940871
patient_150,35.0,1.4,12.704117624980418,-92.4534965684884,34.26921064293618,67.55538674471072,1189.3044929145271,57.01550171288816,81.84366303365627,1383.4394508335738,91.25701341075496
patient_150,36.0,1.44,61.99013925820574,1232.150540830633,36.748816213264405,17.55671844760241,-1249.9667074277077,57.71777045079226,114.2903410410936,811.1669501859332,95.82862705239872
patient_150,37.0,1.48,27.104104300509952,-872.1508739423946,37.832980385284806,13.261336204719727,-107.38455607206707,58.24822389898105,44.02025998917323,-1756.752026298009,97.58943745196564
patient_150,38.0,1.52,38.04697182350349,273.57168807483845,39.35485925822494,27.31707860414113,351.3935599855351,59.3409070431467,12.075035020544599,-798.6306242157159,98.07243885278741
patient_150,39.0,1.56,12.010512336798547,-650.9114871676236,39.83527975169689,33.72183162568971,160.11882553871447,60.689780308174285,14.872828226533336,69.94483014971844,98.66735198184875
patient_150,40.0,1.6,15.01909902914532,75.21466730866932,40.4360437128627,7.029574725464071,-667.306422505641,60.970963297192846,21.180138996704468,157.6827692542783,99.51455754171693
patient_150,41.0,1.64,7.158892669075528,-196.5051590017448,40.72239941962572,4.815661794617042,-55.347823271175734,61.16358976897752,23.705829252772055,63.14225640168969,100.46279071182782
patient_150,42.0,1.68,4.116604267530488,-76.057210038626,40.88706359032694,57.25650379443481,1311.0210499954442,63.45384992075492,43.47949394468176,494.3416172977425,102.2019704696151
patient_150,43.0,1.72,6.965989817047542,71.23463873792635,41.16570318300884,56.595649274347586,-16.521363002180678,65.71767589172882,27.14633612488388,-408.3289454949469,103.28782391461046
patient_150,44.0,1.76,14.791822710949127,195.64582234753962,41.7573760914468,32.758257294476216,-595.9347994967843,67.02800618350787,40.863017898330995,342.91704433617787,104.92234463054369
patient_150,45.0,1.8,9.130199214893754,-141.54058740138433,42.122584060042556,8.142280635524436,-615.3994164737945,67.35369740892885,20.574439679035084,-507.21445548239774,105.7453222177051
patient_150,46.0,1.84,18.18828523728783,226.45215055985187,42.85011546953407,57.9697810361752,1245.687510016269,69.67248865037585,47.03952192139293,661.6270560589462,107.6269030945608
patient_150,47.0,1.88,13.622362668369167,-114.14806422296655,43.39500997626883,26.669210417007875,-782.5142654791831,70.73925706705617,12.431821607942213,-865.1925078362681,108.1241759588785
patient_150,48.0,1.92,29.679436570620634,401.4268475562867,44.58218743909366,35.2331906548805,214.09950594681567,72.1485846932514,33.58940393816157,528.9395582554839,109.46775211640495
patient_150,49.0,1.96,16.050314724131518,-340.72804616222794,45.224200028058924,55.36740176458727,503.3552777426692,74.36328076383488,10.580620649397886,-575.219582219092,109.89097694238087
patient_150,50.0,2.0,5.056923886148245,-274.83477094958187,45.426476983504855,7.360664283985242,-1200.1684370150506,74.65770733519429,14.240359068100146,91.49346046755649,110.46059130510488
patient_150,51.0,2.04,5.288422909333919,5.787475579641854,45.63801389987822,7.5933094434935535,5.81612898770778,74.96143971293404,41.63898784891028,684.9657195202534,112.1261508190613
patient_150,52.0,2.08,31.097686564086736,645.2315913688204,46.88192136244168,139.13592359207402,3288.5653537145117,80.52687665661699,67.66952341062752,650.763389042931,114.83293175548638
patient_150,53.0,2.12,44.94587058390556,346.2046004954706,48.679756185797906,155.45353544242892,407.9402962588723,86.74501807431416,45.77300790475628,-547.4128876467811,116.66385207167664
patient_150,54.0,2.16,69.76316178542021,620.4322800378662,51.47028265721471,136.82872418498678,-465.62028143605335,92.21816704171363,28.870728546752034,-422.5569839501061,117.81868121354674
patient_150,55.0,2.2,68.65125051362007,-27.797781795003473,54.21633267775951,170.79047975387434,849.0438892221889,99.04978623186861,117.9240199604267,2226.3322853418667,122.53564201196382
patient_150,56.0,2.24,33.03234277608575,-890.4726934383581,55.537626388802934,46.06192268722974,-3118.2139266661147,100.89226313935778,264.0750900002611,3653.7767509958608,133.09864561197426
patient_150,57.0,2.28,191.82935394834652,3969.9252793065193,63.2108005467368,219.9425905486783,4347.016696536214,109.68996676130492,156.6820345127488,-2684.826387187808,139.36592699248422
patient_150,58.0,2.32,12.149153701213915,-4492.005006178315,63.69676669478535,60.18671240228493,-3993.8969536598343,112.09743525739631,32.78713443625029,-3097.372501912463,140.67741236993422
patient_150,59.0,2.36,261.9360683784166,6244.672866930067,74.17420942992202,401.43010932461107,8531.084923058153,128.15463963038076,154.5000159822826,3042.822038650808,146.85741300922552
patient_150,60.0,2.4,430.52038664773835,4214.6079567330435,91.39502489583155,768.919550087861,9187.236019081249,158.9114216338952,714.7010396455884,14005.025591582642,175.44545459504906
patient_150,61.0,2.44,422.5741242279269,-198.65656049528582,108.29798986494863,379.063009575206,-9746.413512816374,174.07394201690346,457.27504779929484,-6435.649796157339,193.73645650702085
patient_150,62.0,2.48,268.2537242963117,-3858.0099982903803,119.0281388368011,529.5615149668565,3762.4626347912626,195.2564026155777,644.2157420133179,4673.517355350577,219.50508618755356
patient_150,63.0,2.52,257.730281645587,-263.08606626811724,129.33735010262458,268.6372309904358,-6523.1070994105185,206.00189185519514,273.6800904525183,-9263.391289019992,230.4522898056543
patient_150,64.0,2.56,312.6509987575219,1373.0179277983723,141.84339005292546,756.7534855732181,12202.906364569557,236.27203127812388,787.1787135814244,12837.465578222651,261.93943834891127
patient_150,65.0,2.6,277.86052535540773,-869.7618350528544,152.95781106714176,298.1887898274335,-11464.117393644616,248.1995828712212,395.0055916460294,-9804.328048384874,277.73966201475247
patient_150,66.0,2.64,248.64129900956928,-730.4806586459613,162.90346302752454,316.0355657455269,446.16939795233606,260.8410055010423,380.7831579173283,-355.56084321752763,292.9709883314456
patient_150,67.0,2.68,124.44764842975901,-3104.841264495257,167.88136896471488,177.85450084030745,-3454.5266226304866,267.95518553465456,209.06415578577636,-4292.975053288798,301.33355456287666
patient_150,68.0,2.72,70.8965058887706,-1338.7785635247103,170.7172292002657,46.52370594440668,-3283.269872397519,269.8161337724308,64.14143087873363,-3623.068122676068,303.899211798026
patient_150,69.0,2.76,41.10630425880445,-744.7550407491539,172.36148137061792,143.34798949962882,2420.6070888805534,275.550053352416,134.43134710276755,1757.2479056008478,309.27646568213663
patient_150,70.0,2.8,26.956947351661455,-353.73392267857486,173.43975926468437,79.94960276150687,-1584.9596684530488,278.74803746287625,23.441199638999823,-2774.7536865941934,310.21411366769667
patient_150,71.0,2.84,40.93920859201079,349.55653100873343,175.07732760836478,126.29544055433419,1158.645944820683,283.7998550850496,59.62957854099161,904.7094725497946,312.59929680933635
patient_150,72.0,2.88,150.24900144212475,2732.744821252849,181.08728766604978,66.46814348484209,-1495.6824267373026,286.4585808244433,126.07168088186774,1661.052558521903,317.64216404461104
patient_150,73.0,2.92,108.39166154741272,-1046.4334973678006,185.4229541279463,94.8513139838486,709.5792624751627,290.2526333837973,137.66714127233578,289.8865097617012,323.14884969550445
patient_150,74.0,2.96,20.58444330859215,-2195.1804559705147,186.24633186028998,85.77876893891985,-226.81362612321863,293.68378414135407,87.39420021296944,-1256.8235264841587,326.64461770402323
patient_150,75.0,3.0,27.057926964015195,161.83709138557614,187.32864893885056,71.67463930544757,-352.60324083680706,296.5507697135719,47.806477463500144,-989.6930687367324,328.5568768025633
patient_150,76.0,3.04,78.16742304774806,1277.7374020933216,190.4553458607605,74.56605166250587,72.2853089264575,299.5334117800722,32.05861584672592,-393.6965404193556,329.83922143643235
patient_150,77.0,3.08,54.57648229057759,-589.7735189292619,192.6384051523836,97.01715380257629,561.2775535017604,303.4140979321752,130.08266221833918,2450.6011592903315,335.0425279251659
patient_150,78.0,3.12,96.89880995936771,1058.058191719753,196.51435755075832,153.43843458792668,1410.5320196337598,309.5516353156923,143.79994763465822,342.9321354079761,340.79452583055223
patient_150,79.0,3.16,45.090267278007865,-1295.2135670339962,198.31796824187862,42.51012065809537,-2773.2078482457828,311.25204014201614,42.651608092138176,-2528.708488563001,342.5005901542377
patient_150,80.0,3.2,35.265702596698766,-245.61411703272745,199.72859634574658,81.36700728078686,971.4221655672875,314.5067204332476,35.775142145833236,-171.9116486576235,343.931595840071
patient_150,81.0,3.24,69.43884438180599,854.3285446276807,202.50615012101883,11.051306552534639,-1757.8925182063056,314.948772695349,94.42599439332722,1466.2713061873494,347.7086356158041
patient_150,82.0,3.28,48.36315251034727,-526.892296786468,204.44067622143274,77.65221176844742,1665.0226303978193,318.0548611660869,79.79687219124506,-365.72805505205395,350.9005105034539
patient_150,83.0,3.32,39.79942290311426,-214.09324018082518,206.0326531375573,58.61692598693283,-475.8821445378647,320.3995382055642,87.79859475850242,200.043064181434,354.412454293794
patient_150,84.0,3.36,140.81094139114796,2525.2879622008427,211.66509079320323,104.61810164546401,1150.0293914632796,324.5842622713828,142.29116589862713,1362.3142785031177,360.10410092973905
patient_150,85.0,3.4,55.763681184659674,-2126.181505162207,213.89563804058963,67.8834714999333,-918.3657536382678,327.2996011313801,58.35378248518367,-2098.4345853360865,362.43825222914637
patient_150,86.0,3.44,79.30351108215355,588.4957474373468,217.06777848387577,102.01521087127404,853.2934842835185,331.3802095662311,52.122773458956296,-155.7752256556844,364.5231631675046
patient_150,87.0,3.48,193.21348134518493,2847.749256575785,224.79631773768315,189.4364553348423,2185.5311115892064,338.9576677796247,102.96993526251254,1271.179045088906,368.64196057800507
patient_150,88.0,3.52,272.29200894203075,1976.9631899211454,235.68799809536438,159.7383810596679,-742.4518568793601,345.34720302201146,259.8258188511025,3921.397089714749,379.0349933320492
patient_150,89.0,3.56,32.22191471236552,-6001.752355741631,236.976874683859,48.49680500137541,-2781.039401457312,347.2870752220665,85.87159632813506,-4348.855563074186,382.46985718517465
patient_150,90.0,3.6,255.92984374629825,5592.698225848318,247.21406843371093,116.74937741159658,1706.3143102555293,351.9570503185304,119.80932136190697,848.4431258442978,387.2622300396509
patient_150,91.0,3.64,62.701732146567714,-4830.702789993264,249.72213771957362,96.8578355104508,-497.28854752864464,355.8313637389484,278.4397150713855,3965.7598427369626,398.39981864250626
patient_150,92.0,3.68,110.3932606777843,1192.2882132804145,254.137868146685,514.5827132266961,10443.121942906133,376.4146722680163,205.76722445499448,-1816.8122654097751,406.63050762070606
patient_150,93.0,3.72,134.98639528366854,614.8283651471061,259.5373239580317,331.300880917579,-4582.045807727928,389.66670750471945,179.05894118654672,-667.707081711194,413.79286526816793
patient_150,94.0,3.76,243.20233733403873,2705.398551259255,269.2654174513933,298.7083401709528,-814.8135186656546,401.61504111155756,498.94842269661433,7997.237037751691,433.7508021760325
patient_150,95.0,3.8,307.18012767864496,1599.444758615156,281.5526225585391,93.5058498931523,-5130.062256945012,405.35527510728366,520.1290965398807,529.5168460816598,454.55596603762774
patient_150,96.0,3.84,490.5162604382716,4583.403318990666,301.17327297606994,276.5784097773956,4576.813997106084,416.4184114983795,560.9247682468426,1019.8917926740478,476.9929567675015
patient_150,97.0,3.88,338.99209811527817,-3788.1040580748363,314.7329569006811,316.388496032203,995.252156370185,429.07395133966764,257.29980377856157,-7590.624111707027,487.2849489186439
patient_150,98.0,3.92,211.4926395103879,-3187.4864651222565,323.19266248109653,105.70006258324234,-5267.210836224017,433.3019538429973,256.9280177391415,-9.294650985501107,497.5620696282096
patient_150,99.0,3.96,178.17984889540134,-832.8197653746643,330.3198564369126,216.08999328755945,2759.7482676079276,441.94555357449974,252.47914456433736,-111.22182937010407,507.66123541078304
patient_150,100.0,4.0,53.444496825491115,-3118.3838017477556,332.4576363099323,68.22386914271414,-3696.6531036211327,444.67450834020826,106.54468686670542,-3648.361442440799,511.9230228854513
patient_150,101.0,4.04,134.48170426602474,2025.9301860133405,337.8369044805733,147.9197443987568,1992.3968814010664,450.5912981161585,69.11661095525452,-935.7018977862726,514.6876873236614
patient_150,102.0,4.08,39.1838751656985,-2382.445727508156,339.4042594872012,40.1677742501292,-2693.7992537156897,452.19800908616367,62.14457559538638,-174.30088399670342,517.173470347477
patient_150,103.0,4.12,12.489242612525112,-667.3658138293348,339.9038291917022,14.622200934552179,-638.6393328894255,452.78289712354575,74.73045628854308,314.64701732891757,520.1626885990187
patient_150,104.0,4.16,40.6708103091919,704.5391924166697,341.53066160406985,42.64692492157378,700.61809967554,454.4887741204087,79.5936121243434,121.57889589500783,523.3464330839923
patient_150,105.0,4.2,90.69354093360555,1250.568265610341,345.1584032414141,103.43712405407001,1519.754978312406,458.6262590825715,88.94124850399123,233.69090949119595,526.9040830241521
patient_150,106.0,4.24,93.75917963470684,76.64096752753231,348.9087704268023,175.43935806737278,1800.0558503325692,465.64383340526643,214.4928109297533,3138.7890606440515,535.4837954613422
patient_150,107.0,4.28,56.134013802534064,-940.6291458043194,351.15413097890365,103.78551371313624,-1791.3461088559136,469.7952539537918,52.92636814946037,-4039.1610695073227,537.6008501873206
patient_150,108.0,4.32,65.29758338623999,229.08923959264823,353.76603431435325,50.339736155417015,-1336.1444389429807,471.80884340000847,369.6899706325167,7919.090062076409,552.3884490126213
patient_150,109.0,4.36,29.674488371146573,-890.5773753773354,354.9530138491991,26.529932495008122,-595.2450915102223,472.87004069980884,421.3386050703863,1291.2158609467397,569.2419932154368
patient_150,110.0,4.4,17.350305896850312,-308.1045618574065,355.64702608507315,120.50246211018032,2349.3132403793047,477.69013918421604,213.38450924894673,-5198.852395535989,577.7773735853946
patient_150,111.0,4.44,9.483053506559576,-196.6813097572684,356.02634822533554,47.59267011189013,-1822.7447999572546,479.5938459886916,33.76346577768088,-4490.526086781647,579.1279122165018
patient_150,112.0,4.48,83.46332512398226,1849.5067904355672,359.3648812302948,493.5886663957607,11149.899907096764,499.337392644522,453.6421623358094,10496.967413953213,597.2735987099343
patient_150,113.0,4.52,230.4285049889608,3674.1294966244636,368.5820214298533,314.6359783620272,-4473.8172008433385,511.9228317790031,148.59323078831096,-7626.223288687462,603.2173279414667
patient_150,114.0,4.56,275.72327685941053,1132.369296761243,379.6109525042297,414.5946083044085,2498.965748559533,528.5066161111795,594.5956308221027,11150.060000844795,627.0011531743507
patient_150,115.0,4.6,217.7923456580223,-1448.2732800347057,388.32264633055064,380.43148691776355,-854.0780346661236,543.72387558789,571.95914665552,-565.9121041645676,649.8795190405715
patient_150,116.0,4.64,79.58676827293067,-3455.139434627291,391.5061170614679,666.9719063286856,7163.510485273051,570.4027518410373,899.9366332894789,8199.43716584897,685.8769843721508
patient_150,118.0,4.72,,,391.5061170614679,,,570.4027518410373,,,685.8769843721508
patient_150,119.0,4.76,179.41364923841098,,398.6826630310043,322.27973396234523,,583.2939411995312,269.20608961114823,,696.6452279565966
patient_150,120.0,4.8,124.32695347454468,-1377.1673940966575,403.65574116998613,105.78830859124118,-5412.285634277602,587.5254735431809,415.11885808799934,3647.8192119212777,713.2499822801167
patient_150,121.0,4.84,64.73079255285384,-1489.9040230422709,406.2449728721003,17.38854780805412,-2209.994019579676,588.221015455503,54.003883074088286,-9027.874375347777,715.4101376030802
patient_150,122.0,4.88,28.91222512347584,-895.4641857344502,407.4014618770393,54.52836869551306,928.4955221864734,590.4021502033236,40.93160642414641,-326.80691624854694,717.0474018600461
patient_150,123.0,4.92,34.08341695082947,129.27979568384086,408.7647985550725,82.23749948825615,692.7282698185772,593.6916501828538,241.07761035608328,5003.650098298423,726.6905062742894
patient_150,124.0,4.96,58.62379108907439,613.5093534561229,411.1097501986354,32.95546792654722,-1232.0507890427232,595.0098688999157,121.2135844674794,-2996.600647215097,731.5390496529885
patient_150,125.0,5.0,72.73968518282463,352.89735234375604,414.01933760594846,70.41719134140807,936.5430853715212,597.826556553572,132.1300609472243,272.9119119936229,736.8242520908774
patient_150,126.0,5.04,27.706674653492904,-1125.825263233293,415.1276045920882,34.46517518401883,-898.800403934731,599.2051635609328,420.3304422465988,7205.009532484362,753.6374697807414
patient_150,127.0,5.08,50.51946991904067,570.319881638694,417.1483833888498,123.77866524048687,2232.837251411701,604.1563101705523,95.6160133937571,-8117.860721321043,757.4621103164916
patient_150,128.0,5.12,37.761524502903995,-318.9486354034168,418.658844368966,441.82530574660507,7951.166012652955,621.8293224004165,384.7743658524637,7228.958811467664,772.8530849505901
patient_150,129.0,5.16,55.57896870953743,445.4361051658358,420.8820031173475,253.8531663355396,-4699.303485276637,631.983449053838,672.5058771276179,7193.287781878854,799.7533200356947
patient_150,130.0,5.2,110.37826112452174,1369.9823103746078,425.2971335623284,197.16173703482386,-1417.2857325178938,639.8699185352309,227.70907855359505,-11119.919964350569,808.8616831778386
patient_150,131.0,5.24,209.78665308585033,2485.209799033215,433.68859968576237,203.21301937844157,151.28205859044286,647.9984393103686,383.65258935482126,3898.587770030655,824.2077867520314
patient_150,132.0,5.28,104.9581813800076,-2620.7117926460683,437.88692694096267,355.3072649039094,3802.3561381366962,662.210729906525,362.65434947934756,-524.9559968868425,838.7139607312052
patient_150,133.0,5.32,246.3267053762234,3534.213099905395,447.73999515601156,241.26775409143573,-2850.987770311842,671.8614400701824,387.3634301205985,617.727016031273,854.2084979360293
patient_150,134.0,5.36,242.20866247619216,-102.95107250078104,457.4283416550593,185.1646280324609,-1402.5781514743705,679.2680251914809,599.7185692293534,5308.878477718874,878.1972407052034
patient_150,135.0,5.4,257.7009646381463,387.30755404885286,467.7363802405851,1242.1370507472693,26424.31056787021,728.9535072213716,903.1222834614455,7585.0928558023015,914.3221320436612
patient_150,136.0,5.44,447.94618242973274,4756.130444789662,485.65422753777443,626.1620844729971,-15399.374156856806,753.9999906002917,534.8761065985024,-9206.154421573578,935.7171763076013
patient_150,137.0,5.48,278.0330441929875,-4247.82845591863,496.77554930549394,298.73436827311895,-8185.692904996954,765.9493653312164,223.61601427008074,-7781.50230821054,944.6618168784045
patient_150,138.0,5.52,82.09380835134905,-4898.480896040962,500.05930163954787,285.7816629777647,-323.8176323838559,777.3806318503271,181.48476252197787,-1053.2812937025717,951.9212073792836
patient_150,139.0,5.56,46.94982949288108,-878.5994714616994,501.9372948192631,60.24766429526606,-5638.349967062466,779.7905384221376,99.3419854607367,-2053.5694265310294,955.8948867977131
patient_150,140.0,5.6,42.10368406089198,-121.15363579972751,503.6214421816988,58.760930249646535,-37.1683511404882,782.1409756321234,74.35577711878038,-624.6552085489078,958.8691178824644
patient_150,141.0,5.64,30.116376060678206,-299.6827000053443,504.82609722412593,102.00799565663381,1081.176635174682,786.2212954583888,86.16925571979749,295.33696502542773,962.3158881112562
patient_150,142.0,5.68,86.26457853207943,1403.7050617850305,508.2766803654091,26.12197477398581,-1897.1505220662,787.2661744493482,32.50727724988624,-1341.5494617477812,963.6161792012516
patient_150,143.0,5.72,86.34642130565497,2.046069339388623,511.7305372176353,106.34425215142784,2005.5569344360506,791.5199445354052,54.896367980891824,559.7272682751395,965.8120339204874
patient_150,144.0,5.76,100.60245275065638,356.4007861250353,515.7546353276615,157.41027777863457,1276.6506406801682,797.8163556465506,101.30826194141856,1160.2973490131685,969.8643643981441
patient_150,145.0,5.8,70.91729529108666,-742.1289364892431,518.591327139305,76.37191094987013,-2025.959170719111,800.8712320845455,97.43987538599703,-96.70966388553843,973.761959413584
patient_150,146.0,5.84,44.11965804687926,-669.940931105185,520.3561134611801,76.24505127172507,-3.1714919536263153,803.9210341354145,333.9123785008431,5911.812577871152,987.1184545536177
patient_150,147.0,5.88,56.73587515870172,315.4054277955614,522.6255484675282,98.49527161816184,556.2555086609191,807.860845000141,172.57223052796914,-4033.5036993218487,994.0213437747365
patient_150,148.0,5.92,175.7199354618305,2974.6015075782193,529.6543458860014,115.50531259563809,425.2510244369063,812.4810575039664,172.94813140138402,9.397521835371947,1000.9392690307918
patient_150,149.0,5.96,317.6069215802664,3547.174652960897,542.358622749212,555.4192305004148,10997.847947619417,834.697826723983,274.38761898931205,2535.987189698201,1011.9147737903643
patient_150,150.0,6.0,410.631913904701,2325.624808110865,558.7838993054002,605.8711435779308,1261.2978269379,858.9326724671002,755.5510195865738,12029.085014931545,1042.1368145738272
patient_150,151.0,6.04,422.11593261192354,287.100467680564,575.668536609877,778.3231066311973,4311.299076331665,890.065596732348,589.7557223042542,-4144.8824320579915,1065.7270434659974
patient_150,152.0,6.08,328.9208784575022,-2329.8763538605326,588.8253717481771,1130.265974569976,8798.571698469465,935.2762357151471,976.2604460259364,9662.618093042056,1104.7774613070349
patient_150,153.0,6.12,311.98457603580795,-423.407560542357,601.3047547896094,470.9278721106788,-16483.452561482427,954.1133505995742,1123.9719613677387,3692.787883545057,1149.7363397617444
patient_150,154.0,6.16,431.88032328799153,2997.3936813045893,618.579967721129,612.1891827359223,3531.532765631087,978.6009179090111,728.3638320879337,-9890.203231995125,1178.8708930452617
patient_150,155.0,6.2,91.17124496335846,-8517.726958115827,622.2268175196634,283.39564873041735,-8219.838350137623,989.9367438582277,458.3629273275575,-6750.022619009405,1197.205410138364
patient_150,156.0,6.24,17.185751096677553,-1849.6373466670227,622.9142475635305,130.64632899511116,-3818.7329933826545,995.1625970180321,108.7596035236228,-8740.083095098367,1201.5557942793089
patient_150,157.0,6.28,12.52461842565242,-116.52831677562831,623.4152323005566,108.40950534051821,-555.9205913648238,999.4989772316528,96.91101879441432,-296.21461823021207,1205.4322350310854
patient_150,158.0,6.32,75.7465635073749,1580.548627043062,626.4450948408517,290.8553522043221,4561.146171595098,1011.1331913198258,70.5026067882997,-660.2103001528654,1208.2523393026174
patient_150,159.0,6.36,91.32669590602433,389.50330996623563,630.0981626770925,80.97895538648731,-5246.90992044587,1014.3723495352851,41.76477861338487,-718.4457043728708,1209.9229304471528
patient_150,160.0,6.4,57.631521604706926,-842.379357532935,632.4034235412809,248.1086234297114,4178.241701080602,1024.2966944724735,61.86432650191588,502.4886972132753,1212.3975035072297
patient_150,161.0,6.44,27.75219803569432,-746.9830892253151,633.5135114627086,127.5843696276819,-3013.1063450507377,1029.400069257581,56.96314248009358,-122.52960054555757,1214.6760292064332
patient_150,162.0,6.48,13.473909970908776,-356.9572016196386,634.052467861545,136.671388684465,227.17547641957765,1034.8669248049596,91.80286633089348,870.9930962699975,1218.348143859669
patient_150,163.0,6.52,81.7666315232972,1707.3180388097107,637.3231331224769,478.3962570192612,8543.121708369905,1054.00277508573,39.44750480957402,-1308.8840380329864,1219.926044052052
patient_150,164.0,6.56,38.11489411752234,-1091.2934351443716,638.8477288871777,104.65696203289868,-9343.482374659065,1058.189053567046,15.666689746659099,-594.520376572873,1220.5527116419184
patient_150,165.0,6.6,50.138082350014095,300.57970581229387,640.8532521811783,211.05177861926057,2659.8704146590476,1066.6311247118165,68.56514993281478,1322.4615046538918,1223.2953176392311
patient_150,166.0,6.64,13.14655429712529,-924.7882013222201,641.3791143530633,89.7984646273122,-3031.3328497987095,1070.2230632969088,21.31643982793434,-1181.217752622011,1224.1479752323485
patient_150,167.0,6.68,7.866590403388314,-131.99909734342438,641.6937779691989,35.148887020289095,-1366.2394401755776,1071.6290187777204,42.63058078934171,532.8535240351843,1225.8531984639221
patient_150,168.0,6.72,20.588370321697454,318.0444979577285,642.5173127820667,23.33690884179747,-295.2994544622906,1072.562495131392,31.581993230906896,-276.21468896087026,1227.1164781931582
patient_150,169.0,6.76,18.7251221812183,-46.581203511978856,643.2663176693154,21.81860802974595,-37.95752030128803,1073.435239452582,22.607756054843435,-224.35592940158654,1228.020788435352
patient_150,170.0,6.8,29.4175746670154,267.3113121449275,644.4430206559961,33.75421596571005,298.3901983991026,1074.7854080912105,91.96151142875229,1733.8438843477213,1231.699248892502
patient_150,171.0,6.84,22.817297882124997,-165.0069196222601,645.3557125712811,45.15994242605825,285.14316150870496,1076.5918057882527,43.77775658113047,-1204.5938711905455,1233.4503591557473
patient_150,172.0,6.88,66.31942975145601,1087.5532967332754,648.0084897613393,118.98618667311983,1845.6561061765394,1081.3512532551774,40.69785936068329,-76.99743051117949,1235.0782735301746
patient_150,173.0,6.92,64.18951393038002,-53.247895526899924,650.5760703185546,78.81560110080453,-1004.2646393078826,1084.5038772992095,106.2262003595134,1638.208524970753,1239.3273215445552
patient_150,174.0,6.96,33.295892188580105,-772.3405435449978,651.9079060060977,257.31395974412,4462.458966082886,1094.7964356889743,84.31533406825287,-547.7716572815133,1242.6999349072853
patient_150,175.0,7.0,26.909011549232424,-159.672015983692,652.9842664680671,161.3746658874648,-2398.4823464163796,1101.251422324473,14.109881192209912,-1755.1363219010739,1243.2643301549735
patient_150,176.0,7.04,45.19119148216395,457.05449832328816,654.7919141273536,78.15815264410142,-2080.4128310840847,1104.377748430237,157.67910542454274,3589.230605808321,1249.5714943719554
patient_150,177.0,7.08,58.52914425587217,333.4488193427054,657.1330798975885,234.92455719422483,3919.160113753085,1113.7747307180061,155.12471072996487,-63.85986736444664,1255.7764828011539
patient_150,178.0,7.12,49.33792484260873,-229.780485331586,659.1065968912928,188.58670131781463,-1158.446396910255,1121.3181987707185,49.17557812463659,-2648.728315133207,1257.7435059261393
patient_150,179.0,7.16,53.59307442216765,106.37873948897311,661.2503198681795,156.57939434213074,-800.1826743920972,1127.5813745444038,89.50653123229651,1008.2738276914981,1261.3237671754312
patient_150,180.0,7.2,87.6971177106853,852.6010822129413,664.758204576607,103.52843951605061,-1326.2738706520033,1131.7225121250458,140.55091127636382,1276.1095011016828,1266.9458036264857
patient_150,181.0,7.24,65.14522777425094,-563.7972484108591,667.364013687577,72.90914958048847,-765.4822483890534,1134.6388781082653,151.25789045811973,267.6744795438978,1272.9961192448106
patient_150,182.0,7.28,51.96450437172304,-329.5180850631976,669.442593862446,54.94450887490307,-449.11601763963506,1136.8366584632613,41.32675722333953,-2748.278330869505,1274.649189533744
patient_150,183.0,7.32,52.03780771980892,1.8325837021469837,671.5241061712383,43.586264469676905,-283.95611013065417,1138.5801090420484,61.93039809580455,515.0910218116255,1277.126405457576
patient_150,184.0,7.36,60.48514235965233,211.18336599608529,673.9435118656243,149.2901962044615,2642.5982933696146,1144.5517168902268,53.83029089216017,-202.50268009110943,1279.2796170932627
patient_150,185.0,7.4,82.56799718068545,552.0713705258281,677.2462317528517,209.41988116814198,1503.2421240920123,1152.9285121369526,199.96163404090092,3653.2835787185186,1287.2780824548986
patient_150,186.0,7.44,102.00538716689648,485.93474965527577,681.3264472395276,205.11595511539554,-107.5981513186612,1161.1331503415684,67.45486087610453,-3312.6693291199094,1289.9762768899427
patient_150,187.0,7.48,56.1407946206295,-1146.6148136566746,683.5720790243529,114.11446839461975,-2275.037168019395,1165.697729077353,191.69459836752662,3105.9934372855523,1297.644060824644
patient_150,188.0,7.52,34.393045487960535,-543.6937283167241,684.9478008438713,48.13707795442222,-1649.434761004938,1167.62321219553,99.10252658301945,-2314.8017946126793,1301.6081618879646
patient_150,189.0,7.56,38.649776806470726,106.41828296275477,686.49379191613,27.6394448313074,-512.4408280778704,1168.7287899887822,336.0744204973902,5924.2973478592685,1315.0511387078604
patient_150,190.0,7.6,113.57881772808602,1873.2260230403824,691.0369446252533,319.1971883853253,7288.943588850448,1181.4966775241953,148.98270493512697,-4677.29288905658,1321.0104469052656
patient_150,191.0,7.64,83.26627046218765,-757.8136816474594,694.3675954437408,311.0245260817777,-204.31655758869027,1193.9376585674663,354.8518751549932,5146.729255496655,1335.2045219114652
patient_150,192.0,7.68,102.42940464369241,479.07835453761896,698.4647716294885,153.85810205464563,-3929.160600678302,1200.0919826496522,59.27460378826637,-7389.431784168171,1337.575506062996
patient_150,193.0,7.72,57.42991539926104,-1124.9872311107843,700.761968245459,190.96148504991453,927.5845748817226,1207.7304420516487,161.35060460088297,2551.900020315415,1344.0295302470313
patient_150,194.0,7.76,74.15362568087605,418.09275704037515,703.728113272694,220.93716883472487,749.3920946202586,1216.5679288050376,244.11084726775934,2069.006066671909,1353.7939641377418
patient_150,195.0,7.8,181.72285397686068,2689.2307073996158,710.9970274317685,520.3407602951752,7485.089786511258,1237.3815592168446,403.61041990301663,3987.4893158814325,1369.9383809338624
patient_150,196.0,7.84,237.0074401886913,1382.1146552957657,720.4773250393162,282.0648897031596,-5956.896764800389,1248.664154804971,485.79229994441835,2054.5470010350427,1389.3700729316392
patient_150,197.0,7.88,342.7814806047218,2644.351010400763,734.188584263505,536.8321271759587,6369.180936819977,1270.1374398920095,527.6016638065166,1045.234096552457,1410.4741394839
patient_150,198.0,7.92,483.65804097173105,3521.9140091752306,753.5349059023742,579.6850108940009,1071.3220929510555,1293.3248403277694,633.1791995855486,2639.4383944758006,1435.8013074673217
patient_150,199.0,7.96,355.37666896159715,-3207.0343002533477,767.7499726608382,373.395566690941,-5157.2361050764985,1308.260662995407,336.41716824912913,-7419.050783410487,1449.257994197287
patient_150,200.0,8.0,312.57194160728494,-1070.1181838578052,780.2528503251297,444.27039930646833,1771.8708153881835,1326.031478967666,346.8811133972169,261.598628702194,1463.1332387331756
patient_150,201.0,8.04,246.04417707760518,-1663.1941132419938,790.094617408234,286.42193635486814,-3946.211573790005,1337.4883564218608,191.52737521508593,-3883.843454553274,1470.794333741779
patient_150,202.0,8.08,111.51424730686512,-3363.248244268502,794.5551873005086,101.67978658333182,-4618.553744288409,1341.5555478851938,210.7032920001869,479.3979196275245,1479.2224654217864
patient_150,203.0,8.12,72.85549017373887,-966.4689283281562,797.469406907458,291.58671769136197,4747.673277700754,1353.2190165928484,72.8280392901886,-3446.881317749958,1482.1355869933939
patient_150,204.0,8.16,30.58294169747473,-1056.8137119066034,798.692724575357,260.51018487709473,-776.913320356681,1363.639423987932,237.60434641985174,4119.407678241579,1491.639760850188
patient_150,205.0,8.2,75.30513735226735,1118.0548913698156,801.7049300694478,124.32867349869511,-3404.5377844599907,1368.61257092788,58.50199523477408,-4477.558779626941,1493.979840659579
patient_150,206.0,8.24,43.910030898592545,-784.8776613418702,803.4613313053914,93.30366571751739,-775.625194529443,1372.3447175565807,91.76356905528759,831.5393455128378,1497.6503834217904
patient_150,207.0,8.28,42.50651331718664,-35.08793953514768,805.161591838079,59.22908893815949,-851.8644194839475,1374.7138811141072,184.89689337044427,2328.333107878917,1505.0462591566081
patient_150,208.0,8.32,17.60008168057679,-622.6607909152463,805.865595105302,45.94386083161189,-332.13070266369,1376.5516355473717,56.883098681646615,-3200.344867219941,1507.321583103874
patient_150,209.0,8.36,63.60420740854274,1150.103143199149,808.4097634016435,15.805006872703917,-753.4713489726994,1377.18383582228,85.5500504155147,716.6737933467023,1510.7435851204946
patient_150,210.0,8.4,64.2723437149039,16.70340765902889,810.9806571502397,424.1249511336012,10207.998606522431,1394.1488338676238,48.18567980510833,-934.1092652601594,1512.6710123126988
patient_150,211.0,8.44,133.436450352036,1729.1026659283023,816.3181151643212,230.21937203263698,-4847.639477524105,1403.3576087489294,18.094305369777985,-752.2843608832586,1513.39478452749
patient_150,212.0,8.48,238.24355443659547,2620.177602113987,825.847857341785,73.51561245249448,-3917.5939895035626,1406.2982332470292,109.74457231483505,2291.2566736264266,1517.7845674200832
patient_150,213.0,8.52,189.86354414415572,-1209.5002573109937,833.4423991075512,329.61509986005063,6402.487185188903,1419.482837241431,86.62359481762654,-578.0244374302129,1521.2495112127883
patient_150,214.0,8.56,351.629112184736,4044.1392010145073,847.5075635949406,569.4332340047551,5995.453353617613,1442.2601666016212,454.76396267798947,9203.509196509072,1539.440069719908
patient_150,215.0,8.6,287.60549488042705,-1600.5904326077243,859.0117833901577,943.042045872452,9340.220296692421,1479.9818484365196,473.02556578573905,456.5400776937395,1558.3610923513377
patient_150,217.0,8.68,,,859.0117833901577,,,1479.9818484365196,,,1558.3610923513377
patient_150,218.0,8.72,588.5597541448719,,882.5541735559526,822.3401424764686,,1512.8754541355781,1049.8536066940464,,1600.3552366190995
patient_150,219.0,8.76,235.73288924697172,-8820.671622447506,891.9834891258314,232.7367532919787,-14740.084729612248,1522.1849242672574,873.2242354633104,-4415.734280768402,1635.284206037632
patient_150,220.0,8.8,118.15820759397529,-2939.3670413249106,896.7098174295904,168.61850495703044,-1602.9562083737062,1528.9296644655387,107.24343616587608,-19149.519982435857,1639.573943484267
patient_150,221.0,8.84,20.858842406268916,-2432.4841296926593,897.5441711258412,193.8232037000797,630.1174685762312,1536.6825926135418,57.43197467026394,-1245.2865373903035,1641.8712224710773
patient_150,222.0,8.88,8.026580696005283,-320.80654275659083,897.8652343536814,64.51275314381901,-3232.7612639065164,1539.2631027392947,24.01482647975643,-835.4287047626877,1642.8318155302675
patient_150,223.0,8.92,69.20963982825603,1529.5764783062687,900.6336199468117,191.96984735783775,3186.4273553504686,1546.9418966336082,56.46687966150561,811.3013295437295,1645.0904907167278
patient_150,224.0,8.96,126.61102226296089,1435.0345608676214,905.6980608373301,108.02414644558587,-2098.642522806297,1551.2628624914316,27.72636186099314,-718.5129450128117,1646.1995451911675
patient_150,225.0,9.0,64.22503004945749,-1559.649805337585,908.2670620393084,62.66468579729991,-1133.986516207149,1553.7694499233237,26.852860792840026,-21.83752670382786,1647.273659622881
patient_150,226.0,9.04,75.62912994121709,285.10249729399,911.2922272369572,35.97650814255153,-667.2044413687095,1555.2085102490257,58.108250916240934,781.3847530850227,1649.5979896595309
patient_150,227.0,9.08,87.67831191257889,301.2295492840451,914.7993597134603,38.16278732721765,54.65697961665299,1556.7350217421144,53.786434887186985,-108.04540072634872,1651.7494470550184
patient_150,228.0,9.12,54.71942743872777,-823.972111846278,916.9881368110094,50.02758788293951,296.6200138930464,1558.736125257432,96.82540222346768,1075.9741834070173,1655.6224631439572
patient_150,229.0,9.16,68.43031804961849,342.77226527226804,919.7253495329942,33.615127854441226,-410.311500712457,1560.0807303716097,79.92880403732136,-422.414954653658,1658.81961530545
patient_150,230.0,9.2,83.54884057138679,377.96306304420744,923.0673031558497,48.44946071168715,370.85832143114817,1562.018708800077,4.5779189421483775,-1883.7721273793245,1659.0027320631361
patient_150,231.0,9.24,118.73017027643526,879.5332426262117,927.816509966907,236.17854182643433,4693.227027868679,1571.4658504731344,234.90861083560148,5758.267297336327,1668.39907649656
patient_150,232.0,9.28,286.2659555764753,4188.394632501,939.2671481899661,625.0293928363756,9721.271275248531,1596.4670261865895,510.94401854068445,6900.885192627075,1688.8368372381874
patient_150,234.0,9.36,,,939.2671481899661,,,1596.4670261865895,,,1688.8368372381874
patient_150,235.0,9.4,405.66609661679547,,955.4937920546379,719.1144032143199,,1625.2316023151623,469.98657304137134,,1707.6363001598424
patient_150,236.0,9.44,487.6911439448053,2050.626183200245,975.0014378124301,915.620217487211,4912.645356822279,1661.8564110146506,313.9061730037283,-3902.0100009410753,1720.1925470799915
patient_150,237.0,9.48,394.6407459267532,-2326.259950451302,990.7870676495003,1847.2789022284476,23291.467118530916,1735.7475671037887,1619.0213729727172,32627.879999224722,1784.9534019989003
patient_150,238.0,9.52,26.918399082760168,-9193.058671099825,991.8638036128106,60.55789807665102,-44668.02510379491,1738.1698830268547,104.8588652191622,-37854.062693838874,1789.1477566076667
patient_150,239.0,9.56,276.5908921172017,6241.812325861038,1002.9274392974986,531.0194081820711,11761.5377526355,1759.4106593541376,450.71331747095,8646.361306294697,1807.1762893065047
patient_150,240.0,9.6,314.0218916097528,935.7749873137777,1015.4883149618887,241.32793026017285,-7242.2869480474565,1769.0637765645445,223.67647380107044,-5675.921091746989,1816.1233482585476
patient_150,241.0,9.64,52.76055265853709,-6531.533473780392,1017.5987370682301,30.33067476519651,-5274.931387374409,1770.2770035551523,80.76459581890158,-3572.796949554221,1819.3539320913035
patient_150,242.0,9.68,52.579007674930985,-4.538624590152551,1019.7018973752274,60.46250135003503,753.2956646209631,1772.6955036091538,41.147885686270335,-990.4177533157812,1820.9998475187542
patient_150,243.0,9.72,46.11111415336901,-161.69733803904938,1021.5463419413622,55.957802530010156,-112.61747050062195,1774.9338157103539,55.70771693082233,363.99578111379986,1823.2281561959871
patient_150,244.0,9.76,17.424789596223132,-717.1581139286469,1022.243333525211,69.19483495672998,330.9258106679955,1777.7016091086232,35.54989608647198,-503.94552110875867,1824.650152039446
patient_150,245.0,9.8,5.245752848190355,-304.4759187008194,1022.4531636391387,58.24992072825039,-273.62285571198976,1780.0316059377533,163.01566608978914,3186.6442500829285,1831.1707786830377
patient_150,246.0,9.84,23.988289902486855,468.5634263574125,1023.4126952352381,14.506500389013361,-1093.5855084809257,1780.6118659533138,88.80135042775157,-1855.357891550939,1834.722832700148
patient_150,247.0,9.88,45.18064681409234,529.8089227901371,1025.2199211078018,20.869066739755876,159.0641587685629,1781.446628622904,14.528295901271434,-1856.8263631620034,1835.3039645361987
patient_150,248.0,9.92,43.430206353210224,-43.76101152205294,1026.9571293619301,125.28813667241867,2610.4767483165697,1786.4581540898007,162.29117082417844,3694.071873072675,1841.795611369166
patient_150,249.0,9.96,11.824330682343378,-790.1468917716711,1027.430102589224,20.14180284101212,-2628.658345785164,1787.263826203441,95.39452097389365,-1672.4162462571196,1845.6113922081217
patient_150,250.0,10.0,11.910750312363932,2.160490750513855,1027.9065326017183,97.52331907942812,1934.5379059604,1791.1647589666184,194.90099344478602,2487.661811772309,1853.4074319459135
patient_150,251.0,10.04,32.05590436006866,503.62885119261824,1029.1887687761212,58.838087242280196,-967.1307959286981,1793.5182824563096,192.63698481864031,-56.60021565364275,1861.112911338659
patient_150,252.0,10.08,297.335590592718,6631.992155816233,1041.0821923998299,83.1358515239876,607.444107042685,1796.8437165172688,272.65230508448474,2000.3830066461105,1872.0190035420383
patient_150,253.0,10.12,332.2184903838014,872.0724947770848,1054.370932015182,400.97113466142144,7945.882078435847,1812.8825619037257,333.2331243958918,1514.5204827851771,1885.3483285178738
patient_150,254.0,10.16,421.0008392844336,2219.558722515805,1071.2109655865593,635.9517409467986,5874.5151571344295,1838.3206315415975,839.942765367526,12667.741024290855,1918.9460391325747
patient_150,255.0,10.2,373.9566001943484,-1176.1059772521294,1086.169229594333,954.7835022672828,7970.794033012104,1876.5119716322888,924.5743208707928,2115.7888875816698,1955.9290119674065
patient_150,258.0,10.32,,,1086.169229594333,,,1876.5119716322888,,,1955.9290119674065
patient_150,259.0,10.36,62.87283772555847,,1088.6841431033554,225.00640623122362,,1885.5122278815377,1069.882525755676,,1998.7243129976334
patient_150,260.0,10.4,237.1699976030503,4357.428996937296,1098.1709430074775,1196.6543393421307,24291.198327772676,1933.378401455223,1023.9534714184231,-1148.2263584313216,2039.6824518543706
patient_150,261.0,10.44,225.03952473190094,-303.26182177873375,1107.1725239967534,163.41431441618334,-25831.000623148684,1939.9149740318703,316.6935089627439,-17681.49906139198,2052.3501922128803
patient_150,262.0,10.48,64.55943971348344,-4012.0021254604376,1109.7549015852928,109.1158006046327,-1357.4628452887662,1944.2796060560556,67.63095013789132,-6226.563970621315,2055.055430218396
patient_150,263.0,10.52,44.83083383914739,-493.21514685840134,1111.5481349388588,119.54165629760924,260.6463923244135,1949.06127230796,82.88770354700108,381.41883522774407,2058.370938360276
patient_150,264.0,10.56,173.39655629028587,3214.1430612784616,1118.48399719047,152.85446958377997,832.8203321542684,1955.175451091311,118.86424181723793,899.4134567559211,2063.1255080329656
patient_150,265.0,10.6,64.3874748724647,-2725.2270354455295,1121.0594961853685,46.25389965882213,-2665.0142481239463,1957.0256070776638,164.52946078799113,1141.63047426883,2069.7066864644853
patient_150,266.0,10.64,57.32938909253371,-176.4521444982746,1123.35267174907,53.74461871872235,187.26797649750554,1959.1753918264128,62.930141290573,-2539.982987435453,2072.223892116108
patient_150,267.0,10.68,51.422194892084626,-147.6798550112271,1125.4095595447534,49.30303564625039,-111.03957681179892,1961.1475132522628,232.85453952007182,4248.109955737471,2081.538073696911
patient_150,268.0,10.72,28.380086994307014,-576.0526974444404,1126.5447630245258,510.17217782208,11521.72855439574,1981.554400365146,146.3081261713761,-2163.660333717393,2087.3903987437657
patient_150,269.0,10.76,32.37660666249715,99.91299170475347,1127.8398272910256,19.287660432373723,-12272.112934742658,1982.325906782441,26.724300820405524,-2989.5956337742646,2088.459370776582
patient_150,270.0,10.8,3.132508816327586,-731.1024461542391,1127.9651276436787,45.78612431760906,662.4615971308833,1984.1573517551453,30.26911235845669,88.62028845127918,2089.67013527092
patient_150,271.0,10.84,60.76472806540665,1440.8054812269766,1130.395716766295,36.80665677675203,-224.48668852142575,1985.6296180262154,74.72193283518044,1111.3205119180936,2092.6590125843272
patient_150,272.0,10.88,10.438494360685526,-1258.1558426180281,1130.8132565407223,78.7786587234751,1049.300048668077,1988.7807643751544,41.19097912586293,-838.2738427329377,2094.306651749362
patient_150,273.0,10.92,41.4513445855546,775.3212556217269,1132.4713103241445,55.30272662984023,-586.8983023408719,1990.992873440348,41.90684337850724,17.89660631610772,2095.982925484502
patient_150,274.0,10.96,33.77413839447956,-191.9301547768761,1133.8222758599238,44.02266657705323,-282.001501319675,1992.75378010343,62.76020328042725,521.3339975480002,2098.4933336157196
patient_150,275.0,11.0,45.51374928818442,293.4902723426216,1135.642825831451,77.14667013627961,828.1000889806595,1995.8396469088812,51.0517989292834,-292.7101087785962,2100.535405572891
patient_150,276.0,11.04,44.85395642840483,-16.49482149448982,1137.4369840885875,210.88968343870127,3343.575332560542,2004.2752342464291,347.6427691573559,7414.774255701812,2114.441116339185
patient_150,277.0,11.08,68.14072209350266,582.1691416274458,1140.1626129723275,185.4661259848441,-635.5889363464293,2011.693879285823,817.8333479036967,11754.76446865852,2147.154450255333
patient_150,278.0,11.12,272.62891019947665,5112.20470264935,1151.0677693803066,501.1193146563648,7891.329716788017,2031.7386518720775,791.2959388438636,-663.4352264958267,2178.8062878090873
patient_150,279.0,11.16,369.76467248021856,2428.3940570185478,1165.8583562795152,374.4341754674905,-3167.1284797218577,2046.7160188907771,511.7374086611017,-6988.963254569047,2199.2757841555313
patient_150,280.0,11.2,63.06648026871531,-7667.454805287582,1168.381015490264,83.87853466484839,-7263.891020066052,2050.0711602773713,263.7050532401789,-6200.80888552307,2209.8239862851387
patient_150,281.0,11.24,441.4819440030899,9460.386593359366,1186.0402932503875,527.9053963083747,11100.671541088159,2071.187376129706,651.7029287289542,9699.946887219383,2235.8921034342966
patient_150,282.0,11.28,308.14137340578986,-3333.5142649325007,1198.365948186619,788.8213041315416,6522.897695579172,2102.740228294968,729.1108562543982,1935.1981881360985,2265.0565376844725
patient_150,283.0,11.32,378.12617243843624,1749.6199758161595,1213.4909950841566,518.0859581776682,-6768.383648846836,2123.4636666220745,945.632878402098,5413.050553692494,2302.8818528205566
patient_150,284.0,11.36,313.8320693606207,-1607.3525769453881,1226.0442778585814,569.5641652002759,1286.9551755651912,2146.246233230085,172.94848119692875,-19317.10993012923,2309.799792068434
patient_150,285.0,11.4,236.18953943000287,-1941.0632482654464,1235.4918594357816,347.4075037538818,-5553.916536159851,2160.1425333802404,362.6241160261925,4741.890870731593,2324.3047567094814
patient_150,286.0,11.44,150.05160923336496,-2153.448254915948,1241.4939238051163,97.38990192854483,-6250.440045633425,2164.038129457382,25.10804270197443,-8437.90183310545,2325.30907841756
patient_150,287.0,11.48,49.58572779785479,-2511.647035887754,1243.4773529170304,46.16241767899352,-1280.6871062387827,2165.884626164542,119.95041395147125,2371.0592812374207,2330.107094975619
patient_150,288.0,11.52,124.186235523303,1865.0126931362051,1248.4448023379625,98.65638588065981,1312.3492050416573,2169.8308815997684,116.71253347217774,-80.94701198233771,2334.7755963145064
patient_150,289.0,11.56,42.13982003160624,-2051.1603872924193,1250.1303951392267,167.7826469359188,1728.1565263814746,2176.5421874772055,150.115469936957,835.0734116194815,2340.7802151119845
patient_150,290.0,11.6,46.098111641990684,98.95729025961106,1251.9743196049064,151.35928345309904,-410.5840870704938,2182.5965588153294,217.77636734142826,1691.5224351117813,2349.491269805642
patient_150,291.0,11.64,27.15367520013962,-473.6109110462766,1253.060466612912,139.93362775530662,-285.64139244481055,2188.1939039255417,622.133661459333,10108.932352947619,2374.376616264015
patient_150,292.0,11.68,18.50678634941824,-216.17222126803455,1253.8007380668887,83.05036510387409,-1422.0815662858133,2191.5159185296966,724.6378127972179,2562.6037834471217,2403.362128775904
patient_150,293.0,11.72,36.30920499763943,445.0604662055299,1255.2531062667942,132.83543732246167,1244.6268054646896,2196.8293360225953,89.6869296909139,-15873.772077657599,2406.9496059635403
patient_150,294.0,11.76,15.198407848465024,-527.7699287293602,1255.8610425807328,52.86677564765063,-1999.2165418702762,2198.944007048501,39.2398045664429,-1261.178128111775,2408.519198146198
patient_150,295.0,11.8,52.54959841405422,933.77976413973,1257.963026517295,68.99846282804445,403.29217950984565,2201.703945561623,56.80607033696718,439.15664426310707,2410.791440959677
patient_150,296.0,11.84,14.846602283519914,-942.5749032633578,1258.556890608636,63.58471779005845,-135.34362594965012,2204.247334273225,11.072937046738689,-1143.3283322557124,2411.2343584415466
patient_150,297.0,11.88,30.460253638837056,390.34128388292856,1259.7753007541894,65.20949017235269,40.619309557355976,2206.8557138801193,25.30697246083142,355.8508853523183,2412.2466373399798
patient_150,298.0,11.92,32.65589583206495,54.89105483069734,1261.0815365874719,54.47937583517527,-268.2528584294355,2209.034888913526,16.02984445245257,-231.9282002094713,2412.887831118078
patient_150,299.0,11.96,38.87779137499235,155.54738857318497,1262.6366482424717,54.495480468163514,0.4026158247061318,2211.214708132253,69.07935560169547,1326.2377787310725,2415.6510053421457
patient_150,300.0,12.0,116.19243813903536,1932.8661691010752,1267.2843457680328,128.07741256605127,1839.5483024471937,2216.337804634895,144.05551774247363,1874.404053519454,2421.4132260518445
patient_150,301.0,12.04,27.630142611562448,-2214.0573881868227,1268.3895514724954,12.377179212762748,-2892.5058338322133,2216.832891803406,111.98384283487847,-801.7918726898788,2425.8925797652396
patient_150,302.0,12.08,95.18079316649074,1688.7662638732074,1272.196783199155,67.5031656847263,1378.1496617990888,2219.533018430795,422.699225852082,7767.884575430088,2442.800548799323
patient_150,303.0,12.12,260.0512286438571,4121.760886934159,1282.5988323449094,271.2737146739205,5094.263724729855,2230.3839670177517,205.57346659615197,-5428.143981398251,2451.023487463169
patient_150,304.0,12.16,298.21290706343495,954.0419604894466,1294.5273486274468,47.47418430587749,-5594.988259201075,2232.282934389987,434.94746066124964,5734.349851627441,2468.421385889619
patient_150,307.0,12.28,,,1294.5273486274468,,,2232.282934389987,,,2468.421385889619
patient_150,308.0,12.32,327.1104625938101,,1307.6117671311993,413.65270149992585,,2248.8290424499837,815.8750772377568,,2501.056388979129
patient_150,309.0,12.36,302.20843434457,-622.550706231003,1319.700104504982,192.87446534481145,-5519.45590387786,2256.544021063776,551.5266115524793,-6608.71164213194,2523.1174534412285
patient_150,310.0,12.4,105.06901227496498,-4928.485551740126,1323.9028649959807,136.56896245961173,-1407.6375721299933,2262.006779562161,135.77825618316396,-10393.708884232881,2528.548583688555
patient_150,311.0,12.44,88.38143965996018,-417.1893153751199,1327.438122582379,53.63154060946153,-2073.435546253755,2264.152041186539,144.9652906298689,229.6758611676232,2534.34719531375
patient_150,312.0,12.48,125.72172575856379,933.5071524650904,1332.4669916127218,71.99810182238446,459.1640303230731,2267.0319652594344,137.00368419148978,-199.04016095947767,2539.8273426814094
patient_150,313.0,12.52,91.9151974566486,-845.1632075478799,1336.1435995109878,75.09998521712807,77.54708486859023,2270.0359646681195,643.978057068951,12674.35932193653,2565.5864649641676
patient_150,314.0,12.56,154.02613317031384,1552.773392841631,1342.3046448378002,144.94261477910482,1746.0657390494187,2275.833669259284,64.92894069151899,-14476.2279094358,2568.1836225918287
patient_150,315.0,12.6,90.47391888264714,-1588.8053571916676,1345.9236015931062,97.027169130938,-1197.8861412041701,2279.714756024521,45.46770090559896,-486.5309946480007,2570.0023306280523
patient_150,316.0,12.64,55.06965635069544,-885.1065632987925,1348.126387847134,30.93616407841088,-1652.2751263131781,2280.9522025876577,89.1748448740753,1092.6785992119087,2573.569324423015
patient_150,317.0,12.68,19.69111260859086,-884.4635935526146,1348.9140323514775,35.3465679342314,110.26009639551306,2282.366065305027,65.18118208188501,-599.8415698047573,2576.176571706291
patient_150,318.0,12.72,42.757029311701864,576.647917577775,1350.6243135239458,48.752912564948055,335.15861576791633,2284.3161818076246,50.92010503567379,-356.5269261552805,2578.2133759077174
patient_150,319.0,12.76,47.00321477082644,106.15463647811438,1352.5044421147788,114.36265863082404,1640.2436516468995,2288.890688152858,45.43986314309319,-137.00604731451503,2580.0309704334413
patient_150,320.0,12.8,32.327128788624485,-366.9021495550488,1353.7975272663236,53.70179345204901,-1516.5216294693757,2291.0387598909397,102.25202401460974,1420.3040217879138,2584.121051394026
patient_150,321.0,12.84,17.621229772057006,-367.64747541418694,1354.502376457206,128.24208982122616,1863.507409229429,2296.168443483789,145.63154025590345,1084.4879060323426,2589.9463130042623
patient_150,322.0,12.88,62.598250632372206,1124.42552150788,1357.0063064825008,184.0679189059502,1395.645727118101,2303.531160240027,164.50451416090527,471.8243476250457,2596.526493570698
patient_150,323.0,12.92,74.60445292841743,300.1550574011306,1359.9904845996375,372.0982289461828,4700.757751005815,2318.4150893978745,716.615988431228,13802.786856758066,2625.1911331079477
patient_150,324.0,12.96,251.8730121646557,4431.713980905957,1370.065405086224,211.50717457146723,-4014.7763593678897,2326.875376380733,708.5506080051658,-201.634510651553,2653.5331574281545
patient_150,325.0,13.0,159.67962075553112,-2304.8347852281145,1376.452589916445,380.7140498038682,4230.171880810024,2342.1039383728876,129.28849875359978,-14481.55273128915,2658.704697378298
patient_150,326.0,13.04,188.44950665929238,719.2471475940316,1383.9905701828168,554.740936341838,4350.672163449246,2364.293575826561,447.7381566465981,7961.241447324957,2676.614223644162
patient_150,327.0,13.08,65.16508942905209,-3082.110430756007,1386.597173759979,245.08731412421815,-7741.340555440497,2374.0970683915302,447.7638306760586,0.6418507365125947,2694.5247768712043
patient_150,328.0,13.12,122.46431897029801,1432.480738531148,1391.4957465187908,278.93005845488824,846.0686082667521,2385.2542707297257,122.49557375898905,-8131.706422926739,2699.4245998215642
patient_150,329.0,13.16,39.755401106269304,-2067.7229466007175,1393.0859625630414,93.11626358068408,-4645.344871855104,2388.9789212729534,12.766560578356662,-2743.22532951581,2699.935262244698
patient_150,330.0,13.2,74.96067819560737,880.1319272334517,1396.084389690866,55.20223657596634,-947.8506751179434,2391.187010735992,26.377098219669158,340.2634410328124,2700.9903461734852
patient_150,331.0,13.24,16.915307113369433,-1451.1342770559484,1396.7610019754006,74.22191005175871,475.49183689480935,2394.1558871380626,39.36169368486252,324.61488662983413,2702.5648139208793
patient_150,332.0,13.28,45.07414444691226,703.9709333385706,1398.5639677532772,53.142082538596426,-526.9956878290571,2396.281570439606,20.24795754326555,-477.84340353992434,2703.37473222261
patient_150,333.0,13.32,73.24611009440774,704.299141187387,1401.4938121570533,137.95827452939548,2120.4047997699763,2401.799901420782,21.2821496292363,25.854802149268785,2704.2260182077794
patient_150,334.0,13.36,42.078542200813786,-779.1891973398489,1403.1769538450858,64.13666041404379,-1845.5403528837924,2404.3653678373435,70.49030823961789,1230.2039652595397,2707.045630537364
patient_150,335.0,13.4,51.70670826759248,240.70415166946742,1405.2452221757894,44.089610989409564,-501.1762356158556,2406.1289522769202,56.74548362791471,-343.6206152925795,2709.315449882481
patient_150,336.0,13.44,24.251977186952164,-686.3682770160079,1406.2153012632677,14.937729145993671,-728.7970460853974,2406.72646144276,11.469879082651953,-1131.8901136315687,2709.7742450457868
patient_150,337.0,13.48,83.70630912269675,1486.3582983936149,1409.5635536281757,36.254107826037384,532.9094670010928,2408.1766257558015,58.4056204520469,1173.3935342348736,2712.1104698638687
patient_150,338.0,13.52,24.324448878747315,-1484.5465060987358,1410.5365315833253,76.92209880640539,1016.6997745092001,2411.2535097080577,52.357836018208786,-151.19461084595275,2714.204783304597
patient_150,339.0,13.56,32.72163173761401,209.9295714716674,1411.84539685283,111.70706562111843,869.6241703678261,2415.7217923329026,50.47815766597824,-46.99195880576372,2716.223909611236
patient_150,340.0,13.6,41.432780026920135,217.7787072326531,1413.5027080539066,68.16386777246724,-1088.5799462162797,2418.4483470438013,96.94410319410132,1161.6486382030769,2720.101673739
patient_150,341.0,13.64,25.039970660651235,-409.8202341567225,1414.5043068803325,71.46215898617722,82.45728034274933,2421.3068334032487,55.77621599012953,-1029.1971800992947,2722.3327223786055
patient_150,342.0,13.68,102.84871629149501,1945.2186407710944,1418.6182555319924,96.00431861012959,613.5539905988093,2425.147006147654,75.7210081602863,498.61980425391937,2725.3615627050167
patient_150,343.0,13.72,129.60220598641632,668.8372423730328,1423.8023437714492,57.72977275296897,-956.8636464290155,2427.4561970577724,81.22849208179682,137.68709803776284,2728.6107023882882
patient_150,344.0,13.76,142.97335307387058,334.2786771863565,1429.5212778944042,210.77908559819355,3826.232821130614,2435.8873604817,258.4442692575427,4430.394429393647,2738.94847315859
patient_150,345.0,13.8,162.9243666542587,498.77533950970303,1436.0382525605746,291.5423605630194,2019.0818741206456,2447.549054904221,160.7961141639843,-2441.2038773389604,2745.3803177251493
patient_150,346.0,13.84,305.33960378369886,3560.380928236004,1448.2518367119226,315.002104656431,586.4936023352911,2460.149139090478,400.92725959949644,6003.278635887804,2761.417408109129
patient_150,347.0,13.88,185.76902065052735,-2989.264578329288,1455.6825975379438,1323.9014480877074,25222.48358578191,2513.1051970139865,629.8000685971626,5721.820224941655,2786.6094108530156
patient_150,348.0,13.92,304.0472902394302,2956.956739722571,1467.844489147521,1495.9633811621,4301.548326859813,2572.9437322604704,992.9698786709238,9079.245251844028,2826.3282059998523
patient_150,349.0,13.96,282.4651948039435,-539.552385887167,1479.143096939679,887.8080854456607,-15203.88239291098,2608.456055678297,1160.393938037385,4185.601484161529,2872.7439635213477
patient_150,350.0,14.0,420.2375433425547,3444.30871346528,1495.952598673381,503.2957412007286,-9612.808606123303,2628.587885326326,819.0408589760311,-8533.826976533845,2905.505597880389
patient_150,351.0,14.04,179.85254731508215,-6009.624900686814,1503.1467005659842,155.49680558481978,-8694.973390397721,2634.807757549719,224.90835715109523,-14853.312545623396,2914.501932166433
patient_150,352.0,14.08,53.052967994924124,-3169.98948300395,1505.2688192857813,232.30367181758123,1920.1716558190362,2644.0999044224222,313.84932116176157,2223.5241002666585,2927.055905012903
patient_150,353.0,14.12,91.7555357325588,967.5641934408668,1508.9390407150838,79.40892211211093,-3822.368742636758,2647.2762613069067,48.861956403178965,-6624.684118964565,2929.0103832690306
patient_150,354.0,14.16,81.75180204853476,-250.09334210060103,1512.2091127970252,69.85245016467198,-238.91179868597376,2650.070359313494,62.29815260060688,335.90490493569797,2931.5023093730547
patient_150,355.0,14.2,69.34468713383286,-310.1778728675473,1514.9829002823785,86.5782819727066,418.1457952008657,2653.533490592402,68.84776792718505,163.74038316445407,2934.2562200901425
patient_150,356.0,14.24,75.59869515797251,156.35020060349126,1518.0068480886973,123.66242905217506,927.1036769867113,2658.479987754489,152.99914675999804,2103.7844708203247,2940.3761859605424
patient_150,357.0,14.28,47.95702045306724,-691.0418676226319,1519.92512890682,310.0432206692446,4659.519790426738,2670.881716581259,185.88593930450344,822.1698136126349,2947.8116235327225
patient_150,358.0,14.32,44.964211476173155,-74.82022442235206,1521.7236973658669,46.980706070143924,-6576.562864977516,2672.7609448240646,24.015463556305924,-4046.761893704938,2948.772242074975
patient_150,359.0,14.36,43.569350297204046,-34.871529474227714,1523.4664713777552,77.3001763168468,757.9867561675719,2675.852951876738,58.07325335640311,851.4447450024296,2951.095172209231
patient_150,360.0,14.4,109.93082326643521,1659.036824230779,1527.8637043084125,129.6099048977899,1307.7432145235775,2681.03734807265,3.206658966737438,-1371.6648597416417,2951.2234385679003
patient_150,361.0,14.44,28.531389424396515,-2034.9858460509672,1529.0049598853884,42.94451722435246,-2166.634691835936,2682.7551287616243,57.318296481085305,1352.7909378586967,2953.5161704271436
patient_150,362.0,14.48,81.44798146568057,1322.9148010321014,1532.2628791440156,190.33098411577146,3684.6616722854747,2690.368368126255,218.27367918283758,4023.884567543807,2962.2471175944574
patient_150,363.0,14.52,160.1063406649095,1966.4589799807236,1538.6671327706122,162.12591221302102,-705.1267975687608,2696.8534046147756,265.1110111777795,1170.9332998735483,2972.8515580415683
patient_150,364.0,14.56,73.68818032834356,-2160.4540084141486,1541.614659983746,377.09475519907016,5374.221074651228,2711.9371948227385,453.22796616670007,4702.923874723014,2990.9806766882366
patient_150,368.0,14.72,,,1541.614659983746,,,2711.9371948227385,,,2990.9806766882366
patient_150,369.0,14.76,231.3417706078492,,1550.86833080806,1227.3333183800087,,2761.030527557939,691.8833701608839,,3018.6560114946715
patient_150,370.0,14.8,105.9514519133564,-3134.7579673623204,1555.1063888845943,75.27166553222185,-28801.54132119467,2764.0413941792276,110.30393326088756,-14539.485922499909,3023.0681688251075
patient_150,371.0,14.84,41.966889271637044,-1599.6140660429837,1556.7850644554596,172.22292916008314,2423.7815906965325,2770.930311345631,115.49469386495763,129.76901510175162,3027.6879565797053
patient_150,372.0,14.88,76.78831410507644,870.5356208359849,1559.8565970196628,37.60899943793729,-3365.3482430536465,2772.4346713231485,83.39784970691476,-802.4211039510717,3031.023870567982
patient_150,373.0,14.92,149.23937883973284,1811.27661836641,1565.826172173252,44.349489302727605,168.5122466197578,2774.2086508952575,61.34878223808903,-551.2266867206431,3033.4778218575057
patient_150,374.0,14.96,120.99062655766227,-706.2188070517642,1570.6657972355586,103.68690092317134,1483.4352905110932,2778.3561269321845,35.248250682177,-652.5132888978007,3034.887751884793
patient_150,375.0,15.0,95.83583965906045,-628.8696724650454,1574.4992308219212,125.36583078360397,541.9732465108158,2783.3707601635288,101.32627280108585,1651.9505529727212,3038.9408027968366
patient_150,376.0,15.04,78.29710489046012,-438.46836921500835,1577.6311150175395,29.551520740792924,-2395.357751070276,2784.55282099316,120.39140444512812,476.6282911010567,3043.756458974641
patient_150,377.0,15.08,45.05155600407112,-831.138722159725,1579.4331772577023,33.03701072807302,87.13724968200242,2785.874301422283,54.21210699186445,-1654.4824363315918,3045.924943254316
patient_150,378.0,15.12,85.46963645698148,1010.452011322759,1582.8519627159817,31.563398649227334,-36.84030197114217,2787.1368373682526,95.10010090731267,1022.1998478862054,3049.728947290608
patient_150,379.0,15.16,45.810083013455774,-991.4888360881425,1584.68436603652,78.5125506930747,1173.728801096184,2790.2773393959756,39.33788566390226,-1394.05538108526,3051.3024627171644
patient_150,380.0,15.2,30.71358934041773,-377.4123418259511,1585.9129096101367,63.96051113336219,-363.8009889928128,2792.8357598413104,53.48695385286146,353.72670472397994,3053.441940871279
patient_150,381.0,15.24,31.962381921391813,31.219814524352074,1587.1914048869921,54.466741964802,-237.3442292140048,2795.0144295199025,79.92921061215311,661.0564189822913,3056.639109295765
patient_150,382.0,15.28,45.61360902180231,341.2806775102625,1589.0159492478642,85.93719946848225,786.7614375920062,2798.4519174986413,294.99093803375,5376.543185539923,3068.438746817115
patient_150,383.0,15.32,52.217566134508246,165.09892781764836,1591.1046518932446,62.29886487640152,-590.9583648020183,2800.9438720936973,266.40180110394624,-714.7284232450943,3079.094818861273
patient_150,384.0,15.36,127.94042942097235,1893.0715821616027,1596.2222690700835,135.7147962482332,1835.3982842957919,2806.3724639436264,138.8188609445396,-3189.5735039851656,3084.647573299054
patient_150,385.0,15.4,258.46832307809495,3263.197341428065,1606.5610019932074,226.32390766814112,2265.227785497698,2815.425420250352,240.73971529058932,2548.0213586512427,3094.2771619106775
patient_150,386.0,15.44,376.7491063239126,2957.019581145441,1621.6309662461638,470.27125863050077,6098.683774058991,2834.236270595572,560.5933804953032,7996.341630117849,3116.70089713049
patient_150,387.0,15.48,303.90645627316957,-1821.0662512685758,1633.7872244970908,1027.076813922096,13920.138882289883,2875.3193431524555,840.63209734988,7000.96792136442,3150.3261810244853
patient_150,388.0,15.52,487.8195300959706,4597.826845570026,1653.3000057009297,713.3051381586679,-7844.291894085705,2903.8515486788024,483.53637303800997,-8927.393107796752,3169.6676359460052
patient_150,389.0,15.56,478.65275630890505,-229.1693446766388,1672.4461159532857,292.27516879525024,-10525.74923408544,2915.5425554306125,1463.0535438729623,24487.92927087381,3228.1897777009235
patient_150,390.0,15.6,429.3402829907346,-1232.811832954262,1689.6197272729153,1908.8934079419507,40415.45597866751,2991.898291748291,1288.669849599674,-4359.592356832207,3279.7365716849104
patient_150,391.0,15.64,490.0467651436234,1517.662053822221,1709.2215978786603,457.4334212032656,-36286.49966846713,3010.1956285964216,767.1386227595616,-13038.280671002813,3310.422116595293
patient_150,392.0,15.68,513.7831419668352,593.4094205802935,1729.7729235573338,1048.850289396601,14785.421704833385,3052.1496401722857,580.7145726547951,-4660.601252619162,3333.6506995014847
patient_150,393.0,15.72,152.3615136116716,-9035.540708879089,1735.8673841018006,186.3303626552875,-21562.99816853284,3059.602854678497,146.6101794708405,-10852.609829598865,3339.5151066803182
patient_150,394.0,15.76,101.17343964672867,-1279.7018491235733,1739.9143216876698,37.50136392734787,-3720.7249681984904,3061.102909235591,73.4459677059173,-1829.1052941230803,3342.452945388555
patient_150,395.0,15.8,36.68529368312541,-1612.2036490900814,1741.3817334349949,95.5203611542272,1450.4749306719834,3064.92372368176,32.945535085852015,-1012.5108155016321,3343.770766791989
patient_150,396.0,15.84,88.08370483965798,1284.9602789133144,1744.905081628581,80.84857245954495,-366.79471736705625,3068.157666580142,58.22746494320563,632.0482464338404,3346.0998653897173
patient_150,397.0,15.88,125.13695104094168,926.3311550320925,1749.9105596702188,144.4049511297894,1588.909466756111,3073.9338646253336,62.36223335671958,103.36921033784864,3348.594354723986
patient_150,398.0,15.92,107.0416630880589,-452.38219882206965,1754.1922261937411,130.15398474223147,-356.2741596889481,3079.140024015023,36.78141531366325,-639.5204510764081,3350.065611336532
patient_150,399.0,15.96,201.2294814279381,2354.6954584969803,1762.2414054508586,106.00922267059529,-603.6190517909045,3083.3803929218466,181.29022703837035,3612.7202931176776,3357.317220418067
patient_150,400.0,16.0,123.96462198675862,-1931.6214860294874,1767.1999903303288,60.664980287964454,-1133.606059565771,3085.806992133365,99.40130640652332,-2047.2230157961758,3361.2932726743275
patient_150,401.0,16.04,106.33902415099831,-440.63994589400755,1771.453551296369,70.92671852744458,256.5434559870031,3088.6440608744633,180.61633558099012,2030.3757293616702,3368.517926097567
patient_150,402.0,16.08,146.15065538510143,995.2907808525779,1777.299577511773,101.18814465126471,756.5356530955032,3092.691586660514,112.15061532875553,-1711.6430063058647,3373.0039507107176
patient_150,403.0,16.12,135.95340017370972,-254.93138028479265,1782.7377135187212,95.2189772495531,-149.22918504279005,3096.500345750496,164.01730700717206,1296.6672919604132,3379.5646429910043
patient_150,404.0,16.16,149.4789385243501,338.13845876600936,1788.7168710596952,138.38011706739707,1079.028495446099,3102.035550433192,142.88761726940766,-528.2422434441103,3385.2801476817813
patient_150,405.0,16.2,134.09257633372926,-384.6590547655211,1794.0805741130443,88.04943304505669,-1258.2671005585094,3105.557527754994,136.45795975802588,-160.74143778454442,3390.7384660721023
patient_150,406.0,16.24,246.7750911019923,2817.062869206576,1803.9515777571241,271.25263294992783,4580.079997621779,3116.4076330729913,311.9903043720444,4388.308615350464,3403.218078246984
patient_150,407.0,16.28,243.1238843641361,-91.28016844640499,1813.6765331316894,149.9925571197282,-3031.501895754991,3122.40733535778,409.8467007465522,2446.409909362694,3419.611946276846
patient_150,408.0,16.32,200.5430047964187,-1064.521989192935,1821.6982533235462,451.6945581151014,7542.550024884331,3140.4751176823843,504.91307951579387,2376.659469231042,3439.8084694574777
patient_150,409.0,16.36,341.8277860892877,3532.1195323217253,1835.3713647671175,560.8633967387645,2729.2209655915785,3162.9096535519348,638.8321682727111,3347.9772189229307,3465.361756188386
patient_150,410.0,16.4,340.0343536737875,-44.83581038750515,1848.972738914069,687.904147938316,3176.018779988786,3190.4258194694676,620.4108059189296,-460.53405884453866,3490.1781884251436
patient_150,411.0,16.44,433.05204429107255,2325.442265432126,1866.2948206857118,321.24428112859925,-9166.49667024292,3203.2755907146116,414.36360380420734,-5151.180052868055,3506.7527325773117
patient_150,412.0,16.48,318.9733439440824,-2851.967508674754,1879.053754443475,263.7421201159326,-1437.5540253166662,3213.825275519249,310.0957050158892,-2606.697469707953,3519.156560777947
patient_150,413.0,16.52,304.7524596020463,-355.5221085509018,1891.2438528275568,370.8152026471179,2676.827063279633,3228.6578836251338,544.9992048213089,5872.587495135493,3540.9565289707994
patient_150,414.0,16.56,58.14728340750114,-6165.129404863629,1893.569744163857,94.74834601562789,-6901.671415787251,3232.4478174657584,327.9498390546271,-5426.234144167046,3554.0745225329842
patient_150,415.0,16.6,33.198919276080126,-623.7091032855254,1894.8977009349003,71.81898868752627,-573.2339332025404,3235.32057701326,46.89046971998689,-7026.484233366005,3555.950141321784
patient_150,416.0,16.64,10.706766450849573,-562.3038206307639,1895.3259715929341,128.79757405084982,1424.4646340830886,3240.472479975294,625.0195351525967,14453.226635815246,3580.9509227278877
patient_150,417.0,16.68,34.846055632268424,603.4822295354713,1896.719813818225,144.8532068141813,401.39081908328717,3246.2666082478613,364.5668815079004,-6511.316341117408,3595.5335979882034
patient_150,418.0,16.72,6.936581949618889,-697.7368420662383,1896.9972770962095,72.83582716582198,-1800.434491208983,3249.180041334494,17.81698364059931,-8668.747446682528,3596.2462773338275
patient_150,419.0,16.76,58.61767454117687,1292.0273147889495,1899.3419840778568,146.28141773247825,1836.1397641664066,3255.031298043793,160.4708536851916,3566.346751114807,3602.6651114812353
patient_150,420.0,16.8,151.68887471839813,2326.7800044305313,1905.4095390665927,333.5176180790281,4680.905008663747,3268.372002766954,325.5234045791302,4126.313772348465,3615.6860476644006
patient_150,421.0,16.84,58.64132295477076,-2326.188794090684,1907.7551919847836,52.780856260746226,-7018.419045457047,3270.4832370173845,141.2201961089338,-4607.58021175491,3621.3348555087578
patient_150,422.0,16.88,41.26584964612585,-434.3868327161227,1909.4058259706283,145.86998438244458,2327.228203042459,3276.318036392682,129.6709757601972,-288.7305087184153,3626.5216945391653
patient_150,423.0,16.92,33.47379869018486,-194.80127389852484,1910.7447779182357,178.129861764023,806.4969345394602,3283.443230863243,130.73898438581767,26.70021564051197,3631.751253914598
patient_150,424.0,16.96,7.671258461068172,-645.0635057279171,1911.0516282566782,114.00963441183397,-1603.0056838047255,3288.003616239717,32.404611095268066,-2458.3593322637403,3633.0474383584083
patient_150,425.0,17.0,48.805655677617764,1028.35993041374,1913.003854483783,131.4116623945547,435.0506995680181,3293.260082735499,25.175629912030928,-180.72452958092845,3634.0544635548895
patient_150,426.0,17.04,68.06967545142857,481.60049434527,1915.7266415018403,136.5158879567988,127.6056390561024,3298.7207182537713,29.573564114360764,109.9483550582459,3635.2374061194637
patient_150,427.0,17.08,48.65761820286408,-485.3014312141122,1917.6729462299547,101.88989543251357,-865.6498131071306,3302.7963140710717,233.74389454481664,5104.258260761397,3644.587161901257
patient_150,428.0,17.12,135.65341557066958,2174.8949341951375,1923.0990828527815,92.06079089444009,-245.727613451837,3306.478745706849,31.318845027837234,-5060.626237924485,3645.8399157023705
patient_150,429.0,17.16,21.929657293417275,-2843.0939569313077,1923.9762691445183,21.005140879560525,-1776.391250371989,3307.318951342031,9.988906516189921,-533.2484627911829,3646.239471963018
patient_150,430.0,17.2,227.03894894639234,5127.732291324376,1933.057827102374,239.6684399196147,5466.582476001355,3316.9056889388157,204.198828538429,4855.248050555977,3654.407425104555
patient_150,431.0,17.24,281.1847847280444,1353.6458945413017,1944.3052184914957,469.1481082752127,5736.991708889949,3335.6716132698243,396.37373984995605,4804.372782788176,3670.262374698553
patient_150,434.0,17.36,,,1944.3052184914957,,,3335.6716132698243,,,3670.262374698553
patient_150,435.0,17.4,275.10872373075665,,1955.3095674407261,344.66559450275713,,3349.4582370499347,734.5861934284853,,3699.6458224356925
patient_150,436.0,17.44,51.60650655884028,-5587.555429297909,1957.3738277030798,272.0065639711231,-1816.4757632908504,3360.33849960878,431.5287129263196,-7576.437012554144,3716.9069709527453
patient_150,437.0,17.48,23.17646333427616,-710.751080614103,1958.3008862364507,83.92631292290854,-4702.006276205364,3363.695552125696,71.57926171185528,-8998.736280361609,3719.7701414212193
patient_150,438.0,17.52,44.219288102805514,526.0706192132338,1960.069657760563,203.3658782720949,2985.989133729659,3371.8301872565794,60.506379653120625,-276.8220514683664,3722.190396607344
patient_150,439.0,17.56,15.847216578119342,-709.3017881171543,1960.7035464236876,16.496864758322335,-4671.725337844314,3372.4900618469123,62.782709462767514,56.90824524117222,3724.701704985855
patient_150,440.0,17.6,89.73835608371573,1847.2784876399096,1964.2930806670365,36.25852640177682,494.0415410863621,3373.9404029029834,96.39214052087715,840.2357764527409,3728.55739060669
patient_150,441.0,17.64,64.27096613141217,-636.6847488075891,1966.863919312293,50.821322671898145,364.06990675303314,3375.9732558098594,139.2137141341324,1070.5393403313813,3734.125939172056
patient_150,442.0,17.68,76.15962894361792,297.2165703051438,1969.9103044700378,40.45803772283364,-259.0821237266127,3377.591577318772,13.941020242636194,-3131.817347287405,3734.6835799817613
patient_150,443.0,17.72,52.99196749654418,-579.1915361768436,1972.0299831698994,56.74301044672809,407.12431809736137,3379.8612977366415,137.33046781267095,3084.736189250869,3740.176798694268
patient_150,444.0,17.76,74.45120104458749,536.4808387010829,1975.0080312116831,520.0041185266829,11581.52770199887,3400.6614624777094,293.6300491314069,3907.489532968399,3751.922000659524
patient_150,445.0,17.8,6.615787640306369,-1695.8853351070281,1975.2726627172954,41.53446079066064,-11961.741443400555,3402.322840909336,43.80513941661512,-6245.622742869794,3753.6742062361886
patient_150,446.0,17.84,20.21232318867676,339.9133887092598,1976.0811556448427,58.70269616732892,429.20588441670697,3404.670948756029,71.9206506594778,702.887781071567,3756.551032262568
patient_150,447.0,17.88,75.57023976149665,1383.9479143204971,1979.1039652353024,79.7535982691415,526.2725525453147,3407.8610926867946,79.64723118921597,193.16451324345428,3759.7369215101367
patient_150,448.0,17.92,42.55174121639882,-825.4624636274459,1980.8060348839583,15.16207159306723,-1614.788166901857,3408.4675755505173,30.620499996368125,-1225.6682798211962,3760.961741509991
patient_150,449.0,17.96,4.734678059200992,-945.4265789299455,1980.9954220063262,47.86559975616639,817.588204077479,3410.382199540764,88.19898262703529,1439.4620657666792,3764.4897008150724
patient_150,450.0,18.0,9.426820875533728,117.30357040831841,1981.3724948413476,29.385277820121125,-462.0080484011316,3411.557610653569,49.90402029541643,-957.3740582904716,3766.485861626889
patient_150,451.0,18.04,28.96520730505935,488.4596607381406,1982.53110313355,90.7246292863101,1533.4837866547246,3415.1865958250214,59.358312833068176,236.35731344129366,3768.8601941402117
patient_150,452.0,18.08,36.72367247773647,193.961629316928,1984.0000500326596,65.58475772011673,-628.4967891548345,3417.8099861338264,46.792387947457826,-314.14812214025875,3770.73188965811
patient_150,453.0,18.12,115.31956138033627,1964.897222564995,1988.6128324878728,167.03349605563284,2536.218458387903,3424.491325976052,332.1645097568468,7134.303045234725,3784.0184700483833
patient_150,454.0,18.16,199.37852016261786,2101.4739695570397,1996.5879732943774,145.10110220794925,-548.3098461920896,3430.2953700643698,57.425375263222065,-6868.478362340619,3786.315485058912
patient_150,457.0,18.28,,,1996.5879732943774,,,3430.2953700643698,,,3786.315485058912
patient_150,458.0,18.32,384.5434921476909,,2011.969712980285,474.4145970758813,,3449.271953947405,528.062389167992,,3807.4379806256316
patient_150,459.0,18.36,328.0358242142268,-1412.691698336603,2025.091145948854,303.4194243225689,-4274.879318832811,3461.408730920308,238.45863856128216,-7240.093765167747,3816.976326168083
patient_150,460.0,18.4,161.97693670842048,-4151.472187645159,2031.570223417191,217.988588963199,-2135.770883984247,3470.1282744788355,240.93132091548378,61.817058855040585,3826.613579004702
patient_150,461.0,18.44,46.89257578963006,-2877.1090229697606,2033.4459264487762,129.36983464320795,-2215.468857999776,3475.3030678645637,29.472764569062722,-5286.463908660527,3827.7924895874644
patient_150,462.0,18.48,122.19199571903886,1882.48549823522,2038.3336062775377,109.6554647187243,-492.8592481120912,3479.689286453313,61.86674961825834,809.8496262298905,3830.267159572195
patient_150,463.0,18.52,41.38060801886049,-2020.284692504459,2039.9888305982922,42.63927061223612,-1675.4048526622046,3481.3948572778027,93.29016047758499,785.5852714831663,3833.998765991298
patient_150,464.0,18.56,76.64904468554569,881.7109166671299,2043.0547923857139,36.057642688242574,-164.5406980998386,3482.8371629853327,16.843754363315206,-1911.1601528567448,3834.672516165831
patient_150,465.0,18.6,40.140416700181625,-912.7156996341016,2044.6604090537212,100.13681517330275,1601.9793121265045,3486.8426355922647,31.23333846595138,359.73960256590436,3835.9218497044694
patient_150,466.0,18.64,69.61786622232269,736.9362380535266,2047.4451237026142,33.1706235433489,-1674.154790748846,3488.169460533999,56.86017063643972,640.6708042622084,3838.196256529927
patient_150,467.0,18.68,70.7120987732391,27.35581377291041,2050.273607653544,22.52930005057631,-266.0330873193148,3489.070632536022,67.64476950510662,269.6149717166726,3840.902047310131
patient_150,468.0,18.72,38.33848072642542,-809.340451170342,2051.8071468826006,190.70826929033996,4204.474230994091,3496.6989633076355,124.14087621630021,1412.4026677798397,3845.867682358783
patient_150,469.0,18.76,23.596160697389976,-368.5580007258862,2052.750993310496,37.99531046387652,-3817.8239706615855,3498.21877572619,126.91043312178321,69.238922637075,3850.9440996836547
patient_150,470.0,18.8,18.89583739683847,-117.50808251378766,2053.50682680637,139.32094164451513,2533.1407795159653,3503.7916133919707,117.29026127212724,-240.50429624139937,3855.6357101345393
patient_150,471.0,18.84,4.969827536139524,-348.15024651747365,2053.7056199078156,26.975391459250844,-2808.6387546316073,3504.8706290503405,43.17105117895353,-1852.9802523293426,3857.3625521816975
patient_150,472.0,18.88,23.492025753741725,463.05495544005504,2054.645300937965,90.56864136018325,1589.8312475233101,3508.4933747047476,769.3516181547159,18154.51417439406,3888.1366169078865
patient_150,473.0,18.92,108.38862221845073,2122.414911617725,2058.9808458267034,46.09387796691856,-1111.869084831617,3510.3371298234247,271.46479841665007,-12447.170493451646,3898.9952088445525
patient_150,474.0,18.96,170.2896222921857,1547.525001843374,2065.7924307183907,123.87690698812851,1944.575725530249,3515.2922061029494,37.42805563867934,-5850.918569449269,3900.4923310700997
patient_150,475.0,19.0,120.14827822061014,-1253.533601789389,2070.598361847215,65.6852074129189,-1454.7924893802403,3517.919614399466,211.8468511940526,4360.469888884331,3908.966205117862
patient_150,476.0,19.04,52.789500506179024,-1683.969442860778,2072.709941867462,81.85226081752944,404.17633511526356,3521.193704832167,128.4094332928474,-2085.9354475301293,3914.102582449576
patient_150,477.0,19.08,60.71969194035824,198.25478585448036,2075.1387295450763,49.08852360498116,-819.0934303137069,3523.1572457763664,58.80765682131448,-1740.0444117883233,3916.4548887224287
patient_150,478.0,19.12,68.05020499534746,183.26282637473045,2077.8607377448907,66.6609730348925,439.3112357477836,3525.8236846977616,86.13816265363722,683.2626458080686,3919.900415228574
patient_150,479.0,19.16,83.80443801867212,393.8558255831165,2081.212915265637,21.440802440317793,-1130.5042648643678,3526.6813167953746,15.95295674126512,-1754.6301478093023,3920.5385334982248
patient_150,480.0,19.2,139.26711063023947,1386.566815289184,2086.7835996908466,75.04203165642028,1340.030730402562,3529.6829980616317,35.08024637262818,478.18224078407655,3921.94174335313
patient_150,481.0,19.24,25.76052818495589,-2837.6645611320896,2087.814020818245,94.02077207539872,474.46851047446114,3533.4438289446475,49.077579549259895,349.93332941579285,3923.9048465351
patient_150,482.0,19.28,4.16446815727517,-539.9015006920181,2087.980599544536,18.19180253658251,-1895.7242384704052,3534.171501046111,22.871457975457588,-655.1530393450577,3924.8197048541188
patient_150,483.0,19.32,30.16857062411315,650.1025616709495,2089.1873423695,55.28552074015288,927.3429550892594,3536.382921875718,28.609412571971383,143.44886491284487,3925.9640813569977
patient_150,484.0,19.36,28.865014326698883,-32.588907435356695,2090.3419429425685,61.675372265563546,159.74628813526658,3538.8499367663403,125.69799757242805,2427.214625011417,3930.9920012598946
patient_150,485.0,19.4,36.71794913512022,196.32337021053345,2091.810660907973,76.5013036847734,370.64828548024644,3541.909988913731,54.34269425716864,-1783.8825828814854,3933.165709030181
patient_150,486.0,19.44,118.5589459325751,2046.024919936372,2096.5530187452764,111.79775196149645,882.411206918076,3546.381898992191,117.15467110725834,1570.2994212522424,3937.8518958744717
patient_150,487.0,19.48,193.91832783329838,1883.9845475180819,2104.3097518586083,269.28948646428915,3937.293362569818,3557.153478450762,285.62451226285344,4211.746028889877,3949.276876364986
patient_150,488.0,19.52,342.8647950116628,3723.661679459111,2118.024343659075,378.89249063300065,2740.075104217787,3572.3091780760824,464.5767667211561,4473.806361457567,3967.859947033832
patient_150,489.0,19.56,369.17730651929867,657.8127876908966,2132.7914359198467,578.7363938603936,4996.097580684824,3595.4586338304985,545.7588474046615,2029.5520170876357,3989.690300930019
patient_150,492.0,19.68,,,2132.7914359198467,,,3595.4586338304985,,,3989.690300930019
patient_150,493.0,19.72,285.2563124489896,,2144.2016884178065,465.4817102227065,,3614.0779022394067,243.54918756862887,,3999.432268432764
patient_150,494.0,19.76,194.75817938557412,-2262.453326585387,2151.992015593229,292.5382450256274,-4323.586629926977,3625.779432040432,377.4082474113731,3346.476496068606,4014.5285983292188
patient_150,495.0,19.8,24.629256546840047,-4253.223070968352,2152.9771858551026,108.82148261438938,-4592.919060280951,3630.1322913450076,507.1684918273814,3244.006110400207,4034.815338002314
patient_150,496.0,19.84,82.64661131532395,1450.4338692120975,2156.2830503077157,95.36313671783698,-336.45864741381,3633.946816813721,268.5340977901164,-5965.859850931625,4045.556701913919
patient_150,497.0,19.88,149.97064494803197,1683.1008408177006,2162.281876105637,693.1448416867797,14944.54262422357,3661.6726104811924,1476.0580716999152,30188.09934774497,4104.599024781915
patient_150,498.0,19.92,252.21009772759476,2555.9863194890695,2172.3702800147403,348.1604984115148,-8624.608581881623,3675.5990304176526,1328.7113777984123,-3683.6673475375733,4157.747479893852
patient_150,499.0,19.96,234.37754178450427,-445.8138985772621,2181.7453816861207,536.7237834160297,4714.082125112873,3697.067981754294,538.8395798748275,-19746.79494808962,4179.301063088845
patient_150,500.0,20.0,468.7327854771985,5858.881092317355,2200.4946931052086,720.9719857408209,4606.205058119778,3725.9068611839266,129.7124108003333,-10228.179226862354,4184.489559520858
patient_150,501.0,20.04,286.1762890067413,-4563.91241176143,2211.9417446654784,1173.9249108209092,11323.823127002208,3772.863857616763,986.9868098409745,21431.859976016032,4223.9690319144975
patient_150,502.0,20.08,370.6839457780739,2112.6914192833156,2226.769102496601,673.4047133375132,-12513.004937084901,3799.8000461502634,638.5224422847182,-8711.609188906408,4249.509929605886
patient_150,503.0,20.12,164.21409127851504,-5161.7463624889715,2233.337666147742,197.01320924613864,-11909.787602284363,3807.680574520109,219.8664006611857,-10466.401040588313,4258.304585632333
patient_150,504.0,20.16,151.3805715800433,-320.83799246179365,2239.3928890109437,137.73732287887248,-1481.8971591816542,3813.190067435264,291.07956294252375,1780.3290570334511,4269.947768150034
patient_150,505.0,20.2,42.58138055343928,-2719.9797756651,2241.0961442330813,174.0217395030995,907.1104156056755,3820.150937015388,72.05440251172045,-5475.6290107700825,4272.829944250503
patient_150,506.0,20.24,54.1303615276641,288.7245243556205,2243.2613586941875,15.928265189677658,-3952.3368578355457,3820.788067622975,36.355663442570844,-892.4684767287403,4274.284170788206
patient_150,507.0,20.28,99.58025151575879,1136.2472497023673,2247.244568754818,77.45912407985222,1538.271472254364,3823.886432586169,105.77690147413728,1735.530950789161,4278.5152468471715
patient_150,508.0,20.32,278.4678936030563,4472.191052182438,2258.38328449894,36.80107449382713,-1016.4512396506271,3825.358475565922,253.53565404884995,3693.968814367817,4288.656673009125
patient_150,509.0,20.36,224.9570465865619,-1337.771175412361,2267.3815663624027,327.1370542088346,7258.399492875188,3838.4439577342755,473.1281724322019,5489.812959583798,4307.581799906414
patient_150,510.0,20.4,147.2108345299218,-1943.655301416002,2273.2699997435993,429.0552994640004,2547.956131379145,3855.6061697128357,469.5509275134123,-89.43112296973936,4326.36383700695
patient_150,511.0,20.44,401.0014388863681,6344.765108911157,2289.3100572990543,473.0942045118129,1100.972626195312,3874.529937893308,553.6533963252367,2102.56172029561,4348.509972859959
patient_150,512.0,20.48,377.9613653878728,-576.0018374623826,2304.428511914569,455.5703462275056,-438.0964571076831,3892.7527517424087,725.15349610681,4287.502494539333,4377.516112704232
patient_150,513.0,20.52,434.6491684165345,1417.1950757165432,2321.8144786512303,386.05527581665314,-1737.876760271311,3908.194962775075,494.942734638408,-5755.269036710051,4397.313822089768
patient_150,514.0,20.56,35.49341886242809,-9978.893738852661,2323.2342154057274,293.80540900330294,-2306.246670333755,3919.947179135207,691.8433668015301,4922.5158040780525,4424.987556761829
patient_150,515.0,20.6,108.3138224541693,1820.5100897935304,2327.566768303894,177.05978230169438,-2918.640667540214,3927.029570427275,117.30619105340998,-14363.429393703003,4429.679804403966
patient_150,516.0,20.64,213.5068819088731,2629.8264863675954,2336.107043580249,366.687082833792,4740.6825133024395,3941.6970537406264,1028.5050909925014,22779.972498477287,4470.820008043666
patient_150,517.0,20.68,195.9324071315149,-439.3618694339551,2343.9443398655094,347.82713610908706,-471.4986681176228,3955.6101391849897,624.7120922311062,-10094.82496903488,4495.80849173291
patient_150,518.0,20.72,370.97728948144317,4376.122058748207,2358.7834314447673,730.0063374561843,9554.48003367743,3984.8103926832373,675.902907443051,1279.7703802986207,4522.844608030632
patient_150,519.0,20.76,313.6686481736145,-1432.7160326957169,2371.330177371712,260.89230393733413,-11727.850837971253,3995.246084840731,490.37232827550946,-4638.26447918854,4542.459501161653
patient_150,520.0,20.8,251.9932629185619,-1541.8846313763147,2381.4099078884547,213.64867641387974,-1181.09068808636,4003.792031897286,138.0893778300231,-8807.073761137159,4547.983076274853
patient_150,521.0,20.84,71.71985995902959,-4506.835073988307,2384.2787022868156,544.4954804516486,8271.170100944222,4025.571851115352,66.37244403189831,-1792.9233449531196,4550.637974036129
patient_150,522.0,20.88,11.685818867844828,-1500.851027279619,2384.7461350415297,76.48798808582866,-11700.1873091455,4028.6313706387855,53.544651918245286,-320.6948028413256,4552.779760112859
patient_150,523.0,20.92,186.70404696867044,4375.45570252064,2392.2142969202764,394.46928806465587,7949.532499470681,4044.410142161372,250.6663150026163,4928.041577109276,4562.806412712964
patient_150,524.0,20.96,167.67040519469543,-475.8410443493751,2398.921113128064,368.102739157307,-659.1637226837222,4059.134251727664,384.315337087303,3341.225552117168,4578.179026196456
patient_150,525.0,21.0,174.0997322935854,160.7331774722489,2405.8851024198075,293.36447737303547,-1868.456544606788,4070.868830822585,574.4642086606877,4753.721789334618,4601.157594542883
patient_150,526.0,21.04,247.80148160809605,1842.5437328627665,2415.7971616841314,444.45056738755784,3777.1522503630595,4088.6468535180875,555.890648750266,-464.33899776054375,4623.393220492894
patient_150,527.0,21.08,406.11535640765294,3957.846869988922,2432.0417759404377,519.8850683519103,1885.8625241088107,4109.442256252164,433.72769167697567,-3054.073926832258,4640.742328159973
patient_150,528.0,21.12,195.46361947721962,-5266.293423260833,2439.860320719526,175.37598398648484,-8612.727109135636,4116.457295611623,350.83509410161133,-2072.3149393841086,4654.775731924037
patient_150,529.0,21.16,131.17988620706257,-1607.0933317539263,2445.1075161678086,117.3771421461705,-1449.9710460078586,4121.15238129747,419.94123954610217,1727.6536361122708,4671.573381505881
patient_150,530.0,21.2,90.377891229674,-1020.049874434714,2448.722631816996,123.62111785682148,156.09939276627466,4126.097226011742,125.85150252381021,-7352.243425557299,4676.607441606834
patient_150,531.0,21.24,313.2705839123361,5572.317317066553,2461.2534551734893,433.19060312490143,7739.237131701998,4143.424850136738,382.05594842893595,6405.111147628143,4691.889679543991
patient_150,532.0,21.28,330.55705564546787,432.1617933282937,2474.475737399308,358.38107177654825,-1870.2382837088294,4157.760093007801,398.71821959640556,416.5567791867403,4707.838408327848
patient_150,533.0,21.32,306.7316850821893,-595.6342640819641,2486.7450048025958,440.98314217522255,2065.0517599668574,4175.399418694808,996.7625402802546,14951.108017096227,4747.708909939059
patient_150,534.0,21.36,443.94788761659555,3430.4050633601564,2504.5029203072595,250.4120928447649,-4764.276233261441,4185.415902408599,456.39451887416726,-13509.200535152184,4765.964690694025
patient_150,535.0,21.4,192.51382649297915,-6285.85152809041,2512.2034733669784,486.1897764016909,5894.44208892315,4204.863493464667,379.28643832719774,-1927.702013674238,4781.136148227113
patient_150,536.0,21.44,166.63753869497478,-646.9071949501092,2518.8689749147775,426.21392596369003,-1499.3962609500215,4221.912050503215,89.04915912301003,-7255.931980104692,4784.698114592033
patient_150,537.0,21.48,92.36548128721245,-1856.8014351940583,2522.563594166266,115.17216789594931,-7776.043951693518,4226.5189372190525,128.4893696067256,986.0052620928893,4789.8376893763025
patient_150,538.0,21.52,235.59952266415854,3580.8510344236524,2531.9875750728324,291.7433846257916,4414.280418246057,4238.188672604084,284.0796716043909,3889.7575499416325,4801.200876240478
patient_150,539.0,21.56,256.8789113399113,531.9847168938196,2542.262731526429,293.99453811808706,56.278837307387164,4249.9484541288075,557.3912091440043,6832.788438490335,4823.4965246062375
patient_150,540.0,21.6,22.60290133837145,-5856.900250038497,2543.166847579964,460.8396102493692,4171.126803282053,4268.382038538783,417.03802301694617,-3508.8296531764527,4840.178045526915
patient_150,541.0,21.64,554.0329807110062,13285.751984315868,2565.3281668084037,406.8404364992202,-1349.979343753725,4284.655655998751,506.79373047628815,2243.8926864835494,4860.449794745967
patient_150,542.0,21.68,362.38358879160836,-4791.2347979849455,2579.823510360068,287.05955797952794,-2994.521962992306,4296.138038317932,376.51051413314417,-3257.0804085785994,4875.510215311293
patient_150,543.0,21.72,97.8250568809915,-6613.963297765422,2583.736512635308,69.13316018040862,-5448.159944977983,4298.903364725149,303.6120843142618,-1822.46074547206,4887.654698683863
patient_150,544.0,21.76,17.322109645961767,-2012.573680875743,2584.429397021146,94.8122682627283,641.9777020579918,4302.695855455659,63.32750376265067,-6007.114513790278,4890.187798834369
patient_150,545.0,21.8,154.9540932221266,3440.7995894041205,2590.627560750031,202.43595199939486,2690.5920934166643,4310.793293535634,96.19007972332538,821.5643990168678,4894.035402023302
patient_150,546.0,21.84,335.0444183836129,4502.258129037157,2604.029337485376,423.00802567049203,5514.301841777429,4327.713614562454,811.8112330462686,17890.52883307358,4926.507851345153
patient_150,547.0,21.88,383.727885358138,1217.086674363128,2619.378452899701,489.5509567299341,1663.573276486052,4347.295652831651,571.8856863117985,-5998.138668361753,4949.383278797624
patient_150,548.0,21.92,431.1036409944655,1184.3938909081871,2636.6225985394804,560.3315021241114,1769.513634854431,4369.708912916615,1364.4592821399654,19814.33989570417,5003.9616500832235
patient_150,549.0,21.96,351.67283457653974,-1985.7701604481435,2650.689511922542,480.9210570859668,-1985.2611259536134,4388.945755200054,362.52095959927726,-25048.458063517202,5018.462488467195
patient_150,550.0,22.0,291.0945153026372,-1514.4579818475634,2662.3332925346476,306.36790796002106,-4363.828728148645,4401.200471518456,347.65947967329913,-371.53699814945327,5032.368867654126
patient_150,551.0,22.04,65.4245808938942,-5641.748360218576,2664.9502757704036,402.820928695294,2411.3255183818237,4417.313308666267,60.88076785745062,-7169.467795396213,5034.804098368424
patient_150,552.0,22.08,105.57836859052364,1003.844692415736,2669.1734105140245,248.04477757455425,-3869.4037780184944,4427.235099769249,302.3397935108007,6036.475641333752,5046.897690108857
patient_150,553.0,22.12,289.43373618397,4596.384189836159,2680.750759961383,345.35296342120995,2432.7046461663926,4441.049218306097,362.1814118313341,1496.0404580133356,5061.38494658211
patient_150,554.0,22.16,309.0830231142449,491.2321732568728,2693.114080885953,338.7023969221067,-166.26416247758158,4454.597314182982,663.1200450973182,7523.4658316496025,5087.909748386002
patient_150,555.0,22.2,298.85976911814777,-255.5813499024282,2705.068471650679,349.1607044716331,261.45768873816024,4468.563742361847,470.6634582832366,-4811.41467035204,5106.736286717332
patient_150,556.0,22.24,330.35132433006896,787.2888802980299,2718.2825246238817,530.8773714130699,4542.91667353592,4489.79883721837,456.3881812890454,-356.8819248547797,5124.991813968893
patient_150,557.0,22.28,376.7274576028856,1159.4033318204154,2733.3516229279976,189.83492833776697,-8526.061076882574,4497.39223435188,200.24141196099555,-6403.669233201246,5133.001470447333
patient_150,558.0,22.32,260.9867359453754,-2893.518041437754,2743.7910923658123,80.35691408498529,-2736.9503563195417,4500.60651091528,345.574528754569,3633.3279198393357,5146.824451597517
patient_150,559.0,22.36,86.53490971498537,-4361.295655759752,2747.252488754412,127.49001398595101,1178.327497524143,4505.7061114747175,122.51106523382617,-5576.58658801857,5151.724894206869
patient_150,560.0,22.4,165.70779961883483,1979.3222475962364,2753.8808007391654,241.14625865511582,2841.40611672912,4515.351961820922,155.8118699908645,832.5201189259581,5157.9573690065035
patient_150,561.0,22.44,497.0378711642853,8283.251788636262,2773.762315585737,381.549078595761,3510.070498516129,4530.613924964753,461.9694958614177,7653.940646763832,5176.43614884096
patient_150,562.0,22.48,266.8461014820276,-5754.794242056442,2784.4361596450176,152.33202051245186,-5730.426452082728,4536.707205785251,517.1172181875904,1378.6930581543174,5197.120837568464
patient_150,563.0,22.52,363.39311236974424,2413.6752721929156,2798.971884139807,334.44144308294335,4552.735564262287,4550.084863508569,837.9057849103999,8019.714168070237,5230.637068964879
patient_150,564.0,22.56,434.9935483316262,1790.0108990470485,2816.371626073072,1207.650673343514,21830.230756514266,4598.39089044231,501.66045849992076,-8406.13316026198,5250.703487304876
patient_150,565.0,22.6,542.2500184895342,2681.411753947701,2838.0616268126532,523.0908920552667,-17113.99453220618,4619.31452612452,1073.4815733409414,14295.527871025515,5293.642750238514
patient_150,566.0,22.64,270.17458606163666,-6801.885810697439,2848.8686102551187,312.6756316466733,-5260.381510214836,4631.821551390387,337.1852967069803,-18407.406915849027,5307.130162106793
patient_150,567.0,22.68,63.54191836459057,-5165.816692426152,2851.410286989702,130.67984308063,-4549.894714151083,4637.048745113611,183.30195118434756,-3847.0836380658184,5314.462240154167
patient_150,568.0,22.72,222.31612542693597,3969.355176558635,2860.3029320067794,194.94421483540256,1606.609293869314,4644.846513707028,313.5830700446134,3257.0279715066463,5327.005562955951
patient_150,569.0,22.76,279.6340159050875,1432.9472619537883,2871.488292642983,1193.9785964266084,24975.859539780147,4692.605657564092,966.6642637863183,16327.029843542625,5365.6721335074035
patient_150,570.0,22.8,484.6741195035385,5126.002589961276,2890.875257423125,760.5053963915756,-10836.830000875821,4723.025873419755,531.3182997321604,-10883.649101353947,5386.9248654966905
patient_150,571.0,22.84,189.56722563448417,-7377.672346726359,2898.457946448504,518.6907832589767,-6045.365328314972,4743.773504750114,1078.0708410524867,13668.813533008157,5430.0476991387895
patient_150,572.0,22.88,183.09008940603047,-161.92840571134255,2905.7815500247457,540.7603513623504,551.7392025843435,4765.403918804608,597.9221732652546,-12003.716694680801,5453.9645860694
patient_150,573.0,22.92,521.8021340829304,8467.801116922497,2926.653635388063,112.5624342135133,-10704.947928720929,4769.9064161731485,530.7476332201951,-1679.3635011264882,5475.194491398208
patient_150,574.0,22.96,84.4527865118947,-10933.73368927589,2930.0317468485387,47.135930526435295,-1635.6625921769498,4771.791853394206,333.2527147539002,-4937.372961657373,5488.524599988364
patient_150,575.0,23.0,51.499283116347364,-823.8375848886834,2932.091718173193,181.3865387089986,3356.2652045640825,4779.047314942566,475.22707716839733,3549.3590603624284,5507.533683075099
patient_150,576.0,23.04,185.0901355332059,3339.771310421464,2939.495323594521,539.9005689120044,8962.850755075144,4800.643337699046,348.1459991808886,-3177.0269496877177,5521.459523042335
patient_150,577.0,23.08,361.1253617176758,4400.880654611747,2953.940338063228,204.7200455985831,-8379.51308283553,4808.83213952299,588.76821062875,6015.555286196534,5545.010251467484
patient_150,578.0,23.12,389.06533065645795,698.499223469554,2969.502951289486,157.19275202266627,-1188.1823393979212,4815.119849603896,728.2015072347212,3485.8324151492807,5574.138311756873
patient_150,579.0,23.16,454.38270756849073,1632.9344228008197,2987.6782595922264,557.3362496693597,10003.587441167338,4837.41329959067,355.0754979718077,-9328.15023157284,5588.341331675745
patient_150,580.0,23.2,306.77360331404844,-3690.227606361057,2999.9492037247883,39.98739543095196,-12933.721355960193,4839.012795407909,380.56343670061096,637.1984682200818,5603.56386914377
patient_150,581.0,23.24,199.67675582834863,-2677.4211871424955,3007.9362739579224,231.87747918728954,4797.252093908439,4848.2878945754,433.2035120675493,1316.0018841734584,5620.892009626472
patient_150,582.0,23.28,101.82410253220962,-2446.3163324034754,3012.0092380592105,129.81809122851183,-2551.4846989694424,4853.480618224541,137.1547211057518,-7401.219774044938,5626.378198470703
patient_150,583.0,23.32,184.40196385431622,2064.446533052665,3019.385316613383,114.69763999258775,-378.011280898102,4858.068523824245,103.36040989686327,-844.8577802222133,5630.512614866577
patient_150,584.0,23.36,297.9230027075616,2838.025971331134,3031.3022367216854,1208.2898163850682,27339.80440981201,4906.400116479647,1010.2870931008637,22673.16708010001,5670.924098590611
patient_150,586.0,23.44,,,3031.3022367216854,,,4906.400116479647,,,5670.924098590611
patient_150,588.0,23.52,,,3031.3022367216854,,,4906.400116479647,,,5670.924098590611
patient_150,589.0,23.56,318.93180546938584,,3044.059508940461,264.9729028763397,,4916.999032594701,444.11368348991795,,5688.688645930208
patient_150,590.0,23.6,54.38116493733859,-6613.7660133011805,3046.2347555379547,101.46573397539245,-4087.6792225236804,4921.057661953716,535.3271113061322,2280.335695405357,5710.101730382453
patient_150,591.0,23.64,32.85845604803866,-538.0677222324982,3047.5490937798763,92.08140526891034,-234.6082176620527,4924.7409181644725,128.2323980998918,-10177.36783015601,5715.231026306449
patient_150,592.0,23.68,264.7965137668525,5798.451442970347,3058.1409543305504,274.3040457737634,4555.566012621326,4935.713079995423,1217.3710656409755,27228.466688527096,5763.925868932088
patient_150,593.0,23.72,225.0559376484225,-993.51440296075,3067.143191836487,588.8228758037625,7862.970750749977,4959.265995027574,942.555276048339,-6870.3947398159125,5801.628079974022
patient_150,594.0,23.76,375.6319425843412,3764.4001233979666,3082.1684695398603,47.79913534345442,-13525.593511507703,4961.177960441311,851.7016334040047,-2271.341066108357,5835.696145310182
patient_150,596.0,23.84,,,3082.1684695398603,,,4961.177960441311,,,5835.696145310182
patient_150,597.0,23.88,358.17316897595055,,3096.4953962988984,924.6779836813296,,4998.165079788565,594.3452142576044,,5859.469953880486
patient_150,598.0,23.92,287.68083761750853,-1762.3082839610504,3108.002629803598,107.39851311109773,-20431.9867642558,5002.461020313009,188.72375291486878,-10140.536533568391,5867.018903997081
patient_150,599.0,23.96,78.1690269384929,-5237.795266975391,3111.1293908811385,23.073684030825262,-2108.1207270068116,5003.383967674242,80.45129083510665,-2706.8115519940534,5870.236955630485
patient_150,600.0,24.0,108.35901911255428,754.7498043515343,3115.4637516456405,207.32471202145697,4606.2756997657925,5011.6769561551,201.8298750341941,3034.464604977186,5878.310150631853
patient_150,601.0,24.04,236.1519766995738,3194.823939675488,3124.9098307136237,996.0809450924914,19718.905826775863,5051.5201939588,950.4215358014632,18714.791519181726,5916.327012063911
patient_150,602.0,24.08,331.4900035177214,2383.45067045369,3138.169430854333,809.5550278848592,-4663.147930190806,5083.902395074194,554.4097449637313,-9900.294770943296,5938.50340186246
patient_150,603.0,24.12,257.97644897609945,-1837.8388635405486,3148.4884888133765,464.5029165992878,-8626.302782139286,5102.482511738165,524.7173973684327,-742.3086898824664,5959.4920977571965
patient_150,604.0,24.16,321.53592065334755,1588.9867919312023,3161.3499256395107,365.9840627801955,-2462.971345477308,5117.121874249373,361.5804248087406,-4078.424313992302,5973.955314749547
patient_150,605.0,24.2,370.956351048331,1235.510759874586,3176.1881796814437,483.3660276159978,2934.5491208950575,5136.4565153540125,763.7448809423757,10054.11140334088,6004.505109987242
patient_150,606.0,24.24,193.5935086965004,-4434.071058795765,3183.931920029304,576.1871571839572,2320.5282391989854,5159.50400164137,203.0116055098223,-14018.331885813837,6012.625574207635
patient_150,607.0,24.28,22.1720447986696,-4285.536597445771,3184.818801821251,667.0544565886652,2271.6824851176993,5186.1861799049175,299.1649157379063,2403.8327557021007,6024.59217083715
patient_150,608.0,24.32,77.5649523613907,1384.8226890680273,3187.921399915707,284.4244040052987,-9565.751314584162,5197.563156065129,86.06549999250765,-5327.485393634966,6028.034790836851
patient_150,609.0,24.36,40.18006330174286,-934.6222264911958,3189.5286024477764,159.31273241140144,-3127.7917898474316,5203.935665361586,313.5819953461507,5687.912383841076,6040.578070650697
patient_150,610.0,24.4,417.0598599776753,9421.994916898311,3206.210996846883,402.6342686314107,6083.038405500231,5220.0410361068425,733.6485286436645,10501.663332437845,6069.924011796443
patient_150,611.0,24.44,369.89016938461197,-1179.2422648265826,3221.006603622268,129.52636719807617,-6827.697535833363,5225.222090794766,473.894219642433,-6493.857725030787,6088.8797805821405
patient_150,612.0,24.48,663.970561344406,7352.00979899485,3247.565426076044,923.7613350517987,19855.874196343062,5262.172544196837,487.5864412234945,342.3055395265379,6108.38323823108
patient_150,613.0,24.52,343.3288641540737,-8016.042429758307,3261.298580642207,420.3747290698687,-12584.665149548251,5278.987533359632,779.4107579938234,7295.607919258222,6139.559668550833
patient_150,614.0,24.56,49.057398656120384,-7356.786637448833,3263.260876588452,159.1303853081853,-6531.1085940420835,5285.352748771959,212.2464486094736,-14179.107734608744,6148.0495264952115
patient_150,615.0,24.6,31.89214418782244,-429.1313617074486,3264.5365623559646,316.1511629866896,3925.5194419626073,5297.998795291427,747.5075004353235,13381.52629564625,6177.949826512624
patient_150,616.0,24.64,29.70515713995605,-54.67467619665971,3265.7247686415626,138.80655927478577,-4433.615092797596,5303.551057662419,118.20116777732707,-15732.658316449912,6182.677873223717
patient_150,617.0,24.68,27.415221512870893,-57.248390677128924,3266.821377502077,126.88233658638846,-298.1055672099327,5308.626351125875,342.690418488324,5612.231267774923,6196.38548996325
patient_150,618.0,24.72,47.19504007071773,494.49546394617096,3268.709179104906,26.820124241897147,-2501.5553086122827,5309.699156095551,256.8058988642257,-2147.112990602457,6206.657725917819
patient_150,619.0,24.76,16.903909091963314,-757.2782744688604,3269.385335468585,70.50422860618696,1092.1026091072451,5312.5193252397985,166.83538411146037,-2249.262868819133,6213.331141282278
patient_150,620.0,24.8,10.072049418121345,-170.7964918460492,3269.7882174453093,62.72276964610207,-194.53647400212208,5315.0282360256415,46.26500238704604,-3014.259543110358,6215.18174137776
patient_150,621.0,24.84,35.38206466481283,632.7503811672872,3271.2035000319015,43.36768179219875,-483.87719634758304,5316.76294329733,59.242623163476324,324.44051941075713,6217.551446304299
patient_150,622.0,24.88,78.72513216648098,1083.5766875417037,3274.352505318561,117.669177995907,1857.5374050927064,5321.469710417166,193.62689297108108,3359.606745190119,6225.296522023143
patient_150,623.0,24.92,191.43039843397133,2817.631656687259,3282.00972125592,302.36231724012276,4617.328481105394,5333.564203106772,277.9701231558038,2108.5807546180677,6236.4153269493745
patient_150,625.0,25.0,,,3282.00972125592,,,5333.564203106772,,,6236.4153269493745
patient_150,626.0,25.04,499.5146164646662,,3301.9903059145067,324.36734821228464,,5346.538897035262,119.60520122085231,,6241.199534998208
patient_150,627.0,25.08,330.53371206798823,-4224.522609916949,3315.2116543972265,534.6760834635904,5257.718381282645,5367.925940373807,485.2699386094468,9141.618434714863,6260.610332542586
patient_150,628.0,25.12,196.80072184738407,-3343.3247555151042,3323.0836832711216,197.7591395339284,-8422.92359824155,5375.836305955164,255.6073899227282,-5741.563717167965,6270.834628139494
patient_150,629.0,25.16,116.33813097232544,-2011.5647718764656,3327.7372085100146,537.6887530305786,8498.240337416255,5397.343856076387,543.1097489414753,7187.558975468679,6292.559018097153
patient_150,630.0,25.2,26.514177165870176,-2245.5988451613816,3328.797775596649,25.895865146848266,-12794.822197093257,5398.379690682262,47.47552197486325,-12390.855674165303,6294.458038976149
patient_150,631.0,25.24,30.1402981253959,90.65302398814312,3330.003387521665,84.47689294823203,1464.5256950345943,5401.758766400191,58.245590021998936,269.2517011783922,6296.787862577028
patient_150,632.0,25.28,184.66730581976486,3863.175192359224,3337.390079754455,110.65797436755814,654.5270354831526,5406.185085374894,326.1351673650593,6697.23943357651,6309.83326927163
patient_150,633.0,25.32,401.04646429392955,5409.478961854117,3353.4319383262127,606.7687474038798,12402.769325908042,5430.455835271048,1238.1872530830026,22801.30214294858,6359.360759394951
patient_150,636.0,25.44,,,3353.4319383262127,,,5430.455835271048,,,6359.360759394951
patient_150,637.0,25.48,334.766677829062,,3366.822605439375,414.6829474411988,,5447.043153168696,430.7812208287144,,6376.592008228099
patient_150,638.0,25.52,191.14495201426715,-3590.5431453698716,3374.4684035199457,251.11614278929645,-4089.1701162975587,5457.087798880269,146.04716400900034,-7118.3514204928515,6382.43389478846
patient_150,639.0,25.56,20.495228243232297,-4266.243094275871,3375.288212649675,320.97887394760016,1746.5682789575928,5469.926953838173,426.6681656044146,7015.525039885355,6399.500621412636
patient_150,640.0,25.6,39.232365990417,468.4284436796176,3376.857507289292,272.3912225305942,-1214.6912854251495,5480.822602739397,163.4867771744055,-6579.534710750227,6406.040092499612
patient_150,641.0,25.64,18.04816488984957,-529.6050275141857,3377.579433884886,50.857963489940566,-5538.33147601634,5482.856921278995,118.88012409202996,-1115.1663270593883,6410.795297463294
patient_150,642.0,25.68,8.179786162291816,-246.70946818894384,3377.9066253313777,61.089118266223345,255.77886940706946,5485.3004860096435,69.30618067243738,-1239.3485854898145,6413.567544690191
patient_150,643.0,25.72,30.783265042673904,565.0869720095523,3379.1379559330844,175.4187615057707,2858.2410809886837,5492.317236469875,63.10920534991692,-154.92438306301148,6416.091912904189
patient_150,644.0,25.76,44.42405253638847,341.01968734286424,3380.91491803454,200.4492125977035,625.7612772983201,5500.335204973783,126.47229573196262,1584.0772595511426,6421.150804733467
patient_150,645.0,25.8,55.48770322711448,276.5912672681502,3383.1344261636245,68.14484805211816,-3307.6091136396335,5503.060998895868,180.76790703816815,1357.3902826551382,6428.381521014994
patient_150,646.0,25.84,87.24516435626266,793.9365282287046,3386.6242327378754,138.11867711797342,1749.3457266463813,5508.5857459805875,61.482135567737124,-2982.1442867607757,6430.840806437703
patient_150,647.0,25.88,162.07904641935946,1870.84705157742,3393.1073945946496,216.22222984682418,1952.5888182212689,5517.23463517446,179.88977191275725,2960.1909086255037,6438.036397314214
patient_150,650.0,26.0,,,3393.1073945946496,,,5517.23463517446,,,6438.036397314214
patient_150,652.0,26.08,,,3393.1073945946496,,,5517.23463517446,,,6438.036397314214
patient_150,653.0,26.12,232.553322421094,,3402.4095274914935,1180.0066813325923,,5564.4349024277635,1040.8280894599043,,6479.66952089261
patient_150,654.0,26.16,348.6280341244207,2901.8677925831676,3416.3546488564707,1288.0275041908794,2700.5205714571784,5615.956002595399,1220.2732967619727,4486.13018255171,6528.480452763089
patient_150,655.0,26.2,94.98849180424074,-6340.988558004499,3420.15418852864,201.33415337606885,-27167.333770370267,5624.0093687304425,57.37577874536312,-29072.437950415242,6530.775483912904
patient_150,656.0,26.24,150.74774828361933,1393.9814119844648,3426.1840984599853,417.55600130649105,5405.546198260555,5640.711608782702,274.9005214256021,5438.118567005975,6541.771504769928
patient_150,657.0,26.28,379.72001817713465,5724.306747337883,3441.3728991870703,609.0795578167614,4788.088912756759,5665.074791095372,830.1321390448874,13880.790440482133,6574.976790331723
patient_150,658.0,26.32,243.27768530710173,-3411.058321750823,3451.1040065993543,509.6551410245663,-2485.610419804877,5685.460996736354,727.5818124790239,-2563.758164146586,6604.080062830883
patient_150,660.0,26.4,,,3451.1040065993543,,,5685.460996736354,,,6604.080062830883
patient_150,661.0,26.44,303.3562400602767,,3463.2382562017656,328.5782265062856,,5698.604125796605,138.1222811722293,,6609.604954077772
patient_150,662.0,26.48,59.74601503893362,-6090.255625533578,3465.628096803323,240.6419939821398,-2198.405813103645,5708.22980555589,387.0927799916827,6224.262470486335,6625.08866527744
patient_150,663.0,26.52,154.7898881738638,2376.0968283732545,3471.8196923302776,265.40047426058,618.9620069610044,5718.845824526315,160.57339843953883,-5662.984538803596,6631.511601215021
patient_150,664.0,26.56,136.0751028572432,-467.8696329155151,3477.2626964445676,96.96984322876045,-4210.7657757954885,5722.7246182554645,188.890187237095,707.9197199389043,6639.067208704505
patient_150,665.0,26.6,192.03684790506122,1399.0436261954508,3484.94417036077,193.19879187401025,2405.723716131245,5730.452569930425,286.2371021825015,2433.6728736351615,6650.516692791804
patient_150,666.0,26.64,287.66155354542246,2390.617641009031,3496.450632502587,304.20590297781973,2775.177777595237,5742.620806049538,291.05628714334,120.47962402096317,6662.1589442775385
patient_150,667.0,26.68,216.27583671533355,-1784.6429207522228,3505.1016659712,327.6580317655147,586.303219692374,5755.727127320159,856.0883794270477,14125.802307092692,6696.40247945462
patient_150,669.0,26.76,,,3505.1016659712,,,5755.727127320159,,,6696.40247945462
patient_150,671.0,26.84,,,3505.1016659712,,,5755.727127320159,,,6696.40247945462
patient_150,672.0,26.88,162.45708898038933,,3511.5999495304154,180.41963859327726,,5762.94391286389,451.28607379189145,,6714.4539224062955
patient_150,673.0,26.92,36.848443847608905,-3140.2161283195105,3513.07388728432,27.89399542644129,-3813.1410791708995,5764.059672680948,3.370348783454735,-11197.893125210918,6714.588736357633
patient_150,674.0,26.96,257.5248575248457,5516.9103419309195,3523.3748815853137,418.7590812958421,9771.627146735022,5780.810035932781,343.0739164066207,8492.589190579149,6728.311693013899
patient_150,675.0,27.0,212.56426040310055,-1124.0149280436285,3531.8774520014376,353.2451109246913,-1637.849259278771,5794.93984036977,465.2458997346366,3054.299583200398,6746.921529003284
patient_150,676.0,27.04,225.3430227669192,319.46905909546643,3540.8911729121146,445.34649517468216,2302.534606249772,5812.753700176757,1591.2843280029203,28150.960706707094,6810.572902123401
patient_150,678.0,27.12,,,3540.8911729121146,,,5812.753700176757,,,6810.572902123401
patient_150,679.0,27.16,236.265519478399,,3550.3417936912506,368.9338079828794,,5827.511052496073,617.6535870560812,,6835.279045605645
patient_150,680.0,27.2,181.6091489144075,-1366.4092640997872,3557.6061596478266,444.3612295141525,1885.685538281828,5845.285501676638,602.3860253942605,-381.68904154551626,6859.374486621415
patient_150,681.0,27.24,350.65315938300347,4226.100261714899,3571.6322860231467,729.2535092524058,7122.306993456333,5874.455642046735,438.8577370837858,-4088.2072077618673,6876.928796104766
patient_150,682.0,27.28,240.7269747761146,-2748.154615172222,3581.261365014191,853.3701100363388,3102.9150195983248,5908.590446448189,875.0123449802235,10903.865197410942,6911.929289903975
patient_150,683.0,27.32,217.5427614882704,-579.6053321961047,3589.963075473722,986.5040604686715,3328.3487608083165,5948.050608866935,723.4043792454156,-3790.1991433701965,6940.865465073792
patient_150,684.0,27.36,190.78973046602215,-668.8257755562063,3597.594664692363,157.91786621516715,-20714.65485633761,5954.367323515542,322.3862166081408,-10025.45406593187,6953.760913738117
patient_150,685.0,27.4,64.23157127782694,-3163.95397970488,3600.163927543476,195.77608894144808,946.4555681570232,5962.1983670732,81.8183950068782,-6014.195540031565,6957.033649538393
patient_150,686.0,27.44,62.011209315735094,-55.509049052296255,3602.644375916105,148.4636778397826,-1182.8102775416369,5968.136914186791,92.06555063751749,256.1788907659821,6960.716271563893
patient_150,687.0,27.48,138.63996480429478,1915.7188872139918,3608.1899745082774,148.82402765279875,9.008745325403567,5974.089875292902,123.26193147690763,779.9095209847536,6965.646748822969
patient_150,688.0,27.52,59.63011088683026,-1975.246347936613,3610.575178943751,295.60122734503744,3669.4299923059675,5985.913924386704,200.55302004166796,1932.2772141190082,6973.6688696246365
patient_150,689.0,27.56,29.025716029058987,-765.1098714442818,3611.7362075849132,191.97727824016107,-2590.5987276219093,5993.5930155163105,203.84811808047087,82.37745097007263,6981.822794347855
patient_150,690.0,27.6,46.133268387271755,427.6888089553192,3613.5815383204044,275.15294104908526,2079.3915702231047,6004.599133158274,178.0619662252164,-644.6537963813619,6988.945272996863
patient_150,691.0,27.64,22.99565822865809,-578.4402539653416,3614.5013646495504,14.851212892326263,-6507.5432039189745,6005.193181673967,150.48048889498347,-689.5369332558232,6994.964492552663
patient_150,692.0,27.68,61.37808753850339,959.5607327461323,3616.9564881510905,164.7492056082014,3747.449817896879,6011.783149898296,64.73795435945873,-2143.5633633881184,6997.554010727041
patient_150,693.0,27.72,60.12007749934131,-31.45025097905183,3619.3612912510644,99.33852756151748,-1635.2669511670981,6015.756691000756,36.622439980819664,-702.8878594659766,6999.018908326274
patient_150,694.0,27.76,34.724917419996444,-634.8790019836217,3620.7502879478643,77.44422488052726,-547.3575670247556,6018.854459995977,85.71051366304455,1227.2018420556221,7002.447328872796
patient_150,695.0,27.8,17.322267241805417,-435.0662544547757,3621.4431786375367,62.704862893249405,-368.4840496819463,6021.362654511706,89.96500831949663,106.36236641130203,7006.045929205576
patient_150,696.0,27.84,21.288190405835074,99.14807910074144,3622.2947062537696,63.64538476908413,23.51304689586815,6023.908469902469,85.69902095646101,-106.6496840758905,7009.473890043835
patient_150,697.0,27.88,54.89441568669352,840.1556320214612,3624.4904828812373,157.46528551989002,2345.497518770147,6030.207081323265,17.858995099162033,-1696.0006464324745,7010.188249847802
patient_150,698.0,27.92,71.68871283150263,419.85742862022767,3627.358031394497,190.43043373255526,824.128705316631,6037.824298672566,127.69327936271713,2745.8571065888777,7015.29598102231
patient_150,699.0,27.96,26.78942084878807,-1122.482299567864,3628.4296082284486,94.79242402163804,-2390.9502427729303,6041.615995633432,25.17303302863199,-2563.0061583521288,7016.302902343456
patient_150,700.0,28.0,18.430959634354636,-208.9615303608358,3629.166846613823,68.79383885570951,-649.9646291482132,6044.3677491876615,111.16110007317035,2149.7016761134587,7020.7493463463825
patient_150,701.0,28.04,7.351942784212184,-276.9754212535613,3629.460924325191,51.06290442296976,-443.27336081849376,6046.41026536458,32.12250243739609,-1975.9649408943562,7022.034246443878
patient_150,702.0,28.08,26.93468379011101,489.5685251474706,3630.5383116767957,11.743756899968982,-982.9786880750195,6046.880015640578,24.875490556454533,-181.175297023539,7023.029266066135
patient_150,703.0,28.12,5.299646389423176,-540.8759350171958,3630.7502975323728,19.122398310263463,184.46603525736202,6047.644911572988,47.23964486840097,559.103857798661,7024.918851860871
patient_150,704.0,28.16,24.630611102563236,483.2741178285016,3631.735521976475,63.91866059810374,1119.906557196007,6050.201657996912,73.53860582917653,657.4740240193889,7027.860396094038
patient_150,705.0,28.2,16.208944117467926,-210.54167462738275,3632.3838797411736,46.28830045286729,-440.7590036309113,6052.053190015027,107.2438282439577,842.630560369529,7032.150149223797
patient_150,706.0,28.24,64.33789266140893,1203.2237135985251,3634.95739544763,7.891324340758697,-959.9244028027148,6052.368842988657,48.55723544470159,-1467.1648199814026,7034.092438641584
patient_150,707.0,28.28,4.133883026324885,-1505.100240877101,3635.122750768683,37.74312276838907,746.2949606907594,6053.878567899392,68.52008788087262,499.07131090427583,7036.833242156818
patient_150,708.0,28.32,29.275811157657806,628.548203283323,3636.293783214989,10.278501253573888,-686.6155378703796,6054.289707949535,50.70380393777051,-445.40709857755286,7038.861394314329
patient_150,709.0,28.36,39.07868304960808,245.07179729875688,3637.8569305369733,24.212806238362244,348.35762461970893,6055.25822019907,46.05530535468622,-116.21246457710726,7040.7036065285165
patient_150,710.0,28.4,25.228768489096687,-346.2478640127848,3638.866081276537,15.400537576956507,-220.3067165351434,6055.874241702148,60.8326072301216,369.4325468858846,7043.1369108177205
patient_150,711.0,28.44,24.143229624646338,-27.13847161125873,3639.831810461523,11.759718215292166,-91.02048404160854,6056.34463043076,74.30646787497241,336.8465161212702,7046.1091695327195
patient_150,712.0,28.48,44.62979551793269,512.1641473321588,3641.6170022822403,6.493886644329131,-131.64578927407587,6056.604385896533,76.24236076844794,48.39732233688814,7049.158863963458
patient_150,713.0,28.52,6.0647633853612835,-964.1258033142852,3641.859592817655,23.05986308982962,414.14941113751223,6057.526780420126,27.428500978987994,-1220.3464947364985,7050.256004002617
patient_150,714.0,28.56,22.503376292944967,410.965322689592,3642.7597278693725,14.219093568635742,-221.01923802984692,6058.095544162871,121.49782396588635,2351.7330746724588,7055.115916961252
patient_150,715.0,28.6,14.560433316049044,-198.57357442239808,3643.3421452020143,16.345286685207373,53.15482791429078,6058.74935563028,92.24432673783328,-731.337430701327,7058.805690030766
patient_150,716.0,28.64,11.0882329242873,-86.8050097940436,3643.785674518986,39.827319144750966,587.0508114885898,6060.342448396069,23.492859209914,-1718.786688197982,7059.745404399162
patient_150,717.0,28.68,37.457868478444986,659.2408888539421,3645.2839892581237,27.31215712377498,-312.87905052439964,6061.43493468102,45.168776808179935,541.8979399566484,7061.55215547149
patient_150,718.0,28.72,19.425823445695883,-450.8011258187276,3646.061022195952,6.385351663425606,-523.1701365087343,6061.690348747557,12.704219277876838,-811.6139382575774,7062.060324242605
patient_150,719.0,28.76,8.303845807470971,-278.0494409556228,3646.3931760282508,17.51016355033897,278.12029717283406,6062.390755289572,59.111119715228945,1160.1725109338026,7064.424769031215
patient_150,720.0,28.8,8.36217248777852,1.4581670076887487,3646.7276629277617,6.399117703102174,-277.7761461809199,6062.646719997696,92.23464508144527,828.088134155408,7068.114154834472
patient_150,721.0,28.84,25.69433850379274,433.3041504003555,3647.755436467913,27.960239808869222,539.0280526441762,6063.7651295900505,44.19624137668326,-1200.96009261905,7069.88200448954
patient_150,722.0,28.88,13.55301867548073,-303.53299570780024,3648.297557214932,23.986826353409207,-99.33533638650039,6064.724602644187,56.67316939441811,311.92320044337123,7072.1489312653175
patient_150,723.0,28.92,11.84301320740722,-42.75013670183778,3648.771277743229,36.99811415396511,325.28219501389765,6066.204527210346,22.454481257946657,-855.4672034117864,7073.047110515635
patient_150,724.0,28.96,32.97817763260811,528.3791106300223,3650.090404848533,28.376851700191036,-215.5315613443519,6067.339601278354,39.868796248289584,435.3578747585732,7074.641862365566
patient_150,725.0,29.0,22.348616832919408,-265.7390199922175,3650.98434952185,54.41218875944047,650.8834264812358,6069.516088828732,217.09436884667556,4430.63931495965,7083.325637119433
patient_150,726.0,29.04,26.016367981345763,91.69377871065888,3652.025004241104,33.97738211262408,-510.8701661704098,6070.875184113236,182.48554474599757,-865.2206025169498,7090.625058909272
patient_150,727.0,29.08,22.343711358486008,-91.81641557149388,3652.918752695443,34.083110153667434,2.643201026083908,6072.238508519384,125.20656794590732,-1431.9744200022562,7095.63332162711
patient_150,728.0,29.12,53.58957847109312,781.1466778151778,3655.062335834287,47.669836020072296,339.6681466601216,6074.145301960187,37.652434168989565,-2188.853344422944,7097.139418993869
patient_150,729.0,29.16,22.626382379232926,-774.0799022965049,3655.9673911294562,58.11636344092458,261.1631855213071,6076.469956497824,47.5078257198147,246.3847887706283,7099.039732022661
patient_150,730.0,29.2,35.257429939962506,315.7761890182395,3657.3776883270543,70.86189650874338,318.63832669547014,6079.3044323581735,100.69930913142406,1329.787085290234,7103.067704387919
patient_150,731.0,29.24,11.862870566165398,-584.8639843449278,3657.8522031497014,59.996784427995635,-271.6278020186937,6081.704303735293,113.41490341901779,317.88985718984327,7107.604300524678
patient_150,732.0,29.28,74.04235526839288,1554.487117555687,3660.813897360437,44.84355363876006,-378.8307697308893,6083.498045880843,66.4957792075941,-1172.9781052855924,7110.264131692982
patient_150,733.0,29.32,54.932250180265555,-477.7526272031832,3663.011187367648,82.83029759141482,949.6685988163689,6086.8112577845,81.66143590427436,379.14141741700644,7113.530589129153
patient_150,734.0,29.36,18.90122265924132,-900.7756880256059,3663.7672362740177,25.80797652660319,-1425.5580266202908,6087.843576845565,48.821415821550076,-821.000502068107,7115.483445762015
patient_150,735.0,29.4,19.93707901297443,25.896408843327734,3664.5647194345365,40.02160211154084,355.3406396234411,6089.444440930027,81.578002693606,818.914671801398,7118.746565869759
patient_150,736.0,29.44,9.741037986121631,-254.90102567131996,3664.9543609539814,34.01540479979353,-150.1549327936827,6090.805057122019,104.00260868743574,560.6151498457436,7122.906670217257
patient_150,737.0,29.48,21.901693106049958,304.01637799820816,3665.8304286782236,26.212757267133547,-195.06618831649956,6091.853567412705,118.88296123235037,372.0088136228657,7127.661988666551
patient_150,738.0,29.52,15.878064331767801,-150.59071935705393,3666.465551251494,52.21797749740416,650.1305057567654,6093.942286512602,40.35354182510692,-1963.235485181086,7129.2761303395555
patient_150,739.0,29.56,20.478941596260206,115.02193161231014,3667.2847089153447,39.77334526436157,-311.11580582606473,6095.5332203231765,94.82862490495008,1361.8770769960788,7133.069275335753
patient_150,740.0,29.6,20.782616883069586,7.5918821702344985,3668.116013590667,30.978435939137842,-219.87273313059328,6096.772357760742,78.47594184158078,-408.81707658423244,7136.208313009416
patient_150,741.0,29.64,22.501716511560737,42.977490712278765,3669.01608225113,77.83804592876675,1171.4902497407227,6099.885879597893,38.13902333270015,-1008.4229627220158,7137.733873942725
patient_150,742.0,29.68,31.833438857838622,233.29305865694715,3670.2894198054432,37.97429296730324,-996.5938240365876,6101.404851316585,127.99189766714066,2246.321858361013,7142.853549849411
patient_150,743.0,29.72,16.542310075911253,-382.2782195481842,3670.951112208479,17.494739241193884,-511.988843152734,6102.104640886233,124.87663273317101,-77.88162334924138,7147.8486151587385
patient_150,744.0,29.76,13.52578262052593,-75.41318638463306,3671.4921435133,9.963229031343506,-188.28775524625945,6102.5031700474865,67.83168428453322,-1426.1237112159445,7150.561882530119
patient_150,745.0,29.8,24.807372057732103,282.0397359301543,3672.4844383956097,48.59106571281171,965.6959170367053,6104.446812675999,42.22629011351975,-640.1348542753368,7152.25093413466
patient_150,746.0,29.84,16.737775427341678,-201.73991575976063,3673.1539494127037,6.707813167214244,-1047.0813136399368,6104.715125202688,34.66970127441665,-188.91472097757747,7153.637722185637
patient_150,747.0,29.88,10.71241200884562,-150.63408546240146,3673.582445893057,23.10167273685686,409.84648924106534,6105.639192112163,25.416151612945484,-231.33874153677922,7154.654368250154
patient_150,748.0,29.92,4.416609209616219,-157.39506998073503,3673.7591102614415,16.524296000259934,-164.43441841492313,6106.300163952173,21.561976396340874,-96.35438041511523,7155.516847306008
patient_150,749.0,29.96,18.676041225240674,356.48580039061136,3674.5061519104515,19.21079180501312,67.16239511882964,6107.068595624372,31.510594815243508,248.71546047256584,7156.777271098618
patient_150,750.0,30.0,11.256194059942464,-185.49617913245524,3674.9563996728493,14.331563238717171,-121.98071415739871,6107.641858153922,49.27332210707498,444.06818229578687,7158.748203982901
patient_150,751.0,30.04,6.889482501001893,-109.16778897351426,3675.2319789728895,30.151988084842632,395.5106211531365,6108.847937677315,54.394804832982025,128.03706814767608,7160.9239961762205
patient_150,752.0,30.08,11.375716400493433,112.15584748728848,3675.687007628909,14.563099900649958,-389.72220460481685,6109.430461673341,6.847306675554895,-1188.6874539356781,7161.197888443243
patient_150,753.0,30.12,30.28981706081502,472.8525165080397,3676.8986003113414,21.53597524172704,174.32188352692708,6110.291900683009,17.767973015126607,273.0166584892928,7161.908607363847
