frame,time_s,WRIST_x,WRIST_y,WRIST_speed_px_s,WRIST_speed_mm_s,WRIST_accel_mm_s2,THUMB_CMC_x,THUMB_CMC_y,THUMB_CMC_speed_px_s,THUMB_CMC_speed_mm_s,THUMB_CMC_accel_mm_s2,THUMB_MCP_x,THUMB_MCP_y,THUMB_MCP_speed_px_s,THUMB_MCP_speed_mm_s,THUMB_MCP_accel_mm_s2,THUMB_IP_x,THUMB_IP_y,THUMB_IP_speed_px_s,THUMB_IP_speed_mm_s,THUMB_IP_accel_mm_s2,THUMB_TIP_x,THUMB_TIP_y,THUMB_TIP_speed_px_s,THUMB_TIP_speed_mm_s,THUMB_TIP_accel_mm_s2,INDEX_FINGER_MCP_x,INDEX_FINGER_MCP_y,INDEX_FINGER_MCP_speed_px_s,INDEX_FINGER_MCP_speed_mm_s,INDEX_FINGER_MCP_accel_mm_s2,INDEX_FINGER_PIP_x,INDEX_FINGER_PIP_y,INDEX_FINGER_PIP_speed_px_s,INDEX_FINGER_PIP_speed_mm_s,INDEX_FINGER_PIP_accel_mm_s2,INDEX_FINGER_DIP_x,INDEX_FINGER_DIP_y,INDEX_FINGER_DIP_speed_px_s,INDEX_FINGER_DIP_speed_mm_s,INDEX_FINGER_DIP_accel_mm_s2,INDEX_FINGER_TIP_x,INDEX_FINGER_TIP_y,INDEX_FINGER_TIP_speed_px_s,INDEX_FINGER_TIP_speed_mm_s,INDEX_FINGER_TIP_accel_mm_s2,MIDDLE_FINGER_MCP_x,MIDDLE_FINGER_MCP_y,MIDDLE_FINGER_MCP_speed_px_s,MIDDLE_FINGER_MCP_speed_mm_s,MIDDLE_FINGER_MCP_accel_mm_s2,MIDDLE_FINGER_PIP_x,MIDDLE_FINGER_PIP_y,MIDDLE_FINGER_PIP_speed_px_s,MIDDLE_FINGER_PIP_speed_mm_s,MIDDLE_FINGER_PIP_accel_mm_s2,MIDDLE_FINGER_DIP_x,MIDDLE_FINGER_DIP_y,MIDDLE_FINGER_DIP_speed_px_s,MIDDLE_FINGER_DIP_speed_mm_s,MIDDLE_FINGER_DIP_accel_mm_s2,MIDDLE_FINGER_TIP_x,MIDDLE_FINGER_TIP_y,MIDDLE_FINGER_TIP_speed_px_s,MIDDLE_FINGER_TIP_speed_mm_s,MIDDLE_FINGER_TIP_accel_mm_s2,RING_FINGER_MCP_x,RING_FINGER_MCP_y,RING_FINGER_MCP_speed_px_s,RING_FINGER_MCP_speed_mm_s,RING_FINGER_MCP_accel_mm_s2,RING_FINGER_PIP_x,RING_FINGER_PIP_y,RING_FINGER_PIP_speed_px_s,RING_FINGER_PIP_speed_mm_s,RING_FINGER_PIP_accel_mm_s2,RING_FINGER_DIP_x,RING_FINGER_DIP_y,RING_FINGER_DIP_speed_px_s,RING_FINGER_DIP_speed_mm_s,RING_FINGER_DIP_accel_mm_s2,RING_FINGER_TIP_x,RING_FINGER_TIP_y,RING_FINGER_TIP_speed_px_s,RING_FINGER_TIP_speed_mm_s,RING_FINGER_TIP_accel_mm_s2,PINKY_MCP_x,PINKY_MCP_y,PINKY_MCP_speed_px_s,PINKY_MCP_speed_mm_s,PINKY_MCP_accel_mm_s2,PINKY_PIP_x,PINKY_PIP_y,PINKY_PIP_speed_px_s,PINKY_PIP_speed_mm_s,PINKY_PIP_accel_mm_s2,PINKY_DIP_x,PINKY_DIP_y,PINKY_DIP_speed_px_s,PINKY_DIP_speed_mm_s,PINKY_DIP_accel_mm_s2,PINKY_TIP_x,PINKY_TIP_y,PINKY_TIP_speed_px_s,PINKY_TIP_speed_mm_s,PINKY_TIP_accel_mm_s2,WRIST_path_mm,THUMB_CMC_path_mm,THUMB_MCP_path_mm,THUMB_IP_path_mm,THUMB_TIP_path_mm,INDEX_FINGER_MCP_path_mm,INDEX_FINGER_PIP_path_mm,INDEX_FINGER_DIP_path_mm,INDEX_FINGER_TIP_path_mm,MIDDLE_FINGER_MCP_path_mm,MIDDLE_FINGER_PIP_path_mm,MIDDLE_FINGER_DIP_path_mm,MIDDLE_FINGER_TIP_path_mm,RING_FINGER_MCP_path_mm,RING_FINGER_PIP_path_mm,RING_FINGER_DIP_path_mm,RING_FINGER_TIP_path_mm,PINKY_MCP_path_mm,PINKY_PIP_path_mm,PINKY_DIP_path_mm,PINKY_TIP_path_mm
0,0.0,452.3911666870117,155.32646656036377,,,,445.7163619995117,181.5064001083374,,,,427.33959197998047,198.27216625213623,,,,404.76314544677734,204.93301391601562,,,,387.0762634277344,205.27579307556152,,,,424.3252944946289,187.90546417236328,,,,390.1089096069336,200.26318073272705,,,,371.0264587402344,206.4644479751587,,,,358.1260299682617,211.05159759521484,,,,417.3991012573242,170.66114902496338,,,,381.9468307495117,184.74759578704834,,,,363.15338134765625,194.0213441848755,,,,352.65296936035156,200.91679573059082,,,,411.27559661865234,155.3731870651245,,,,378.40930938720703,169.5009469985962,,,,362.0426940917969,178.94840240478516,,,,352.9086685180664,186.72590732574463,,,,406.4873504638672,143.24277877807617,,,,381.10076904296875,151.26096725463867,,,,365.7825469970703,158.58052253723145,,,,354.9828338623047,165.62297344207764,,,,0.0,0.0,0.0,0.0,0.0,0.0,0.0,0.0,0.0,0.0,0.0,0.0,0.0,0.0,0.0,0.0,0.0,0.0,0.0,0.0,0.0
1,0.04,453.1666946411133,154.9669647216797,21.37003128814671,22.29203500633439,,445.78643798828125,181.97708129882812,11.896728207888488,12.410009049364163,,426.20460510253906,198.6214828491211,29.688142591922105,30.969028777195074,,402.88822174072266,204.9834108352661,46.89002261273037,48.913078854993415,,384.82433319091797,206.17099285125732,60.583477687267425,63.197334023518266,,423.8808822631836,187.7027463912964,12.211591066966033,12.738456573942397,,390.0314712524414,200.4272174835205,4.534916920223871,4.730574577704131,,370.37708282470703,206.7822504043579,18.074281861112425,18.85409143905914,,358.29151153564453,211.22074127197266,5.91574871268547,6.170981951954771,,417.95570373535156,170.60155391693115,13.994594837104799,14.59838751762828,,381.80816650390625,185.28812885284424,13.950890836879532,14.552797921160122,,362.7926254272461,194.93747234344482,24.61498066516889,25.67698677037248,,354.20276641845703,201.75061225891113,43.99659734153103,45.89481760099307,,411.86927795410156,155.41751861572266,14.883355099724735,15.525493080527095,,377.63031005859375,170.49818515777588,31.635856833109827,33.000776576786535,,361.73988342285156,180.2991485595703,34.60680456837565,36.099904978777715,,354.90928649902344,187.84525394439697,57.31169796830871,59.784394330327586,,407.14866638183594,143.44891548156738,17.317460189882674,18.064616919292575,,379.69871520996094,152.77437686920166,51.576179167952574,53.80141825729086,,364.36912536621094,160.5185079574585,59.966387437014426,62.55361959581232,,354.7433090209961,167.21142768859863,40.160296336170845,41.893000516440665,,0.8916814002533756,0.4964003619745665,1.238761151087803,1.9565231541997365,2.527893360940731,0.5095382629576959,0.1892229831081652,0.7541636575623656,0.24683927807819084,0.5839355007051312,0.5821119168464048,1.0270794708148991,1.8357927040397228,0.6210197232210838,1.3200310630714613,1.4439961991511086,2.3913757732131034,0.722584676771703,2.1520567302916347,2.502144783832493,1.6757200206576266
2,0.08,453.82877349853516,155.23541450500488,17.8608107950829,18.63141022663578,-91.51561949246529,446.59717559814453,181.85990810394287,20.47902936003138,21.36259106194132,223.8145503144289,426.63516998291016,198.8217830657959,11.871875720819878,12.384084309046388,-464.62361170371713,402.26261138916016,205.2619743347168,17.120636948000172,17.859301796495416,-776.34442646245,384.0748977661133,206.27557754516602,18.917442582048405,19.733630081452073,-1086.5925985516546,424.0751647949219,187.1984052658081,13.511700323178763,14.094658661846172,33.905052197594365,390.32360076904297,199.666485786438,20.372352119599384,21.251311263328756,413.01841714061567,370.8065414428711,206.43061637878418,13.876265542658015,14.474952940555589,-109.47846246258877,358.2175064086914,211.09670162200928,3.610972304863479,3.766766643508343,-60.1053827111607,417.969970703125,170.0222682952881,14.48653206024138,15.111549227651711,12.829042750585762,382.69004821777344,184.4569730758667,30.295784389668647,31.60288710168855,426.25222951321075,363.90419006347656,194.49631690979004,29.897680273322585,31.18760690026579,137.7655032473328,354.09664154052734,202.13215827941895,9.900752985282836,10.327918062497854,-889.1724884623806,411.91246032714844,154.9009895324707,12.958274653360071,13.51735560418311,-50.203436908599606,378.2806396484375,169.68226432800293,26.084662350264836,27.210077439757676,-144.7674784257215,362.0328140258789,179.63746547698975,18.090619806326494,18.871134280116916,-430.71926746651997,354.0531921386719,187.7640724182129,21.498371944453837,22.42591288253204,-933.9620361948887,406.9720458984375,143.32461833953857,5.399338771578166,5.632291655737546,-310.8081315888757,380.1801300048828,152.8322410583496,12.121996255655992,12.644996220834855,-1028.9105509114002,365.17269134521484,160.48537731170654,20.106216736068966,20.97369354690665,-1039.4981512226418,355.17467498779297,167.44472980499268,12.260364870807837,12.789334709213854,-727.5916451806703,1.6369378093188067,1.3509040044522191,1.7341245234496585,2.670895226059553,3.3172385641988136,1.0733246094315427,1.0392754336413155,1.3331617751845892,0.39750994381852456,1.1883974698111996,1.846227400913947,2.274583746825531,2.2489094265396368,1.1617139473884084,2.4084341606617685,2.1988415703557855,3.288412288514385,0.9478763430012048,2.6578565791250286,3.3410925257087585,2.187293409026181
3,0.12,453.5641098022461,155.58594703674316,10.98066277428867,11.454420241909915,-179.42474961814662,446.2630844116211,181.9294309616089,8.531205536539348,8.899281891658001,-311.582729257083,426.9510269165039,198.7415599822998,8.147136982740772,8.498642813003073,-97.13603740108287,403.21834564208984,205.1271629333496,24.12988391188472,25.17096066026248,182.7914715941766,385.0723648071289,205.8968210220337,26.673922210275826,27.824760743215386,202.2782665440828,425.06282806396484,187.09615230560303,24.823557371065707,25.89456245693391,294.9975948771935,390.2311325073242,199.90463733673096,6.3868292373950935,6.662387107428458,-364.72310389750743,370.5453109741211,206.56557083129883,7.350767904480849,7.667914624955013,-170.17595789001442,357.95955657958984,211.0491943359375,6.55720293662964,6.8401115298349815,76.83362215816597,419.2843246459961,169.96453285217285,32.89053500374863,34.30958746828381,479.95095601580243,382.1617889404297,184.6691608428955,14.232039395682477,14.846076551888755,-418.9202637449949,362.81116485595703,194.35194969177246,27.562950652905993,28.752146056672146,-60.88652108984114,353.0968475341797,201.33976936340332,31.893065952424465,33.26908290794716,573.5291211362326,413.3662796020508,154.9195432662964,36.348441551155695,37.91668437722409,609.9832193260245,378.3873748779297,169.85258102416992,5.024949390789265,5.241749355166595,-549.208202114777,361.8588638305664,179.59057331085205,4.503994455920635,4.6983179727682165,-354.3204076837175,353.9402389526367,187.23773002624512,13.458146599222204,14.03879437821167,-209.67796260800924,408.54286193847656,143.39545726776123,39.310313416104115,41.00634533314088,884.3513419350833,380.45833587646484,153.03942203521729,8.671882154359647,9.046027960802142,-89.97420650081781,364.86263275146484,160.63061714172363,8.55975101060264,8.929058951808786,-301.1158648774466,354.7099304199219,167.38263130187988,11.721874248987959,12.227611067805345,-14.04309103521273,2.0951146189952032,1.7068752801185392,2.0740702359697814,3.6777336524700526,4.43022899392743,2.1091071077088994,1.3057709179384538,1.6398783601827895,0.6711144050119239,2.5607809685425518,2.4400704629894974,3.424669589092417,3.579672742857523,2.678381322477372,2.618104134868432,2.386774289266514,3.8499640636428514,2.5881301563268404,3.0196976975571146,3.69825488378111,2.6763978517383946
4,0.16,453.15025329589844,156.64041996002197,28.31949807304196,29.5413344928621,452.1728562738046,445.75462341308594,183.24859142303467,35.343996219482314,36.868902546973246,699.2405163828812,426.0512924194336,199.3346929550171,26.941242646530938,28.103614641113648,490.12429570276436,402.13809967041016,205.09557723999023,27.01769114112067,28.183361483530355,75.31002058169688,384.10980224609375,205.91169834136963,24.06693814314025,25.105299114828494,-67.9865407096723,424.7352981567383,186.99379920959473,8.578752691618588,8.948880454766606,-423.6420500541827,390.12279510498047,199.91512298583984,2.721091415202991,2.83849210444472,-95.59737507459344,370.5699157714844,206.592378616333,0.9096886114651129,0.9489368592030113,-167.97444414380004,358.09669494628906,211.26850605010986,6.46647892955228,6.74547326214067,-2.3659566923577957,418.89293670654297,169.7029209136963,11.769274762671971,12.277056662718833,-550.8132701391244,382.3187255859375,184.5129632949829,5.53549820912451,5.774325652192641,-226.7937724924028,363.3024597167969,194.56189155578613,13.356791964979289,13.933066828067627,-370.476980715113,353.8484191894531,201.99950695037842,25.001420418125488,26.080099352876086,-179.7245888767768,413.14781188964844,154.59968090057373,9.683751673809313,10.101554293228531,-695.3782520998889,378.65089416503906,169.00691986083984,22.144203782302355,23.0996089451817,446.44648975037757,362.0757293701172,178.85790824890137,19.102171919179938,19.926329511532796,380.7002884691145,353.7559127807617,187.02365398406982,7.062430949730139,7.367137457048485,-166.79142302907962,408.74778747558594,143.13058376312256,8.372292443647765,8.733512540086254,-806.8208198263657,381.64039611816406,151.2500238418579,53.61443549434593,55.92761455373923,1172.0396648234273,365.86456298828125,158.89769554138184,50.042990720343106,52.20208084479137,1081.8255473245647,354.8991012573242,166.29979133605957,27.480993401135894,28.666652783365826,410.97604288901204,3.276767998709687,3.1816313819974686,3.1982148216143274,4.805068111811266,5.434440958520569,2.4670623258995636,1.4193106021162425,1.67783583455091,0.9409333354975508,3.0518632350513055,2.671043489077203,3.9819922622151216,4.622876716972566,3.082443494206513,3.5420884926757004,3.1838274697278255,4.1446495619247905,2.9374706579302905,5.256802279706684,5.786338117572765,3.8230639630730274
5,0.2,452.8703308105469,156.89439296722412,9.449169480458925,9.856851120101684,-492.11208431901036,445.4549789428711,183.39128494262695,8.297147441439146,8.655125428846281,-705.3444279531741,425.85296630859375,199.53792572021484,7.099155015333839,7.405445971667584,-517.4542167361516,401.5718078613281,205.5318832397461,17.871928730140596,18.643007841733414,-238.5088410449235,383.0979919433594,206.80203437805176,33.69401232910557,35.1477305866604,251.0607867957977,423.8455581665039,186.35385990142822,27.399356383395318,28.58149356049211,490.8153276431376,390.1942825317383,199.42484378814697,12.38658911572358,12.921004862072758,252.06281894070094,370.6542205810547,206.3627815246582,6.114640495473514,6.378454862246792,135.7379500760945,357.92308807373047,211.32392406463623,4.555937234369322,4.752501807124447,-49.82428637540557,418.0802917480469,169.09539699554443,25.365788225675402,26.46018770237651,354.5782759914419,382.4708557128906,183.62388610839844,22.549969778690045,23.522881596208265,443.7138986003906,362.8853225708008,194.14791584014893,14.692244801831341,15.32613738500813,34.82676392351256,352.2995376586914,202.17175483703613,38.960744111804495,40.641693963963455,364.0398652771842,412.29175567626953,154.40481662750244,21.94886565098857,22.895843007612196,319.85721785959163,378.93653869628906,168.403959274292,16.67997053285694,17.39962295840511,-142.49964966941474,361.8156433105469,178.6619997024536,8.140366889538974,8.49158062612016,-285.8687221353159,352.54112243652344,187.223482131958,30.777902677316476,32.105806241137856,618.4667196022342,407.8049087524414,143.47822666168213,25.12314509916057,26.207075809493354,436.83908173517756,381.01097106933594,151.5644645690918,17.589927214098683,18.348839453176463,-939.4693775140692,365.4240417480469,159.22539710998535,13.726053720089137,14.318260273056874,-947.0955142933624,354.69139099121094,166.60961151123047,9.325103739093747,9.727432598794538,-473.48050461428227,3.6710420435137543,3.5278363991513197,3.494432660481031,5.550788425480603,6.8403501819869845,3.6103220683192476,1.9361507965991527,1.9329740290407815,1.1310334077825286,4.110270743146366,3.6119587529255335,4.595037757615446,6.248544475531105,3.998277214511001,4.2380734110119045,3.5234906947726317,5.428881811570304,3.985753690310024,5.990755857833742,6.3590685284950395,4.2121612670248085
6,0.24,452.4154281616211,156.43381118774414,16.18394257413498,16.882194019211944,175.6335724777565,444.3950653076172,183.3458375930786,26.522188538303638,27.666480566568204,475.283878443048,425.2198028564453,198.9091157913208,22.308881132469672,23.271391251214933,396.64863198868375,401.8084716796875,204.60748672485352,23.85527561759117,24.884504471832987,156.0374157524893,383.36681365966797,206.9479465484619,7.646709939285184,7.976624991858562,-679.277639870046,423.1483459472656,186.15434646606445,18.129921565360917,18.912131701992095,-241.73404646250037,390.7568359375,199.2817497253418,14.511681612243473,15.137783849682203,55.419474690236115,371.02115631103516,206.0687255859375,11.755603053257556,12.262795091420541,147.10850572934373,358.19271087646484,211.4783477783203,7.76784796059706,8.102989477491311,83.76219175917161,417.3280334472656,169.39457416534424,20.239187391415243,21.112401182091,-133.69466300713776,383.13072204589844,183.32470893859863,18.113022876624544,18.894503924297577,-115.70944179776718,363.0573272705078,193.9643669128418,6.2886716322340135,6.559994521246217,-219.1535715940478,352.3393249511719,202.47357845306396,7.610869030334289,7.9392377374264465,-817.5614056634253,411.6043472290039,155.09446620941162,24.343209001686226,25.39348959835638,62.44116476860455,379.7688293457031,168.36025714874268,20.835930517971985,21.734890615429865,108.38169142561887,362.1107482910156,178.63187313079834,7.415969247895114,7.735929061164895,-18.891289123881606,352.3960876464844,187.3536729812622,4.872419032435509,5.082638119338099,-675.5792030449938,407.40245819091797,144.2702865600586,22.210995828174077,23.169282714238975,-75.94482738135949,381.4860153198242,151.50707244873047,11.962464613363077,12.478581632729679,-146.75644551116963,365.87902069091797,159.0099334716797,12.585468254300572,13.128464582622957,-29.744892260847912,355.2796173095703,166.21204376220703,17.749477398542396,18.515273383428084,219.69601961583868,4.346329804282232,4.634495621814048,4.425288310529629,6.546168604353922,7.159415181661327,4.3668073363989315,2.5416621505864407,2.423485832697603,1.455152986882181,4.954766790430005,4.367738909897437,4.8574375384652955,6.566113985028164,5.014016798445256,5.107469035629099,3.832927857219228,5.632187336343828,4.912524998879583,6.48989912314293,6.884207111799958,4.952772202361932
7,0.28,451.8262481689453,155.7943868637085,21.73701523234438,22.67485236492922,144.81645864293188,446.46060943603516,181.59822463989258,67.64162725619465,70.56000538084761,1072.3381203569852,427.12772369384766,198.84066581726074,47.72870808501213,49.787949165444445,662.9139478557378,402.92266845703125,205.60225009918213,37.34123583209358,38.95231247558029,351.6952000936827,384.6794891357422,207.42801189422607,34.94262835071887,36.45021777949444,711.8398196908969,424.61280822753906,185.22444248199463,43.3688481943881,45.239984401424074,658.1963174857995,390.39695739746094,199.47256565093994,10.183420380774692,10.622781059677878,-112.87506975010811,371.1871337890625,206.66483402252197,15.46960308515343,16.137034562959002,96.85598678846152,358.3329391479492,211.68617248535156,6.267728704249674,6.538148016790185,-39.12103651752816,418.2936477661133,168.3405303955078,35.73705431249377,37.278919015867906,404.16294584442267,382.2037124633789,183.39723587036133,23.246060444647743,24.249004889332245,133.86252412586668,363.0512237548828,193.85168552398682,2.8211642429668924,2.9428825449459994,-90.42779940750545,352.2081756591797,201.73795223236084,18.68063959986406,19.48661030420983,288.6843141695846,412.37476348876953,153.88617038726807,35.825270472817294,37.37094123649737,299.43629095352486,378.5145950317383,167.91905879974365,33.23928114338447,34.67338015759999,323.4622385542532,361.44901275634766,177.80096054077148,26.555480250169637,27.701208639556533,499.13198945979093,351.6571044921875,185.93151569366455,40.06734528423428,41.79603911869134,917.835024983831,407.7476501464844,143.13890933990479,29.57164922344034,30.847509336573488,191.95566555836282,380.8462142944336,151.28243923187256,16.95223868340897,17.683638038279245,130.12641013873915,365.3115463256836,158.47872734069824,19.432690060668925,20.271107761080223,178.56607946143166,354.2030334472656,165.3597593307495,34.32766344983067,35.80872039872689,432.3361753824702,5.2533238988794,7.456895837047953,6.416806277147407,8.104261103377134,8.617423892841105,6.176406712455895,2.966573392973556,3.068967215215963,1.7166789075537883,6.4459235510647215,5.337699105470726,4.975152840263136,7.345578397196556,6.508854447905151,6.494404241933098,4.940976202801489,7.304028901091482,6.146425372342523,7.197244644674099,7.695051422243167,6.3851210183110085
8,0.32,451.76639556884766,155.92648029327393,3.6255178830760766,3.7819397864172375,-472.32281446279956,446.03809356689453,181.9735050201416,14.12787633270455,14.73741940417747,-1395.5646494167536,426.86805725097656,199.1279697418213,9.681496740600707,10.099202071589481,-992.2186773463741,402.6110076904297,205.70613384246826,8.212957200280115,8.567302824480242,-759.6252412775012,384.4985580444336,207.53814697265625,5.295386866352381,5.523854776117548,-773.1590750844222,424.57408905029297,185.53612232208252,7.851890592551082,8.190658104096583,-926.2331574331872,390.8718490600586,199.58393096923828,12.19437178897648,12.720494375265607,52.44283288969322,371.58504486083984,206.63774013519287,9.970810516627914,10.400998205439345,-143.40090893799143,358.50162506103516,211.65761947631836,4.27713481773186,4.461670542175377,-51.91193686537019,418.358154296875,168.66544246673584,8.281339963307541,8.638635941717311,-716.0070768537648,382.9648208618164,183.4685182571411,19.11097807604832,19.935515607450686,-107.83723204703897,363.24703216552734,193.8050365447998,5.032212543847365,5.249325874828376,57.66108324705941,351.49852752685547,201.89875602722168,18.190971870561555,18.975816004664825,-12.769857488625114,412.2280502319336,154.28332328796387,10.58463527543865,11.041306253034643,-658.2408745865683,378.9995574951172,168.2895040512085,15.256520639127313,15.91475873743486,-468.96553550412835,361.4086151123047,178.02639484405518,5.725632865742101,5.972663612679749,-543.2136256719195,350.8477783203125,186.19347095489502,21.266602504986622,22.184143818727843,-490.2973824990874,407.34046936035156,143.75238418579102,18.407667884791746,19.201861304730993,-291.1412007960624,380.4090118408203,152.05913543701172,22.282321755753003,23.24368597799698,139.00119849294333,364.76810455322266,159.21177864074707,22.813005728075957,23.797266154310787,88.15395983076408,353.53458404541016,165.96140384674072,22.48333725316418,23.453374229955276,-308.88365421929035,5.40460149033609,8.046392613215051,6.820774360010986,8.446953216356343,8.838378083885807,6.504033036619758,3.47539316798418,3.485007143433537,1.8951457292408034,6.791468988733413,6.135119729768754,5.18512587525627,8.10461103738315,6.950506698026536,7.130994591430492,5.179882747308679,8.191394653840597,6.914499824531762,8.12699208379398,8.6469420684156,7.323255987509219
9,0.36,451.3761901855469,156.23711585998535,12.468828545192164,13.006792487551412,230.62131752835438,445.44376373291016,182.59872436523438,21.56570166146541,22.496147520392448,193.96820290537445,426.23119354248047,199.67804431915283,21.038319559583904,21.946011672749695,296.17024002900536,401.9804382324219,206.00253582000732,17.418954720026495,18.170490401105045,240.07968941562007,384.0862274169922,207.03692436218262,16.22576368727037,16.925819491980207,285.04911789656643,424.7804641723633,186.20239734649658,17.437622744505195,18.189963852012397,249.98264369789536,390.92857360839844,199.74188804626465,4.195839648320774,4.376867916576836,-208.59066146721926,371.5797424316406,206.6766357421875,0.9813842261358929,1.0237257600937735,-234.4318111336393,358.34312438964844,211.5800142288208,4.4119891537999845,4.60234312893261,3.516814668930812,418.614501953125,169.02414321899414,11.0221467548165,11.497694036583368,71.47645237165143,383.4235382080078,183.7150526046753,13.019235485690734,13.580946573705189,-158.86422584363743,363.6834716796875,193.9222240447998,11.297465414767908,11.78489123918822,163.3891341089961,351.6018295288086,201.78462982177734,3.848383944645321,4.014421338701213,-374.0348666490903,412.6308822631836,154.1392421722412,10.695589432941693,11.157047495048083,2.8935310503360068,379.8444366455078,168.47964763641357,21.650279469319575,22.58437441290476,166.74039188674752,362.1070098876953,178.3408784866333,19.148355408202285,19.974505573613335,350.04604902333966,351.0483932495117,186.53260231018066,9.850648010267065,10.27565132306343,-297.71231239161034,407.6773452758789,142.9791784286499,21.085132874530167,21.994844734408503,69.82458574193772,381.42333984375,151.09572887420654,34.97332468095694,36.48223849387741,330.9638128970108,365.77205657958984,158.27463626861572,34.334344111351825,35.815689295425585,300.46057852787,353.8885498046875,165.10122299194336,23.254070365485333,24.25736039584985,20.099654147364365,5.924873189838147,8.94623851403075,7.698614826920974,9.173772832400546,9.515410863565016,7.231631590700253,3.6504678846472536,3.525956173837288,2.079239454398108,7.251376750196748,6.678357592716961,5.656521524823799,8.265187890931198,7.3967885978284595,8.034369567946683,5.978862970253212,8.602420706763134,7.794293613908102,9.586281623549075,10.079569640232622,8.293550403343213
10,0.4,451.4809799194336,156.02210998535156,5.979570137930587,6.237556933831724,-169.2308888429922,445.6134796142578,182.37573623657227,7.005675641303324,7.307933457522868,-379.7053515717395,426.52587890625,199.6078062057495,7.5735087721296095,7.900265581863606,-351.14365227215217,402.5664520263672,205.94395637512207,14.723359799508307,15.358594830113589,-70.29738927478641,384.98138427734375,206.91568851470947,22.58323403748617,23.557581031672093,165.79403849229718,424.1145324707031,186.10754013061523,16.816341060869036,17.54187715276205,-16.202167481258645,391.0415267944336,200.03168106079102,7.775699868169901,8.111180153308306,93.35780591828676,372.35313415527344,206.83164596557617,19.71932629964096,20.57011083632574,488.6596269057991,358.8081359863281,211.76084518432617,12.473362104791,13.011521646246495,210.22946293284713,417.8666305541992,169.38660621643066,20.776956193128278,21.67337186067633,254.39194560232403,384.06749725341797,184.26897525787354,21.235488543528668,22.15168745454876,214.26852202108927,365.26275634765625,194.3776559829712,41.09104458993856,42.86390563002292,776.9753597708675,352.9437255859375,202.2691011428833,35.66683937069782,37.205674671047916,829.7813333086676,412.6986312866211,154.95569229125977,20.481405088246312,21.36506929025174,255.2005448800914,380.5862808227539,169.20930862426758,26.013673574079444,27.136025873690976,113.79128651965536,363.3567428588867,178.93000602722168,34.54077082198127,36.03102222580583,401.4129163048123,352.2657012939453,187.1052646636963,33.63202571746901,35.083069580885805,620.1854564455595,408.88545989990234,144.13058280944824,41.722842910845166,43.52296270376738,538.2029492339718,383.29627990722656,151.32486820220947,47.17261727563211,49.207865981557106,318.14068719199236,367.50221252441406,157.92081356048584,44.14910886840575,46.053909192863905,255.955497435958,354.90333557128906,164.50992107391357,29.362264370732117,30.62909063594403,159.2932560023545,6.174375467191416,9.238555852331665,8.014625450195519,9.78811662560509,10.457714104831899,7.933306676810735,3.974915090779586,4.348760607290317,2.5997003202479676,8.118311624623802,7.5644250908989115,7.371077750024716,9.753414877773116,8.25139136943853,9.119810602894322,7.420103859285446,10.005743489998565,9.535212122058796,11.55459626281136,11.921726007947179,9.518714028780975
11,0.44,450.66089630126953,156.79914951324463,28.243667085398755,29.462231799547617,580.6168716428973,445.16407012939453,182.62945175170898,12.902045567132234,13.458700530558563,153.76917682589237,426.46324157714844,199.6338987350464,1.6963665365432024,1.76955577211393,-153.26774524374193,402.7388381958008,206.03901386260986,4.921440169013005,5.133774258443425,-255.62051429175412,385.13099670410156,206.43851280212402,12.502013310907994,13.04140900022936,-262.90430078606835,424.4479751586914,186.34142875671387,10.182335058544908,10.621648911539522,-173.00570603056323,390.64247131347656,200.11699676513672,10.201839487619713,10.641994853473415,63.270367504127734,371.7955017089844,207.21596717834473,16.93105024315933,17.661535429003397,-72.71438518305855,358.67366790771484,212.13664054870605,9.978220659746796,10.408728057004872,-65.06983973104057,418.00479888916016,169.59465980529785,6.243836191917319,6.513224669036476,-379.0036797909964,383.4586715698242,184.57767963409424,17.065445806167986,17.80172944907237,-108.7489501369098,364.87621307373047,195.10571479797363,20.607725200759376,21.49683944688727,-534.1766545783912,353.33621978759766,203.06829929351807,22.259399451620332,23.21977469779053,-349.64749933143463,412.25948333740234,155.30181884765625,13.978879478205739,14.581994124189062,-169.5768791515669,379.82410430908203,169.71231937408447,22.829981006676945,23.814973826317114,-83.02630118434652,362.7384948730469,179.90296840667725,28.81933339607785,30.062735063983343,-149.2071790455621,352.22389221191406,188.19899082183838,27.363124231625026,28.54369818318416,-163.48428494254117,407.9656219482422,144.7412109375,27.601727392528648,28.792595807327363,-368.25917241100035,381.41162872314453,152.50442504882812,55.58363315798738,57.98177267173111,219.34766725435003,365.87867736816406,159.10805225372314,50.282962561261336,52.45240620024609,159.96242518455458,354.1358947753906,165.39673805236816,29.319465893887752,30.584445631396868,-1.1161251136790895,7.35286473917332,9.776903873554007,8.085407681080076,9.993467595942827,10.979370464841072,8.358172633272316,4.400594884918522,5.055222024450453,3.0160494425281628,8.378840611385261,8.276494268861807,8.230951327900208,10.682205865684736,8.834671134406092,10.072409555947006,8.62261326184478,11.147491417325933,10.68691595435189,13.873867169680604,14.019822255957024,10.742091854036849
12,0.48,451.1715316772461,156.6297483444214,13.450028884667079,14.030326427248273,-385.7976343074836,445.8085632324219,182.7515745162964,16.399034451002834,17.106565971880816,91.19663603305632,426.8535614013672,199.95519161224365,12.63869747333198,13.1839903606627,285.3608647137192,402.63633728027344,206.15910530090332,3.947181845581007,4.11748184603104,-25.407310310309626,384.8553466796875,205.97105026245117,13.567059416949606,14.152406207444901,27.774930180388544,425.4257583618164,185.99255561828613,25.953955130068834,27.073730894967817,411.3020495857073,390.7578659057617,199.9660348892212,4.7503552438602235,4.955307924485489,-142.16717322469813,371.6719055175781,207.05736637115479,5.026817741588071,5.243698315411412,-310.44592783979965,358.3989715576172,211.98406219482422,7.855660333092028,8.19459048898505,-55.35343920049556,418.9506149291992,169.08475399017334,26.862752114835587,28.021737658500665,537.7128247366047,383.8515090942383,184.82364177703857,11.58713446968067,12.087057980326719,-142.86678671864124,365.27217864990234,195.2533721923828,10.56502022113638,11.020844912980365,-261.89986334767264,353.8605499267578,202.9431438446045,13.47650690146716,14.057946830299956,-229.04569668726435,413.1256866455078,154.94005680084229,23.46779641189026,24.48030758970196,247.45783663782248,380.4393005371094,170.34170150756836,22.00267411202273,22.95197301888063,-21.57502018591213,363.80149841308594,180.81223011016846,34.97082151211311,36.47962732654963,160.42230656415722,353.66954803466797,189.30531978607178,45.51019483975553,47.47371881835515,473.2505158792749,408.6845397949219,144.70521926879883,17.995455511226535,18.771864149478496,-250.51829144622167,382.6219940185547,152.58772373199463,30.33070658333099,31.639316003131047,-658.5614167150015,366.99798583984375,159.40300941467285,28.937985218064043,30.186506083951322,-556.6475029073691,354.7968292236328,165.90409755706787,20.83038663650919,21.72910754483099,-221.383452164147,7.914077796263252,10.461166512429237,8.612767295506584,10.158166869784068,11.54546671313887,9.44112186907103,4.598807201897943,5.26496995706691,3.343833062087565,9.499710117725286,8.759976588074876,8.67178512441942,11.244523738896735,9.813883437994171,10.99048847670223,10.081798354906764,13.046440170060139,11.437790520331031,15.139439809805847,15.227282499315077,11.611256155830088
13,0.52,450.48648834228516,156.79636001586914,17.625333681894816,18.3857735226179,108.88617738424067,445.5013656616211,182.6431703567505,8.144085634401875,8.49545981513704,-215.27765391859438,426.52862548828125,199.55482006072998,12.890905875714687,13.447080220429328,6.577246494165712,402.43839263916016,205.4051685333252,19.487219055890474,20.327989393771762,405.26268869351804,384.9144744873047,206.1174488067627,3.9472008602733455,4.11750168110669,-250.8726131584553,424.89837646484375,186.51891231536865,18.62765145251302,19.431335998817243,-191.05987240376433,390.49999237060547,200.04813194274902,6.765661753107259,7.057564240672876,52.556407904684654,371.7704391479492,207.08624839782715,2.5669836115091424,2.677735364860624,-64.14907376376969,358.75553131103516,211.99517726898193,8.918323925737608,9.30310238996443,27.7127975244845,418.41156005859375,169.77732181549072,21.94069202116708,22.887316728934703,-128.36052323914907,383.2929992675781,185.15301704406738,16.209975574593273,16.909350205822587,120.55730563739671,365.0100326538086,195.50188064575195,9.030399169745582,9.420013087430512,-40.02079563874634,353.770751953125,203.17068099975586,6.115392109410107,6.3792389043457405,-191.9676981488554,412.79014587402344,155.44349670410156,15.125296392179397,15.777872858925859,-217.56086826940256,379.9004364013672,170.64062118530273,15.405508968506956,16.070175124490337,-172.04494735975732,363.22731018066406,181.00347518920898,15.129995177398742,15.78277437185228,-517.4213238674338,352.93128967285156,189.33091163635254,18.467545038401774,19.264321840532585,-705.2349244455642,408.54454040527344,144.88117218017578,5.621346375867225,5.863877712854327,-322.6996609156042,382.5926971435547,153.29691410064697,17.744881055427168,18.51047873244025,-328.22093176726986,367.0432662963867,160.24011611938477,20.958261420296463,21.862499448575857,-208.10016588438663,354.85206604003906,166.78765296936035,22.13200838827716,23.086887384466134,33.94449599087865,8.649508737167968,10.80098490503472,9.150650504323757,10.971286445534938,11.710166780383139,10.218375309023719,4.881109771524858,5.372079371661336,3.7159571576861423,10.415202786882674,9.43635059630778,9.04858564791664,11.499693295070564,10.444998352351204,11.633295481681843,10.713109329780856,13.817013043681444,11.672345628845205,15.879858959103458,16.101782477258112,12.534731651208734
14,0.56,451.2301254272461,156.66309356689453,18.88709977324971,19.70197814108705,32.90511546172876,445.7603454589844,182.16174602508545,13.666563269560852,14.256203124527815,144.01858273476935,426.8730163574219,199.2820644378662,10.982961251161898,11.456817885892201,-49.75655836342816,403.2046890258789,204.82403755187988,24.043234104080664,25.080572371971506,118.81457445499359,386.2299346923828,203.97544384002686,62.84216751446232,65.55347435936362,1535.8993169564233,425.03368377685547,186.9885492324829,12.21850294124706,12.745666659007526,-167.14173349524293,390.95184326171875,200.5048942565918,16.06239862121452,16.75540608817068,242.44604618744515,372.17018127441406,206.97659969329834,10.362691677222461,10.809786963513933,203.30128996633272,358.92921447753906,211.62950992584229,10.12047578444416,10.557120737241286,31.35045868192141,418.7648391723633,170.4360866546631,18.687851092948982,19.494132935044075,-84.82959484726571,384.4584274291992,185.31662464141846,29.421402135716967,30.690779882415555,344.5357419148242,365.8931350708008,195.15244960784912,23.743050682611504,24.76743762502224,383.6856134397932,354.1012954711914,202.92038440704346,10.365429370603602,10.812642773871255,110.83509673813788,413.3470153808594,155.94403266906738,18.718972659242766,19.52659723216739,93.71810933103828,380.8255386352539,170.43216705322266,23.707425897852342,24.73027581939658,216.50251737265611,364.13387298583984,179.6682357788086,40.34786551676684,42.08866231419735,657.6471985586268,353.74244689941406,187.534761428833,49.270500899226086,51.39626217741631,803.2985084220933,409.1566467285156,145.13131141662598,16.531103044052976,17.244332625556428,284.5113728175525,383.1241989135742,152.79664993286133,18.247574652268145,19.034860896749706,13.109554107736354,367.46368408203125,159.15470123291016,29.09979156139847,30.355293514405798,212.3198516457485,355.0729751586914,165.4101276397705,34.87815283566995,36.38296048730136,332.40182757088064,9.43758786281145,11.371233030015834,9.608923219759445,11.9745093404138,14.332305754757684,10.72820197538402,5.551326015051685,5.804470850201893,4.138241987175794,11.194968104284436,10.663981791604401,10.03928315291753,11.932199006025414,11.226062241637898,12.622506514457706,12.39665582234875,15.872863530778096,12.362118933867462,16.641253394973447,17.315994217834344,13.990050070700788
15,0.6,450.4652404785156,156.8940782546997,19.97502989351434,20.836846686592487,28.37171363763593,445.4034423828125,182.36140251159668,10.223823843936657,10.664927718381334,-89.78188515366203,426.98558807373047,199.41364288330078,4.3290644641510525,4.51584067792456,-173.52443019919104,403.5594177246094,205.17637252807617,12.499309609790735,13.038588648722152,-301.04959308123387,386.4398193359375,204.29672241210938,9.593991755242605,10.00792170936027,-1388.638816250084,425.76663970947266,186.59138202667236,20.841158025198723,21.74034366191927,224.86692507279358,391.2431335449219,200.43408393859863,7.494336621027982,7.817677571575422,-223.44321291488143,372.17174530029297,206.99116230010986,0.3661588573427841,0.38195667361012176,-260.6957572475953,358.7721633911133,211.64480209350586,3.9448458572047747,4.115045072122981,-161.05189162795764,419.35909271240234,170.0011396408081,18.41052984555174,19.204846743946703,-7.232154777434285,384.78641510009766,185.20756244659424,8.641125310154111,9.01394412159436,-541.9208940205299,366.21826171875,195.10830402374268,8.202749912483407,8.556655146251984,-405.2695619692564,354.7013473510742,202.74192810058594,15.650657172011925,16.325900175174,137.83143503256858,413.50250244140625,155.74509143829346,6.312380657255627,6.5847264651831,-323.5467691746073,380.8538055419922,170.81756114959717,9.660733264641365,10.077542761563315,-366.31832644583164,364.33467864990234,180.66478729248047,25.41453612257765,26.511038812961118,-389.4405875309058,354.4955062866211,188.9231014251709,39.48564918179233,41.18924590889961,-255.17540671291758,408.83899688720703,145.45372009277344,11.315055681992167,11.803240433321195,-136.02730480588085,382.5695037841797,153.33303451538086,19.290462457822706,20.122743790117134,27.197072334185712,366.8773651123047,160.0338077545166,26.417302693880874,27.557069453219103,-69.95560152966735,354.8170471191406,166.62604808807373,31.064063824118136,32.40431372650095,-99.46616902001023,10.271061730275148,11.797830138751085,9.789556846876428,12.496052886362685,14.732622623132094,11.59781572186079,5.864033117914702,5.819749117146298,4.302843790060713,11.963161974042304,11.024539556468175,10.38154935876761,12.585235013032374,11.489451300245223,13.02560822492024,13.457097374867194,17.52043336713408,12.83424855120031,17.44616314657813,18.418276995963108,15.286222619760826
16,0.64,450.6013488769531,156.8456268310547,3.6118759476941484,3.767709273743315,-426.7284353212293,445.538330078125,182.35592365264893,3.374972985270328,3.5205852026435522,-178.60856289344454,427.0606231689453,199.56238746643066,4.1649742289406255,4.344670817750448,-4.279246504352807,403.57303619384766,205.81995964050293,16.093279536545026,16.787619351515648,93.72576756983739,386.27437591552734,205.54275512695312,31.424204960287955,32.77999304612702,569.3017834191687,425.4242706298828,186.6538953781128,8.700736526564555,9.076127246414062,-316.6054103876302,391.1879348754883,200.36709308624268,2.1700615496191564,2.2636882172859822,-138.849733857236,372.2220230102539,207.07809448242188,2.5106090446897786,2.618928533927192,55.92429650792676,358.8045120239258,211.7749786376953,3.3533907002788417,3.4980717563102393,-15.424332895318537,419.0899658203125,170.1452922821045,7.63254823267855,7.96185228258323,-281.07486153408684,384.5721435546875,185.29460906982422,5.781944406306954,6.031404698109446,-74.56348558712284,365.88462829589844,195.47910690307617,12.470115180042965,13.008134633884643,111.28698719081646,354.1575622558594,203.21338176727295,17.992546887712365,18.768830034257803,61.07324647709511,413.3614730834961,155.98533153533936,6.964399831516966,7.264876815056336,17.00375874683091,380.73177337646484,170.9225034713745,4.023737404710993,4.197340372256116,-147.00505973267997,364.06707763671875,180.9942626953125,10.611442624833558,11.06927019763915,-386.04421538304916,353.9622497558594,189.3067502975464,16.423097014475672,17.131666707581477,-601.4394800329533,408.8591766357422,145.86081504821777,10.189870123042786,10.629509074180222,-29.343283978524326,382.6377868652344,153.61038208007812,7.140739230019578,7.448824325072224,-316.84798662612275,366.85386657714844,160.01303672790527,0.7840666031092394,0.817894926223323,-668.4793631748945,354.55230712890625,166.1670684814453,13.246450980594629,13.81796521434652,-464.65871280386074,10.421770101224881,11.938653546856827,9.963343679586446,13.167557660423313,16.043822344977176,11.960860811717353,5.954580646606141,5.924506258503386,4.442766660313123,12.281636065345634,11.265795744392554,10.901874744122997,13.335988214402686,11.780046372847476,13.193501839810486,13.899868182772758,18.20570003543734,13.25942891416752,17.74411611958102,18.45099279301204,15.838941228334688
17,0.68,450.4604721069336,157.24282264709473,10.53597351371862,10.99054499390937,180.5708930041514,445.1838684082031,182.9069709777832,16.38017532685178,17.086893176361922,339.15769934295923,426.90513610839844,199.70921516418457,5.34641227981555,5.577081666045621,30.810271207379337,403.63651275634766,205.53284168243408,7.35127522238663,7.668443830942713,-227.97938801432335,386.49356842041016,204.82675552368164,18.719989083893132,19.52765751016052,-331.3083883991625,425.323486328125,187.11719512939453,11.853378606396635,12.364789142058598,82.2165473911134,390.97808837890625,200.4411506652832,5.563276751446511,5.803302691557598,88.4903618567904,371.98143005371094,207.0658779144287,6.022572917346998,6.282415055525352,91.58716303995399,358.54740142822266,211.6695499420166,6.947169760742951,7.246903357943572,93.72079004083332,419.1590881347656,170.53072929382324,9.789649647651995,10.212021204023854,56.254223036015595,384.7325134277344,185.34250259399414,4.184217806120227,4.364744653410796,-41.66650111746626,365.92525482177734,195.29304027557373,4.761256693032951,4.966679713478284,-201.03637301015897,354.0761184692383,202.7566909790039,11.597401822956458,12.097768315541495,-166.7765429679077,413.5239028930664,156.3099718093872,9.075198020253888,9.466744771175337,55.046698902975024,381.1344909667969,170.87366580963135,10.141701495785158,10.579262225658775,159.5480463350665,364.38133239746094,180.74931621551514,9.961012518007696,10.390777475048786,-16.962318064759117,354.1794204711914,188.86423587799072,12.32330442476044,12.854989771720604,-106.91692339652184,409.0137481689453,146.0423469543457,5.9606098586472385,6.217778618872086,-110.29326138270339,382.96634674072266,153.45966339111328,9.036997392115238,9.426895988164754,49.45179157731323,367.1150588989258,159.81768608093262,8.154113387888765,8.505920213100456,192.20063217192833,354.65747833251953,165.97234725952148,5.532705957360228,5.771412929546774,-201.16380711999363,10.861391900981257,12.622129273911304,10.186426946228272,13.47429541366102,16.824928645383594,12.455452377399697,6.186712754268445,6.1758028607244,4.732642794630865,12.690116913506587,11.440385530528985,11.100541932662129,13.819898947024347,12.15871616369449,13.616672328836836,14.31549928177471,18.719899626306162,13.508140058922404,18.12119195910761,18.79122960153606,16.06979774551656
18,0.72,450.85941314697266,157.25947380065918,9.982209623327263,10.412889123246458,-14.441396766572812,445.54439544677734,182.68614292144775,10.56955462661473,11.025574954050185,-151.53295555779343,427.55855560302734,199.3070411682129,19.18171262877946,20.009301981666926,360.8055078905326,404.7977066040039,204.75008010864258,35.00970252336556,36.52018584760346,721.2935504165185,388.15975189208984,203.46909999847412,53.73194979726379,56.05019897671305,913.0635366638131,425.79761505126953,186.90600872039795,12.975884975974067,13.535725718989717,29.273414423277977,391.12545013427734,200.54091453552246,4.448898511932866,4.640844930472595,-29.06144402712507,372.01732635498047,207.06952571868896,0.9020292819367332,0.9409470701535962,-133.53669963429388,358.5469436645508,211.5622043609619,2.6836639273048624,2.7994498185830694,-111.18633848401257,419.45343017578125,170.39986610412598,8.053043350458664,8.400489538615059,-45.28829163521988,384.87117767333984,185.46934604644775,4.698206735000455,4.900909483540066,13.404120753231762,365.9918975830078,195.31805992126465,1.779613773919839,1.8563946870765835,-77.7571256600425,354.3153381347656,202.66672611236572,6.389430999913078,6.66510112222549,-135.81667983290012,413.7137985229492,156.20909214019775,5.375700995240273,5.6076340344879,-96.47776841718594,381.01696014404297,170.9553623199463,3.578391232003693,3.7327798698372563,-171.16205889553797,364.39441680908203,180.55904388427734,4.768042173034351,4.973757951019746,-135.425488100726,354.6099853515625,188.4301471710205,15.285187309288348,15.9446622226534,77.24181127331993,409.2250442504883,145.92378616333008,6.05715977385769,6.318494151793361,2.5178883230318805,382.97298431396484,153.1133508682251,8.659403158118206,9.033010561936075,-9.847135655716954,367.0555114746094,159.3635129928589,11.451503440409764,11.94557519016678,85.9913744266581,354.7336196899414,165.3969383239746,14.51062002072175,15.136676456106331,234.13158816398888,11.277907465911117,13.06315227207331,10.986799025494948,14.935102847565158,19.066936604452117,12.996881406159286,6.3723465514873485,6.213440743530543,4.844620787374188,13.026136495051189,11.63642190987059,11.174797720145193,14.086502991913367,12.383021525074005,13.765983523630327,14.5144495998155,19.3576861152123,13.760879824994138,18.482512381585053,19.269052609142733,16.67526480376081
19,0.76,450.54229736328125,157.23129272460938,7.959137567661603,8.302532218422906,-52.75892262058881,445.4230499267578,182.56962776184082,4.205689423792465,4.387142657715901,-165.9608074083571,427.6834487915039,199.2564868927002,3.3684235278219976,3.5137531707788323,-412.38872027220236,404.8929977416992,204.87366199493408,3.9013526134080414,4.069675325107514,-811.2627630623987,388.19835662841797,203.80578517913818,8.472279672030297,8.837813688046015,-1180.309632216676,425.9459686279297,186.58751964569092,8.783652230692601,9.16262032422357,-109.32763486915368,391.4750289916992,200.43992042541504,9.096880915758078,9.48936316883235,121.21295595899386,372.50858306884766,207.25848197937012,13.158591000041364,13.726314540758803,319.63418676513015,359.16778564453125,212.02414512634277,19.346091899055526,20.180773347239622,434.5330882164138,419.49230194091797,170.17830848693848,5.623543803657475,5.8661699480206515,-63.35798976486018,384.8087692260742,185.28692722320557,4.819974154700595,5.0279305227695295,3.175525980736582,365.85086822509766,195.28759002685547,3.6070845444986377,3.762711146865371,47.657911494719684,354.0374755859375,202.94222831726074,9.782288233820841,10.20434218415685,88.481026548284,413.67237091064453,156.1338186264038,2.1480149179176413,2.2406903901403323,-84.17359110868918,381.3636016845703,170.89991569519043,8.776199555330995,9.154846105374208,135.5516558884238,364.5287322998047,180.62790870666504,3.7735108661030763,3.9363178831942705,-25.93600169563688,354.2531967163086,188.71922492980957,11.479984779847607,11.975285348622554,-99.23442185077116,409.1745376586914,146.00677013397217,2.428638404340922,2.5334212943958256,-94.62682143493839,383.1375503540039,153.42873573303223,8.893452454037089,9.277157845928384,6.103682099807717,367.24571228027344,159.74608898162842,10.681196493670635,11.142033576642993,-20.088540338094685,354.8295593261719,165.88003635406494,12.313308868790966,12.844562960427028,-57.302837391982564,11.610008754648034,13.238637978381947,11.1273491523261,15.09788986056946,19.42044915197396,13.363386219128229,6.751921078240643,6.762493325160896,5.651851721263773,13.260783292972015,11.83753913078137,11.325306166019809,14.494676679279642,12.472649140679618,14.132177367845294,14.67190231514327,19.8366975291572,13.862216676769972,18.85359869542219,19.71473395220845,17.189047322177895
20,0.8,450.5481719970703,157.04950332641602,4.5471073646920965,4.743290975315546,-88.98103107768401,445.634765625,182.5537347793579,5.307784599904835,5.536787406239799,28.741118713097435,427.17342376708984,199.76539134979248,18.012309540578052,18.78944534097213,381.8923042548324,403.5972213745117,205.9025001525879,41.36381531911465,43.14844497212812,976.9692411755152,386.39305114746094,205.43181896209717,60.74081073965738,63.36145516420539,1363.0910369039843,425.9900665283203,186.85675621032715,6.820600805463392,7.114873622293532,-51.19366754825094,391.2891387939453,200.31500816345215,5.599008774421158,5.840576362160027,-91.21967016680807,372.2811508178711,206.91176891326904,10.366272805035628,10.813522598033922,-72.81979856812204,358.81237030029297,211.54784202575684,14.857336372727485,15.498351783201777,-117.06053910094613,419.89063262939453,170.3251075744629,10.613002328518215,11.070897194280807,130.11818115650388,384.9937057495117,185.11892795562744,6.246262462862063,6.515755620727927,37.19562744895995,366.2257766723633,195.1512908935547,9.972894438478795,10.403172037485911,166.0115222655135,354.39815521240234,202.823166847229,9.495572211330188,9.905255883156265,-7.477157525014633,414.1737747192383,156.1164379119873,12.542624040296202,13.083771867599461,271.07703693647824,381.2478256225586,170.61153888702393,7.76873863729024,8.103918582168603,-26.27318808014012,364.2753601074219,180.39419174194336,8.61760869787799,8.989412891994315,126.3273752200011,353.87290954589844,188.51374626159668,10.806242844679712,11.27247501570887,-17.570258322842093,409.4927978515625,145.9196376800537,8.249303565006178,8.605217342428363,151.79490120081343,383.2228088378906,153.46095085144043,2.2785443446305296,2.3768514705995085,-172.5076593832219,367.37552642822266,159.55195426940918,5.838450109844442,6.090348323616158,-126.29213132567085,354.9544143676758,165.48136711120605,10.444075670883354,10.894682245658428,-48.747017869215,11.799740393660654,13.460109474631539,11.878926965964986,16.823827659454583,21.954907358542172,13.64798116401997,6.9855441327270436,7.195034229082252,6.271785792591844,13.703619180743246,12.098169355610487,11.741433047519244,14.890886914605892,12.996000015383597,14.456334111132039,15.031478830823044,20.287596529785556,14.206425370467107,18.948672754246168,19.9583478851531,17.624834612004232
21,0.84,450.65067291259766,156.92476272583008,4.036292785348026,4.210437451100068,-13.321338105386937,445.93616485595703,182.22325801849365,11.181915810048542,11.664356280739144,153.18922186248363,427.940673828125,199.40248489379883,21.218708607622716,22.134183553240625,83.61845530671239,404.8020935058594,205.3532838821411,33.10358142087605,34.531825710453,-215.41548154187797,387.8657531738281,204.20831680297852,47.86575492871982,49.93090885493886,-335.7636577316631,426.9054412841797,186.44994735717773,25.042518676559773,26.12297078358965,475.202429032403,391.4780044555664,200.8561134338379,14.327969844390044,14.946145891606971,227.6392382361736,372.14447021484375,207.35175132751465,11.518086649084504,12.015031111807598,30.03771284434191,358.34293365478516,211.79871082305908,13.306622355182377,13.880732665203428,-40.440477949958705,420.5357360839844,169.9299716949463,18.912476543361343,19.72844978448563,216.43881475512057,385.3424835205078,185.47119140625,12.392928230081344,12.927617475656097,160.29654637320425,366.21009826660156,195.4548740386963,7.599693185472021,7.9275797140227455,-61.88980808657914,354.1371154785156,202.86870002746582,6.62452890636984,6.910342258749094,-74.87284061017927,414.5140838623047,155.81972122192383,11.287468355902957,11.774462860157184,-32.732725186056925,381.05499267578125,170.86851596832275,8.032036077316356,8.378575912848133,6.866433266988237,363.94554138183594,180.55579662322998,9.18206571947439,9.578223245864855,14.720258846763512,353.6498260498047,188.48108768463135,5.63653422319573,5.879720835391339,-134.81885450793828,409.62013244628906,145.78006267547607,4.723298696159366,4.927084029987374,-91.95333281102471,382.97332763671875,153.20241451263428,8.981992687505763,9.369518121743583,174.81666627860187,366.8128967285156,159.3735122680664,14.756221713984718,15.392874562230295,232.56315596535342,354.25987243652344,165.3253698348999,17.79613097599737,18.563939815768492,191.7314392527516,11.968157891704656,13.926683725861103,12.76429430809461,18.205100687872704,23.952143712739726,14.692899995363558,7.583389968391321,7.675635473554556,6.827015099199981,14.492757172122673,12.615274054636732,12.058536236080153,15.167300604955855,13.466978529789886,14.791477147645965,15.414607760657638,20.52278536320121,14.403508731666602,19.323453479115912,20.57406286764231,18.36739220463497
22,0.88,450.4627990722656,156.95507526397705,4.757588008251742,4.962852744370602,18.810382331763353,445.63323974609375,182.21295833587646,7.577503944559176,7.904433124833262,-93.99807889764705,427.7561569213867,199.45459842681885,4.793374932921235,5.000183685385363,-428.34999669638154,404.62284088134766,205.46165943145752,5.236695229577766,5.46263090592675,-726.7298701131562,387.5783157348633,204.28753852844238,7.453873284413137,7.775468456196563,-1053.8860099685576,427.0255661010742,186.54197216033936,3.7830655584195014,3.9462848099020773,-554.4171493421893,391.38195037841797,200.8853244781494,2.5099390986894194,2.618229683303579,-308.1979052075848,372.1092224121094,207.42859840393066,2.113628507935222,2.204820388607137,-245.25526808001152,358.47850799560547,211.7547369003296,3.5631892113212293,3.716921962441095,-254.09526756905834,420.5996322631836,169.98968124389648,2.186314243209111,2.2806421285633816,-436.1951913980562,384.8250198364258,185.67498207092285,13.903670813663538,14.503540603922842,39.39807820666861,365.8201599121094,195.75904369354248,12.363532546195234,12.89695352362961,124.23434524017163,354.09912109375,203.09123039245605,5.643765178075121,5.887263767693456,-25.576962276390947,414.51061248779297,155.8416223526001,0.5543633543870645,0.578281198356501,-279.9045415450171,380.57239532470703,170.6381893157959,13.368586549446793,13.945370286414953,139.1698593391705,363.4564971923828,180.2620267868042,14.262383567261258,14.877729913830608,132.48766669914383,353.3412170410156,188.13436031341553,11.604400842352895,12.105069305572423,155.6337117545271,409.6738052368164,145.69182872772217,2.5819079644750094,2.693303624648177,-55.84451013347993,382.58384704589844,153.24952125549316,9.807974301828109,10.23113647001785,21.540458706856658,366.6832733154297,159.31815147399902,3.5237627917308405,3.6757945015669096,-292.9270015165846,354.5650863647461,165.33066272735596,7.6314954584462065,7.960754086716096,-265.0796432263099,12.16667200147948,14.242861050854433,12.964301655510026,18.423605924109776,24.26316245098759,14.85075138775964,7.688119155723465,7.763828289098842,6.9756919776976245,14.583982857265207,13.195415678793644,12.57441437702534,15.402791155663595,13.490109777724145,15.349291959102564,16.009716957210863,21.00698813542411,14.51124087665253,19.732698937916624,20.721094647704987,18.685822368103615
23,0.92,450.5017852783203,156.69078826904297,6.678675951948955,6.966825462693149,50.09931795806366,445.9925842285156,182.12244987487793,9.264186370081582,9.663886967803055,43.98634607424483,428.06053161621094,199.26680088043213,8.941192358901583,9.326957474955067,108.1693447392426,404.85496520996094,205.15584468841553,9.59831889564542,10.012435542963798,113.7451159259262,387.97279357910156,203.95576000213623,12.88627564777649,13.442250222667797,141.66954416178083,426.78783416748047,186.03469848632812,14.005424230344543,14.609684141856041,266.5849832988491,391.43383026123047,200.83683013916016,1.7753913573216369,1.851990095555435,-19.155989693703603,372.35015869140625,207.37197875976562,6.187491150842026,6.454448637726663,106.24070622798816,358.6956024169922,211.7885971069336,5.492978551552201,5.729971496493065,50.32623835129926,419.97203826904297,169.53954219818115,19.308343111834013,20.141395899689726,446.5188442781586,384.912109375,185.8224391937256,4.281368851951077,4.466087252556384,-250.93633378416146,366.18526458740234,195.9086036682129,9.863747067677865,10.289315535455739,-65.1909497043468,354.3588638305664,203.263578414917,7.793030948188287,8.1292589776796,56.04988024965358,413.72554779052734,155.6312370300293,20.31914987834732,21.19581362701672,515.4383107165055,380.6953430175781,171.17129802703857,13.677559933727935,14.267674236537907,8.057598753073858,364.0612030029297,180.83746433258057,20.868599114433295,21.768968688882538,172.28096937629823,353.9979553222656,188.681960105896,21.37713005152727,22.299440043774318,254.85926845504738,408.8313293457031,145.72025299072266,21.073881432863736,21.983107852598742,482.2451056987641,382.68436431884766,153.17373275756836,3.1471831233308727,3.2829674140697485,-173.70422639870253,366.8982696533203,159.35584545135498,5.456891356079668,5.692327329579732,50.41332070032056,354.5147705078125,165.40889739990234,2.3254501509656995,2.4257810141610063,-138.37432681387725,12.445345019987206,14.629416529566557,13.33737995450823,18.824103345828327,24.8008524598943,15.435138753433883,7.762198759545682,8.02200623460791,7.204890837557348,15.389638693252795,13.3740591688959,12.985986998443568,15.72796151477078,14.337942322804814,15.91999892856408,16.880475704766162,21.898965737175082,15.39056519075648,19.864017634479413,20.948787740888175,18.782853608670056
24,0.96,451.4518356323242,156.54849529266357,24.01617900330232,25.052349986822954,452.13811310324513,446.6680145263672,181.55985832214355,21.976057176844837,22.924207703858556,331.5080184013875,428.68885040283203,199.05986309051514,16.537981786571116,17.2515081493985,198.11376686108582,405.76446533203125,205.39169311523438,23.489558218478145,24.50300830303818,362.2643190018595,388.83907318115234,204.8266839981079,30.70982086084737,32.034787054709895,464.81342080105253,427.0396041870117,186.25877380371094,8.426071541463367,8.789611921268696,-145.50180551468364,392.06295013427734,200.38496017456055,19.364566215929166,20.200044733084237,458.70136593822,372.5080108642578,207.08470344543457,8.194678711592582,8.548235715771261,52.344676951114955,358.7348175048828,211.6666316986084,3.2028682405580886,3.3410550493110436,-59.72291117955054,420.7512664794922,169.87412452697754,21.200559230576697,22.115251126656982,49.346380674181404,385.3118133544922,185.30176162719727,16.410141671915582,17.118152410574865,316.30162895046203,366.1347961425781,195.5738639831543,8.463071275994524,8.828207998470095,-36.52768842464109,354.2478942871094,203.2375717163086,2.849406511403956,2.972343317752941,-128.92289149816648,414.69600677490234,155.80626010894775,24.6528867288936,25.716528280074073,113.01786632643385,381.07410430908203,171.05326652526855,9.918151016942156,10.34606672711895,-98.04018773547392,364.1075134277344,181.30654335021973,11.783987552896466,12.292404231952725,-236.91411142324532,354.0799331665039,189.49111461639404,20.332415449309167,21.209651537138285,-27.244712665900828,409.9073791503906,145.99977493286133,27.79406072240279,28.993227302182373,175.25298623959077,382.6504135131836,154.28771495819092,27.862485985966835,29.064604753629222,644.5409334889869,366.61216735839844,160.68461894989014,33.980633579740335,35.44671802690124,743.8597674330376,354.43485260009766,166.4353609085083,25.73924783372139,26.84976011543286,610.5994775317963,13.447439019460123,15.546384837720899,14.027440280484168,19.804223677949853,26.082243942082695,15.78672323028463,8.570200548869051,8.36393566323876,7.33853303952979,16.274248738319073,14.058785265318896,13.33911531838237,15.846855247480896,15.366603454007777,16.33384159764884,17.372171874044273,22.74735179866061,16.550294282843776,21.02660182462458,22.366656461964222,19.856844013287372
25,1.0,450.6720733642578,157.4160861968994,29.162724193446294,30.420941356364224,134.21478423853176,445.5641174316406,182.4510669708252,35.46866267593393,36.998947701042646,351.86849992960225,427.82962799072266,199.2062473297119,21.79007083163499,22.73019703245548,136.96722207642446,405.6354522705078,204.9502658843994,11.497346709302981,11.993396353420726,-312.74029874043634,389.2030334472656,203.72076988220215,29.10662625448105,30.36242308831236,-41.809099159938334,427.05554962158203,187.08994388580322,20.783075479956825,21.679755162336328,322.25358102669077,391.8650817871094,200.7652187347412,10.71647258317935,11.178831642664123,-225.53032726050284,372.13111877441406,207.19337940216064,9.806187809143676,10.229272899631686,42.025929596510636,358.2823181152344,211.40933990478516,13.013328859312628,13.574785107668257,255.84325145893035,421.0019302368164,170.58265686035156,18.78913227560571,19.599783864554833,-62.886681552553725,385.3608703613281,185.45147895812988,3.9387394161463662,4.108675170460101,-325.2369310028691,366.02779388427734,195.45247077941895,4.045506241080936,4.220048418672271,-115.20398949494559,354.2981719970703,202.67844200134277,14.034642101703993,14.640162609686676,291.6954822983434,414.8991394042969,156.2061882019043,11.213979686662126,11.697803543884017,-350.4681184047514,381.23626708984375,170.824613571167,7.007983879286561,7.310341283755382,-75.8931360840892,364.0217590332031,180.87234020233154,11.064757956498335,11.542143686036166,-18.756513647913977,354.14478302001953,188.8029384613037,17.28062361316698,18.026191039302628,-79.58651244589143,409.84527587890625,146.03528022766113,1.7884075122652803,1.8655678286780115,-678.1914868376091,382.3581314086914,154.4525671005249,8.389169261557065,8.751117503343295,-507.8371812571482,366.43890380859375,160.7339859008789,4.503981123742708,4.698304065377393,-768.7103490380961,354.6116638183594,166.3578701019287,4.826167734830385,5.03439132309341,-545.3842198084863,14.664276673714692,17.026342745762605,14.936648161782387,20.283959532086683,27.296740865615188,16.653913436778083,9.017353814575618,8.773106579224027,7.88152444383652,17.05824009290127,14.223132272137299,13.507917255129263,16.432461751868363,15.834515595763136,16.626255248999055,17.83385762148572,23.468399440232716,16.624916995990894,21.37664652475831,22.55458862457932,20.05821966621111
26,1.04,450.75904846191406,156.90939903259277,12.852445051560688,13.406960015322797,-425.3495335260357,446.3337707519531,181.8883180618286,23.836062070486015,24.86446196188582,-303.36214347892064,428.67218017578125,198.77185821533203,23.6984715651499,24.72093515464183,49.76845305465876,406.13330841064453,204.6049404144287,15.147409359406955,15.800939883624324,95.18858825508994,389.45091247558594,203.6918592453003,6.238982168946571,6.5081612206715,-596.3565466910215,426.8244934082031,186.40979290008545,17.958151650327515,18.732950824466496,-73.6701084467458,391.8642807006836,200.69266319274902,1.813999106470572,1.8922635646926191,-232.1642019492876,372.3358917236328,207.1553134918213,5.207024958031974,5.431680519236718,-119.93980950987422,358.45985412597656,211.58758163452148,6.2893336953154435,6.560685148844682,-175.35249897058938,420.3932571411133,170.0411081314087,20.3678356001022,21.2465998799255,41.17040038426669,385.3195571899414,185.73822498321533,7.242671340410831,7.555154266403274,86.16197739857931,366.2540817260742,195.8523988723755,11.487728966187813,11.983363655605999,194.08288092334317,354.2833709716797,203.29062938690186,15.309157092045394,15.96966617464156,33.23758912387209,414.2499542236328,156.07755661010742,16.545155733666224,17.25899161433224,139.02970176120553,381.2337112426758,171.2623929977417,10.944672182357305,11.416876846469139,102.66338906784391,364.20631408691406,181.47348403930664,15.720895342333993,16.399168750708043,121.42562661679692,354.0424346923828,189.60803031921387,20.289284115070146,21.164659314162016,78.46170687148471,409.300537109375,146.3232707977295,15.404522377347481,16.069145967145296,355.0894534616821,382.6552963256836,154.70290660858154,9.713935131584629,10.13304000741711,34.54806260184537,366.8250274658203,161.19120597839355,14.961234866157378,15.606732946589648,272.7107220303064,354.58606719970703,167.10981845855713,18.8095972498518,19.621131794099078,364.6685117751417,15.200555074327603,18.020921224238037,15.92548556796806,20.915997127431655,27.557067314442047,17.403231469756744,9.093044357163322,8.990373799993495,8.143951849790307,17.908104088098288,14.525338442793432,13.987251801353501,17.071248398854028,16.524875260336426,17.08293032285782,18.489824371514043,24.314985812799197,17.267682834676705,21.781968125054995,23.178857942442907,20.84306493797507
27,1.08,450.3861618041992,156.93825244903564,9.350032725282729,9.753437138764745,-91.3380719139513,445.7223892211914,182.13624000549316,16.493420398505716,17.20502417334388,-191.4859447135485,428.5489273071289,199.0343427658081,7.249543471387468,7.562322893450829,-428.965306529775,406.61643981933594,204.7734546661377,12.791916663785708,13.343820148049637,-61.42799338936715,390.30723571777344,203.4387445449829,22.323705822332542,23.286855547964205,419.46735818231764,426.76334381103516,186.33954048156738,2.3284484562475303,2.4289086804428677,-407.6010536005907,391.87191009521484,200.56298732757568,3.247502662563158,3.3876152103331942,37.38379114101438,372.3451232910156,207.1201229095459,0.9095324751020591,0.94877398638247,-112.07266332135619,358.46057891845703,211.55513763427734,0.8113023773467345,0.8463057799343151,-142.85948422275916,420.31131744384766,169.85057830810547,5.1850583142778826,5.40876613109497,-395.94584372076326,385.4133605957031,185.2072048187256,13.481039788050813,14.062675286942817,162.68802551348858,366.37561798095703,195.25166988372803,15.322499368827309,15.983584100033257,100.00551111068145,354.4792175292969,202.63874530792236,17.016696333260516,17.750876694486255,44.53026299611737,414.09374237060547,155.78394412994385,8.314536650275592,8.673264889986402,-214.6431681086459,381.2901306152344,170.64990520477295,15.37702104878485,16.04045810184587,115.58953138441832,364.1180419921875,180.8923101425171,14.695982891103409,15.330036753043027,-26.7282999416254,353.82164001464844,189.11510467529297,13.502915892286444,14.085495229265193,-176.97910212242056,409.0370178222656,146.02141857147217,10.017396779326456,10.449594418747942,-140.48878870993383,382.4711608886719,154.1338062286377,14.953701498620006,15.598874554124318,136.6458636676802,366.68983459472656,160.5065631866455,17.446576753892344,18.199304179502516,64.81428082282167,354.57515716552734,166.3115930557251,19.9574989441964,20.818559369619464,29.935689388009656,15.590692559878194,18.70912219117179,16.227978483706092,21.44974993335364,28.488541536360618,17.50038781697446,9.22854896557665,9.028324759448795,8.177804080987679,18.124454733342088,15.087845454271143,14.626595165354834,17.781283466633475,16.871805855935882,17.72454864693166,19.103025841635763,24.878405621969804,17.685666611426626,22.40592310721997,23.906830109623005,21.675807312759847
28,1.12,450.07320404052734,157.1841859817505,9.950686670906947,10.380006122310167,15.664224588635545,445.47760009765625,182.01656341552734,6.811947279731998,7.105846742738168,-252.47943576514277,428.1783676147461,198.95183086395264,9.490873891752907,9.900354855961895,58.45079906277666,405.94593048095703,205.15660285949707,19.306496816613823,20.139469946604983,169.89124496388365,389.2523956298828,204.38820362091064,35.480277513382774,37.011063657239035,343.10520273187075,426.75697326660156,186.40082359313965,1.5403334866919138,1.6067907221928592,-20.552948956250212,391.8978500366211,200.5142641067505,1.3799530806653422,1.439490750692232,-48.70311149102405,372.39646911621094,207.17373847961426,1.8559066380651301,1.935979184419069,24.680129950914974,358.50475311279297,211.71589851379395,4.167989610425245,4.347816296982846,87.53776292621328,420.2877426147461,169.9536895751953,2.644298816326477,2.758386311462931,-66.25949549080099,385.6182098388672,185.05949020385742,6.313815203115072,6.586222904101964,-186.91130957102132,366.5668487548828,195.18357753753662,5.07480150511473,5.293752324310559,-267.24579439306746,354.5977020263672,202.6375436782837,2.9622647543511182,3.090070796417279,-366.52014745172437,413.944091796875,155.92157363891602,5.082886480496252,5.302186123578331,-84.27696916020177,381.2816619873047,170.68419456481934,0.8829913191115701,0.9210877200185675,-377.9842595456826,364.02103424072266,180.73333740234375,4.655832092822205,4.856706599881099,-261.8332538290482,353.58386993408203,188.7403392791748,11.095711822032863,11.574433047000266,-62.77655455662319,408.7868118286133,146.23290538787842,8.190303442684815,8.543671677172583,-47.64806853938399,382.2532653808594,154.40378665924072,8.673518794060147,9.047735212841427,-163.77848353207227,366.5572738647461,160.66333293914795,5.132561643116882,5.35400450648817,-321.1324918253586,354.56241607666016,166.19762420654297,2.866970736838407,2.990665346530742,-445.6973505772181,16.0058928047706,18.993356060881318,16.623992677944567,22.25532873121784,29.968984082650177,17.564659445862173,9.28612859560434,9.105763926825556,8.351716732866993,18.234790185800602,15.351294370435223,14.838345258327257,17.904886298490165,17.083893300879016,17.761392155732402,19.297294105631007,25.341382943849815,18.02741347851353,22.767832515733627,24.120990289882535,21.795433926621076
29,1.16,450.16429901123047,157.1760892868042,2.2863521924203387,2.3849961856870854,-199.87524841557703,445.7354736328125,181.8462324142456,7.7262300853820856,8.059576011283797,23.843231713640712,428.36669921875,198.75047206878662,6.892666277346597,7.190048337777429,-67.75766295461165,405.9660339355469,204.65509414672852,12.547787102444067,13.08915768854601,-176.25780645147432,389.4817352294922,203.4740924835205,23.56103541137462,24.577569358411388,-310.8373574706912,426.49295806884766,186.5379810333252,7.437917553122904,7.758824319570014,153.80083993442886,391.7369842529297,200.48840045928955,4.073291714221586,4.249032687884011,70.23854842979446,372.3570251464844,207.2135353088379,1.4008065453616743,1.4612439319929933,-11.868381310651893,358.5331726074219,211.7315912246704,0.811606758848901,0.8466232938869194,-87.52982507739817,419.9268341064453,170.13709545135498,10.12091481703206,10.557578711761137,194.97981000745514,385.2256393432617,185.1115322113037,9.900125143115709,10.327263132264981,93.52600570407543,366.32129669189453,195.25350093841553,6.3828430983121205,6.6582289875464795,34.111916580898004,354.33528900146484,202.72898197174072,6.94719175048146,7.246926296422885,103.92138750014013,413.6384963989258,156.1236047744751,9.158504482959867,9.553645466726758,106.28648357871067,381.0059356689453,170.51273345947266,8.117262210973623,8.467479102989746,188.65978457427946,364.0061569213867,180.38615226745605,8.687593615236997,9.062417288040647,105.1427672039887,353.8451385498047,188.34674835205078,11.810353177296957,12.319907393467776,18.63685866168776,408.5612106323242,146.33319854736328,6.1722472410030855,6.438547033878683,-52.628116082347496,382.1709442138672,154.26801681518555,3.9694320350746,4.140692013409871,-122.67607998578892,366.72210693359375,160.48295974731445,6.108622436663777,6.372177156058722,25.454316239263797,354.9852752685547,166.07678890228271,10.994631272960117,11.46899140735049,211.95815152049371,16.101292652198087,19.31573910133267,16.911594611455666,22.778895038759682,30.952086856986636,17.875012418644975,9.4560899031197,9.164213684105276,8.38558166462247,18.65709333427105,15.764384895725822,15.104674417829115,18.19476335034708,17.466039119548086,18.10009131985199,19.65979079715263,25.83417923958853,18.284955359868675,22.93346019627002,24.37587737612488,22.254193582915097
30,1.2,450.36304473876953,157.28549480438232,5.671718847248198,5.916423489706001,88.2856826004729,445.7927703857422,181.91973209381104,2.32984988686322,2.4303705753705196,-140.73013589783193,428.23081970214844,198.88353824615479,4.754593212834432,4.959728739385335,-55.757989959802345,405.67577362060547,205.03819942474365,12.016153306927604,12.53458670919621,-13.864274483744987,389.04483795166016,204.08286094665527,18.73296347825978,19.54119168095828,-125.90944193632767,426.8987274169922,186.53414726257324,10.144686469151484,10.582375984823555,70.58879163133854,391.84410095214844,200.39528846740723,3.548224052590796,3.7013111363362587,-13.693038788693801,372.4034118652344,207.12364196777344,2.528900507646764,2.6380091766766647,29.419131117091784,358.5737991333008,211.68917655944824,1.4683150272714862,1.5316650475106266,17.12604384059268,420.28785705566406,170.18145561218262,9.093452099287498,9.485786417083052,-26.79480736695212,385.45066833496094,185.29661178588867,7.284079215732983,7.5983486723343185,-68.22286149826657,366.33338928222656,195.3419065475464,2.2307205207534153,2.326964301899071,-108.28161714118521,354.2058563232422,202.75826454162598,3.3175939220855577,3.4607305366443004,-94.6548939944646,413.85616302490234,156.25318050384521,6.332881932117211,6.606112261522219,-73.68833013011347,381.36566162109375,170.80455780029297,11.580268955865995,12.079896255936633,90.3104288236722,364.0895080566406,180.5921745300293,5.556110623893802,5.795827383538117,-81.66474761256326,353.60286712646484,188.52521896362305,7.522765522153916,7.847333029283734,-111.81435910460105,408.61751556396484,146.61704063415527,7.234318193577758,7.546440725505503,27.697342290670512,382.5313186645508,154.4690179824829,10.315983168135398,10.761063229532315,165.5092804030611,367.06798553466797,160.55952072143555,8.856268593467757,9.238369698625016,71.65481356415735,355.22682189941406,166.096773147583,6.0592978625692195,6.320724487713856,-128.70667299091585,16.337949591786327,19.41295392434749,17.10998376103108,23.280278507127534,31.733734524224964,18.298307458037915,9.604142348573152,9.269734051172343,8.446848266522894,19.03652479095437,16.068318842619195,15.197752989905077,18.333192571812855,17.730283610008975,18.583287170089456,19.891623892494156,26.14807256075988,18.586812988888894,23.36390272545131,24.74541216406988,22.50702256242365
31,1.24,450.23529052734375,157.25064754486084,3.310539045342625,3.4533712793180817,-61.57630525969798,445.7728958129883,182.07587242126465,3.935003216284573,4.10477777335353,41.86017994957526,428.5592269897461,198.83082389831543,8.315277694377466,8.674037906218222,92.85772917082218,406.25316619873047,204.72405910491943,16.432938146697488,17.141932432560193,115.18364308409956,389.71923828125,203.61265182495117,20.553473287449382,21.440246850724915,47.476379244165834,426.5370178222656,186.67553901672363,9.709063390042399,10.127958076018093,-11.360447720136557,391.59210205078125,200.5067253112793,6.88846937200301,7.185670358186476,87.10898054625544,372.2587585449219,207.13522911071777,3.6279164956489836,3.7844418864245286,28.660817743696597,358.54248046875,211.68156623840332,0.8057510997708687,0.8405149941192415,-17.27875133478463,419.8489761352539,170.22674560546875,11.030289144893365,11.506187727686637,50.51003276508963,385.1784133911133,185.3722858428955,7.0644053780805,7.369197071529636,-5.728790020117058,366.12693786621094,195.31319618225098,5.210954342191826,5.435779435521101,77.72037834055075,354.0332794189453,202.67809867858887,4.757188868779106,4.962436384142747,37.54264618746117,413.5268783569336,156.21708869934082,8.281417862890137,8.638717202254501,50.81512351830704,381.50779724121094,170.81275463104248,3.559294394647763,3.712859105047137,-209.1759287722374,364.39090728759766,180.50143718719482,7.869035908473417,8.208543149634506,60.317894152409735,353.88187408447266,188.35657596588135,8.150358247650837,8.502003058440788,16.36675072892635,408.43528747558594,146.44723892211914,6.226942347805635,6.495601944986554,-26.270969512973743,382.53326416015625,154.17802333831787,7.275028689199815,7.588907663494288,-79.30388915095068,367.00626373291016,160.37909030914307,4.767383617631976,4.973070982438119,-106.63246790467242,354.9892807006836,166.06544494628906,5.989953948624209,6.248388750985392,-1.8083934182115957,16.47608444295905,19.57714503528163,17.45694527727981,23.965955804429942,32.59134439825396,18.70342578107864,9.89156916290061,9.421111726629324,8.480468866287664,19.496772300061835,16.363086725480382,15.415184167325922,18.531690027178563,18.075832298099154,18.731801534291343,20.219965618479538,26.48815268309751,18.84663706668836,23.667459031991083,24.944335003367407,22.756958112463067
32,1.28,450.18016815185547,157.34570503234863,2.747089619825292,2.8656119939632547,-14.693982133870676,445.2217102050781,182.5774383544922,18.630854109207203,19.434676833193066,383.24747649598845,427.50179290771484,199.48194980621338,31.045649713136147,32.38510514411349,592.7766809473816,404.6476745605469,205.3677463531494,43.24303899047889,45.10874719639393,699.1703690958434,387.82421112060547,204.3399953842163,50.74542216289657,52.93481848545346,787.3642908682137,426.4527130126953,186.9989776611328,8.356130145510482,8.716652924346759,-35.282628791783345,391.6604995727539,200.64584255218506,3.875550584209918,4.042760074944167,-78.57275708105773,372.3695755004883,207.14598655700684,2.7834466372274997,2.903537624194104,-22.022606555760614,358.70452880859375,211.67969226837158,4.051479375625908,4.226279262351378,84.64410670580341,419.9266815185547,170.3182554244995,3.0012678126256174,3.130756630176048,-209.38577743776472,385.20286560058594,185.49203395843506,3.05547886215977,3.1873065995069663,-104.54726180056674,366.2247848510742,195.1605749130249,4.532334130101524,4.727880353861168,-17.69747704149833,354.19979095458984,202.27272033691406,10.956096801601914,11.42879437755278,161.6589498352508,413.665771484375,156.15961074829102,3.7579096339702662,3.9200435404870864,-117.96684154418537,381.0224151611328,171.04479789733887,13.449903370806776,14.030195498129363,257.93340982705564,364.0055847167969,180.90102195739746,13.87762299860861,14.476368963544147,156.69564534774102,353.7722396850586,188.91340255737305,14.187925203477292,14.800059065828284,157.4514001846874,408.49849700927734,146.2349510192871,5.537463252604197,5.776375476895633,-17.980661702273014,382.2671127319336,154.14186000823975,6.714925966982956,7.004639473970069,-14.606704738105481,366.53392791748047,160.45343399047852,11.953767855056586,12.469509655342476,187.4109668226089,354.36058044433594,166.2475347518921,16.363463677430833,17.06946050773911,270.52679391884294,16.590708922717578,20.354532108609355,18.75234948304435,25.770305692285696,34.708737137672095,19.05209189805251,10.053279565898377,9.537253231597088,8.649520036781718,19.622002565268875,16.49057898946066,15.604299381480368,18.988841802280675,18.23263403971864,19.29300935421652,20.799020377021304,27.08015504573064,19.077692085764184,23.947644610949887,25.443115389581102,23.43973653277263
33,1.32,450.71231842041016,157.06947326660156,14.98932738506323,15.636037508965874,319.26063787506547,446.2070846557617,182.05359935760498,27.89903787229711,29.102733660350758,241.7014206789423,428.50013732910156,199.0479040145874,27.215429136592295,28.389630826691345,-99.88685793555359,405.8469009399414,205.2348804473877,30.16410592440125,31.465527407744194,-341.0804947162434,389.11739349365234,204.37129497528076,32.33902745097583,33.73428528426275,-480.01333002976787,426.6844940185547,186.64692878723145,10.537458312266423,10.99209385365406,56.886023232682525,391.59942626953125,200.60906410217285,1.7823093782763497,1.8592065924906804,-54.58883706133716,372.28843688964844,207.23248958587646,2.9650303721715336,3.0929557360056004,4.73545279528741,358.75904083251953,211.80001258850098,3.302323063818572,3.444800821686268,-19.536961016627743,420.13065338134766,170.14050006866455,6.763943345935826,7.0557716933291585,98.12537657882775,385.32554626464844,185.45411109924316,3.210207215284575,3.348710661944806,4.035101560945997,366.34998321533203,195.30953407287598,4.864633960816693,5.074517163092717,8.665920230788737,354.49554443359375,202.67287731170654,12.439747907865332,12.976457174675392,38.691569928065306,413.9188766479492,156.16859436035156,6.331613593389249,6.604789200692669,67.11864150513956,381.32701873779297,171.06013298034668,7.62473375293427,7.953700649407455,-151.91237121804767,364.32979583740234,180.75595378875732,8.879668640948015,9.262779334275345,-130.33974073172004,354.0855026245117,188.72324466705322,9.161525953876986,9.556797298118433,-131.0815441927463,408.89888763427734,146.41563892364502,10.981825080819442,11.455632695814298,141.98143047296662,382.70240783691406,154.49987411499023,14.090243278868256,14.698162683295678,192.33808023314023,366.9590377807617,160.7809066772461,13.415400581928672,13.994204096567238,38.117361030619044,354.80674743652344,166.62137031555176,14.552019051801333,15.179861636212559,-47.23997178816375,17.216150423076215,21.518641455023385,19.887934716112003,27.028926788595463,36.05810854904261,19.491775652198672,10.127647829598006,9.660971461037313,8.78731206964917,19.904233433002045,16.624527415938452,15.807280068004077,19.50790008926769,18.496825607746345,19.611157380192815,21.169531550392318,27.462426937655376,19.535917393596755,24.535571118281712,26.002883553443795,24.046930998221132
34,1.36,450.1590347290039,157.48180389404297,17.250713563182508,17.994990529003662,58.9738255009447,445.2671813964844,182.82062530517578,30.328894443326014,31.637425678878238,63.36730046318699,428.02494049072266,199.4142723083496,15.000786685194614,15.647991217232953,-318.54099023645983,405.89393615722656,204.86300468444824,9.370962288062463,9.775269701378347,-542.2564426591462,389.7046661376953,203.50255966186523,26.215336675508215,27.346389670351847,-159.69739034777248,426.05342864990234,187.23737239837646,21.605369087542357,22.53752638590721,288.63581330632877,391.5528869628906,200.96933841705322,9.08169481103028,9.47352186408004,190.35788178973397,372.31212615966797,207.3445701599121,2.8639173991032214,2.9874802734365025,-2.6368865642274475,358.6861038208008,211.66884899139404,3.751974220701273,3.913852045557322,11.72628059677634,419.7267532348633,170.74626445770264,18.20174825663707,18.98705733474984,298.282141035517,385.3107452392578,185.5259370803833,1.833378356913338,1.9124789271991907,-35.90579336864039,366.39347076416016,195.12924671173096,4.636452003668406,4.836490362477553,-5.9506700153791,354.51717376708984,202.19558715820312,11.944499746190752,12.459841676643993,-12.915387450784976,413.85650634765625,156.61431312561035,11.251535230315644,11.736979410428981,128.3047552434078,381.45381927490234,170.97427368164062,3.8283641566537194,3.9935378028415482,-99.00407116414767,364.4448471069336,180.69705963134766,3.2312261989207633,3.370636503451429,-147.3035707705979,354.1999053955078,188.6524486541748,3.3634124645835692,3.508525906689988,-151.20678478571114,409.1943359375,146.59794330596924,8.679162822954238,9.053622751703088,-60.05024860278026,383.20301055908203,153.98497581481934,17.95347015483464,18.72806734722671,100.74761659827578,367.3690414428711,160.1703929901123,18.385285643701472,19.178513388428158,129.607732296523,355.00370025634766,166.04161262512207,15.307461269938685,15.967897186788546,19.700888764399682,17.93595004423636,22.784138482178513,20.513854364801322,27.419937576650597,37.15196413585668,20.39327670763496,10.506588704161206,9.780470671974772,8.943866151471463,20.663715726392038,16.701026573026418,16.00073968250318,20.00629375633345,18.966304784163505,19.770898892306477,21.304357010530374,27.60276797392298,19.89806230366488,25.28469381217078,26.77002408898092,24.685646885692673
35,1.4,450.5678176879883,157.10271835327148,13.937569613683323,14.538901957704898,-86.4022142824691,446.3391876220703,182.06262588500977,32.82301468355534,34.239154003723435,65.04320812112994,428.9207458496094,199.06720161437988,24.017250410158198,25.053467619212686,235.13691004949334,406.24053955078125,204.90365982055664,8.724489688357782,9.100905231390595,-16.85911174969381,389.6605682373047,203.77560138702393,6.914496027210509,7.212819925782345,-503.33924361423755,426.81488037109375,186.49839878082275,26.526999584689335,27.671499184136003,128.34931995571984,391.62830352783203,200.81987857818604,4.185234588837808,4.365805304919844,-127.69291397900489,372.38739013671875,207.36934661865234,1.980930833788604,2.0663975123160605,-23.02706902801105,358.69190216064453,211.82567596435547,3.923353173083213,4.092625092462788,4.469326172636645,420.03414154052734,170.12598037719727,17.306788967544946,18.053485290203902,-23.339301113648414,385.1365661621094,185.81504344940186,8.438040483554744,8.802097259848324,172.24045831622834,366.59446716308594,195.81178665161133,17.78799317505056,18.555450911791947,342.9740137328599,354.90345001220703,203.1653881072998,26.097452203359982,27.223419107305023,369.08943576652575,413.7839889526367,156.2344264984131,9.668654964100908,10.08580624041745,-41.2793292502883,380.8975601196289,171.3821840286255,17.244837977689688,17.988861443101886,349.88309100650844,364.3476867675781,181.54170513153076,21.255383913894,22.172441204820245,470.0451175342204,354.45011138916016,189.86884117126465,31.046475191353473,32.38596623734585,721.9360082663965,408.88145446777344,146.52265548706055,8.045304134022908,8.392416415961131,-16.530158393548923,382.9713439941406,154.0519380569458,6.028750864729053,6.2888595486311925,-310.9801949648879,367.2939682006836,160.36554336547852,5.227311731313002,5.4528425593876415,-343.1417707260129,355.01155853271484,166.4125156402588,9.274656299055376,9.67480861878478,-157.32721420009415,18.517506122544557,24.15370464232745,21.51599306956983,27.78397378590622,37.440476932887975,21.500136675000405,10.681220916357999,9.863126572467415,9.107571155169973,21.385855138000192,17.05311046342035,16.742957718974857,21.095230520625652,19.369737033780204,20.490453350030553,22.19125465872318,28.89820662341681,20.233758960303323,25.536248194116027,26.988137791356426,25.072639230444064
36,1.44,451.03397369384766,157.01557159423828,11.85579972547078,12.367314719603506,-54.289680952534795,446.3499450683594,182.71186351776123,16.23316871469084,16.93354400713202,-432.6402499147854,427.64488220214844,199.7931718826294,36.698610986100306,38.28196176950677,330.71235375735216,404.2049026489258,205.16355514526367,51.30401529120494,53.51751195008376,1110.415167967329,387.2977066040039,203.7425422668457,59.077322232984386,61.6261959348959,1360.3344002278386,426.1600875854492,186.6505479812622,16.80593219904972,17.531019203659234,-253.5119995119192,391.61914825439453,200.63663005828857,4.586927013012465,4.784828630657676,10.47558314344581,372.4850845336914,207.22954273223877,4.26389800067017,4.447862626532533,59.536627855411815,358.89408111572266,211.8689775466919,5.169100315173374,5.392119628809965,32.487363408679435,419.8762512207031,169.99646186828613,5.105413624572773,5.3256851946641595,-318.19500238849355,385.2812194824219,185.03016471862793,19.95243100944593,20.813272780313913,300.2793880116397,366.26426696777344,195.36229133605957,13.943596372694428,14.545188739461967,-100.25655430824952,354.26063537597656,203.39760303497314,17.08680831055138,17.824013632427853,-234.98513687192926,414.1395950317383,155.83509922027588,13.367824209610015,13.944575055650008,96.46922038081397,381.72191619873047,170.52899837493896,29.659407285128374,30.939053694036495,323.75480627336526,364.40242767333984,180.76290607452393,19.518013121831046,20.360112060635398,-45.30822860462118,353.7310028076172,189.30015563964844,22.919974720731492,23.908850292710813,-211.92789861587588,409.4976043701172,145.91154098510742,21.695357174053807,22.63139698195912,355.97451414994975,383.1827163696289,153.67233753204346,10.862056654522597,11.33069689597091,126.04593368349293,367.10941314697266,160.090069770813,8.289536673127241,8.647186296172752,79.85859341962775,354.4192123413086,166.246018409729,15.382525358494824,16.046199893380287,159.28478186488766,19.012198711328697,24.83104640261273,23.047271540350103,29.92467426390957,39.90552477028381,22.20137744314677,10.872614061584306,10.041041077528716,9.323255940322372,21.59888254578676,17.885641374632907,17.324765268553335,21.808191065922767,19.927520036006207,21.72801549779201,23.005659141148598,29.854560635125246,21.139014839581687,25.98947606995487,27.334025243203335,25.714487226179276
37,1.48,450.27671813964844,157.61937618255615,24.212805951077826,25.257460346461567,322.25364067145154,445.11409759521484,183.32443714141846,34.48337843510867,35.971153661272155,475.9402413535033,426.8972396850586,199.89818572998047,18.8745404165226,19.688876914605785,-464.8271213725247,403.9963912963867,205.29846668243408,6.208769352665237,6.47664488131279,-1176.0216767192742,387.3396301269531,204.33282852172852,14.794328399762913,15.432625349764898,-1154.839264628275,426.1671829223633,186.76653385162354,2.9050673324166336,3.0304056085266633,-362.51533987831425,391.6089630126953,200.42598724365234,5.272222877161543,5.499691383422147,17.87156881911176,372.38739013671875,207.06037044525146,4.883867440638485,5.094580465747722,16.167945980379717,358.7591552734375,211.67574405670166,5.891952380692926,6.146158934213361,18.85098263508489,419.7154998779297,170.0542402267456,4.270489792586334,4.454738819373258,-21.773659382272537,385.2788543701172,185.27276515960693,6.065299236199158,6.326984788844949,-362.15719978672405,366.35494232177734,195.63514709472656,7.1881971340817445,7.4983297864548595,-176.17147382517769,354.364013671875,203.40951919555664,2.6015700723212998,2.7138140483578015,-377.75498960175133,413.53416442871094,155.97806453704834,15.552035575807738,16.223023579191487,56.96121308853699,381.2968063354492,170.77466011047363,12.274671181056853,12.804258261013208,-453.3698858255821,364.1358184814453,181.0631275177002,10.037846387095971,10.470926318833492,-247.22964354504765,353.6602020263672,189.47044372558594,4.610503147560723,4.809421950600793,-477.4857085527505,408.51573944091797,146.08931064605713,24.94570092653192,26.021975860196513,84.7644719559348,382.32269287109375,153.77487659454346,21.652867555058222,22.587074160841834,281.4094316217731,366.5140914916992,160.08300304412842,14.884089908849399,15.526259592775444,171.97683241506732,354.14390563964844,165.99726676940918,9.276016067687594,9.67622705423493,-159.2493209786339,20.02249712518716,26.26989254906362,23.834826616934333,30.183740059162083,40.52282978427441,22.322593667487837,11.092601716921193,10.244824296158624,9.569102297690906,21.77707209856169,18.138720766186704,17.62469846001153,21.916743627857077,20.576440979173867,22.240185828232537,23.424496193901938,30.046937513149278,22.17989387398955,26.89295903638854,27.955075626914354,26.101536308348674
38,1.52,449.87754821777344,157.36367225646973,11.851189928275819,12.362506034063623,-322.3738578099486,445.21289825439453,182.97808170318604,9.004292720957938,9.392780283583939,-664.4593344422054,427.3688507080078,199.75387573242188,12.329900961751727,12.861870914361322,-170.67515000611158,404.3504333496094,205.2978801727295,8.85106347578314,9.232940007667946,68.90737815887888,387.5659942626953,204.5639419555664,8.087573077361053,8.436509040434608,-174.90290773325725,425.98114013671875,186.64298057556152,5.583308277582425,5.8241984720003614,69.84482158684246,391.7391586303711,200.17464637756348,7.076507340678383,7.381821169746423,47.0532446581069,372.6942825317383,206.88843727111816,8.794314871281045,9.17374300130591,101.9790633889547,359.1102600097656,211.66381359100342,8.782684380494779,9.161610716413461,75.38629455500252,419.37835693359375,170.01168251037598,8.495459233397233,8.861993324774476,110.18136263503044,385.37593841552734,185.0529956817627,6.006451493245119,6.2655980773195035,-1.5346677881361348,366.6123580932617,195.51010608673096,7.1544624662449765,7.46313964629061,-0.8797535041062288,354.4619369506836,203.47917079925537,3.004196484755802,3.133811659004404,10.499940266165064,413.19915771484375,155.8513641357422,8.9541362658282,9.340459842941161,-172.06409340625814,381.50691986083984,170.3994369506836,10.751166018009918,11.215021915542293,-39.73090863677289,364.3975830078125,180.58735370635986,13.57574553250999,14.161467082907846,92.26351910185886,353.6603546142578,188.9730405807495,12.43507920602616,12.971587043067737,204.0541273116736,408.11771392822266,145.7634687423706,12.859754443476554,13.41458476880427,-315.18477728480605,382.4005126953125,153.1151819229126,16.60671898697152,17.323210996104816,-131.59657911842544,366.73805236816406,159.42975997924805,17.264214722968173,18.0090741923596,62.07036498960385,354.30469512939453,165.51240921020508,12.770574398058807,13.321557076541527,91.13325055766492,20.516997366549703,26.64560376040698,24.349301453508787,30.5530576594688,40.860290145891796,22.55556160636785,11.38787456371105,10.61177401621086,9.935566726347444,22.13155183155267,18.389344689279486,17.923224045863154,22.042096094217253,20.950059372891516,22.688786704854227,23.99095487721825,30.56580099487199,22.71647726474172,27.585887476232728,28.675438594608735,26.634398591410335
39,1.56,449.82940673828125,157.4050998687744,1.587814754025994,1.6563205548489084,-267.65463698036785,445.17261505126953,182.8517246246338,3.3155738336550145,3.4586232920922284,-148.35392478729275,427.1909713745117,199.82425689697266,4.782426529005614,4.988762915801095,-196.8276999640057,403.953857421875,205.39599895477295,10.213341821120293,10.653993451771758,35.5263361025953,386.99573516845703,204.2856788635254,15.863200003342874,16.54761310448557,202.77760160127406,425.931396484375,186.4010238647461,6.175429178259462,6.441866254882652,15.441694572057262,391.61571502685547,200.10186195373535,3.582587717079911,3.7371574110285275,-91.11659396794738,372.63431549072266,206.81090354919434,2.4504494541220336,2.5561733755083664,-165.4392406449386,359.03087615966797,211.6036891937256,2.489570596050368,2.5969823876055043,-164.11570822019894,419.24388885498047,169.920973777771,4.055069230046312,4.23002399998551,-115.79923311972415,385.3594970703125,185.1667356491089,2.8730534719600103,2.997010519471141,-81.71468894620905,366.85302734375,195.69113731384277,7.528860858398547,7.853691347018911,9.763792518207515,354.83768463134766,203.71697902679443,11.116965430415712,11.596603636069275,211.56979942662178,412.99095153808594,156.0336685180664,6.918485196139415,7.216981206232069,-53.086965917727305,381.3557815551758,170.7786226272583,10.20491807777082,10.645206268491638,-14.245391176266375,364.3832778930664,180.95409393310547,9.175477856129518,9.571351151092477,-114.75289829538423,353.6785125732422,189.3537998199463,9.529798978342452,9.940959353970284,-75.76569222743635,407.9115676879883,146.3236141204834,14.921861415886854,15.565660740381063,53.77689928941982,382.63206481933594,153.728928565979,16.399339316247012,17.106883990446338,-5.408175141461946,367.20096588134766,160.0125789642334,18.607238006138445,19.410041820299384,35.02419069849463,354.90570068359375,166.0385513305664,19.969245212899015,20.830812427632427,187.7313837772725,20.58325018874366,26.78394869209067,24.54885197014083,30.97921739753967,41.52219467007122,22.813236256563155,11.53736086015219,10.714020951231197,10.039446021851665,22.30075279155209,18.50922511005833,18.23737169974391,22.505960239660027,21.238738621140797,23.114594955593894,24.37380892326195,30.963439369030798,23.339103694356965,28.270162835850584,29.45184026742071,27.46763108851563
40,1.6,449.7931671142578,157.5956153869629,4.848290486087844,5.057468553950871,85.02869997754907,445.1410675048828,182.85930633544922,0.8111450324660562,0.8461416464550116,-65.31204114093042,427.43038177490234,199.7704553604126,6.134530603040398,6.399203122657934,35.26100517142097,404.43737030029297,205.25917053222656,12.562511711749814,13.104517586791943,61.26310337550463,387.69954681396484,204.20611381530762,17.70736833302579,18.471347534657763,48.09336075430481,426.2038040161133,186.5961742401123,8.377407577575676,8.738848364963886,57.42455275203084,391.7039489746094,199.99099731445312,3.5422624990443317,3.695092373314436,-1.0516259428522856,372.70668029785156,206.65117263793945,4.383964339008633,4.573109191745004,50.42339540591595,359.0400695800781,211.425518989563,4.460180814032348,4.652614004179718,51.39079041435534,419.4927978515625,170.099458694458,7.657208779323701,7.987576801264397,93.93882003197218,385.69881439208984,185.02508640289307,9.192413781607483,9.589017772096858,164.8001813156429,367.18048095703125,195.3883409500122,11.149874068794432,11.630932107977323,94.43101902396029,355.1042175292969,203.3254909515381,11.840151465382748,12.350991319933796,18.859692096613003,413.2162857055664,156.12713813781738,6.098773280879325,6.361903061343117,-21.376953622223805,381.75315856933594,170.68938732147217,10.181829132748742,10.621121157723598,-0.6021277692009885,364.8115921020508,180.6928253173828,12.54278555533877,13.083940351161065,87.8147300017147,354.1006851196289,189.04111862182617,13.133906277752969,13.70056480338337,93.99013623532717,408.0290985107422,146.27537727355957,3.1761107996222124,3.3131431664513626,-306.3129393482425,382.85888671875,153.50422382354736,7.982026501971204,8.326408689075071,-219.51188253428165,367.44083404541016,159.68846797943115,10.080447243308337,10.515365176464583,-222.36691609587004,355.2014923095703,165.64199924468994,12.367958673797835,12.90157061520656,-198.23104531064666,20.785548930901697,26.817794357948873,24.80482009504715,31.50339810101135,42.26104857145753,23.16279019116171,11.685164555084768,10.896945318900997,10.225550582018853,22.620255863602665,18.892785820942205,18.702608984063005,22.999999892457378,21.49321474359452,23.539439801902837,24.897166537308394,31.511461961166134,23.471629421015017,28.603219183413586,29.872454874479295,27.983693913123894
41,1.64,450.3153610229492,157.30141639709473,14.984148372402101,15.630635049325857,264.3291623843746,445.72574615478516,182.36921310424805,19.072894689205423,19.895789124077098,476.2411869405522,427.4848937988281,199.39963817596436,9.370063534823505,9.774332171695084,84.37822622592877,404.03106689453125,205.12378692626953,10.706632824314461,11.168567350295415,-48.39875591241318,386.8977737426758,204.13930892944336,20.11378492818471,20.98158826644655,62.75601829471968,425.89000701904297,186.65392398834229,7.9766686651983605,8.320819690009605,-10.450716873857013,391.57569885253906,200.1943588256836,6.010615508258603,6.269941747536729,64.37123435555732,372.52811431884766,206.7993450164795,5.800908475178485,6.051186966157935,36.951944360323274,358.8249206542969,211.54924392700195,6.2046817207402745,6.4723808897099895,45.49417213825679,419.2815399169922,170.16972541809082,5.565930255188957,5.806070679939013,-54.5376530331346,385.48179626464844,185.1868772506714,6.767253230770685,7.059224382172274,-63.2448347481146,367.0195007324219,195.3482151031494,4.147643630856948,4.3265924961067945,-182.6084902967632,354.9410629272461,203.21794509887695,4.885279840689712,5.096053803383983,-181.3734379137453,413.2756805419922,156.1701250076294,1.8329650791613836,1.9120478187001115,-111.24638106607514,381.6192626953125,170.80249786376953,4.381930215334894,4.5709873064032935,-151.25334628300763,364.61246490478516,180.93533992767334,7.844782378085349,8.183243207807193,-122.5174285838468,353.82484436035156,189.53534603118896,14.149842239495095,14.760333023559596,26.49420550440564,408.4241485595703,146.29497528076172,9.888396702872242,10.315028671914796,175.0471376365858,382.9634094238281,153.50791454315186,2.614696120972722,2.727506416519876,-139.9725568138799,367.3365783691406,159.7253179550171,2.7644129954546286,2.883682781541898,-190.7920598730671,354.8756408691406,165.82380294799805,9.328442654277957,9.730915570492893,-79.26637611784169,21.41077433287473,27.613625922911957,25.19579338191495,31.950140795023167,43.100312102115396,23.495622978762093,11.935962224986238,11.138992797547314,10.484445817607252,22.852498690800225,19.175154796229094,18.875672683907275,23.203842044592733,21.569696656342526,23.722279294158966,25.224496265620683,32.101875282108516,23.88423056789161,28.71231944007438,29.98780218574097,28.37293053594361
42,1.68,449.96177673339844,157.52553462982178,10.46574268918083,10.91728408109131,-117.83377420586368,445.17356872558594,182.97444820404053,20.4818431686743,21.365526271531017,36.74342868634799,427.47840881347656,199.67700004577637,6.935941800713932,7.235190970879569,-63.47853002038788,404.51438903808594,205.13880729675293,12.088887096724322,12.610458576973546,36.04728066695326,387.7170181274414,204.078369140625,20.53769430570338,21.42378708944973,11.054970575079448,425.65425872802734,186.81612968444824,7.154017427554512,7.462675406536665,-21.45360708682351,391.62193298339844,200.15859603881836,1.4612862015810746,1.5243329652019317,-118.64021955836992,372.72178649902344,206.8244504928589,4.882314917016608,5.0929609589505445,-23.955650180184772,359.1366195678711,211.57793998718262,7.825426369903135,8.163052090341672,42.26678001579207,418.9187240600586,170.4430103302002,11.355615054596525,11.845549728134104,150.9869762048773,385.36781311035156,185.41578769683838,6.392972304992249,6.668795215871333,-9.760729157523528,366.8822479248047,195.69233894348145,9.262139017380989,9.661751282672018,133.37896966413058,354.9890899658203,203.56375694274902,8.72827402026063,9.104852837180983,100.21997584492502,412.8279495239258,156.54981136322021,14.67618805158162,15.309387870988783,334.9335013072168,381.59961700439453,171.19720458984375,9.879883374181118,10.306148038159794,143.3790182939125,364.83253479003906,181.04965209960938,6.199698936662223,6.467183124877583,-42.90150207324024,354.4101333618164,189.24209117889404,16.366154550440186,17.072267477673467,57.79836135284677,408.08170318603516,146.69869422912598,13.234845652763932,13.805859178057963,87.27076265357918,382.69439697265625,154.21178340911865,18.83811096160661,19.650875721565914,423.08423262615094,367.2881317138672,160.2275562286377,12.614237043331967,13.1584745926005,256.869795276465,355.1690673828125,165.9259271621704,7.767257963961356,8.102374025624188,-40.713538621717625,21.847465696118384,28.468246973773198,25.485201020750132,32.454559138102105,43.95726358569338,23.79412999502356,11.996935543594315,11.342711235905336,10.81096790122092,23.326320679925587,19.44190660486395,19.262142735214155,23.568036158079973,22.182072171182075,24.134525215685358,25.483183590615784,32.78476598121546,24.436464935013927,29.49835446893702,30.514141169444994,28.69702549696858
43,1.72,449.9994659423828,157.725248336792,5.080971931238447,5.300188971655581,-140.42737773589323,445.0387191772461,182.88426876068115,4.055608207475374,4.230586231437315,-428.37350100234255,427.1847915649414,199.6410369873047,7.395286937130684,7.714354418182116,11.97908618256367,404.24808502197266,205.28982639312744,7.653618281074515,7.98383139202368,-115.66567962374666,387.56011962890625,204.3065071105957,6.922069424354787,7.220720074920207,-355.07667536323805,426.0621643066406,186.93204402923584,10.601388364011981,11.058782148689886,89.90266855383054,391.90296173095703,200.26280879974365,7.493224293237528,7.81651725272942,157.3046071881872,372.79102325439453,206.8674659729004,2.0377775604684047,2.125696874308316,-74.18160211605571,359.08023834228516,211.6136884689331,1.6689810787643322,1.7409887768091699,-160.55158283831256,419.57271575927734,170.65732955932617,17.205338463326232,17.947657733802135,152.55270014170077,385.63140869140625,185.25973320007324,7.658150735987866,7.988559398371948,32.99410456251539,366.87076568603516,195.42487621307373,6.6927271143902205,6.981482858407591,-67.00671060661068,354.86438751220703,203.27786922454834,7.797535241791394,8.133957607706172,-24.272380736870282,413.48583221435547,156.6932201385498,16.833294968761628,17.55956253202705,56.254366525956726,381.70948028564453,170.95251560211182,6.70553135871307,6.9948395380879305,-82.78271250179658,364.68910217285156,180.9854221343994,3.9289314787968044,4.098444072536644,-59.218476308523485,354.2368698120117,189.49564933776855,7.67756462129893,8.00881089005803,-226.58641469038594,408.5262680053711,146.7768430709839,11.284533665456879,11.771401553354464,-50.86144061758748,382.90218353271484,153.79260063171387,11.696405842548739,12.201043834456765,-186.24579717772872,367.1641159057617,159.92059707641602,8.276617734342965,8.633709973572161,-113.11911547570847,354.72434997558594,165.9663963317871,11.163873823067124,11.64553587753287,88.57904629771704,22.059473254984606,28.637470423030692,25.793775197477416,32.77391239378306,44.24609238869019,24.236481280971155,12.309596233703491,11.427739110877667,10.880607452293287,24.04422698927767,19.761448980798825,19.54140204955046,23.89339446238822,22.884454672463157,24.414318797208875,25.64712135351725,33.105118416817774,24.90732099714811,29.98639622231529,30.85948956838788,29.162846932069893
44,1.76,449.0862274169922,157.71366119384766,22.832800777325474,23.817915255141397,462.9431570871453,444.6931457519531,183.0026149749756,9.131908983974101,9.525902512755021,132.38290703294265,427.28729248046875,199.8391056060791,5.575482906616017,5.816035477703883,-47.45797351195582,404.40406799316406,205.23120403289795,4.165878390310937,4.345613988897302,-90.95543507815944,387.71217346191406,203.97199630737305,9.1861936351868,9.582529259287274,59.045229609176666,425.4290008544922,186.7573642730713,16.420432666921293,17.128887407535053,151.75263147112918,391.8729782104492,200.28968811035156,1.006699073953745,1.050132809579405,-169.15961107875037,372.8871154785156,206.81522369384766,2.7343842150887325,2.8523584182741017,18.166538599144644,359.1665267944336,211.41117095947266,5.503353444278107,5.740794010915923,99.99513085266882,418.6696243286133,170.5349349975586,22.783691548028667,23.766687222582284,145.47573721950374,385.51502227783203,185.1833152770996,3.480795187190813,3.6309730723593674,-108.93965815031453,366.8238830566406,195.1973819732666,5.806871472895734,6.057407235658866,-23.10189056871812,354.6759033203125,202.93245792388916,9.83727786334972,10.261704325087502,53.19366793453324,412.5302505493164,156.62685871124268,23.94707912242465,24.980268811896785,185.51765699674334,381.6550827026367,170.9324026107788,1.4499201394933574,1.5124765177065038,-137.05907550953566,364.6489715576172,180.78141689300537,5.197872449097034,5.422133127994167,33.09222638643807,353.9790344238281,189.08077239990234,12.211724923537325,12.73859620571611,118.24463289145201,407.73265838623047,146.64635181427002,20.106656168904806,20.974151938943017,230.06875963971382,382.39933013916016,154.07657146453857,14.437385698781807,15.06028246087358,71.48096566042037,367.0110321044922,160.20039081573486,7.973361382329311,8.31736971539335,-7.908506454470299,354.82128143310547,166.1522626876831,5.240587378273891,5.46669098023427,-154.47112243246502,23.012189865190262,29.018506523540893,26.02641661658557,32.947736953338946,44.629393559061675,24.92163677727256,12.351601546086668,11.541833447608632,11.110239212729923,24.994894478180964,19.9066879036932,19.783698338976816,24.30386263539172,23.883665424939025,24.474817857917138,25.864006678637015,33.61466226504642,25.74628707470583,30.588807520750233,31.192184357003615,29.38151457127926
45,1.8,449.26673889160156,157.93474674224854,7.135440253471067,7.443296725738166,-409.3654632350808,444.88502502441406,182.92851448059082,5.142259867279011,5.364121157680974,-104.04453387685118,427.20977783203125,199.71759796142578,3.6031781484880456,3.758636210547191,-51.4349816789173,404.2576217651367,205.06922721862793,5.459108561872829,5.69464019606509,33.7256551791947,387.6456832885742,203.7407684326172,6.014943537498599,6.274456508326057,-82.70181877403043,426.0145950317383,187.03216552734375,16.171662518396325,16.869384144078175,-6.487581586421953,391.9074249267578,200.3690528869629,2.162947068095223,2.256266783548007,30.153349349215052,372.7561950683594,206.90288543701172,3.938966791085797,4.108912355424456,31.41384842875886,359.08565521240234,211.51047706604004,3.2017490905177115,3.3398876138711495,-60.022659926119324,419.37538146972656,170.5143928527832,17.651400828694253,18.412965328803537,-133.8430473444687,385.32081604003906,185.34473419189453,6.3132860328075875,6.585670902897114,73.86744576344367,366.6524887084961,195.2054500579834,4.289603461195903,4.474677141596507,-39.56825235155898,354.6031951904297,202.6336669921875,7.687753777038927,8.019439653927318,-56.0566167790046,413.1209182739258,156.41172409057617,15.715662289268487,16.393709919106286,-214.66397231976248,381.2827682495117,170.93986988067627,9.309733217360789,9.711398920419589,204.9730600678271,364.3737030029297,181.07972145080566,10.147610137495846,10.58542579397922,129.0823166496263,353.8782501220703,189.472918510437,10.122254179784939,10.558975860926282,-54.49050861974571,408.2025146484375,146.42653942108154,12.968288132363693,13.527801111794872,-186.1587706787036,382.7333450317383,153.95779609680176,8.86261588235213,9.244990839422515,-145.38229053627663,367.34771728515625,160.23107528686523,8.452013356567143,8.816672988359505,12.482581824153893,355.1091003417969,166.09663009643555,7.328655632567868,7.644848325570268,54.45393363339996,23.309921734219788,29.23307136984813,26.176762065007456,33.17552256118155,44.88037181939471,25.596412143035685,12.441852217428588,11.70618994182561,11.24383471728477,25.731413091333106,20.170114739809083,19.962685424640675,24.624640221548812,24.539413821703278,24.86327381473392,26.287423710396183,34.03702129948347,26.287399119177625,30.958607154327133,31.544851276537997,29.687308504302074
46,1.84,449.3424987792969,157.91172981262207,1.9794790402142424,2.064883081534689,-134.4603411050869,444.9440383911133,182.94453620910645,1.5287399291992188,1.5946969640700783,-94.23560484027239,426.87549591064453,199.84591484069824,8.951592891499107,9.337806735474267,139.47926312317688,403.7717056274414,205.2176284790039,12.701806637096658,13.24982235074701,188.879553867048,387.09930419921875,203.9862298965454,14.974591804926968,15.620666166556168,233.65524145575282,426.1269760131836,187.1022891998291,3.3116097325776215,3.454488161039102,-335.37239957597683,391.9905090332031,200.32382011413574,2.364975222048906,2.467011382817669,5.268614981741548,372.81925201416016,206.90165519714355,1.5767236409434369,1.6447509189526468,-61.60403591179524,359.0570831298828,211.47799015045166,1.0815970783837896,1.1282622663942499,-55.29063368692248,419.52392578125,170.59397220611572,4.212947747924993,4.394714140109537,-350.45627971735,385.37166595458984,185.2745532989502,2.1666609599055433,2.2601409101287815,-108.13824981920833,366.60900115966797,195.48608779907227,7.099679069619125,7.4059926361209625,73.2828873631114,354.5115661621094,203.1974458694458,14.279410467381759,14.895491434551735,171.90129451561043,413.23463439941406,156.51123046875,3.777637860930709,3.9406229360006075,-311.3271745776419,381.1945343017578,170.81738948822021,3.773814058120464,3.936634156342125,-144.3691191019366,364.06246185302734,181.08043670654297,7.78104929392973,8.116760378470076,-61.71663538772858,353.446044921875,189.60464000701904,11.29579257228328,11.783146222406325,30.60425903700108,408.1759262084961,146.60914421081543,4.613259041358042,4.8122967466259,-217.8876091292243,382.5074768066406,153.97461891174316,5.662346146437353,5.906646406473785,-83.45861082371826,367.0182800292969,160.24855613708496,8.247518023341925,8.603354764093869,-5.33295560664091,354.78172302246094,166.15432262420654,8.310548153408396,8.669104310594294,25.606399625600652,23.39251705748118,29.296859248410932,26.550274334426426,33.70551545521143,45.50519846605696,25.73459166947725,12.540532672741294,11.771979978583715,11.288965207940539,25.907201656937488,20.260520376214235,20.25892513008551,25.220459878930882,24.697038739143306,25.020739180987608,26.612094125534988,34.50834714837973,26.47989098904266,31.194873010586083,31.88898546710175,30.034072676725845
47,1.88,449.95113372802734,157.56178379058838,17.55168651357586,18.30894886887047,406.1016446833945,445.6068420410156,182.69659996032715,17.69147149374908,18.454764830923345,421.5016966713317,427.35782623291016,199.5124626159668,14.659317130139707,15.291789058600479,148.8495580781553,403.9937973022461,205.23917198181152,5.57835294524585,5.81902934330675,-185.7698251860065,387.1507263183594,204.35258388519287,9.248630957296347,9.64766042130573,-149.32514363126094,426.3668441772461,186.67940139770508,12.154495807004954,12.678897955773499,230.61024486835993,391.9380187988281,200.34859657287598,1.4510982074899703,1.5137054131005363,-23.832649242928316,372.7893829345703,207.04919815063477,3.7633998127070933,3.9257705913716703,57.02549181047558,359.1691207885742,211.78573608398438,8.187642997643392,8.540896448011887,185.31585454044094,419.65335845947266,170.13623714447021,11.892072066389085,12.405152020008444,200.26094699747267,385.1626205444336,185.30513763427734,5.281772020046767,5.5096525212701755,81.23779027853485,366.5481185913086,195.35199165344238,3.6817508914598553,3.8405989514179923,-89.13484211757425,354.697265625,202.92107105255127,8.324186519239895,8.683331099710584,-155.30400837102877,413.3253860473633,156.2039279937744,8.010566175824417,8.35617969876742,110.3889190691703,381.05419158935547,170.84030628204346,3.5550365999859936,3.708417609086268,-5.705413681396432,364.34566497802734,181.1663818359375,7.398926242891952,7.718150740720677,-9.965240943734965,354.22420501708984,189.76916313171387,19.884054420944363,20.7419461040008,223.96999703986188,408.2670211791992,146.45135879516602,4.554841591582903,4.751358893152074,-1.5234463368456463,382.61837005615234,153.85432720184326,4.090187056993129,4.266656975253031,-40.999735780518854,367.1053695678711,160.2185297012329,2.303010879675731,2.4023736071072754,-155.02452892466482,354.9141311645508,166.29438400268555,4.818525827024475,5.02641970742156,-91.06711507931836,24.124875012235997,30.035049841647865,27.161945896770444,33.9382766289437,45.8911048829092,26.24174758770819,12.601080889265315,11.929010802238581,11.630601065861015,26.403407737737826,20.48090647706504,20.41254908814223,25.567793122919305,25.031285927094,25.16907588535106,26.920820155163813,35.33802499253976,26.669945344768745,31.365539289596203,31.985080411386043,30.23512946502271
48,1.92,450.2644729614258,156.57629013061523,25.852698469332758,26.96810554536877,216.47891691245746,446.19693756103516,181.66295528411865,29.755609128797968,31.0394061379726,314.6160326762313,428.2196807861328,198.64078044891357,30.64538170007459,31.967567685287527,416.8944656671762,405.35106658935547,204.44048881530762,39.37063244179519,41.069266805464565,881.2559365539453,388.6575698852539,203.38844776153564,44.72230986901432,46.65184078215079,925.1045090211265,426.52835845947266,186.45795822143555,6.852186862578087,7.14782245055769,-138.2768876303952,391.72080993652344,200.1970911026001,6.620687152177443,6.906334753201354,134.81573350252046,372.3789596557617,207.03243255615234,10.269139233230117,10.712198226825361,169.66069088634228,358.79016876220703,211.70928955078125,9.664649202330564,10.08162765123302,38.518280080528335,419.9018859863281,169.83098030090332,9.840848291347882,10.265428798152115,-53.49308054640822,385.26309967041016,184.90436553955078,10.329397570421602,10.77505639226198,131.63509677479513,366.66168212890625,195.1747226715088,5.263136483330726,5.490212959800453,41.24035020956151,354.96089935302734,202.95597553253174,6.648358127965806,6.935199585106197,-43.703287865109665,413.5118865966797,155.7048797607422,13.31896190089314,13.89360459698666,138.43562245548102,381.12998962402344,170.1231050491333,18.029887523002166,18.807781720280868,377.484102779865,364.0619659423828,180.09644508361816,27.67275054983337,28.866683237876675,528.7133124288999,353.52455139160156,188.44428062438965,37.45688232715555,39.07294850467731,458.27506001691285,408.43021392822266,145.8751630783081,14.971501625154948,15.617442661886246,271.65209421835425,381.84215545654297,154.0032148361206,19.759121822076356,20.61162332487868,408.6241587406412,366.41212463378906,160.2709722518921,17.380642244858944,18.130524945458376,393.20378345877754,354.5658493041992,166.1639928817749,9.297247531604434,9.698374543421455,116.79887089999737,25.20359923405075,31.27662608716677,28.44064860418195,35.58104730116228,47.75717851419523,26.527660485730497,12.87733427939337,12.357498731311596,12.033866171910336,26.814024889663912,20.91190873275552,20.63215760653425,25.845201106323554,25.587030110973465,25.921387154162293,28.075487484678884,36.90094293272685,27.294643051244194,32.19000422259135,32.71030140920438,30.623064446759567
49,1.96,451.10240936279297,156.10872745513916,23.988959286442288,25.023955883280255,-48.60374155221283,446.6116714477539,181.38649463653564,12.460805713688245,12.998423513340574,-451.02456561580055,428.3373260498047,198.35330486297607,7.765412922638674,8.100449380535991,-596.6779576187884,405.23277282714844,204.1667890548706,7.454234243048178,7.775844988285809,-832.3355454294689,388.4084701538086,203.2027530670166,7.767447931055263,8.102572188792522,-963.7317148339567,426.91356658935547,186.30396366119385,10.371223044795876,10.818686414433499,91.7715990968952,392.3657989501953,200.09943008422852,16.30851967275833,17.01214596013585,252.64528017336244,373.01239013671875,206.99498176574707,15.86341577158423,16.547838181984275,145.89099887897285,359.31713104248047,211.86100959777832,13.70921718889736,14.300697334675942,105.47674208607303,420.3172302246094,169.53693866729736,12.722306162973451,13.271206322641904,75.14443811224471,385.76454162597656,184.5609998703003,15.19341999070028,15.848935630079934,126.84698094544883,366.55887603759766,194.48965072631836,17.318571363155762,18.0657760338099,314.3890768502362,354.08817291259766,202.06648349761963,31.15332566513925,32.49742674341432,639.0556789577031,414.0780258178711,155.12821197509766,20.203021939356297,21.07467538223384,179.52676963117943,381.8090057373047,170.02954959869385,17.135772239720193,17.875090095927668,-23.31729060883001,364.41688537597656,179.9815320968628,9.326467674967718,9.72885538128086,-478.44569641489534,353.3113479614258,188.28908443450928,6.592683444172384,6.877122833446131,-804.8956417807796,409.0212631225586,145.01737117767334,26.042586456127065,27.166186193535577,288.7185882912333,383.0187225341797,153.2314968109131,35.17686383307218,36.69455928288016,402.07339895003696,367.2428512573242,159.81061935424805,23.743834902709324,24.768255680065657,165.94326836518204,354.57275390625,165.92459678649902,5.987391124418117,6.245715354482273,-86.31647972347953,26.204557469381957,31.79656302770039,28.76466657940339,35.892081100693716,48.08128140174693,26.96040794230784,13.557820117798803,13.019412258590966,12.605894065297372,27.344873142569586,21.545866157958717,21.35478864788665,27.145098176060124,26.43001712626282,26.6363907579994,28.464641699930116,37.1760278460647,28.381290498985617,33.65778659390656,33.701031636407,30.87289306093886
50,2.0,451.1338806152344,156.01428508758545,2.488699524774555,2.5960737342155484,-560.6970537266177,446.55628204345703,181.37945652008057,1.395869171788208,1.456093536888045,-288.5582494113132,428.5857391357422,198.31595420837402,6.280133988628023,6.551088523516494,-38.73402142548743,405.9537124633789,203.7674617767334,20.603644006470535,21.49258217067051,342.91842955961755,389.4658660888672,202.1834421157837,36.717510968727325,38.30167718632856,754.977624938401,428.1891632080078,186.0413646697998,32.55864865706251,33.963381982728194,578.6173892073673,393.39176177978516,200.14147281646729,25.670597468627648,26.778147850516984,244.15004725952832,374.18373107910156,207.0645046234131,29.335058281861148,30.60071074836598,351.3218141595426,360.6523895263672,211.77778244018555,33.44624398337233,34.88927234848222,514.714375345157,421.6218566894531,169.31093215942383,33.10144591226238,34.52959806594793,531.4597935826507,386.51634216308594,184.91483688354492,20.772648476118547,21.668878288482475,145.49856646006353,367.3362350463867,195.19094467163086,26.1737013321278,27.302957982320027,230.92954871275316,355.26554107666016,202.90350437164307,36.11439928632052,37.67254442766953,129.37794210638015,415.2260971069336,155.20251274108887,28.76182679130134,30.002747353647862,223.2017992853506,382.12886810302734,170.53165912628174,14.883420110567434,15.52556089624349,-58.73822999210443,364.94171142578125,180.97126007080078,28.006738530095166,29.215081031370808,487.15564125224876,354.29229736328125,189.64734077453613,41.88617025809168,43.69333676140062,920.4053481988624,410.08392333984375,145.70218563079834,31.60515753608725,32.96875276761801,145.06416435206074,383.6387252807617,153.8276481628418,21.50290445753335,22.430640949556032,-356.5979583331031,367.73555755615234,160.21884441375732,15.996233855900712,16.6863866635066,-202.04672541397645,355.2017593383789,166.12027645111084,16.46849956717113,17.179028140066862,273.3328196396147,26.30840041875058,31.854806769175912,29.026710120344045,36.75178438752053,49.61334848920007,28.318943221616966,14.628946031819483,14.243440688525606,14.001464959236662,28.726057065207502,22.412621289498016,22.446906967179448,28.651999953166907,27.630127020408736,27.257413193849143,29.633244941184948,38.923761316520725,29.700040609690337,34.5550122318888,34.36848710294726,31.560054186541535
51,2.04,452.4605941772461,155.83940505981445,33.45474461622565,34.898139738641234,807.5516501106421,448.61766815185547,180.4351043701172,56.68506015167549,59.130720409296465,1441.8656718102104,431.1061096191406,197.0189380645752,70.86306447500019,73.92043056151421,1684.2335509499428,409.22847747802734,202.8440523147583,85.06163550490359,88.73159476482041,1680.9753148537475,393.2674026489258,202.05419540405273,95.09332563972153,99.19609922168098,1522.3605508838104,430.7411193847656,185.08734226226807,68.1113017520083,71.04994384472192,927.1640465498432,395.54676055908203,199.72220420837402,54.8851408881737,57.253144158258735,761.8749076935438,376.66446685791016,206.87639236450195,62.19644396091773,64.87989125291237,856.9795126136597,363.1627655029297,211.87535762786865,62.80678934713945,65.51656981141106,765.6824365732209,423.9704132080078,168.73669624328613,60.443489146000104,63.05130571778772,713.0426912959947,388.2015609741211,184.97743606567383,42.15952664189579,43.97848702603061,557.7402184387034,369.2662811279297,195.19400596618652,48.25121273348814,50.33299712338825,575.7509785267057,357.16339111328125,202.73706436157227,47.62835971387645,49.68327129333361,300.26817164160207,417.42847442626953,155.35873889923096,55.197783408921794,57.57927554866296,689.4132048753775,384.1734313964844,171.21871948242188,53.92292528421512,56.249414044911475,1018.0963287166996,367.53929138183594,182.05985069274902,70.41151881213548,73.44940309375747,1105.8580515596666,357.11368560791016,190.9358024597168,77.54178366012086,80.88730112266157,929.8491090315237,411.9163513183594,146.67065620422363,51.81534249161618,54.05090021225166,527.0536861158414,385.6330871582031,154.9339771270752,57.01668108596244,59.47664903131296,926.1502020439231,369.8558044433594,161.62548065185547,63.610496230191856,66.35495239168242,1241.7141432043954,357.4675750732422,167.8260040283203,70.90234266231498,73.96140339467485,1419.5593813651997,27.70432600829623,34.22003558554777,31.983527342804614,40.30104817811335,53.58119245806731,31.160940975405843,16.919071798149833,16.838636338642104,16.622127751693103,31.24810929391901,24.17176077053924,24.460226852114978,30.63933080490025,29.933298042355254,29.5073897556456,32.57122106493525,42.15925336142718,31.862076618180403,36.93407819314132,37.02268519861456,34.51851032232853
52,2.08,453.45760345458984,155.32670974731445,28.027709308925196,29.236956588289083,-141.52957875880378,449.8726272583008,180.05332946777344,32.79362013896146,34.208491240143594,-623.0557292288217,432.8504943847656,196.3414764404297,46.782959389173264,48.80139642012727,-627.9758535346735,411.35791778564453,201.96531772613525,57.59063780765118,60.07536894704388,-716.4056454444134,395.4924011230469,201.51145935058594,57.25589835103187,59.72618725496568,-986.7477991678825,433.3919906616211,184.77220058441162,66.73844845542335,69.61785919620723,-35.80211621286722,398.66127014160156,199.0861701965332,79.46976313284316,82.89846270300322,641.132963618612,379.6569061279297,206.25991344451904,76.38201294945983,79.6774924456047,369.9400298173082,365.9446334838867,211.22390270233154,71.42821126610492,74.50996044479577,224.83476583461766,426.4470672607422,168.36120128631592,62.62393591728559,65.32582722407608,56.86303765720897,391.02405548095703,184.94340419769287,70.56749167090554,73.61210535567079,740.8404582410045,371.20277404785156,195.57065963745117,49.31957532882283,51.44745390885254,27.86141963660711,358.2288360595703,203.20165157318115,29.058284218569064,30.311995349471136,-484.28189859656186,419.12437438964844,154.92746829986572,43.74693571886938,45.634384401009946,-298.62227869132545,386.55887603759766,170.98873615264893,59.91263675025873,62.497549851476606,156.20339516412827,368.8693618774414,182.00544834136963,33.2795652307443,34.71540229006742,-968.3500200922512,357.34954833984375,190.90919494628906,5.933969375868134,6.189988740294471,-1867.4328095591775,412.5733947753906,146.09747886657715,21.797912239751998,22.738376755820706,-782.8130864107738,386.48284912109375,155.7749319076538,29.888337363361227,31.17786089320051,-707.4697034528112,370.9900665283203,163.31969261169434,50.97122130575858,53.170359665960405,-329.61481814305034,359.0559387207031,170.0577449798584,68.48159767114235,71.4362160724382,-63.129683055916175,28.873804271827794,35.588375235153514,33.9355831996097,42.704062935995104,55.970239948265935,33.94565534325413,20.23501030626996,20.025736036466288,19.602526169484932,33.86114238288205,27.116244984766073,26.518125008469077,31.851810618879096,31.758673418395652,32.00729174970466,33.959837156537944,42.40685291103896,32.77161168841323,38.18119262886934,39.14949958525298,37.37595896522606
53,2.12,455.3851318359375,155.47648429870605,48.333464579065655,50.41879770066521,529.5460278094032,451.66282653808594,180.84993839263916,48.98596253340731,51.09944748744459,422.27390618252497,433.95164489746094,197.469162940979,39.40343651836024,41.10348620427022,-192.44775539642626,412.4367904663086,202.62462615966797,31.609471203369395,32.97325254680703,-677.5529100059211,396.76029205322266,201.92245960235596,33.32105769795794,34.75868493758225,-624.1875579345857,436.1922073364258,185.72972774505615,73.98509853860014,77.17716386706354,188.98261677140766,401.49803161621094,199.66538429260254,72.38225193768744,75.50516292071264,-184.83249455726457,382.83782958984375,206.64995670318604,80.11869247477033,83.57538991063448,97.44743662574464,369.4347381591797,211.40931129455566,87.37565089375718,91.14544766741925,415.8871805655871,429.70375061035156,169.0591049194336,83.26559884168022,86.85806862770882,538.3060350908185,393.66973876953125,185.23590087890625,66.54507106071857,69.41613859065137,-104.89916912548551,374.2242431640625,195.9691286087036,76.19076855690705,79.47799686995167,700.7635740274783,361.6729736328125,203.69389057159424,86.97838400637721,90.73104081696022,1510.4761366872272,422.74051666259766,155.5339765548706,91.66630106532952,95.6212166794037,1249.670806959844,389.407958984375,171.14584922790527,71.33529173923127,74.41303193224893,297.88705201930804,371.58935546875,182.66980648040771,69.99882531900968,73.01890406118237,957.5875442778736,359.92881774902344,192.0878505706787,70.89543253110301,73.95419512788298,1694.105159689713,416.33068084716797,146.4316463470459,94.30292456418987,98.37159652408458,1890.8304942065968,389.7509765625,156.2879991531372,82.70389565968343,86.27213092703794,1377.3567508459357,373.9951705932617,164.34898853302002,79.41229649267585,82.83851668153825,741.7039253894462,361.9597625732422,171.7430877685547,83.9366326536922,87.55805399628909,403.04594809627224,30.890556179854403,37.632353134651304,35.579722647780514,44.022993037867394,57.360587345769225,37.032741897936674,23.25521682309847,23.368751632891666,23.248344076181702,37.3354651279904,29.892890528392126,29.697244883267146,35.4810522515575,35.5835220855718,34.983813026994625,36.88059331898524,45.36502071615428,36.70647554937661,41.63207786595086,42.46304025251451,40.87828112507762
54,2.16,457.0611572265625,155.01188278198242,43.48071181111218,45.35667434100931,-126.55308399139749,453.74847412109375,180.74462413787842,52.20761997042518,54.46010238757357,84.01637250322445,435.7328414916992,197.10976123809814,45.42735197102976,47.387301718409944,157.09538785349312,413.8730239868164,201.98899269104004,39.26509766852617,40.959178765424895,199.64815546544656,398.07899475097656,201.57062530517578,34.120779754935434,35.59291076762904,20.85564575116976,438.2814025878906,185.4796314239502,52.602786098825035,54.872317842423804,-557.6211506159934,403.9834976196289,199.68300819396973,62.13821215668086,64.81914705459899,-267.1503966528412,385.4413604736328,206.8245506286621,65.2344622384164,68.04898393596558,-388.16014936672264,371.71688079833984,211.68412685394287,57.46574314947443,59.94508574555299,-780.0090480466565,431.62471771240234,168.62903594970703,49.21301864016169,51.33629986318155,-888.0442191131816,395.8180618286133,185.2666711807251,53.71358520929319,56.03104205399274,-334.62741341646574,376.3814163208008,195.80230236053467,54.090358574971155,56.42407119578002,-576.3481418542912,363.2499313354492,203.25811386108398,40.901535250284425,42.666219965615845,-1201.6205212836094,424.36588287353516,154.9914264678955,42.83818329287269,44.6864241187222,-1273.3698140170375,390.9974670410156,171.28812789916992,39.896577879737144,41.6179040047244,-819.8781981881132,373.48323822021484,182.61500358581543,47.36688738950278,49.410517822384854,-590.2096559699379,361.7807388305664,191.8870210647583,46.569465470356185,48.57869136893955,-634.3875939735858,417.4839782714844,145.82877159118652,32.534144757732584,33.937820869864616,-1610.8443913554993,390.79681396484375,157.2843360900879,36.111486781159684,37.66950626332966,-1215.0656165927069,375.37010192871094,166.25601768493652,58.77497534803584,61.31080438247138,-538.1928074766718,363.4505844116211,174.4754934310913,77.81625175071743,81.1736110583468,-159.61107344855742,32.70482315349478,39.810757230154245,37.47521471651691,45.66136018848439,58.78430377647439,39.227634611633626,25.847982705282426,26.09071099033029,25.64614750600382,39.38891712251767,32.13413221055184,31.954207731098347,37.187701050182135,37.37097905032069,36.6485291871836,38.85701403188064,47.308168370911865,38.063988384171196,43.138858116484045,44.91547242781336,44.1252255674115
55,2.2,457.8133010864258,154.7164249420166,20.202347034554293,21.073971358862536,-607.0675745536694,454.49047088623047,180.46955108642578,19.783585100861078,20.637142064635565,-845.57400807345,435.95176696777344,197.13688373565674,5.5149792581284505,5.75292141708742,-1040.8595075330632,413.59764099121094,202.47353553771973,13.93326874196021,14.534415526135536,-660.619080982234,397.2264862060547,202.71320343017578,35.639300558629515,37.17694770502798,39.60092343497337,439.9639129638672,185.0613498687744,43.343112375764676,45.21313821847121,-241.4794905988149,405.22254943847656,198.95658016204834,35.907407795527234,37.456622349851294,-684.0631176186923,386.4427947998047,206.261944770813,28.71624171224212,29.95519551975241,-952.3447104053294,372.7717590332031,211.17015838623047,29.335683009252005,30.601362429436474,-733.5930829029128,433.3506393432617,167.87816047668457,47.054618874339724,49.08477657392669,-56.28808223137156,396.69273376464844,184.65346813201904,26.705207528564166,27.85739585736493,-704.3411549156953,377.11669921875,195.40034294128418,20.94952736252048,21.85338856244452,-864.2670658333877,364.03194427490234,203.00339698791504,20.561263989433527,21.448373680256083,-530.446157133994,425.63243865966797,154.2493772506714,36.69809770418487,38.28142634219397,-160.12494441320584,391.4870071411133,171.2096929550171,12.394594337549968,12.929355466841704,-717.2137134470674,373.86680603027344,183.07129383087158,14.902287002473585,15.545241794654995,-846.6319006932465,362.0761489868164,192.83798217773438,24.89470574751215,25.968780509168006,-565.2477714942886,418.17684173583984,145.4286289215088,20.002717570612223,20.86572894037994,-326.8022982371169,391.3003921508789,157.61601448059082,15.074845442347668,15.72524521769374,-548.6065261408979,375.89771270751953,167.26601600646973,28.487604139946754,29.716693446608577,-789.8527733965701,364.14512634277344,175.94736099243164,40.687702474571196,42.4431614376508,-968.2612405173998,33.54778200784928,40.63624291273967,37.70533157320041,46.24273680952981,60.271381684675504,41.03616014037247,27.346247599276477,27.28891881112039,26.87020200318128,41.35230818547474,33.248428044846435,32.828343273596126,38.04563599739238,38.902236104008445,37.165703405857265,39.47882370366683,48.346919591278585,38.8986175417864,43.767867925191794,46.104140165677705,45.822952024917534
56,2.24,457.87559509277344,155.26036262512207,13.687328682238073,14.277864454830983,-169.90267260078883,454.2171096801758,181.04271411895752,15.875338792381955,16.560275618009538,-101.92166116565069,435.65025329589844,197.40115642547607,10.023427211784028,10.455885032441245,117.57409038384561,413.1871795654297,202.40637302398682,10.39799816386849,10.846616738147931,-92.19496969969012,397.1641159057617,202.1717405319214,13.626080795314088,14.213974045829534,-574.074341479961,439.2549514770508,185.3477668762207,19.11578359536003,19.94052845948051,-631.8152439747674,405.4804992675781,198.9979648590088,6.5312138743514545,6.813001177104311,-766.0905293186746,386.61182403564453,206.26261711120605,4.22576432511073,4.408083684750509,-638.6777958750475,372.7793884277344,211.16410732269287,0.24344279467863605,0.25394606249482315,-758.6854091735413,432.65087127685547,168.33722591400146,20.9227212394339,21.82542589705705,-681.483766921741,396.90006256103516,184.76662158966064,5.904920341726423,6.159686394113704,-542.4427365812808,376.8378448486328,195.67608833312988,9.804185358100698,10.227184053427083,-290.6551127254359,363.1821823120117,203.58042240142822,25.67895200129608,26.78686283704157,133.46222891963723,425.03868103027344,154.7046947479248,18.70598409883402,19.513048284137806,-469.20945145140405,392.1368408203125,171.483793258667,17.631909764021625,18.392633327875025,136.58194652583302,373.91712188720703,183.7260103225708,16.416176662858632,17.124447779428166,39.48014961932928,361.4451217651367,193.93823146820068,31.70906668123883,33.07714504229296,177.7091133281239,417.8546905517578,145.70873737335205,10.672456670077292,11.132916675929794,-243.3203066112537,391.4439392089844,157.66034603118896,3.7559156897129187,3.917963568090877,-295.1820412400716,376.13719940185547,167.27647304534912,5.992872142495612,6.251432849473572,-586.6315149283752,364.2890167236328,175.9559440612793,3.6036535951985242,3.759132170266235,-967.1007316846142,34.11889658604252,41.298653937460045,38.12356697449806,46.676601479055726,60.83994064650869,41.833781278751694,27.61876764636065,27.46524215851041,26.880359845681074,42.225325221357025,33.49481550061098,33.237430635733205,39.11711051087404,39.68275803537396,37.901408738972265,40.16380161484396,49.6700053929703,39.34393420882359,43.92458646791543,46.35419747965665,45.97331731172818
57,2.28,458.46221923828125,155.12414932250977,15.055770320323253,15.705347105136731,35.68706625764371,454.9485397338867,180.5134105682373,22.571444518968704,23.545282857843727,174.62518099585475,436.09832763671875,196.51508331298828,24.823076153744555,25.89406047763289,385.95438612979115,413.68770599365234,201.37780666351318,28.5971530843468,29.830968848012752,474.60880274662054,397.7802276611328,201.35530471801758,25.57050465540357,26.673736562288727,311.49406291147983,439.3943405151367,185.05783081054688,8.04255191609531,8.389545454400062,-288.7745751270112,405.93013763427734,199.3049955368042,13.611633303801431,14.198903221542416,184.64755111095263,387.09136962890625,206.57275199890137,14.277333972562023,14.893325349973388,262.131041630572,373.03165435791016,211.36656761169434,8.086573291188023,8.43546611878103,204.53800140715518,432.5588607788086,168.47431182861328,4.127535564337408,4.305616872968052,-437.9952256022249,396.90128326416016,185.1815700531006,10.373756474491525,10.821329148208664,116.54106885237398,376.8531036376953,196.257963180542,14.551872059431895,15.17970830190055,123.8131062118367,362.9664993286133,204.3224287033081,19.31794019423898,20.151407045393984,-165.88639479118967,424.95052337646484,155.0826930999756,9.703560109508205,10.122217358062944,-234.77077315187157,391.8369674682617,172.05187797546387,16.059348382024204,16.75222424730712,-41.01022701419765,373.78257751464844,184.21445846557617,12.665992277368687,13.212462790996238,-97.79962471079821,361.4191436767578,194.27701950073242,8.494564146505269,8.86105961962167,-605.4021355667822,417.95166015625,146.18858814239502,12.23876690956088,12.766804910277635,40.847205858696036,391.2120056152344,158.24425220489502,15.70707666152894,16.38475386698167,311.6697574722698,375.9588623046875,167.69948959350586,11.476800518892984,11.97196370366506,143.01327135478718,364.29908752441406,176.1040163040161,3.710357976116178,3.8704402803327342,2.7827027516624803,34.74711047024798,42.24046525177379,39.15932939360338,47.86984023297624,61.90689010900023,42.1693630969277,28.186723775222344,28.060975172509345,27.217778490432316,42.39754989627575,33.92766866653933,33.844618967809225,39.9231667926898,40.08764672969647,38.571497708864555,40.69230012648381,50.02444777775518,39.8546064052347,44.57997662259469,46.83307602780325,46.12813492294149
58,2.32,458.6594009399414,155.33034324645996,7.132520493467482,7.440250993547492,-206.62740278973098,454.8136901855469,180.59081554412842,3.887152796405398,4.054862861174341,-487.2604999167347,436.1453628540039,196.41098499298096,2.855780529624206,2.978992341115655,-572.8767034129309,413.8484573364258,201.36119842529297,4.040175412361649,4.214487592914892,-640.4120313774465,397.94200897216797,201.22079372406006,5.259895441908388,5.486832084598655,-529.6726119422518,439.4535446166992,185.10369300842285,1.8722424448769388,1.9530197948138484,-160.91314148965537,405.7297134399414,199.27348136901855,5.072166724292452,5.2910038666442,-222.6974838724554,386.95507049560547,206.55921936035156,3.4242322172882598,3.571969709747103,-283.0338910056571,373.0579376220703,211.42016887664795,1.4924613855013145,1.5568531932684375,-171.96532313781478,432.637939453125,168.65843296051025,5.009617496791961,5.2257559711096,23.0034774535387,396.7769241333008,185.24934768676758,3.5407450710969854,3.6935094763843512,-178.1954917956078,376.83929443359375,196.06281280517578,4.890958694589669,5.10197766976615,-251.94326580336002,363.1989288330078,203.81197929382324,14.02190416269606,14.626875096044575,-138.11329873373523,425.0009536743164,155.28621196746826,5.241847501531463,5.468005471139375,-116.35529717308921,391.73622131347656,172.23702907562256,5.269648801981995,5.4970062505256285,-281.3804499195372,373.8517761230469,184.15496349334717,2.281460486838728,2.3798934289060774,-270.814234052254,361.6545867919922,193.94634246826172,10.148299128268294,10.586144511056014,43.1271222858586,417.98744201660156,146.26201629638672,2.0420631920999983,2.1301674082568893,-265.9159375505186,391.0874557495117,158.0807590484619,5.138256103241132,5.35994465242059,-275.62023036402695,375.78113555908203,167.3486852645874,9.831406095119355,10.255579221142849,-42.909612063055256,364.03099060058594,175.67307472229004,12.688247697837213,13.235678415038878,234.13095336765358,35.04472050998989,42.402659766220765,39.278489087248005,48.03841973669283,62.126363392384185,42.247483888720254,28.398363929888113,28.203853960899227,27.280052618163054,42.60658013512013,34.075409045594704,34.048698074599876,40.508241796531586,40.30636694854205,38.791377958885576,40.78749586364005,50.44789355819742,39.939813101564965,44.79437440869152,47.24329919664897,46.65756205954304
59,2.36,459.62974548339844,155.48930168151855,24.581958794676936,25.64254018098496,455.05722968593665,455.50243377685547,179.90067958831787,24.37538938241803,25.427058392155406,534.3048882745267,436.563720703125,195.75684070587158,19.412110238828046,20.24964002887548,431.76619219399555,414.11792755126953,201.1673927307129,8.298149038324876,8.656170239335228,111.0420661605084,397.92598724365234,201.18709087371826,0.9329315039801787,0.973182559483371,-112.8412381278821,439.4989013671875,185.54450511932373,11.078485679791287,11.556463687915317,240.08609732753672,405.2022933959961,199.3961477279663,13.537423554095666,14.121491713999616,220.7621961838854,386.38362884521484,206.5660858154297,14.287072565926978,14.903484112086408,283.28786005848264,372.50450134277344,211.4695644378662,13.890906123927707,14.49022518540055,323.3342998033028,432.8868865966797,169.0134572982788,10.840230644802922,11.307929209477654,152.05433095920137,396.8439483642578,185.55373191833496,7.791903167802122,8.128082539540186,110.86432657889587,376.9607162475586,196.2362766265869,5.293448441532851,5.521832718528981,10.496376219070779,363.3243942260742,204.01622772216797,5.992650985717773,6.2512021509515625,-209.3918236273253,425.4523468017578,155.46438217163086,12.132095273299747,12.655530957626235,179.6881371621715,391.9922637939453,172.31163024902344,6.667228007077708,6.954883599605565,36.44693372699841,373.7318420410156,184.0808916091919,3.5240981164504035,3.6761442937729294,32.4062716216713,361.1492156982422,193.89235496520996,12.706164667294248,13.254368406876429,66.70559739551037,418.4994125366211,146.22320652008057,12.835984869352712,13.389789663391944,281.49055637837637,391.2890625,157.7435302734375,9.822440141931095,10.246226434539832,122.15704455298105,375.6370162963867,166.76738262176514,14.972539957201464,15.618525792463691,134.07366428302106,363.5843276977539,175.01067638397217,19.97309608217723,20.83482944153368,189.97877566237008,36.070422117229285,43.419742101906984,40.08847468840302,48.384666546266246,62.16529069476351,42.709742436236866,28.9632235984481,28.799993325382683,27.859661625579076,43.058897303499236,34.400532347176316,34.26957138334104,40.75828988256965,40.812588186847094,39.0695733028698,40.93454163539097,50.97806829447248,40.475404688100646,45.20422346607311,47.86804022834752,47.49095523720439
60,2.4,458.8539123535156,156.05757236480713,24.042262462549985,25.079558809252603,-14.074534293308893,454.6107864379883,180.68381309509277,29.668302385948174,30.948332571366443,138.03185448027594,436.0441207885742,195.47475814819336,14.780786526506864,15.41849921636786,-120.77852031269049,414.05956268310547,200.45353889465332,17.905895626384698,18.67844022973137,250.55674975990348,398.39012145996094,200.74922561645508,15.952009165512399,16.640253911851367,391.6767838091999,437.73353576660156,186.73233032226562,53.19448054354476,55.489540770031866,1098.3269270529138,404.3103790283203,200.30851364135742,31.897519488046495,33.273728590054475,478.80592190137145,385.5815124511719,206.9826078414917,22.595371591701287,23.570242257095977,216.66895362523923,372.1739196777344,211.43689155578613,8.304808640308096,8.663117167888418,-145.67770043780334,431.30931854248047,170.69170475006104,57.582741962346276,60.06713243781429,1218.9800807084157,396.17958068847656,186.50743961334229,29.057515982736327,30.31119396832922,554.5777857197259,376.4451599121094,196.58809661865234,15.603998723058666,16.277228661155945,268.8848985656741,363.2968521118164,203.79188060760498,5.650785115280939,5.894586578026503,-8.915389323126476,424.13028717041016,157.3288106918335,57.139825077305396,59.60510603396412,1173.7393769084472,391.6481399536133,173.27377796173096,25.545907678055514,26.64807835558329,492.3298688994431,373.75343322753906,184.473237991333,9.823500614429358,10.247332660812306,164.27970917598444,361.70886993408203,193.51245403289795,16.91038109536963,17.639974516908023,109.64015275078984,417.68577575683594,147.98166275024414,48.439221729530864,50.529117712299836,928.4832012226973,390.8271026611328,159.24888610839844,39.366094886471934,41.0645334786507,770.4576761027718,375.5776596069336,167.6464033126831,22.025561735809625,22.975848122467973,183.93305825010705,363.9704132080078,175.09185791015625,9.863203758845168,10.288748785723161,-263.652016395263,37.07360446959939,44.65767540476164,40.70521465705774,49.131804155455505,62.83090085123757,44.929324067038145,30.29417274205028,29.742803015666524,28.206186312294612,45.461582601011806,35.612980105909486,34.92066052978728,40.9940733456907,43.19679242820566,40.13549643709313,41.344434941823465,51.6836672751488,42.49656939659264,46.846804805219136,48.78707415324624,47.90250518863331
61,2.44,459.2592239379883,155.80731868743896,11.908620395117781,12.422414321515745,-316.42861219342143,455.45135498046875,180.59522151947021,21.130604905548537,22.042278642838617,-222.65134821319563,436.99695587158203,195.68305492401123,24.383424726474352,25.43544041876904,250.42353006002952,414.970703125,200.37360191345215,22.866006781619607,23.852553922729868,129.3528423249625,399.17381286621094,199.86042022705078,29.624179740376633,30.902306267221608,356.551308884256,438.60218048095703,186.7111587524414,21.7225671127188,22.65978088542943,-820.743997115061,404.39449310302734,200.08787155151367,5.9032887748291145,6.157984433742212,-677.8936039078066,385.56968688964844,206.87232971191406,2.7727592043493696,2.892389085166027,-516.9463292982488,371.77547454833984,211.40397548675537,9.995060928361776,10.426294894059033,44.0794431542654,431.89613342285156,170.29412269592285,17.72045417021102,18.484997956441756,-1039.5533620343133,396.53663635253906,186.02675914764404,14.96960373020508,15.615462882816653,-367.3932771378142,376.77406311035156,196.1564826965332,13.566223949136678,14.151534693618771,-53.14234918842935,363.50433349609375,203.32646369934082,12.739246036358775,13.288877061884946,184.85726209646108,424.5914840698242,156.7802381515503,17.917073072594604,18.690099923572383,-1022.8751527597934,391.88011169433594,172.64674186706543,16.714237054590907,17.435367899146616,-230.31776141091686,374.1778564453125,183.93103122711182,17.21415193511529,17.956851460240806,192.73796998571248,362.17830657958984,193.16740036010742,14.565215438928888,15.193627377583644,-61.158678483109476,417.9729461669922,147.558331489563,12.788574019882029,13.340333286757309,-929.7196106385633,391.3076400756836,158.86666774749756,15.350225613018361,16.01250658487978,-626.300672344273,376.0845947265625,167.49173641204834,13.250119472695754,13.821791982460992,-228.8514035001745,364.24774169921875,175.3397512435913,9.299267336693795,9.700481492407672,-14.706682332887233,37.570501042460016,45.53936655047519,41.72263227380849,50.0859063123647,64.06699310192644,45.83571530245532,30.540492119399964,29.85849857907316,28.623238108056977,46.20098251926947,36.23759862122215,35.48672191753202,41.5256284281661,43.94439642514856,40.832911153058994,42.0627090002331,52.29141237025215,43.03018272806294,47.487305068614326,49.33994583254468,48.29052444832961
62,2.48,459.17701721191406,155.83763122558594,2.190433145058488,2.2849387392222953,-253.4368895573363,455.2670669555664,180.46693325042725,5.613597114175545,5.855794111544863,-404.66211328234385,436.80503845214844,195.67040920257568,4.8083397701724575,5.015794176140862,-510.4911560657045,414.77806091308594,200.03235340118408,9.796733158823635,10.219410331202791,-340.82858978817694,399.07970428466797,199.2903470993042,14.444717808311461,15.067930912113612,-395.8593838776999,439.28443908691406,186.8276023864746,17.30310530853657,18.04964270081042,-115.25345461547528,404.78954315185547,200.20262718200684,10.284496700403828,10.72821828740594,114.25584634159323,385.90465545654297,206.95301055908203,8.613700566071952,8.985336144990303,152.3236764956069,371.98936462402344,211.36602401733398,5.430773339680542,5.66508245904048,-119.03031087546383,432.9159164428711,170.28310775756836,25.49606264684693,26.596082775155203,202.77712046783617,397.04418182373047,185.99324226379395,12.716273698246066,13.264913588997105,-58.763732345488684,376.83765411376953,196.06876373291016,2.708601148979572,2.8254629493566163,-283.1517936065539,363.2271194458008,203.13095569610596,8.48052950177331,8.846419454268247,-111.06144019041749,425.7453918457031,156.60279750823975,29.186772872444557,30.446027608548736,293.8981921244088,392.60807037353516,172.5717258453369,18.29534165671422,19.08468879456146,41.23302238537106,374.59449768066406,183.75851154327393,11.273668444288717,11.760067555412842,-154.91959762069908,362.43412017822266,192.9147720336914,8.988244703264739,9.376039878884697,-145.43968746747368,419.0378189086914,147.250657081604,27.710754876569617,28.90632725011855,389.1498490840311,391.8442916870117,158.4376859664917,17.17593375147389,17.916984364300465,47.611944485517114,376.2356948852539,167.00973987579346,12.628141166613574,13.172978605193963,-16.22033443167572,364.20501708984375,174.825439453125,12.902083408768389,13.458740004860985,93.95646281133283,37.661898592028905,45.77359831493698,41.92326404085413,50.49468272561281,64.66971033841098,46.55770101048773,30.969620850896202,30.217912024872774,28.849841406418594,47.26482583027568,36.768195164782036,35.599740435506284,41.87948520633683,45.16223752949051,41.59629870484146,42.53311170244962,52.666453965407534,44.18643581806768,48.20398444318634,49.86686497675244,48.82887404852406
63,2.52,458.7898254394531,156.13640785217285,12.226634380934994,12.754148927270553,261.73025470120643,454.9547576904297,180.98037242889404,15.024082065863803,15.672291670253419,245.41243896771388,436.81644439697266,195.9038257598877,5.84237669985024,6.094444325193532,26.966253726316737,414.84375,200.09332180023193,2.2405637993122016,2.337232265817836,-197.0544516346239,399.26719665527344,199.11778450012207,6.370402247491446,6.645251379874146,-210.56698830598663,439.11144256591797,186.08648300170898,19.026063353202666,19.846937263848613,44.93236407595482,404.8438262939453,200.02424240112305,4.661530701262703,4.862651073107651,-146.63918035745724,386.0040283203125,207.0003318786621,2.751621492474676,2.8703393929259486,-152.87491880160883,372.10384368896484,211.64721965789795,7.590143467930845,7.917617976725403,56.31338794212306,432.41241455078125,169.47775840759277,23.74475903810343,24.769219687009695,-45.6715772036377,396.60240173339844,185.66302299499512,13.788908896732238,14.383827317819907,27.972843220570056,376.6456604003906,195.88354110717773,6.6693799871237305,6.957128426198097,103.29163692103702,363.1166076660156,203.16689014434814,2.905182657957297,3.030525909753879,-145.39733861285922,425.0177001953125,156.04383945465088,22.93972051540851,23.929448013894877,-162.91448986634646,391.9990921020508,172.34574794769287,16.238852818235785,16.93947334965356,-53.63038612269744,374.30896759033203,183.67690086364746,7.424104976111237,7.744415802983398,-100.3912938107361,362.38399505615234,193.00829887390137,2.6528048484367557,2.7672593338282514,-165.21951362641113,418.3018112182617,147.13568687438965,18.62332994053686,19.42682803647718,-236.98748034103428,391.5773010253906,158.62526893615723,8.157488273873257,8.509440707548698,-235.18859141879415,376.2806701660156,167.2535276412964,6.197542380275975,6.464933524499972,-167.7011270173498,364.37530517578125,175.172381401062,9.661998610878392,10.078862700791788,-84.49693260172992,38.172064549119725,46.400489981747114,42.16704181386187,50.58817201624552,64.93552039360594,47.35157850104168,31.16412689382051,30.332725600589814,29.166546125487613,48.25559461775607,37.34354825749483,35.87802557255421,42.000706242726984,46.11941545004631,42.2738776388276,42.842888334568954,52.777144338760664,44.96350893952676,48.544362071488294,50.125462317732435,49.23202855655573
64,2.56,458.1986999511719,155.9825849533081,15.270290335953426,15.929122523782922,79.37433991280925,454.7312927246094,180.55709838867188,11.966032761400886,12.48230372746572,-79.74969856969247,436.7372512817383,195.83869457244873,2.5633987543072783,2.673995840048557,-85.51121212862436,414.62623596191406,200.67069053649902,15.424554579936558,16.090042453226594,343.82025468521897,398.61541748046875,200.01708984375,27.76650628215166,28.964484033706256,557.9808163458027,439.3404769897461,185.53247451782227,14.987122962662436,15.633737977408588,-105.32998216100063,405.2016067504883,199.84482765197754,10.006138968623231,10.437850893111168,139.37999550008792,386.17977142333984,206.75076484680176,7.630913348563906,7.960146861874035,127.24518672370215,372.2505187988281,211.25487327575684,10.471666278362356,10.923463241786829,75.14613162653565,432.1522521972656,169.37024116516113,7.03759580782445,7.341230810245586,-435.6997219191028,396.7375183105469,185.87043285369873,6.188464011154267,6.455463471811103,-198.20909615022012,376.82579040527344,196.0916233062744,6.88045330265348,7.177308437881192,5.504500292077363,363.38218688964844,203.34590435028076,8.00696610580019,8.352424304780241,133.04745987565906,424.2747497558594,156.2224245071411,19.102813543699057,19.926998818753184,-100.06122987854233,391.65348052978516,172.84559726715088,15.192446746791454,15.847920395848748,-27.288823845120326,373.8866424560547,184.26652908325195,18.13180831433292,18.91409985419388,279.24210128026203,361.82689666748047,193.68739128112793,21.959125554845745,22.90654557200538,503.4821559544282,417.0502471923828,147.4943447113037,32.54850183624134,33.95279738030536,363.1492335957046,390.67371368408203,158.44573974609375,23.03123983660537,24.02491590930259,387.88688004384727,375.3825378417969,167.16801166534424,22.554858871615977,23.527981627611332,426.576202577784,363.5123062133789,175.22894382476807,21.621264372184406,22.55410746793271,311.881119178523,38.809229450071044,46.89978213084574,42.27400164746381,51.23177371437458,66.0940997549542,47.97692802013802,31.581640929544957,30.651131475064776,29.603484655159086,48.549243850165894,37.60176679636727,36.165117910069455,42.334803214918196,46.916495402796436,42.907794454661556,43.5994523287367,53.69340616164088,46.32162083473898,49.505358707860395,51.06658158283689,50.13419285527304
65,2.6,458.0677795410156,156.03176593780518,3.4963304899191985,3.6471786411573532,-307.0485970656392,454.29637908935547,180.7453966140747,11.848156286412866,12.359341506614236,-3.0740555212871,436.0227966308594,195.99969863891602,18.30928312328035,19.09923176160447,410.63089803889784,414.01817321777344,200.78587532043457,15.471906703403304,16.13943757014112,1.2348779228631201,398.3638000488281,200.52539348602295,14.179296629535502,14.79105821460015,-354.33564547765263,438.85414123535156,186.0219383239746,17.24995078861888,17.994194844755704,59.0114216836779,405.5269241333008,200.02145290374756,9.254319232215215,9.653594115173899,-19.606419448431733,386.71619415283203,206.79651260375977,13.459248724913511,14.039944054791958,151.99492982294805,372.7250671386719,211.22889518737793,11.881471602990764,12.39409420273282,36.765774023649776,431.9906234741211,169.90804195404053,14.039086790649675,14.644799063430401,182.5892063296204,396.9420623779297,185.98681926727295,5.88345523301219,6.137295179593683,-7.954207305435501,376.8769836425781,196.41290187835693,8.133290709528215,8.484199146402883,32.67226771304228,363.1474304199219,203.91710758209229,15.439068384102864,16.105182451207313,193.81895366067678,424.35264587402344,156.69110298156738,11.877692263639773,12.390151804896469,-188.42117534641787,392.2104263305664,172.83034801483154,13.928863124465835,14.529819829569401,-32.95251415698366,374.2652893066406,184.29814338684082,9.499108565085802,9.908944811855148,-225.12887605846825,361.9854736328125,193.7067747116089,3.9939306540617303,4.166247618111811,-468.5074488473393,417.2800064086914,147.84552097320557,10.49148656060295,10.944138664278505,-575.2164679006714,390.98133087158203,158.72458934783936,10.37983123776264,10.827666005355427,-329.931247598679,375.82202911376953,167.26972103118896,11.277670782365695,11.76424257318966,-294.0934763605418,364.0095901489258,174.9876594543457,13.818227544694018,14.414410910229757,-203.49241394257382,38.955116595717335,47.394155791110315,43.037970917927986,51.877351217180234,66.6857420835382,48.696695813928244,31.96778469415191,31.212729237256454,30.0992484232684,49.13503581270311,37.84725860355102,36.50448587592557,42.97901051296649,47.4121014749923,43.48898724784433,43.995810121210916,53.86005606636535,46.759386381310115,49.938465348074615,51.53715128576447,50.710769291682226
66,2.64,457.34642028808594,155.865797996521,18.505143361397288,19.30354233212168,391.40909227410816,454.16778564453125,180.6398105621338,4.159679105429109,4.339147237691533,-200.50485672306758,436.0392761230469,196.19287490844727,4.846947800727795,5.056067938825645,-351.07909556947067,414.0409469604492,200.95122814178467,4.17284367097996,4.352879784553339,-294.6639446396945,398.1666564941406,200.48758506774902,5.018407220373775,5.234924924731605,-238.9033322467136,439.9922561645508,185.6128978729248,30.2347035980714,31.539170997292594,338.62440381342225,405.9032440185547,199.69745635986328,12.414467781747373,12.950086344947188,82.41230574433223,386.98780059814453,206.694917678833,7.249637486892259,7.562420965226938,-161.9380772391255,372.9438781738281,211.21108531951904,5.488366133200565,5.725160076707473,-166.72335315063367,433.04161071777344,169.51478004455566,28.053844609202315,29.264219488414163,365.48551062459404,396.73789978027344,186.00093841552734,5.116255749396806,5.336995099776674,-20.007501995425226,376.62353515625,196.53522491455078,7.035581905824276,7.339130019035602,-28.626728184182014,362.97828674316406,203.92600536346436,4.234438709889461,4.417132323310676,-292.20125319741595,425.05359649658203,156.41956329345703,18.792710978667156,19.603516969707904,180.33412912028587,391.8335723876953,173.1701946258545,12.686474423605473,13.233828633411665,-32.399779903943404,374.05094146728516,184.90276336669922,16.03726746285679,16.72919065337293,170.50614603794457,361.9287872314453,194.4436740875244,18.476911916034826,19.274092849347713,377.6961307808976,417.5709915161133,147.78233528137207,7.444157289184823,7.765333267210149,-79.4701349267089,390.947265625,159.16471481323242,11.036045099812645,11.512192021588941,17.11315040583785,375.6740951538086,167.96576499938965,17.78977343479742,18.55730798032228,169.82663517831546,363.84246826171875,175.8120632171631,21.02931420260625,21.936617782292377,188.0551718015655,39.7272582890022,47.56772168061798,43.24021363548101,52.05146640856236,66.89513908052746,49.95826265381995,32.4857881479498,31.51522607586553,30.328254826336696,50.30560459223968,38.06073840754209,36.798051076686995,43.155695805898915,48.19624215378062,44.018340393180786,44.66497774734583,54.63101978033926,47.06999971199852,50.39895302893817,52.27944360497737,51.58823400297392
67,2.68,456.92291259765625,156.3870906829834,16.791084479796794,17.515530883923642,-44.70028620495094,453.95191192626953,181.2064790725708,15.159870195623409,15.813938338956463,286.86977753162324,436.2061309814453,196.9650650024414,19.75028615352576,20.602406444005723,388.65846262950197,414.5938491821289,201.73785209655762,24.037446216281083,25.074534767454168,518.0413745725208,398.8838195800781,201.2497043609619,26.162338257009754,27.2911046506662,551.4044931483648,440.32318115234375,185.1141357421875,14.9640195678541,15.609637793422511,-398.23833009675207,405.9763717651367,199.5763635635376,3.536517764883565,3.6890997842869724,-231.5246640165054,387.52479553222656,206.96908950805664,15.073440034743188,15.723779174191286,204.0339552241087,374.2024230957031,211.7490577697754,34.21759121428048,35.693899128929715,749.218476305556,433.3638381958008,168.27660083770752,31.985526960124506,33.36553311864542,102.5328407557815,397.3311233520508,185.02448558807373,28.56324485193368,29.795597654879522,611.4650638775712,378.45542907714844,195.97200393676758,47.91302802500405,49.98022153506631,1066.0272879007678,366.0307312011719,203.6600160598755,76.60029160700981,79.90518867167147,1887.2014087090197,425.2804183959961,155.11353492736816,33.13946162698784,34.56925395751047,374.14342469506414,391.50482177734375,171.50118827819824,42.5268970206164,44.36170749175228,778.1969714585153,374.5346450805664,183.57780933380127,35.26216434432482,36.783540059616634,501.35873515609256,363.54488372802734,193.6658763885498,44.83816138900903,46.77269068192103,687.4649458143329,417.6457214355469,146.81938648223877,24.14610411912781,25.18788068357913,435.56368540922455,390.7768249511719,158.68772506713867,12.66316610226204,13.20951468139537,42.433066495160745,376.2090301513672,168.47107887268066,18.3966294833011,19.19034665465278,15.825966858262586,365.6468963623047,177.66117095947266,64.59082855199611,67.37758086334138,1136.024077026225,40.42787952435915,48.200279214176234,44.064309893241244,53.05444779926054,67.98678326655411,50.58264816555685,32.633352139321275,32.14417724283318,31.756010791493885,51.64022591698549,39.25256231373727,38.797259938089645,46.351903352765774,49.57901231208103,45.792808692850876,46.13631934973049,56.501927407616094,48.07751493934168,50.92733361619399,53.04705747116348,54.283337237507574
68,2.72,457.10376739501953,155.3398561477661,26.568409689435178,27.71469591567857,254.97912579387315,454.27635192871094,179.95981693267822,32.2046949821152,33.594157080520276,444.5054685390954,437.39444732666016,196.7851209640503,30.046584594356002,31.34293565445964,268.5132302613479,416.94000244140625,202.572283744812,62.25306865742769,64.93895900530836,996.6106059463549,401.4772415161133,203.32185745239258,82.98966717547582,86.57023197087638,1481.9781830052546,442.25704193115234,183.64716053009033,60.6827497354155,63.30088913500258,1192.2812835395018,409.06166076660156,200.03182411193848,77.9681526879307,81.33206571684471,1941.0741483139436,390.95104217529297,207.92492866516113,88.92691716157306,92.76364286236397,1925.9965922043173,378.3068084716797,212.8357458114624,106.14515478366118,110.72475628534106,1875.7714289102837,434.90013122558594,167.27027893066406,45.913506005600055,47.89443072589638,363.22244018127384,398.85440826416016,187.0206642150879,62.77502506176423,65.48343506528046,892.1959352600235,381.9721221923828,198.0450439453125,102.05582217518503,106.45899062353509,1411.9692272117193,371.9163513183594,204.9139165878296,150.442660791923,156.93346516903864,1925.7069124341792,426.57955169677734,154.55158710479736,35.38655013287932,36.913292436455,58.60096197361333,392.5068664550781,173.29550743103027,51.378952149662204,53.59568193727141,230.84936113797826,380.1860046386719,185.3847599029541,148.33015374147587,154.72981462287328,2948.656864081416,374.91676330566406,194.17407989501953,284.58073978690476,296.85889215225313,6252.155036758302,418.98895263671875,146.4571237564087,34.780601115487826,36.2811999268274,277.3329810812067,391.7481994628906,160.6711721420288,55.21339704335284,57.5955628287619,1109.6512036841632,380.65773010253906,171.46114826202393,134.00430545472278,139.78588182288388,3014.8883792057773,375.653076171875,180.47388553619385,259.84971338202445,271.0608528828411,5092.081800487493,41.536467360986286,49.54404549739704,45.31802731941963,55.65200615947287,71.44959254538917,53.11468373095695,35.88663476799506,35.85472295732774,36.18500104290753,53.55600314602135,41.87189971634849,43.05561956303105,52.62924195952732,51.05554400953923,47.93663597034173,52.32551193464542,68.37628309370622,49.52876293641478,53.23115612934447,58.63849274407883,65.12577135282122
69,2.76,457.04158782958984,154.96434688568115,9.515563050491831,9.926109221197212,-444.71466736203394,455.0516891479492,179.14372444152832,28.141992174144807,29.356170154135047,-105.94967315963073,439.08775329589844,195.65065383911133,50.95525465436119,53.15370413808188,545.2692120905559,418.9802551269531,201.21452808380127,61.268525034718856,63.91193753740522,-25.675536697578494,403.3863830566406,201.23804569244385,70.65361310943229,73.7019424783473,-321.7072373132268,442.5286865234375,183.1138801574707,14.96200897981073,15.607540459149023,-1192.333716896339,408.98773193359375,200.25545597076416,5.888372049627103,6.142424130816144,-1879.7410396507144,390.4835891723633,208.10105323791504,12.48829890026381,13.027102885369295,-1993.4134994248666,377.6008605957031,212.84296989440918,17.649620940870125,18.411108648242436,-2307.8411909274655,434.7597885131836,166.60491943359375,16.99998781738729,17.73344729460716,-754.0245857822305,398.5408020019531,186.46153450012207,16.026831522739155,16.718304457686575,-1219.1282651898473,381.0421371459961,197.36363410949707,28.822642475674815,30.066186912846813,-1909.8200927672067,370.64388275146484,204.22289371490479,36.199869342304545,37.76170206409499,-2979.2940776235914,426.2132263183594,154.00129795074463,16.526729030973243,17.239769896968113,-491.83806348717223,392.56237030029297,172.67568111419678,15.5576616951466,16.22889243579542,-934.1697375368998,379.8280715942383,184.6671438217163,20.048206034901657,20.91317999108977,-3345.4158657945877,374.20589447021484,193.38250637054443,26.597969211281626,27.745530774406035,-6727.8340344461785,418.65978240966797,146.29348754882812,9.19000295184981,9.586502927797953,-667.3674249757362,391.61128997802734,160.85290431976318,5.688298925733834,5.933718910804171,-1291.546097948943,380.5210876464844,171.6016674041748,4.900050389248316,5.111461622918331,-3366.8605049991384,375.58197021484375,180.37402153015137,3.06480799033383,3.197038230173791,-6696.595366316683,41.93351172983418,50.71829230356245,47.444175484942896,58.20848366096908,74.39767024452306,53.73898534932291,36.13233173322771,36.37580707274251,36.92144538883723,54.26534103780564,42.54063189465595,44.258267039544926,54.13971004209112,51.745134805417955,48.58579166777355,53.16203913428901,69.48610432468246,49.912223053526695,53.46850488577664,58.842951208995565,65.25365288202818
70,2.8,459.5386505126953,153.48732948303223,72.52974584216146,75.65902040633921,1643.32277962855,457.70790100097656,178.12010765075684,71.16553213508747,74.23594809988533,1121.9944486437573,440.4001235961914,195.16772747039795,34.960099423215205,36.46844263627799,-417.13153754509716,419.9585723876953,200.5088996887207,30.156011989838703,31.457084262754165,-811.3713318662765,404.28150177001953,201.00494384765625,23.124310544918007,24.122002125967164,-1239.4985088095036,445.71651458740234,182.10528373718262,83.58945247614896,87.19589483203966,1789.7088593222659,411.5574264526367,200.98907947540283,66.80911880012059,69.69157859215282,1588.7288615334169,392.78846740722656,210.04287242889404,75.34555995545136,78.59632199183599,1639.2304776616677,379.9592971801758,215.6677007675171,91.99635736154185,95.96551315749578,1938.8601127313336,437.87841796875,165.17184734344482,85.80335547303144,89.50531602294392,1794.296718208419,400.5249786376953,186.4584445953369,49.60447604133602,51.7446465788603,875.6585530293431,383.75598907470703,198.71515274047852,75.79410803641845,79.0642225479053,1224.9508908764622,375.0926208496094,206.22891426086426,122.0025335205538,127.26629696654653,2237.6148725612884,428.66641998291016,152.4391222000122,72.7089756837511,75.84598306675949,1465.1553292447843,393.61705780029297,172.94171333312988,27.193046723458576,28.3662827309223,303.43475737817204,382.13157653808594,186.72556400299072,77.23029145439139,80.56236967727932,1491.2297421547387,378.95313262939453,195.81539154052734,133.3585401987217,139.11225521473588,2784.1681110082463,420.03578186035156,144.8963212966919,49.024534829447596,51.13968397385918,1038.8295261515307,391.77513122558594,162.1029567718506,31.51859656785264,32.87845715185358,673.6184560262353,382.65846252441406,174.1508960723877,83.16751984565329,86.7557580422287,2041.1074104827594,380.7386016845703,182.6388931274414,140.80236918014168,146.8772460094392,3592.005194481635,44.95987254608775,53.68773022755786,48.90291319039402,59.46676703147925,75.36255032956174,57.22682114260449,38.919994876913826,39.51965995241596,40.76006591513706,57.84555367872339,44.61041775781037,47.420835941461135,59.23036192075298,54.778974128088336,49.720442977010435,56.38453392138018,75.05059453327189,51.95781041248107,54.783643171850784,62.313181530684716,71.12874272240575
71,2.84,461.7174530029297,150.77420711517334,86.99214502768241,90.74539555348457,377.159378678634,460.24730682373047,175.35926342010498,93.7778052051766,97.82382104468599,589.6968236200163,443.03810119628906,192.50624656677246,93.68299745344714,97.72492284037699,1531.412005102475,421.24107360839844,198.03912162780762,69.57286221685422,72.57456290619663,1027.9369660860616,404.4709777832031,198.37816715240479,65.84003800067325,68.68068708647547,1113.9671240127077,446.4714813232422,180.26574611663818,49.71087299086931,51.85563399350573,-883.5065209633482,410.5325698852539,200.5510139465332,27.86386987762456,29.066048352885723,-1015.6382559816775,390.88706970214844,211.2150478363037,55.84189969577269,58.25118204337149,-508.6284987116125,377.1030044555664,218.01388263702393,92.40866265351912,96.3956072400979,10.752352065053117,438.22105407714844,161.96310997009277,80.67448107179186,84.15515784329997,-133.7539544910985,399.51717376708984,184.9986219406128,44.34772288729917,46.261092355219716,-137.08885559101452,381.64398193359375,198.47013473510742,53.15430360674903,55.44763041110813,-590.4148034199293,371.1396026611328,207.32887744903564,102.58006572233798,107.00585250442812,-506.51111155296036,428.90491485595703,148.4632158279419,99.57632526088643,103.87251654371937,700.6633369239971,392.8582763671875,171.64026260375977,37.66234246734063,39.28727316221549,273.0247607823298,381.9232940673828,187.1641731262207,12.138769258628795,12.662492890090482,-1697.496919679721,378.3184814453125,197.90303707122803,54.54955308771594,56.90307752079655,-2055.229442348483,420.7965850830078,140.7574224472046,105.20606336462824,109.74514804308068,1465.1366017305374,393.9872741699219,160.21814346313477,72.65542656474268,75.79012358675224,1072.7916608724665,386.4366912841797,173.20748805999756,97.35576266637354,101.55614842880254,370.00975966434595,384.8231887817383,181.95556640625,103.53377215384012,108.00070631957458,-971.9134922466158,48.58968836822714,57.600683069345294,52.8119101040091,62.36974954772712,78.10977781302077,59.301046502344725,40.08263681102925,41.84970723415081,44.61589020474098,61.21175999245539,46.46086145201915,49.63874115790546,63.51059602093011,58.93387478983712,51.29193390349906,56.8910336369838,77.32671763410376,56.3476163342043,57.81524811532088,66.37542746783681,75.44877097518872
72,2.88,451.89510345458984,152.19004154205322,248.09667694029858,258.8007351386523,4201.383489629194,448.1451416015625,178.44018459320068,312.2043384743008,325.67430288503584,5696.262046008746,430.38604736328125,196.18818283081055,329.42290528832996,343.6357597028435,6147.770921561662,407.4229431152344,202.26957321166992,361.28023310298335,376.8675625615707,7607.324991384351,389.74605560302734,202.14909553527832,380.00265959677336,396.3977626429616,8192.926888912152,431.89449310302734,188.91300201416016,423.72132655903016,442.00265864016455,9753.67561616647,397.49210357666016,206.54465675354004,358.7979198340215,374.2781506162977,8630.302556585299,377.6831817626953,215.15021324157715,344.44537255972875,359.30636690879936,7526.379621635697,364.17224884033203,220.57358264923096,329.54182675857703,343.75981200496733,6184.105119121736,424.09961700439453,170.15939712524414,408.19274562503534,425.8041016464125,8541.223595077812,386.6667175292969,190.76431274414062,352.1162946752443,367.3082487041146,8026.1789087223715,367.48485565185547,202.0400333404541,365.05567479039064,380.8058945707868,8133.956603991966,356.2276077270508,208.95659923553467,375.0142256704502,391.19410420124177,7104.706292420342,415.4034423828125,153.98756504058838,364.6986711368264,380.4334880995311,6914.024288895293,380.7485580444336,173.25047492980957,305.40757766405824,318.58429782754916,6982.425616633342,365.8345413208008,186.31579399108887,402.7776310335347,420.15535352763925,10187.321515938718,358.5177230834961,195.83905220031738,497.7010054053477,519.174168983915,11556.777286577963,408.19580078125,141.4652681350708,315.51625407542093,329.12911011122577,5484.599051703627,382.3432159423828,157.86575317382812,296.98256691212566,309.79579246326375,5850.141721912787,372.8645324707031,168.4704065322876,359.37744456420785,374.8826787706161,6833.163258545339,368.68534088134766,176.3612937927246,426.99972257791217,445.42250009159386,8435.544844300483,58.94171777377323,70.62765518474673,66.55734049212283,77.44445205018994,93.96568831873923,76.98115284795131,55.053762835681155,56.221961910502785,58.36628268493967,78.24392405831189,61.15319140018373,64.87097694073692,79.15836018897977,74.15121431381836,64.03530581660102,73.69724777808936,98.09368439346035,69.51278073865333,70.20707981385142,81.37073461866146,93.26567097885248
73,2.92,444.4374465942383,155.9226894378662,208.4905665744644,217.48583078333508,-1032.8726088829312,440.2513885498047,182.5728464126587,222.7529895368154,232.36360179194497,-2332.7675273272716,419.48436737060547,200.81528663635254,296.0750710229255,308.84914293068323,-869.665419304006,395.4392623901367,207.4738311767578,326.6237367831082,340.715821895282,-903.7935166572183,375.89115142822266,209.13599967956543,387.92331653182174,404.6601539931886,206.55978375567514,421.0704803466797,197.14911460876465,340.0301483146196,354.70064911149404,-2182.550238216763,384.1732406616211,215.24662971496582,397.7408411665411,414.901252842403,1015.5775556526322,363.6219787597656,223.38732719421387,407.40602916372126,424.983442534631,1641.9268906457914,350.3423309326172,227.6297950744629,388.15007014372776,404.8966908230259,1528.421970451464,413.60084533691406,177.98306465148926,327.33199897725495,341.4546418536009,-2108.7364948202903,372.10052490234375,200.11467933654785,432.7263302726019,451.39618059192964,2102.198297195376,353.5275650024414,211.1865234375,417.18119816781945,435.18035833199156,1359.3615940301192,344.2466354370117,216.92075729370117,359.66261151089776,375.1801491613959,-400.34887599614706,404.99656677246094,160.70557594299316,309.6719337199447,323.0326382719557,-1435.0212456893842,365.22571563720703,181.3693141937256,437.94562119121576,456.8406562830119,3456.408961386569,352.08873748779297,194.39372062683105,398.5912863980827,415.78839028347033,-109.17408110422286,347.75684356689453,202.9292106628418,322.1673429625914,336.0671582733399,-4577.675267764378,397.3628234863281,146.1056900024414,294.6257288699768,307.337269336581,-544.7960193661188,364.5252990722656,164.149432182312,472.336468706411,492.71528680503053,4572.987358544169,354.18235778808594,176.794695854187,511.32025408893156,533.3810161485621,3962.4584344486507,352.00382232666016,185.74233055114746,478.4590577790225,499.10203318343946,1341.98832729614,67.64115100510664,79.92219925642453,78.91130620935017,91.07308492600121,110.15209447846676,91.16917881241106,71.64981294937728,73.22129961188803,74.5621503178607,91.90210973245594,79.20903862386092,82.27819127401659,94.16556615543561,87.0725198446966,82.3089320679215,90.32878338942817,111.53637072439395,81.80627151211657,89.91569128605265,102.70597526460395,113.22975230619005
74,2.96,437.2966766357422,160.29473304748535,209.32236043446818,218.35351214492215,21.692034039676855,430.01041412353516,189.2997694015503,306.3179007358867,319.5338965207214,2179.25736821941,407.84393310546875,206.88653469085693,328.21464282186247,342.37536710743007,838.1556044186709,383.38523864746094,212.89594173431396,330.43415691268336,344.6906414812713,99.37048964973343,363.53240966796875,214.7812557220459,339.6757771038859,354.33098865904094,-1258.2291333536914,407.3362731933594,206.5071201324463,415.4821848704609,433.40804160534486,1967.6848123462705,368.20709228515625,223.01429271697998,443.885178348629,463.03647388804376,1203.3805261410193,347.1977996826172,228.44019412994385,429.59655683300247,448.13137399727833,578.6982865661827,333.1175231933594,229.91487979888916,434.39297721950607,453.13473453144564,1205.9510927104939,402.14332580566406,187.1931266784668,367.50850019910155,383.36454641074636,1047.7476139286366,358.04359436035156,208.4617567062378,408.7106226277208,426.34432230014846,-626.2964572945293,337.6490783691406,216.714448928833,420.3304488744844,438.4654825346705,82.12810506697394,325.98323822021484,220.0956916809082,463.43276633561794,483.4274368127007,2706.1821912826204,395.87486267089844,168.7417459487915,303.9176636839275,317.0301019467072,-150.06340813121284,353.9818572998047,188.38597297668457,331.33994136314107,345.6355057355879,-2780.1287636856005,341.87355041503906,198.67873191833496,276.9379089927859,288.8863136701388,-3172.5519153332884,338.7774658203125,204.689040184021,228.75508827595837,238.62465931686611,-2436.0624739118443,390.65784454345703,151.8541431427002,220.79608257691063,230.32226465648964,-1925.3751170022845,356.7930221557617,168.63478660583496,223.47610417295743,233.11791499650317,-6489.934295213183,346.6190719604492,180.10196685791016,206.36941089130426,215.27315846174056,-7952.69644217054,344.2721176147461,187.9030179977417,200.69851144518992,209.35758972598947,-7243.611086436249,76.37529149090352,92.70355511725339,92.60632089364736,104.86071058525205,124.32533402482841,108.50550047662486,90.17127190489902,91.14655457177916,92.68753969911853,107.23669158888579,96.26281151586686,99.81681057540341,113.50266362794363,99.7537239225649,96.13435229734503,101.88423593623372,121.08135709706859,91.01916209837614,99.24040788591277,111.31690160307356,121.60405589522964
75,3.0,433.8539123535156,160.61466693878174,86.43994880036308,90.16937498225612,-3204.603429066651,425.49232482910156,190.29098510742188,115.63855176811155,120.62774309209318,-4972.653835715705,402.4452590942383,207.6048231124878,136.15620472499646,142.03062415462085,-5008.61857382023,377.6788330078125,212.48050689697266,143.03769483139814,149.20901412884317,-4887.040683810704,357.80914306640625,213.9366102218628,144.63144240953525,150.87152347775552,-5086.486629532135,399.16770935058594,211.46969318389893,238.94634144571754,249.25561110890672,-4603.810762410953,357.07176208496094,225.56457996368408,285.59099218559413,297.91273159371934,-4128.09355735811,336.89910888671875,227.8004264831543,257.9635811885588,269.0933440703186,-4475.950748173993,324.5931625366211,226.49024963378906,229.6639071200852,239.5726888828747,-5339.051141214273,393.71883392333984,191.56811714172363,237.31914828577217,247.5582131783904,-3395.1583308088993,348.7392044067383,211.77309036254883,246.90155299268315,257.55404791962474,-4219.756859513093,329.4114303588867,216.82312488555908,205.95912095063076,214.84516668218177,-5590.507896312219,319.5176315307617,217.50060081481934,174.17406248125548,181.68875120839107,-7543.467140107741,387.59464263916016,172.3566484451294,225.87270174817195,235.61791306961837,-2035.3047219272205,345.16319274902344,193.19322109222412,251.09569752333027,261.9291475831742,-2092.6589538103426,335.30426025390625,200.3534746170044,169.4851326958779,176.7975189257384,-2802.2198686100105,335.0630187988281,203.86467933654785,95.1206059506193,99.22455653357336,-3485.002569582319,383.2938003540039,155.30364990234375,203.29818572272865,212.06942618605606,-456.32096176083934,350.62469482421875,171.54521942138672,170.511878697095,177.86856358136512,-1381.2337853784513,341.8326950073242,181.0026741027832,121.7596964269503,127.01298273792169,-2206.504393095472,340.5702209472656,186.79192543029785,96.62610164356458,100.795006395649,-2714.064583258512,79.98206649019376,97.52866484093711,98.2875458598322,110.82907115040578,130.36019496393862,118.47572492098112,102.0877811686478,101.9102883345919,102.27044725443353,117.1390201160214,106.56497343265184,108.41061724269068,120.77021367627927,109.17844044534962,106.611518200672,108.95613669326328,125.05033935841153,99.5019391458184,106.35515042916737,116.39742091259045,125.63585615105559
76,3.04,432.5814437866211,160.8323335647583,32.273780126042745,33.66622288267493,-1412.5788024895296,421.86729431152344,190.93181133270264,92.03092043024289,96.00156743963608,-615.6543913114276,398.23326110839844,208.42050075531006,107.25628492575328,111.88382581079604,-753.6699585956203,373.287353515625,213.70977401733398,114.00709896620695,118.92590173861738,-757.0778097556446,353.4162902832031,215.67139148712158,118.07471578726204,123.16901469173736,-692.5627196504539,394.0264892578125,213.5020351409912,138.2085332769268,144.17149981864046,-2627.1027822566566,350.81493377685547,226.393461227417,157.78732646048726,164.59501427890223,-3332.9429328704277,331.7626953125,227.25103855133057,129.14277831399485,134.7146055227194,-3359.46846368998,321.4006042480469,225.23088455200195,85.79928916943528,89.5010742798744,-3751.7903650750072,389.18933868408203,193.777813911438,125.99376704956788,131.42973109294334,-2903.212052136176,342.6869201660156,210.93482494354248,152.75150049017873,159.34191907739017,-2455.303221055864,324.30423736572266,215.0888729095459,134.84029948825048,140.65794457324697,-1854.68055272337,315.1969909667969,215.91623783111572,115.049285490797,120.01305309445924,-1541.8924528482958,383.57532501220703,174.45927143096924,113.40176808288243,118.29445403226936,-2933.086475933725,339.32369232177734,192.06964015960693,148.6653106644843,155.07943179280525,-2671.242894759224,330.6657028198242,198.84349822998047,121.95348436660058,127.21513160126405,-1239.5596831118585,331.5459442138672,202.83189296722412,91.63944743135679,95.59320445328687,-90.78380200716225,380.06343841552734,156.88316345214844,89.89612515138883,93.7746670460008,-2957.3689785013817,345.95279693603516,171.77427291870117,116.93773819389506,121.98298253432013,-1397.139526176125,337.65880584716797,181.13519668579102,104.39981129136713,108.90411046111723,-452.72180692011153,336.9732666015625,187.2075891494751,90.52229315378911,94.427850882802,-159.17888782117478,81.32871540550076,101.36872753852255,102.76289889226406,115.58610721995048,135.28695555160812,124.24258491372673,108.67158173980388,107.29887255550068,105.8504902256285,122.39620935973913,112.93865019574746,114.03693502562055,125.57073580005765,113.9102186066404,112.81469547238422,114.04474195731383,128.874067536543,103.25292582765843,111.23446973054017,120.75358533103514,129.4129701863677
77,3.08,433.4576416015625,159.9910068511963,30.368088203955462,31.678310442789005,-49.69781099714812,422.04227447509766,189.74920749664307,29.886973444831188,31.176438128806414,-1620.6282327707418,397.8615951538086,207.96378135681152,14.720907554521808,15.356036783737988,-2413.194725676451,371.79187774658203,213.53962898254395,37.62809047655058,39.25154337935122,-1991.858958981654,351.5178680419922,214.752459526062,52.728330590520464,55.00327891430952,-1704.143394435696,392.82203674316406,214.1832160949707,34.59329190850586,36.0858093191699,-2702.142262486764,347.86468505859375,226.05896472930908,74.22876551096688,77.43134377932694,-2179.0917624893823,328.91082763671875,225.4839849472046,83.87351965914418,87.4922180101434,-1180.5596878144001,319.64508056640625,221.8216896057129,95.8660314534166,100.00214320057037,262.52672301739926,388.28269958496094,194.51668739318848,29.239618650142283,30.501153401791164,-2523.2144422788047,339.8629379272461,211.35086059570312,71.36158520500764,74.44045982187724,-2122.536481387823,322.2419738769531,213.79533290863037,60.85934825008614,63.485106940677404,-1929.3209408142388,314.7232246398926,212.76373386383057,79.69761522568068,83.13614540740889,-921.9226921762587,382.8059768676758,174.84603881835938,21.52738923212516,22.456182112550284,-2395.956797992977,337.3064422607422,191.85513496398926,50.71556890944164,52.90367722215362,-2554.3938642662906,328.8762664794922,197.2655439376831,59.6448979622344,62.21825955214503,-1624.9218012279755,329.84386444091797,200.3217887878418,75.81926925605504,79.09046934096695,-412.5683778079981,379.0187454223633,156.61697387695312,26.95181278583999,28.11464082597609,-1641.500655500618,343.6868667602539,171.3550901412964,57.60942719289112,60.09496899478684,-1547.2003384883324,336.4207458496094,180.03889560699463,41.3420836808943,43.125775728764786,-1644.4583683088113,336.6844177246094,185.79222679138184,36.11340020013693,37.67150223620623,-1418.9087161648945,82.59584782321231,102.61578506367479,103.37714036361358,117.15616895512453,137.4870867081805,125.68601728649354,111.76883549097697,110.79856127590641,109.85057595365133,123.61625549581078,115.91626858862253,116.57633930324764,128.896181616354,114.8084658911424,114.93084256127035,116.53347233939964,132.0376863101817,104.37751146069748,113.63826849033165,122.47861636018574,130.91983027581594
78,3.12,433.08765411376953,160.14480113983154,10.01696761563149,10.44914673891151,-530.7290925969374,421.6896057128906,190.2560520172119,15.436697830723556,16.10270962099928,-376.8432126951783,397.90687561035156,208.65177154541016,17.236966441211496,17.98065029149619,65.61533769395504,372.80426025390625,214.32984352111816,32.106827137212356,33.49206675621743,-143.98691557834465,352.9646682739258,214.75223064422607,36.1700062509498,37.73055053844202,-431.8182093966875,392.50431060791016,214.84896183013916,18.441923722160414,19.237595100133397,-421.2053554759125,348.7464141845703,227.46740341186523,41.54173935721083,43.33404549054703,-852.4324572194978,330.56617736816406,225.81467628479004,42.20144765104423,44.02221670479604,-1086.7500326336842,322.1065139770508,221.6070556640625,61.76933990634812,64.43435991945596,-889.1945820278604,387.6058578491211,195.565824508667,31.213012335095048,32.55968857720042,51.463379385231356,339.54994201660156,212.95947074890137,40.969447954029356,42.73706274300085,-792.5849269719098,323.0509567260742,214.6439552307129,29.310973795116503,30.575587143520394,-822.7379949289252,316.2092590332031,213.24045181274414,39.0156877175564,40.699008095434806,-1060.928432799352,382.0697784423828,176.16399765014648,37.740922780265066,39.369243799642305,422.82654217730055,336.45641326904297,193.21104526519775,40.00814004403124,41.734279485803164,-279.23494340876135,330.8838653564453,196.5699863433838,53.11693243290517,55.40864686895407,-170.2403170797739,334.13429260253906,197.69821643829346,125.72516077576208,131.14953588041124,1301.476663486107,378.5627746582031,158.13016891479492,39.51003480381466,41.21468364141592,327.5010703859957,342.81749725341797,172.11061477661133,28.794756618870043,30.037097928947272,-751.4467766459892,337.2591018676758,179.2697525024414,28.443166230110638,29.67033827621514,-336.3859363137411,338.956298828125,183.45657348632812,81.4582719476654,84.97276514611706,1182.5315727477707,83.01381369276878,103.25989344851476,104.09636637527343,118.49585162537322,138.99630872971818,126.45552109049888,113.50219731059885,112.55944994409825,112.42795035042957,124.91864303889881,117.62575109834258,117.79936278898846,130.5241419401714,116.3832356431281,116.60021374070247,118.7498182141578,137.28366774539813,106.02609880635411,114.83975240748954,123.66542989123434,134.3187408816606
79,3.16,433.05530548095703,160.47317504882812,8.249085485469491,8.604989853914171,-46.10392212493348,421.40880584716797,190.65157413482666,12.126580054582444,12.649777786418579,-86.32329586451758,397.48435974121094,209.09677505493164,15.34087235056435,16.00274977866659,-49.44751282073998,372.00374603271484,214.53761100769043,20.67592722839535,21.56798403095755,-298.10206813149705,352.07183837890625,214.86472606658936,22.497228183340724,23.467864480231036,-356.56715145527454,392.54322052001953,214.9625301361084,3.001222811318102,3.130709687300348,-402.6721353208262,348.3553695678711,227.47504234313965,9.77798054049423,10.199848636667912,-828.3549213469779,329.8402404785156,225.95080375671387,18.464747770495343,19.261403885324587,-619.0203204867862,321.38641357421875,221.64690971374512,18.030060583560136,18.80796224748574,-1140.6599417992554,387.76039123535156,195.63712120056152,4.2546875425052475,4.438254785857508,-703.0358447835728,339.4403076171875,213.04834842681885,3.528362152515454,3.680592300420589,-976.4117610645064,322.5340270996094,214.27624225616455,15.859324354466345,16.543570241877514,-350.800422541072,315.66633224487305,212.25640296936035,28.09717093911977,29.30941512010009,-284.7398243833679,382.2842025756836,176.1450433731079,5.381506153011803,5.613689654085051,-843.8888536389313,336.5647506713867,193.3465576171875,4.337380422586916,4.524515425942655,-930.2441014965128,329.78031158447266,196.87182426452637,28.602196793633162,29.83623016665367,-639.31041755751,332.20985412597656,198.20367336273193,49.74277681569079,51.88891429947097,-1981.5155395235067,378.7943649291992,157.93975353240967,7.495501628850743,7.818892843318242,-834.894769952442,342.9738998413086,171.85240745544434,7.547051999088739,7.872667339126879,-554.1107647455098,336.7324447631836,179.1677713394165,13.410999760551192,13.989613403045052,-392.0181218292522,338.02127838134766,183.62322807312012,23.743906944605193,24.76833083018795,-1505.1108578982276,83.35801328692534,103.76588455997151,104.73647636642008,119.35857098661153,139.93502330892744,126.58074947799088,113.91019125606556,113.32990609951122,113.18026884032899,125.09617323033312,117.7729747903594,118.46110559866356,131.69651854497542,116.60778322929151,116.78119435774019,119.94326742082396,139.35922431737697,106.33885452008684,115.15465910105462,124.22501442735614,135.30947411486812
80,3.2,432.37274169921875,162.46031284332275,52.52743289492787,54.79371354669464,1154.7180923195117,421.1164093017578,192.10450172424316,37.051436543130876,38.65000988148204,650.0058023765865,397.28946685791016,210.2940273284912,30.325280733499117,31.63365605660311,390.77265694841304,371.78470611572266,215.4477024078369,23.401987654050522,24.41165953234977,71.0918875348055,351.82178497314453,215.4001235961914,14.772804837712217,15.410173159956392,-201.44228300686612,392.40955352783203,216.17624759674072,30.526391645634178,31.84344383992551,717.818353815629,347.55409240722656,228.3942461013794,30.485453881038037,31.80073982750956,540.0222797710412,329.53723907470703,226.47382736206055,15.111327342010236,15.763301118193365,-87.45256917828056,323.1583786010742,221.51464462280273,44.42236282747195,46.33895261367078,688.2747591546259,387.0375442504883,196.7393445968628,32.95265712806634,34.374389833394346,748.4033761884209,338.30265045166016,214.63465690612793,48.80214146046515,50.90769550834471,1180.677580198103,322.85717010498047,215.32018661499023,27.320336132680435,28.499064004288204,298.88734406026725,317.8600311279297,213.0014419555664,57.91911321236549,60.418016326538954,777.7150301609715,381.4068603515625,177.3579454421997,37.42376256665768,39.03839980184835,835.6177536940825,336.0118103027344,195.89396953582764,65.16829431611669,67.97996121810836,1586.3861448041425,332.5633239746094,197.5775957107544,71.777744191555,74.87457386556889,1125.9585924728806,337.6737594604492,196.88844680786133,140.49929358077648,146.56109430242873,2366.804500073944,377.85167694091797,159.47771072387695,45.096930092549606,47.04262388511057,980.5932760448084,342.3946762084961,174.86055850982666,76.58521717174763,79.88946385433104,1800.419912880104,338.4486389160156,180.58929920196533,55.711667506779335,58.11533102486588,1103.1429405455206,341.4019775390625,182.59996891021729,88.30411269243939,92.11396767748344,1683.6409211823873,85.54976182879312,105.3118849552308,106.00182260868422,120.33503736790551,140.55143023532568,127.8544872315879,115.18222084916593,113.96043814423896,115.03382694487581,126.47114882366888,119.80928261069319,119.60106815883509,134.11323919803698,118.16931922136544,119.50039280646452,122.93825037544671,145.22166808947412,108.22055947549126,118.35023765522787,126.54962766835078,138.99403282196747
81,3.24,431.64661407470703,163.2500410079956,26.820373566057278,27.977530699692526,-670.4045711750529,420.9478759765625,193.25749397277832,29.131111020732032,30.38796424260592,-206.551140971903,397.6211166381836,211.8472194671631,39.70514290041289,41.41820961948968,244.6138390721642,372.62611389160156,217.7570343017578,61.446017169492826,64.09708751816005,992.135699645257,352.7549362182617,218.22592735290527,74.397320674714,77.60717120606697,1554.9249511527644,391.98802947998047,218.14305782318115,50.286833451634116,52.456444099046145,515.3250064780159,347.3251724243164,230.63578605651855,56.32997497481278,58.76031518685561,673.9893839836511,331.2633514404297,228.3103322982788,63.008998761361,65.72750349136956,1249.1050593294049,327.6863098144531,223.49038124084473,123.50530418003052,128.83390422438563,2062.3737902678713,386.22066497802734,198.75861167907715,54.45601031503999,56.80549887269047,560.7777259824031,338.55064392089844,216.5478801727295,48.23072172284482,50.31162203411408,-14.901836855765715,323.75144958496094,217.0614194869995,48.936359839079614,51.047704699450875,563.7160173790668,319.9378967285156,214.66936111450195,66.6121224648835,69.48608290793918,226.7016645350056,380.7889938354492,179.30372714996338,51.038132104839484,53.24015731179916,355.04393774877025,336.52591705322266,198.28007698059082,61.021586799528926,63.65434522464573,-108.14039983656568,331.5562057495117,200.29583930969238,72.4704050910232,75.59711941593635,18.063638759186418,335.3952407836914,200.09076118469238,98.25497674543335,102.49415883497862,-1101.6733866862528,377.5164794921875,161.08044147491455,40.93518649918549,42.70132308775893,-108.53251993379106,342.76599884033203,177.09837913513184,56.71045785366011,59.15721388766753,-518.3062491665877,337.68543243408203,183.05741786956787,64.58566932490513,67.3721990429141,231.4217004512056,339.5327377319336,185.6704616546631,89.86790010290666,93.74522423609864,40.7814139653798,86.66886305678082,106.52740352493504,107.65855099346379,122.89892086863192,143.65571708356836,129.95274499554975,117.53263345664016,116.58953828389375,120.18718311385125,128.7433687785765,121.82174749205775,121.64297634681314,136.89268251435453,120.2989255138374,122.04656661545033,125.96213515208417,149.32143444287325,109.92861239900161,120.71652621073457,129.24451563006735,142.74384179141143
82,3.28,431.51317596435547,163.91211032867432,16.88456237732721,17.613041857865095,-259.11222104568577,419.4625473022461,194.35983180999756,46.242228928976004,48.23733630317299,446.23430151417665,396.17713928222656,212.66525745391846,41.48988394997207,43.2799527970059,46.543579437905436,371.73938751220703,217.88782596588135,22.408008213001914,23.374795140498247,-1018.057309441545,352.27867126464844,217.85535335540771,15.086280888227172,15.737174042524257,-1546.7499290885676,390.71815490722656,219.42106246948242,45.04079613593762,46.984068045441184,-136.80940134012403,346.6112518310547,231.42093658447266,26.529982626145944,27.67461092803939,-777.1426064704054,329.061279296875,229.05550003051758,58.118395724747764,60.625896824338696,-127.54016667577162,322.9384231567383,224.16409492492676,119.88619041257947,125.05864485727956,-94.38148417765184,385.13118743896484,200.38095474243164,48.85538815816608,50.96323951916603,-146.056483838111,338.3506393432617,217.95647621154785,35.56810923821379,37.10268485601967,-330.2234294523602,322.2952651977539,218.53620529174805,51.81376590391606,54.04925560313866,75.03877259219465,317.3302459716797,216.1002016067505,74.36038505096761,77.56864200569132,202.06397744380348,379.70043182373047,181.11083507537842,52.74115036818392,55.01665179751189,44.412362142818296,336.7879104614258,199.5443344116211,32.277966535404964,33.670589913438484,-749.5938827801812,328.6274719238281,202.56872177124023,92.68048778503449,96.67916018700927,527.0510192768231,330.3589630126953,203.5032033920288,152.08726032495392,158.6490204654907,1403.8715407628022,376.34185791015625,162.72522926330566,50.52884528795239,52.70889746490278,250.18935942859633,342.79136657714844,177.91454315185547,20.41395393269088,21.294707974417197,-946.5626478312582,335.22247314453125,184.40394401550293,70.17523211429021,73.20292187579034,145.76807082190584,335.11783599853516,188.25905799865723,127.94576084151919,133.4659430832581,993.0179711789868,87.37338473109543,108.45689697706194,109.38974910534404,123.83391267425186,144.28520404526932,131.8321077173674,118.63961789376174,119.0145741568673,125.18952890814242,130.78189835934313,123.30585488629853,123.80494657093868,139.9954281945822,122.49959158573787,123.39339021198788,129.82930155956453,155.66739526149289,112.03696829759772,121.56831452971126,132.17263250509896,148.08247951474175
83,3.32,429.46372985839844,165.36722660064697,62.837054684029994,65.54814093736522,1198.377476987503,417.3677062988281,196.06246948242188,67.48765569142856,70.39939075817976,554.0513613751693,394.5586395263672,214.06105041503906,53.43091012016525,55.73617103123697,311.40545585577684,370.58177947998047,219.25217628479004,44.73189681998254,46.661841359300446,582.1761554700549,351.47300720214844,219.19047832489014,38.98439804700274,40.66636844124274,623.2298599679619,388.2530975341797,220.00576972961426,63.336356228392034,66.06898470008863,477.12291636618625,344.23091888427734,231.76840782165527,60.139011871366264,62.733691860641166,876.4770233150443,327.4734115600586,229.6548557281494,42.43046666242755,44.26111667410516,-409.11950375583837,322.81639099121094,224.82725143432617,16.857275976972602,17.58457819378805,-2686.851666587288,382.176513671875,201.25257968902588,77.01390749993755,80.33664990071681,734.3352595387694,335.89542388916016,218.38012218475342,62.28743270452131,64.97480567911249,696.8030205773206,320.1963806152344,218.8492727279663,53.052613686547424,55.34155310919127,32.30743765131514,316.08959197998047,216.15167140960693,31.043029287237804,32.38237166071004,-1129.656758624532,376.97444915771484,182.135910987854,72.80866243859359,75.94997077733663,523.3329744956185,334.95609283447266,199.76237297058105,46.11870981235215,48.10848799057095,360.94745192831164,327.09136962890625,202.15624809265137,39.76292868358104,41.47848855328643,-1380.016790843071,329.4574737548828,202.4201774597168,35.22807875129257,36.747983853692496,-3047.5259152949557,373.9115905761719,163.8290548324585,66.73000731374105,69.60905386394833,422.50390997613874,340.89569091796875,178.46417427062988,49.3436962256297,51.47261549466178,754.4476880061146,332.42652893066406,184.9322748184204,71.13559887799161,74.20472338121098,25.04503763551611,331.505126953125,189.06761169433594,92.55209926571109,96.54523238275958,-923.0177675124633,89.99531036859004,111.27287260738915,111.61919594659352,125.70038632862388,145.91185878291904,134.47486710537095,121.14896556818738,120.7850188238315,125.89291203589396,133.99536435537183,125.90484711346303,126.01860869530634,141.2907230610106,125.53759041683134,125.31772973161073,131.488441101696,157.13731461564058,114.82133045215565,123.62721914949772,135.1408214403474,151.94428881005211
84,3.36,426.38641357421875,166.4408254623413,81.48040419599693,84.99585228379706,486.1927836607961,412.8993225097656,197.25322723388672,115.60806013485325,120.59593590628099,1254.9136287025306,390.15655517578125,214.00704860687256,110.06038917612135,114.80891231477733,1476.818532088509,367.1733093261719,217.67768383026123,93.86391505382983,97.9136460774473,1281.2951179536713,348.9685821533203,216.11493587493896,99.15614638869283,103.43420917759694,1569.196018408855,383.0047607421875,220.82898616790771,132.81266032097477,138.54282351012543,1811.84597025092,341.26720428466797,231.99482917785645,74.30877664550188,77.5148069707421,369.52787775252335,327.05299377441406,228.53957176208496,29.797330411535057,31.082927473189372,-329.4547300228947,324.6121597290039,223.33804607391357,58.32301199524596,60.839341203680405,1081.369075247309,375.814208984375,202.5953722000122,162.56155115860238,169.57522149822998,2230.964289937829,331.4934539794922,218.1007432937622,110.27066600629138,115.02826147697398,1251.3363949465372,318.00378799438477,217.56468772888184,63.529624098117665,66.27059105524232,273.2259486512763,314.946346282959,215.11349201202393,38.60721423293156,40.27291114238697,197.2634870419231,370.3177261352539,183.7979221343994,171.5266787722151,178.92714690742488,2574.429403252206,330.30181884765625,200.1135778427124,116.68764717870923,121.72210141579858,1840.3403356306906,323.4284973144531,202.20736026763916,91.58072274781405,95.53194611053485,1351.3364389312103,325.3326416015625,202.67356395721436,103.31518828982493,107.77269171899937,1775.617696632672,367.8537368774414,165.54908752441406,157.4327314613656,164.22512038277694,2365.4016629707153,335.7429504394531,180.4301404953003,137.87620723741247,143.8248356698388,2308.805504379425,329.4757080078125,186.62172317504883,85.0058081414625,88.67335874619415,361.7158841245793,329.93030548095703,190.1598358154297,47.91278665385358,49.9799697500285,-1164.1315658182768,93.39514445994192,116.09671004364037,116.21155243918462,129.61693217172177,150.04922715002292,140.01658004577595,124.24955784701706,122.02833592275908,128.32648568404116,140.77837321530103,130.505977572542,128.669432337516,142.90163950670606,132.6946762931283,130.18661378824265,135.30971894611739,161.44822228440054,121.39033526746672,129.38021257629126,138.68775579019515,153.94348760005326
85,3.4,424.7395324707031,166.81427478790283,42.217308120301794,44.03876146933753,-1023.9272703614884,412.71907806396484,196.6634702682495,15.4171442467395,16.082312403382026,-2612.840587572474,390.02349853515625,213.9381980895996,3.7453690858815136,3.906961934137349,-2772.548759516,366.6016387939453,218.48270416259766,24.683812166215972,25.74878798629916,-1804.1214522787034,347.9054260253906,217.47004508972168,43.05971098619532,44.917509559254974,-1462.917490458549,382.46612548828125,220.37272453308105,17.647638230180885,18.409040394083327,-3003.3445779010526,340.20286560058594,232.61319637298584,30.773312529341723,32.101018052578006,-1135.3447229541023,327.340087890625,228.99232864379883,13.402700882243007,13.980956472071721,-427.5492750279413,327.01507568359375,223.92462730407715,61.83689546097576,64.50483013863,91.63722337373983,375.28236389160156,201.93583488464355,21.181487687820635,22.095356747794803,-3686.9966187608798,330.3144836425781,218.91271591186523,35.78818404753466,37.33225472829751,-1942.4001687169116,317.9687690734863,218.19677352905273,15.826377973153239,16.509202398627274,-1244.0347164153761,316.51622772216797,215.82748889923096,43.11553728148794,44.9757444636478,117.57083303152083,369.57420349121094,183.6359739303589,19.023885364795348,19.84466530677168,-3977.0620400163302,328.35350036621094,202.21753120422363,71.6875366283942,74.78047432361211,-1173.5406773046616,322.9407501220703,203.48618030548096,34.21693671326207,35.69321638965726,-1495.9682430219398,326.3782501220703,203.2820177078247,30.24393683854605,31.5488026032134,-1905.5972278946492,366.8817901611328,166.12555503845215,28.251053233511364,29.469936620849378,-3368.8795940481887,334.1562271118164,181.8636131286621,53.45871484767358,55.765175385540424,-2201.491507107459,329.09778594970703,187.33139991760254,20.1007798499884,20.968022087974308,-1692.6334164554962,330.93299865722656,190.17428398132324,25.069931631777152,26.151566462701823,-595.710082183167,95.15669491871542,116.74000253977565,116.3678309165501,130.64688369117374,151.84592753239312,140.75294166153927,125.53359856912019,122.58757418164195,130.90667888958637,141.66218748521283,131.99926776167388,129.32980043346112,144.700669285252,133.4884629053992,133.17783276118715,136.73744760170368,162.71017438852908,122.5691327323007,131.61081959171287,139.52647667371414,154.9895502585613
86,3.44,423.0714797973633,166.93084716796875,41.803026511474265,43.606605802275574,-10.803891676548893,411.3663101196289,196.42446041107178,34.343001680209525,35.82472039254675,493.56019972911815,389.37793731689453,214.1246223449707,16.798498621793208,17.523264906897097,340.4075743189937,366.47117614746094,219.56900596618652,27.352697657271086,28.53282175734462,69.60084427613653,347.91648864746094,219.25530910491943,44.63245725903317,46.55811150772426,41.01504871173223,381.70360565185547,219.48593616485596,29.238567327270538,30.50005671990316,302.2754081454958,339.10240173339844,232.8676700592041,28.23758111943614,29.45588325637252,-66.12836990513715,325.941162109375,229.0336561203003,34.9884025585613,36.49796690207886,562.9252607501784,326.21524810791016,223.2502269744873,26.155065897627566,27.283518527476186,-930.5327902788453,374.9112319946289,201.58523082733154,12.763769279540984,13.314458353185623,-219.52245986522948,329.69215393066406,218.83697032928467,15.673059361758105,16.349268900811637,-524.5746456871467,317.86184310913086,217.6728057861328,13.369165958324222,13.94597469371808,-64.08069262272984,317.6352310180664,214.78810787200928,38.18115778741492,39.82847261676817,-128.6817961719908,369.4499969482422,183.5180139541626,4.28236363621752,4.4671249564975835,-384.43850875685246,327.94700622558594,202.02961921691895,11.195657677623675,11.67869103715137,-1577.5445821615185,322.1786117553711,203.2701301574707,19.804238126759092,20.658686159264978,-375.86325575980703,325.86109161376953,202.891845703125,16.19581573970723,16.89457944902268,-366.355578854768,366.80389404296875,165.91416835784912,5.63205856910885,5.875052080524504,-589.8721135081219,334.03053283691406,181.52987480163574,8.91558753215346,9.300247935483458,-1161.6231862514242,328.38340759277344,187.0872974395752,18.87330218579659,19.68758526077908,-32.0109206798807,330.1073455810547,190.02805709838867,20.962545519998883,21.866968384500623,-107.11495195502998,96.90095915080644,118.17299135547752,117.06876151282599,131.78819656146752,153.7082519927021,141.97294393033542,126.7118338993751,124.04749285772512,131.9980196306854,142.19476581934023,132.65323851770637,129.88763942120985,146.29380818992271,133.6671479036591,133.6449804026732,137.56379504807427,163.38595756649,122.80413481552168,131.98282950913222,140.3139800841453,155.86422899394134
87,3.48,421.7892837524414,166.75811290740967,32.34447230965625,33.73996505977041,-246.66601856262903,410.2078628540039,196.15450859069824,29.73711961250014,31.020118896929112,-120.11503739044099,388.2617950439453,213.8089370727539,28.998176284885158,30.24929407665722,318.150729244003,365.4913330078125,218.41449737548828,37.85649435955597,39.489801680749345,273.9244980851181,347.08431243896484,217.30648040771484,52.97670793043788,55.26237242154694,217.60652284556699,380.75748443603516,219.48512077331543,23.653039179573078,24.67354260214418,-145.66285294397449,337.838134765625,232.9607105255127,31.692147037692582,33.05949540569946,90.09030373317346,324.4444274902344,228.70176315307617,38.327270495585644,39.980889314782964,87.07306031760265,324.98111724853516,222.58296489715576,35.07418618003205,36.58745163268179,232.59832763014012,373.9960479736328,201.71250343322754,23.09978501656098,24.09641845089847,269.5490024428211,328.2102584838867,219.43957328796387,39.99331538667077,41.718815222958604,634.2386580536742,316.87063217163086,217.66719818115234,24.780669985056473,25.849824707262094,297.5962503386003,317.34758377075195,214.44159507751465,11.258664875221083,11.744416661768097,-702.1013988750017,368.5158920288086,183.54044437408447,23.359354714010085,24.36718720664328,497.5015562536424,326.3175964355469,202.2442102432251,41.086992866099585,42.859679095749925,779.5247014649639,320.5796813964844,203.42877388000488,40.169532322933456,41.90263498713722,531.098720696806,324.4470977783203,203.28105926513672,36.66457557662302,38.24645791229233,533.7969615817412,366.2036895751953,165.81494808197021,15.20875706379144,15.864934416681265,249.74705840391903,333.1698226928711,181.3847780227661,21.82136320353305,22.76283950454066,336.5647892264301,328.55724334716797,186.59754753112793,12.99215730570805,13.552700113606807,-153.37212867930683,331.55799865722656,188.97318363189697,44.841055251543324,46.77570939930371,622.7185253700771,98.25055775319726,119.41379611135467,118.27873327589228,133.3677886286975,155.91874688956398,142.95988563442117,128.03421371560307,125.64672843031643,133.46151769599268,143.1586225573762,134.3219911266247,130.92163240950032,146.76358485639344,134.64183539192484,135.3593675665032,139.23990044755976,164.9158158829817,123.43873219218892,132.89334308931384,140.85608808868957,157.73525736991348
88,3.52,419.98470306396484,166.4990758895874,45.5769379581439,47.5433415489672,345.0844122299197,409.6923828125,195.5469846725464,19.91866248514586,20.778047322959196,-256.0517893492479,387.4816131591797,213.6910343170166,19.726011272031364,20.57708422988487,-241.80524616930867,363.93733978271484,218.42066287994385,38.85013639852669,40.52631411340952,25.91281081650436,344.67220306396484,216.55968189239502,63.126755715419435,65.85034103459608,264.69921532622857,381.5714645385742,220.4135799407959,30.868673775042836,32.200493631193375,188.17377572622985,337.1415710449219,234.89022731781006,51.284964102291276,53.49763880322453,510.9535849381269,325.0257873535156,228.76680850982666,14.624683523695307,15.255661195386613,-618.1307029849087,326.3367462158203,221.85715198516846,38.442605597095245,40.101200515344345,87.84372206656386,374.56676483154297,202.5904655456543,26.178894203629195,27.308374898735902,80.29891119593584,327.5023651123047,221.15246772766113,46.33519441981701,48.33431276278904,165.3874384957609,318.3928680419922,217.2615909576416,39.383683683560534,41.08288113921945,380.826410798934,320.3413391113281,212.99519062042236,83.12136041928684,86.70760708098031,1874.0797604803054,368.3544921875,184.21374320983887,17.309340524025288,18.056146932838555,-157.77600684511813,324.89898681640625,203.4866237640381,47.14369395938095,49.17769477732831,157.9503920394597,322.96016693115234,201.99058055877686,69.53017065449156,72.53002942892505,765.6848610446957,329.15409088134766,200.02169609069824,143.1328761475518,149.30830201490366,2776.5461025652835,365.1972961425781,166.5128517150879,30.617572796658138,31.938558974907618,401.8406139556588,330.90450286865234,182.9655647277832,69.05867302861593,72.03818917657816,1231.8837418009373,329.63829040527344,186.37251377105713,27.605512753457546,28.796544486540828,381.0961093233505,335.58616638183594,186.70520782470703,115.56883630434163,120.55501977513183,1844.482759395703,100.15229141515596,120.24491800427305,119.10181664508768,134.98884119323387,158.5527605309478,144.2479053796689,130.17411926773207,126.25695487813189,135.06556571660644,144.25095755332563,136.25536363713627,132.5649476550691,150.23188913963264,135.36408126923837,137.32647535759634,142.14110162471678,170.88814796357784,124.71627455118524,135.77487065637698,142.0079498681512,162.55745816091877
89,3.56,421.79351806640625,166.65976524353027,45.39846350323765,47.35716686616674,-4.654367070011389,411.3965606689453,195.85394382476807,43.29005433938603,45.15779100870947,609.4935921437568,388.8352966308594,215.6564712524414,59.66259972037978,62.236725047442135,1041.4910204389316,364.6814727783203,224.52794551849365,153.81123809372772,160.4473787483335,2998.0266158730997,344.43843841552734,227.46861934661865,272.786045156069,284.5553188886308,5467.624446350867,384.06856536865234,221.08839511871338,64.66687753365639,67.45691095596072,881.4104331191837,341.214599609375,236.50292873382568,109.5170293381065,114.24210937627244,1518.6117643261975,326.10145568847656,233.74889373779297,127.42212225894525,132.91971226796304,2941.6012768144105,323.3429718017578,228.19989681243896,175.3444773619953,182.90966329511593,3570.2115694942895,377.71846771240234,203.00522804260254,79.47192498805798,82.9007178308258,1389.8085733022474,331.6191864013672,222.21304893493652,106.28102495067013,110.86648853076646,1563.3043941994356,320.3712463378906,221.5821361541748,118.79891486501502,123.92445912582104,2071.0394496650397,319.56674575805664,218.55937957763672,140.44614985493226,146.5056577061546,1494.9512656293575,371.4793014526367,184.51412200927734,78.48033339090588,81.8663443056938,1595.2549343213811,328.2252502441406,204.38183784484863,86.11560776495712,89.8310403482179,1016.3336392722396,323.16715240478516,205.69647789001465,92.79183024373158,96.79530648335763,606.6319263608146,326.48494720458984,204.60707187652588,132.64143174464434,138.364207327202,-273.6023671925416,367.5188446044922,166.71369552612305,58.255501335961156,60.76891781684557,720.7589710484489,333.30963134765625,184.32011604309082,69.00838837741593,71.98573500888335,-1.3113541923701177,328.8633728027344,190.16379833221436,96.74171771524563,100.91561068875727,1802.9766550554111,331.5867233276367,192.07042694091797,167.29674404470947,174.51471288949404,1348.9923278590552,102.04657808980262,122.05122964462142,121.59128564698536,141.4067363431672,169.93497328649303,146.94618181790733,134.74380364278295,131.57374336885042,142.3819522484111,147.56698626655864,140.69002317836694,137.52192602010194,156.09211544787883,138.63873504146613,140.91971697152505,146.01291388405107,176.42271625666592,127.14703126385906,138.65430005673232,146.0445742957015,169.53804667649854
90,3.6,420.88390350341797,167.15816974639893,25.93026346858182,27.04901706371013,-507.7037450614153,409.9927520751953,196.2796926498413,36.673735747957274,38.256013296526156,-172.54444280458276,387.3061752319336,216.3261365890503,41.73325948590219,43.53382869889327,-467.5724087137217,363.08849334716797,224.81586456298828,40.46974830241369,42.21580369680338,-2955.789376288253,342.79003143310547,227.17878341674805,41.84234133880678,43.64761685627673,-6022.692550808852,384.0360641479492,221.4639186859131,9.423185464241449,9.829746031142529,-1440.679123120455,340.9998321533203,237.40126132965088,23.09121197693827,24.087475530001292,-2253.8658461567784,325.31856536865234,233.43626976013184,21.075029719479875,21.984305681703397,-2773.385164656491,323.23387145996094,226.4839267730713,42.98587021181857,44.84048294637329,-3451.7295087185657,378.1418228149414,203.88200283050537,24.340855207191215,25.39103425008978,-1437.7420895184005,331.4662170410156,222.46574878692627,7.384817211769944,7.703432979598273,-2579.0763887792045,319.7610855102539,220.0366973876953,41.53821445759299,43.33036851017133,-2014.852265391243,319.37110900878906,216.15260124206543,60.367912080007834,62.97246790149915,-2088.329745116386,371.92516326904297,185.28167724609375,22.19140882319904,23.148850633691907,-1467.9373418000473,328.2086181640625,204.71848011016846,8.426321887669468,8.789873068588271,-2026.0291819907409,322.1187210083008,205.0710153579712,30.520605458898476,31.837408009863953,-1623.9474618373422,325.0078582763672,203.90121459960938,40.92696389037074,42.69274571690392,-2391.786540257452,367.5594711303711,166.84942245483398,3.5419198344871305,3.6947349245956413,-1426.8545723062482,333.43921661376953,184.13223266601562,5.705945614818697,5.952126961102341,-1650.8402011945254,329.5621871948242,188.08638095855713,54.795098429083886,57.15921684373955,-1093.909846125443,332.9158020019531,188.54394435882568,94.21560885915788,98.28051360862554,-1905.8549820217124,103.12853877235102,123.58147017648247,123.33263879494109,143.09536849103935,171.6808779607441,147.33937165915302,135.707302663983,132.45311559611855,144.17557156626603,148.58262763656225,140.99816049755088,139.2551407605088,158.6110141639388,139.5646890668138,141.2713118942686,147.28641020444564,178.13042608534207,127.29482066084289,138.8923851351764,148.3309429694511,173.46926722084353
91,3.64,431.4387512207031,166.3210916519165,264.69972382794197,276.12011560378295,6226.77746350182,420.31917572021484,194.73265171051025,261.04161661072453,272.30418042598245,5851.204178236408,397.7769470214844,215.29111862182617,263.04505800020416,274.3940597052978,5771.505775160113,373.1906509399414,223.11522960662842,256.1075790610548,267.15726527659695,5623.5365394948385,353.09165954589844,225.1393747329712,262.53896086313415,273.8661271560166,5755.462757493497,394.89601135253906,225.0070095062256,285.5826783169165,297.9040590256215,7201.857824861974,356.46507263183594,239.2542314529419,389.39629663760235,406.19668539264933,9552.7302465662,336.93748474121094,242.67745971679688,371.145927501219,387.1589094445887,9129.365094072133,324.31671142578125,243.58906745910645,428.4845244292909,446.9713632823915,10053.272008400456,389.29351806640625,207.11716175079346,290.2870995035164,302.8114510814485,6935.510420783969,345.0883483886719,222.5916624069214,340.5678316177441,355.2615306026794,8688.952440577028,328.20079803466797,222.02895641326904,216.79172539521022,226.14514066126907,4570.369303777444,320.36048889160156,219.28429126739502,82.10646658174572,85.6489259471474,566.9114511412064,383.4545135498047,187.65761375427246,294.2904519639109,306.98752700695786,7095.966909331649,341.25537872314453,204.91114139556885,326.2045748614957,340.27857535577454,8287.217557179656,331.7005920410156,205.69855213165283,240.05995981460364,250.41727621496932,5464.4967051276335,331.38519287109375,204.81571197509766,161.0642379278978,168.0133071283232,3133.014035285482,378.5164260864258,168.69701385498047,277.79090145614316,289.77610824258977,7152.034332949853,345.5990219116211,184.16569232940674,303.9962833147936,317.1121135984367,7778.999665933358,337.0388412475586,188.6436653137207,187.43485814540247,195.5216800034452,3459.061578992641,335.2809524536133,190.6988525390625,79.99049132646873,83.44165756147426,-370.97140117878206,114.17334339650233,134.47363739352176,134.308401183153,153.78165910210322,182.6355230469848,159.25553402017786,151.95517007968897,147.9394719739021,162.05442609756167,160.69508567982018,155.20862172165806,148.30094638695957,162.03697120182468,151.84419014709212,154.88245490849957,157.30310125304442,184.850958370475,138.88586499054648,151.57686967911388,156.15181016958888,176.80693352330252
92,3.68,449.1891098022461,164.77882862091064,445.4308342984938,464.64881670951854,4713.21752764339,439.66297149658203,194.15668487548828,483.80921655186444,504.6830229838518,5809.471063946734,416.97948455810547,214.02430057525635,481.1069760253801,501.8641950841782,5686.75338447201,392.05604553222656,220.4822015762329,476.2063298426104,496.7521119624022,5739.871167145131,371.51851654052734,221.68207168579102,468.70966697182706,488.9320077757095,5376.647015492323,418.9725875854492,223.34949016571045,603.3390907396706,629.3699784575796,8286.647985798953,382.66651153564453,246.83589935302734,681.9077507154104,711.3284601726465,7628.2943694999285,359.9208450317383,253.03828239440918,630.2685423695971,657.4612933621435,6757.559597938869,343.3427047729492,254.51382637023926,548.485859043362,572.1501202038893,3129.4689230374443,413.0526351928711,204.96917724609375,596.4003919670414,622.1319115660419,7983.011512114836,368.5517883300781,224.66576099395752,588.8733410254298,614.2801082241377,6475.464440536459,350.61405181884766,227.89333820343018,579.1939004852015,604.1830510670814,9450.947760145307,341.5616989135742,228.27046394348145,575.6749331003978,600.5122588688638,12871.583323042909,405.3770065307617,185.89566707611084,549.829606899262,573.5518436660362,6664.107916476959,363.4300231933594,207.51389980316162,558.1717974270582,582.2539555519601,6049.384504904639,355.14095306396484,213.54924201965332,618.0027591988112,644.6663065819916,9856.225759175559,355.05924224853516,216.40743255615234,658.9900416332085,687.4219732687735,12985.21665351126,397.9784393310547,167.6880168914795,487.20377821199287,508.2240420089721,5461.1983441595585,365.5992126464844,186.5401268005371,503.5161172250368,525.2401720937074,5203.201462381769,363.7164306640625,192.02831268310547,672.2860323602245,701.2916156073384,12644.24839009733,367.2676086425781,193.85015487670898,803.5378338068078,838.2062374457528,18869.114497106963,132.75929606488307,154.66095831287583,154.38296898652013,173.65174358059932,202.19280335801315,184.43033315848103,180.40830848659482,174.23792370838783,184.94043090571725,185.58036214246187,179.77982605062357,172.46826842964282,186.05746155657923,174.78626389373355,178.17261313057796,183.08975351632407,212.34783730122595,159.21482667090535,172.5864765628622,184.2034747938824,210.33518302113262
93,3.72,466.6790008544922,164.9040412902832,437.25848135857336,456.12387000427555,-213.1236676310749,460.9075164794922,194.55379486083984,531.2064028413056,554.1251469433065,1236.0530989863676,443.4468078613281,218.28433513641357,670.1991762246724,699.1147226772513,4931.263189826826,421.7357635498047,230.25635719299316,781.1929097634902,814.8972482228961,7953.628406512348,403.2857894897461,235.45989990234375,865.6602180543334,903.0088737007086,10351.921648124977,444.296875,227.0347023010254,639.7755082532112,667.3784344942252,950.2114009161403,407.4761199951172,252.3684597015381,635.4751647007195,662.8925538832509,-1210.8976572348893,384.59766387939453,260.81262588500977,646.8122820561457,674.7188078344215,431.43786180694974,367.32715606689453,264.5852851867676,650.3307747622844,678.3891048741025,2655.97461675533,438.1397247314453,209.3045711517334,636.4735372707462,663.934000944339,1045.0522344574267,394.01573181152344,232.40505695343018,665.3519367478344,694.0583504780353,1994.4560563474397,372.3645782470703,238.6942434310913,607.1166247320865,633.310493043689,728.1860494151914,360.1959228515625,241.3985538482666,569.8580120955666,594.4443685171682,-151.69725879239024,429.00516510009766,190.89407444000244,603.7766316864878,629.8263969799318,1406.8638328473894,386.5054702758789,216.2508201599121,616.8519045212353,643.4657986176466,1530.296076642162,380.1533889770508,218.74208450317383,638.6448364334077,666.1989801711183,538.3168397281651,383.71143341064453,216.73101425170898,716.3504569621273,747.2571868559141,1495.8803396785156,419.40208435058594,174.0633487701416,558.8030861168647,582.9124810067203,1867.2109749437054,385.99254608154297,195.7924747467041,559.851537859826,584.0061678919384,1469.149894955774,381.3050842285156,201.98205471038818,505.2460505511423,527.0447428846524,-4356.1718180671505,383.2438278198242,204.16359901428223,475.39898320926824,495.90993259588475,-8557.4076212467,151.0042508650541,176.8259641906081,182.34755789361017,206.24763350951517,238.31315830604152,211.12547053825006,206.92401064192487,201.2266760217647,212.07599510068135,212.13772218023544,207.54216006974497,197.80068815139037,209.83523629726594,199.97931977293084,203.9112450752838,209.73771272316878,242.23812477546252,182.53132591117418,195.9467232785397,205.28526450926853,230.171580324968
94,3.76,474.0787124633789,171.51866912841797,248.12929257208864,258.8347579622886,-4932.227801049673,469.16748046875,202.7094554901123,290.19584486569227,302.71625928909987,-6285.222191355166,451.30279541015625,228.45306873321533,321.247260037019,335.10737864040277,-9100.183600921213,427.78785705566406,242.19494819641113,334.624594649136,349.0618744220804,-11645.884345020393,408.86199951171875,249.87253189086914,386.34349923822134,403.0121759468445,-12499.917443846603,459.68807220458984,232.03777313232422,404.5983109313231,422.05458612442726,-6133.096209244948,420.47019958496094,258.8352584838867,362.85809113083354,378.51349681021975,-7109.476426825779,397.67162322998047,266.8593978881836,360.11444774468947,375.6514797366769,-7476.683202443614,380.53218841552734,271.31710052490234,370.5487628801248,386.5359803314545,-7296.3281135662,453.40736389160156,212.54695415496826,390.203354887233,407.03856393322485,-6422.385925277854,408.48548889160156,239.16509628295898,399.27434310042963,416.5009172664549,-6938.935830289511,386.8647766113281,244.5523452758789,390.9708347712211,407.8391565112062,-5636.78341331207,375.00904083251953,246.01673126220703,387.90787158839504,404.64404268221784,-4745.008145873759,443.54419708251953,193.84865283966064,370.905129805464,386.90772260303305,-6072.9668594224695,401.5525817871094,221.53581619262695,398.706304735403,415.9083710531446,-5688.935689112549,388.94203186035156,226.65082454681396,295.5803748645097,308.33310325192895,-8946.646922979733,386.9289016723633,228.17124366760254,297.1015725970704,309.9199326135036,-10933.431356060264,431.89090728759766,177.75705814361572,325.5900291084255,339.63751520683434,-6081.874144997149,400.40088653564453,199.49498176574707,371.91130735983455,387.95731139222016,-4901.221412492956,389.9456787109375,207.8894805908203,261.6743605400358,272.96422390612827,-6352.012974463102,386.6483688354492,213.80081176757812,255.52246620816192,266.54690790166035,-5734.07561735561,161.35764118354564,188.9346145621721,195.7518530392263,220.21010848639838,254.43364534391532,228.00765398322713,222.0645505143337,216.25273521123177,227.5374343139395,228.41926473756445,224.20219676040315,214.11425441183863,226.02099800455468,215.45562867705215,220.5475799174096,222.07103685324594,254.6349220800027,196.11682651944753,211.4650157342285,216.20383346551367,240.83345664103442
95,3.8,477.7104949951172,170.93313217163086,91.9670385437183,95.93492938789552,-4072.4957143598276,473.56666564941406,201.90660953521729,111.79610872327355,116.61951897157513,-4652.418507938119,457.9735565185547,228.16155910491943,166.9281874577927,174.1302550369723,-4024.4280900857616,435.7605743408203,243.56054306030273,202.22059465055167,210.94534276382888,-3452.913291456288,418.06251525878906,252.6907253265381,240.56145817251192,250.94041157211367,-3801.7941093682703,465.27843475341797,228.5692548751831,164.47410952688975,171.5702966351189,-6262.107237232709,422.47180938720703,252.6485252380371,162.56173837912417,169.57541679632615,-5223.45200034734,398.9054489135742,259.8183059692383,178.70943810507842,186.41980428032622,-4730.791886408767,381.8647003173828,262.95573234558105,211.67201308680532,220.80453987026195,-4143.286011529814,458.83087158203125,207.52139568328857,184.84904926118338,192.82430715501727,-5355.35641945519,414.73480224609375,235.27413368225098,184.0405990582357,191.98097660570804,-5612.998516518672,392.48958587646484,242.98367500305176,145.98631291584212,152.2848494737916,-6388.8576759353655,380.1390075683594,244.70998764038086,132.34457299981807,138.05454069909212,-6664.737549578143,449.1199493408203,188.4847640991211,193.4236213386844,201.7688266242991,-4628.472399468349,407.7847671508789,218.03678512573242,178.68154775933817,186.3907106138174,-5737.941510983181,393.73973846435547,224.98728275299072,126.94821768613804,132.42536122166672,-4397.693550756556,390.3207778930664,227.2313117980957,87.99252885858382,91.78894065070652,-5453.274799069926,437.7189254760742,172.7427864074707,192.20548419776622,200.49813331450846,-3478.484547308147,404.8258972167969,196.1433506011963,138.77623849091646,144.76369850721025,-6079.840322125247,394.0071105957031,206.64284706115723,106.21124031814824,110.79369306078765,-4054.263271133516,391.2608337402344,213.9173984527588,115.34845293998355,120.3251280353004,-3655.544496658999,165.19503835906147,193.5993953210351,202.7170632407052,228.64792219695155,264.4712618067999,234.8704658486319,228.84756718618672,223.70952738244483,236.36961590874998,236.13223702376513,231.88143582463147,220.20564839079032,231.54317963251836,223.52638174202414,228.0032083419623,227.3680513021126,258.3064797060309,204.13675185202788,217.25556367451694,220.63558118794518,245.64646176244645
96,3.84,463.90769958496094,170.57039737701416,345.189022190973,360.0821010847872,6603.679292422292,465.7727813720703,198.70991706848145,210.59955314457545,219.6858089590751,2576.657249687499,463.22059631347656,224.18314933776855,164.61920241282476,171.72164951096738,-60.21513815012298,461.31622314453125,245.37099838256836,640.4924542161543,668.1263128799925,11429.52425290409,460.1289749145508,261.5213871002197,1074.583528434095,1120.946118893615,21750.14268303753,463.99200439453125,199.87489700317383,718.0795032390242,749.0608323261731,14437.263392276356,428.11012268066406,214.9539613723755,952.8479422951023,993.9582866749375,20609.571746965285,408.5710906982422,223.36758613586426,942.7617698418851,983.4369492760654,19925.42862489348,397.05944061279297,228.89559745788574,932.393734297963,972.621587886294,18795.4262004008,458.5538864135742,178.41776847839355,727.6236309319927,759.0167386029501,14154.810786198323,418.58543395996094,198.98184299468994,912.3999013406446,951.7651268832369,18994.60375693822,399.2554473876953,211.61091327667236,802.3508663333196,836.968058609531,17117.080228393486,388.7051010131836,219.36414241790771,668.8562191098254,697.7138240724474,13991.482084333882,448.84960174560547,161.77050590515137,667.8906528562129,696.706598746652,12373.444303058825,408.55838775634766,183.32563877105713,867.9941568412535,905.443509590527,17976.31997441774,392.8412628173828,197.9689121246338,675.8326391845578,704.9912397405795,14314.14696297282,386.2936019897461,208.16256523132324,487.2340565529571,508.2556267000569,10411.66715123376,436.42478942871094,150.54827213287354,555.8053008891594,579.7853572165674,9482.180597551473,406.2005615234375,166.91172122955322,731.5983604739425,763.162956682612,15459.981454385044,393.3704376220703,179.352765083313,682.4376925921576,711.881266235889,15027.189329377536,389.1366195678711,188.97625923156738,625.785861687587,652.785208739796,13311.502017612389,179.59832240245296,202.38682767939812,209.58592922114389,255.37297471215126,309.30910656254446,264.8328991416788,268.6058986531842,263.04700535348746,275.27447942420173,266.4929065678831,269.95204089996093,253.68437073517154,259.4517325954163,251.39464569189022,264.2209487255834,255.5677008917358,278.63670477403326,227.3281661406906,247.78208194182142,249.11083183738072,271.7578701120383
97,3.88,448.5837936401367,169.68385219573975,383.7382374127739,400.2945108657571,1005.3102445242473,449.16282653808594,193.04102897644043,438.76737272377983,457.6978620438939,5950.30132712047,443.88782501220703,211.07985019683838,583.8731104464673,609.064144166668,10933.562366392516,435.1572799682617,224.63275909423828,834.552603524538,870.5591302861357,5060.820435153579,426.1147689819336,235.96169471740723,1063.6799565454633,1109.5721156009627,-284.3500823163083,463.1953811645508,177.77661323547363,552.8159470205401,576.6670285540097,-4309.845094304086,421.0841369628906,190.9885597229004,624.3521399854312,651.2896295362444,-8566.716428467327,397.2023391723633,198.58802318572998,681.5768716993892,710.9833054787412,-6811.341094933106,382.09156036376953,202.98285484313965,748.1258537869749,780.4035238363641,-4805.451601248248,461.4361572265625,153.7763214111328,620.2360430755461,646.9959448351126,-2800.519844195938,414.22183990478516,172.6925754547119,666.2237522348008,694.967780187916,-6419.933667383023,393.11973571777344,184.94778156280518,683.9999773791324,713.5109553407628,-3086.4275817192038,382.1897506713867,192.2009038925171,698.3423754074797,728.4721519160827,768.9581960908811,452.96607971191406,138.70050430297852,585.8596060338187,611.1363465222038,-2139.2563056112067,407.15343475341797,155.50885677337646,696.3059913065035,726.3479086216668,-4477.390024221506,389.9952697753906,169.8974847793579,705.3831891231931,735.8167394699072,770.6374932331926,382.3490905761719,178.38951587677002,750.8302230533209,783.2245723197549,6874.22364049245,440.6700897216797,130.82598209381104,504.35063383670916,526.1106936792835,-1341.8665884320972,406.52976989746094,145.08214473724365,545.8014680192342,569.3499119181047,-4845.326119112684,391.4480972290039,157.68028736114502,543.9391528497705,567.4072477080836,-3611.850463195137,384.9458694458008,166.87578678131104,562.3573536407768,586.6200963581715,-1654.1278095406115,195.61010283708325,220.69474216115387,233.94849498781062,290.1953399235967,353.691991186583,287.8995802838392,294.657483834634,291.48633757263707,306.4906203776563,292.37274436128763,297.7507521074776,282.22480894880204,288.5906186720596,275.8400995527784,293.27486507045006,285.0003704705321,309.96568766682344,248.37259388786194,270.5560784185456,271.8071217457041,295.22267396636516
98,3.92,435.9975051879883,153.51881504058838,512.1786085122732,534.2764040211848,3349.547328885693,438.8946533203125,168.59591960906982,662.8530913845606,691.4516931661008,5843.845778055172,430.81409454345703,180.44883728027344,832.6093699419804,868.5320564618737,6486.697807380142,409.0544128417969,185.97919464111328,1166.0450562568776,1216.3537274491155,8644.864929074496,389.4602584838867,183.8430690765381,1592.934453795983,1661.661142560533,13802.225673989262,470.18245697021484,149.56658363342285,726.560819229315,757.9080722017749,4531.02609119413,438.7401580810547,162.60704040527344,835.6306452695949,871.6836838253917,5509.85135722868,418.9055633544922,171.84330940246582,861.0711553235833,898.2218172073992,4680.962793216451,408.8871383666992,180.73715686798096,870.6585434719332,908.2228503991886,3195.4831640706116,459.4485855102539,127.67290592193604,654.4743795258089,682.711484247133,892.8884853005087,425.04417419433594,142.8960657119751,792.5255959288463,826.7188798016035,3293.7774903421882,403.6305236816406,157.95165538787842,724.252844348031,755.5005204226691,1049.7391270476555,394.3855667114258,170.01020908355713,633.0308370188595,660.3427664020694,-1703.234637850332,443.6492919921875,114.58002805709839,646.4324731470967,674.3226121816367,1579.6566414858235,410.3082275390625,131.44949913024902,606.6328212561273,632.8058160089739,-2338.552315317321,394.8148727416992,149.02868270874023,535.4527713857376,558.5547238103642,-4431.550391488577,390.33111572265625,162.23211765289307,450.53734778876196,469.97564922326023,-7831.223077412366,427.2563171386719,109.67461109161377,626.1538300316282,653.1690529698762,3176.458982264819,402.63450622558594,123.75942707061768,541.889845681339,565.2695237842657,-102.00970334597343,392.5236511230469,140.33751010894775,434.40241927727703,453.14458396402364,-2856.566593601498,389.84031677246094,152.8637409210205,371.0568048024585,387.0659415731879,-4988.8538696245905,216.98115899793066,248.35280988779792,268.6897772462856,338.84948902156134,420.1584368890043,318.2159031719102,329.5248311876497,327.41521026093307,342.8195343936238,319.68120373117296,330.8195072995417,312.44482976570885,315.0043293281423,302.81300404004384,318.587097710809,307.3425594229467,328.7647136357539,274.499356006657,293.1668593699162,289.932905104265,310.7053116292927
99,3.96,448.8799285888672,130.32989501953125,663.1755256069545,691.78803871824,3937.790867426381,454.70428466796875,147.3277187347412,662.5145336988784,691.0985285085892,-8.829116437789253,448.6273956298828,162.0412015914917,640.3879426012842,668.0172921422201,-5012.869107991341,431.9000244140625,164.35439586639404,786.4293873887915,820.3596521360739,-9899.851882826038,417.48233795166016,158.54308605194092,943.8372736941716,984.5588554259135,-16927.55717836549,468.56807708740234,127.33220100402832,557.3228380595212,581.3683680820631,-4413.492602992796,430.44178009033203,142.21821784973145,550.3221570579636,574.0656447565495,-7440.450976721053,407.51976013183594,152.86505699157715,553.2916159203769,577.1632200487065,-8026.464928967317,394.9951934814453,162.0403289794922,582.3215959559543,607.4456900395309,-7519.429008991443,454.7831344604492,108.61279964447021,490.56987576084384,511.7353688471009,-4274.402885000801,416.95865631103516,126.36714935302734,460.01404560232413,479.8612163783049,-8671.441585582466,395.93502044677734,143.14312934875488,417.21787884838346,435.21862158973613,-8007.047470823323,385.51013946533203,156.6478157043457,401.03519610307944,418.3377417542997,-6050.125616194242,439.10709381103516,98.12581300735474,426.74110800641915,445.15272767043376,-5729.247112780074,403.25130462646484,117.49677658081055,390.8953085034044,407.76037168476563,-5626.136108105207,387.5449752807617,136.44916534423828,363.2282910033576,378.89966884742324,-4491.376374073523,382.07340240478516,152.35960006713867,321.7689706151521,335.6515982680722,-3358.1012738797012,423.9590835571289,95.4166030883789,365.8573334576301,381.642140565576,-6788.172810107506,396.53697967529297,110.46602725982666,365.62814832923686,381.4030673121875,-4596.661411801956,387.2901153564453,127.5186538696289,346.1511338135244,361.08572273048003,-2301.4715308385903,385.7208251953125,141.57487392425537,300.42545760642736,313.3872256645304,-1841.967897716438,244.65268054666026,275.9967510281415,295.4104689319744,371.6638751070043,459.54079110604084,341.4706378951927,352.4874569779116,350.5017390628813,367.11736199520504,340.150618485057,350.013955954674,329.85357462929824,331.7378389983143,320.6191131468612,334.89751257819967,322.4985461768436,342.19077756647675,289.76504162928,308.4229820624037,304.3763340134842,323.24080065587384
100,4.0,455.7867431640625,128.57914924621582,178.13126890532206,185.81669014039971,-12649.283714446008,458.8887405395508,150.87389945983887,137.1246437467375,143.04084619328137,-13701.442057882696,450.3243637084961,163.51947784423828,56.26389461316938,58.69138380743348,-15233.147708369666,425.1137161254883,164.668607711792,169.83946330167117,177.16713702136283,-16079.812877867778,402.833251953125,160.08699417114258,368.2554928926855,384.1437678845158,-15010.377188534943,477.1639633178711,128.02359580993652,215.59117396243158,224.89279178982633,-8911.889407305918,439.2477798461914,139.94393348693848,227.37359271560095,237.1835595366489,-8422.052130497517,411.4537811279297,150.75236320495605,111.63555726596992,116.45204056884039,-11517.779486996653,394.8945999145508,160.73495864868164,32.731013258271204,34.14318320398931,-14332.562670888537,464.52709197998047,106.36721134185791,249.9842182109438,260.7697138225751,-6274.141375613145,423.78929138183594,119.52107191085815,241.77255817016254,252.20376412315903,-5691.436306378647,397.6038360595703,136.59366130828857,168.9683349820891,176.2584241265013,-6474.004936580872,385.3361511230469,151.6959285736084,123.87356986766001,129.21805862685588,-7227.9920781860965,448.5042190551758,94.43820476531982,252.36929463683376,263.2576936697648,-4547.375850016723,409.5813751220703,111.82222366333008,212.52991450120172,221.6994551890016,-4651.522912394101,391.5501403808594,130.5322551727295,178.62525972119755,186.3319940448171,-4814.191870065154,384.31854248046875,147.47357368469238,134.42913507077273,140.22904058783925,-4885.563942005823,432.6468276977539,91.05588912963867,243.01842070473273,253.50337903056086,-3203.469038375379,402.78636932373047,107.42104768753052,173.79364842698254,181.29192430156957,-5002.778575265448,390.37723541259766,124.29498195648193,111.58620783028785,116.40056196626212,-6117.129019105449,386.80423736572266,138.95087242126465,70.97167488992712,74.03372694086704,-5983.837468091583,252.08534815227628,281.71838487587274,297.75812428427173,378.7505605878588,474.9065418214215,350.46634956678577,361.9747993593776,355.15982068563494,368.4830893233646,350.58140703796,360.1021065196003,336.9039115943583,336.90656134338855,331.1494208936518,343.76549078575977,329.9518259386363,347.7999391899903,299.9051767905024,315.6746590344665,309.03235649213474,326.2021497335086
101,4.04,465.76602935791016,114.9302887916565,422.6978417312063,440.93501586029856,6377.958142997471,465.8006286621094,138.9524745941162,344.50559524468997,359.36918788380075,5408.208542262984,453.017578125,153.0160617828369,271.0801920698106,282.77586727240276,5602.112086624232,425.28770446777344,156.29522323608398,209.3797977379847,218.41342756401517,1031.1572635663083,402.81566619873047,153.70834350585938,159.46687267359692,166.3470240196724,-5444.918596621084,480.64903259277344,121.88219547271729,176.53347053899034,184.14995523322685,-1018.5709139149872,440.30670166015625,131.75176620483398,206.50805097210178,215.4177801280707,-544.1444852144549,414.3895721435547,142.46947288513184,219.69459047969045,229.17324900651946,2818.0302109419767,398.08616638183594,152.654070854187,217.20791315913095,226.5792847239254,4810.902537998402,471.50115966796875,100.66621541976929,225.1929375839656,234.9088206803646,-646.5223285552624,430.47977447509766,111.6722059249878,257.83626258414176,268.9605323421394,418.9192054745092,403.9613342285156,131.56170845031738,202.69794728392577,211.44329063625167,879.6216627437594,389.82749938964844,147.6478385925293,151.16059702105295,157.68237654573645,711.6079479720142,457.38109588623047,87.44882583618164,282.45614713703384,294.64263457702936,784.6235226816134,417.80712127685547,102.31947898864746,314.21037553999116,327.7668898302491,2651.6858660311877,397.7598190307617,123.32784175872803,237.7809937406915,248.03998481970234,1542.6997693721312,387.02369689941406,141.58018112182617,162.11480563628766,169.10920127167623,722.0040170959244,441.3670349121094,81.61774635314941,321.2481059581262,335.1082610585275,2040.1220506991656,409.1640853881836,95.7886791229248,331.6504754836131,345.9594377594059,4116.687836445908,396.392822265625,114.97897624969482,277.23551305163517,289.1967577686262,4319.904895059102,391.3235855102539,130.84004402160645,232.12341138414402,242.13830773543287,4202.614519864146,269.7227487866882,296.09315239122475,309.06915897516785,387.4870976904194,481.56042278220843,357.83234777611483,370.5915105645004,364.3267506458957,377.54626071232167,359.9777598651746,370.8605278132859,345.36164321980834,343.21385640521794,342.93512627673294,356.87616637896974,339.8734253314244,354.5643072408574,313.30950723284354,329.51303654484275,320.6002268028798,335.88768204292586
102,4.08,455.30513763427734,129.23046112060547,442.94834933884187,462.05922566601106,528.1052451428125,460.5133056640625,150.9164571762085,327.0059859068743,341.1145630451305,-456.3656209667556,455.05847930908203,160.20476818084717,186.82006269399474,194.88035938300615,-2197.3876972349153,428.1934356689453,154.28511142730713,88.33113585129506,92.14215674258445,-3156.781770535768,403.8792037963867,145.45326232910156,208.08273212908847,217.06040044069667,1267.8344105256067,484.28070068359375,115.33180475234985,187.2442117118681,195.32280818557666,279.3213238087453,444.20055389404297,128.03425312042236,134.58730612532753,140.3940358860483,-1875.5936060505596,417.39383697509766,140.64900398254395,87.81982337197373,91.60878383664357,-3439.1116292468973,400.93109130859375,151.5677261352539,76.13205093471554,79.4167458932108,-3679.063470767865,473.32374572753906,94.03644561767578,171.8932582543797,179.30954235359116,-1389.9819581693364,430.86864471435547,108.70147705078125,74.90181117229785,78.13342779787367,-4770.677613606644,404.9299621582031,130.3307819366455,39.15849323766724,40.84797491773301,-4264.882892962966,391.1412811279297,148.82506370544434,44.10131391409394,46.00405213929769,-2791.9581101609688,457.96581268310547,83.5781192779541,97.86554230311812,102.08792235812429,-4813.867805472627,416.6718292236328,104.11273241043091,53.06037764217616,55.34965203840338,-6810.430944796144,398.8140869140625,127.70623683929443,112.5883659933599,117.44595794869464,-3264.850671775193,389.6023178100586,148.075532913208,174.71205005418997,182.24995009701792,328.5187206335422,440.74222564697266,81.9933557510376,18.225480747819287,19.011813757287925,-7902.411182530988,408.5729217529297,101.11765623092651,134.0416713685824,139.82485987811322,-5153.364447032317,396.7376708984375,121.51788711547852,163.6999463389815,170.7627324040343,-2960.8506341147972,392.35557556152344,138.1712293624878,185.0866046751372,193.0721118274765,-1226.6548976989093,288.2051178133286,309.73773491302995,316.8643733504881,391.1727839601228,490.24283879983625,365.64526010353785,376.2072719999424,367.99110199936143,380.72293054805016,367.15014155931823,373.9858649252008,346.99556221651767,345.0540184907899,347.01864317105793,359.09015246050586,344.5712636493722,361.85430524473804,314.06997978313507,335.1060309399673,327.43073609904116,343.6105665160249
103,4.12,454.70638275146484,128.94238471984863,16.611280473762847,17.327969286902903,-11118.281409477704,461.26556396484375,147.17988967895508,95.28847389842386,99.39966709464102,-6042.872398762238,462.95082092285156,160.65805435180664,197.63369604716536,206.16054376852233,282.0046096379045,449.89723205566406,163.96525382995605,594.1169574101696,619.7499588964315,13190.195053846177,434.16675567626953,162.53650188446045,869.3290777168229,906.8360252348716,17244.390619854374,481.4733123779297,122.35360622406006,189.0554234326718,197.2121641036672,47.23389795226325,443.39649200439453,140.11771202087402,302.75453601194135,315.81679147321563,4385.5688896791835,419.03472900390625,154.23607349395752,342.1448747955607,356.9066148448297,6632.445775204653,403.5424041748047,167.49828815460205,403.57911332347254,420.99141553538004,8539.366741054231,467.40673065185547,101.41205549240112,236.3930630724135,246.5921722907249,1682.0657484283438,427.4349594116211,127.56852149963379,479.42384757200455,500.1084485484389,10549.37551876413,403.6653137207031,150.68727493286133,509.89345870942424,531.8926621018137,12276.117179602017,390.4151153564453,169.33804035186768,513.1456467371038,535.285164825964,12232.027817166658,451.5709686279297,90.89246034622192,242.89094228810578,253.37040059512094,3782.0619559249167,413.6701965332031,118.43278884887695,365.78153931730225,381.5630763093435,8155.335606773502,396.85516357421875,142.7080535888672,378.22933390268184,394.54792733306914,6927.549234609362,387.79476165771484,162.42384910583496,361.5430790440786,377.1417489135307,4872.29497041282,436.15245819091797,88.80814790725708,205.40715273744925,214.2693839626941,4881.439255135155,406.95262908935547,108.50918054580688,189.17581110751874,197.33774586935732,1437.8221497811026,395.6305694580078,129.17080879211426,193.3146460244973,201.65514960221478,772.3104299545121,390.99945068359375,145.51385879516602,186.67030037972754,194.72413561771262,41.300594755902864,288.89823658480475,313.7137215968156,325.110795101229,415.96278231598,526.5162798092312,373.5337466676845,388.839943658871,382.2673665931546,397.56258716946536,377.0138284509472,393.99020286713835,368.2712687005902,366.46542508382845,357.15345919486276,374.35267551287956,360.353180742695,376.9399752012793,322.64075514164284,342.9995407747416,335.4969420831297,351.3995319407334
104,4.16,453.7359619140625,137.63666152954102,218.70666120002414,228.1426958084846,5270.368163039542,462.70862579345703,156.05669975280762,224.83352803859492,234.53390451580768,3378.3559355291663,462.7623748779297,168.63524436950684,199.4853887041955,208.0921271609333,48.28958481027428,452.6559829711914,175.78478336334229,303.4303719600597,316.52178616465295,-7580.7043182944635,438.90098571777344,177.56279468536377,393.86102357331976,410.8540416595979,-12399.549589381842,480.8429718017578,139.64916229248047,432.67596778495994,451.34364522956247,6353.2870281473815,445.64144134521484,159.40639972686768,485.4722384970897,506.417795522057,4765.025101221035,425.92357635498047,173.41834545135498,509.54377588802373,531.5278923178735,4365.531936826094,415.56827545166016,184.81322765350342,527.0369471264041,549.7758012872008,3219.6096437955193,466.18995666503906,118.68369340896606,432.86113192910733,451.53679822627987,5123.615648388874,429.6297836303711,145.639386177063,455.091614088011,474.7264080032598,-634.5510136294777,409.81109619140625,164.95296478271484,388.3301986304756,405.0845909003856,-3170.2017800357025,399.8012924194336,178.31019401550293,324.6150231636419,338.62044291716694,-4916.618047719926,449.25315856933594,107.29343891143799,414.09867586451776,431.96484151002403,4464.861022872577,414.6800231933594,133.33199501037598,373.3347142029629,389.4421307051836,196.97635989600286,400.2704620361328,151.48341178894043,235.41343303264532,245.57027640085403,-3724.4412733053778,393.74351501464844,163.00073146820068,149.41648955528083,155.8630200760355,-5531.9682209373805,433.00785064697266,103.53082180023193,376.3689041056669,392.607229839337,4458.446146916072,405.46875,124.02751922607422,389.72805626753035,406.5427586942896,5230.125320623307,397.00511932373047,139.58436012268066,262.5969328739622,273.926600352211,1806.786268749905,395.13172149658203,149.26445960998535,139.51404173056895,145.5333340507596,-1229.7700391738254,298.02394441714415,323.0950777774479,333.43448018766634,428.6236537625661,542.9504414756151,391.58749247686706,409.0966554797532,403.52848228586953,419.55361922095335,395.0753003799984,412.9792591872688,384.47465233660563,380.01024280051513,374.4320528552637,389.93036074108693,370.17599179872917,383.17449600432076,338.3450443352163,359.2612511225132,346.45400609721815,357.22086530276385
105,4.2,471.6706085205078,136.58085823059082,449.1424255624229,468.52054348750437,6009.446191975494,475.1664733886719,159.79182243347168,325.1433416060632,339.17155550348684,2615.9412746919793,464.3062973022461,181.14525318145752,315.12300864839943,328.7188982258503,3015.669276622925,446.878662109375,194.7331666946411,495.2389998842872,516.6059409583571,5002.103869842604,432.0625305175781,199.008150100708,562.7320290419726,587.0109370194158,4403.9223839954475,474.2148208618164,162.46918201446533,594.0779015596484,619.70921799272,4209.139319078939,440.16334533691406,184.9104881286621,652.1445684636892,680.2811541715881,4346.583966238278,422.24483489990234,198.5901689529419,635.9804621057324,663.4196521962705,3297.293996959925,413.06060791015625,209.13768768310547,611.3344789425937,637.7103253342665,2198.363101176642,458.9739990234375,143.1650447845459,638.0667137239611,665.5959145273123,5351.47790752581,422.48291015625,166.15599632263184,543.1442558844026,566.5780551468055,2296.2911785886417,402.62237548828125,183.97676467895508,508.4182996311501,530.3538577187317,3131.731670458652,392.75367736816406,194.6916389465332,445.82831332480043,465.0634448515759,3161.0750483602246,442.5202178955078,129.4306755065918,578.4622579450981,603.4198420246521,4286.375012865702,408.0649948120117,153.18222999572754,523.0860525882131,545.6544465655284,3905.307896508619,395.3284454345703,170.8044147491455,498.5758991106399,520.0868097209463,6862.913333002308,392.14454650878906,180.6135892868042,442.1322347592072,461.2079000627357,7633.621999667505,427.9473114013672,121.99908256530762,478.72598708913523,499.3804790801729,2669.331231020898,399.3003463745117,140.19151210784912,432.52447125062093,451.18561242178197,1116.0713431873091,391.4775085449219,154.97069835662842,408.72812263429114,426.3625773393581,3810.899424678678,391.4173126220703,164.03526306152344,380.76688069196354,397.1949558326603,6291.540544547517,316.7647661566443,336.6619399975874,346.58323611670033,449.28789140090043,566.4308789563917,416.37586119657584,436.30790164661676,430.0652683737204,445.062032234324,421.69913696109086,435.64238139314097,405.68880664535493,398.61278059457817,398.5688465362498,411.756538603708,390.979464187567,401.6228120068302,358.32026349842323,377.3086756193845,363.50850919079244,373.10866353607025
106,4.24,471.16153717041016,147.8217601776123,281.31058261070814,293.44764500595505,-4376.822462038733,471.9719696044922,170.95593452453613,290.3039928344401,302.8290732701692,-908.562055832941,458.13995361328125,193.40025901794434,342.9731791105925,357.77065610605274,726.2939470050611,442.0108413696289,208.38347911834717,362.3074557774499,377.9391044563741,-3466.670912549576,432.47283935546875,223.00097465515137,599.9083177050636,625.7911857288733,969.5062177364377,455.74771881103516,175.10091304779053,559.3492240163116,583.4821818653012,-905.675903185471,426.22020721435547,197.2620677947998,465.68002758982277,485.77165549313384,-4862.737466961357,408.9244079589844,212.54685401916504,482.3269326440245,503.13678637252673,-4007.0716455935935,397.3801803588867,226.18114471435547,578.9836114728754,603.963689197133,-843.6659034283366,445.44124603271484,159.47400569915771,529.8098772332445,552.6683686483955,-2823.1886469729207,411.0028076171875,178.4029769897461,419.6585589560128,437.76460412316914,-3220.3362755909084,392.1434783935547,193.08826446533203,347.1551460433577,362.1330527728392,-4205.520123647311,380.5368423461914,205.42476654052734,406.54880234654496,424.08923091841024,-1024.355348329142,435.1926803588867,149.59957122802734,536.4682894710159,559.6140561249193,-1095.144647493319,403.74011993408203,166.83278560638428,357.98237665192704,373.42742106334134,-4305.675637554676,387.55062103271484,181.84566020965576,337.6422420119192,352.2097172932908,-4196.927310691389,377.7132034301758,194.08400058746338,493.530421847001,514.8236468238902,1340.3936690288617,426.6480255126953,145.61967372894287,591.4074688508474,616.923570249674,2938.5772792375265,402.3876953125,159.1409683227539,479.9828215060741,500.691539248583,1237.648170670026,388.82164001464844,171.11000061035156,408.9091547085442,426.5514199892403,4.72106624705475,380.3156280517578,181.72343730926514,522.0865041573494,544.6117729114333,3685.420426969324,328.5026719568825,348.7751029283942,360.8940623609425,464.4054555791554,591.4625263855465,439.71514847118794,455.7387678663421,450.1907398286214,469.22057980220933,443.80587170702665,453.15296555806776,420.1741287562685,415.5763498313146,420.95340878124654,426.6936354462417,405.0678528792986,422.2157578797858,382.99720630841017,397.33633718932776,380.57056599036207,394.8931344525276
108,4.32,416.56856536865234,232.74357318878174,,,,424.35935974121094,263.89177322387695,,,,409.7487258911133,292.1517562866211,,,,386.09283447265625,305.01977920532227,,,,367.2017288208008,310.59359550476074,,,,413.40518951416016,270.14001846313477,,,,376.8376922607422,304.36915397644043,,,,359.70958709716797,322.0379447937012,,,,348.411865234375,334.80783462524414,,,,396.62723541259766,250.69836616516113,,,,356.09710693359375,292.7665901184082,,,,342.2406768798828,314.93099212646484,,,,335.00858306884766,328.1045436859131,,,,380.41114807128906,238.22376251220703,,,,344.07859802246094,276.34846687316895,,,,337.5503158569336,297.12647438049316,,,,337.5238800048828,308.92290115356445,,,,367.51415252685547,231.97900772094727,,,,343.20812225341797,263.3112144470215,,,,339.0108871459961,281.6908264160156,,,,339.49607849121094,292.36072540283203,,,,328.5026719568825,348.7751029283942,360.8940623609425,464.4054555791554,591.4625263855465,439.71514847118794,455.7387678663421,450.1907398286214,469.22057980220933,443.80587170702665,453.15296555806776,420.1741287562685,415.5763498313146,420.95340878124654,426.6936354462417,405.0678528792986,422.2157578797858,382.99720630841017,397.33633718932776,380.57056599036207,394.8931344525276
109,4.36,410.6080627441406,245.57650566101074,353.7405010858955,369.00253102291646,,415.03753662109375,280.93966484069824,485.7513476960441,506.70894680535594,,398.34461212158203,309.36902046203613,516.289645302447,538.5648102852277,,372.9429626464844,323.45483779907227,566.1109180185808,590.5356071676925,,352.6932144165039,331.28479957580566,631.7747403788967,659.0324758418061,,399.8044967651367,290.13218879699707,604.4965456433057,630.5773714127972,,365.44803619384766,321.4639091491699,513.5385329613234,535.6950020108384,,346.1896514892578,339.5580196380615,553.2527007356275,577.1226258797504,,332.74486541748047,352.6318073272705,593.2689557365374,618.8653704398613,,384.4009017944336,269.3265151977539,557.0520454382695,581.0858921927671,,345.9503936767578,306.08081817626953,418.49765433422084,436.5536126127189,,329.8865509033203,327.9953956604004,449.5157591385729,468.90998443105565,,320.8646011352539,342.0696830749512,496.9138148946766,518.3530153700565,,368.3924865722656,255.3010368347168,522.0641259189093,544.5884291704738,,334.8594284057617,292.5036907196045,465.0163612376382,485.0793554512695,,326.4359664916992,314.41320419311523,513.7848464016106,535.9519425721026,,323.8960647583008,327.71315574645996,580.2968077096433,605.333542899521,,355.5928039550781,247.86569595336914,496.55400937611347,517.97768614816,,332.6648712158203,280.7838249206543,510.1790489653529,532.1905740653849,,330.1704406738281,299.59877014160156,499.2794447413817,520.8207096211187,,331.1384963989258,310.2861785888672,494.4511163616325,515.7840644327165,,343.26277319779916,369.04346080060844,382.43665477235163,488.02687986586307,617.8238254192188,464.9382433276998,477.1665679467756,473.27564486381146,493.9751946198038,467.04930739473735,470.6151100625765,438.9305281335107,436.3104704461168,442.73694594806545,446.09680966429244,426.5059305821827,446.4290995957667,403.71631375433657,418.62396015194315,401.40339437520686,415.52449702983625
110,4.4,401.8272399902344,257.2540283203125,365.2630761639682,381.02224421566154,300.4928298186272,404.6232223510742,292.6779842376709,392.3057512802331,409.2316676005997,-2436.9319801189063,386.25083923339844,320.4379463195801,409.86313440492665,427.5465588592,-2775.4562856506936,359.9178695678711,335.8949375152588,450.2840288745563,469.71140093896446,-3020.6051557182022,339.72286224365234,345.2278232574463,476.07637574932926,496.6165510379666,-4060.398120095988,384.82975006103516,308.48276138305664,592.1288674605817,617.6760933903695,-322.5319505606933,350.5206298828125,337.6621913909912,550.6880961354367,574.447372167952,968.8092539278415,332.17567443847656,353.6199188232422,496.31678484739473,517.7302266368821,-1484.8099810717088,319.71351623535156,365.39297103881836,455.9765350181804,475.6495085868381,-3580.396546325579,369.7390365600586,288.9282989501953,611.9641627724465,638.3671766878621,1432.0321123773738,333.48114013671875,322.7164649963379,519.7517610406837,542.1762979892987,2640.567134414496,318.0735397338867,342.02908515930176,458.59273451556214,478.3785832425002,236.71497028611412,308.9569854736328,354.83548164367676,436.43221398213734,455.2619535647652,-1577.2765451322825,355.27172088623047,273.8004684448242,567.0005853639391,591.4636589491477,1171.880744466847,322.9217529296875,306.81861877441406,465.9836779507666,486.0884067596422,25.226282709317616,313.65814208984375,326.7784023284912,444.5298930975836,463.70900466532754,-1806.0734476693754,309.9084281921387,339.2307186126709,452.9819471321101,472.52572008668506,-3320.1955703208996,344.1481018066406,263.13257217407227,477.0080691172323,497.58844204235567,-509.7311026451095,322.2589874267578,292.2883129119873,387.8108925222117,404.5428794827311,-3191.192364566345,317.0767593383789,310.14867782592773,420.3756081337377,438.5125901768898,-2057.7029861057226,315.1211357116699,321.6957664489746,491.6391833214426,512.8508113680779,-73.33132661596551,358.5036629664256,385.4127275046324,399.5385171267196,506.81533590342167,637.6884874607375,489.6452870633146,500.14446283349366,493.98485392928677,513.0011749632773,492.5839944622518,492.30216198214845,458.06567146321066,454.52094858870737,466.3954923060314,465.5403459346781,445.05429076879585,465.33012839923407,423.6198514360308,434.8056753312524,418.9438979822824,436.0385294845594
111,4.44,399.0959167480469,260.3503704071045,103.22142755913445,107.67488570914429,-6833.683962662932,403.77647399902344,295.3831386566162,70.8644974671735,73.92192537971363,-8382.743555522151,386.24046325683594,321.48133277893066,26.085951253090446,27.211421951916822,-10008.378422682079,360.07373809814453,335.16632080078125,18.62755545129388,19.431235855653718,-11257.004127082768,340.4109191894531,341.4503002166748,95.99187037265233,100.13341140298606,-9912.078490874514,382.71644592285156,310.3494358062744,70.4917006762113,73.5330443807893,-13603.576225239505,347.61173248291016,342.89079666137695,149.58274707637614,156.0364507290069,-10460.273035973629,330.67649841308594,356.67717933654785,85.12626871787302,88.79901655876442,-10723.280251952941,321.1219024658203,364.5285129547119,41.31313012644225,43.09557298171683,-10813.848390128032,367.0949935913086,290.5066680908203,76.98300285076576,80.30441187954095,-13951.569120208029,329.9137496948242,327.5189781188965,149.5627102114443,156.01554937942745,-9654.018715246782,316.71586990356445,344.44544792175293,69.291397229057,72.28095419423776,-10152.440726206562,311.22920989990234,354.33815002441406,58.150357817333955,60.659237912014234,-9865.067891318773,353.2802200317383,275.02681732177734,58.47011641346855,60.99279239878574,-13261.77166375905,319.5578193664551,310.2928161621094,120.89793346690865,126.11403926828503,-8999.35918728393,314.4274139404297,327.3230838775635,23.564501506552126,24.581184997246467,-10978.195491702027,315.7139587402344,336.254940032959,163.09399724611387,170.13063981567416,-7559.877006775272,343.3275604248047,264.4442081451416,38.67878197335904,40.34756665193778,-11431.021884760448,321.46656036376953,293.8439083099365,43.64500037430563,45.52805108596897,-8975.370709919054,319.88048553466797,308.9856147766113,75.88476560072314,79.15879150617305,-8983.844966767918,322.33848571777344,316.97559356689453,215.59535759630612,224.89715592535458,-7198.841386068082,362.8106583947914,388.36960451982094,400.6269740047963,507.59258533764785,641.693823916857,492.58660883854617,506.38592086265396,497.5368145916374,514.724997882546,495.79617093743343,498.5427839573256,460.95690963098014,456.94731810518795,468.8352040019828,470.5849075054095,446.0375381686857,472.13535399186105,425.23375410210826,436.62679737469114,422.11024964252937,445.0344157215736
112,4.48,389.77413177490234,270.7635498046875,349.40125594704006,364.47607042807,6420.029617973142,393.6675262451172,304.927396774292,347.5662596074544,362.5619037108117,7215.999458277452,375.9904479980469,329.41168785095215,323.99203729967024,337.97057851122145,7768.978913982616,351.4091491699219,344.0340328216553,309.9510221190522,323.3237678580043,7597.313300058765,332.74375915527344,351.96398735046387,325.3103903744506,339.3458115418822,5980.310003472404,369.57481384277344,321.75682067871094,435.05094770327776,453.8210929583287,9507.201214438484,333.7093734741211,351.7958164215088,412.7461106249192,430.5539202407507,6862.936737793595,319.69310760498047,364.191255569458,332.69375489851865,347.0477291579947,6456.217814980757,312.0741081237793,371.9124126434326,291.9594974788446,304.5560041758194,6536.510779852564,354.1098403930664,303.87451171875,465.9086866292845,486.01017995963855,10142.644202002439,315.85803985595703,338.4657382965088,445.38925212993917,464.6054404905247,7714.747277777431,307.1151351928711,353.50513458251953,330.0113912583024,344.2496357270045,6799.217038319168,305.15682220458984,361.65404319763184,237.69227117761568,247.94743434772266,4682.20491089271,341.9084930419922,288.35689544677734,438.04049295407845,456.9396212601957,9898.670721535249,309.17415618896484,321.29090309143066,378.13553876923083,394.4500854361566,6708.401154196789,311.32537841796875,333.20457458496094,166.23506948710497,173.4072326951819,3720.651192448386,317.8669738769531,336.63156509399414,54.64270660126903,57.000250115309335,-2828.2597425091203,334.8066711425781,275.5580520629883,350.10987631583345,365.21526401437535,8121.692434060939,313.56821060180664,299.5539665222168,243.6553582290063,254.1677970370909,5215.993648778049,316.876163482666,311.3608932495117,95.74673237234143,99.87769699571028,517.9726372384309,323.23211669921875,315.510950088501,42.89344974614192,44.744075026872096,-4503.827022462062,377.3897012119142,402.8720806682534,414.1457971452452,520.5255360519681,655.2676563785323,510.7394525568793,523.608077672284,511.4187237579572,526.9072380495787,515.236578135819,517.1270015769466,474.7268950600603,466.8652154790969,487.11278885239057,486.36291092285575,452.973827476493,474.4153639964734,439.84236466268334,446.7935092561748,426.1053575223578,446.8241787226485
113,4.52,386.1299514770508,276.32080078125,166.13828663901188,173.30627417955722,-4779.244906212819,386.79054260253906,310.9803771972656,229.03530844226447,238.9169694998765,-3091.1233552733797,367.2962188720703,335.01474380493164,258.58250148454096,269.73896750053876,-1705.790275267067,342.12146759033203,349.29064750671387,266.8016902483778,278.3127707475536,-1125.274927761268,323.86707305908203,358.163480758667,270.6811715014916,282.35963107895606,-1424.6545115731535,359.85939025878906,328.4377384185791,294.77122194924846,307.48903967199,-3658.301332158467,323.4946060180664,357.6097869873047,293.8363999758359,306.51388507932626,-3101.000879035611,310.9115219116211,368.6608600616455,246.34022662569336,256.9685032915336,-2251.9806466615278,305.7202339172363,374.8008441925049,174.48988911654746,182.0182040910252,-3063.4450021198545,344.95426177978516,309.57884788513184,269.68044845133943,281.3157321269685,-5117.361195816751,307.56702423095703,341.32312774658203,219.2396157224214,228.69864449708828,-5897.669899835911,301.11427307128906,355.50713539123535,158.15015301987697,164.97349488354362,-4481.903521086521,302.008056640625,363.22071075439453,87.92458348715546,91.71806379620047,-3905.734263788055,333.8465118408203,294.02074813842773,246.31632127302802,256.9435665494545,-4999.90136776853,303.05925369262695,323.3822250366211,161.56589216584834,168.5366050909084,-5647.837008631204,305.84911346435547,335.674409866333,150.18647608740304,156.6662274507479,-418.52513111085017,312.95576095581055,340.4413890838623,155.39218768685893,162.09653794693884,2627.407195790737,327.54703521728516,281.83576583862305,239.93749709116798,250.28952987332906,-2873.143353526157,309.35558319091797,304.60095405578613,164.3515912361645,171.44249232875467,-2068.132617708406,312.75062561035156,315.1495170593262,140.030650904083,146.0722321752072,1154.8633794874231,318.65068435668945,319.20315742492676,147.10098003652507,153.44760857973907,2717.5883388216744,384.32195217909646,412.42875944824846,424.93535584526666,531.6580468818702,666.5620416216905,523.0390141437589,535.8686330754571,521.6974638896186,534.1879662132197,526.4892074208976,526.2749473568301,481.32583485540204,470.5339380309449,497.3905315143688,493.1043751264921,459.2404765745229,480.8992255143509,449.8539458576165,453.651208949325,431.9482468093661,452.9620830658381
114,4.56,383.4081268310547,279.42612648010254,103.23328284613982,107.68725248902264,-1640.4755422633646,382.58480072021484,313.27680587768555,119.79631010853184,124.9648866939342,-2848.8020701485575,363.2505798339844,336.09535217285156,104.68676394160184,109.20344359909632,-4013.388097536061,339.1918182373047,347.51973152160645,85.58252142670007,89.27495415659793,-4725.9454147738925,321.43627166748047,352.084264755249,163.6796845626108,170.74159643927803,-2790.4508659919506,354.45579528808594,330.9701728820801,149.1896086347328,155.62635044486223,-3796.567230678194,316.8008613586426,357.5460720062256,167.35119727010272,174.5715154832903,-3298.559239900899,304.90150451660156,367.73818016052246,152.01078762783126,158.56924837632994,-2459.981372880091,301.3446807861328,372.8485679626465,119.78326177094793,124.9512753896608,-1426.6732175341103,340.5929183959961,311.9354438781738,123.93259454674899,129.2796299083738,-3800.9025554648674,302.92613983154297,340.96123695373535,116.37432318458403,121.39525915004872,-2682.584633675989,295.1812553405762,354.5954990386963,150.06619421155506,156.5407560487234,-210.81847087050534,295.88653564453125,362.40660667419434,154.38544450298582,161.04635912433056,1733.2073832032524,330.0875473022461,295.86381912231445,104.6623292244625,109.1779546532686,-3694.140297404647,299.58112716674805,323.17763328552246,87.10346546866002,90.86151888216541,-1941.877155218575,302.86251068115234,334.6088218688965,79.27512994674557,82.69543212530404,-1849.2698831360965,311.49341583251953,339.0861511230469,49.844277442652455,51.9947941411467,-2752.5435951448035,324.15321350097656,283.4234046936035,93.67037610662823,97.71175694925964,-3814.4443231017353,308.0358123779297,305.2737236022949,37.033885341040964,38.63170143793715,-3320.269772270438,313.27993392944336,314.194278717041,27.302101421313214,28.480042561659154,-2939.804740338701,321.0404586791992,316.492338180542,90.3450409826606,94.24295121885359,-1480.116434022137,388.6294422786574,417.42735491600587,429.30349358923047,535.229045048134,673.3917054792615,529.2640681615534,542.8514936947887,528.0402338246718,539.1860172288062,531.6603926172326,531.1307577228321,487.587465097351,476.9757923959181,501.75764970049954,496.7388358817787,462.548293859535,482.97901727999675,453.7624161355869,455.1964770068425,433.08744851183246,456.73180111459226
115,4.6,379.3500518798828,280.85792541503906,107.58142410348424,112.22299302277526,113.3935133438154,377.10182189941406,314.8451614379883,142.57190272122878,148.72312555500056,593.955971526659,356.1919403076172,337.47894287109375,179.8240723308748,187.58252907214688,1959.477136826264,331.6822052001953,348.53053092956543,189.43337121903397,197.60641833617387,2708.2866044893985,313.7210464477539,353.4114074707031,195.71345121485592,204.15745053738053,835.3963524525625,349.47486877441406,333.4082508087158,138.64039119009453,144.62199011452677,-275.10900825838644,309.27486419677734,359.1401767730713,192.32427578195205,200.6220501266751,651.2633660846199,298.1154251098633,366.48533821105957,172.5189965353297,179.9622779287364,534.8257388101615,296.5907859802246,368.89620780944824,154.55716298151273,161.2254863461367,906.8552739118978,336.35719299316406,313.4330177307129,112.31678729158563,117.16266206366312,-302.92419611776717,296.7795181274414,340.78333854675293,153.72988936877908,160.36252025655946,974.1815276627686,287.79773712158203,352.2499465942383,193.67814403011724,202.0343306224366,1137.33936434283,287.6908302307129,359.60978507995605,216.49451243058263,225.83510453064864,1619.7186351579517,326.59324645996094,296.05679512023926,87.49063561379664,91.26539336940495,-447.8140320965913,293.66390228271484,321.55431747436523,153.3963504923088,160.01459094330795,1728.8268015285635,293.6698341369629,332.35316276550293,236.63434349858906,246.84386268996323,4103.710764116479,300.27042388916016,337.72324562072754,282.6360950597094,294.83034629993296,6070.888803969656,321.19415283203125,282.14037895202637,80.63108541394206,84.10988989254842,-340.04667641778036,303.7687110900879,302.70057678222656,124.57236340358821,129.94700140448072,2282.8824991635893,308.0726623535156,311.84972763061523,142.76860006301547,148.92830934577927,3011.206669603003,316.3431167602539,315.36632537841797,120.76041863444958,125.97059139880211,793.191004498713,393.1183619995684,423.3762799382059,436.8067947521164,543.133301781581,681.5580035007567,535.0489477661345,550.8763756998557,535.2387249418211,545.6350366826517,536.3468990997791,537.5452585330945,495.66883832224846,486.00919657714405,505.4082654352758,503.1394195195111,472.4220483671335,494.77223113199415,457.12681173128885,460.3943570630217,439.04458088566366,461.7706247705443
116,4.64,377.60009765625,280.107479095459,47.60192658510265,49.655697714988904,-1564.1823826946588,373.9263153076172,313.2322025299072,89.04169863645149,92.88337655023591,-1395.9937251191163,352.67356872558594,335.4544258117676,101.48154977860437,105.85994141321184,-2043.0646914733761,327.75421142578125,347.17363357543945,103.89389275081847,108.37636421385179,-2230.7513530580522,309.3527603149414,353.0453395843506,109.58994432525675,114.31817025910986,-2245.982006956767,346.4705276489258,332.2822952270508,80.21004289591347,83.67068161884532,-1523.782712392036,306.41658782958984,357.10450172424316,87.72726448931071,91.51223152819581,-2727.745464961982,293.6834526062012,363.40673446655273,134.9077955700404,140.72835275364517,-980.8481293772808,289.8179817199707,365.05210876464844,194.69202444814,203.09195461306393,1046.6617066731808,333.7249755859375,312.45351791381836,70.21390696562072,73.24326534221301,-1097.9849180362528,293.92066955566406,339.2768096923828,80.78770151376344,84.27326314795917,-1902.2314277150074,283.1394958496094,349.2895030975342,137.98423244407095,143.93752159228444,-1452.4202257538043,281.2637710571289,354.7879886627197,200.8681319765892,209.53452848535588,-407.51440113231894,324.2031478881836,295.18383979797363,63.613197222962214,66.35776991799189,-622.6905862853265,291.6625213623047,321.3962745666504,50.190282608170065,52.35572759782204,-2691.471583637148,293.34877014160156,330.261812210083,52.8962973348123,55.17849253440986,-4791.634253888835,301.09575271606445,333.08841705322266,117.69346711552903,122.77131715813081,-4301.475728545053,318.6872100830078,281.52042388916016,64.56153182649982,67.34702013923534,-419.0717438328271,300.5313491821289,303.3397579193115,82.49645692812003,86.05574231237802,-1097.2814773025675,305.0436210632324,311.5571880340576,76.07837469426933,79.36075380714873,-1739.1888884657635,312.80492782592773,313.24756622314453,103.10165279059298,107.549943293422,-460.51620263450275,395.1045899081679,427.09161500021537,441.04119240864486,547.4683563501351,686.1307303111212,538.3957750308882,554.5368649609834,540.867859051967,553.7587148671743,539.2766297134676,540.9161890590128,501.42633918593987,494.39057771655825,508.0625762319954,505.23364862342396,474.6291880685099,499.68308381831935,459.82069253685825,463.83658675551675,442.2190110379496,466.07262250228115
117,4.68,373.53748321533203,280.99788665771484,103.9761442665986,108.46216444710234,1470.1616683028358,369.61132049560547,313.7065887451172,108.524831573439,113.20710353070577,508.09317451174644,348.6954879760742,334.94876861572266,100.25223080294687,104.57758383170899,-32.05893953757126,323.4935760498047,345.75894355773926,112.23402351003995,117.07632746309113,217.49908123098365,304.96416091918945,350.78553199768066,123.40617636783153,128.73049957186802,360.308232818954,343.12374114990234,331.0176372528076,89.44390582182773,93.30293684639604,240.8063806887679,301.8949508666992,355.4942321777344,119.9952312505386,125.17239023013978,841.5039675485992,290.2969169616699,360.8690643310547,105.79577433751597,110.36030192254759,-759.2012707774394,288.2901382446289,360.98791122436523,108.54724585286739,113.23048486763139,-2246.5367436358138,330.64613342285156,311.52734756469727,80.37824869323627,83.84614460584936,265.0719815909088,289.69945907592773,339.09865379333496,105.62420839526251,110.18133381814756,647.7017667547099,281.8036460876465,348.1014633178711,44.69293221946722,46.621195642549566,-2432.908148743372,283.1941795349121,351.1656188964844,102.61590889828322,107.04324212366338,-2562.2821590423127,320.8885955810547,294.64213371276855,83.96317079321804,87.58573711604386,530.6991799512992,288.2901191711426,320.93247413635254,85.10364041163085,88.77541196090105,910.4921090769753,290.6962776184082,329.0653324127197,72.746479687573,75.88510516980193,517.6653158848018,298.6729049682617,330.2677059173584,92.96034948104693,96.97109643363056,-645.0055181125063,315.04642486572266,281.10877990722656,91.5995625203263,95.55159871949418,705.114464506471,297.54772186279297,303.59155654907227,74.85583866104375,78.08547181613515,-199.25676240607152,301.5100288391113,312.3119831085205,90.33268238434836,94.23005941244999,371.7326401325316,308.0226135253906,313.82057189941406,120.41300172261,125.60818528642471,451.45604982506774,399.443076486052,431.6198991414436,445.22429576191325,552.1514094486588,691.279950293996,542.1278925047441,559.5437605701891,545.282271128869,558.2879342618795,542.6304754977016,545.3234424117387,503.2911870116419,498.6723074015048,511.56600571663716,508.78466510186,477.66459227530197,503.56192767566455,463.642756485638,466.9600056281622,445.9882134144476,471.0969499137381
118,4.72,371.30481719970703,280.63201904296875,56.561120971293136,59.00143390940855,-1236.5182634423447,366.8824768066406,313.02552223205566,70.31375876214163,73.34742521514328,-996.4919578890623,345.2271270751953,332.38600730895996,107.81138870205682,112.46287937635495,197.1323886161489,320.1245880126953,340.4201602935791,157.82246183580511,164.6316655596601,1188.883452414224,301.2362480163574,341.43917083740234,251.5598854515817,262.41336276314155,3342.071579781838,338.7809753417969,330.4801082611084,109.39764702956116,114.11757635311743,520.3659876680348,298.4639358520508,354.0845489501953,92.73305381829867,96.73399416632681,-710.9599015953244,285.7984161376953,359.1259574890137,120.61024812922834,125.81394183127584,386.3409977182062,283.1501579284668,358.74664306640625,140.1844334404118,146.23264961386138,825.0541186557498,326.6535186767578,311.80209159851074,100.05141426674513,104.36810312508301,513.0489629808412,286.9403839111328,338.9663600921631,69.05612476619054,72.03553097011948,-953.6450712007021,278.194580078125,346.82169914245605,95.73124426538817,99.86154065893527,1331.0086254096425,279.0729331970215,348.6157035827637,121.1577986674925,126.38511627656047,483.5468538224273,317.08784103393555,295.112943649292,95.74509492584995,99.87598890207127,307.2562946506853,286.1085891723633,320.8878993988037,54.54963360785264,56.90316151495088,-796.8062611487543,288.17691802978516,328.6223316192627,63.950285573006084,66.70940184581099,-229.39258309977362,296.35814666748047,329.3709468841553,62.05986401585923,64.73741860627212,-805.8419456839612,311.4379119873047,281.43327713012695,90.57684458989229,94.48475592458043,-26.671069872843844,294.8528480529785,303.03797721862793,68.77860734777505,71.74604014426295,-158.48579179680513,298.52094650268555,311.3236141204834,78.70628338340477,82.10204284420085,-303.2004142062284,305.1739501953125,312.48910903930664,78.6116885233091,82.0033667166726,-1090.1204642438029,401.80313384242834,434.5537961500493,449.72281093696745,558.7366760710452,701.7764848045216,546.6925955588688,563.4131203368421,550.31482880212,564.137240246434,546.805199622705,548.2048636505435,507.2856486379993,503.7277120525672,515.56104527272,511.060791562458,480.3329683491344,506.15142441991543,467.4221467226213,469.8298472339327,449.2722951282156,474.377084582405
119,4.76,372.29164123535156,279.7598075866699,32.92581151073464,34.34638596979416,-616.3761984903596,368.2847595214844,312.1596908569336,41.20118917045457,42.9788023660882,-759.2155712263768,346.5965270996094,331.9984817504883,35.579422470492176,37.11448619437917,-1883.7098295493945,320.9841537475586,340.68037033081055,22.45220640642923,23.42090025198889,-3530.26913269178,302.2920227050781,343.22948455810547,51.960823053775115,54.20265749050081,-5205.267631816018,338.90003204345703,330.1498603820801,8.776323255387886,9.15497514243369,-2624.065030267094,298.9082717895508,354.4581699371338,14.513508088046917,15.13968912824729,-2039.8576259519878,286.3854217529297,358.54454040527344,20.655226602207822,21.546390282338134,-2606.6887887234425,283.5331916809082,357.67624855041504,28.42159473197057,29.647836082128784,-2914.6203382933154,326.0698699951172,311.1413097381592,22.040849157735952,22.99179511571956,-2034.407700234086,286.2331771850586,338.970365524292,17.68045172095361,18.443269613269887,-1339.8065339212399,277.9265594482422,346.743106842041,6.9826484824575745,7.283912798677571,-2314.4406965064422,277.9399108886719,349.297571182251,33.05944432428176,34.485784331800296,-2297.4832986190045,316.20311737060547,294.6742343902588,24.68807625172595,25.753236044525035,-1853.0688214386557,284.66800689697266,321.94536209106445,44.675948770654045,46.603479447829656,-257.49205167803063,287.05188751220703,329.901180267334,42.581888243094824,44.41907129435981,-557.2582637862795,294.72171783447266,331.17568016052246,60.90444115747202,63.53214536829734,-30.13183094936931,310.8006286621094,281.4000606536865,15.953709813063702,16.642027933341367,-1946.0681997809766,294.77460861206055,304.00577545166016,24.273890679795446,25.321180557843803,-1160.6214896604786,299.26280975341797,312.48536109924316,34.460277181168316,35.94705571052117,-1153.874678341992,306.0222625732422,313.9862823486328,43.02006660201872,44.87615472977657,-928.1802996724007,403.17698928122013,436.2729482446928,451.2073903847426,559.6735120811247,703.9445911041416,547.0587945645661,564.018707901972,551.1766844134136,565.3231536897192,547.7248714273338,548.9425944350743,507.57700514994644,505.10714342583924,516.591174714501,512.9249307403712,482.1097312009088,508.69271023464734,468.0878278399549,470.84269445624636,450.7101773566365,476.1721307715961
120,4.8,379.5820617675781,281.16811752319336,185.62995517632197,193.6389050263165,3982.3129764130585,373.3234405517578,314.20143127441406,135.91589876006665,141.7799502594723,2470.028697334602,353.2273483276367,337.34596252441406,212.96029674795594,222.1484061512808,4625.847998922541,329.48734283447266,348.26454162597656,284.8507052850609,297.14050523247056,6842.990124512042,309.62894439697266,350.47800064086914,257.8412851385956,268.96577159322874,5369.077852568198,347.62508392333984,341.6264533996582,360.41531390689545,375.96532668101133,9170.258788464442,307.1012306213379,359.4415855407715,239.73814555929826,250.08157737821637,5873.547206249227,287.28893280029297,363.6360454559326,129.27624466040598,134.85383023541388,2832.6859988268934,275.0420379638672,364.30166244506836,269.2533666478062,280.8702240045629,6280.5596980608525,336.3633346557617,321.8484306335449,371.31342268724256,387.33363116117795,9108.545901136458,293.39345932006836,344.3903160095215,224.50710388994293,234.19339689321475,5393.753181998622,276.19089126586914,350.8970832824707,112.55016744475286,117.40611133493645,2753.054963406472,267.53374099731445,352.78882026672363,274.40525684836206,286.2443909934191,6293.96516654047,325.61344146728516,303.3376121520996,319.77366394931244,333.570204682657,7695.4242159533,287.53536224365234,325.77924728393555,119.68814257333726,124.85205230222958,1956.2143213599982,276.5270805358887,335.02964973449707,292.69519231230936,305.3234403466159,6522.609226306402,272.7819061279297,339.21807289123535,584.1850191471788,609.3895100765859,13646.434117707213,317.98452377319336,286.98391914367676,227.4695372507223,237.28364357053508,5516.040390929842,291.85314178466797,308.0889415740967,125.51696600203239,130.93235860436803,2640.279451163106,286.65319442749023,316.95430755615234,334.45280039060884,348.88266815076815,7823.390311006175,286.0603141784668,320.150671005249,522.3020385906358,544.8366065144872,12499.011294617767,410.9225454822728,441.9441462550717,460.0933266307938,571.5591322904235,714.7032219678708,562.0974076318066,574.0219709971007,556.57083762283,576.5579626499017,563.218216673781,558.3103303108029,512.2732496033439,516.556919065576,529.9339829018073,517.9190128324603,494.3226688147734,533.0682906377108,477.5791735827763,476.0799888004211,464.66548408266726,497.96559503217554
121,4.84,378.9812469482422,281.6249942779541,18.869863807377865,19.683998534534194,-4348.872662294558,372.4067687988281,314.99327659606934,30.28310292108589,31.58965849487152,-2754.7572941150192,351.7870330810547,337.30359077453613,36.02345915098569,37.5776807069276,-4614.26813610883,326.96197509765625,347.6063632965088,65.24320328362855,68.05810211100396,-5727.060078036665,307.33898162841797,350.8158016204834,57.8685956672259,60.36531921676399,-5215.011309411619,347.17647552490234,340.6150531768799,27.660665955747238,28.854077257530975,-8677.781235587008,306.8362045288086,358.9123821258545,14.796432933336364,15.434820682820744,-5866.168917384891,287.783203125,364.0627670288086,16.32472156431277,17.029046877538846,-2945.619583946876,276.19550704956055,364.79681968688965,31.38143983490023,32.73538283197528,-6203.3710293146905,335.97713470458984,321.0319232940674,22.58089122612646,23.555137140404938,-9094.462350519325,293.7493896484375,344.723482131958,12.188264432240569,12.714123518418585,-5536.981834369904,276.4735984802246,351.6358280181885,19.774781187148317,20.627958308653586,-2419.453825657072,267.4981498718262,352.9876899719238,5.050735581324712,5.26864808331282,-7024.393572752656,325.2828598022461,302.9178714752197,13.357265651312705,13.93356095145866,-7990.916093279958,287.5668525695801,326.2562656402588,11.951416048327772,12.467056380603662,-2809.624898040648,276.14288330078125,335.27252197265625,11.363165259200365,11.853425684096187,-7336.750366562993,271.95308685302734,339.30450439453125,20.832843589084817,21.731670501903267,-14691.445989367065,317.2549057006836,287.048921585083,18.3126979361596,19.102793905581617,-5454.521241623836,291.1697006225586,307.28078842163086,26.459914728531537,27.601519971578927,-2583.2709658197277,284.38671112060547,316.06727600097656,60.84699848937121,63.472224353166645,-7135.261094940037,281.64506912231445,320.3907108306885,110.54413152581506,115.31352558595209,-10738.077023213378,411.7099054236542,443.2077325948665,461.5964338590709,574.2814563748638,717.1178347365415,563.2515707221078,574.6393638244134,557.2519994979316,577.8673779631807,564.1604221593972,558.8188952515396,513.09836793569,516.7676649889086,530.4913253398656,518.4176950876845,494.79680584213725,533.9375574577869,478.34328533899964,477.18404959928426,467.20437305679394,502.57813605561364
122,4.88,384.9156951904297,278.2065010070801,171.2158217393571,178.60287803926096,3972.971987618169,379.0651321411133,310.88547706604004,195.5885658991785,204.02717708146835,4310.937964664921,359.37686920166016,333.154935836792,216.24197980809066,225.57167646239142,4699.849893886596,335.79700469970703,342.80407905578613,251.39570650396803,262.24210036309364,4854.599956302242,317.18408584594727,344.3947505950928,293.84942288173204,306.5274698546692,6154.05376594763,352.26505279541016,338.1957149505615,140.86078253734698,146.93817959377043,2952.102558405986,313.7272262573242,356.8428325653076,179.8770688665495,187.63781212777488,4305.074786123853,294.4700241088867,362.8937530517578,169.70593785480781,177.02785065834448,3999.970094520141,281.46886825561523,365.0953960418701,132.04517751814143,137.74222788736608,2625.17112638477,341.6727066040039,319.4938659667969,147.48974456586296,153.85314624041754,3257.4502275003156,300.4576873779297,344.95622634887695,167.80835106234144,175.04839304151443,4058.3567380773966,280.1571273803711,353.9611530303955,108.90225425413034,113.6008100020118,2324.321292333955,267.39967346191406,357.7492332458496,119.06403726770583,124.201020156643,2973.3093018332543,331.68174743652344,300.84837913513184,168.1304580931686,175.384397285503,4036.270908351109,293.6121368408203,325.05746841430664,154.07501563575926,160.72253689487832,3706.3870128568665,280.0592041015625,334.19989585876465,101.51383955782238,105.89362432546261,2351.0049660341606,273.17935943603516,339.2508888244629,30.686103096418172,32.01004599430626,256.9593873100748,324.85565185546875,283.7255001068115,207.3892361474517,216.33698377878596,4930.8547468301085,297.6969909667969,305.6986999511719,167.90719751983823,175.15150420036392,3688.7496057196245,286.9309616088867,316.22474670410156,63.72797447678522,66.47749920269223,75.13187123813961,280.03047943115234,322.7760314941406,72.00978465761942,75.11662564933314,-1004.9224984154737,418.8540205452246,451.3688196781253,470.6193009175666,584.7711403893875,729.3789335307282,569.1290979058585,582.1448763095245,564.3331135242654,583.3770670786753,570.3145480090138,565.8208309732003,517.6424003357705,521.7357057951742,537.5067012312858,524.8465965634796,499.0325508151558,535.2179592975591,486.9967646901511,484.19010976729885,469.8634730249016,505.5828010815869
123,4.92,393.24039459228516,267.0112895965576,348.77766795046625,363.82557791068825,4630.567496785682,387.7821731567383,298.98716926574707,368.7449428285433,384.654334993982,4515.678947812841,365.78575134277344,321.31107330322266,336.6664243104443,351.19179822392823,3140.5030440384203,340.77972412109375,331.8868160247803,300.01471309799086,312.95875970501606,1267.9164835480606,321.4265441894531,336.4851379394531,224.38864883088084,234.0698311254494,-1811.4409682304952,360.21663665771484,324.95962142944336,386.02287628054717,402.6777198059089,6393.488505303462,323.35975646972656,347.6729106903076,332.48412131864234,346.82905099893657,3979.7809717790424,303.25883865356445,355.2897548675537,290.5426490703626,303.0780262592373,3151.25439002232,288.6391258239746,358.93959045410156,236.25533860504805,246.4485057416992,2717.656946358328,349.07012939453125,306.73107147216797,368.7909191313075,384.7022949308141,5771.228717259914,309.820556640625,334.60893630981445,348.86398852454545,363.9156227605621,4721.680742976191,288.5310363769531,346.77331924438477,275.89321577645194,287.79654747207456,4354.893436751569,273.52725982666016,353.6148262023926,184.7982620630017,192.77132875809895,1714.2577150363986,338.773193359375,288.81102561950684,349.27289199927327,364.3421682555095,4723.9442742501615,301.6677474975586,312.9211235046387,364.1631938597198,379.8749078127077,5478.809272945735,287.27123260498047,326.5540409088135,262.76469160853554,274.1015969880746,4205.1993165653,279.27574157714844,335.2265453338623,182.62190404772142,190.50107241599176,3962.2756605421373,330.7341003417969,273.0288505554199,305.13774372373575,318.30282198118937,2549.1459550600853,303.62897872924805,294.83922958374023,309.35070659669213,322.69755189889537,3688.6511924632864,292.96173095703125,309.32275772094727,229.1391919419598,239.02533502262955,4313.695895498433,286.67259216308594,319.8709487915039,181.24080503034045,189.06038628748115,2848.5940159537004,433.40704366165215,466.7549930778846,484.6669728465237,597.2894907775881,738.7417267757462,585.2362066980949,596.0180383494819,576.4562345746349,593.2350073083433,585.7026398062463,580.3774558836227,529.1542622346535,529.4465589454982,552.0803879615062,540.0415928759879,509.9966146946788,542.8380021941988,499.72887756939866,497.09801184325465,479.42448642580683,513.1452165330862
124,4.96,398.2090759277344,252.7251148223877,378.13901535296054,394.4537120160694,765.7033526345288,394.5571517944336,285.197811126709,384.0953115991229,400.6669909129139,400.31639797329746,371.59847259521484,307.7073097229004,369.83958677030375,385.79620702683815,865.1102200727479,345.21717071533203,317.3631763458252,379.6602443310625,396.0405739712649,2077.045356656221,325.72940826416016,320.2799606323242,419.1676356191593,437.2525000432544,5079.566722945124,367.1421813964844,305.9898090362549,504.8619564801015,526.6440771878213,3099.158934547809,329.0043640136719,329.27547454833984,481.0972166068325,501.85401459838624,3875.624089986242,308.69970321655273,339.84326362609863,409.4181075510783,427.0823314525584,3100.1076298330277,294.808349609375,346.7684841156006,341.13336066838343,355.85145923797074,2735.0738374067887,354.58568572998047,287.4536418914795,501.27378555032004,522.9010956780204,3454.9700186801574,313.80395889282227,316.74559593200684,457.5521984950339,477.29315360123275,2834.4382710167665,294.6461486816406,330.9646797180176,423.75382164468397,442.0365557167369,3856.000206116559,282.7063179016113,340.0750923156738,408.94643664122316,426.5903104399456,5845.474542046166,342.7320861816406,271.3228511810303,448.2668552106904,467.60719691032097,2581.625716370287,303.65211486816406,299.51162338256836,338.8882627295162,353.5094972084796,-659.1352651057023,292.06947326660156,314.8352909088135,316.5756376931645,330.23420052375013,1403.315088391888,287.44659423828125,324.38730239868164,339.3486597676911,353.98975794153245,4087.2171381385174,333.50711822509766,258.7748336791992,363.0311843429316,378.6940580780729,1509.7809024220878,303.11487197875977,284.12309646606445,268.21145429800964,279.78335865270543,-1072.8548311547484,293.68053436279297,298.5839080810547,269.0719814524029,280.6810129982223,1041.3919493898184,289.3020248413086,308.1031894683838,301.44866446895395,314.4545784863681,3134.8548049721744,449.1851921422949,482.7816727144011,500.09882112759726,613.1311137364387,756.2318267774764,606.3019697856078,616.0921989334174,593.5395278327372,607.4690656778621,606.6186836333671,599.469182027672,546.835724463323,546.510171363096,570.7846758379189,554.181972764327,523.2059827156288,556.99759251186,514.8766398925217,508.28934618936285,490.65172694573573,525.723399672541
125,5.0,403.51322174072266,236.84281826019287,418.61475942606427,436.6757701693267,1055.5514538314328,400.6846618652344,269.3544101715088,424.676151242776,442.99867895421903,1058.2922010326286,377.0672607421875,291.07226371765137,437.7730572120246,456.6606470816639,1771.611001370644,349.9579620361328,298.5289478302002,485.5430375660341,506.49164919601964,2761.2768806188683,330.4778289794922,298.87962341308594,548.0202621635614,571.6644352835724,3360.298381007951,372.9227066040039,281.0936164855957,638.9614988373058,666.5293048813493,3497.1306923382003,333.85337829589844,305.6369876861572,603.2676648070579,629.2954708741001,3186.0364068928475,313.88946533203125,316.7859363555908,590.8542394673999,616.3464719470998,4731.603512363535,300.09374618530273,324.2914009094238,577.2535656138373,602.1590010180553,6157.6885445021135,360.90221405029297,261.07495307922363,678.1103125022978,707.3671826040893,4611.652173151722,317.3442077636719,290.68488121032715,657.5020027879783,685.8697334249762,5214.414495593585,299.2851257324219,307.59867668151855,595.5513233442589,621.2462101271141,4480.241360259429,289.64569091796875,318.7506866455078,560.6275362517647,584.815646506392,3955.63340166116,350.4424285888672,245.44744491577148,674.9935321120076,704.1159296400403,5912.718318242984,308.9883041381836,271.39068603515625,715.5688441820905,746.4418516222385,9823.308860343972,303.46561431884766,289.77416038513184,688.2642543055757,717.9592132417096,9693.125317948985,306.03519439697266,301.4491367340088,738.1122458337886,769.9578817115465,10399.203094250352,343.4860610961914,235.88035583496094,624.3678886406186,651.3060576625305,6815.299989611441,312.6974296569824,259.61588859558105,657.8509753657869,686.2337623220736,10161.260091734204,308.1333923339844,276.2625503540039,664.7970152208119,693.4794870248492,10319.961850665672,310.47279357910156,287.18135833740234,744.112082796678,776.2165798765425,11544.050034754358,466.65222294906795,500.50161987256985,518.3652470108639,633.3907797042795,779.0984041888192,632.9631419808617,641.2640177683813,618.1933867106212,631.5554257185843,634.9133709375308,626.9039713646711,571.6855728684076,569.9027972233516,598.9493130235206,584.0396468292166,551.9243512452972,587.795907780322,540.9288821990228,535.7386966822457,518.3909064267297,556.7720628676026
126,5.04,404.51732635498047,223.58566761016846,332.37805041268194,346.71840369491815,-2248.934161860214,400.1780700683594,254.3730640411377,374.74772107933325,390.9161013478803,-1302.0644401584675,376.103515625,272.72326469421387,459.35727504104375,479.17610964421635,562.8865640638111,349.9032974243164,277.44927406311035,526.9936161536499,549.7306008123642,1080.9737904086135,331.89857482910156,275.69918632507324,580.5983887122926,605.6481355258798,849.5925060576837,377.6910400390625,256.6724395751953,622.0585208789497,648.897052907625,-440.80629934310593,335.4083251953125,283.9574432373047,543.3809134540028,566.8249232376804,-1561.763690910493,315.2090263366699,296.18393898010254,516.1053290660426,538.3725417789836,-1949.3482542029028,301.3895797729492,304.26578521728516,501.68744536321077,523.3326027219426,-1970.659957402816,365.8302307128906,236.96880340576172,615.1177734315336,641.656848951829,-1642.7583413065065,320.1886749267578,268.7303638458252,553.4504416330404,577.328898250056,-2713.5208793730044,303.8972282409668,285.00941276550293,576.3822157522362,601.2500570228094,-499.90382760761634,295.701904296875,295.411434173584,602.8051231736534,628.812973017887,1099.9331627873744,354.02626037597656,223.89394283294678,546.2355846568314,569.802758390422,-3357.8292812404584,312.6238822937012,253.02088737487793,468.15257351639633,488.3508786869024,-6452.274323383402,304.90211486816406,271.97845458984375,446.33975188515046,465.5969492782744,-6309.0565990858795,304.4389343261719,284.04876708984375,436.8358601689062,455.6830149476101,-7856.87166909841,345.09315490722656,218.50128650665283,436.3304375954701,455.15578606581244,-4903.756789917952,317.91515350341797,244.18041229248047,407.33782880525126,424.9122996917424,-6533.036565758281,313.9431953430176,261.19205474853516,403.7895869124043,421.21096994543734,-6806.712926985296,315.39268493652344,271.66025161743164,407.055036805186,424.6173067139612,-8789.98182906453,480.52095909686466,516.1382639264851,537.5322913966324,655.3800037367739,803.3243296098544,658.9190240971667,663.9370146978887,639.7282883817805,652.4887298274621,660.579644895604,649.9971272946733,595.73557514932,595.0553161440671,621.7414233591375,603.5736819766927,570.5482292164281,606.0232283782263,559.1351136416554,552.7351886699155,535.2393452245473,573.756755136161
127,5.08,405.9859085083008,207.69314289093018,399.0058548228418,416.22084514105296,1737.5610361533702,400.9700012207031,240.1498031616211,356.1322656303763,371.49748754560756,-485.46534505681933,378.0343246459961,258.4683895111084,359.62609920015893,375.1420615377431,-2600.851202661832,351.30252838134766,262.85614013671875,366.50153910379095,382.31414027497567,-4185.411513434712,333.2592010498047,261.2237548828125,363.48093068280053,379.16320859157213,-5662.123173357691,379.21653747558594,238.75731468200684,449.49891710616293,468.8924157541081,-4500.115928837924,336.46697998046875,262.1783638000488,545.1198555641429,568.638891493999,45.349206407965426,317.41289138793945,273.0963706970215,579.8129172360996,604.8287751137364,1661.4058333688176,305.13134002685547,280.6908702850342,596.7502533831588,622.4968676501157,2479.1066232043277,367.6284408569336,218.4155559539795,466.0046611416582,486.1102952641369,-3888.663842192304,322.8192901611328,247.26576805114746,540.6298463021066,563.9551621021942,-334.3434036965448,307.7866554260254,263.03778648376465,557.8306224183585,581.8980606477987,-483.79990937526713,300.98907470703125,273.6357307434082,560.2094646341006,584.3795373116762,-1110.8358926552683,356.7750930786133,205.0100040435791,477.073910303523,497.6571239272748,-1803.6408615786797,315.1259231567383,232.6510190963745,513.0739116856649,535.2103347868174,1171.4864024978751,306.45301818847656,249.60016250610352,560.7992386396776,584.9947569433592,2984.9451916271205,305.50275802612305,260.29443740844727,594.4534777197938,620.100998275894,4110.449583207097,348.2530975341797,199.32682514190674,485.82739092306235,506.7882708950509,1290.8121207309619,320.1612091064453,222.60759830474854,542.2355744514862,565.6301689205736,3517.94673072078,314.2633819580078,238.3866262435913,570.1919023246276,594.7926643420147,4339.542359914435,314.5844841003418,248.33988189697266,583.3592549249266,608.5281184996988,4597.77029464344,497.1697929025068,530.9981634283095,552.5379738581422,670.672569347773,818.4908579535174,677.674720727331,686.6825703576486,663.92143938633,677.3886045334666,680.0240567061695,672.555333778761,619.0114975752318,618.4304976365341,641.6477083162284,624.9820953681653,593.9480194941625,630.8272683092621,579.4066444774573,575.3603954267385,559.0310517982277,598.0978798761489
128,5.12,407.90515899658203,192.69115447998047,378.1064488995106,394.4197404925583,-545.0276162123671,401.2349319458008,224.95117664337158,380.023384420566,396.41938163318474,623.0473521894296,376.48712158203125,242.4162197113037,403.16404276276285,420.55843687733886,1135.4093834898947,350.12760162353516,245.44240951538086,436.3330630369597,455.15852478120337,1821.1096126556924,333.5901641845703,241.54489517211914,492.0410654290733,513.2700325611087,3352.6705992384136,373.6504364013672,226.282696723938,341.50180670110745,356.23580176647164,-2816.4153496909107,334.7636413574219,245.9373950958252,408.2511687952763,425.86504546716,-3569.346150670977,316.2643814086914,255.63657760620117,437.4381741648534,456.3113156038617,-3712.936487746866,304.26795959472656,262.1773052215576,463.3421502586959,483.33291113177654,-3479.09891295848,363.83663177490234,205.5648422241211,334.96143386342425,349.4132464652549,-3417.42621997205,319.69640731811523,227.66962051391602,496.08554929578145,517.4890144953664,-1161.653690170695,305.5742073059082,242.91778564453125,506.03196567445394,527.8645660849388,-1350.8373640714979,299.7395706176758,253.86906623840332,495.1529347855165,516.5161626061988,-1696.584367636936,355.1910400390625,191.56651496887207,338.41230634194346,353.01300582247285,-3616.1029526200496,314.0678405761719,214.2685317993164,460.3228337087195,480.18332705678216,-1375.6751932508805,304.9391555786133,231.1581516265869,462.6010330739591,482.5598186639564,-2560.8734569850712,304.0439987182617,242.1533489227295,454.99111953209734,474.6215776392717,-3636.9855159155563,349.37591552734375,185.0361442565918,358.36807231853015,373.8297574561045,-3323.96283597366,320.53775787353516,205.72199821472168,422.2449521414612,440.4625864823312,-3129.189560956061,314.1590118408203,221.40533924102783,424.5401934628753,442.8568553158695,-3798.3952256536313,314.02183532714844,232.2222375869751,403.1865509177891,420.5819161400974,-4698.655058990036,512.9465825222092,546.8549386936368,569.3603113332357,688.8789103390211,839.0216592559617,691.9241527979898,703.717172176335,682.1738920104846,696.7219209787377,694.0005865647796,693.2548943585757,640.1260802186293,639.091144140782,655.7682285491273,644.1894284504367,613.2504122407207,649.812131414833,594.3598347757015,592.9788988860317,576.7453260108625,614.9211565217529
129,5.16,406.8870544433594,182.0720100402832,266.6959475606609,278.2024658226583,-2905.4318667474986,398.6400604248047,214.24628734588623,275.37248986814774,287.25335499752447,-2729.150665891507,372.1109390258789,230.30080318450928,322.0387121357615,335.93297770729754,-2115.636479251033,345.7352066040039,234.35407161712646,298.16561186011586,311.02987953777784,-3603.216131085638,327.8642272949219,234.1336154937744,234.13860709908877,244.2404484771304,-6725.739602099457,363.6699676513672,219.24213409423828,305.34742365505826,318.5215484915132,-942.8563318739606,325.5076599121094,239.7059726715088,278.95319717902794,290.98855087278054,-3371.912364859486,310.33674240112305,247.4662685394287,252.3524995549755,263.24017396903673,-4826.778540870625,302.38821029663086,251.78312301635742,264.0696891194061,275.46289823294654,-5196.75032247075,354.71614837646484,198.67903232574463,285.69826235225133,298.02462990018483,-1284.715414126751,312.89886474609375,220.25814056396484,251.41676066216814,262.26406289676044,-6380.62378996515,300.75233459472656,232.3064947128296,291.38671864042215,303.9585129627821,-5597.651328053918,297.0349884033203,240.0105857849121,352.99809262410145,368.2280915662699,-3707.201775998223,348.47557067871094,182.23309993743896,287.4566976941941,299.8589324180621,-1328.851835110268,308.5899353027344,202.91451930999756,315.1597271547028,328.7572009413147,-3785.6531528866867,304.2374038696289,216.26342296600342,372.7812674121632,388.864805615281,-2342.3753262168843,307.27901458740234,223.00878524780273,485.39909222780074,506.34149337848106,792.9978934802335,345.6726837158203,171.3406276702881,354.6839265596194,369.98666031138345,-96.07742861802677,318.53816986083984,189.92606163024902,398.0499064197199,415.22365262508015,-630.9733464312757,315.2596092224121,203.6208200454712,445.4635490232964,464.6829429015063,545.6521896409199,318.32611083984375,211.36419296264648,532.4382671022014,555.410159625631,3370.706087138339,524.0746811551155,558.3450728935378,582.7976304415276,701.3201055205323,848.7912771950469,704.6650147376504,715.3567142112463,692.703498969246,707.7404369080555,705.9215717607871,703.7454568744461,652.2844207371406,653.8202678034329,667.7625858458498,657.3397164880894,628.805004465332,670.0657911499723,609.1593011881569,609.5878449910349,595.3326437269228,637.1375629067782
130,5.2,405.2353286743164,175.3249740600586,173.65679610687218,181.1491675283359,-2426.3324573580603,395.0645065307617,207.4128770828247,192.8083268957159,201.12698548345506,-2153.1592378517353,368.73748779296875,222.1699333190918,220.07274080002662,229.56771451126892,-2659.1315799007157,343.26663970947266,226.15458011627197,214.07575088236976,223.31198622643518,-2192.9473327835667,323.9342498779297,226.30677223205566,218.9523320576604,228.39896606305845,-396.0370603517987,359.0689468383789,217.4560832977295,123.38803114884418,128.71157148274128,-4745.249425219298,318.5186004638672,239.34472560882568,174.95973002979957,182.50831615236945,-2712.0058680102775,306.63496017456055,245.58849334716797,103.77027309628433,108.24741102566088,-3874.8190735843964,304.92919921875,246.0567283630371,156.62100040365686,163.37836742719242,-2802.1132701438532,350.6880569458008,197.68255233764648,103.73792984146797,108.2136723306228,-4745.273939239051,306.2854766845703,222.16821670532227,172.09243976364053,179.51731749051945,-2068.6686351560247,299.35352325439453,231.16434574127197,45.1468260171162,47.09467255467563,-6421.596010202661,300.833740234375,234.2892551422119,171.69038229659512,179.0979133722435,-4728.254454850659,345.79071044921875,179.8372220993042,89.96077293456214,93.84210403877586,-5150.420709482157,304.3029975891113,201.1883783340454,115.53516139401196,120.51989197069476,-5205.932724265499,306.86092376708984,210.906400680542,149.12357379725339,155.5574665537308,-5832.683476538755,315.0131416320801,213.36698055267334,309.0116491758793,322.34386594532776,-4599.940685828832,345.62984466552734,165.54656982421875,144.8554052922854,151.10514917324784,-5472.03777845339,316.14585876464844,183.00320148468018,183.11394160478685,191.0143387888219,-5605.2328459064565,317.4503707885742,192.76511192321777,276.8639502031321,288.80916395024565,-4396.844473781516,324.70447540283203,195.33316612243652,431.33322099184295,449.94296602075804,-2636.6798401218234,531.3206478562489,566.390152312876,591.9803390219785,710.2525849695896,857.9272358375691,709.81347759696,722.657046857341,697.0333954102725,714.275571605143,710.2501186540119,710.9261495740669,654.1682076393276,660.9841843383226,671.5162700074009,662.1605121669172,635.0273031274813,682.9595457877854,615.2035071550869,617.2284185425879,606.8850102849326,655.1352815476084
131,5.24,405.7447052001953,169.47850227355957,146.71549167403376,153.0454884351627,-702.5919773293303,393.60340118408203,202.1138048171997,137.4204217684094,143.34938547075413,-1444.4400003175233,368.37921142578125,217.57226943969727,115.29005568341053,120.26421124625845,-2732.5875816252615,343.54740142822266,222.3805046081543,94.61260844784756,98.69464162787085,-3115.433614964108,324.0861511230469,221.67600631713867,115.83141560859353,120.82892798628025,-2689.250951919455,357.84881591796875,216.3863182067871,40.56720360047556,42.317463675053055,-2159.8526951922054,318.00519943237305,236.37614250183105,75.31627597286464,78.56577456042862,-2598.5635397985207,308.624324798584,239.3539524078369,163.60599074359806,170.66472312210635,1560.432802411137,308.4202575683594,237.59097576141357,228.93292619274015,238.81016999829183,1885.7950642774854,348.57128143310547,197.1823024749756,54.37708901877216,56.72317254029416,-1287.262494758216,306.33113861083984,220.83774089813232,33.28147837976449,34.71739798133972,-3619.9979877294927,300.9712791442871,227.34375,103.72465334211674,108.1998230206097,1527.6287616483517,303.5340118408203,228.558611869812,158.3740411653631,165.20704261725461,-347.2717688747224,342.6027297973633,179.4257926940918,80.36049555004566,83.82762550851434,-250.36196325653782,304.99095916748047,201.08066082000732,17.40858617433335,18.159674507555817,-2559.0054365784736,306.67306900024414,208.8735866546631,51.036887868216574,53.238859392952904,-2557.965179019447,313.45455169677734,210.6643295288086,77.99649488608503,81.3616307308072,-6024.555880363014,341.83067321777344,164.6991205215454,97.31352041863852,101.51208365170615,-1239.8266380385421,314.91735458374023,182.37833976745605,34.45717167877767,35.94381622214274,-3876.763064166979,315.88123321533203,191.04244709014893,58.254650301781176,60.76803006504606,-5701.02834712999,322.3456573486328,193.0913543701172,81.35471154784645,84.86473666328959,-9126.955733936711,537.4424673936554,572.1241277317062,596.7909074718287,714.2003706347044,862.7603929570204,711.5061761439621,725.7996778397583,703.8599843351568,723.8279784050746,712.5190455556236,712.3148454933206,658.496200560152,667.5924660430128,674.8693750277415,662.8868991472194,637.1568575031994,686.2140110170176,619.263990501155,618.6661711914735,609.3157314875345,658.5298710141401
132,5.28,403.958740234375,169.03228282928467,46.02161619545315,48.0072052981116,-2625.9570784262773,391.7627716064453,201.28868579864502,50.427786467704095,52.6034784915612,-2268.6476744798233,366.9110107421875,217.02803134918213,39.14562831971723,40.83455494667971,-1985.7414074894684,341.84131622314453,222.07932472229004,43.31163275203669,45.18030041563093,-1337.858530305998,322.95440673828125,222.49478816986084,34.9217793324924,36.42846923650517,-2110.011468744377,356.8011474609375,217.04691410064697,30.96364936141604,32.29956691132249,-250.44741909326405,315.5776596069336,234.0721607208252,83.6707895986614,87.28074122079379,217.8741665091291,308.37093353271484,236.74414157867432,65.55207709158198,68.38030218860781,-2557.1105233374633,310.0146675109863,234.698224067688,82.57631102009496,86.13904168567802,-3816.778207815345,347.4531936645508,198.1140661239624,36.385984215807845,37.95584680910696,-469.18314327968,304.12830352783203,219.567232131958,63.57414435059183,66.31703212092272,789.9908534895749,300.25733947753906,225.79846858978271,42.55587859302926,44.39193946558774,-1595.197088875549,304.60607528686523,226.76626682281494,52.212431468955764,54.46512147679391,-2768.5480285115177,341.70902252197266,180.42675018310547,33.54687568256813,34.99424577275905,-1220.8344933938824,302.896728515625,200.0186061859131,58.703503243908,61.23624863542023,1076.9143531966104,304.5832061767578,207.1539831161499,67.65982444671889,70.57898768380794,433.50320727137586,311.98436737060547,208.85015487670898,58.37739085704643,60.89606622548854,-511.63911263296666,340.73657989501953,165.1801300048828,29.879030292531226,31.168152271535366,-1758.5982845042697,314.09692764282227,181.3927173614502,32.060020787235885,33.443240960029996,-62.514381552818676,314.18357849121094,189.5384931564331,56.70046845634279,59.14679350073935,-40.530914107667826,319.46300506591797,192.05284595489502,76.60035864606134,79.90525860310316,-123.98695150466068,539.3627556055799,574.2282668713686,598.4242896696959,716.0075826513297,864.2175317264805,712.798158820415,729.29090748859,706.5951964227011,727.2735400725018,714.0372794279879,714.9675267781574,660.2718781387756,669.7710709020846,676.2691448586519,665.3363490926363,639.9800170105517,688.6498536660371,620.5107165920165,620.0039008298747,611.6816032275641,661.7260813582642
133,5.32,401.89159393310547,168.83029460906982,51.924783773971214,54.165063306563546,153.94645021129864,389.50748443603516,200.91090202331543,57.16774003928553,59.634225378773266,175.7686721803017,365.8441162109375,217.8065013885498,33.01779390537271,34.442336917810586,-159.8054507217281,341.83563232421875,223.7585735321045,41.981460729486415,43.79273851217297,-34.68904758644911,323.3781433105469,223.5887861251831,29.3298505038459,30.595278282299095,-145.82977385515196,355.53768157958984,219.33551788330078,65.35505578810894,68.17478045891103,896.8803386897134,314.7234916687012,234.9268913269043,30.209345363568524,31.512718689216165,-1394.2005632894404,308.2550811767578,234.9854850769043,44.061707153141754,45.96273655628666,-560.4391408080289,309.78193283081055,231.87040328979492,70.93454634044804,73.99499649103467,-303.60112986608385,346.0660171508789,200.53812503814697,69.82263377444549,72.83511078421961,871.9815993778162,303.9019584655762,220.85732460021973,32.744948693207085,34.157719879169164,-803.9828060438389,300.1021194458008,224.5369005203247,31.777028378697143,33.14803892721071,-281.09751345942567,303.83670806884766,224.25853729248047,65.57740327978678,68.40672106775807,348.539989774104,339.99794006347656,182.59107112884521,68.97503323640385,71.95094077011707,923.9173749339506,301.66337966918945,201.41296863555908,46.538935433050824,48.546844122148975,-317.2351128317814,303.59432220458984,206.2705135345459,33.151263286923296,34.58156479659473,-899.9355721803302,311.0304641723633,207.03590869903564,51.24341728955899,53.45429946546964,-186.04416900047252,338.5708236694336,166.77520751953125,67.24383013705273,70.1450454219331,974.4223287599435,311.82422637939453,182.9898977279663,69.44492492242759,72.44110579480923,974.9466208694809,312.07298278808594,189.8761510848999,53.43586751135773,55.74134230761521,-85.13627982810341,317.321834564209,191.81779861450195,53.85082618687571,56.17420425321095,-593.2763587473053,541.5293581378425,576.6136358865195,599.8019831464084,717.7592921918166,865.4413428577725,715.5251500387714,730.5514162361587,708.4337058849527,730.2333399321432,716.9506838593567,716.3338355733242,661.5977996958641,672.5073397447949,679.1471824894564,667.2782228575222,641.3632796024156,690.7880256446558,623.3165184088938,622.9015450616671,613.9112569198687,663.9730495283926
134,5.36,399.1943359375,169.9897813796997,73.39793196219557,76.56466416131812,559.9900213688644,388.3990478515625,201.31207466125488,29.470018103454603,30.741493371790526,-722.3183001745685,367.1523666381836,219.46693897247314,52.84749373488991,55.12758331751468,517.1311599926023,344.9327087402344,226.56197547912598,104.43582001402835,108.94167276953286,1628.7233564339972,327.4943542480469,227.28509902954102,138.30654713560526,144.2737424564403,2841.9616043535298,357.11681365966797,220.8918285369873,55.4287886453761,57.820247438139894,-258.8633255192784,316.85386657714844,238.80333423614502,110.5817200059089,115.35273580997043,2096.0004280188564,308.9817428588867,238.46174240112305,88.78486000037856,92.61545668670755,1166.3180032605221,310.00267028808594,234.20720100402832,58.68000395306544,61.21173547458191,-319.58152541131903,346.97383880615234,203.14308643341064,68.96540812518558,71.9409003863046,-22.355259947875084,305.4361343383789,225.74190616607666,127.99617348332968,133.51853076368067,2484.0202721127876,300.91808319091797,228.2580327987671,95.2385894313968,99.34763037694766,1654.9897862434236,304.50090408325195,225.87284088134766,43.64009353922745,45.52293254693371,-572.094713020609,339.710693359375,185.92921257019043,83.76193553549368,87.37581962227826,385.62197130402967,302.3816108703613,206.77705764770508,135.29899063870127,141.13642581855126,2314.7395424100573,303.84111404418945,210.46518802642822,105.04820412833456,109.58047801643997,1874.9728304961309,310.4867362976074,209.55535411834717,64.43623409365816,67.2163164725416,344.0504251767992,336.97139739990234,170.4719638824463,100.69810077162415,105.04269072912099,872.4411326796971,310.06103515625,188.61332416534424,147.33416140269148,153.69085048740484,2031.2436173148903,309.9989128112793,195.5678415298462,151.4453416042063,157.97940635022903,2555.951601065345,314.64717864990234,197.2351884841919,151.042000078113,157.558662772555,2534.6114629836015,544.5919447042952,577.8432956213911,602.007086479109,722.1169591025979,871.2122925560302,717.837959936297,735.1655256685575,712.138324152421,732.6818093511264,719.8283198748088,721.6745768038714,665.5717049109421,674.3282570466722,682.6422152743476,672.9236798902642,645.7464987230732,693.4766783035576,627.5182260380586,629.0491790811633,620.2304331738778,670.2753960392947
135,5.4,395.6793212890625,170.774188041687,90.0368736619207,93.9214881096464,433.9205987082071,386.5904235839844,202.02328205108643,48.58586273690826,50.68208550283527,498.51480327611864,365.65399169921875,220.28039932250977,42.6236817889979,44.46266801051563,-266.6228826749762,342.9505920410156,226.15004539489746,50.61171432839403,52.79534186573485,-1403.6582725949502,324.8574447631836,225.19506454467773,84.1187248004259,87.74800245516747,-1413.1435000318206,357.7558135986328,222.1804904937744,35.959791441861285,37.51126607320821,-507.7245341232921,316.3795852661133,241.72356605529785,73.96239179301652,77.15347744561639,-954.9814591088509,309.40948486328125,240.3794288635254,49.12028978948431,51.239570253499416,-1034.3971608302033,311.89836502075195,234.80303764343262,49.67821341087486,51.821565325532724,-234.7542537262296,347.0588684082031,204.0934181213379,23.853201440052587,24.882340804514207,-1176.46398954476,303.7969207763672,228.4658718109131,79.47880981798022,82.90789970471124,-1265.2657764742357,300.4305839538574,229.94181632995605,43.82338478225549,45.71413183676357,-1340.8374635046023,304.96992111206055,227.0436716079712,31.531943760635784,32.89238020534594,-315.7638085396943,339.11521911621094,186.7055082321167,24.45946300766533,25.514759349250483,-1546.5265068256945,300.5190658569336,208.9428949356079,71.41395646473285,74.49509062420871,-1666.0333798585636,304.5761299133301,211.40161514282227,29.760965124288756,31.044993216314438,-1963.3871200031383,312.8960990905762,209.8857307434082,60.79770648700952,63.42080566185249,-94.88777026722789,335.64117431640625,171.1112880706787,36.8970600922765,38.48897290403465,-1663.8429456271588,307.40596771240234,190.96539974212646,88.67652821588125,92.50245095921233,-1529.709988204813,310.3716468811035,195.89356899261475,12.375102696780079,12.909022864960383,-3626.759587131716,317.7036476135254,195.12371063232422,92.87202634714166,96.87896262407561,-1516.992503711985,548.348804228681,579.8705790415046,603.7855931995296,724.2287727772273,874.7222126542368,719.3384105792253,738.2516647663822,714.187906962561,734.7546719641477,720.8236135069893,724.9908927920599,667.4002701844126,675.6439522548861,683.6628056483175,675.9034835152326,646.9882984517258,696.0135105300317,629.0577849542201,632.7492771195318,620.7467940884762,674.1505545442577
136,5.44,395.5337905883789,171.3513994216919,14.881871565108145,15.52394553924556,-1959.9385642600212,386.6507339477539,202.39939212799072,9.522871478937214,9.93373296963955,-1018.708813329893,366.17435455322266,220.99063396453857,22.011513273808557,22.961193543703427,-537.536861670305,343.4218978881836,226.7210340499878,18.509410542623023,19.30799361962706,-837.1837061526946,325.21373748779297,225.11810302734375,9.112751394334792,9.505918374542114,-1956.0521020156336,357.64312744140625,224.7697877883911,64.79370460324371,67.58920994218447,751.9485967244063,315.0475311279297,243.52970123291016,56.105327882367085,58.525975761641554,-465.6875420993709,310.1297950744629,240.58256149291992,18.71011867709014,19.517361247557428,-793.0552251485497,314.7384834289551,234.71785068511963,71.03489191271107,74.09967144351631,556.9526529495897,346.6530227661133,206.69415950775146,65.80542551818826,68.64458125860804,1094.0560113523459,302.9679298400879,229.74788188934326,38.16719643252052,39.81390890332081,-1077.349770034761,302.66454696655273,228.73465061187744,63.48149244560856,66.22038277673406,512.6562734992622,309.75881576538086,224.70128059387207,133.27675074711124,139.02693698127777,2653.363919398296,338.4365463256836,189.06343460083008,61.34132740695721,63.98788094659348,961.8280399335749,299.15401458740234,210.49542903900146,51.68248682247756,53.912312524321095,-514.5694524971905,303.8910675048828,211.5216064453125,17.387287312517856,18.13745671260811,-322.6884125926582,312.9829788208008,209.69049453735352,5.342358074771927,5.572852543517128,-1446.198827958384,335.0428771972656,173.04219245910645,50.53681331478479,52.71720926991065,355.7059091469,307.2053337097168,192.8167963027954,46.555902068712136,48.56454277831855,-1098.4477045223446,310.5376434326172,197.012300491333,28.274491831627575,29.494386470391518,414.63409013577837,317.9635810852051,195.77231884002686,17.4688654611333,18.222554526465597,-1966.4102024402503,548.9697620502509,580.2679283602901,604.7040409412778,725.0010925220123,875.1024493892186,722.0419789769127,740.5927037968478,714.9686014124633,737.7186588218884,723.5693967573337,726.5834491481927,670.049085495482,681.2050297341372,686.2223208861813,678.0599760162054,647.71379672023,696.2364246317724,631.1664733250165,634.6918588306646,621.9265695472918,674.8794567253165
137,5.48,395.5177307128906,170.79760551452637,13.850668106953357,14.448251111011842,-26.892360705842933,385.34202575683594,202.21152305603027,33.0531004330065,34.47916673520075,613.63584413903,364.9219512939453,220.23502349853516,36.56724200174262,38.144924908934996,379.59328413078924,342.61539459228516,225.2084255218506,42.85463893857095,44.70358973841695,634.8899029697474,324.7401428222656,222.94851779937744,55.51684411411536,57.91210203419393,1210.1545914912954,357.3734664916992,225.8746862411499,28.433229005708093,29.659972313186806,-948.2309407249415,314.34091567993164,243.6746120452881,18.033034528565764,18.811064502474444,-992.8727814791778,308.59920501708984,240.25511741638184,39.13059502318092,40.8188730429834,532.5377948856493,313.1511688232422,234.81521129608154,39.75744227560064,41.47276543584646,-815.6726501917464,346.4167785644531,207.9532814025879,32.027324943656666,33.409134463890524,-880.886169867938,302.78881072998047,231.09761238098145,34.03909568113854,35.50770245847928,-107.65516112103822,301.63463592529297,229.59664821624756,33.57600168692473,35.024628410012,-779.8938591680514,308.20716857910156,225.79535007476807,47.464440766986904,49.51228011166463,-2237.8664217403284,338.1343078613281,189.81966018676758,20.35966027102471,21.238071828678105,-1068.7452279478844,299.2792320251465,211.705584526062,30.41541251547023,31.727676547813054,-554.615899412701,302.57272720336914,211.9330930709839,34.526641830092444,36.01628364271518,446.97067325267676,310.7749938964844,210.1578426361084,56.422577880104484,58.85691341727542,1332.1015218439572,334.91451263427734,172.7739143371582,7.43516189077482,7.755949764979952,-1124.0314876232674,307.7130889892578,192.28431701660156,18.394116147006162,19.187724881202197,-734.4204474279087,309.4628715515137,196.3500452041626,31.56062283324697,32.922296628114694,85.69775394307939,315.6363868713379,195.88502883911133,58.24804960763997,60.76114458589642,1063.4647514857704,549.5476920946913,581.6470950296981,606.2298379376351,726.7892361115489,877.4189334705864,723.2283778694401,741.3451463769468,716.6013563341826,739.3775694393222,724.9057621358894,728.0037572465319,671.4500706318825,683.1855209386038,687.0718437593283,679.3290830781178,649.1544480659386,698.5907011684634,631.4767113156157,635.4593678259126,623.2434614124164,677.3099025087523
138,5.52,396.79298400878906,169.85097885131836,39.70495095227542,41.418009389806244,674.24395696986,386.99947357177734,201.8926477432251,42.19608041905848,44.016617905163976,238.43627924908066,366.1332702636719,221.51927947998047,44.1347869620544,46.03896937207296,197.35111157844915,343.24119567871094,229.9449920654297,119.44321250474157,124.59655479782174,1997.3241264851197,324.79793548583984,230.9289264678955,199.5154481934314,208.12348355799634,3755.2845380950603,358.47667694091797,224.59988594055176,42.146983148786546,43.96540234759834,357.6357508602884,314.8042106628418,242.95111656188965,21.478011367554213,22.40467385452709,89.84023380131615,305.8548164367676,244.11131858825684,118.32676197128174,123.4319353342774,2065.32655728235,307.2677421569824,242.0317554473877,232.77298332416007,242.8159052658587,5033.578495750306,347.9834747314453,206.43323421478271,54.57265989498792,56.92718126447601,587.9511700146372,303.0508613586426,229.33685302734375,44.50382029531876,46.42392454002334,272.90555203860157,301.60545349121094,230.72525024414062,28.224481304172073,29.442218253429584,-139.5602539145604,307.70843505859375,229.02544498443604,81.70927215569326,85.23459468433855,893.0578643168479,339.45770263671875,188.3869743347168,48.75937398463548,50.8630828423419,740.6252753415949,298.7544631958008,211.09983444213867,20.036146841801834,20.900600507648466,-270.6769010041147,300.45654296875,214.30382251739502,79.44571190021615,82.8733737870144,1171.4272536074805,307.3531723022461,214.08618450164795,130.24192113943712,135.86117054227137,1925.1064281248987,335.9085464477539,171.6584873199463,37.35204690727325,38.963589991420655,780.1910056610176,307.4550437927246,191.83951377868652,12.855865488016605,13.410528025504165,-144.42992139245078,308.1722831726074,197.44121074676514,42.25118789107411,44.07410297286082,278.7951586186532,313.612003326416,197.89820194244385,71.3748672543947,74.45431492138084,342.3292583871106,551.2044124702836,583.4077597459047,608.0713967125181,731.7730983034619,885.7438728129061,724.9869939633442,742.2413333311279,721.5386337475537,749.0902056499566,727.1828493864684,729.8607142281329,672.6277593620196,686.5949047259772,689.1063670730219,680.1651070984237,652.4693830174192,704.0251479901542,633.0352549152725,635.9957889469329,625.0064255313309,680.2880751056076
139,5.56,401.15081787109375,170.1861047744751,109.2675196359291,113.98183465133819,1814.0956315382987,393.4813690185547,202.76259899139404,163.50035121740484,170.55452580960838,3163.44769761111,369.1417694091797,223.77400875091553,93.99092773285548,98.04613868117403,1300.1792327275266,341.61651611328125,234.21847343444824,114.29738268458267,119.22870966269326,-134.1961283782119,320.4133987426758,239.13092136383057,232.50925079056057,242.54079406962143,860.4327627906273,363.03966522216797,224.31182384490967,114.30179850337696,119.2333160006914,1881.6978413273266,317.5554847717285,245.08089065551758,86.9822069165552,90.73502866547409,1708.258870273675,306.1921691894531,248.8711166381836,119.29345213545639,124.44033306142595,25.2099431787137,305.93488693237305,247.56031036376953,142.17379881947807,148.3078455774318,-2362.7014922106723,352.098388671875,203.9723825454712,119.86530898131006,125.03686250279615,1702.7420309580039,305.554141998291,230.3873348236084,67.86901891291275,70.79720778375284,609.3320810932374,301.6963577270508,236.1248016357422,135.00791368156905,140.8327904316659,2784.7643044559077,305.9781265258789,236.39625549316406,189.2795802080241,197.44599205720095,2805.2849343215603,342.82405853271484,185.8110237121582,105.97132167586565,110.54342319920808,1492.0085089216543,300.3913116455078,212.30478286743164,50.81322142737752,53.00554292927079,802.6235605405582,302.6713752746582,218.58487129211426,120.50119489765376,125.70018353008129,1070.6702435766722,310.13282775878906,218.52092742919922,130.84683147328,136.49217955465397,15.775225309565144,337.27020263671875,170.23705959320068,49.20978281365557,51.33292442789199,309.23336091178334,307.956485748291,195.08551597595215,82.11262958375956,85.65535485007149,1806.1206706141832,307.84156799316406,205.33626079559326,197.54934162667948,206.07254990136062,4049.961173212495,311.67137145996094,208.1812047958374,261.61302495766637,272.9002420180871,4961.148177417656,555.7636858563371,590.229940778289,611.9932422597651,736.5422466899696,895.445504575691,729.7563266033718,745.8707344777467,726.5162470700108,755.0225194730539,732.1843238865803,732.6926025394829,678.2610709792862,694.4927444082653,693.5281040009903,682.2853288155945,657.4973903586225,709.4848351723404,635.0885718923882,639.4220031409357,633.2493275273853,691.2040847863311
140,5.6,408.89427185058594,174.36182498931885,219.9399333414241,229.42917711390385,2886.1835615641417,403.47888946533203,208.23851108551025,284.9737140797148,297.2688212054113,3167.857384895073,380.66829681396484,230.51897048950195,333.87436153838064,348.27927272429315,6255.828351077978,353.7910842895508,241.41194343566895,353.52344418112585,368.77610926179455,6238.6849899775325,333.0011749267578,245.81634521484375,356.3241162623563,371.6976155167097,3228.920536177206,371.24874114990234,226.71961784362793,213.87262495404195,223.10009648963873,2596.6695122236833,326.5628433227539,251.56333923339844,277.43765924933456,289.4076255046042,4966.814920978252,314.6461296081543,259.90367889404297,347.47920503461336,362.47109319401517,5950.769003314731,315.2585792541504,261.4666271209717,418.5666645401386,436.62560024368537,7207.943866656339,358.93741607666016,206.44755363464355,181.8288476907561,189.6737998756248,1615.9234343207163,314.67777252197266,235.47200202941895,261.1207509545399,272.38672899780016,5039.738030351183,307.53122329711914,247.05608367919922,309.7767173045524,323.14194271352,4557.728807046353,310.62877655029297,251.8190574645996,402.718392847051,420.09355952701287,5566.189186745298,348.70777130126953,189.4087028503418,172.41188170369617,179.85054165917853,1732.6779614992613,308.4161376953125,217.74383068084717,242.35959111184889,252.81612442855558,4995.26453748212,304.7991943359375,231.33384704589844,323.13309634742654,337.07457880407964,5284.359881849959,309.33422088623047,237.23344802856445,468.23885472491895,488.4408824728042,8798.717572953758,342.5975036621094,176.79649829864502,211.2557282442438,220.3702945405354,4225.934252816086,315.8847999572754,202.72479057312012,275.2461200536251,287.12153299450074,5036.654453610731,311.1576843261719,217.9028606414795,324.91927768742516,338.9378244129429,3321.6318627895575,311.89130783081055,226.1107063293457,448.27126082268745,467.6117926011527,4867.788764576639,564.9408529408934,602.1206936265055,625.9244131687368,751.2932910604414,910.3134091963594,738.6803304629574,757.447039497931,741.0150907977712,772.4875434828012,739.7712758816052,743.588071699395,691.1867486878269,711.2964867893457,700.7221256673574,692.3979737927367,670.9803735107857,729.0224704712526,643.9033836740095,650.9068644607157,646.806840503903,709.9085564903772
141,5.64,410.71544647216797,182.49106407165527,208.2684641575634,217.25414582294405,-304.37578227399484,407.7610397338867,217.32348918914795,251.08967280891324,261.9228629342246,-883.6489567796675,385.83740234375,243.52895736694336,349.9816160611628,365.0814700087192,420.0549321106507,358.7089538574219,259.5494556427002,469.810327517127,490.08015599669636,3032.6011683725455,338.07334899902344,270.42640686035156,628.1829371364773,655.2857053043062,7089.702244689915,382.25719451904297,233.87094497680664,328.1839474158144,342.343347357111,2981.0812716868063,341.7296600341797,261.8668842315674,458.3907780808291,478.16791345675585,4719.007198803792,324.8484420776367,273.8305377960205,431.5991909461164,450.2204111705265,2193.732949412784,316.0395812988281,280.8749485015869,485.60072526654886,506.5518258154157,1748.155639293259,367.83390045166016,213.65334033966064,286.2153868514281,298.56406558386936,2722.256642706114,325.5859375,246.36531829833984,385.39947013018116,402.02741698043616,3241.0171995659,312.7145195007324,262.00653076171875,395.58692747423464,412.6544091769868,2237.81166158667,308.90857696533203,271.1142826080322,484.29381574351,505.18853006517253,2127.3742634539913,355.23181915283203,198.26212406158447,274.93893357566577,286.8010930462476,2673.763784676727,315.4058837890625,230.32648086547852,359.8434000748596,375.36873779480686,3063.815334156282,308.60265731811523,246.78174018859863,397.73085529434985,414.8908361326914,1945.4064332152939,309.29759979248047,255.9404182434082,467.6751514964465,487.85285843424043,-14.70060096409469,346.3520812988281,188.64569664001465,310.74542893185225,324.15244911922605,2594.553864467266,318.5178565979004,217.13393211364746,366.1935512878488,381.992864415248,2371.783285518681,312.4801445007324,233.43297958374023,389.6580995517614,406.4697837165826,1688.2989825909917,311.8568992614746,243.47591400146484,434.1310440447887,452.86150032690057,-368.7573068563026,573.6310187738111,612.5976081438745,640.5276719690855,770.8964973003093,936.5248374085318,752.3740643572418,776.5737560362012,759.0239072445922,792.7496165154179,751.71383850496,759.6691683786124,707.6929250549064,731.5040279919527,712.1941693892073,707.4127233045291,687.5760069560934,748.5365848086223,656.8694816387787,666.1865790373257,663.0656318525663,728.0230165034533
142,5.68,403.87977600097656,200.68548202514648,485.90330536090295,506.86746063899704,7240.332870401325,405.3215789794922,235.7230281829834,464.0137416862662,484.0334781740745,5552.765380996248,383.20159912109375,264.43116188049316,526.6934664458701,549.4175012336715,4608.400780623808,354.13219451904297,281.51790618896484,561.0033118469055,585.2076348291255,2378.186970810728,332.66685485839844,293.9985179901123,604.6045205371869,630.6900048517356,-614.8925113142667,382.30316162109375,245.47611236572266,290.13146061228724,302.64909719600746,-992.3562540275882,343.7810516357422,281.1024856567383,483.6169517881623,504.48246301343613,657.8637389170069,325.4572296142578,298.26976776123047,611.1702829189472,637.5390451214455,4682.965848772975,313.4669494628906,310.0857925415039,733.0978124062101,764.7271020277321,6454.3819053079105,366.0325622558594,224.92190837860107,285.2909095816503,297.5997020140379,-24.10908924578621,323.4751510620117,265.2103328704834,474.0714566465021,494.52513028979564,2312.442832733987,311.9659423828125,284.45640563964844,561.5587957508166,585.7870849227859,4328.3168936449765,308.9792060852051,295.0085163116455,597.358452248032,623.1313070762333,2948.5694252765184,351.6505432128906,211.08781814575195,332.9076130274846,347.2708141330711,1511.743027170587,313.31058502197266,250.04608154296875,495.7651458875472,517.1547873762667,3544.651239536495,309.8915100097656,269.66325759887695,572.9446855159996,597.6642155549954,4569.3344855576,313.3050537109375,279.5693778991699,599.1595266090303,625.0100882611094,3428.930745671725,341.9580841064453,204.6016788482666,413.7485495115972,431.59960905852665,2686.178998482515,318.4886169433594,237.16970443725586,500.89484148426175,522.5058021816229,3512.823444159373,317.20359802246094,255.15732765197754,555.798025456334,579.7777678873313,4332.699604268717,320.2607727050781,264.73960876464844,571.6039952613314,596.2656816133866,3585.1045321621514,593.905717199371,631.9589472708375,662.5043720184325,794.3048026934744,961.7524376026012,764.480028245082,796.7530545567387,784.5254690494501,823.3387005965272,763.6178265855216,779.4501735902043,731.1244084518179,756.429280275002,726.0850019545302,728.0989147995798,711.4825755782932,773.5369883390666,674.1334660011197,687.0868111245906,686.2567425680595,751.8736437679887
143,5.72,400.3537368774414,215.44896125793457,379.46777774738797,395.8398034734135,-2775.6914291395888,402.1590805053711,251.20831489562988,395.12300392700814,412.1704697846859,-1796.575209734715,380.8897399902344,279.3856430053711,378.30311784605027,394.62489466298535,-3869.8151642671532,352.29541778564453,292.6183891296387,281.2855202953759,293.4215013843949,-7294.653336118265,330.69591522216797,298.20796966552734,116.20049068667582,121.21392670011647,-12736.901953790477,379.31018829345703,259.32950019836426,354.3252776241832,369.6125375730529,1674.0860094261366,341.4504623413086,298.0473518371582,427.60973469659467,446.0588310038233,-1460.5908002403212,322.26226806640625,316.6910648345947,467.4077216129061,487.5738903669859,-3749.12886886149,308.5417938232422,329.818811416626,508.45918715313616,530.396509320835,-5858.264817672429,362.69683837890625,239.55039024353027,375.0995996530769,391.2831616192531,2342.0864901303803,321.1476516723633,283.11561584472656,451.3981140554699,470.8735529975222,-591.2894323068358,310.12027740478516,304.22847747802734,496.4507175900827,517.8699378683838,-1697.9286763600526,307.5573921203613,315.68790435791016,518.2052229321278,540.5630349486554,-2064.206803189447,348.03173065185547,226.32100582122803,391.42832286718055,408.3163827965868,1526.139216587893,310.8008003234863,268.4176540374756,463.55534671821835,483.5553058898758,-839.9870371597715,309.22746658325195,288.6247444152832,474.3277716681288,494.7925039476864,-2571.792790182725,314.7805404663086,297.34992027282715,446.04144164716894,465.2857685327637,-3993.107993208643,338.2004928588867,220.31466007232666,403.9007233617198,421.32690134418993,-256.81769285841796,317.44476318359375,254.6960163116455,438.9342480586845,457.87193716606987,-1615.8466253888264,319.3666458129883,273.07159423828125,451.10955090564124,470.57253987541765,-2730.1307002978406,325.19126892089844,281.6851615905762,441.2068346525002,460.242573840447,-3400.5776943234905,609.7393093383075,648.4457660622248,678.2893678049519,806.0416627488501,966.6009946706057,779.2645297480042,814.5954077968915,804.0284246641294,844.5545609693606,779.2691530502916,798.2851157101052,751.8392059665533,778.0518016729484,742.4176572663937,747.4411270351749,731.2742757362007,792.1484190803772,690.9865420548872,705.4016886112335,705.0796441630763,770.2833467216064
144,5.76,398.9082336425781,227.3523473739624,299.770829790488,312.7043541239007,-2078.3862337378196,400.56793212890625,263.43074798583984,308.1391972394397,321.4337723265485,-2268.4174364534356,380.17711639404297,290.337438583374,274.37389951056446,286.2116807524998,-2710.3303477621394,352.85587310791016,302.52264976501465,248.00263217065108,258.70263283506296,-867.9717137332987,332.6078414916992,306.59852027893066,215.14065407339703,224.4228343526101,2580.2226913123404,374.5375442504883,273.82555961608887,381.53789933233327,397.9992398456272,709.6675568143567,338.4375,309.22096252441406,289.31764319310673,301.8001678634988,-3606.466578508112,321.2538528442383,324.42978858947754,195.10373300933983,203.52142621911466,-7101.31160369678,309.0272903442383,335.66179275512695,146.5779182593041,152.90197945589435,-9437.363246623516,358.6720275878906,254.7561550140381,393.23528592902585,410.20130674857705,472.9536282330983,321.44824981689453,294.58024978637695,286.71435116302797,299.08455756402225,-4294.724885837499,309.88414764404297,312.9482173919678,218.07341285487155,227.48212614962432,-7259.695292968986,305.2970504760742,324.2200469970703,220.66179206518933,230.18218022011493,-7759.521368213513,345.5712127685547,241.41746520996094,382.39151593107505,398.88968548160034,-235.6674328746621,310.70518493652344,280.9168338775635,312.4886387705596,325.9708692340064,-3939.6109163967353,306.54638290405273,299.0814399719238,269.87345606220725,281.51706699447243,-5331.8859238303485,308.5873222351074,308.54312896728516,319.80841231213424,333.60645225337845,-3291.9829069846314,337.3030471801758,234.18424129486084,347.46464931226245,362.45590946930207,-1471.7747968721965,316.07744216918945,265.4845905303955,271.871868292203,283.60170013269635,-4356.755925834338,315.22552490234375,282.3457717895508,253.9183575101566,264.8735904054088,-5142.473736750222,317.93466567993164,291.44256591796875,303.99961945394483,317.11559367433097,-3578.1745041529007,622.2474835032635,661.3031169552868,689.7378350350518,816.3897680622525,975.5779080447101,795.1844993418292,826.6674145114314,812.169281712894,850.6706401475964,795.6772053202347,810.2484980126661,760.9384910125383,787.259088881753,758.3732446856577,760.4799618045352,742.5349584159795,805.4926771705124,705.4847784336594,716.7457566165411,715.6745877792927,782.9679704685798
145,5.8,393.91624450683594,238.219313621521,298.96792361069623,311.8668067929968,-20.93868327259827,394.4834518432617,272.6693916320801,276.5563197259873,288.48826084659265,-823.6377869988956,373.63353729248047,298.70384216308594,265.5361749331692,276.9926551460697,-230.475640160752,345.6682586669922,313.06843757629395,319.0566582832698,332.82226401791746,1852.9907795713625,324.9460220336914,321.9037628173828,427.8974224098226,446.3589309188724,5548.402414156557,367.8199768066406,283.77336502075195,300.0880545061795,313.03526540670225,-2124.0993609731236,329.0496826171875,316.66205406188965,299.4797139228792,312.40067814775773,265.0127571064729,313.1093406677246,330.40297508239746,252.50251913666682,263.3966661014817,1496.8809970591756,303.83235931396484,339.580078125,162.6735009325793,169.69200131229738,419.75054641007574,353.62648010253906,265.03286361694336,286.2126494583668,298.5612100867891,-2791.0024165446985,313.67069244384766,301.79059982299805,265.14093698168057,276.5803647693446,-562.6048198669409,303.26799392700195,318.7306022644043,219.67229118123092,229.14998761138278,41.69653654396157,300.7608985900879,328.7332248687744,159.97157644871027,166.8735030908049,-1582.7169282327511,341.8451690673828,251.5568447113037,270.0583482500734,281.7099363014349,-2929.4937295041364,307.44251251220703,288.21553230285645,199.86875389203655,208.49203252711325,-2936.970917672328,305.4935073852539,304.62367057800293,141.03383226429622,147.1186955003208,-3359.959287353791,309.0496826171875,312.3618793487549,96.16597500835606,100.31502773201902,-5832.285613033986,334.2908477783203,243.26542854309082,239.19305366423328,249.51296765356906,-2823.5735453933253,313.57776641845703,272.57826805114746,188.03031608496886,196.14282880077877,-2186.4717832979395,314.0980911254883,288.19204330444336,148.849751316216,155.2718300822394,-2740.044008079234,317.8709602355957,295.5995464324951,103.93671566688411,108.42103471204324,-5217.3639740571925,634.7221557749834,672.8426473891506,700.8175412408947,829.7026586229694,993.4322652814649,807.7059099580973,839.1634416373417,822.7051483569533,857.4583202000883,807.6196537237063,821.3117126034398,770.1044905169936,793.9340290053852,769.641642137715,768.8196431056197,748.4197062359923,809.5052782797932,715.4652971398021,724.5914697685723,721.8854609825821,787.3048118570614
146,5.84,390.92994689941406,245.17656326293945,189.27707199551216,197.44337562859747,-2860.585779109983,388.9617156982422,280.09077072143555,231.2553210781562,241.2327639283691,-1181.3874229555886,368.90331268310547,303.11513900756836,161.6991123686163,168.67557304016458,-2707.927052647628,342.99781799316406,313.65248680114746,68.33907598094775,71.28754532581453,-6538.367967302574,323.94275665283203,318.2959842681885,93.61693050824759,97.65600545624724,-8717.573136565628,362.4186706542969,292.7439308166504,261.7789607305768,273.0733370411428,-999.0482091389865,324.2124938964844,321.3384532928467,168.20208174802906,175.4591111218986,-3423.5391756464787,307.36337661743164,334.0846824645996,170.60750297726685,177.96831354299613,-2135.7088139621387,297.61898040771484,342.8041648864746,175.00145156210183,182.5518377479188,321.49591089053547,350.0076675415039,273.50049018859863,230.21254324659998,240.14499575379588,-1460.4053583248308,310.81092834472656,306.12390518188477,129.79740472169078,135.39747559434736,-3529.5722293749313,298.6410140991211,321.53005599975586,135.19865833281733,141.03176470482276,-2202.9555726640006,294.6562957763672,330.6188678741455,159.72989908160523,166.6213986247374,-6.302611651687329,339.34913635253906,258.4482479095459,183.23758033341733,191.14331187405546,-2264.1656106844857,304.08775329589844,290.95335960388184,108.25348646131283,112.92405131347904,-2389.1995303408553,298.00403594970703,307.7469062805176,202.86507775695208,211.61763190440854,1612.4734101021936,298.8689613342285,316.83494567871094,278.00113335367064,289.9954105335382,4742.009570037979,332.4779510498047,247.99996376037598,126.74388119347235,132.21220869108987,-2932.51897406198,312.2109794616699,275.11499404907227,72.0376870715555,75.14573190471657,-3024.9274224015553,310.1312255859375,290.5930709838867,115.9228087088793,120.92426421501277,-858.6891466806659,311.7914009094238,299.2727279663086,177.57622338870382,185.2376973481231,1920.4165659019968,642.6198908001273,682.4919579462853,707.5645641625011,832.5541604360019,997.3385054997148,818.628843439743,846.1818060822177,829.8238808986731,864.7603937100051,817.2254535538581,826.7276116272137,775.7457611051864,800.5988849503748,777.2873746126774,773.3366051581588,756.8844115121688,821.1050947011347,720.7537854874457,727.5972990447609,726.7224315511827,794.7143197509863
147,5.88,386.57562255859375,250.32257080078125,168.52584008948162,175.79683792182405,-541.1634426693354,383.8631057739258,284.5778274536133,169.79675585482943,177.12258697428098,-1602.7544238522032,363.7535858154297,307.1183681488037,163.06733725845004,170.1028295906793,35.681413762868175,337.816162109375,317.9505729675293,168.30608721843797,175.56760387775574,2607.00146379853,318.6475372314453,323.47789764404297,185.22212164636747,193.21347563859516,2388.936754558698,358.5593032836914,297.2915554046631,149.11322437746722,155.54667061127017,-2938.1666607468155,319.18792724609375,324.2275142669678,144.89854928623163,151.15015460213067,-607.7239129941979,302.1979522705078,335.90497970581055,136.91943509358342,142.82678387310824,-878.5382417471972,293.1475639343262,343.8327884674072,114.70514305639871,119.6540627358898,-1572.444375300725,346.17122650146484,277.6904582977295,142.0257736496039,148.15343390511555,-2299.7890462170085,305.8639907836914,308.90613555908203,141.8912371866646,148.01309290602984,315.39043279206214,294.23086166381836,323.05686950683594,116.67423662705278,121.70811226983295,-483.09131087474526,291.0037612915039,331.5036392211914,93.95420593189566,98.00783252890619,-1715.33915239578,335.2616500854492,262.56314277648926,144.99979256374144,151.25576599108808,-997.1886470741844,299.5792579650879,293.9420986175537,135.22918287065673,141.06360621487448,703.488872534886,294.598388671875,309.0124797821045,90.82988793936335,94.74871675498208,-2921.722878735661,296.42656326293945,316.919002532959,61.096102030850794,63.732075393719164,-5656.583378495476,328.2208251953125,252.15737342834473,148.75982255028126,155.17802136613307,574.14531687608,308.0902671813965,278.79873275756836,138.18058964917245,144.14235057128067,1724.9154666641025,306.71186447143555,293.3328437805176,109.5399054241379,114.26597244431122,-166.45729426753883,308.91374588012695,301.1436939239502,85.81015412777265,89.51240800364546,-2393.132233611941,649.6517643170002,689.5768614252565,714.3686773461284,839.5768645911121,1005.0670445252587,824.8507102641939,852.227812266303,835.5369522535974,869.5465562194407,823.1515909100626,832.6481353434549,780.6140855959798,804.5191982515311,783.3376052523209,778.9791494067537,760.674360182368,823.6543777168835,726.960906342091,733.3629930676121,731.2930704489551,798.2948160711321
148,5.92,382.17479705810547,253.5574722290039,136.5463573664291,142.4376098170824,-833.9807026185412,378.3604049682617,286.9683265686035,149.98792071243815,156.45910546249567,-516.5870377946327,356.8584442138672,308.10553550720215,174.13622020397784,181.64927623718407,288.66116616261905,330.73909759521484,318.528528213501,177.51562326301578,185.17448264782573,240.17196925174957,311.5315246582031,324.1773319244385,178.75759294211338,186.4700367436499,-168.58597237363142,352.9541015625,298.5066890716553,143.38505013578165,149.57135597572892,-149.3828658885313,313.6654281616211,325.0576686859131,139.6136465780113,145.63723632006594,-137.8229570516183,297.2903633117676,335.8689880371094,122.6930234063987,127.98657783554611,-371.0051509390531,288.6790084838867,342.90318489074707,114.10562711636831,119.02868085685502,-15.634546975869412,340.9682083129883,278.73435974121094,132.66764981835385,138.3915565719949,-244.04693332801628,300.94722747802734,309.40595626831055,123.55257520914502,128.8832147481559,-478.24695394684863,289.8665237426758,323.4690856933594,109.59404544258734,114.32244831794216,-184.64159879726978,286.97946548461914,332.3807430267334,102.96925459514163,107.41183281674648,235.10000719600725,330.4198455810547,263.5553455352783,123.56055492481156,128.89153874630924,-559.1056811194711,294.8724555969238,294.16866302490234,117.80630279093747,122.8890210955866,-454.3646279821971,289.0519332885742,309.3493938446045,138.91696801609692,144.91049976638703,1254.0445752851238,289.76064682006836,317.85590171813965,168.2858841869458,175.54652919240857,2795.3613449672353,323.3405303955078,253.16448211669922,124.57815128253775,129.9530389997662,-630.6245591591719,303.8079833984375,279.73005294799805,109.5596632402167,114.2865827055569,-746.3941966430945,303.0337905883789,294.0907859802246,93.88391724398303,97.934511256215,-408.28652970240535,305.5099868774414,301.7867374420166,86.59922168562677,90.3355196493361,20.577791142266122,655.3492687096837,695.8352256437563,721.6346483956158,846.983843897025,1012.5258459950046,830.833564503223,858.0533017191055,840.6564153670192,874.3077034537149,828.6872531729424,837.8034639333812,785.1869835286975,808.8156715642009,788.4932668021734,783.8947102505772,766.4707801730234,830.6762388845798,732.1590279020817,737.9344563758344,735.2104508992037,801.9082368571055
149,5.96,379.5452117919922,254.02710914611816,66.77985056173681,69.66104758422739,-1819.4140558213753,374.7825241088867,286.97916984558105,89.4474322596015,93.30661543129096,-1578.8122507801177,353.0435562133789,307.3953151702881,97.01089946249533,101.19640620336585,-2011.3217508454554,327.1452331542969,315.8870315551758,111.5049500460568,116.31579833881622,-1721.4671077252376,308.2051467895508,320.0540828704834,132.4433192114686,138.15754728701776,-1207.8122364158035,348.8013458251953,299.9993705749512,110.32191045979573,115.08171685736144,-862.2409779591869,309.1107177734375,323.82030487060547,117.99485140160822,123.08570458064072,-563.7882934856303,292.3945999145508,333.27452659606934,138.51834131842276,144.49467443701838,412.70241503680654,283.4889030456543,339.202880859375,159.35307571662634,166.22831732644403,1179.9909117397253,338.0109405517578,280.4007625579834,84.86139787677412,88.52271794308533,-1246.7209657227393,297.33020782470703,308.5524845123291,92.90870926198014,96.91722821249184,-799.1496633916015,285.17189025878906,320.5747890472412,137.87797282325684,143.8266774313654,737.6057278355809,281.00486755371094,327.95639991760254,185.86055321013907,193.87945214451815,2161.690483194292,328.5340881347656,264.743070602417,55.71563953092642,58.11947442082722,-1769.3016081370506,292.64698028564453,292.68101692199707,66.92267594303766,69.81003512462082,-1326.9746492741444,287.34615325927734,305.5714988708496,103.62847081361875,108.0994907251926,-920.275226029861,288.3721160888672,312.423791885376,140.16917195548436,146.2167296766529,-733.2449878938917,322.35660552978516,253.4135627746582,25.374067908455128,26.468824609635945,-2587.1053597532564,300.46268463134766,277.93375968933105,94.92659437766015,99.02217438832876,-381.61020793070327,298.14367294311523,290.7941722869873,147.43836090668282,153.79954564836638,1396.6258598037844,299.8818588256836,297.3635673522949,178.955753975654,186.676747376733,2408.5306931849223,658.1357106130527,699.567490261008,725.6825046437505,851.6364758305776,1018.0521478864853,835.4368331775175,862.9767299023312,846.4362023444999,880.9568361467727,832.2281618906658,841.6801530618809,790.9400506259522,816.5708496499817,790.8180457790063,786.687111655562,770.7947598020311,836.5249080716459,733.2177808864673,741.8953433513676,741.3624327251383,809.3753067521748
150,6.0,376.1225891113281,255.36958694458008,91.91229737349894,95.87782642597827,655.419471043772,371.1441421508789,287.9553508758545,94.17653859979696,98.23975767440922,123.32855607795636,348.60504150390625,308.4214782714844,113.889813900492,118.8035564432182,440.1787559963086,322.5629425048828,317.6241874694824,122.51300509108741,127.79879268293726,287.074858603026,303.2491874694824,323.01830291748047,144.36960654252974,150.59839077923493,311.0210873054292,345.29170989990234,301.1583995819092,92.40161175230217,96.38825212982056,-467.33661818852215,304.6299362182617,325.41961669921875,118.94116631329187,124.07284797101887,24.67858475945377,288.0232048034668,334.2301082611084,111.8655206480302,116.69192565342172,-695.0687195899163,279.94556427001953,338.9413547515869,88.82442507543908,92.65672878530137,-1839.2897135285666,334.99507904052734,281.22453689575195,78.15859203603013,81.53072151463807,-174.79991071118127,292.14752197265625,308.9318561553955,129.91380672538773,135.51889972827735,965.0417878946378,281.3150405883789,320.1319885253906,97.05462921176816,101.24202265981666,-1064.6163692887185,279.29893493652344,325.93674659729004,66.09276448973773,68.94431738562147,-3123.378368972417,325.8595275878906,265.1426696777344,67.60618287134878,70.52303175843647,310.0889334402314,289.32180404663086,292.80232429504395,83.18470599837089,86.77368568645343,424.0912640458152,286.3577079772949,304.65620040893555,33.67858508993102,35.13163774378651,-1824.1963245351521,289.6105194091797,309.65972900390625,75.72023506170491,78.98716234541277,-1680.7391832810033,319.96484756469727,253.28109741210938,59.885584846420684,62.469330801199405,900.0126547890865,297.76641845703125,278.1079959869385,67.54724999105612,70.46155623634695,-714.0154537995453,296.93342208862305,290.31689643859863,32.52402348893619,33.92726292190115,-2996.8070681616305,299.9438667297363,295.49397468566895,46.76551693867664,48.783201420231194,-3447.338648912545,661.9708236700918,703.4970805679842,730.4346469014791,856.7484275378952,1024.0760835176548,839.2923632627104,867.9396438211719,851.1038793706367,884.6631052981849,835.4893907512513,847.100909051012,794.9897315323448,819.3286223454065,793.6389670493438,790.1580590830202,772.2000253117825,839.6843945654624,735.7165541185152,744.7138056008215,742.7195232420144,811.3266348089841
151,6.04,378.75221252441406,254.7073745727539,67.79308832787353,70.71800119594195,-628.9956307509079,373.9203643798828,287.2514820098877,71.60150681590439,74.69073278015095,-588.7256223564567,352.3514938354492,307.2256565093994,98.31675454621063,102.55860202081081,-406.1238605601847,326.69750213623047,314.80433464050293,125.11533010155398,130.51339424102468,67.86503895218559,307.10607528686523,317.2005844116211,174.5018485741888,182.03067953595098,785.8072189179012,347.2861099243164,301.4786911010742,50.498874459188826,52.677633553542165,-1092.7654644069598,307.3044967651367,325.27899742126465,66.9563659232294,69.84517864910474,-1355.6917330478534,290.8880424499512,333.72276306152344,72.73536748143934,75.87351353080109,-1020.4603030655157,282.52342224121094,338.12828063964844,67.57607394235225,70.49162378854894,-554.1276249188109,336.7790222167969,281.9930362701416,48.560815894838925,50.6559580221274,-771.8690873127669,296.1374092102051,309.37156677246094,100.35108866846898,104.68070689077969,-770.9548209374415,283.86585235595703,320.2482032775879,63.83644404963413,66.59064866337698,-866.2843499109919,280.08094787597656,325.9848117828369,19.587216806085745,20.432301517504783,-1212.8003967029172,327.91725158691406,265.7357597351074,53.53727598780925,55.84712602297413,-366.89764338655857,291.9008255004883,292.44275093078613,65.09917752812115,67.9078624066117,-471.64558199604335,286.1782455444336,304.92207527160645,8.019359677086749,8.365352593056858,-669.1571287682414,287.4539566040039,311.1019706726074,64.85957988033444,67.65792738874117,-283.23087391678996,322.41119384765625,253.68144035339355,61.972194403938666,64.6459665147158,54.41589283790975,300.23616790771484,276.85635566711426,69.22005597802556,72.20653494590141,43.62446773886148,297.1396255493164,289.8167610168457,13.524406347736178,14.107912884098168,-495.4837509450746,298.31016540527344,296.537504196167,48.46347759416425,50.5544200890828,44.28046672129007,664.7995437179295,706.4847098791903,734.5369909823115,861.9689633075362,1031.3573106990927,841.3994686048521,870.7334509671362,854.1388199118687,887.4827702497267,837.5156290721366,851.2881373266432,797.6533574788798,820.1459144061066,795.8728520902628,792.8743735792847,772.5346394155048,842.390711661012,738.3023927791038,747.6020669986575,743.2838397573782,813.3488116125475
152,6.08,378.86531829833984,255.82852363586426,28.17099725125746,29.386426646773653,-1033.2893637292073,374.11365509033203,289.6658706665039,60.55283789769371,63.16537228922999,-288.134012273024,351.9050598144531,311.6265678405762,110.58741983150344,115.35868155286477,320.0019883013489,325.5096435546875,322.2612476348877,188.77327574296905,196.91784323482975,1660.1112248451266,306.13922119140625,329.1064453125,298.6263662934241,311.510513085672,3236.995838743026,347.7383804321289,304.7125053405762,81.63219014213455,85.15418698996318,811.9138359105253,307.9765510559082,328.0256652832031,70.69229675833697,73.74229512191287,97.4279118202034,292.2159194946289,335.8828067779541,63.388910222301845,66.1238061206174,-243.74268525459223,285.0922393798828,339.2852210998535,70.43318074775685,73.47199962722367,74.5093959668683,337.53211975097656,284.32923316955566,61.36454518296479,64.01210044672202,333.9035606148654,296.42032623291016,311.1940670013428,46.10822273474284,48.097548451080876,-1414.5789609924702,284.3939399719238,321.40377044677734,31.762910885241034,33.13331233864929,-836.4334081181923,280.6074905395508,326.6505718231201,21.22032645545488,22.13587120264194,42.589242128428936,328.59100341796875,267.3706912994385,44.207909006021865,46.11524624513312,-243.29699444602522,291.6676712036133,294.26419258117676,45.90758796163903,47.888257349668265,-500.4901264235858,286.90773010253906,305.76507568359375,27.870206035355842,29.072657882279803,517.6826322305736,288.91422271728516,311.1423397064209,36.52060018407901,38.096270743758694,-739.0414161245619,322.95413970947266,254.46029663085938,23.735618143039204,24.759684410714893,-997.1570526000224,299.9087333679199,278.42519760131836,40.066182688521586,41.794826363128365,-760.2927145693261,297.72045135498047,290.4646110534668,21.752417774744888,22.690919445494004,214.5751640348959,299.96862411499023,296.21386528015137,42.24354565933173,44.06613101927636,-162.20722674516085,665.9750007838005,709.0113247707595,739.1513382444261,869.8456770369294,1043.8177312225196,844.8056360844507,873.6831427720126,856.7837721566934,890.4216502348157,840.0761130900054,853.2120392646865,798.9786899724257,821.0313492542123,797.717461940068,794.7899038732714,773.6975457307959,843.9145624907624,739.2927801555323,749.2738600531827,744.191476535198,815.1114568533185
153,6.12,380.123291015625,256.40064239501953,34.549016194487805,36.03962334248542,166.32991739279416,375.25291442871094,289.9948310852051,29.645054363624396,30.924081519953283,-806.0322692319178,353.57391357421875,312.93654441833496,53.03955779510522,55.327933925150575,-1500.7686906928548,328.1678009033203,325.62389373779297,107.15989601838764,111.78327823235571,-2128.3641250618507,309.19450759887695,333.61799240112305,136.2186481464137,142.09576167909984,-4235.368785164304,348.62316131591797,307.74999618530273,79.09325130864612,82.50570638682717,-66.2120150784002,309.7101593017578,330.4096984863281,73.69282471720113,76.87227997755443,78.24962139103881,294.2734909057617,338.3068084716797,79.48814504021804,82.91763769236842,419.84578929377534,288.58604431152344,340.77916145324707,94.99516658708882,99.09370512557638,640.5426374588178,338.2451629638672,287.90310859680176,91.10782140176974,95.03864157492522,775.6635282050802,297.67215728759766,314.8505687713623,96.62131682383806,100.79001513628187,1317.3116671300247,285.2573776245117,324.6678829193115,84.40954779103666,88.05137291822045,1372.9515144892791,281.9327926635742,328.7456703186035,61.97712998416147,64.6511150390965,1062.881095911364,328.87184143066406,270.7880401611328,85.7217272337439,89.420165957267,1082.622992803347,292.2929382324219,297.4613857269287,81.4440101717063,84.95788805002645,926.7407675089547,287.314453125,308.68666648864746,73.74413726347231,76.9258063885511,1196.3287126567825,289.6301460266113,313.5549259185791,62.914219457589645,65.62863496239746,688.3091054659691,322.7171325683594,257.07507133483887,65.63735187333187,68.46925612574971,1092.7392928758702,299.42821502685547,281.2532901763916,71.7156079999489,74.80975682624093,825.3732615778141,297.22192764282227,292.83894538879395,60.65264538489545,63.26948594112854,1014.4641623908635,299.77502822875977,298.0447483062744,46.027247517848366,48.013079582256225,98.67371407449656,667.4165857175,710.2482880315576,741.3644556014322,874.3170081662237,1049.5015616896835,848.1058643399238,876.7580339711147,860.1004776643881,894.3853984398388,843.8776587530024,857.2436398701377,802.5007448891546,823.6173938557762,801.2942685783587,798.1882193952724,776.7745779863379,846.5397078892582,742.0315504005624,752.2662503262324,746.7222559728431,817.0319800366087
154,6.16,379.9951171875,257.4235153198242,25.771805700643007,26.883722681952396,-228.89751651332563,374.4435119628906,290.7388401031494,27.485016036680076,28.67084897433811,-56.33081364037933,353.09024810791016,312.5587463378906,15.343232891223868,16.00521216415898,-983.06804402479,328.14697265625,323.8381004333496,44.647869084584784,46.57418827195898,-1630.2272490099185,309.4666290283203,329.81128692626953,95.41048371589605,99.52694098982315,-1064.2205172319173,347.57579803466797,310.72254180908203,78.79164505342642,82.19108741838345,-7.865474211093115,309.1436004638672,332.2409248352051,47.92167344749394,49.98923996176819,-672.0760003946559,294.3821716308594,338.69771003723145,10.14320998126849,10.580835794304864,-1808.420047451589,289.2252731323242,340.52541732788086,17.19374098509798,17.935559885784812,-2028.9536309947891,337.1822738647461,290.7649612426758,76.32141657050873,79.61428165369611,-385.6089980307278,296.9773292541504,316.44965171813965,43.58793028708111,45.46851872660695,-1383.0374102418727,285.07299423217773,325.4945755004883,21.17513074253141,22.088725533969708,-1649.0661846062685,281.52000427246094,329.5590019226074,22.802173058579555,23.785966112473233,-1021.6287231655816,327.8484344482422,273.37632179260254,69.5816231822088,72.58370186082614,-420.9116024110216,292.1542739868164,298.6893081665039,30.893175729253226,32.226052715015804,-1318.2958833752662,289.2430305480957,309.06580924987793,49.13730831982409,51.2573230433281,-641.7120836305749,292.39540100097656,313.63712310791016,69.1619090033741,72.14587923712098,162.93110686808808,321.8089294433594,259.0557861328125,54.47513209696865,56.825445658279584,-291.09526168675313,299.0353775024414,282.0768356323242,22.811023083355877,23.79519796896706,-1275.3639714318467,298.14870834350586,293.26148986816406,25.464022465600074,26.56266022970669,-917.6706427855464,300.9705352783203,298.1641387939453,30.036344589672304,31.33225384778392,-417.0206433618076,668.4919346247781,711.3951219905312,742.0046640879985,876.179975697102,1053.4826393292765,851.3935078366591,878.7576035695855,860.5237110961604,895.1028208352701,847.0622300191502,859.062380619202,803.3842939105134,824.5688325002752,804.1976166527918,799.4772615038731,778.824870908071,849.4255430587431,744.3045682268936,753.2180582449911,747.7847623820313,818.2852701905201
155,6.2,378.9202880859375,256.98872566223145,28.985984155226774,30.23657592114861,83.82133097990535,373.10302734375,290.04698753356934,37.71239014060186,39.33948012762803,266.71577883224796,351.7435073852539,311.36378288269043,45.011444609431464,46.95345015595183,773.7059497948212,327.0226287841797,322.1572494506836,50.55571906688311,52.73693070512589,154.06856082917278,308.32298278808594,327.49717712402344,64.53211845494884,67.3163377364149,-805.2650813352063,346.4265823364258,310.53348541259766,29.116565754501504,30.372791425139475,-1295.4573998310993,307.14637756347656,331.37234687805176,54.4479509571835,56.79709179620832,170.19629586100322,293.18607330322266,337.668514251709,39.448504204156386,41.15049832212236,764.2415631954374,288.6119079589844,340.0316619873047,19.68519704330052,20.53450908325281,64.97372993669997,335.6977081298828,290.9092712402344,37.289080141892036,38.89790654345621,-1017.9093777559975,295.7330322265625,315.4660892486572,39.652161229232036,41.36294206967974,-102.63941642318031,283.9295768737793,324.4006633758545,39.56045209476624,41.26727617156539,479.4637659398921,280.69677352905273,328.98064613342285,25.152090814877226,26.237270379605985,61.2826066783188,326.3018798828125,273.8515090942383,40.44775948281366,42.192866176045335,-759.7708921195201,291.7491912841797,298.8009452819824,10.504607367955018,10.957825565006903,-531.7056787502225,289.3409538269043,308.36045265197754,17.803035182487825,18.57114190221848,-817.1545285277406,293.1127738952637,312.6257514953613,30.998955709502145,32.33639654141844,-995.2370673925635,320.3289794921875,259.8680019378662,42.2044604570468,44.02535949742798,-320.00215402129015,299.97323989868164,282.2449779510498,23.820391915697606,24.848115722875317,26.322943847706437,301.20166778564453,292.13504791259766,81.35352187599172,84.8634956633924,1457.5208858421427,305.35655975341797,296.03931427001953,121.84028981014474,127.09705329894355,2394.119986278991,669.701397661624,712.9687011956362,743.8828020942366,878.2894529253072,1056.1752928387332,852.6084194936647,881.0294872414338,862.1697310290454,895.9242011986003,848.6181462808885,860.7168983019891,805.034984957376,825.6183233154594,805.8853312998336,799.9155745264735,779.5677165841598,850.7189989203997,746.0655826067907,754.2119828739061,751.1793022085672,823.3691523224779
156,6.24,376.45145416259766,257.9695701599121,66.41346281846795,69.2788521494752,976.0569057081647,370.73253631591797,290.9634590148926,63.53713328199787,66.2784242206537,673.4736023256419,348.6680603027344,313.17712783813477,89.25593357311503,93.10685459026726,1153.8351108578859,323.018798828125,324.64613914489746,117.85909549904517,122.94409152956716,1755.1790206110318,303.8905715942383,330.48251152038574,133.600361267873,139.3645095828322,1801.2042961604327,344.0467071533203,310.28125762939453,59.830096637169426,62.41144856947081,800.9664286082833,303.27125549316406,331.7043972015381,97.23305918369023,101.42815094042766,1115.7764786054834,289.69783782958984,336.9901943206787,88.83940795173349,92.67235809338928,1288.046494281673,286.2068557739258,337.7101135253906,83.56832262388163,87.1738533385074,1665.9836063813646,333.65631103515625,290.3163814544678,53.1437931254936,55.4366664582285,413.4689978693073,292.8196716308594,315.2307987213135,73.0711622018793,76.22379601574727,871.5213486516882,281.59839630126953,324.06166076660156,58.892516665570795,61.433416985600005,504.15352035086534,279.39537048339844,327.80731201171875,43.80612719980944,45.69612968099577,486.47148253474455,324.60235595703125,273.3131790161133,44.568632799011375,46.49153336013609,107.46667960226884,290.4605293273926,298.7302494049072,32.264992115156836,33.6570557156426,567.4807537658924,289.2625045776367,308.10625076293945,6.6507934254670875,6.937739952802314,-290.8350487354041,294.2689895629883,311.64942741394043,37.83222322186327,39.46448337195542,178.20217076342448,318.6939811706543,259.7778511047363,40.937045296180116,42.7032620820035,-33.052435385612,298.5233688354492,282.2705268859863,36.25240378301748,37.816503087809934,324.20968412336543,299.6880531311035,292.4413776397705,38.60753831985983,40.273249211950485,-1114.756161286048,303.6575126647949,296.2971782684326,42.962591657132634,44.81620004528819,-2057.0213313413838,672.4725517476031,715.6198381644624,747.6070762778472,883.2072165864898,1061.7498732220465,855.1048774364435,885.086613279051,865.8766253527809,899.4111553321404,850.8356129392175,863.765850142619,807.4923216368,827.4461685026993,807.744992634239,801.2618567550992,779.8452261822719,852.2975782552779,747.7737130900708,755.7246429974185,752.7902321770451,825.1618003242894
157,6.28,378.4880065917969,257.2401237487793,54.081176621305694,56.414493089422706,-321.6089765013123,372.47509002685547,290.73097229003906,43.949854328080306,45.84605787396717,-510.8091586671634,350.6852340698242,313.2554626464844,50.4673554688734,52.64475468565461,-1011.5524976153163,324.64263916015625,323.6701011657715,47.36498944782211,49.40853799456828,-1838.388838374972,305.1654815673828,327.676305770874,77.05592996411768,80.38048541176146,-1474.6006042767685,344.0837097167969,311.69843673706055,35.44155235127337,36.970667709393716,-636.0195215019272,304.75122451782227,330.7200622558594,44.43551225675293,46.352669371212805,-1376.8870392303713,289.741268157959,336.50925636291504,12.072373229820608,12.593232224136536,-2001.9781467313187,283.5704040527344,338.512487411499,68.89612439790164,71.86862743297301,-382.6306476383596,333.51776123046875,291.5017032623291,29.83479341065763,31.122006802396804,-607.8664913957924,293.7263488769531,315.60582160949707,24.52939302201686,25.58770647351522,-1265.9022385558012,281.20899200439453,323.98707389831543,9.912079352532635,10.339733102533252,-1277.3420970766688,276.6450881958008,327.69784927368164,68.81149410024089,71.78034578599684,652.105402625027,324.37164306640625,273.9613723754883,17.200709815266187,17.942829384082135,-713.7175994013488,290.2539825439453,298.79722595214844,5.428364833951254,5.662570039039484,-699.8621419150779,287.95982360839844,308.03154945373535,32.62052644820048,34.02792947297578,677.2547380043366,291.7027282714844,311.71923637390137,64.1802652064973,66.94930388298647,687.1205127757763,318.35460662841797,260.08106231689453,11.37739313003434,11.868267412235,-770.8748667442125,298.31335067749023,281.95109367370605,9.55723560254805,9.96957972326221,-696.1730841136931,298.9558982849121,291.61768913269043,27.551241753972832,28.73993198073635,-288.33293078035337,302.4555778503418,295.219144821167,40.36399549426657,42.105488214834885,-67.76779576133265,674.72913147118,717.4536804794211,749.7128664652734,885.1835581062726,1064.965092638517,856.5837041448192,886.9407200538994,866.3803546417464,902.2859004294594,852.0804932113134,864.7893584015596,807.9059109609013,830.3173823341391,808.4627058096023,801.4883595566607,781.206343361191,854.9755504105974,748.2484437865602,756.1234261863491,753.9398294562747,826.8460198528827
158,6.32,380.15037536621094,258.14663887023926,47.33682239799214,49.37915568565312,-175.8834350942397,374.67098236083984,291.63662910461426,59.383064758806846,61.945129632121684,402.4767939538629,353.2122039794922,315.4750442504883,84.08373587234296,87.7115039400674,876.6687313603197,327.35923767089844,328.5695743560791,140.05522350824197,146.09786495714948,2417.23317406453,308.59424591064453,336.0080623626709,225.24235950772788,234.9603748985,3864.497237168463,345.79456329345703,314.60140228271484,84.24009185071411,87.8746058511644,1272.5984535442672,306.199951171875,332.87498474121094,64.91581007368595,67.71658361725592,534.0978561510778,290.09450912475586,338.1723690032959,42.505314632541726,44.33919393788828,793.6490428437937,283.0177688598633,339.56199645996094,29.652939348434575,30.932306700115298,-1023.4080183214429,335.46695709228516,294.6525192260742,92.6249350374714,96.62121063248235,1637.4800957521388,294.5149230957031,317.8662586212158,59.85098569794592,62.43323888263415,921.1383102279733,280.14204025268555,325.6921577453613,50.284794955406944,52.45431765249847,1052.8646137491303,273.9223861694336,328.7013816833496,72.5438816408644,75.67376608992197,97.33550759812815,326.18030548095703,276.875638961792,85.74748343922019,89.44703340665751,1787.6051005643844,290.4842948913574,300.0486660003662,31.81141669721127,33.18391091961866,688.0335220144794,284.7033500671387,309.52091217041016,89.52241767689348,93.38483607236999,1483.9226649848554,285.26697158813477,313.9937496185303,170.646518033755,178.00901189262797,2776.4927002410373,320.17601013183594,262.03039169311523,66.69611935515928,69.57370381935495,1442.6359101779988,297.1058654785156,283.2609558105469,44.53761979546022,46.45918230966302,912.2400646600202,293.8558578491211,293.76073837280273,138.3001095721035,144.26702714615362,2888.177379135432,294.14703369140625,299.1331672668457,229.60765142174972,239.51400604897094,4935.212945853402,676.7042976986061,719.931485664706,753.2213266228761,891.0274727045585,1074.363507634457,860.0986883788657,889.6493833985897,868.1539223992619,903.5231926974641,855.9453416366127,867.286687956865,810.0040836670013,833.344332977736,812.0405871458686,802.8157159934455,784.9417368040858,862.0959108863025,751.0313919393344,757.9817934787357,759.7105105421208,836.4265800948416
159,6.36,384.5402145385742,256.9192314147949,113.95508166843493,118.87164016982352,1737.31211210426,378.11038970947266,290.68370819091797,89.22437019107072,93.07392941538272,778.219994581526,357.37789154052734,312.53748893737793,127.43180547293198,132.92981326137084,1130.457733032586,332.81089782714844,322.0854949951172,211.7839164373915,220.92127125801505,1870.5851575216393,313.88267517089844,325.2560520172119,299.55509771739685,312.4793143539307,1937.9734863857677,349.0635299682617,314.0833568572998,82.74401105131818,86.3139770854528,-39.01571914278996,310.0729751586914,332.7642345428467,96.86517824047044,101.04439788205158,833.1953566198915,293.5356140136719,338.4843063354492,86.3803643620493,90.10721979086618,1144.2006463244475,284.9868392944336,340.5445861816406,55.015457699685896,57.38908345029688,661.4194187545396,337.48817443847656,294.4155979156494,50.87638983284902,53.07143671702796,-1088.7443478863597,296.0459518432617,317.3412609100342,40.46349915816721,42.20928493506533,-505.5988486892206,280.35757064819336,325.34351348876953,10.247138900755443,10.689248696473085,-1044.1267239006345,272.79489517211914,328.62648010253906,28.24940481489233,29.468217081693577,-1155.1387252057098,327.8606414794922,276.633939743042,42.44074973063551,44.27184340226823,-1129.379750109732,292.0641899108887,299.6250343322754,40.89263429204779,42.656934978152535,236.82560146334683,285.2100372314453,309.3606376647949,13.28579597783175,13.85900773992394,-1988.1457083111513,284.93385314941406,314.1683864593506,9.402988899394503,9.808678091442058,-4205.008345029648,322.40257263183594,261.7847156524658,56.001882129952904,58.41806687264743,-278.89092366768796,300.2911376953125,282.94323921203613,80.02696003561594,83.47969970235762,925.512934817365,297.24170684814453,293.53102684020996,84.84080987500258,88.50124167802922,-1394.14463670311,297.4207878112793,298.9500045776367,81.97184961964082,85.50850097578325,-3850.137626829692,681.459163305399,723.6544428413213,758.5385191533309,899.8643235548791,1086.8626802086142,863.551247462284,893.6911593138717,871.7582111908965,905.818756035476,858.0681991052938,868.9750593542676,810.4316536148601,834.5230616610038,813.8114608819593,804.5219933925716,785.4960971136828,862.4882580099601,753.3681146142403,761.32098146683,763.2505602092419,839.8469201338729
160,6.4,391.02123260498047,252.11142539978027,201.74023188108646,210.44425488387813,2289.3153678513654,385.1890563964844,285.31519889831543,222.10416206502254,231.68678084960501,3465.3212858555576,363.0495071411133,308.3433437347412,176.34851413750695,183.95701894216955,1275.680142019968,337.7571487426758,319.4760990142822,139.80867619749304,145.84068043515109,-1877.0147705715992,317.66895294189453,325.35335540771484,94.68819656160461,98.77349096857675,-5342.645584633849,354.0037155151367,308.1906223297119,192.23968348486727,200.53380811979858,2855.4957758586443,315.37580490112305,330.4665756225586,144.48018850173938,150.71374376456902,1241.733647062936,297.6416015625,338.29519271850586,102.75850850186626,107.19199414522573,427.1193588589888,286.63692474365234,341.58422470092773,48.75724459316878,50.8608615789063,-163.20554678476444,343.03794860839844,288.5299873352051,202.23811034546992,210.96361416825562,3947.304436280692,301.7258834838867,313.8340759277344,166.88688149133063,174.08716693672915,3296.947050041595,285.58433532714844,322.8339099884033,144.95080790181612,151.20466790032307,3512.88548009625,276.5400695800781,326.2220764160156,111.26401157213421,116.06446464526032,2164.9061890891685,334.0155792236328,270.6995487213135,213.74671844413612,222.96875778037332,4467.422859452627,297.8480529785156,295.4259395599365,178.68524857298425,186.39457109798036,3593.440902995695,294.85727310180664,305.93542098999023,255.9312275882751,266.97330517136277,6327.857435785971,297.4490737915039,310.1883029937744,328.3213099552256,342.4866363629073,8316.948956786631,328.40126037597656,256.2227725982666,204.51079615428904,213.33435433823823,3872.9071866397703,304.92746353149414,278.4828472137451,160.8388441065775,167.77818875683676,2107.4622263619785,303.74786376953125,289.30578231811523,193.94388550106413,202.31153743103258,2845.257393825084,306.07213973999023,293.5880184173584,254.45626561531492,265.4347063976456,4498.155135546558,689.8769335007541,732.9219140753055,765.8967999110176,905.6979507722851,1090.8136198473571,871.5725997870759,899.7197090644545,876.0458909567055,907.8531904986322,866.5067436720242,875.9385460317368,816.479840330873,839.1656402468142,822.7302111931743,811.9777762364907,796.1750293205373,876.1877234644764,761.90148878777,768.0321090171035,771.3430217064832,850.4643083897787
161,6.44,397.0961380004883,244.63027954101562,240.9253241728666,251.31997646409494,1021.8930395054201,391.44432067871094,278.72923851013184,227.07818790455025,236.8754095718599,129.71571805637225,367.9435729980469,302.8997325897217,183.0040691319868,190.89972590048,173.56767395776131,340.30906677246094,315.5024528503418,118.06287908075998,123.15666729401269,-567.1003285284598,319.0528869628906,322.1180820465088,87.97111420872741,91.76660207207692,-175.17222241249578,362.34859466552734,299.07443046569824,308.97204782161646,322.3025560022761,3044.218697061938,323.85414123535156,324.26868438720703,262.5548070898093,273.88265706348363,3079.2228324728653,305.1235008239746,334.9848461151123,204.5379109013986,213.36263894314143,2654.2661199478925,291.3916778564453,342.0498847961426,119.4375267867315,124.59062377117945,1843.2440548068284,350.97774505615234,279.4406318664551,301.7208462190891,314.7385034381047,2594.3722317462275,309.81006622314453,305.4524517059326,291.1245815338425,303.68506602779445,3239.9474772766325,291.7049980163574,316.5442657470703,219.4056409336489,228.8718328172509,1941.6791229231953,279.7208023071289,322.9111576080322,114.78034466424911,119.73250889500532,91.70110624362522,341.1329650878906,262.5125312805176,271.20614405447327,282.90725341842,1498.462390951167,305.01142501831055,289.60309982299805,230.78583359711638,240.7430205479661,1358.7112362496434,305.48479080200195,301.48261070251465,288.06645492426424,300.49499744458495,838.0423068305547,311.12953186035156,306.32137298583984,355.41180398567576,370.74594179502674,706.4826358029861,334.0708541870117,249.80501174926758,214.0851879174982,223.32183041967022,249.68690203579982,310.1288414001465,274.78809356689453,159.50222616671786,166.38390282886186,-34.85714819937229,312.0731735229492,285.5397891998291,228.43692600110495,238.29277002418823,899.5308148288914,317.26903915405273,289.2245292663574,300.4273976973642,313.38924946012037,1198.8635765618696,699.9297325593179,742.39693045818,773.5327889470368,910.6242174640456,1094.4842839302403,884.4647020271669,910.6750153469939,884.5803965144312,912.8368154494793,879.0962838095484,888.0859486728486,825.634713643563,843.9549406026143,834.0465013299112,821.6074970584093,808.1948292183207,891.0175611362775,770.8343620045567,774.6874651302579,780.8747325074509,862.9998783681835
162,6.48,404.18384552001953,236.0566806793213,278.0986732749572,290.09715878605675,969.4295580490455,399.5060729980469,270.07161140441895,295.74731355488774,308.50724446303155,1790.7958722792912,374.61585998535156,294.6166706085205,265.90474025646824,277.37712211190234,2161.934905285558,344.78565216064453,306.55323028564453,250.16045007427928,260.9535491578507,3444.9220465959506,322.79346466064453,312.5532531738281,256.7560526022215,267.83371701807783,4401.677873650023,371.9510269165039,286.8868160247803,387.89870689320026,404.6344825789428,2058.298164416668,330.8187484741211,314.42633628845215,301.4315532664348,314.43672902604607,1013.8517990640607,311.09771728515625,326.40180587768555,261.4381404394982,272.7178121587901,1483.8793303912162,296.4296531677246,335.1873779296875,212.83091253563651,222.01343969515347,2435.5703980993503,360.4783630371094,266.4418888092041,402.5148002624519,419.8811830001974,2628.566989052317,316.2793731689453,295.3457736968994,299.99674241696107,312.94001368423574,231.3736914110322,298.65318298339844,307.74181365966797,280.3574025766359,292.4533402995009,1589.53768705625,287.22827911376953,315.36314964294434,266.14684884861634,277.62967640809063,3947.429187827133,350.20225524902344,249.5551300048828,395.40032865805915,412.4597596097383,3238.812654782957,311.36566162109375,280.4708003997803,278.13577570075097,290.13586198510507,1234.8210359284742,312.669677734375,293.26086044311523,272.96952389291476,284.746713761644,-393.70709207352377,319.33528900146484,297.78468132019043,296.02528909421295,308.7972131752898,-1548.718215493423,342.5156021118164,237.57485389709473,371.5596592427641,387.590491520506,4106.716527520895,316.75668716430664,264.3651294708252,308.7945514632729,322.11740161572703,3893.337469671629,319.1914176940918,276.34220123291016,290.75873212297665,303.3034321516386,1625.2665531862597,324.9223327636719,280.5113697052002,289.9267715876963,302.43557692361907,-273.84181341253253,711.5336189107603,754.7372202367012,784.6278738315128,921.0623594303596,1105.1976326109634,900.6500813303246,923.2524845080356,895.4891090007827,921.7173530372855,895.8915311295563,900.6035492202179,837.332847255543,855.060127658938,850.5448917143007,833.2129315378136,819.5846977687864,903.3694496632892,786.337981665377,787.572161194887,793.0068697935163,875.0973014451284
163,6.52,410.66184997558594,225.15887260437012,316.9451476249569,330.619652852932,1013.0623516718813,406.30699157714844,260.2145290374756,299.3895521601774,312.30662638230723,94.98454798189186,380.9696960449219,284.5727348327637,297.1235838622374,309.942893548236,814.1442859083412,350.9244918823242,296.6612148284912,291.05124434220403,303.6085647245803,1066.375389168239,329.11354064941406,303.1515884399414,283.212221964632,295.43133003081545,689.9403253184403,379.89845275878906,274.2692184448242,372.79799004314555,388.88224973926145,-393.8058209920342,337.54676818847656,299.2979621887207,413.9247759090571,431.783438692103,2933.6677416514235,317.2203254699707,311.0896682739258,412.27106448703046,430.05837837688296,3933.514155452322,302.4879455566406,319.80709075927734,413.26152442633173,431.09157141911885,5226.9532930991345,367.9922866821289,252.6591396331787,392.446830309862,409.3788334434916,-262.5587389176445,323.69712829589844,280.6581401824951,411.3618156326099,429.10990024791295,2904.2471640919302,305.3744125366211,293.67281913757324,389.80085746590294,406.61870087896597,2854.1340144866267,293.3600425720215,302.5425052642822,355.2881272573662,370.61692907062917,2324.6813165634635,356.5846633911133,236.33148193359375,367.08309856686543,382.9207909501346,-738.4742164900928,317.70606994628906,267.8140068054199,353.9025305614239,369.17155121253774,1975.8922306858167,311.4163017272949,284.27770614624023,226.75428956332303,236.53753673191062,-1205.2294257433346,310.7485008239746,293.8212490081787,236.43409083847317,246.63497018769107,-1554.0560746899687,347.44842529296875,226.17144584655762,310.6147731752794,324.0161562584423,-1589.3583815515924,322.4455261230469,255.7151699066162,258.8250967846472,269.992029503557,-1303.1343028042513,321.0124969482422,270.20599365234375,160.0183058311173,166.92224859867974,-3409.5295888239716,322.57511138916016,277.6804733276367,91.93551572116559,95.90204652242993,-5163.338260029728,724.7584050248776,767.2294852919935,797.0255895734423,933.206702019343,1117.014885812196,916.2053713198951,940.5238220557198,912.6914441358581,938.9610158940502,912.2666844672958,917.7679452301345,853.5975952907017,869.884804821763,865.861723352306,847.979793586315,829.0461992380629,913.2348484707967,799.2986279157147,798.3718423750292,799.6837597374636,878.9333833060257
164,6.56,420.10913848876953,212.99735069274902,384.9950287488874,401.60552609463235,1774.6468310425087,416.0057067871094,247.30619430541992,403.64757391095685,421.0628298347873,2718.9050863120015,389.8434066772461,269.67026710510254,433.6086115094215,452.31652759336447,3559.3408511282123,359.3105697631836,278.37575912475586,502.9190991831506,524.617395883898,5525.220778982943,337.5856018066406,281.4086437225342,583.3799497518822,608.5497061988801,7827.959404201617,386.6809844970703,260.4825782775879,384.11764464292594,400.690287509327,295.2009442516385,344.7267150878906,282.5031280517578,456.6303833288607,476.3315669906834,1113.7032074645106,324.5615005493164,292.55149841308594,498.47053156064123,519.9768961189759,2247.962943552324,310.3048324584961,300.3522777557373,524.1621110395561,546.7769312424462,2892.1339955831827,374.5143127441406,238.07476043701172,399.40654452195434,416.63882247945054,181.49972589897345,331.4658737182617,263.3242893218994,474.87879446685184,495.36730046308674,1656.4350053793446,315.83431243896484,276.40525817871094,504.7141316100856,526.4898744572419,2996.779339456897,306.8595504760742,286.3916301727295,526.2410806099953,548.9455973438871,4458.216706831449,363.85643005371094,221.2419033050537,418.7585622872079,436.8257773626434,1347.6246603127208,325.6473159790039,249.57504272460938,497.3198161729071,518.7765334540918,3740.1245560388516,315.74230194091797,265.4908847808838,481.96144481566165,502.75552967924466,6655.449823683351,312.0841598510742,276.1431312561035,443.21258463977307,462.33486132132873,5392.497278340941,355.75706481933594,211.00424766540527,432.3463538107079,450.9998101572817,3174.5913474709837,330.4317092895508,237.31770515441895,501.4016795926266,523.0345076711877,6326.061954190769,326.08787536621094,251.85982704162598,475.88161303114475,496.41338533955667,8237.278418521923,325.72654724121094,261.29027366638184,417.26055473872583,435.26313871882274,8484.02730490982,740.8226260686629,784.0719984853849,815.1182506771769,954.1913978546988,1141.356874060151,932.232982820268,959.5770847353472,933.4905199806171,960.832093143748,928.9322373664738,937.582637248658,874.6571902689914,891.8426287155185,883.3347544468118,868.7308549244788,849.1564204252327,931.7282429236498,817.338620322006,819.2932226818768,819.5402951510458,896.3439088547785
165,6.6,426.55445098876953,204.6924591064453,262.81323868257005,274.1522386113479,-3186.332187082111,419.78565216064453,237.85170078277588,254.5528368490371,265.5354441688595,-3888.184641648195,391.56909942626953,257.1199893951416,316.7091390980595,330.37346180751655,-3048.576644646198,361.42051696777344,263.30592155456543,380.42072235723396,396.83386259833236,-3194.5883321391407,339.871826171875,265.2289581298828,408.5102872979773,426.1353435614919,-4560.359065934706,386.9712829589844,248.35530281066895,303.2687375162537,316.3531780502815,-2108.427736476138,345.6651306152344,265.1485061645508,434.4993703605084,453.24571797324217,-577.1462254360315,328.45481872558594,271.93273544311523,524.5779927912923,547.2107560901123,680.846499278411,318.6680603027344,276.55242919921875,630.6625342089959,657.8722838636388,2777.3838155298163,377.04029083251953,226.1464548110962,304.82068541215585,317.972084281956,-2466.668454937364,334.6930694580078,245.84607124328613,444.34143652868414,463.51241719315993,-796.3720817481701,322.1575927734375,257.06591606140137,508.67107970098937,530.6175439103793,103.19173632843501,317.66672134399414,265.40130615234375,590.2269926949714,615.6921627970546,1668.664136329187,368.81763458251953,208.78419399261475,335.23133028729154,349.6947874909937,-2178.274746791243,330.23181915283203,230.12997150421143,499.45499304065726,521.0038319001638,55.68246115180102,323.0619812011719,243.06055068969727,589.8609962923657,615.3103755872435,2813.87114769997,323.0508804321289,251.0877513885498,683.758464577562,713.2590225403615,6273.104030475818,362.8836441040039,197.73138999938965,376.627205372707,392.8766754386156,-1453.0783679666513,334.49527740478516,217.68836975097656,501.1383255948314,522.7597913425708,-6.867908215423313,330.1519012451172,229.88458156585693,558.6969885729246,582.8018059154344,2159.7105143969443,331.17992401123047,237.61004447937012,607.5013233242739,633.7117893435538,4961.216265618277,751.7887156131168,794.6934162521393,828.3331891494776,970.0647523586321,1158.4022878026108,944.8871099422794,977.7069134542768,955.3789502242216,987.1469844982936,941.6511207377521,956.1231339363844,895.8818920254066,916.4703152274008,897.3225459464514,889.5710082004854,873.7688354487224,960.2586038252643,833.0536873395507,840.2036143355796,842.8523673876632,921.6923804285207
166,6.64,429.7737503051758,199.6204948425293,150.1846979202918,156.66437256513933,-2937.1966511552146,417.4847412109375,231.46289348602295,169.7627938358498,177.08715967397563,-2211.2071123720966,386.20182037353516,245.63389778137207,316.9562124626089,330.63119507975193,6.443331805884611,357.2015380859375,247.39331245422363,411.56022583704123,429.3168708022916,812.0752050989807,336.6902542114258,248.09520721435547,435.66602789210197,454.4627106010963,708.184175990111,379.77588653564453,240.79854011535645,260.8620230628139,272.11683836723887,-1105.9084920760654,340.4175567626953,251.1449146270752,373.8629488916272,389.9931559242153,-1581.3140512256723,325.79593658447266,256.7237663269043,385.990929150373,402.6443943261943,-3614.159044097951,318.2252311706543,260.6807041168213,396.94753646689844,414.07372124468685,-6094.964065473799,374.35020446777344,218.11351776123047,211.78503591038114,220.92243903033778,-2426.2411312904546,330.2173614501953,230.58335781097412,397.6354985159732,414.79136521414193,-1218.02629947545,322.11681365966797,239.69408512115479,434.2969700796825,453.0345851917958,-1939.5739679645858,321.9114303588867,245.56612014770508,507.107088332758,528.9860745943022,-2167.652205068811,370.90850830078125,198.94118785858154,251.56575017817514,262.41948052163997,-2181.882674233843,329.9523162841797,213.20969581604004,423.0646014627292,441.31759933262856,-1992.155814188382,327.31231689453125,223.81258964538574,492.79138453151415,514.0527239606673,-2531.441290664404,331.30828857421875,229.05630111694336,588.2014909319548,613.5792713558707,-2491.9937796122695,369.7721862792969,184.9930715560913,362.04002719283733,377.6601377440893,-380.4134423631581,338.0887985229492,200.10350704193115,448.7070247685753,468.0663574543927,-1367.3358472044526,334.70462799072266,210.1768398284912,505.6693615934096,527.4863175574056,-1382.88720895072,336.79595947265625,214.8992156982422,584.8726347621017,610.1067926650894,-590.1249169616108,758.0552905157224,801.7769026390982,841.5584369526676,987.2374271907238,1176.5807962266547,955.7717834769688,993.3066396912453,971.4847259972694,1003.7099333480811,950.4880182989656,972.7147885449501,914.0032754330783,937.6297582111728,907.819325167317,907.2237121737905,894.3309444071491,984.8017746794991,848.1600928493142,858.9262686337554,863.9518200899595,946.0966521351243
167,6.68,431.4484405517578,194.69445705413818,130.07314219952892,135.68510968461354,-524.4815720131448,415.4974365234375,225.57354927062988,155.39014449190313,162.09440659893727,-374.81882687595913,382.3042297363281,236.56731605529785,246.7211444257804,257.36585567813427,-1831.6334850404417,354.69799041748047,234.06821250915527,338.9561544970616,353.58031814637894,-1893.4138163978162,335.6990432739258,229.3573236465454,469.1020542772555,489.3413245160881,871.9653478747944,371.5085983276367,231.24462604522705,315.8572940958478,329.484864203085,1434.2006458961534,329.88014221191406,239.57011699676514,391.32231408204905,408.20580029358223,455.3161092341739,319.7727966308594,242.07112312316895,396.0572620821265,413.1450362332809,262.51604767716543,318.44141006469727,242.73611068725586,448.64738845405674,468.0041481486144,1348.2606725981882,368.5816192626953,207.80519485473633,295.3156112669948,308.0569165068268,2178.361936912225,325.1639938354492,216.84070587158203,366.0575489054298,381.8509942500176,-823.5092741031082,323.13377380371094,225.5536937713623,354.4228366829812,369.7143057887652,-2083.0069850757654,327.9423522949219,231.40535831451416,384.7882494753662,401.38982539013796,-3189.906230104106,368.0234146118164,188.5426139831543,269.78475707128865,281.4245411116638,475.12651475059613,330.4035186767578,200.3683090209961,321.2327801017095,335.0922739725408,-2655.6331340021943,331.4539337158203,211.22576236724854,331.2676512505064,345.56009668729337,-4212.315681834349,337.04479217529297,216.71752452850342,340.1772343798993,354.8540811618241,-6468.129754851164,369.22779083251953,174.2920732498169,267.8709240863029,279.4281363651138,-2455.8000344743873,339.5639419555664,188.27938556671143,297.8945879077299,310.74716233663395,-3932.9798779439684,340.41576385498047,197.55861282348633,346.2628387600291,361.2022471540659,-4157.101760083494,345.8708190917969,200.96614837646484,415.6947814354668,433.629810586655,-4411.924551960859,763.482694903107,808.2606789030558,851.853071179793,1001.380639916579,1196.154449207298,968.9511780450922,1009.6348717029886,988.0105274466006,1022.4300992740257,962.8102949592387,987.9888283149508,928.791847664629,953.6853512267783,919.0763068117835,920.6274031326922,908.1533482746407,998.9959379259722,859.3372183039188,871.3561551272207,878.3999099761221,963.4418445585906
168,6.72,430.82202911376953,190.50793647766113,105.82812075161156,110.39404391317109,-632.2766442860611,411.3888931274414,221.95388317108154,136.88980858021034,142.79587913252442,-482.46318666032124,379.18895721435547,231.8419361114502,141.49677226856528,147.60160891499243,-2744.106169078546,353.36734771728516,229.1032075881958,128.50555401600073,134.04988836970097,-5488.26074441695,337.1018600463867,222.4323320388794,176.6412389267836,184.2623732564328,-7626.973781491382,365.32703399658203,226.00204467773438,202.6332847993959,211.37583830783436,-2952.7256473812663,322.4581527709961,232.42778778076172,257.5106719765147,268.6208942234539,-3489.6226517532086,322.5493621826172,235.53481578826904,177.53983679634132,185.19974086692898,-5698.632384158798,330.6428527832031,235.20953178405762,358.4032247335469,373.86642651173406,-2353.4430409220076,363.394775390625,202.4738359451294,185.95486209070768,193.97782995401673,-2851.9771638202515,321.39556884765625,212.44412899017334,144.7647124707015,151.01054343653595,-5771.011270337041,325.9051513671875,220.50682067871094,143.94326489252126,150.15365474406033,-5489.0162761176225,335.9745407104492,223.08334350585938,289.1495949525967,301.62486923104984,-2494.1239039772026,364.4956588745117,183.24949264526367,159.02475051017842,165.8858266254754,-2888.4678621547105,329.78755950927734,194.5356273651123,146.6278899861962,152.954107198254,-4553.45416935717,334.80091094970703,203.89025688171387,201.5748888944026,210.2717782226365,-3382.207961616422,343.5481262207031,206.42569541931152,304.35906027975454,317.49054246891234,-934.0884673227947,367.4325942993164,168.92479419708252,141.48854861513027,147.59303045444733,-3295.8776477666615,338.9423370361328,182.2362470626831,151.8755980538301,158.42822608789757,-3807.9734062184093,342.36377716064453,189.8700714111328,198.2870786393418,206.8421163605758,-3859.0032698372524,350.5121612548828,190.59801578521729,283.98969006872534,296.2423417677224,-3434.6867204733157,767.8984566596338,813.9725140683569,857.7571355363928,1006.7426354513669,1203.5249441375554,977.4062115774057,1020.3797074719268,995.4185170812779,1037.384756334495,970.5694081573993,994.0292500524123,934.7979938543914,965.7503459960203,925.7117398768027,926.7455674206223,916.5642194035462,1011.6955596247286,865.2409395220967,877.6932841707365,886.6735946305452,975.2915382292995
169,6.76,429.81807708740234,189.16728973388672,41.872226496507515,43.67879140032169,-1667.8813128212348,409.09488677978516,221.01628303527832,61.95542317740125,64.62847169853934,-1954.1851858496268,379.79652404785156,230.74936866760254,31.25341057908992,32.60182979155735,-2874.994478085877,354.8258590698242,229.25401210784912,36.65717331431526,38.2387362815532,-2395.278802203694,338.65753173828125,224.2068099975586,58.99622042343206,61.54159501161038,-3068.0194561205603,363.46141815185547,225.86086750030518,46.77374714731599,48.79178671880301,-4064.6012897257833,322.37728118896484,233.1474781036377,18.10549594773581,18.886652248274483,-6243.356049379485,322.6852798461914,235.58695793151855,3.639403657720512,3.7964246587269717,-4535.08290520505,329.64576721191406,234.79591369628906,26.98679722338953,28.1511346568,-8642.882296373351,360.3868865966797,204.1921091079712,86.60202674766097,90.33844573494721,-2590.9846054767377,320.1986312866211,214.95999813079834,69.65206860606314,72.65718663178518,-1958.8339201187694,325.79151153564453,221.73219680786133,30.76585637119408,32.09324020067883,-2951.510363584538,336.2461853027344,223.3699893951416,9.872836799780726,10.298797441378245,-7283.15179474179,361.2089157104492,185.3944444656372,98.11822886903877,102.35151101165417,-1588.357890345531,328.7971878051758,197.9499864578247,88.87731757271119,92.7119033138205,-1506.0550971108378,335.0974655151367,205.559663772583,42.3885596119295,44.217401556231984,-4151.359416660113,344.6966552734375,206.4193868637085,28.713659454699403,29.95250185146707,-7188.451015436132,364.55291748046875,170.5449628829956,82.6040448155457,86.16797204758113,-1535.626460171655,339.65240478515625,183.86489868164062,44.41777729789167,46.33416924276467,-2802.3514211283223,343.67191314697266,190.62259197235107,37.728528279198954,39.356314541471065,-4187.145045477618,352.0646667480469,190.6173849105835,38.81565783709296,40.490347984577724,-6393.799844578616,769.6456083156467,816.5576529362984,859.061208728055,1008.2721849026291,1205.98660793802,979.3578830461578,1021.1351735618578,995.5703740676269,1038.510801720767,974.1829459867971,996.9355375176837,936.0817234624186,966.1622978936754,929.8058003172687,930.454043553175,918.3329154657954,1012.8936596987874,868.687658404,879.5466509404472,888.247847212204,976.9111521486826
170,6.8,426.0249328613281,190.11122703552246,97.72077807847326,101.9369123235607,1456.4530230809753,406.1417770385742,222.31946468353271,80.69672992128449,84.17836661286388,488.7473728581135,376.01558685302734,232.95114040374756,109.38259930540907,114.10187939933012,2037.501240194319,349.30591583251953,234.10579204559326,183.72796110581925,191.65484998073478,3835.4028424795397,331.1833953857422,232.45994567871094,278.36235690626336,290.3722189701255,5720.765598962878,358.63059997558594,227.27282524108887,125.82336059416556,131.2519725011138,2061.50464455777,319.554443359375,235.37542819976807,89.90333365277267,93.78218655605791,1872.3883576945855,321.72828674316406,238.26075553894043,70.99748870865454,74.06065448921548,1756.6057457622126,329.30885314941406,237.33412742614746,64.01191307069303,66.77368824377018,965.5638396742546,355.533447265625,206.3311243057251,132.5972740963468,138.31814451014887,1199.4924693800413,318.75078201293945,217.54530429840088,74.0779804477357,77.27405313886604,115.42166267702143,326.2019729614258,224.04125690460205,58.63146079758851,61.16109793893123,726.69644345631,337.29942321777344,225.05245685577393,49.62362631450374,51.7646230849346,1036.6456410889089,356.53907775878906,188.1770896911621,135.90093116380325,141.7643368906678,985.320646975341,326.4577865600586,201.34689331054688,103.11333070863908,107.56212505180947,371.25554344972437,333.64566802978516,208.31720352172852,77.90916749086155,81.27053562078677,926.3283516138697,343.9393997192383,208.64363193511963,58.74043598781784,61.27477483170964,783.0568245060643,359.9281311035156,173.6949920654297,139.89132586278703,145.92689599595926,1493.973098709453,338.7328338623047,187.14942455291748,85.27060191399885,88.94957696821024,1065.3851931361392,343.2680130004883,193.5116672515869,72.92929494303775,76.07580793572501,917.9873348563486,351.7026138305664,193.5404920578003,73.63608876243207,76.81309616669442,908.0687045529174,773.7230848085891,819.924787600813,863.6252839040284,1015.9383789018585,1217.6014966968248,984.6079619462024,1024.8864610241,998.5328002471954,1041.181749250518,979.715671767203,1000.0264996432384,938.5281673799758,968.2328828170728,935.4763737928955,934.7565285552473,921.5837368906269,1015.3446506920558,874.5247342438383,883.1046340191756,891.290879529633,979.9836759953504
171,6.84,425.6726837158203,190.18641471862793,9.00460466239886,9.393105683646635,-2313.595165997852,405.96961975097656,222.73202419281006,11.175964174517135,11.658147863642222,-1813.0054687305415,374.4542694091797,234.040846824646,47.59971273685812,49.65338835091263,-1611.212276210437,345.8686828613281,237.79749870300293,126.10330225307386,131.54399216060662,-1502.771445503204,326.0820007324219,240.30009269714355,233.84307328789285,243.93216394652285,-1161.0013755900668,359.1234588623047,225.10395526885986,55.60410752956052,58.00313040404732,-1831.2210524266625,319.2685890197754,233.69722366333008,42.55939356937675,44.395606094556506,-1234.664511537535,324.6783447265625,237.91574478149414,74.2541014362444,77.45777281565303,84.92795816093874,334.3087387084961,237.63158798217773,125.21815559831688,130.6206561136198,1596.17419674624,356.58241271972656,203.97634506225586,64.44626545314736,67.22678063208724,-1777.2840969515407,319.8747253417969,215.35941123962402,61.448032265545024,64.09918955493907,-329.37158959817407,326.78951263427734,223.0082130432129,29.710924829180545,30.99279394738317,-754.2075997887015,337.52872467041016,224.78662490844727,8.776594598732244,9.155258192806878,-1065.234122303193,357.6324462890625,186.69293403625488,46.08533356031908,48.073671729954896,-2342.2666290178227,327.8535461425781,199.89349365234375,50.376801324245825,52.55029360907555,-1375.295786068348,333.8168716430664,207.57579803466797,19.022893665331956,19.843630820726457,-1535.6726200015078,343.49071502685547,208.66159915924072,11.226107248320673,11.710454345625413,-1239.1080121521056,360.2771759033203,173.78808975219727,9.031176956527055,9.42082443159404,-3412.6517891091303,338.6244201660156,187.9872179031372,21.11947009301267,22.030663422088978,-1672.9728386530314,342.97080993652344,194.6348762512207,29.04660176002122,30.299808854683313,-1144.3999770260425,351.24584197998047,195.18492221832275,42.66725234535578,44.50811840571997,-807.6244440243613,774.098809035935,820.3911135153587,865.6114194380648,1021.2001385882827,1227.358783254686,986.9280871623642,1026.6622852678825,1001.6311111598216,1046.4065754950627,982.4047429924866,1002.5904672254359,939.7678791378711,968.5990931447851,937.3993206620937,936.8585402996104,922.377482123456,1015.8130688658807,874.901567221102,883.9858605560592,892.5028718838204,981.7640007315791
172,6.88,429.715576171875,192.51739025115967,116.66840388598555,121.70202787686692,2807.723054830507,410.09525299072266,224.35784339904785,110.86066062931638,115.64371124457998,2599.6390845234437,380.18516540527344,234.72551822662354,144.29125026905058,150.5166538473694,2521.5816374114197,354.9520492553711,233.7022876739502,249.09623945990273,259.84342348934257,3207.485783218399,338.3613967895508,229.5492696762085,408.0163623827635,425.62010840100083,4542.19861136195,363.09410095214844,231.1745309829712,181.34547159082337,189.1695686559493,3279.1609562975495,323.60897064208984,236.8605136871338,134.2695898230988,140.06261180735294,2391.6751428199104,325.2739715576172,238.63948345184326,23.433002699597676,24.444012712920156,-1325.344002568322,332.1275329589844,238.3436679840088,57.36242482404473,59.83730978134313,-1769.5836583069167,359.2134094238281,209.7655963897705,158.97636339666073,165.83535186416842,2465.2142808020294,323.9670181274414,218.41468334197998,127.67524197860578,133.18375276352356,1727.1140802146122,330.01415252685547,223.44727993011475,81.35985714704438,84.87010426785237,1346.93275801173,340.34149169921875,224.6367645263672,70.41890944763128,73.45711259604923,1607.5463600810585,359.1353225708008,191.14645957946777,117.50672023936852,122.57651314289276,1862.5710353234467,330.13214111328125,202.60096549987793,88.4675040823738,92.28440854090752,993.3528732957992,336.20235443115234,208.43563556671143,63.39286589280394,66.12793245736053,1157.1075409158518,346.49009704589844,209.31055068969727,76.71958104454237,80.02962481692113,1707.979261782393,361.0120391845703,177.06434726715088,83.94152483432865,87.56315724862104,1953.558320425675,340.5373001098633,189.63274955749512,63.08171340149068,65.80335538327311,1094.3172990296034,345.0502014160156,194.80236053466797,52.15313934814083,54.40327121485539,602.5865590043019,353.52935791015625,194.756441116333,58.084211807775866,60.59023805231743,402.05299116493654,778.9668901510097,825.0168619651419,871.6320855919595,1031.5938755278564,1244.3835875907257,994.4948699086023,1032.2647897401764,1002.6088716683385,1048.8000678863164,989.0381570670532,1007.9178173359769,943.1626833085851,971.5373776486272,942.3023811878094,940.5499166412467,925.0225994217503,1019.0142538585576,878.4040935110468,886.61799477139,894.6790027324146,984.1876102536719
173,6.92,429.6416473388672,195.67896366119385,79.06094128655221,82.47200235832759,-980.7506379634834,410.46436309814453,228.28858852386475,98.7009356201626,102.95935847426806,-317.10881925779796,380.1398468017578,239.22656536102295,112.53188182108045,117.38703678340576,-828.2404265990913,354.8509216308594,237.5700330734253,96.72668088356026,100.89992509738893,-3973.5874597988413,338.87603759765625,232.9142189025879,85.10191852081955,88.77361577961685,-8421.162315534599,363.8197326660156,235.55195331573486,110.92894027131732,115.71493679166419,-1836.3657966071275,324.5091247558594,242.818021774292,150.62822618348213,157.1270367248695,426.61062293791406,323.8750457763672,245.44097900390625,173.59675811737264,181.08653921742763,3916.063162612687,329.3619918823242,245.32296180725098,187.68117866118257,195.7786279454725,3398.5329541032343,360.0815963745117,214.20933723449707,113.19391899641855,118.07763735806742,-1193.9428626525248,324.1104507446289,223.98094654083252,139.20277232012424,145.20863501309918,300.62205623939064,330.29659271240234,229.95876789093018,162.9402649789487,169.9702748150319,2127.5042636794883,340.7891082763672,231.23813152313232,165.41313208546586,172.54983304595825,2477.3180112477257,360.2667999267578,195.78067302703857,119.25858272229708,124.40395921768578,45.68615186982541,330.8521270751953,208.19159030914307,140.91989201165887,146.99983932897624,1367.885769701718,337.5411605834961,214.771728515625,161.89980653714852,168.8849260996039,2568.924841056084,348.0671691894531,215.28313636779785,154.4322995446314,161.09523571297487,2026.6402724013435,362.55260467529297,181.56339168548584,118.88740132304943,124.01676330607668,911.3401514363911,343.60504150390625,194.72439765930176,148.6100552901701,155.02179244160862,2230.460926458388,348.2833480834961,200.8815336227417,172.13654247464416,179.56332300002532,3129.0012946292486,356.3840103149414,201.23850345611572,177.07020593710675,184.70984792232113,3102.9902467500924,782.2657702453429,829.1352363041126,876.3275670632958,1035.629872531752,1247.9345322219106,999.1234673802688,1038.5498712091712,1009.8523332370355,1056.6312130041354,993.7612625613759,1013.7261627365009,949.9614943011863,978.4393709704656,947.2785395565168,946.4299102144057,931.7779964657344,1025.4580632870766,883.3647640432899,892.8188664690545,901.8615356524155,991.5760041705647
174,6.96,427.4954605102539,199.2213535308838,103.54541241707385,108.01284879854386,638.5211610054067,408.2633972167969,230.47443866729736,77.54914433925455,80.89497937613281,-551.6094774533813,377.8155517578125,240.53841590881348,66.72377439417232,69.60255202689699,-1194.6121189127193,354.0242385864258,237.3429536819458,21.43259646526599,22.357299539629395,-1963.5656389439885,339.1667175292969,231.20673179626465,43.30132100264608,45.16954376884402,-1090.1018002693206,360.92288970947266,237.98462390899658,94.57003135967854,98.65022756374835,-426.61773069789604,320.9575653076172,244.76280212402344,101.2291494676185,105.59665136500178,-1288.259633996693,315.8491516113281,247.1957015991211,205.38687356816035,214.2482298546073,829.0422659294918,317.329044342041,247.09871292114258,304.08173091877666,317.2012478141762,3035.565496717593,357.81604766845703,217.0700740814209,91.22953964743874,95.16561131852443,-572.8006509885748,320.01556396484375,227.04760551452637,127.89765195312484,133.4157585510156,-294.8219115520892,326.73492431640625,233.15923690795898,119.70924069385458,124.8740606949548,-1127.4053530019273,337.62508392333984,234.55201148986816,114.54488896411756,119.48689452790401,-1326.5734629513559,358.77437591552734,198.58257293701172,79.3645565366113,82.7887169991025,-1040.381055464582,328.8709259033203,210.9592866897583,85.09296878528487,88.7642799103733,-1455.8889854650733,336.4200210571289,217.7257776260376,78.99113868146976,82.3991881403674,-2162.143448980912,346.69246673583984,218.2675838470459,82.14595848381859,85.69012171572652,-1885.1278499312089,362.1631622314453,183.95167350769043,60.49563764924971,63.10570415288093,-1522.7764788298937,342.09495544433594,197.0713233947754,69.7693535655925,72.7795318164174,-2056.0565156297807,347.02178955078125,203.83352279663086,80.2565029071805,83.7191461336415,-2396.1044216595956,354.9531555175781,204.37950611114502,86.28891560492652,90.01182550399878,-2367.450560458059,786.5862841972845,832.3710354791579,879.1116691443716,1036.5241645133372,1249.741313972664,1003.0694764828187,1042.7737372637714,1018.4222624312197,1069.3192629167024,997.5678870141169,1019.0627930785414,954.9564567289844,983.2188467515817,950.5900882364808,949.9804814108206,935.0739639913492,1028.8856681557058,885.8889922094052,895.7300477417111,905.2103014977611,995.1764771907247
175,7.0,425.27530670166016,200.84589958190918,68.77605327126733,71.74337587287508,-906.7368231417195,404.3562698364258,230.78845024108887,97.99313635058995,102.22102141326792,533.1510509283778,373.5293197631836,239.8658323287964,108.46702662528685,113.1468046050574,1088.6063144540103,349.89749908447266,237.94758796691895,104.26996671964473,108.76866378351578,2160.2841060971596,334.9748229980469,234.0392017364502,126.47842138873526,131.9352957011095,2169.143798306637,355.66478729248047,237.9695749282837,131.4530988114192,137.1246041188844,961.8594138784015,316.51647567749023,244.22080993652344,111.85099640294949,116.67677476405642,277.00308497636604,309.7611427307129,246.18810653686523,154.270662999994,160.92662540713224,-1333.0401111868766,309.56809997558594,246.67805671691895,194.30840354537332,202.6917824992131,-2862.7366328740777,353.33011627197266,217.06416606903076,112.14838217339187,116.98699115614771,545.534495940582,317.30398178100586,224.14469718933105,99.308719041291,103.59336453244258,-745.5598504643259,322.37064361572266,230.90861320495605,122.76057257645341,128.0570413946867,79.57451749329749,331.83849334716797,233.94834995269775,145.44981468641532,151.7252041859603,805.9577414514074,355.3473663330078,198.70831489562988,85.7328908545235,89.43181122918358,166.0773557520269,326.55445098876953,208.3369016647339,87.47485084731264,91.24892757381095,62.11619158594104,331.3545227050781,216.39986515045166,130.90387085458838,136.5516798833021,1353.812293573368,340.01338958740234,218.98085117340088,167.92636376107234,175.17149736344214,2237.034391192891,359.7951126098633,184.2081069946289,59.547340114285475,62.11649259952356,-24.73028883393429,339.4601821899414,196.095929145813,70.23809526790679,73.26849724169102,12.224135631840483,342.5962829589844,203.57328414916992,110.82878898234736,115.61046450477119,797.2829592782422,349.9163055419922,205.5668592453003,129.37268148103277,134.95442779431895,1123.5650572580041,789.4560192321997,836.4598763356886,883.6375413285739,1040.8749110646777,1255.0187258007086,1008.5544606475742,1047.4408082543334,1024.8593274475052,1077.4269342166708,1002.2473666603628,1023.2065276598391,960.078738384772,989.2878549190202,954.1673606856482,953.6304385137731,940.5360311866812,1035.8925280502435,888.3736519133861,898.6607876313788,909.8347200779519,1000.5746543024975
176,7.04,423.15826416015625,201.01306915283203,53.09081128111912,55.38139872775255,-409.04942862806325,401.3890838623047,231.06250762939453,74.49538600269929,77.70946753380181,-612.7888469866526,371.80065155029297,239.59171772003174,43.756660985762096,45.644529261683985,-1687.5568835843353,347.97080993652344,238.41198921203613,49.54669255669141,51.68437004275621,-1427.1073435189892,332.44956970214844,234.42601203918457,63.867667968363406,66.62321972890152,-1632.8018993051999,352.84610748291016,237.94438362121582,70.46980945248433,73.51020866664958,-1590.3598863058708,314.50775146484375,242.3733615875244,68.22773613371736,71.17140175360382,-1137.634325261315,307.9817581176758,244.7592830657959,57.05121664232855,59.51267461410672,-2535.348769825638,308.56420516967773,246.73994064331055,25.145009466034086,26.22988350804858,-4411.547474779113,350.70499420166016,216.8615198135376,65.82330224219226,68.6632292686143,-1208.0940471883353,314.9980163574219,221.15241050720215,94.44329026858817,98.51801826553854,-126.88365667260086,318.0524253845215,227.87240982055664,131.96955066348787,137.6633381342991,240.15741849030974,326.68575286865234,232.554931640625,133.4455624762236,139.20303204282035,-313.0543035784989,353.05999755859375,198.1720733642578,58.73463038389678,61.26871874671398,-704.07731206174,326.7283248901367,205.3081226348877,75.8441434176557,79.11641669095808,-303.3127720713218,329.98451232910156,213.36230278015137,83.30558798689533,86.8997830928394,-1241.2974197615679,338.0474090576172,217.6599884033203,59.21231871873892,61.76701680434598,-2835.112013977404,357.86266326904297,183.37629318237305,52.596783843551734,54.86605662161111,-181.2608994478113,340.27244567871094,193.88242721557617,58.94575244637099,61.48894960851412,-294.4886908294226,342.9068374633789,200.90373516082764,67.18880069140546,70.08764174702935,-1138.0705689435458,349.8321533203125,204.0047836303711,39.10851747997218,40.79584297066262,-2353.964620591408,791.6712751813097,839.5682550370407,885.4633224990413,1042.942285866388,1257.6836545898648,1011.49486899424,1050.2876643244776,1027.2398344320693,1078.4761295569929,1004.9938958311074,1027.1472483904608,965.5852719101439,994.855976200733,956.6181094355167,956.7950951814114,944.0120225103948,1038.363208722417,890.5682941782505,901.1203456157193,912.6382257478331,1002.206488021324
177,7.08,420.3944778442383,200.2355432510376,71.77683003595531,74.87362026899457,487.3055385310506,398.6737060546875,229.5607852935791,77.57434583992182,80.92126818813837,80.29501635841392,368.8700485229492,236.96908950805664,98.31903694772204,102.5609828958645,1422.911340854513,346.8202590942383,233.35434436798096,129.6715528973129,135.26619393000095,2089.545597181119,333.2381057739258,225.2702236175537,229.74204387497807,239.65419682508903,4325.774427404688,348.47572326660156,236.32590293884277,116.51109903506512,121.53793615439342,1200.6931871935963,308.8288116455078,244.02643203735352,147.86606985659668,154.24570797519883,2076.8576555398754,310.48728942871094,242.89186477661133,78.12225282113356,81.49281445499675,549.5034960222506,318.19997787475586,240.94182014465332,281.1431096222146,293.27294644460176,6676.076573413829,345.77789306640625,215.7284116744995,126.39288857510607,131.84607259937877,1579.5710832691118,311.3621520996094,221.50850772857666,91.3315188349191,95.27199036807176,-81.15069743666972,318.9956474304199,225.06121158599854,74.13038910364057,77.32872295082436,-1508.3653795868686,329.78694915771484,226.88773155212402,161.50575699181843,168.47387540247175,731.7710839912849,348.2726287841797,197.5074577331543,120.83204696846241,126.04531011623071,1619.414784237918,324.83280181884766,205.5439567565918,47.75343866380897,49.8137467377939,-732.5667488291044,331.67335510253906,210.77154636383057,77.31513727150826,80.65087614223519,-156.2226737651052,340.87223052978516,212.4604082107544,147.93421369088574,154.31679185518738,2313.7443762710345,353.5191345214844,183.1948757171631,108.68289388615607,113.37198539544244,1462.6482193457832,338.2152557373047,194.04808044433594,51.596217443854265,53.82232107871606,-191.66571324495152,343.2059860229492,199.00294303894043,48.1047070937545,50.18017054089377,-497.6867801533896,350.8963394165039,200.12216091156006,100.645576231505,104.98790003315803,1604.8014265623851,794.6662199920695,842.8051057645663,889.5657618148758,1048.3529336235881,1267.2698224628684,1016.3563864404158,1056.4574926434857,1030.4995470102692,1090.207047414777,1010.2677387350825,1030.9581280051834,968.6784208281769,1001.5949312168319,961.6599218401659,958.7876450509232,947.2380575560841,1044.5358803966246,895.1031735940683,903.2732384588678,914.6454325694689,1006.4060040226503
178,7.12,418.55899810791016,200.67053318023682,47.15799309883681,49.19261084895277,-642.0252355010451,395.8988952636719,229.66104984283447,69.41554178358646,72.41045492908002,-212.7703314764588,366.67774200439453,236.16004943847656,58.42063904072939,60.94118033934366,-1040.4950639130209,344.01283264160156,232.0139980316162,77.77439966166078,81.12995327321025,-1353.4060164197676,330.07213592529297,222.171049118042,110.75944559290356,115.53812931517338,-3102.901687747891,343.77925872802734,236.41040325164795,117.43061638939534,122.49712581468329,23.979741507246644,305.3508949279785,243.0380916595459,90.39054636850395,94.2904199211928,-1498.8822013501508,312.30831146240234,239.50903415679932,96.04577115081416,100.18963771437751,467.4205814845191,323.04508209228516,236.9026279449463,157.69850289574387,164.50235844756773,-3219.264699925851,341.69078826904297,215.90739727020264,102.27555141656275,106.68820001844246,-628.9468145234079,309.24732208251953,220.3935670852661,59.76829552159094,62.346981062927185,-823.1252326286143,318.13812255859375,222.04617977142334,78.3651937593354,81.74623700856459,110.43785144350586,329.2416000366211,223.42865467071533,87.54505459823888,91.32216024493444,-1928.7928789384328,344.8587417602539,197.48793125152588,85.34857166208764,89.03091069816104,-925.3599854517417,322.4169921875,204.3420696258545,67.45678639851613,70.36718961869867,513.8360720226194,329.82349395751953,208.09085369110107,81.42519366525387,84.93825971093428,107.18458921747711,339.41734313964844,209.47916507720947,82.93260795401731,86.51071094608066,-1695.1520227276678,350.64197540283203,182.73980140686035,72.8231471697952,75.96508044800815,-935.1726236858572,334.7707748413086,192.45177268981934,94.90998067251635,99.00484388976015,1129.5630702761023,340.06446838378906,196.59740924835205,98.91829297081789,103.18609364392499,1325.1480775757805,348.0166244506836,197.52408027648926,96.9625613017061,101.14598250683841,-96.04793815799049,796.6339244260276,845.7015239617294,892.0034090284497,1051.5981317545165,1271.8913476354753,1021.2562714730032,1060.2291094403333,1034.5071325188444,1096.7871417526796,1014.5352667358202,1033.4520072477007,971.9482703085195,1005.2478176266293,965.2211582680924,961.602332635671,950.6355879445214,1047.996308834468,898.1417768119885,907.2334322144583,918.7728763152259,1010.4518433229238
179,7.16,417.6203918457031,201.1941146850586,26.86911921292838,28.028379463169053,-529.1057846445929,394.0280532836914,229.9117612838745,47.18915355199231,49.22511571070002,-579.6334804595,365.0455093383789,236.5311098098755,41.846962817144686,43.65243772693903,-432.2185653101158,343.5040283203125,232.0953369140625,12.881620898591207,13.437394645697182,-1692.3139656878266,331.087646484375,221.07929706573486,37.27586551077594,38.88412177096505,-1916.3501886052081,342.3647689819336,237.9159164428711,51.64392032678712,53.87208208851075,-1715.6260931543134,303.42554092407227,242.5290584564209,49.78769201721399,51.93576735416103,-1058.866314175794,310.5478858947754,238.4549617767334,51.29672724436539,53.50990946260565,-1166.9932062942967,321.7406463623047,236.19698524475098,37.076645226380464,38.676306185960314,-3145.6513065401855,340.45154571533203,217.41153717041016,48.722164786190305,50.82426826396748,-1396.5982938618745,308.56250762939453,220.22269248962402,17.645271368073736,18.406571414406308,-1098.510241213022,317.57808685302734,221.28151416778564,23.695377672869338,24.717707777288272,-1425.7132307819081,328.79650115966797,222.66846656799316,22.0227008133832,22.972863766384428,-1708.73241196375,343.8967514038086,198.59148502349854,36.599661657664754,38.17874330138211,-1271.304184919473,323.02486419677734,204.27154541015625,15.298734520024999,15.958793923815069,-1360.2098923720903,330.83255767822266,207.49649047851562,29.277521463937678,30.5406915213462,-1359.9392047397018,340.6568908691406,208.8662052154541,34.57056520557265,36.06210207931917,-1261.2152216690374,349.8780059814453,183.19417476654053,22.221954611388938,23.1807143109343,-1319.6091534268464,335.28411865234375,191.75535678863525,21.629218891209053,22.562405182342435,-1911.060967685443,340.76976776123047,195.64847946166992,29.55836336673415,30.8336502654851,-1808.811084460997,348.7800598144531,196.79354667663574,26.41629344704766,27.556016662727945,-1839.7491461027616,797.7550596045544,847.6705285901573,893.7495065375272,1052.1356275403443,1273.4467125063138,1023.4111547565435,1062.3065401344998,1036.6475288973486,1098.334194000118,1016.568237466379,1034.1882701042769,972.9369786196108,1006.1667321772845,966.7483080001476,962.2406843926236,951.8572156053752,1049.4387929176407,899.0690053844259,908.135928421752,920.0062223258453,1011.554083989433
180,7.2,417.8065872192383,201.9844150543213,20.298451153700263,21.17422186197917,-171.35394002974706,395.5411148071289,230.94679355621338,45.83016868347998,47.80749783951051,-35.440446779737655,366.1915969848633,237.20314979553223,33.21478055536423,34.647822498911594,-225.11538070068582,342.70572662353516,232.59643077850342,23.56348685012894,24.58012656377016,278.5682979518245,328.8628387451172,222.20908641815186,62.38085372079454,65.07225731767164,654.7033886676647,342.08351135253906,239.31873321533203,35.76835849593843,37.3115738091054,-414.01270698513383,303.67136001586914,242.2397804260254,9.490416375261967,9.899877600056442,-1050.8972438526148,308.48196029663086,238.7666130065918,52.2325034469743,54.48605945440388,24.403749794955765,317.61714935302734,236.39432430267334,103.20540892227041,107.65817595290144,1724.5467441735282,340.83690643310547,218.4021234512329,26.572589996050382,27.71905658039388,-577.6302920893401,310.8024215698242,219.28001403808594,60.754923275430386,63.37617658118594,1124.2401291694907,318.940486907959,220.9614658355713,34.98718376626404,36.4966955253462,294.47469370144813,329.4303512573242,222.50287055969238,16.37811009136872,17.08473883690102,-147.20312323708518,344.9314498901367,198.98016929626465,27.632368038966497,28.824558435448928,-233.8546216483296,324.43603515625,203.08456420898438,46.09994474504826,48.08891330995424,803.2529846534793,331.21158599853516,206.7923355102539,19.9921341864522,20.85468893922133,-242.15006455312178,340.5371856689453,208.20465087890625,16.807429070932216,17.532580657639095,-463.23803554200185,351.16260528564453,183.34525108337402,32.336313042161784,33.73145376307832,263.7684863036005,336.22867584228516,191.27938270568848,26.442621994459902,27.583481147578986,125.52689913091379,341.30279541015625,195.58709621429443,13.41376106787602,13.992493846162722,-421.0289104830595,349.21497344970703,196.6362762451172,11.56189481550819,12.060729368694185,-387.382182350844,798.6020284790336,849.5828285037377,895.1354194374836,1053.1188326028953,1276.0496027990207,1024.9036177089076,1062.702535238502,1038.8269712755248,1102.640521038234,1017.6769997295946,1036.7233171675243,974.3968464406248,1006.8501217307606,967.9012903375656,964.1642409250219,952.6914031629441,1050.1400961439463,900.4182635349489,909.2392676676552,920.5659220796919,1012.0365131641807
181,7.24,417.0991897583008,201.6773557662964,19.27914310374008,20.11093606582995,-26.582144903730498,394.0232467651367,230.7352638244629,38.31341328695825,39.966434240962684,-196.02658996369567,363.59779357910156,237.3222541809082,64.91341330166709,67.71408343721284,826.656523457531,340.57750701904297,232.71074295043945,53.2821848604063,55.58102906386364,775.022562502337,326.80335998535156,222.24374771118164,51.49426040322512,53.715965131539335,-283.9073046533077,340.9049987792969,239.18134689331055,29.662338145033694,30.942111005030903,-159.23657010186236,303.35546493530273,241.71378135681152,15.339180281633185,16.000984705918775,152.52767764655832,303.41833114624023,238.22397708892822,127.31553791619532,132.80852937507572,1958.061748016796,309.4207000732422,235.57881832122803,205.9229692170468,214.80745519267919,2678.7319809944433,339.73445892333984,218.2510471343994,27.818772498265474,29.019005260350603,32.49871699891811,310.0322151184082,218.06496620178223,35.96490670004912,37.516602027706924,-646.4893638369754,317.15152740478516,220.21958827972412,48.417187107638476,50.506132413123,350.23592219442,327.1392822265625,222.07810878753662,58.252788918215884,60.766088372634,1092.0337383933245,343.78955841064453,198.81028175354004,28.861500395313204,30.106721346005678,32.05407276391874,322.0556640625,202.71700859069824,60.21453145054706,62.81246970986667,368.0889099978106,328.34190368652344,206.65180206298828,71.82803344478953,74.92703283385165,1351.808597365758,337.73353576660156,208.16977500915527,70.09667030788181,73.12097054333776,1389.7097471424668,349.99725341796875,183.25073719024658,29.229457011394526,30.49055334212666,-81.02251052379152,333.6337661743164,191.5030860900879,65.1133597520002,67.92265651837114,1008.4793842698039,337.9887390136719,196.00224494934082,83.4989456194269,87.1014830835889,1827.7247309356546,345.8333206176758,197.31655597686768,86.23498561277019,89.95556871818363,1947.3709837372362,799.4064659216668,851.1814858733762,897.8439827749721,1055.3420737654496,1278.1982414042823,1026.141302149109,1063.3425746267387,1044.1393124505278,1111.2328192459413,1018.8377599400087,1038.2239812486325,976.4170917371498,1009.280765265666,969.1055591914057,966.6767397134166,955.6884844762982,1053.0649349656799,901.637885668634,911.9561739283901,924.0499814030353,1015.6347359129081
