patient,frame,time_s,wrist_speed_mm_s,wrist_accel_mm_s2,wrist_path_mm,thumb_tip_speed_mm_s,thumb_tip_accel_mm_s2,thumb_tip_path_mm,index_finger_tip_speed_mm_s,index_finger_tip_accel_mm_s2,index_finger_tip_path_mm
patient_018,0.0,0.0,,,0.0,,,0.0,,,0.0
patient_018,1.0,0.04,81.22619331074006,,3.2490477324296023,117.24947984285122,,4.6899791937140485,43.73329688468305,,1.749331875387322
patient_018,2.0,0.08,24.489402947540633,-1418.4197590799856,4.228623850331228,31.25232311906626,-2149.928918094624,5.9400721184766985,3.3586318385623746,-1009.3666261530169,1.883677148929817
patient_018,3.0,0.12,41.704162906609746,430.3689989767278,5.896790366595618,20.14430579929546,-277.70043299427005,6.745844350448517,10.737933708259893,184.482546742438,2.3131944972602128
patient_018,4.0,0.16,10.156394225502638,-788.6942170276777,6.303046135615723,14.000366815840632,-153.59847458637068,7.305859023082142,7.630897249509721,-77.6759114687543,2.6184303872406014
patient_018,5.0,0.2,7.341842714695586,-70.36378777017629,6.596719844203546,29.398693421544202,384.9581651425892,8.481806759943911,12.359617039095514,118.21799473964482,3.1128150688044216
patient_018,6.0,0.24,11.678115164112786,108.40681123542998,7.063844450768058,34.5690560048662,129.2590645830499,9.864569000138559,9.442685927186073,-72.92327779773603,3.4905225058918647
patient_018,7.0,0.28,12.674914766510621,24.919990059945896,7.5708410414284835,14.178829842167373,-509.7556540674706,10.431722193825253,2.8734490628706286,-164.2309216078861,3.60546046840669
patient_018,8.0,0.32,8.32601731502128,-108.72243628723352,7.903881734029335,32.7626445863466,464.5953686044807,11.742227977279118,13.759102359142199,272.1413324067893,4.155824562772378
patient_018,9.0,0.36,9.435146237333312,27.728223057800783,8.281287583522667,10.253231550138748,-562.7353259051963,12.152357239284667,14.999428582810573,31.008155591709354,4.755801706084801
patient_018,10.0,0.4,19.892349969860955,261.4300933131911,9.076981582317105,57.385013207803574,1178.2945414416206,14.44775776759681,22.789032217780807,194.74009087425586,5.667362994796033
patient_018,11.0,0.44,24.975887296767624,127.08843317266671,10.07601707418781,48.89505380020462,-212.2489851899738,16.403559919604994,17.478523514804355,-132.7627175744113,6.366503935388207
patient_018,12.0,0.48,4.48698273432515,-512.2226140610619,10.255496383560814,103.97350729635734,1376.9613374038179,20.562500211459287,2.6349074812408437,-371.09040083908775,6.4719002346378405
patient_018,13.0,0.52,22.65860390051002,454.29052915462177,11.161840539581215,8.351025992070673,-2390.5620326071667,20.89654125114211,16.90535985305042,356.7613092952394,7.148114628759857
patient_018,14.0,0.56,8.377860747648517,-357.0185788215376,11.496954969487156,33.14646908387225,619.8860772950393,22.222400014497,4.953271761367474,-298.8022022920736,7.346245499214556
patient_018,15.0,0.6,13.753420071269312,134.38898309051987,12.047091772337929,29.70282268808106,-86.0911598947797,23.410512922020242,9.124227651711413,104.27389725859848,7.711214605283012
patient_018,16.0,0.64,14.843820557500996,27.26001215579208,12.640844594637967,8.060603132871092,-541.0554888802492,23.732937047335085,2.34440425221247,-169.49558498747356,7.80499077537151
patient_018,17.0,0.68,4.605506639463554,-255.95784795093604,12.825064860216509,60.88948480935008,1320.7220419119747,26.168516439709087,6.297288105233617,98.82209632552869,8.056882299580854
patient_018,18.0,0.72,6.451383986906928,46.14693368608434,13.083120219692788,35.64753867052955,-631.0486534705133,27.59441798653027,6.337339491667846,1.0012846608557169,8.310375879247568
patient_018,19.0,0.76,57.887131178543136,1285.8936797909053,15.398605466834512,121.70016221903661,2151.3155887126763,32.46242447529173,34.96290952600635,715.6392508584626,9.708892260287822
patient_018,20.0,0.8,50.42773948424263,-186.48479235751267,17.41571504620422,212.5304655739171,2270.757583872012,40.96364309824842,33.3160941296039,-41.17038491006131,11.041536025471977
patient_018,21.0,0.84,22.128834775943236,-707.4726177074848,18.30086843724195,30.672584898750348,-4546.447016879169,42.190546494198436,17.04969022937158,-406.66009750580787,11.723523634646842
patient_018,22.0,0.88,26.552831646260984,110.59992175794369,19.362981703092387,69.83514308426501,979.0639546378667,44.98395221756903,15.465890587993687,-39.59499103444735,12.342159258166589
patient_018,23.0,0.92,11.89393211566604,-366.4724882648736,19.838738987719026,36.74903591454182,-827.1526792430798,46.4539136541507,6.159321866710538,-232.66421803207874,12.58853213283501
patient_018,24.0,0.96,1.159498566906776,-268.3608387189816,19.8851189303953,44.26074536655627,187.79273630036127,48.22434346881295,8.96227835339525,70.0739121671178,12.94702326697082
patient_018,25.0,1.0,40.384947995644254,980.6362357184369,21.50051685022107,100.87488206446969,1415.3534174478355,52.25933875139173,17.22811193844028,206.6458396261257,13.636147744508433
patient_018,26.0,1.04,4.8788720911956815,-887.6518976112143,21.6956717338689,27.48237718667251,-1834.8126219449296,53.35863383885863,12.492072860288394,-118.40097695379713,14.135830658919968
patient_018,27.0,1.08,7.583216535129557,67.60861109834688,21.99900039527408,91.54492989035467,1601.563817592054,57.02043103447282,8.760695430971245,-93.28443573292873,14.486258476158817
patient_018,28.0,1.12,2.984358143492959,-114.97145979091495,22.118374721013797,81.87906128240925,-241.64671519863532,60.295593485769196,4.6983196579113455,-101.55939432649748,14.674191262475269
patient_018,29.0,1.16,3.0183119694472365,0.8488456488569329,22.23910719979169,29.960742061256873,-1297.9579805288095,61.49402316821947,6.648697133451398,48.759436888501305,14.940139147813325
patient_018,30.0,1.2,6.961422534495869,98.57776412621581,22.517564101171523,131.89301284348926,2548.3067695558098,66.76974368195904,16.426383683761244,244.44216375774616,15.597194495163773
patient_018,31.0,1.24,5.3879905405961726,-39.3357998474924,22.73308372279537,51.8338083023281,-2001.480113529029,68.84309601405216,4.344168742171194,-302.05537353975126,15.770961244850621
patient_018,32.0,1.28,7.443460140425766,51.38673999573984,23.0308221284124,5.141989860391294,-1167.2954610484203,69.04877560846782,6.756458486958999,60.30724361969513,16.04121958432898
patient_018,33.0,1.32,10.200261878202275,68.92004344441271,23.43883260354049,5.593163388661942,11.279338206766209,69.2725021440143,1.7763538388782425,-124.5026162020189,16.11227373788411
patient_018,34.0,1.36,2.4383730453381935,-194.04722082160202,23.536367525354017,27.21053416697493,540.4342694578247,70.3609235106933,7.915255019672364,153.47252951985303,16.428883938671007
patient_018,35.0,1.4,3.6752209066236112,30.921196532135443,23.68337636161896,51.193306172849034,599.5693001468526,72.40865575760726,1.3335834637601938,-164.54178889780425,16.482227277221412
patient_018,36.0,1.44,14.00682943146435,258.2902131210185,24.243649538877534,56.87719915616756,142.0973245829632,74.68374372385396,12.651095176479132,282.93779281797345,16.98827108428058
patient_018,37.0,1.48,8.514923248646461,-137.29765457044724,24.584246468823395,161.1790067343149,2607.545189453683,81.13090399322655,11.446285642910889,-30.120238339206075,17.446122509997014
patient_018,38.0,1.52,6.178047351860851,-58.42189741964026,24.83136836289783,62.69845094093812,-2462.0138948344193,83.63884203086408,3.2591339887268957,-204.6787913545998,17.57648786954609
patient_018,39.0,1.56,4.365448946881906,-45.31496012447362,25.005986320773104,34.714498417871845,-699.5988130766569,85.02742196757896,5.285451144163123,50.65792888590569,17.787905915312614
patient_018,40.0,1.6,11.094454659912852,168.22514282577364,25.449764507169615,27.67694723179072,-175.9387796520281,86.13449985685058,6.428560123633007,28.57772448674709,18.045048320257937
patient_018,41.0,1.64,22.46077206823097,284.15793520795296,26.348195389898855,61.16371295555267,837.1691430940486,88.58104837507268,14.562274263128023,203.3428534873754,18.627539290783055
patient_018,42.0,1.68,15.33076536696355,-178.25016753168546,26.961426004577397,273.052568018147,5297.221376564858,99.50315109579857,5.716384007388137,-221.14725639349712,18.85619465107858
patient_018,43.0,1.72,8.411298908845028,-172.98666145296306,27.2978779609312,11.792193859005263,-6531.509353978544,99.97483885015878,9.745827190733248,100.73607958362778,19.24602773870791
patient_018,44.0,1.76,10.766597725592378,58.88247041868375,27.728541869954896,75.56980055872127,1594.4401674929002,102.99763087250763,3.703363105533139,-151.0616021300027,19.394162262929235
patient_018,45.0,1.8,6.473463802095732,-107.32834808741616,27.987480422038725,18.417366558808425,-1428.8108499978212,103.73432553485996,8.57178128016917,121.71045436590076,19.737033514136
patient_018,46.0,1.84,8.805995699115249,58.31329742548792,28.339720250003335,58.869676714342404,1011.3077538883495,106.08911260343366,1.6328104953056248,-173.4742696215886,19.802345933948228
patient_018,47.0,1.88,15.686094856965966,172.00247894626793,28.967164044281972,8.186602734794445,-1267.0768494886988,106.41657671282545,10.1178217840971,212.12528221978687,20.207058805312112
patient_018,48.0,1.92,29.37322441121976,342.1782388563448,30.142093020730762,72.22548128444848,1600.9719637413507,109.30559596420339,4.87893708400305,-130.97211750235124,20.402216288672232
patient_018,49.0,1.96,7.316708385528806,-551.4129006422738,30.434761356151917,21.49876775199677,-1268.1678383112928,110.16554667428325,14.258604795775831,234.4916927943195,20.972560480503265
patient_018,50.0,2.0,10.717334083399447,85.01564244676601,30.863454719487894,37.84999419867629,408.78066116698807,111.67954644223029,15.115090170535245,21.41213436898535,21.577164087324675
patient_018,51.0,2.04,9.256923340347178,-36.5102685763067,31.23373165310178,65.29238636907263,686.0598042599084,114.2912418969932,5.897499632233464,-230.43976345754453,21.813064072614015
patient_018,52.0,2.08,6.846177694511075,-60.26864114590258,31.507578760882225,10.089297504364115,-1380.077221617713,114.69481379716775,4.001722191784068,-47.394436011234895,21.97313296028538
patient_018,53.0,2.12,13.311816318461629,161.64096559876384,32.04005141362069,38.04401246047139,698.8678739026819,116.21657429558661,1.635317650452739,-59.16011353328322,22.038545666303488
patient_018,54.0,2.16,9.47395620702663,-95.94650278587497,32.419009661901754,64.29204689259134,656.2008608029988,118.78825617129027,2.0633339306312655,10.700407004463164,22.12107902352874
patient_018,55.0,2.2,3.3222153077619976,-153.7935224816158,32.551898274212235,35.53380154819066,-718.9561336100171,120.20960823321789,5.619789322100848,88.91138478673956,22.345870596412773
patient_018,56.0,2.24,12.863078085637131,238.52156944687835,33.06642139763772,39.673095213614076,103.48234163558541,121.79653204176246,0.8984275441008867,-118.03404444999903,22.381807698176807
patient_018,57.0,2.28,6.2802085080788075,-164.57173943895808,33.31762973796087,109.8917242965994,1755.4657270746334,126.19220101362643,2.6355247521225147,43.4274302005407,22.48722868826171
patient_018,58.0,2.32,15.575267904879388,232.3764849200145,33.940640454156046,17.495914345493865,-2309.8952487776387,126.8920375874462,3.4515365203693875,20.40029420617182,22.62529014907648
patient_018,59.0,2.36,11.20545711459137,-109.24526975720043,34.3888587387397,0.4609470868399084,-425.87418146634894,126.91047547091979,6.701993728290341,81.26143019802383,22.893369898208093
patient_018,60.0,2.4,22.02172337110439,270.4066564128255,35.26972767358387,58.83825663390513,1459.4327386766306,129.264005736276,7.582917704541963,22.023099406290548,23.196686606389772
patient_018,61.0,2.44,10.291402474390514,-293.25802241784686,35.6813837725595,129.24848907757863,1760.2558110918374,134.43394529937913,7.57349711143882,-0.23551482757857567,23.499626490847323
patient_018,62.0,2.48,7.784071109964235,-62.68328411065698,35.992746616958065,29.25195779082277,-2499.9132821688963,135.60402361101205,6.552677789594348,-25.520483046111785,23.761733602431097
patient_018,63.0,2.52,3.853104093104938,-98.27417542148243,36.146870780682264,30.204410994430237,23.811330090186633,136.81220005078927,14.11007938023388,188.9350397659883,24.32613677764045
patient_018,64.0,2.56,4.769985020495374,22.92202318476091,36.33767018150208,4.710795761246903,-637.3403808295834,137.00063188123914,2.82878989882016,-282.03223703534303,24.439288373593254
patient_018,65.0,2.6,2.1999610740888316,-64.25059866016358,36.42566862446563,102.3634648238442,2441.3167265649327,141.09517047419294,6.392765344682806,89.09938614656613,24.69499898738057
patient_018,66.0,2.64,7.436029474031643,130.90170999857028,36.723109803426894,46.44678729435813,-1397.9169382371517,142.95304196596726,4.820152044269821,-39.315332510324616,24.88780506915136
patient_018,67.0,2.68,4.996799652178047,-60.9807455463399,36.92298178951402,34.161336056125144,-307.1362809558247,144.31949540821225,6.713482167337354,47.33325307668832,25.156344355844855
patient_018,68.0,2.72,3.6468026181376803,-33.749925851009166,37.06885389423953,42.20530002693441,201.09909927023165,146.00770740928962,3.3888304320262574,-83.1162933827774,25.2918975731259
patient_018,69.0,2.76,6.760475633169015,77.84182537578336,37.33927291956629,14.170847428706479,-700.8613149556983,146.5745413064379,4.720707621199643,33.296929729334636,25.480725877973885
patient_018,70.0,2.8,6.300770050259679,-11.492639572733388,37.59130372157667,52.8253339932022,966.362164112393,148.68755466616597,6.080304978190933,33.98993392478224,25.723938077101526
patient_018,71.0,2.84,12.691336192946968,159.76415356718223,38.09895716929455,8.383770190706977,-1111.0390950623805,149.02290547379425,15.049107742981441,224.2200691197627,26.32590238682078
patient_018,72.0,2.88,25.95705707439719,331.64302203625556,39.13723945227044,62.80246062213668,1360.4672607857426,151.53500389867972,19.667741414582274,115.46584179002082,27.11261204340407
patient_018,73.0,2.92,1.0383072233437995,-622.9687462763347,39.178771741204194,143.27182835205005,2011.7341932478344,157.26587703276172,8.165467969258925,-287.5568361330837,27.439230762174425
patient_018,74.0,2.96,12.55024232635646,287.7983775753165,39.680781434258456,74.22405761180997,-1726.1942685060021,160.23483933723412,2.377376754087698,-144.70228037928067,27.53432583233793
patient_018,75.0,3.0,2.2704613953827697,-256.99452327434227,39.771599890073766,93.11477813157843,472.26801299421163,163.95943046249727,9.542728086422649,179.13378330837378,27.91603495579484
patient_018,76.0,3.04,6.120651702432999,96.25475767625574,40.016425958171084,57.652209005391704,-886.5642281546682,166.26551882271292,4.921390877686039,-115.53343021841525,28.11289059090228
patient_018,77.0,3.08,10.978653502307129,121.45004499685324,40.45557209826337,47.45932367036044,-254.8221333757816,168.16389176952734,10.108263084780159,129.671805177353,28.517221114293484
patient_018,78.0,3.12,4.166276715768156,-170.30941966347433,40.622223166894095,23.47145107328334,-599.6968149269275,169.10274981245868,6.969375802664039,-78.47218205290301,28.795996146400043
patient_018,79.0,3.16,9.921101632425898,143.87062291644358,41.01906723219113,91.76234940275218,1707.2724582367207,172.77324378856875,9.747301273479893,69.44813677039636,29.185888197339242
patient_018,80.0,3.2,3.134586682156848,-169.66287375672627,41.1444506994774,117.7974976324789,650.8787057431679,177.4851436938679,7.051520282835326,-67.39452476611419,29.467949008652653
patient_018,81.0,3.24,4.01597944845952,22.034819157566798,41.30508987741578,122.47937420489565,117.04691431041887,182.38431866206375,12.52890522603593,136.93462358001509,29.969105217694093
patient_018,82.0,3.28,12.562219549411832,213.6560025238078,41.807578659392256,87.4479454395853,-875.7857191327588,185.88223647964713,10.391366261682462,-53.43847410883669,30.384759868161392
patient_018,83.0,3.32,21.865509453173633,232.58224759404501,42.682199037519204,27.704265614982713,-1493.5919956150644,186.99040710424643,5.24061910233258,-128.76867898374704,30.594384632254695
patient_018,84.0,3.36,21.848463967270643,-0.4261371475747566,43.55613759621003,76.31858401373505,1215.3579599688082,190.04315046479584,8.264488203755567,75.59672753557467,30.92496416040492
patient_018,85.0,3.4,26.07143419850837,105.57425578094319,44.598994964150364,39.765205702552535,-913.8344577795629,191.63375869289794,1.419510076006241,-171.12445319373316,30.98174456344517
patient_018,86.0,3.44,17.463128585501792,-215.20764032516445,45.297520107570435,53.102296761628004,333.42727647688673,193.75785056336306,9.436253866806975,200.4185947700184,31.359194718117447
patient_018,87.0,3.48,19.243026249833935,44.497441608303575,46.06724115756379,99.14456358496493,1151.056670583423,197.72363310676167,7.460013007335469,-49.40602148678765,31.657595238410863
patient_018,88.0,3.52,9.16758190749687,-251.8861085584266,46.43394443386367,74.85895240898455,-607.1402793995095,200.71799120312104,6.142117908303833,-32.94737747579091,31.903279954743017
patient_018,89.0,3.56,1.548720338182995,-190.4715392328469,46.495893247390995,32.232291539150374,-1065.6665217458544,202.00728286468708,4.7407826396853645,-35.03338171546171,32.09291126033043
patient_018,90.0,3.6,2.1607746572308884,15.301357976197332,46.582324233680225,29.635247504155167,-64.92610087488018,203.19269276485326,3.893640675356067,-21.178549108232435,32.24865688734467
patient_018,91.0,3.64,6.277523865584818,102.91873020884823,46.833425188303615,17.825259282027996,-295.24970555317924,203.9057031361344,8.995739217038901,127.55246354207084,32.60848645602623
patient_018,92.0,3.68,7.274725241478796,24.930034397349466,47.12441419796277,5.639390680685446,-304.64671503356374,204.13127876336182,7.992742748158217,-25.074911722017102,32.928196165952556
patient_018,93.0,3.72,5.561582318038619,-42.828573086004425,47.34687749068431,118.32636741477022,2817.174418352119,208.8643334599526,5.256379718355744,-68.40907574506183,33.138451354686794
patient_018,94.0,3.76,11.353350676986988,144.79420897370923,47.80101151776379,189.00951513795738,1767.078693079679,216.4247140654709,9.11861175871756,96.5558010090454,33.50319582503549
patient_018,95.0,3.8,9.120390653045892,-55.82400059852741,48.16582714388563,34.96343304344994,-3851.1520523626855,217.8232513872089,3.601823171780064,-137.9197146734374,33.647268751906694
patient_018,96.0,3.84,29.494902760353785,509.36280268269735,49.34562325429978,142.68613055129913,2693.0674376962297,223.53069660926087,16.23628147962726,315.86145769617985,34.296720011091786
patient_018,97.0,3.88,16.55475048960672,-323.50380676867655,50.00781327388405,103.55024443252343,-978.3971529693926,227.67270638656183,16.16376289844835,-1.8129645294727048,34.94327052702972
patient_018,98.0,3.92,8.355752789556467,-204.97494250125635,50.342043385466305,49.67807842976386,-1346.8041500689892,229.65982952375236,13.796975806427593,-59.16967730051894,35.49514955928682
patient_018,99.0,3.96,20.259541279711684,297.5947122538804,51.15242503665477,43.60296025366655,-151.87795440243264,231.40394793389905,6.849298315015824,-173.69193728529422,35.769121491887454
patient_018,100.0,4.0,3.109161712452437,-428.7594891814812,51.27679150515287,14.363061309893586,-730.9974735943241,231.9784703862948,4.44285218386982,-60.161153278650104,35.94683557924225
patient_018,101.0,4.04,10.337815609897964,180.7163474361382,51.690304129548785,9.354224270570404,-125.22092598307957,232.35263935711762,10.100795694354266,141.44858776211115,36.350867407016416
patient_018,102.0,4.08,6.124494653708053,-105.33302390474776,51.93528391569711,127.5585560045509,2955.108293349512,237.45498159729968,5.06572773113159,-125.87669908056691,36.55349651626168
patient_018,103.0,4.12,6.431470350691368,7.6743924245828765,52.192542729724764,31.929054779072434,-2390.7375306369618,238.73214378846257,10.8033059549486,143.43945559542527,36.985628754459626
patient_018,104.0,4.16,6.505873430244161,1.8600769888198254,52.45277766693454,52.90257200988646,524.3379307703507,240.848246668858,6.624326998737825,-104.47447390526938,37.25060183440914
patient_018,105.0,4.2,14.904964517724821,209.97727718701648,53.04897624764353,14.38405994771245,-962.9628015543503,241.42360906676652,4.593490354677734,-50.77091610150226,37.43434144859625
patient_018,106.0,4.24,9.459450000832094,-136.13786292231816,53.42735424767681,152.37551524033398,3449.7863823155385,247.51862967637987,10.956553660655812,159.07658264945195,37.87260359502248
patient_018,107.0,4.28,4.515216228925376,-123.60584429766794,53.607962896833826,80.83703141488247,-1788.4620956362876,250.75211093297514,12.992516696982905,50.89907590817732,38.392304262901796
patient_018,108.0,4.32,22.689252552331318,454.3509080851486,54.51553299892707,21.017367241942058,-1495.4916043235105,251.59280562265286,10.115026554365036,-71.93725356544674,38.7969053250764
patient_018,109.0,4.36,6.089382888066217,-414.9967416066275,54.75910831444972,40.58948491421139,489.3029418067333,253.21638501922132,5.370665309787305,-118.60903111444327,39.01173193746789
patient_018,110.0,4.4,9.434417724847641,83.62587091953561,55.136485023443626,34.85298911724278,-143.41239492421528,254.61050458391102,11.19948273132963,145.72043553855812,39.45971124672108
patient_018,111.0,4.44,17.41661422078617,199.5549123984632,55.83314959227508,37.034342277190696,54.53382899869794,256.09187827499863,2.353234692623579,-221.15620096765127,39.553840634426024
patient_018,112.0,4.48,11.122386846586041,-157.3556843550032,56.27804506613852,20.59084686296193,-411.08738535571916,256.9155121495171,4.518516456810038,54.13204410466147,39.73458129269843
patient_018,113.0,4.52,5.889772719920609,-130.8153531666358,56.51363597493534,30.043603178722353,236.31890789401064,258.117256276666,3.4968219284433206,-25.542363209167927,39.874454169836156
patient_018,114.0,4.56,5.527827830466107,-9.048622236362558,56.73474908815398,77.67905558663568,1190.8863101978334,261.22441850013143,10.333696723451613,170.9218698752073,40.287802038774224
patient_018,115.0,4.6,13.959842395804538,210.80036413346076,57.29314278398617,10.595224753763318,-1677.095770821809,261.64822749028195,2.5302626571907565,-195.0858516565214,40.38901254506185
patient_018,116.0,4.64,8.480029393110971,-136.99532506733917,57.6323439597106,76.53498227006615,1648.4939379075709,264.70962678108464,4.1308509664060615,40.014707730382625,40.5542465837181
patient_018,117.0,4.68,9.687915778590089,30.197159636977933,58.019860590854215,65.57082528492982,-274.1039246284082,267.3324597924818,4.853403448589428,18.06381205458416,40.74838272166167
patient_018,118.0,4.72,14.90053181435641,130.31540089415805,58.61588186342847,56.520265452992945,-226.263995798422,269.5932704106015,4.248814119763881,-15.114733220638676,40.918335286452226
patient_018,119.0,4.76,22.780392584188277,196.99651924579666,59.527097566796,126.4660714160788,1748.6451490771465,274.6519132672447,5.0434806817518005,19.86666404969799,41.1200745137223
patient_018,120.0,4.8,17.784278695460927,-124.90284721818377,60.238468714614434,72.92343147925843,-1338.5659984205095,277.568850526415,4.112521936841621,-23.27396862275448,41.284575391195965
patient_018,121.0,4.84,12.519880593674447,-131.60995254466198,60.73926393836142,82.71628284431611,244.82128412644215,280.8775018401877,5.322837759083809,30.25789555605469,41.497488901559315
patient_018,122.0,4.88,9.906262316540834,-65.34045692834032,61.13551443102305,164.89048796190204,2054.3551279396484,287.4731213586638,8.30872001581289,74.64705641822702,41.82983770219184
patient_018,123.0,4.92,19.3338972878965,235.69087428389167,61.9088703225389,192.08510779041396,679.865495712798,295.1565256702803,15.558526221656233,181.2451551460836,42.452178751058085
patient_018,124.0,4.96,14.607968724017507,-118.14821409697487,62.49318907149961,90.69536052838575,-2534.7436815507053,298.78434009141574,12.794715444289313,-69.09526943417302,42.96396736882966
patient_018,125.0,5.0,10.655033524679853,-98.82337998344136,62.9193904124868,26.099756127177866,-1614.8901100301969,299.82833033650286,27.935868643493322,378.5288299801002,44.081402114569386
patient_018,126.0,5.04,30.07093861057511,485.39762714738134,64.1222279569098,32.605234201320215,162.63695185355874,301.13253970455565,34.52929633327755,164.8356922446057,45.46257396790048
patient_018,127.0,5.08,56.07320806182103,650.056736281148,66.36515627938265,220.37401133310883,4694.219428294716,309.94750015788003,168.21350101570945,3342.1051170607975,52.19111400852886
patient_018,128.0,5.12,35.48525016548313,-514.6989474084475,67.78456628600198,101.81598191654511,-2963.950735414093,314.0201394345418,86.98634461217594,-2030.678910088338,55.6705677930159
patient_018,129.0,5.16,35.125071357638255,-9.004470196121872,69.1895691403075,76.98803531882247,-620.6986649430661,317.09966084729473,93.86131433190319,171.87424299318116,59.42502036629203
patient_018,130.0,5.2,39.31508510757086,104.75034374831509,70.76217254461034,53.628033326533185,-584.0000498072321,319.244782180356,102.29765235629652,210.9084506098334,63.51692646054389
patient_018,131.0,5.24,25.9304578060273,-334.615682538589,71.79939085685143,53.70363298181922,1.8899913821508463,321.3929274996288,53.85184031830745,-1211.1453009497268,65.67100007327619
patient_018,132.0,5.28,91.93281350988993,1650.0588925965658,75.47670339724704,39.29393751304868,-360.24238671926344,322.9646850001508,13.253560760115128,-1014.9569889548081,66.2011425036808
patient_018,133.0,5.32,43.138135568727904,-1219.8669485290504,77.20222881999615,23.42543306586121,-396.7126111796868,323.90170232278524,43.731852910681724,761.9573037641649,67.95041662010806
patient_018,134.0,5.36,39.85816220182965,-81.99933417245634,78.79655530806933,19.035558589022305,-109.74686192097263,324.6631246663461,28.086403853419807,-391.1362264315479,69.07387277424486
patient_018,135.0,5.4,34.61939013698243,-130.96930162118045,80.18133091354862,27.96433773556183,223.21947866348813,325.78169817576855,36.716603579147225,215.75499314318546,70.54253691741074
patient_018,136.0,5.44,27.380473857020533,-180.97290699904747,81.27654986782944,24.89010766991174,-76.85575164125228,326.77730248256506,23.655357894176976,-326.53114212425623,71.48875123317782
patient_018,137.0,5.48,54.56684354990076,679.6592423220056,83.45922360982547,13.916537979294356,-274.33924226543456,327.33396400173683,23.637907263554546,-0.4362657655607727,72.43426752372001
patient_018,138.0,5.52,26.54683985767443,-700.5000923056582,84.52109720413246,54.957084173680016,1026.0136548596415,329.532247368684,8.566749882737355,-376.77893452042974,72.7769375190295
patient_018,139.0,5.56,27.45054329993254,22.592586056452735,85.61911893612977,8.027521772576565,-1173.2390600275862,329.8533482395871,30.38266729093518,545.3979352049456,73.99224421066691
patient_018,140.0,5.6,14.676144774977452,-319.3599631238772,86.20616472712885,13.073303464805061,126.14454230571242,330.3762803781793,8.821723804700694,-539.0235871558622,74.34511316285494
patient_018,141.0,5.64,29.60085945950012,373.1178671130667,87.39019910550886,23.29698950648682,255.59215104204398,331.30815995843875,20.134497572943488,282.81934420606984,75.15049306577268
patient_018,142.0,5.68,30.02952451938675,10.716626497165738,88.59138008628432,20.867989125957642,-60.72500951322945,332.1428795234771,8.22382592372958,-297.7667912303477,75.47944610272187
patient_018,143.0,5.72,35.12220499086446,127.31701178694274,89.99626828591889,17.099514108664685,-94.21187543232392,332.82686008782366,8.433603349827717,5.2444356524534275,75.81679023671498
patient_018,144.0,5.76,7.312038717655555,-695.2541568302227,90.28874983462511,37.7220587657418,515.5636164269279,334.3357424384533,9.832428837957627,34.970637203247755,76.21008739023328
patient_018,145.0,5.8,10.441554830769967,78.2379028278603,90.70641202785589,20.427626361417083,-432.3608101081179,335.15284749291,24.05221669377781,355.4946963955046,77.1721760579844
patient_018,146.0,5.84,7.248503650564083,-79.82627950514708,90.99635217387846,9.832067535916309,-264.8889706375194,335.54613019434663,12.329892576766754,-293.05810292527644,77.66537176105507
patient_018,147.0,5.88,20.200560342356336,323.80141729480636,91.80437458757271,18.681011507163493,221.22359928117962,336.2933706546332,14.030953223139916,42.526516159329034,78.22660988998067
patient_018,148.0,5.92,6.990923423678395,-330.2409229669485,92.08401152451985,13.861513913136436,-120.48743985067642,336.8478312111586,15.842069233461478,45.27790025803906,78.86029265931911
patient_018,149.0,5.96,6.522363892118928,-11.713988288986666,92.3449060802046,22.69716061592656,220.8911675697531,337.7557176357957,11.729661908179086,-102.8101831320598,79.3294791356463
patient_018,150.0,6.0,7.615301903164728,27.323450276145,92.6495181563312,19.51391254500935,-79.58120177293023,338.536274137596,33.853580143960954,553.0979558945467,80.68362234140473
patient_018,151.0,6.04,17.402458634963516,244.67891829496972,93.34561650172972,36.64961413819874,428.3925398297348,340.002258703124,29.920746342552086,-98.32084503522171,81.88045219510681
patient_018,152.0,6.08,21.10266262896651,92.50509985007484,94.18972300688839,27.625264547859857,-225.60873975847215,341.1072692850384,30.87289201595126,23.803641834979317,83.11536787574485
patient_018,153.0,6.12,15.222685254214188,-146.99943436880804,94.79863041705696,23.289636854690123,-108.39069232924334,342.038854759226,24.086024571730757,-169.67168610551252,84.07880885861408
patient_018,154.0,6.16,15.077541238590356,-3.628600390595782,95.40173206660056,13.041351280677684,-256.20713935031097,342.5605088104531,6.73063228058606,-433.8848072786174,84.34803414983753
patient_018,155.0,6.2,9.880507011045236,-129.92585568862802,95.79695234704236,11.490784444519432,-38.7641709039563,343.0201401882339,21.653847143261178,373.08037156687794,85.21418803556799
patient_018,156.0,6.24,23.32452276466633,336.1003938405274,96.72993325762901,23.24327285421708,293.81221024244115,343.94987110240254,13.955664880283647,-192.45455657443827,85.77241463077934
patient_018,157.0,6.28,32.392002244928676,226.68698700655864,98.02561334742617,13.667561290055014,-239.39278910405162,344.4965735540047,10.027579739906804,-98.2021285094211,86.1735178203756
patient_018,158.0,6.32,33.220025982438294,20.700593437740444,99.35441438672369,9.48988357392686,-104.44194290320384,344.8761688969618,9.765083560541703,-6.562404484127526,86.56412116279728
patient_018,159.0,6.36,5.732159578195031,-687.1966601060816,99.58370076985149,10.238318470588158,18.710872416532442,345.28570163578536,11.204977077315952,35.99733791935624,87.01232024588991
patient_018,160.0,6.4,23.151471737948363,435.4828039938333,100.50975963936942,9.561751543363956,-16.91417318060506,345.66817169751994,10.45896464039982,-18.6503109229033,87.4306788315059
patient_018,161.0,6.44,11.369698962832144,-294.5443193779055,100.9645475978827,6.607993501209353,-73.84395105386507,345.93249143756833,23.626967925907728,329.2000821376977,88.37575754854221
patient_018,162.0,6.48,33.39128877330433,550.5397452618047,102.30019914881488,19.058909760316297,311.2729064776736,346.694847827981,17.919839593676084,-142.6782083057911,89.09255113228924
patient_018,163.0,6.52,16.166903657653688,-430.6096278912661,102.94687529512103,11.181338412321233,-196.9392836998766,347.14210136447383,3.9295323087088794,-349.7576821241801,89.2497324246376
patient_018,164.0,6.56,25.369550689358256,230.06617579261422,103.96165732269536,13.527771673080567,58.660831518983336,347.683212231397,7.49329441265442,89.09405259863851,89.54946420114378
patient_018,165.0,6.6,21.070022919742897,-107.48819424038399,104.80445823948507,45.60024238624613,801.8117678291392,349.5072219268469,9.894644726618765,60.033757849108625,89.94524999020854
patient_018,166.0,6.64,14.689920727102784,-159.50255481600283,105.39205506856916,25.043229841941653,-513.9253136076119,350.50895112052456,24.693063367883987,369.9604660316306,90.9329725249239
patient_018,167.0,6.68,23.186622273160943,212.41753865145395,106.31951995949561,17.27452740575056,-194.2175609047773,351.19993221675463,22.302340266998797,-59.76807752212974,91.82506613560385
patient_018,168.0,6.72,24.68553179308921,37.47273799820672,107.30694123121917,16.15197350420229,-28.06384753870681,351.8460111569227,21.26707314821598,-25.881677969570394,92.67574906153249
patient_018,169.0,6.76,19.73342735900863,-123.80261085201454,108.09627832557952,19.846627001414994,92.36633743031763,352.63987623697926,7.707574292207992,-338.98747140019975,92.98405203322079
patient_018,170.0,6.8,18.675905651095082,-26.438042697838693,108.84331455162332,4.642886758247892,-380.09350607917753,352.8255917073091,9.488130876174809,44.51391459917042,93.36357726826778
patient_018,171.0,6.84,21.254512235579217,64.46516461210337,109.69349504104648,8.423211264892995,94.50811266612757,353.16252015790485,13.434865937762451,98.66837653969105,93.90097190577828
patient_018,172.0,6.88,19.744322639710532,-37.75473989671711,110.4832679466349,22.623851456874434,355.01600479953595,354.06747421617985,9.520488911364279,-97.85942565995431,94.28179146223285
patient_018,173.0,6.92,10.800951781477044,-223.58427145583718,110.91530601789398,42.036760185771385,485.32271822242376,355.74894462361067,43.73616742511619,855.3919628437977,96.03123815923749
patient_018,174.0,6.96,19.89260612643286,227.29135862389538,111.71101026295129,15.606264033205694,-660.7624038141423,356.3731951849389,34.34472505832361,-234.78605916981454,97.40502716157043
patient_018,175.0,7.0,55.57644162151048,892.0958873769406,113.93406792781172,39.11430555862631,587.7010381355154,357.93776740728396,47.28762914435543,323.57260215079543,99.29653232734465
patient_018,176.0,7.04,25.04438301711727,-763.3014651098304,114.9358432484964,77.03386138260024,947.9888955993481,361.019121862588,34.489058172857696,-319.9642742874433,100.67609465425896
patient_018,177.0,7.08,9.75811604803166,-382.15667422714023,115.32616789041768,59.957918251587365,-426.89857827532177,363.41743859265154,40.75974232879039,156.7671038983173,102.30648434741057
patient_018,178.0,7.12,42.27383923673485,812.8930797175798,117.01712145988708,41.05268644055314,-472.6307952758557,365.05954605027364,57.72143436315163,424.04230085903106,104.61534172193664
patient_018,179.0,7.16,85.21862468553566,1073.61963622002,120.42586644730851,67.66845478332851,665.3942085693844,367.7662842416068,54.03922927399205,-92.05512722898952,106.77691089289632
patient_018,180.0,7.2,25.7658742899882,-1486.3187598886864,121.45650141890803,70.0201666946893,58.79279778401951,370.5670909093943,23.479168758093873,-764.0015128974544,107.71607764322007
patient_018,181.0,7.24,67.03078433791848,1031.6227511982568,124.13773279242476,13.57715473456597,-1411.075299003083,371.110177098777,27.885470571923786,110.15754534574782,108.83149646609701
patient_018,182.0,7.28,39.20154687380719,-695.7309366027822,125.70579466737705,59.963409780562365,1159.6563761499099,373.5087134899995,15.314323758788163,-314.2786703283906,109.44406941644854
patient_018,183.0,7.32,77.8872512536476,967.1426094960104,128.82128471752296,48.487935991920786,-286.8868447160395,375.44823092967636,75.33169071188904,1500.4341738275218,112.45733704492412
patient_018,184.0,7.36,77.09819826392467,-19.72632474307332,131.90521264807995,168.73604584207865,3006.2027462539468,382.1976727633595,56.69365982667304,-465.9507721303999,114.72508343799103
patient_018,185.0,7.4,63.19682976472051,-347.53421248010403,134.43308583866875,86.88475894648657,-2046.282172389802,385.67306312121895,62.19759671202661,137.5984221338392,117.2129873064721
patient_018,186.0,7.44,79.51253388781464,407.8926030773532,137.61358719418135,222.7996210629501,3397.871552911589,394.58504796373694,73.85414063794485,291.41359814795607,120.16715293198989
patient_018,187.0,7.48,36.08509875455493,-1085.6858783314929,139.05699114436354,215.41827143043741,-184.53374081281737,403.2017788209544,158.45226765737056,2114.9531754856425,126.50524363828472
patient_018,188.0,7.52,90.0248131766739,1348.4928605529744,142.65798367143051,200.94379555771883,-361.86189681796463,411.2395306432632,134.7815131092372,-591.7688637033336,131.8965041626542
patient_018,189.0,7.56,83.50677863401656,-162.95086356643367,145.99825481679116,115.07998822092158,-2146.5951834199313,415.84273017210006,114.53707929847896,-506.1108452689563,136.47798733459337
patient_018,190.0,7.6,97.97763517982112,361.77141364511414,149.917360223984,177.20515502871964,1553.1291701949517,422.93093637324887,127.2481470516602,317.776693829531,141.56791321665978
patient_018,191.0,7.64,89.05569027668166,-223.04862257848654,153.47958783505126,83.98879476307275,-2330.4090066411723,426.2904881637717,151.19192823909827,598.5945296859519,147.61559034622368
patient_018,192.0,7.68,106.53933115051831,437.0910218459162,157.741161081072,105.87501479648708,547.1555008353583,430.5254887556312,135.7841528349988,-385.19438510248705,153.04695645962363
patient_018,193.0,7.72,62.0071588317125,-1113.3043079701451,160.2214474343405,138.99860676289143,828.0897991601087,436.08543302614686,137.64015781753258,46.40012456334475,158.55256277232493
patient_018,194.0,7.76,111.35834378532279,1233.779623840257,164.6757811857534,193.08314740779818,1352.113516122669,443.8087589224588,215.0340587278823,1934.8475227587428,167.15392512144024
patient_018,195.0,7.8,170.199927242644,1471.0395864330305,171.48377827545914,245.72910695009887,1316.1489885575172,453.63792320046275,157.50686486060837,-1438.1798466818482,173.45419971586455
patient_018,196.0,7.84,273.48925207700734,2582.233120859083,182.42334835853944,169.6639726049966,-1901.628358627557,460.4244821046626,300.1589532100006,3566.3022087348063,185.4605578442646
patient_018,197.0,7.88,237.85712496524658,-890.8031777940188,191.9376333571493,329.99532389048284,4008.2837821371563,473.62429506028195,333.89734619227767,843.4598245569262,198.8164516919557
patient_018,198.0,7.92,160.4650549799089,-1934.8017496334421,198.35623555634567,412.74472432198337,2068.735010787513,490.1340840331613,713.9195905690202,9500.556109418563,227.3732353147165
patient_018,199.0,7.96,915.2063805132481,18868.533138333478,234.9644907768756,407.80232858364747,-123.5598934583976,506.4461771765072,1609.8161673034629,22397.414418361066,291.765882006855
patient_018,200.0,8.0,330.3223414131665,-14622.100977502037,248.17738443340227,211.6822059467562,-4903.003065922282,514.9134654143775,581.0772774673842,-25718.47224590197,315.0089731055504
patient_018,202.0,8.08,,,248.17738443340227,,,514.9134654143775,,,315.0089731055504
patient_018,203.0,8.12,138.6559403103972,,253.72362204581816,331.4827299655715,,528.1727746130003,743.9274766635293,,344.7660721720916
patient_018,204.0,8.16,60.37273817366475,-1957.0800534183113,256.13853157276475,862.6900427801461,13280.182820364365,562.6803763242061,145.61164039007917,-14957.895906836253,350.59053778769476
patient_018,205.0,8.2,117.5704630049818,1429.9431207829264,260.84135009296403,157.76506241611577,-17623.124509100755,568.9909788208508,130.66111240302934,-373.76319967624596,355.81698228381595
patient_018,206.0,8.24,295.96973515416386,4459.981803729552,272.6801394991306,519.6116221491692,9046.163993326336,589.7754437068176,511.9505025664643,9532.234754085874,376.2950023864745
patient_018,207.0,8.28,274.64686131276625,-533.0718460349402,283.6660139516412,870.4209012629454,8770.231977844407,624.5922797573353,385.11849267972315,-3170.800247168529,391.6997420936634
patient_018,208.0,8.32,185.02972928363076,-2240.428300728387,291.0672031229864,616.063082188083,-6358.945476871562,649.2348030448586,1159.6059372373425,19362.186113940483,438.08397958315715
patient_018,209.0,8.36,158.9034278482839,-653.1575358836711,297.4233402369178,238.59224605051503,-9436.770903439197,658.7784928868792,274.8339936402353,-22119.29858992768,449.0773393287665
patient_018,210.0,8.4,462.87362989069857,7599.255051060366,315.93828543254574,417.489081635999,4472.420889637099,675.4780561523191,1126.9228923221067,21302.222467046784,494.15425502165084
patient_018,211.0,8.44,282.4397588202642,-4510.846776760859,327.2358757853563,507.8118227985136,2258.0685290628653,695.7905290642598,956.9679233916194,-4248.8742232621835,532.4329719573157
patient_018,212.0,8.48,59.450490609012704,-5574.731705281288,329.61389540971686,444.08195538270525,-1593.2466853952092,713.553807279568,278.67565249436956,-16957.306772431246,543.5799980570904
patient_018,213.0,8.52,194.2602563839654,3370.244144373818,337.38430566507543,254.29730938647646,-4744.61614990572,723.725699655027,265.6971672809788,-324.4621303347685,554.2078847483295
patient_018,214.0,8.56,187.70515669576167,-163.8774922050935,344.8925119329059,58.57290601246475,-4893.110084350293,726.0686158955256,315.7065205837404,1250.2338325690403,566.8361455716793
patient_018,215.0,8.6,276.31956845723363,2215.360294036799,355.9452946711952,354.34576845741793,7394.32156112383,740.2424466338223,390.388152413141,1867.0407957350135,582.4516716682049
patient_018,216.0,8.64,228.26877129411557,-1201.2699290779515,365.0760455229598,157.174644568901,-4929.278097212924,746.5294324165784,457.8100538328325,1685.5475354922887,600.7640738215182
patient_018,217.0,8.68,345.0870087736275,2920.4559369877975,378.8795258739049,966.1360231860549,20224.03446542885,785.1748733440206,794.6479255681297,8420.94679338243,632.5499908442433
patient_018,218.0,8.72,285.4962598347212,-1489.7687234726575,390.2993762672938,287.4241463902935,-16967.796919894034,796.6718391996324,478.538834181356,-7902.727284669343,651.6915442114976
patient_018,219.0,8.76,299.31090094940924,345.3660278672018,402.27181230527015,398.5030296892161,2776.972082473064,812.611960387201,456.00914632208276,-563.2421964818307,669.931910064381
patient_018,220.0,8.8,218.92699108958257,-2009.5977464956668,411.0288919488534,210.566829609333,-4698.405001997076,821.0346335715742,318.23593609806153,-3444.3302556005306,682.6613475083035
patient_018,221.0,8.84,97.85241723119128,-3026.864346459782,414.9429886381011,390.62952149588205,4501.567297163726,836.6598144314095,350.64153279589726,810.1399174458934,696.6870088201393
patient_018,222.0,8.88,15.672901908794909,-2054.487883059909,415.56990471445283,128.95126432563387,-6541.9564292562045,841.8178650044349,128.37283545505144,-5556.717433521146,701.8219222383414
patient_018,223.0,8.92,72.82213020528768,1428.7307074123191,418.4827899226644,87.99268331331433,-1023.9645253079885,845.3375723369675,11.165166851168783,-2930.1917150970667,702.2685289123881
patient_018,224.0,8.96,99.38734515870708,664.130373835485,422.4582837290127,151.37664964091383,1584.5991581899873,851.3926383226041,75.203234801129,1600.9516987490056,705.2766583044333
patient_018,225.0,9.0,125.98651625052555,664.9792772954619,427.4977443790337,109.35142464842174,-1050.6306248123021,855.766695308541,117.86525964787998,1066.5506211687746,709.9912686903485
patient_018,226.0,9.04,92.07968078808564,-847.6708865609978,431.1809316105571,111.04438988420895,42.32413089468032,860.2084709039093,100.20553943079888,-441.4930054270275,713.9994902675804
patient_018,227.0,9.08,182.08257606901978,2250.0723820233534,438.46423465331793,139.61910042972303,714.367763637852,865.7932349210982,74.56605117599096,-640.9872063701979,716.9821323146201
patient_018,228.0,9.12,122.81864458821843,-1481.5982870200337,443.3769804368466,147.26889726229896,191.24492081439826,871.6839908115902,64.46520956805485,-252.52104019840294,719.5607406973422
patient_018,229.0,9.16,151.91700195143275,727.458934080358,449.45366051490396,148.11970304940925,21.27014467775723,877.6087789335666,123.98091314121115,1487.8925893289074,724.5199772229907
patient_018,230.0,9.2,144.1337989975874,-194.58007384613367,455.21901247480747,137.4840069230833,-265.89240315814845,883.1081392104899,130.6098908515574,165.7244427586562,729.7443728570529
patient_018,231.0,9.24,162.27135345009702,453.43886131274047,461.7098666128113,154.78725608845176,432.58122913421107,889.299629454028,55.94485075067426,-1866.6260025220784,731.98216688708
patient_018,232.0,9.28,144.68448210685696,-439.6717835810016,467.4972458970856,142.14245114380657,-316.1201236161297,894.9853274997803,187.52486497958088,3289.500355722666,739.4831614862632
patient_018,233.0,9.32,131.2249451580793,-336.4884237194417,472.74624370340877,110.16706414127133,-799.3846750633811,899.3920100654311,97.35782216522111,-2254.1760703589944,743.3774743728719
patient_018,234.0,9.36,105.01871165719128,-655.1558375222005,476.9469921696964,112.27760010347905,52.763399055193005,903.8831140695703,140.40202420537065,1076.1050510037385,748.9935553410868
patient_018,235.0,9.4,112.00082674715831,174.55287724917596,481.42702523958275,106.39923776435889,-146.95905847800395,908.1390835801446,145.31658248637817,122.86395702518789,754.8062186405419
patient_018,236.0,9.44,80.23619555626206,-794.1157797724063,484.6364730618332,79.31574700845901,-677.0872688974969,911.311713460483,198.39921574889047,1327.0658315628075,762.7421872704975
patient_018,237.0,9.48,100.35220188542353,502.9001582290366,488.6505611372502,67.1386458632013,-304.4275286314427,913.9972592950111,306.7452489340796,2708.6508296297284,775.0119972278607
patient_018,238.0,9.52,30.38681394539713,-1749.13469850066,489.86603369506605,54.21907011172767,-322.98939378684094,916.1660220994802,98.17285591399497,-5214.309825502116,778.9389114644205
patient_018,239.0,9.56,122.78159369584807,2309.8694937612736,494.7772974429,62.937774690631684,217.96761447260042,918.6835330871055,82.19340873857922,-399.4861793853936,782.2266478139636
patient_018,240.0,9.6,181.61679127788835,1470.879939551007,502.0419690940156,184.16198539531905,3030.605267617184,926.0500125029182,135.12583649615897,1323.3106939394936,787.6316812738099
patient_018,241.0,9.64,51.514644486828644,-3252.553669776493,504.1025548734887,29.920482694370833,-3856.0375675237055,927.2468318106932,59.34311138837189,-1894.568127694677,790.0054057293448
patient_018,242.0,9.68,22.281324101109952,-730.8330096429673,504.9938078375331,70.7504947315882,1020.7503009304343,930.0768515999566,35.617816253544035,-593.1323783706963,791.4301183794865
patient_018,243.0,9.72,58.03502481058285,893.8425177368224,507.3152088299564,48.52975163723272,-555.5185773588871,932.0180416654459,34.89515007573578,-18.06665444520643,792.825924382516
patient_018,244.0,9.76,14.4133907721018,-1090.5408509620263,507.89174446084047,31.907201073050494,-415.5637641045557,933.2943297083679,96.31017225996999,1535.3755546058553,796.6783312729148
patient_018,245.0,9.8,25.373347168114048,273.99890990030616,508.90667834756505,13.41975203890869,-462.1862258535451,933.8311197899243,104.78449941704228,211.8581789268074,800.8697112495964
patient_018,246.0,9.84,39.58795950049556,355.36530830953774,510.4901967275848,8.375641641429706,-126.10275993697462,934.1661454555814,39.83813993652928,-1623.6589870128248,802.4632368470576
patient_018,247.0,9.88,17.299163576644734,-557.2198980962706,511.1821632706506,42.44581905119269,851.7544352440748,935.8639782176292,13.573227696455934,-656.6228060018336,803.0061659549158
patient_018,248.0,9.92,50.39766049468319,827.4624229509612,513.1980696904379,2.445391872891881,-1000.0106794575203,935.9617938925448,34.46920553991427,522.3994460864584,804.3849341765123
patient_018,249.0,9.96,21.282142395594917,-727.8879524772068,514.0493553862618,39.24232661386351,919.9233685242907,937.5314869570994,5.520383465143506,-723.7205518692691,804.6057495151181
patient_018,250.0,10.0,41.75563607740833,511.8373420453354,515.7195808293582,58.76608882159478,488.09405519328163,939.8821305099632,29.49054467443192,599.2540302322103,805.7853713020953
patient_018,251.0,10.04,41.17121374682972,-14.61055826446529,517.3664293792314,7.378361500074541,-1284.693183038006,940.1772649699662,17.52151403632658,-299.22576595263354,806.4862318635483
patient_018,252.0,10.08,93.68227484444313,1312.7765274403353,521.1137203730091,66.57688345268005,1479.9630488151377,942.8403403080733,89.46713030248175,1798.6404066538792,810.0649170756475
patient_018,253.0,10.12,32.59111340786942,-1527.2790359143426,522.4173649093239,58.81337117170846,-194.08780702428973,945.1928751549417,22.368146606158408,-1677.4745924080837,810.9596429398938
patient_018,254.0,10.16,41.101929610596,212.7704050681645,524.0614420937476,39.80650203259495,-475.1717284778378,946.7851352362455,39.376607733081336,425.2115281730732,812.534707249217
patient_018,255.0,10.2,41.49937703518405,9.93618561470111,525.721417175155,123.15992364213469,2083.835540238493,951.7115321819309,6.243807180491587,-828.3200138147438,812.7844595364367
patient_018,256.0,10.24,20.681210755909785,-520.4541569818565,526.5486656053913,127.4233916115092,106.58669923436292,956.8084678463913,28.147756027248708,547.598721168928,813.9103697775265
patient_018,257.0,10.28,46.385673169805834,642.6115603474012,528.4040925321835,47.077278542622786,-2008.6528267221602,958.6915589880962,15.094802230696908,-326.32384491379497,814.5141618667544
patient_018,258.0,10.32,10.396085051658835,-899.739702953675,528.81993593425,46.24038506244025,-20.922337004563474,960.5411743905938,48.53215122357949,835.9337248220646,816.4554479156976
patient_018,259.0,10.36,10.149214099799586,-6.171773796481217,529.2259044982419,32.133398198209235,-352.6746716057753,961.8265103185222,26.989534333749233,-538.5654222457564,817.5350292890475
patient_018,260.0,10.4,28.023089361329117,446.8468815382383,530.3468280726952,37.28044709346635,128.67622238142786,963.3177282022609,48.13737559631883,528.69603156424,819.4605243129002
patient_018,261.0,10.44,18.219939066070747,-245.07875738145924,531.0756256353379,71.80389269210548,863.0861399659782,966.1898839099453,40.35722674038179,-194.50372139842608,821.0748133825156
patient_018,262.0,10.48,42.177822877740624,598.9470952917469,532.7627385504476,117.0801448447268,1131.9063038155332,970.8730897037343,40.547481115991445,4.756359390241371,822.6967126271552
patient_018,263.0,10.52,111.21226479145125,1725.8610478427656,537.2112291421056,88.21063351504385,-721.7377832420738,974.4015150443361,15.525039430959778,-625.5610421257917,823.3177142043936
patient_018,264.0,10.56,179.26890323521266,1701.4159610940353,544.381985271514,115.32792831482325,677.932369994485,979.014632176929,102.52646962715538,2175.03575490489,827.4187729894797
patient_018,265.0,10.6,67.11160224409603,-2803.9325247779157,547.0664493612779,87.38457153353009,-698.583919532329,982.5100150382702,48.25094783440058,-1356.88804481887,829.3488109028558
patient_018,266.0,10.64,23.163498249023604,-1098.7025998768108,547.9929892912388,34.214166120562005,-1329.260135324202,983.8785816830926,224.25370429451357,4400.068911502825,838.3189590746364
patient_018,267.0,10.68,8.817337845359557,-358.6540100916012,548.3456828050532,86.46230714820821,1306.2035256911552,987.337073969021,67.8670300525322,-3909.6668560495345,841.0336402767377
patient_018,268.0,10.72,11.435716601440888,65.45946890203327,548.8031114691108,97.92100614488837,286.46747491700387,991.2539142148165,140.66213397317478,1819.8775980160644,846.6601256356647
patient_018,269.0,10.76,55.53301046165547,1102.4323465053646,551.0244318875771,71.27335178161158,-666.1913590819197,994.1048482860809,207.02954587554245,1659.185297559192,854.9413074706864
patient_018,270.0,10.8,20.758277233887544,-869.3683306941981,551.8547629769326,20.43777179952206,-1270.889499552238,994.9223591580619,9.230609894605655,-4944.97339952342,855.3105318664707
patient_018,271.0,10.84,42.636821603437596,546.9636092387514,553.5602358410702,65.03936642948659,1115.0398657491132,997.5239338152413,267.91021900946134,6466.990227871392,866.0269406268491
patient_018,272.0,10.88,30.477350833513967,-303.98676924809075,554.7793298744107,60.655109322396726,-109.60642767724664,999.9501381881372,165.1196406521888,-2569.764458931814,872.6317262529367
patient_018,273.0,10.92,63.83432332027509,833.9243121690281,557.3327028072217,79.1577513715293,462.5660512283144,1003.1164482429984,202.59407027157954,936.8607404847687,880.7354890637997
patient_018,274.0,10.96,41.286707146939094,-563.6904043333999,558.9841710930992,122.27608674697217,1077.9583843860717,1008.0074917128774,204.64792655125734,51.34640699194506,888.92140612585
patient_018,275.0,11.0,62.35115434955489,526.6111800653949,561.4782172670815,81.78169296090931,-1012.3598446515714,1011.2787594313138,183.35984102443058,-532.2021381706691,896.2557997668273
patient_018,276.0,11.04,108.65011469411256,1157.4740086139418,565.824221854846,190.9226119811805,2728.5229755067794,1018.915663910561,175.5130767893125,-196.16910587795218,903.2763228383998
patient_018,277.0,11.08,79.54347388195863,-727.6660203038482,569.0059608101243,54.49809256853864,-3410.612985316047,1021.0955876133025,49.06791459950682,-3161.1290547451417,905.23903942238
patient_018,278.0,11.12,83.96994783824313,110.66184890711241,572.3647587236541,80.42572189470516,648.1907331541631,1024.3126164890907,103.02013071115985,1348.8054027913258,909.3598446508264
patient_018,279.0,11.16,142.58792371729538,1465.4493969763064,578.0682756723459,121.48672207138581,1026.5250044170164,1029.1720853719462,285.424746004496,4560.115382333403,920.7768344910063
patient_018,280.0,11.2,102.94905038273698,-990.97183336396,582.1862376876553,52.66931408365073,-1720.435199693377,1031.278857935292,305.904064517359,511.9829628215754,933.0129970717006
patient_018,281.0,11.24,12.421264031446519,-2263.1946587822617,582.6830882489132,62.92594376415653,256.4157420126449,1033.7958956858583,68.21031889988454,-5942.343640436861,935.7414098276961
patient_018,282.0,11.28,96.13816727388257,2092.9225810609014,586.5286149398685,138.89705685229524,1899.2778272034677,1039.3517779599504,82.69712506798517,362.17015420251573,939.0492948304154
patient_018,283.0,11.32,91.73081908786361,-110.18370465047411,590.197847703383,61.95592431013987,-1923.5283135538843,1041.8300149323559,125.6079907221367,1072.7716413537885,944.0736144593009
patient_018,284.0,11.36,99.11749162601865,184.666813453876,594.1625473684238,129.86716219311825,1697.7809470744596,1047.0247014200804,107.42616341114798,-454.5456827747181,948.3706609957467
patient_018,285.0,11.4,113.62853342549681,362.7760449869541,598.7076887054436,78.41255904247672,-1286.3650787660383,1050.1612037817797,81.95733915695645,-636.7206063547883,951.648954562025
patient_018,286.0,11.44,79.97258179606584,-841.3987907357744,601.9065919772863,188.94558492232943,2763.325646996318,1057.7190271786728,56.049633788211885,-647.6926342186141,953.8909399135534
patient_018,287.0,11.48,90.64362184816068,266.77600130237096,605.5323368512128,228.96407742711745,1000.4623126197004,1066.8775902757575,34.04667034845553,-550.074085993909,955.2528067274917
patient_018,288.0,11.52,98.74461928412286,202.52493589905464,609.4821216225777,125.51535435774846,-2586.2180767342247,1071.8982044500674,77.09327806377782,1076.1651928830572,958.3365378500428
patient_018,289.0,11.56,58.02461176725234,-1018.0001879217631,611.8031060932677,64.71225436352165,-1520.0774998556703,1074.4866946246084,23.93802030644597,-1328.8814439332962,959.2940586623007
patient_018,290.0,11.6,68.31309182359108,257.21200140846855,614.5356297662114,63.50344174411454,-30.220315485177807,1077.026832294373,43.05608209940824,477.95154482405684,961.0163019462769
patient_018,291.0,11.64,20.65664568830506,-1191.4111533821504,615.3618955937436,66.48834606473461,74.62260801550187,1079.6863661369623,17.516701158488562,-638.484523522992,961.7169699926166
patient_018,292.0,11.68,26.094243939308527,135.9399562750867,616.405665351316,36.83447643875714,-741.3467406494368,1081.1597451945127,35.006315211467346,437.2403513244696,963.1172226010752
patient_018,293.0,11.72,13.770966603356486,-308.081933398801,616.9565040154503,79.40929974563647,1064.3705826719834,1084.336117184338,23.57175216137249,-285.8640762523714,964.0600926875301
patient_018,294.0,11.76,24.43846953301157,266.6875732413771,617.9340427967708,35.14052537971034,-1106.7193591481534,1085.7417381995265,39.21494760858969,391.07988618043,965.6286905918737
patient_018,295.0,11.8,19.05788107030979,-134.5147115675445,618.6963580395832,35.442175446582155,7.541251671795379,1087.1594252173898,31.00732298625228,-205.19061555843524,966.8689835113239
patient_018,296.0,11.84,19.113950799402936,1.4017432273286445,619.4609160715593,26.241990911608795,-230.00461337433399,1088.2091048538541,22.878941876766877,-203.2095277371351,967.7841411863945
patient_018,297.0,11.88,25.047997517312073,148.3511679477284,620.4628359722518,62.50942677945056,906.6858966960441,1090.7094819250322,64.7934390411426,1047.8624291093934,970.3758787480402
patient_018,298.0,11.92,28.083625892517325,75.89070938013131,621.5861810079525,66.42035220081473,97.7731355341044,1093.3662960130648,24.302454044109044,-1012.2746249258391,971.3479769098045
patient_018,299.0,11.96,22.490961896999323,-139.81659988795005,622.4858194838324,10.393678618603648,-1400.6668395552772,1093.7820431578089,19.3140581557789,-124.70989720825365,972.1205392360357
patient_018,300.0,12.0,20.469260835434916,-50.54252653911018,623.3045899172498,29.143525776404726,468.74617894502694,1094.947784188865,17.73751373729247,-39.4136104621607,972.8300397855273
patient_018,301.0,12.04,26.851171947102582,159.54777779169166,624.378636795134,48.48837238626423,483.62116524648764,1096.8873190843158,26.110953724991628,209.33599969247894,973.8744779345269
patient_018,302.0,12.08,5.312174558229032,-538.4749347218387,624.591123777463,52.638325168515706,103.74881955628688,1098.9928520910562,24.29823364557109,-45.31800198551341,974.8464072803498
patient_018,303.0,12.12,14.004915432531945,217.31852185757282,625.1513203947643,34.065847290016194,-464.3119469624878,1100.355485982657,27.01213429085089,67.84751613199501,975.9268926519838
patient_018,304.0,12.16,7.623741807394629,-159.5293406284329,625.4562700670601,41.903987378795875,195.95350221949204,1102.0316454778088,14.213441202072525,-319.96732721945915,976.4954303000667
patient_018,305.0,12.2,15.815350927002948,204.790227990208,626.0888841041402,29.227427919245542,-316.9139864887583,1103.2007425945785,31.842673614991643,440.7308103229779,977.7691372446664
patient_018,306.0,12.24,8.222143137800101,-189.83019473007116,626.4177698296522,58.11082446647889,722.0849136808337,1105.525175573238,6.548710210072679,-632.3490851229741,978.0310856530693
patient_018,307.0,12.28,14.459534868833911,155.93479327584527,626.9961512244056,31.534456773837174,-664.4091923160429,1106.7865538441913,5.567147119332701,-24.539077268499444,978.2537715378426
patient_018,308.0,12.32,10.69123932685472,-94.20738854947976,627.4238007974798,51.80106950664078,506.66531832009014,1108.8585966244568,29.483734755104063,597.914690894284,979.4331209280467
patient_018,309.0,12.36,11.035721124311635,8.612044936422869,627.8652296424523,96.38017204016779,1114.4775633381753,1112.7138035060636,19.342499516054286,-253.53088097624442,980.2068209086888
patient_018,310.0,12.4,3.2547818037294647,-194.52348301455427,627.9954209146014,24.277079027332,-1802.5773253208947,1113.684886667157,4.4381212432727875,-372.60945681953746,980.3843457584198
patient_018,311.0,12.44,9.635552317821977,159.5192628523128,628.3808430073143,68.52541284933686,1106.2083455501215,1116.4259031811303,29.520905867256523,627.0696155995934,981.5651819931101
patient_018,312.0,12.48,21.70810412833604,301.81379526285156,629.2491671724478,27.80442104853476,-1018.0247950200524,1117.5380800230716,49.74710944459478,505.65508943345634,983.5550663708938
patient_018,313.0,12.52,36.33902996090456,365.7731458142131,630.702728370884,33.80889237004476,150.11178303775,1118.8904357178735,26.860961950806786,-572.1536873446997,984.629504848926
patient_018,314.0,12.56,15.960664486054487,-509.45913687125187,631.3411549503262,67.09157787428443,832.0671376059917,1121.5740988328448,37.66489843532854,270.0984121130438,986.1361007863391
patient_018,315.0,12.6,31.68190465622721,393.0310042543181,632.6084311365753,17.83922834084185,-1231.3087383360644,1122.2876679664787,40.8168268668363,78.79821078769407,987.7687738610126
patient_018,316.0,12.64,83.88371229271068,1305.0451909120868,635.9637796282836,102.26757802092823,2110.7087420021594,1126.3783710873158,65.41916523627374,615.058459235936,990.3855404704636
patient_018,317.0,12.68,105.20787217235366,533.1039969910744,640.1720945151778,105.09280399926284,70.63064945836537,1130.5820832472862,133.40388602125978,1699.618019624651,995.721695911314
patient_018,318.0,12.72,127.93737715973961,568.2376246846488,645.2895896015674,182.24677429535052,1928.849257402192,1137.8719542191002,193.4749643281658,1501.7769576726507,1003.4606944844406
patient_018,319.0,12.76,264.3747645119132,3410.9346838043402,655.864580182044,91.57035511929742,-2266.9104794013274,1141.5347684238723,182.0125189314983,-286.5611349166876,1010.7411952417004
patient_018,320.0,12.8,231.2075705315889,-829.1798495081075,665.1128830033075,155.22261473549347,1591.3064904049013,1147.7436730132918,260.52262274321333,1962.7525952928756,1021.1621001514291
patient_018,321.0,12.84,327.01919350743333,2395.2905743961105,678.1936507436048,360.5711769842069,5133.714056217836,1162.16652009266,393.31965506878896,3319.925808139391,1036.8948863541807
patient_018,322.0,12.88,202.93923661653386,-3101.9989222724867,686.3112202082661,380.9764307221208,510.13134344784845,1177.4055773215448,246.35884543914966,-3674.0202407409824,1046.7492401717466
patient_018,323.0,12.92,253.18012932811936,1256.0223177896376,696.438425381391,437.7020209657206,1418.1397560899939,1194.9136581601736,299.32223686688695,1324.0847856934324,1058.7221296464222
patient_018,324.0,12.96,294.84205036082983,1041.5480258177618,708.2321073958242,187.0762399436811,-6265.644525550987,1202.396707757921,213.90684129547856,-2135.3848892852097,1067.2784032982413
patient_018,325.0,13.0,156.63904126113619,-3455.075227492341,714.4976690462696,172.37525963169432,-367.5245077996692,1209.2917181431887,256.93733628235395,1075.762374671885,1077.5558967495353
patient_018,326.0,13.04,87.94342733729793,-1717.3903480959564,718.0154061397615,123.6857402782141,-1217.2379838370055,1214.2391477543174,143.61759010295754,-2832.9936544849106,1083.3006003536536
patient_018,327.0,13.08,61.07883157898791,-671.6148939577506,720.458559402921,3.1647980340662816,-3013.0235561036952,1214.36573967568,100.6578591956961,-1073.9932726815357,1087.3269147214817
patient_018,328.0,13.12,48.28716927788629,-319.7915575275404,722.3900461740363,24.994605453455797,545.7451854847379,1215.3655238938184,31.998673434792646,-1716.4796440225864,1088.6068616588732
patient_018,329.0,13.16,46.74748865913813,-38.49201546870411,724.2599457204019,151.91502612886697,3173.0105168852797,1221.442124938973,53.53462719548218,538.3988440172384,1090.7482467466925
patient_018,330.0,13.2,30.19071323284844,-413.9193856572422,725.4675742497159,88.96294142491769,-1573.8021175987321,1225.0006425959698,98.58152583924053,1126.1724660939587,1094.691507780262
patient_018,331.0,13.24,79.04170815391076,1221.274873026558,728.6292425758722,31.01611869651698,-1448.6705682100176,1226.2412873438304,61.9889135141034,-914.8153081284281,1097.1710643208262
patient_018,332.0,13.28,37.23420863237169,-1045.1874880384769,730.1186109211671,76.0459170623943,1125.7449591469328,1229.283124026326,343.29119490699094,7032.557034822189,1110.9027121171057
patient_018,333.0,13.32,73.09395699903743,896.4937091666435,733.0423692011286,109.02875241869548,824.5708839075295,1233.644274123074,52.5627748788333,-7268.210500703941,1113.005223112259
patient_018,334.0,13.36,20.87157961247118,-1305.5594346641562,733.8772323856274,68.16957880723486,-1021.4793402865155,1236.3710572753635,43.58263890840769,-224.50339926064035,1114.7485286685953
patient_018,335.0,13.4,33.331894320762,311.5078677072704,735.210508158458,206.48231985606193,3457.818526220677,1244.6303500696058,38.774315439099645,-120.20808673270108,1116.2995012861593
patient_018,336.0,13.44,32.61095964129599,-18.023366986650124,736.5149465441099,178.60389697775375,-696.9605719577046,1251.774505948716,297.8657883938034,6477.286823867594,1128.2141328219113
patient_018,337.0,13.48,75.92353501586172,1082.814384364143,739.5518879447444,328.536147950292,3748.306274313456,1264.915951866728,200.02547771307772,-2446.0077670181427,1136.2151519304346
patient_018,338.0,13.52,47.71332366467011,-705.25528377979,741.4604208913312,102.06322442558587,-5661.823088117653,1268.9984808437514,72.23171103111132,-3194.84416704916,1139.104420371679
patient_018,339.0,13.56,54.62982224951751,172.9124646211849,743.6456137813118,24.568649180574948,-1937.364381125273,1269.9812268109742,103.67189669496078,786.0046415962365,1143.2512962394774
patient_018,340.0,13.6,55.25126625179498,15.536100056936775,745.8556644313836,54.460339133455754,747.2922488220202,1272.1596403763126,222.8391893396403,2979.182316116988,1152.164863813063
patient_018,341.0,13.64,45.21005907934541,-251.03017931123918,747.6640667945575,18.593213009685083,-896.6781530942669,1272.9033688967,26.72672233970759,-4902.811674998318,1153.2339327066513
patient_018,342.0,13.68,36.04584175229199,-229.10543317633554,749.1059004646492,15.874084115723726,-67.97822234903394,1273.5383322613288,83.59906133618561,1421.8084749119505,1156.5778951600987
patient_018,343.0,13.72,12.251292115955621,-594.8637409084092,749.5959521492873,42.65956769144003,669.6370893929077,1275.2447149689865,45.71105615851299,-947.2001294418156,1158.4063374064392
patient_018,344.0,13.76,3.4269189743200164,-220.6093285408901,749.7330289082602,16.643291689625094,-650.4069000453734,1275.9104466365716,10.899169701040053,-870.2971614368234,1158.842304194481
patient_018,345.0,13.8,14.825391671754911,284.9618174358723,750.3260445751304,37.547547518359295,522.606395718355,1277.412348537306,56.01381542435257,1127.866143082813,1161.082856811455
patient_018,346.0,13.84,14.312921312216512,-12.811758988459987,750.898561427619,70.62013857495734,826.8147764149511,1280.2371540803042,123.181536162342,1679.1930184497357,1166.0101182579485
patient_018,347.0,13.88,33.81160939854807,487.46720215828907,752.2510258035609,68.33713574980266,-57.07507062886705,1282.9706395102965,46.5192664699585,-1916.5567423095872,1167.870888916747
patient_018,348.0,13.92,64.78282932698806,774.2804982109998,754.8423389766405,87.78598466362241,486.22122284549397,1286.4820788968414,212.61144731049544,4152.304521013423,1176.3753468091668
patient_018,349.0,13.96,85.73047568029422,523.6911588326539,758.2715580038523,119.07143858097729,782.1363479338718,1291.2449364400804,197.85335167141872,-368.95239097691785,1184.2894808760236
patient_018,350.0,14.0,116.46995247878758,768.4869199623339,762.9303561030038,70.81091777860652,-1206.5130200592691,1294.0773731512247,240.27964321485504,1060.657288585908,1193.9006666046178
patient_018,351.0,14.04,149.16105883195135,817.2776588290944,768.8967984562819,315.1333788822998,6108.061527592331,1306.6827083065168,306.418568800428,1653.4731396393233,1206.1574093566348
patient_018,352.0,14.08,133.06158523162324,-402.48684000820276,774.2192618655467,322.5529996256277,185.49051858319814,1319.5848282915417,182.51509998532387,-3097.5867203776024,1213.4580133560478
patient_018,353.0,14.12,104.36160346199541,-717.4995442406956,778.3937260040266,224.3263817195009,-2455.6654476531703,1328.557883560322,158.31599646035906,-604.9775881241203,1219.7906532144623
patient_018,354.0,14.16,69.37249906075415,-874.7276100310316,781.1686259664567,282.4442968587729,1452.9478784817998,1339.855655434673,227.22275725005164,1722.6690197423145,1228.8795635044644
patient_018,355.0,14.2,111.92080271474902,1063.7075913498716,785.6454580750468,57.53949133896487,-5622.6201379952,1342.1572350882316,265.6543967959862,960.790988648364,1239.5057393763038
patient_018,356.0,14.24,125.45160023529864,338.26993801374067,790.6635220844587,230.02276397772974,4312.081815969122,1351.358145647341,191.5311783791839,-1853.0804604200575,1247.1669865114711
patient_018,357.0,14.28,141.5647556990296,402.82888659327404,796.3261123124198,186.47028263045104,-1088.8120336819675,1358.816956952559,182.04680733648934,-237.10927606736405,1254.4488588049308
patient_018,358.0,14.32,162.52296504817383,523.9552337286057,802.8270309143468,241.9178317607881,1386.1887282584262,1368.4936702229904,269.1627274623954,2177.898003147652,1265.2153679034266
patient_018,359.0,14.36,185.08247995795642,563.9878727445648,810.2303301126651,163.8832186488551,-1950.8653277983249,1375.0489989689447,258.59281096554196,-264.24791242133665,1275.5590803420484
patient_018,360.0,14.4,192.44908595923727,184.16515003202107,817.9282935510346,163.3696126863352,-12.840149062997597,1381.5837834763981,243.82499742063146,-369.1953386227624,1285.3120802388737
patient_018,361.0,14.44,183.30703165959378,-228.55135749108726,825.2605748174184,220.26306640541722,1422.336342977051,1390.3943061326147,97.73600585969183,-3652.2247890234908,1289.2215204732613
patient_018,362.0,14.48,231.11523107402388,1195.2049853607527,834.5051840603794,134.85761757435372,-2135.1362207765874,1395.7886108355888,176.49476331820372,1968.9689364627973,1296.2813110059897
patient_018,363.0,14.52,148.4553206864645,-2066.497759688985,840.443396887838,210.316940871989,1886.483082440882,1404.2012884704684,185.62474864970878,228.24963328762635,1303.706300951978
patient_018,364.0,14.56,199.63053478203287,1279.3803523892095,848.4286182791194,139.2787634867526,-1775.9544346309099,1409.7724390099384,124.88803276712551,-1518.4178970645817,1308.701822262663
patient_018,365.0,14.6,141.39907228957338,-1455.7865623114872,854.0845811707023,93.00739664658818,-1156.7841710041107,1413.492734875802,97.57147174376506,-682.9140255840113,1312.6046811324134
patient_018,366.0,14.64,103.37747492385606,-950.5399341429331,858.2196801676565,188.63818512604453,2390.7697119864088,1421.0382622808436,230.54134755985865,3324.2468954023393,1321.826335034808
patient_018,367.0,14.68,100.81086728956694,-64.16519085722783,862.2521148592392,66.41209339986418,-3055.6522931545087,1423.6947460168383,69.32239918939968,-4030.473709261474,1324.5992310023837
patient_018,368.0,14.72,65.0245879995021,-894.656982251621,864.8530983792193,88.71547422206278,557.5845205549651,1427.2433649857207,35.75763701225954,-839.1190544285033,1326.0295364828742
patient_018,369.0,14.76,50.068970532664544,-373.890436670939,866.855857200526,22.66314311937508,-1651.3082775671926,1428.1498907104958,43.28377133434124,188.1533580520424,1327.7608873362478
patient_018,370.0,14.8,54.33396918917491,106.62496641275911,869.0292159680929,150.32505000312244,3191.547672093684,1434.1628927106206,118.40753119254046,1878.0939964549805,1332.4971885839495
patient_018,371.0,14.84,53.67505445008924,-16.472868477141667,871.1762181460965,134.58108973946483,-393.59900659144034,1439.5461363001991,129.8407099011784,285.82946771594845,1337.6908169799967
patient_018,372.0,14.88,28.340252445477486,-633.3700501152939,872.3098282439155,61.75797291838612,-1820.5779205269678,1442.0164552169344,65.86236254980884,-1599.4586837842392,1340.325311481989
patient_018,373.0,14.92,45.313312892823134,424.32651118364123,874.1223607596285,56.0252622259258,-143.31776731150808,1444.2574657059718,157.8323832317926,2299.250517049594,1346.6386068112606
patient_018,374.0,14.96,21.295302023098927,-600.4502717431052,874.9741728405525,19.226427456528693,-919.9708692349276,1445.0265228042329,82.68106822325507,-1878.782875213438,1349.945849540191
patient_018,375.0,15.0,44.53865022889891,581.0837051449996,876.7557188497085,48.69388334416669,736.68639719095,1446.9742781379996,13.13701849011943,-1738.6012433283909,1350.4713302797954
patient_018,376.0,15.04,21.307596619887576,-580.7763402252833,877.608022714504,39.674340484851115,-225.48857148288945,1448.5612517573938,20.993117335126502,196.4024711251768,1351.3110549732007
patient_018,377.0,15.08,55.386047457076685,851.9612709297278,879.8234646127871,87.4515962963841,1194.4313952883244,1452.059315609249,26.029906019286127,125.91971710399062,1352.352251213972
patient_018,378.0,15.12,20.132127210027928,-881.3480061762189,880.6287497011882,8.263417230497144,-1979.7044766471738,1452.3898522984691,91.40869448691248,1634.4697116906586,1356.0085989934485
patient_018,379.0,15.16,35.92686598580215,394.8684693943556,882.0658243406203,57.78089603115354,1237.9369700164098,1454.7010881397152,63.33775032651199,-701.7736040100124,1358.5421090065092
patient_018,380.0,15.2,31.735153424165635,-104.79281404091294,883.3352304775868,40.999279465448616,-419.54041414262304,1456.341059318333,48.10587414386512,-380.79690456617163,1360.4663439722638
patient_018,381.0,15.24,7.853091099398087,-597.0515581191886,883.6493541215627,13.292829806171582,-692.6612414819258,1456.87277251058,19.854256494653875,-706.2904412302812,1361.2605142320501
patient_018,382.0,15.28,47.01145593333181,978.9591208483431,885.529812358896,64.91604326722167,1290.580336526252,1459.4694142412689,162.54453062749505,3567.2568533210297,1367.7622954571498
patient_018,383.0,15.32,12.553146080371121,-861.4577463240172,886.031938202111,77.6980121684939,319.5492225318059,1462.5773347280087,154.6608197882996,-197.09277097988647,1373.9487282486816
patient_018,384.0,15.36,30.376457638574692,445.58278895508926,887.2469965076539,43.73294039049563,-849.1267944499568,1464.3266523436284,21.804024818454014,-3321.419874246139,1374.8208892414198
patient_018,385.0,15.4,16.87021957812591,-337.6559515112196,887.9218052907788,48.19732401052271,111.60959050067714,1466.2545453040493,58.95239681923456,928.7093000195135,1377.1789851141893
patient_018,386.0,15.44,19.852074378157784,74.54637000079688,888.7158882659053,12.286446123352258,-897.7719471792615,1466.7460031489836,40.10488226410907,-471.18786387813714,1378.7831804047537
patient_018,387.0,15.48,16.79424290946092,-76.44578671742161,889.3876579822837,51.62890063906976,983.5613628929376,1468.8111591745464,51.64894090401059,288.60146599753784,1380.8491380409139
patient_018,388.0,15.52,16.931568789776094,3.433147007879356,890.0649207338747,46.10326065110596,-138.140999699095,1470.6552896005908,28.809956446982618,-570.9746114256992,1382.0015362987933
patient_018,389.0,15.56,81.16502949193661,1605.8365175540127,893.3115219135523,7.977541575391679,-953.1429768928572,1470.9743912636063,20.51115871369306,-207.46994333223893,1382.821982647341
patient_018,390.0,15.6,78.36711936814308,-69.9477530948382,896.446206688278,84.72842067141227,1918.7719774005145,1474.3635280904628,97.75873429035597,1931.1893894165728,1386.7323320189553
patient_018,391.0,15.64,85.8693578477813,187.55596199095555,899.8809810021892,111.70058859937892,674.3041981991663,1478.831551634438,109.4155018671608,291.41918942012063,1391.1089520936416
patient_018,392.0,15.68,151.40833640273314,1638.474463873796,905.9373144582985,215.57151087752342,2596.7730569536125,1487.4544120695389,252.36696745571044,3573.786639713741,1401.20363079187
patient_018,393.0,15.72,252.556803455444,2528.7116763177714,916.0395865965163,206.50958445894258,-226.54816046452098,1495.7147954478967,195.83128194292425,-1413.3921378196546,1409.036882069587
patient_018,394.0,15.76,416.18475765119945,4090.698854893886,932.6869769025643,238.3918130148375,797.0557138973732,1505.2504679684903,271.6135571179327,1894.5568793752116,1419.9014243543043
patient_018,395.0,15.8,373.3963039780318,-1069.7113418291906,947.6228290616856,522.4273537617361,7100.888518672464,1526.1475621189595,361.71829441553655,2252.6184324400956,1434.3701561309258
patient_018,396.0,15.84,300.2487255450266,-1828.6894608251303,959.6327780834866,566.5179062854535,1102.2638130929352,1548.8082783703776,550.4801859520026,4719.04728841165,1456.3893635690058
patient_018,397.0,15.88,293.923550026132,-158.12938797236598,971.3897200845319,598.8429658386768,808.1264888305839,1572.7619970039245,439.4767403030803,-2775.086141223056,1473.9684331811288
patient_018,398.0,15.92,397.3501151999471,2585.6641293453777,987.2837246925297,366.7903089085886,-5801.316423252206,1587.433609360268,584.8458958053805,3634.2288875575036,1497.3622690133443
patient_018,399.0,15.96,373.2435079815308,-602.6651804604071,1002.213465011791,442.9256831815797,1903.3843568247776,1605.1506366875315,535.0058026423102,-1246.0023290767567,1518.7625011190364
patient_018,400.0,16.0,424.5570757176399,1282.8391934027281,1019.1957480404966,474.1727263343508,781.1760788192771,1624.1175457409054,360.51542246599115,-4362.259504407976,1533.1831180176762
patient_018,401.0,16.04,306.20298565417085,-2958.8522515867267,1031.4438674666633,522.0505537968473,1196.9456865624138,1644.9995678927794,313.7602409632421,-1168.8795375687264,1545.733527656206
patient_018,402.0,16.08,103.74696906481778,-5061.400414733826,1035.593746229256,513.2874077913001,-219.07865013868104,1665.5310642044312,100.02719977374805,-5343.326029737351,1549.734615647156
patient_018,403.0,16.12,58.790815059710496,-1123.903850127682,1037.9453788316446,102.80388941155468,-10262.087959493636,1669.6432197808933,34.569598419150005,-1636.440033864951,1551.117399583922
patient_018,404.0,16.16,75.85421668346721,426.58504059391794,1040.9795474989833,130.37508651310296,689.2799275387069,1674.8582232414174,32.74940326908726,-45.50487875156861,1552.4273757146855
patient_018,405.0,16.2,74.7446831717202,-27.738337793675427,1043.969334825852,182.12191018935508,1293.670591906303,1682.1430996489917,196.60296189928712,4096.338965754997,1560.2914941906572
patient_018,406.0,16.24,173.6406544770215,2472.399282632533,1050.9149610049328,154.13524117157021,-699.6667254446215,1688.3085092958545,57.354758645557226,-3481.205081343248,1562.5856845364794
patient_018,407.0,16.28,93.4219014901422,-2005.4688246719827,1054.6518370645385,63.23860619621778,-2272.415874383811,1690.8380535437034,32.54798319870415,-620.1693861713269,1563.8876038644275
patient_018,408.0,16.32,137.14743673098582,1093.1383810210903,1060.137734533778,8.54299367840853,-1367.3903129452312,1691.1797732908394,98.97722215428854,1660.73097388961,1567.8466927505992
patient_018,409.0,16.36,60.58648713231493,-1914.0237399667722,1062.5611940190706,64.74579954214325,1405.070146593368,1693.7696052725253,118.67468698808676,492.43662084495554,1572.5936802301228
patient_018,410.0,16.4,56.60653133705972,-99.4988948813802,1064.825455272553,78.78858663807895,351.0696773983927,1696.9211487380485,34.449545262752814,-2105.6285431333486,1573.9716620406327
patient_018,411.0,16.44,23.86157648581171,-818.6238712812003,1065.7799183319853,18.214926362188578,-1514.3415068972595,1697.6497457925361,77.38058962619584,1073.2761090860756,1577.0668856256807
patient_018,412.0,16.48,14.656247940970694,-230.13321362102542,1066.3661682496243,9.261712079341608,-223.83035707117423,1698.0202142757098,52.82671997565547,-613.8467412635092,1579.179954424707
patient_018,413.0,16.52,32.4354890636204,444.4810280662427,1067.663587812169,50.63139472590649,1034.242066164122,1700.045470064746,75.43428196366644,565.1890497002742,1582.1973257032535
patient_018,414.0,16.56,14.30313236697996,-453.30891741601107,1068.2357131068482,49.667575585142735,-24.095478519093838,1702.0321730881517,30.247386904308488,-1129.6723764839487,1583.4072211794257
patient_018,415.0,16.6,18.835608152811734,113.31189464579433,1068.9891374329607,5.901992527955669,-1094.1395764296767,1702.2682527892698,71.30647962533133,1026.4773180255713,1586.259480364439
patient_018,416.0,16.64,25.920035110617437,177.1106739451426,1070.0259388373854,22.750467371760234,421.2118710951141,1703.1782714841404,37.88515530890369,-835.5331079106911,1587.7748865767953
patient_018,417.0,16.68,20.370605799572083,-138.73573277613386,1070.8407630693682,32.62334478587385,246.82193535284034,1704.4832052755755,49.33085127907414,286.1423992542612,1589.7481206279583
patient_018,418.0,16.72,21.527834372758967,28.930714329672114,1071.7018764442787,56.772938787906845,603.739850050825,1706.7541228270918,20.599032916188104,-718.2954590721508,1590.5720819446058
patient_018,419.0,16.76,9.73053687279852,-294.93243749901114,1072.0910979191906,34.07043098408257,-567.5626950956068,1708.116940066455,28.086317115259806,187.18210497679254,1591.6955346292161
patient_018,420.0,16.8,44.37287725222642,866.0585094856973,1073.8660130092796,94.39464470222273,1508.105342953504,1711.8927258545439,65.6202454045027,938.3482072310724,1594.3203444453964
patient_018,421.0,16.84,43.668683142038795,-17.604852754690548,1075.612760334961,23.397440553895105,-1774.9301037081907,1712.8286234767,33.955282524539406,-791.6240719990823,1595.678555746378
patient_018,422.0,16.88,26.946410340191523,-418.05682004618177,1076.6906167485688,103.11333786515812,1992.8974327815752,1716.953156991306,278.5239238891939,6114.216034116363,1606.8195127019458
patient_018,423.0,16.92,125.11563304692389,2454.230567668309,1081.6952420704456,74.67059515553356,-711.0685677406138,1719.9399807975276,67.772644261723,-5268.781990686773,1609.5304184724146
patient_018,424.0,16.96,141.0964304797797,399.51993582139556,1087.3390992896368,296.1519350783353,5537.0334980700445,1731.7860582006608,361.7556888996089,7349.576115947147,1624.0006460283992
patient_018,425.0,17.0,216.54861365495628,1886.3045793794142,1096.001043835835,325.5438837420596,734.7987165931073,1744.8078135503433,335.2892758925604,-661.6603251762128,1637.4122170641015
patient_018,426.0,17.04,282.1803401249538,1640.793161749937,1107.2882574408331,667.0936602485151,8538.744412661386,1771.491559960284,609.7319134831502,6861.065939764744,1661.8014936034274
patient_018,427.0,17.08,218.5187299915962,-1591.5402533339395,1116.0290066404968,406.2986040882216,-6519.876404007337,1787.743504123813,491.47460041798405,-2956.4328266291527,1681.4604776201468
patient_018,428.0,17.12,238.93549321523383,510.4190805909411,1125.5864263691064,489.68571182680574,2084.677693464603,1807.3309325968853,453.35495593802005,-952.9911119990999,1699.5946758576674
patient_018,429.0,17.16,17.244986697033678,-5542.262662955004,1126.2762258369878,139.8648401422871,-8745.521792112966,1812.925526202577,61.850256649856696,-9787.617482204083,1702.0686861236618
patient_018,430.0,17.2,291.79895420582227,6863.849187719716,1137.9481840052206,210.01787498396953,1753.8258710420607,1821.3262412019355,427.46053110328154,9140.256861335622,1719.1671073677928
patient_018,431.0,17.24,520.4749764782304,5716.900556810202,1158.7671830643499,689.5264078073656,11987.7133205849,1848.9072975142303,549.5317383592022,3051.7801813980172,1741.148376902161
patient_018,432.0,17.28,211.68035455797715,-7719.865548006331,1167.234397246669,263.6923309804438,-10645.851920673045,1859.4549907534479,148.17691407550825,-10033.870607092349,1747.0754534651815
patient_018,433.0,17.32,224.3183515921939,315.9499258554184,1176.207131310357,337.11698427518877,1835.6163323686246,1872.9396701244557,158.60659223102272,260.74195388786165,1753.4197171544222
patient_018,434.0,17.36,168.37975612004772,-1398.4648868036543,1182.9423215551587,135.35164371043132,-5044.133514118937,1878.353735872873,86.16776296948571,-1810.9707315384253,1756.8664276732015
patient_018,435.0,17.4,167.10826916119575,-31.787173971299154,1189.6266523216066,100.89090669689749,-861.5184253383458,1882.389372140749,124.91348591450318,968.643073625437,1761.8629671097817
patient_018,436.0,17.44,153.50273439485875,-340.138369158425,1195.766761697401,69.5772593737846,-782.8411830778223,1885.1724625157003,103.54306332821199,-534.2605646572799,1766.00468964291
patient_018,437.0,17.48,152.19552793596682,-32.68016147229815,1201.85458281484,149.71493318206436,2003.441845206994,1891.1610598429827,239.52877215330238,3399.64272062726,1775.5858405290421
patient_018,438.0,17.52,146.44118135790717,-143.85866445149134,1207.712230069156,105.06862017033102,-1116.1578252933334,1895.3638046497958,113.37860069207794,-3153.7542865306114,1780.1209845567253
patient_018,439.0,17.56,122.57521514075042,-596.6491554289188,1212.615238674786,132.41126117172055,683.5660250347385,1900.6602550966647,71.5068837598935,-1046.7929233046111,1782.981259907121
patient_018,440.0,17.6,17.18352210532972,-2634.7923258855176,1213.3025795589992,24.352024889577287,-2701.480907053582,1901.634336092248,31.793734771392234,-992.8287247125315,1784.2530092979766
patient_018,441.0,17.64,86.23042691858606,1726.1726203314088,1216.7517966357427,80.62419936837541,1406.804361969953,1904.859304066983,45.183833914956864,334.75247858911575,1786.0603626545749
patient_018,442.0,17.68,48.96730762226018,-931.577982408147,1218.710488940633,85.27860929280885,116.36024811083594,1908.2704484386952,113.38588697099365,1705.0513264009196,1790.5957981334147
patient_018,443.0,17.72,84.09052987533877,878.0805563269648,1222.0741101356466,90.80358649868975,138.12443014702254,1911.9025918986426,79.2033453909097,-854.5635395020987,1793.763931949051
patient_018,444.0,17.76,44.48286818832967,-990.1915421752276,1223.8534248631797,120.14950842735672,733.6480482166742,1916.708572235737,60.66733965059034,-463.400143507984,1796.1906255350748
patient_018,445.0,17.8,8.874722331932407,-890.2036464099315,1224.208413756457,14.42911135746879,-2643.0099267471983,1917.2857366900355,92.62130316506693,798.8490878619148,1799.8954776616777
patient_018,446.0,17.84,29.97506381897413,527.5085371760431,1225.4074163092162,10.53351608620532,-97.38988178158672,1917.707077333484,54.48803760466875,-953.3316390099546,1802.0749991658645
patient_018,447.0,17.88,20.919546357562773,-226.38793653528398,1226.2441981635186,42.53734355445256,800.0956867061809,1919.408571075662,10.726009826484562,-1094.0506944546046,1802.5040395589238
patient_018,448.0,17.92,27.48311200321247,164.0891411412424,1227.3435226436472,50.2242042827895,192.17151820842346,1921.4175392469738,36.247820690517976,638.0452716008353,1803.9539523865442
patient_018,449.0,17.96,27.431462857564586,-1.291228641197062,1228.4407811579497,77.77758973967234,688.8346364220708,1924.5286428365607,31.83934573446041,-110.21187390143919,1805.2275262159226
patient_018,450.0,18.0,14.198716882624588,-330.81864937349997,1229.0087298332546,62.30531117625345,-386.80696408547226,1927.020855283611,24.362920013866788,-186.91064301484053,1806.2020430164773
patient_018,451.0,18.04,18.951034501784154,118.80794047898915,1229.766771213326,27.786547830452342,-862.9690836450276,1928.132317196829,7.550256805987796,-420.31658019697477,1806.504053288717
patient_018,452.0,18.08,17.71430644355149,-30.918201455816607,1230.475343471068,16.07221276159876,-292.85837672133954,1928.7752057072928,47.12542282912533,989.3791505784384,1808.3890702018816
patient_018,453.0,18.12,11.980515313804645,-143.3447782436711,1230.9545640836202,30.853362321617944,369.5287390004796,1930.0093402001576,27.84370276334537,-482.04300164449893,1809.5028183124157
patient_018,454.0,18.16,3.952324651205631,-200.70476656497536,1231.1126570696686,25.803981769520156,-126.23451380244468,1931.0414994709383,63.432319715186054,889.7154237960171,1812.0401111010228
patient_018,455.0,18.2,61.05065799571091,1427.458333612632,1233.5546833894969,62.92829161515571,928.1077461408888,1933.5586311355446,76.18620154124667,318.8470456515155,1815.0875591626727
patient_018,456.0,18.24,69.18393039873605,203.33181007562865,1236.3220406054463,97.46150703216003,863.330385425108,1937.457091416831,55.673927845999955,-512.8068423811679,1817.314516276513
patient_018,457.0,18.28,78.91383362954333,243.24758077018203,1239.4785939506282,52.84220002436249,-1115.4826751949383,1939.5707794178054,64.4498825173597,219.39886678399353,1819.8925115772072
patient_018,458.0,18.32,114.56586105604639,891.3006856625764,1244.06122839287,138.02742345161943,2129.630585681424,1945.09187635587,95.17719839033943,768.1828968244932,1823.6995995128207
patient_018,459.0,18.36,114.68945761413461,3.089913952205592,1248.6488066974352,104.63969951039856,-834.6930985305218,1949.2774643362861,151.50532650914244,1408.2032029700752,1829.7598125731863
patient_018,460.0,18.4,156.33180251318126,1041.0586224761662,1254.9020787979625,122.08766975758381,436.19925617963133,1954.1609711265892,292.3737386700369,3521.710304022362,1841.454762119988
patient_018,461.0,18.44,22.27098734527357,-3351.5203791976924,1255.7929182917735,35.95818055280557,-2153.237230119456,1955.5992983487015,60.80904746325594,-5789.117280169524,1843.887124018518
patient_018,462.0,18.48,183.61119609725864,4033.505218799627,1263.1373661356638,266.69246314921656,5768.357064910275,1966.2669968746702,214.32820211728088,3837.9788663506233,1852.4602521032093
patient_018,463.0,18.52,166.47358398611004,-428.44030277871497,1269.7963094951083,89.60708871444504,-4427.134360869288,1969.851280423248,85.91963268694383,-3210.214235758426,1855.8970374106868
patient_018,464.0,18.56,194.93881497320234,711.6307746773075,1277.5938620940365,170.11440215652604,2012.6828360520249,1976.655856509509,113.92767726664368,700.2011144924963,1860.4541445013526
patient_018,465.0,18.6,209.57039623786295,365.78953161651526,1285.976677943551,158.5814860684218,-288.32290220260575,1982.9991159522458,180.03954992205846,1652.7968163853693,1867.655726498235
patient_018,466.0,18.64,228.9947999264711,485.6100922152038,1295.13646994061,336.93812343561456,4458.915934179819,1996.4766408896703,262.07124930479176,2050.792484568333,1878.1385764704266
patient_018,467.0,18.68,228.0563232553825,-23.461916777215208,1304.258722870825,264.3771787753964,-1814.0236165054546,2007.051728040686,209.4716568444423,-1314.9898115087367,1886.5174427442043
patient_018,468.0,18.72,537.7679128480603,7742.789739816945,1325.7694393847476,940.8404980654403,16911.5829822511,2044.6853479633035,748.2610838601458,13469.735675392587,1916.44788609861
patient_018,469.0,18.76,332.5600231953755,-5130.19724131712,1339.0718403125625,389.8393133994468,-13775.029616649841,2060.2789204992814,322.58597771277203,-10641.877653684345,1929.351325207121
patient_018,470.0,18.8,255.97758122850004,-1914.5610491718862,1349.3109435617025,326.9074864684681,-1573.295673274467,2073.35521995802,421.3116803465465,2468.1425658443613,1946.2037924209828
patient_018,471.0,18.84,51.82367349059189,-5103.847693447704,1351.3838905013263,56.342218804845295,-6764.131691590571,2075.6089087102137,35.24207220435798,-9651.740203554713,1947.6134753091571
patient_018,472.0,18.88,231.3519059535331,4488.205811573531,1360.6379667394676,327.38681016835875,6776.114784087837,2088.7043811169483,530.4534868433695,12380.28536597529,1968.831614782892
patient_018,473.0,18.92,277.5832341242309,1155.783204267445,1371.7412961044365,383.37111414615595,1399.60759944493,2104.0392256827945,533.3980725640027,73.61464301582998,1990.1675376854519
patient_018,474.0,18.96,189.23085077921132,-2208.8095836254893,1379.3105301356052,148.65117097784577,-5867.998579207754,2109.985272521908,240.4787621122006,-7322.982761295054,1999.7866881699401
patient_018,475.0,19.0,141.09253453366276,-1203.4579061387142,1384.9542315169517,153.3420534750762,117.27206243076083,2116.118954660911,565.3468375147235,8121.701885063072,2022.4005616705288
patient_018,476.0,19.04,115.3058435609601,-644.6672743175665,1389.5664652593903,265.63736124485183,2807.3826942443907,2126.7444491107053,287.71746397838854,-6940.734338408373,2033.9092602296646
patient_018,477.0,19.08,95.82659783628391,-486.9811431169047,1393.3995291728415,159.66902282348966,-2649.208460534054,2133.1312100236446,231.2594014378199,-1411.451563514216,2043.1596362871774
patient_018,478.0,19.12,66.05794211476199,-744.2163930380481,1396.0418468574321,125.05776802588896,-865.2813699400174,2138.13352074468,90.15826661030339,-3527.5283706879122,2046.7659669515895
patient_018,479.0,19.16,92.75686525028834,667.4730783881589,1399.7521214674437,95.05175729261825,-750.1502683317678,2141.9355910363847,180.45795310465437,2257.4921623587743,2053.984285075776
patient_018,480.0,19.2,178.01017450784005,2131.3327314387925,1406.8725284477573,29.633846780615976,-1635.4477628000566,2143.1209449076096,59.43422729277972,-3025.593145296866,2056.361654167487
patient_018,481.0,19.24,68.22295686960743,-2744.6804409558154,1409.6014467225416,84.7428724970725,1377.725642911413,2146.510659807492,54.608027254266574,-120.65500096282858,2058.5459752576576
patient_018,482.0,19.28,11.187774423172206,-1425.8795611608805,1410.0489576994687,73.89940783797582,-271.08661647741707,2149.4666361210116,26.505606883124152,-702.5605092785605,2059.606199532983
patient_018,483.0,19.32,59.83881338637199,1216.2759740799945,1412.4425102349235,64.45516355459732,-236.1061070844624,2152.044842663195,58.04907072543851,788.586596057859,2061.928162362
patient_018,484.0,19.36,83.63481856883064,594.9001295614662,1415.7879029776768,74.43918793853682,249.60060959848747,2155.0224101807366,206.8721904988293,3720.5779943347693,2070.2030499819534
patient_018,485.0,19.4,75.09702814576816,-213.44476057656186,1418.7917841035076,54.24126902389937,-504.9479728659362,2157.1920609416925,61.220195845477534,-3641.2998663337944,2072.651857815772
patient_018,486.0,19.44,73.20338561117623,-47.34106336479833,1421.7199195279545,33.30451613448234,-523.4188222354258,2158.524241587072,14.29075930125051,-1173.2359136056755,2073.223488187822
patient_018,487.0,19.48,66.83021235409188,-159.32933142710866,1424.3931280221182,70.86089119160937,938.9093764281757,2161.358677234736,64.81218558325233,1263.0356570500455,2075.815975611152
patient_018,488.0,19.52,60.28606392711435,-163.6037106744384,1426.8045705792028,79.74116711717228,222.0068981390728,2164.548323919423,78.62405653016953,345.29677367292993,2078.960937872359
patient_018,489.0,19.56,52.579980264345586,-192.65209156921907,1428.9077697897767,41.247593532409795,-962.3393396190622,2166.1982276607196,61.48512311903485,-428.4733352783668,2081.4203427971206
patient_018,490.0,19.6,44.352950917403405,-205.67573367355453,1430.6818878264728,95.33328805521262,1352.1423630700706,2170.011559182928,44.76384268657428,-418.03201081151434,2083.210896504583
patient_018,491.0,19.64,23.11986103500877,-530.8272470598658,1431.6066822678733,23.86925579711821,-1786.60080645236,2170.9663294148127,24.22928787940339,-513.3638701792722,2084.1800680197593
patient_018,492.0,19.68,2.014385985868405,-527.6368762285092,1431.687257707308,33.66204466480162,244.81972169208524,2172.3128112014047,37.951919989775625,343.0658027593059,2085.6981448193505
patient_018,493.0,19.72,18.334542538647643,408.00391381948094,1432.420639408854,36.203827858552295,63.54457984376687,2173.760964315747,35.14009295759194,-70.29567580459215,2087.103748537654
patient_018,494.0,19.76,4.117735174995686,-355.4201840912989,1432.5853488158536,40.464162738058405,106.50837198765277,2175.3795308252693,68.00839174784305,821.7074697562778,2089.824084207568
patient_018,495.0,19.8,7.510975925026404,84.83101875076795,1432.8857878528547,36.08447033635037,-109.49231004270086,2176.822909638723,17.456836472244166,-1263.7888818899721,2090.5223576664575
patient_018,496.0,19.84,39.70196042358765,804.7746124640312,1434.4738662697982,89.24924749004926,1329.1194288424722,2180.392879538325,63.22653555315402,1144.2424770227465,2093.0514190885838
patient_018,497.0,19.88,31.65415587119081,-201.195113809921,1435.740032504646,26.21694445448486,-1575.80757588911,2181.4415573165043,33.299693853687714,-748.1710424866577,2094.3834068427313
patient_018,498.0,19.92,55.90110716999222,606.1737824700353,1437.9760767914456,42.89698531116574,417.00102141702206,2183.157436728951,57.45268619235641,603.8248084667174,2096.6815142904256
patient_018,499.0,19.96,42.78369885016526,-327.9352079956741,1439.6874247454523,82.61981927553964,993.0708491093475,2186.4622294999726,28.234277321623935,-730.4602217683118,2097.8108853832905
patient_018,500.0,20.0,73.81548425751643,775.7946351837793,1442.640044115753,55.53049051645162,-677.2332189772005,2188.6834491206305,62.993361082598405,868.9770940243617,2100.3306198265946
patient_018,501.0,20.04,85.95939693546745,303.5978169487755,1446.0784199931718,63.711906465904846,204.53539873633062,2191.231925379267,87.95066266075891,623.9325394540126,2103.848646333025
patient_018,502.0,20.08,86.97147005447265,25.301827975129854,1449.5572787953506,154.3654102207098,2266.337593870124,2197.406541788095,129.83549544649705,1047.1208196434536,2109.0420661508847
patient_018,503.0,20.12,122.36268209099917,884.7803009131632,1454.4517860789906,143.62828178333012,-268.42821093449203,2203.1516730594285,212.90098482960894,2076.6372345777972,2117.5581055440693
patient_018,504.0,20.16,84.25127513114789,-952.785173996282,1457.8218370842367,372.754127008205,5728.146130621872,2218.0618381397567,268.59625941624824,1392.3818646659824,2128.301955920719
patient_018,505.0,20.2,149.48873817780543,1630.9365761664385,1463.8013866113488,200.7343081847971,-4300.495470585197,2226.0912104671484,297.42404294389524,720.694588191175,2140.198917638475
patient_018,506.0,20.24,109.80316862476613,-992.1392388259825,1468.1935133563393,433.36766675699204,5815.833964304873,2243.425917137428,262.7531177835634,-866.7731290082954,2150.7090423498175
patient_018,507.0,20.28,149.62278885639356,995.4905057906856,1474.1784249105951,295.80719306034723,-3439.01184241612,2255.258204859842,236.97338645898344,-644.4932831144996,2160.1879778081766
patient_018,508.0,20.32,106.18933297818569,-1085.8363969551967,1478.4259982297226,338.1458222788781,1058.4657304632715,2268.784037750997,221.7101111165473,-381.58188356090363,2169.0563822528384
patient_018,509.0,20.36,117.67109230869666,287.0439832627742,1483.1328419220704,203.42483802006933,-3368.0246064702187,2276.9210312717996,277.47174762895037,1394.0409128100769,2180.1552521579965
patient_018,510.0,20.4,145.0874085676475,685.4079064737707,1488.9363382647762,90.37771513481383,-2826.1780721313876,2280.536139877192,308.01408948949836,763.5585465136999,2192.475815737577
patient_018,511.0,20.44,110.3502446991649,-868.4290967120646,1493.3503480527427,59.41898050522581,-773.9683657397004,2282.912899097401,311.5310070831773,87.92293984197386,2204.9370560209036
patient_018,512.0,20.48,135.2902597047211,623.5003751389052,1498.7619584409317,63.41807680513064,99.9774074976207,2285.4496221696063,58.615720822889415,-6322.882156507198,2207.281684853819
patient_018,513.0,20.52,83.47979335494881,-1295.2616587443074,1502.1011501751295,86.89923806221628,587.0290314271411,2288.9255916920947,250.47399457284266,4796.456843748831,2217.300644636733
patient_018,514.0,20.56,76.94255370278493,-163.4309913040969,1505.178852323241,46.49062543742707,-1010.2153156197303,2290.785216709592,24.196292658129146,-5656.942547867838,2218.2684963430584
patient_018,515.0,20.6,49.18745976330016,-693.8773484871193,1507.146350713773,48.69542258895293,55.11992878814649,2292.73303361315,84.02352156495493,1495.6807226706446,2221.6294372056564
patient_018,516.0,20.64,57.969374186757406,219.5478605864311,1509.4651256812433,36.30248139264809,-309.823529907621,2294.185132868856,72.67523373075177,-283.7071958550791,2224.5364465548864
patient_018,517.0,20.68,35.620345799393114,-558.7257096841073,1510.889939513219,35.11805237162114,-29.610725525673764,2295.5898549637204,71.18124725467278,-37.349661901974684,2227.3836964450734
patient_018,518.0,20.72,49.417546812042,344.9300253162221,1512.8666413857009,62.249171074054566,678.2779675608357,2298.079821806683,34.765632713093794,-910.3903635394747,2228.7743217535976
patient_018,519.0,20.76,23.813728148387092,-640.0954665913727,1513.8191905116362,65.60759574843672,83.96061685955391,2300.70412563662,63.444466321347036,716.9708402063311,2231.312100406451
patient_018,520.0,20.8,17.18554872208696,-165.7044856575033,1514.5066124605198,46.38488387287564,-480.567796889027,2302.559520991535,67.37998058413403,98.38785656967488,2234.0072996298168
patient_018,521.0,20.84,31.328705318023953,353.57891489842484,1515.7597606732409,127.20592992929816,2020.526151410563,2307.647758188707,215.0453775407642,3691.634923915754,2242.6091147314473
patient_018,522.0,20.88,33.07492052066382,43.65538006599658,1517.0827574940674,66.37426431591689,-1520.7916403345318,2310.3027287613436,99.12306843431516,-2898.057727661226,2246.57403746882
patient_018,523.0,20.92,30.599930338257614,-61.874754560155054,1518.3067547075977,116.60962237320614,1255.8839514322312,2314.967113656272,58.521790725924866,-1015.0319427097573,2248.914909097857
patient_018,524.0,20.96,16.15123317890335,-361.2174289838566,1518.9528040347539,8.112254141446625,-2712.4342057939875,2315.29160382193,9.090651880429785,-1235.7784711373772,2249.2785351730745
patient_018,525.0,21.0,27.507121420381218,283.89720603694667,1520.0530888915691,36.97640940945329,721.6038817001665,2316.7706601983077,79.92365411745554,1770.8250559256437,2252.4754813377726
patient_018,526.0,21.04,22.904589120705825,-115.0633074918848,1520.9692724563972,53.92622710316346,423.74544234275436,2318.9277092824345,31.993116192368742,-1198.2634481271698,2253.755205985467
patient_018,527.0,21.08,41.1257858056725,455.52991712416684,1522.6143038886241,40.04859797719489,-346.94072814921435,2320.5296532015223,101.33041797202192,1733.4325444913293,2257.8084227043482
patient_018,528.0,21.12,113.84137341319365,1817.8896901880287,1527.167958825152,249.36015418547683,5232.788905207049,2330.5040593689414,57.62622237351992,-1092.6048899625498,2260.113471599289
patient_018,529.0,21.16,173.46962716843794,1490.7063438811072,1534.1067439118895,200.32068030480147,-1225.986847016884,2338.5168865811333,153.68122184392254,2401.3749867600654,2266.2607204730457
patient_018,530.0,21.2,194.93903611518226,536.7352236686081,1541.9043053564967,37.41177369656829,-4072.7226652058293,2340.013357528996,102.69468519466605,-1274.6634162314124,2270.368507880832
patient_018,531.0,21.24,170.0093176795566,-623.2429608906415,1548.704678063679,284.47705441122383,6176.632017866389,2351.392439705445,173.22613832869513,1763.286328350727,2277.29755341398
patient_018,532.0,21.28,170.2423458003092,5.825703018815176,1555.5143718956915,162.84025739897567,-3040.9199253062043,2357.906050001404,308.9465098260136,3393.0092874329616,2289.6554138070205
patient_018,533.0,21.32,170.76004654578549,12.942518636906897,1562.344773757523,181.77951581080694,473.48146029578186,2365.177230633836,197.97172688035826,-2774.3695736413833,2297.574282882235
patient_018,534.0,21.36,207.6220933020018,921.5511689054075,1570.649657489603,256.9476208667555,1879.2026263987148,2375.4551354685063,233.12824218416856,878.9128825952573,2306.8994125696017
patient_018,535.0,21.4,149.40906794725203,-1455.325633868744,1576.626020207493,231.06551230694214,-647.0527139953347,2384.6977559607844,402.3801774143675,4231.298380754974,2322.9946196661763
patient_018,536.0,21.44,123.84387632791375,-639.129790483457,1581.5797752606095,372.7438340627186,3541.958043894411,2399.607509323293,497.99566088526825,2390.387086772519,2342.9144461015867
patient_018,537.0,21.48,45.39097748916549,-1961.3224709687063,1583.3954143601761,155.55313759324548,-5429.767411736828,2405.829634827023,155.89472780693126,-8552.523326958424,2349.150235213864
patient_018,538.0,21.52,65.76484027644561,509.34656968200295,1586.0260079712339,118.24239787427105,-932.7684929743608,2410.559330741994,161.181948461202,132.18051635676886,2355.597513152312
patient_018,539.0,21.56,97.14118898768535,784.4087177809936,1589.9116555307412,44.67556660796791,-1839.1707816575786,2412.3463534063126,40.356405035167214,-3020.63858565087,2357.211769353719
patient_018,540.0,21.6,109.64812524558023,312.673406447372,1594.2975805405645,124.65155477819351,1999.3997042556402,2417.3324155974406,77.26137823050233,922.6243298833779,2360.302224482939
patient_018,541.0,21.64,98.71044964269923,-273.441890072025,1598.2459985262724,93.4166593310169,-780.8723861794153,2421.069081970681,28.326111300016294,-1223.381673262151,2361.43526893494
patient_018,542.0,21.68,70.2099549132613,-712.5123682359483,1601.0543967228027,71.39611774103015,-550.5135397496688,2423.924926680322,64.61638346401557,907.2568040999819,2364.0199242735007
patient_018,543.0,21.72,37.42242252753216,-819.6883096432284,1602.551293623904,67.80725928849375,-89.72146131340999,2426.637217051862,91.88150462567621,681.6280290415161,2367.695184458528
patient_018,544.0,21.76,47.43078048096088,250.20894883571785,1604.4485248431424,179.5657038135432,2793.961113126236,2433.8198452044035,48.933265899567154,-1073.7059681527264,2369.6525150945104
patient_018,545.0,21.8,31.52705507617938,-397.5931351195374,1605.7096070461894,259.0847905247225,1987.977167779483,2444.1832368253927,88.2316305307907,982.4591157805886,2373.181780315742
patient_018,546.0,21.84,118.81061566252083,2182.089014658536,1610.4620316726903,286.2368905326089,678.8025001971605,2455.632712446697,99.70221392962137,286.76458497076675,2377.169868872927
patient_018,547.0,21.88,149.9789739025679,779.2089560011767,1616.461190628793,188.75283746570702,-2437.1013266725477,2463.182825945325,158.51376665954075,1470.2888182479846,2383.5104195393087
patient_018,548.0,21.92,123.04389934364492,-673.3768639730745,1621.3829466025388,286.6134136667967,2446.514405027242,2474.647362491997,285.55387914470066,3176.002812128998,2394.9325747050966
patient_018,549.0,21.96,160.81817689563317,944.3569387997062,1627.8156736783642,186.102696747044,-2512.7679229938176,2482.0914703618787,236.62107788424706,-1223.32003151134,2404.3974178204667
patient_018,550.0,22.0,109.07651224888346,-1293.5416161687428,1632.1787341683196,169.11910863915713,-424.58970269717184,2488.856234707445,318.9765446661971,2058.886669548752,2417.1564796071148
patient_018,551.0,22.04,119.73177179454164,266.38148864145455,1636.9680050401012,287.9776593346595,2971.4637673875595,2500.3753410808313,854.2296079853819,13381.32658297962,2451.32566392653
patient_018,552.0,22.08,129.57694819710517,246.12941006408812,1642.1510829679855,143.12248893358998,-3621.3792600267384,2506.1002406381754,851.8879768059803,-58.54077948503971,2485.4011829987694
patient_018,553.0,22.12,95.4498118259746,-853.178409278264,1645.9690754410244,529.819472086424,9667.42457882085,2527.2930195216322,1262.5847230207341,10267.418655368845,2535.9045719195988
patient_018,554.0,22.16,155.54478307652084,1502.374281263656,1652.190866764085,315.4034909409926,-5360.399528635784,2539.909159159272,268.8233101912598,-24844.035320736857,2546.657504327249
patient_018,555.0,22.2,124.80666018588673,-768.4530722658529,1657.1831331715207,193.05338230184984,-3058.7527159785686,2547.6312944513456,152.36839463633544,-2911.372888873109,2552.7522401127026
patient_018,556.0,22.24,175.15655747729394,1258.7474322851804,1664.1893954706122,270.68835539077116,1940.874327223033,2558.4588286669764,167.9620899046042,389.84238170671904,2559.470723708887
patient_018,557.0,22.28,140.4524650579396,-867.6023104838584,1669.8074940729298,147.64053512549467,-3076.1955066319124,2564.364450071996,68.47853060511615,-2487.088982487201,2562.2098649330915
patient_018,558.0,22.32,118.90780754245216,-538.6164378871861,1674.563806374628,143.3213587157088,-107.97941024464635,2570.0973044206244,109.3321717322781,1021.3410281790487,2566.5831518023824
patient_018,559.0,22.36,140.41923397751037,537.7856608764553,1680.1805757337286,179.49309924693023,904.2935132805354,2577.277028390502,196.3496039481906,2175.4358053978126,2574.43713596031
patient_018,560.0,22.4,127.90003255565264,-312.9800355464432,1685.2965770359547,80.67420459885393,-2470.4723662019073,2580.503996574456,138.78004951670204,-1439.2388607872142,2579.9883379409785
patient_018,561.0,22.44,103.58606152660643,-607.8492757261554,1689.440019497019,66.21244384276191,-361.5440189023005,2583.1524943281665,32.41037051412314,-2659.241975064472,2581.284752761543
patient_018,562.0,22.48,96.6763267345741,-172.74336980080813,1693.307072566402,27.95805750974831,-956.35965832534,2584.2708166285565,105.73958397827579,1833.230336603816,2585.514336120674
patient_018,563.0,22.52,94.22031017418067,-61.40041400983591,1697.0758849733693,59.74484240446564,794.6696223679334,2586.660610324735,43.72350140954464,-1550.4020642182788,2587.263276177056
patient_018,564.0,22.56,59.74249916461047,-861.9452752392549,1699.4655849399537,82.38451861941664,565.9919053737749,2589.9559910695116,81.63167427543713,947.7043216473124,2590.5285431480734
patient_018,565.0,22.6,52.9736343810957,-169.2216195878693,1701.5845303151975,55.796013687073994,-664.7126233085661,2592.1878316169946,89.50107767317662,196.73508494348724,2594.108586255001
patient_018,566.0,22.64,42.27526558440966,-267.459219917151,1703.2755409385738,21.18036027770057,-865.3913352343355,2593.0350460281024,51.46811440416221,-950.8240817253604,2596.167310831167
patient_018,567.0,22.68,21.326017916194765,-523.7311917053723,1704.1285816552218,32.463588426452034,282.08070371878665,2594.3335895651603,34.8204715268756,-416.1910719321652,2597.560129692242
patient_018,568.0,22.72,15.408576278498089,-147.9360409424169,1704.7449247063614,33.855135037363354,34.78866527278299,2595.687794966655,86.68208587232421,1296.5403586362152,2601.027413127135
patient_018,569.0,22.76,15.187652558349416,-5.523093003716806,1705.3524308086955,31.043271300571874,-70.296593419787,2596.9295258186776,44.91086641735854,-1044.2804863741417,2602.8238477838295
patient_018,570.0,22.8,12.116017919518816,-76.79086597076501,1705.8370715254764,106.16393084552746,1878.0164886238897,2601.176083052499,42.54872713136632,-59.053482149805525,2604.525796869084
patient_018,571.0,22.84,5.965985703692142,-153.75080539566684,1706.075710953624,26.691575636630763,-1986.8088802224174,2602.243746077964,84.43267280748852,1047.0986419030548,2607.9031037813834
patient_018,572.0,22.88,24.56789559369719,465.04774725012624,1707.0584267773718,19.071293828046016,-190.50704521461864,2603.006597831086,16.585096787099445,-1696.1894005097267,2608.5665076528676
patient_018,573.0,22.92,13.90980246911078,-266.4523281146603,1707.6148188761363,113.78207559781352,2367.7695442441873,2607.5578808549985,66.20055608631587,1240.3864824804107,2611.2145298963205
patient_018,574.0,22.96,15.338924967831616,35.728062468020916,1708.2283758748495,33.53432169222852,-2006.193847639625,2608.8992537226873,24.345219665659993,-1046.383410516397,2612.188338682947
patient_018,575.0,23.0,16.267008913574994,23.202098643584446,1708.8790562313923,78.4218873277439,1122.1891408878846,2612.0361292157972,9.91355499408661,-360.79161678933457,2612.58488088271
patient_018,576.0,23.04,20.605841409758405,108.47081240458527,1709.7032898877826,15.709311567344905,-1567.8143940099749,2612.664501678491,14.243092664911188,108.23844177061446,2613.1546045893065
patient_018,577.0,23.08,23.16348728297142,63.941146830325394,1710.6298293791015,27.065156892744334,283.8961331349857,2613.7471079542006,28.366347481041664,353.08137040326193,2614.289258488548
patient_018,578.0,23.12,22.795872156426256,-9.19037816362911,1711.5416642653588,67.9541305955363,1022.2243425697991,2616.465273178022,63.84183407049069,886.8871647362257,2616.8429318513677
patient_018,579.0,23.16,11.70040585142467,-277.3866576250397,1712.0096804994155,73.03199340987763,126.94657035853325,2619.3865529144173,122.15782640452433,1457.8998083508409,2621.7292449075485
patient_018,580.0,23.2,68.96936780786774,1431.7240489110768,1714.7684552117303,30.682806361995414,-1058.7296761970554,2620.613865168897,46.35719055162542,-1895.0158963224726,2623.5835325296134
patient_018,581.0,23.24,76.17816081796332,180.2198252523894,1717.815581644449,67.82874965560751,928.6485823403023,2623.3270151551214,48.74376813344917,59.66443954559377,2625.533283254952
patient_018,582.0,23.28,114.19352409771858,950.3840819938816,1722.3833226083577,173.29299322822592,2636.6060893154604,2630.2587348842503,188.28154281434414,3488.444367022374,2633.0645449675258
patient_018,583.0,23.32,184.77000135397606,1764.411931406437,1729.7741226625167,197.24125964150318,598.7066603319313,2638.1483852699107,224.50910148612385,905.6889667944929,2642.044909026971
patient_018,584.0,23.36,224.45054528808447,992.0135983527103,1738.75214447404,214.59583588915854,433.864406191384,2646.7322187054774,231.5165247452657,175.18558147854648,2651.3055700167815
patient_018,585.0,23.4,268.08157106768823,1090.775644490094,1749.4754073167476,284.9123946758892,1757.913969668266,2658.128714492513,340.23106487456033,2717.8635032323655,2664.914812611764
patient_018,586.0,23.44,273.710214512475,140.71608611966866,1760.4238158972466,449.1441187388103,4105.793101573027,2676.0944792420655,252.95317783875203,-2181.9471758952077,2675.032939725314
patient_018,587.0,23.48,402.64258563788786,3223.309278135322,1776.5295193227619,533.0156663848168,2096.7886911501623,2697.4151058974585,439.5270433690346,4664.346638257064,2692.614021460075
patient_018,588.0,23.52,395.6376306601192,-175.1238744442162,1792.3550245491665,540.777225427225,194.0389760602045,2719.0461949145474,493.4704631404235,1348.5854942847227,2712.352839985692
patient_018,589.0,23.56,428.20549207736303,814.1965354310955,1809.4832442322613,417.46025728858416,-3082.9242034660197,2735.7446052060905,463.3841677808554,-752.1573839892014,2730.888206696926
patient_018,590.0,23.6,292.1802477880688,-3400.6311072323556,1821.170454143784,398.6651508003772,-469.87766220517386,2751.691211238105,743.7331235156553,7008.723893369996,2760.6375316375525
patient_018,591.0,23.64,384.94253949789805,2319.057292745731,1836.5681557236999,557.0994495964808,3960.8574699025894,2773.9751892219647,405.9052079067342,-8445.697890223028,2776.8737399538218
patient_018,592.0,23.68,419.61768386237105,866.878609111825,1853.3528630781948,410.68842877501345,-3660.2755205366834,2790.4027263729654,266.4817029714782,-3485.5876233813988,2787.533008072681
patient_018,593.0,23.72,202.21889057517058,-5434.9698321800115,1861.4416187012016,215.40732307686122,-4882.027642453806,2799.0190192960395,243.65177186547453,-570.7482776500924,2797.2790789472997
patient_018,594.0,23.76,96.7758879300124,-2636.0750661289544,1865.3126542184018,208.44042097517374,-174.17255254218702,2807.3566361350463,183.59831106516714,-1501.3365200076848,2804.623011389907
patient_018,595.0,23.8,13.163747792692083,-2090.3035034330082,1865.8392041301095,100.9384399507829,-2687.549525609771,2811.3941737330774,120.7613889688815,-1570.9230524071409,2809.453466948662
patient_018,596.0,23.84,61.31459645635253,1203.7712165915111,1868.2917879883637,58.63683171542293,-1057.540205883999,2813.7396470016947,341.14486309264845,5509.586853094173,2823.0992614723677
patient_018,597.0,23.88,120.99099220730439,1491.9098937737963,1873.131427676656,50.61245812533158,-200.60933975228377,2815.7641453267074,41.71900079324405,-7485.64655748511,2824.7680215040978
patient_018,598.0,23.92,112.4885564550674,-212.56089380592476,1877.6309699348585,105.96432461019322,1383.796662121541,2820.002718311115,55.909003352699386,354.75006398638345,2827.004381638206
patient_018,599.0,23.96,14.008729631539719,-2461.995670588192,1878.19131912012,139.2031887904323,830.9716045059772,2825.5708458627323,39.800890943426715,-402.7028102318168,2828.596417275943
patient_018,600.0,24.0,227.70248091437662,5342.343782070922,1887.299418356695,54.117200002499445,-2127.1497196983214,2827.735533862832,88.03882844229521,1205.9484374717124,2832.117970413635
patient_018,601.0,24.04,140.38349464488005,-2182.9746567374145,1892.9147581424902,62.65655327332858,213.48383177072847,2830.241795993765,81.71968865551393,-157.97849466953195,2835.3867579598555
patient_018,602.0,24.08,99.5440293470019,-1020.9866324469538,1896.8965193163704,85.16110911279988,562.6138959867824,2833.6482403582772,60.627961857914656,-527.2931699399819,2837.811876434172
patient_018,603.0,24.12,73.76188826380334,-644.5535270799638,1899.8469948469224,100.69061207947503,388.23757416687886,2837.675864841456,54.063562095007576,-164.10999407267698,2839.9744189179723
patient_018,604.0,24.16,93.35033137931819,489.7110778878712,1903.5810081020952,38.04290752662086,-1566.1926138213544,2839.1975811425204,70.45594580422117,409.80959273033994,2842.7926567501413
patient_018,605.0,24.2,79.08379851334945,-356.6633216492186,1906.744360042629,86.95278555283276,1222.7469506552977,2842.6756925646337,81.98355694006794,288.1902783961692,2846.0719990277444
patient_018,606.0,24.24,88.06695789664899,224.57898458248843,1910.267038358495,30.261994911589852,-1417.2697660310728,2843.8861723610976,55.947671619673166,-650.8971330098694,2848.309905892531
patient_018,607.0,24.28,47.09476810125828,-1024.3047448847676,1912.1508290825452,254.11470261983402,5596.317692706104,2854.0507604658906,84.76541614198447,720.4436130577827,2851.70052253821
patient_018,608.0,24.32,52.913610683858735,145.47106456501132,1914.2673735098995,334.88720829640766,2019.3126419143412,2867.446248797747,146.6535823369298,1547.204154873633,2857.5666658316873
patient_018,609.0,24.36,105.32482166625243,1310.2802745598424,1918.4803663765497,125.84833139318302,-5225.971922580617,2872.480182053474,124.48048541612941,-554.3274230200094,2862.5458852483325
patient_018,610.0,24.4,19.48105510131248,-2146.094164123499,1919.2596085806022,64.93332986301905,-1522.875038254099,2875.077515247995,84.93920282386084,-988.5320648067143,2865.943453361287
patient_018,611.0,24.44,178.9403885369837,3986.483335891781,1926.4172241220815,306.0776099626262,6028.607002490178,2887.3206196465,164.98673004460773,2001.1881805186722,2872.5429225630714
patient_018,612.0,24.48,366.73081852412747,4694.760749678594,1941.0864568630466,692.565907535839,9662.20743933032,2915.0232559479336,722.6796760048741,13942.32364900666,2901.4501096032664
patient_018,613.0,24.52,187.75446303043165,-4474.408887342395,1948.596635384264,376.58965715410636,-7899.406259543315,2930.086842234098,288.90837789917015,-10844.282452642597,2913.0064447192335
patient_018,614.0,24.56,206.6671074107497,472.8161095079514,1956.863319680694,227.53121061525246,-3726.4611634713474,2939.1880906587085,314.1495517210681,631.0293455474493,2925.5724267880764
patient_018,615.0,24.6,232.75474695393675,652.190988579676,1966.1735095588513,339.0468504468116,2787.890995788979,2952.749964676581,461.76961345308143,3690.5015433003327,2944.0432113262
patient_018,616.0,24.64,237.7613081216616,125.1640291931217,1975.6839618837178,237.46005470410898,-2539.669893567566,2962.248366864745,352.48072673129565,-2732.2221680446446,2958.142440395452
patient_018,617.0,24.68,170.59801154630895,-1679.0824143838165,1982.5078823455704,345.37384572706316,2697.8447755738543,2976.063320693828,826.178258416718,11842.43829213556,2991.189570732121
patient_018,618.0,24.72,239.06696074029344,1711.723729849612,1992.070560775182,187.31318351487707,-3951.5165553046522,2983.555848034423,372.3011592993821,-11346.927477933397,3006.081617104096
patient_018,619.0,24.76,162.42570651998545,-1916.0313555076996,1998.5675890359814,290.9328807408275,2590.492430648761,2995.1931632640562,331.24093417711146,-1026.5056280567662,3019.3312544711807
patient_018,620.0,24.8,32.30695163424795,-3252.9688721434377,1999.8598671013515,89.23716788698046,-5042.392821346177,2998.7626499795356,45.005604652278784,-7155.883238120816,3021.131478657272
patient_018,621.0,24.84,275.18771996086235,6072.01920816536,2010.867375899786,155.46234310439706,1655.6293804354152,3004.9811437037115,257.944632356519,5323.475692606005,3031.449263951533
patient_018,622.0,24.88,194.47085197599014,-2017.9216996218051,2018.6462099788257,368.976234532196,5337.847285694973,3019.740193084999,253.35576908397593,-114.72158181357628,3041.583494714892
patient_018,623.0,24.92,177.29186098589537,-429.4747747523694,2025.7378844182615,119.93151842634258,-6226.117902646335,3024.537453822053,104.5502183267452,-3720.138768930768,3045.7655034479617
patient_018,624.0,24.96,317.64697405650827,3508.8778267653224,2038.443763380522,400.9670127703612,7025.887358600466,3040.5761343328672,337.1318728510592,5814.54136310785,3059.2507783620035
patient_018,625.0,25.0,148.60854710199442,-4225.960673862846,2044.3881052646018,42.397338250026074,-8964.241863008378,3042.272027862868,243.1115006958101,-2350.5093038812274,3068.9752383898362
patient_018,626.0,25.04,125.0710619483232,-588.4371288417803,2049.3909477425345,93.21445766300103,1270.4279853243738,3046.000606169388,82.3998297836287,-4017.7917728045345,3072.271231581181
patient_018,627.0,25.08,121.50862705070018,-89.06087244057552,2054.251292824563,266.86172268932717,4341.181625658153,3056.675075076961,94.20801927564978,295.2047373005268,3076.0395523522075
patient_018,628.0,25.12,88.57917091183076,-823.2364034717357,2057.794459661036,34.56691473295956,-5807.370198909191,3058.0577516662797,22.49909692977015,-1792.7230586469907,3076.9395162293977
patient_018,629.0,25.16,85.40390560471134,-79.38163267798544,2061.2106158852243,72.84034633241035,956.8357899862697,3060.9713655195756,101.89067190989931,1984.789374503229,3081.015143105794
patient_018,630.0,25.2,57.45574584623182,-698.703993961988,2063.5088457190736,66.60551369626678,-155.87081590358912,3063.6355860674266,40.70169177387279,-1529.724503400663,3082.6432107767487
patient_018,631.0,25.24,15.348702638082067,-1052.6760802037438,2064.1227938245966,10.831980609363578,-1394.3383271725802,3064.068865291801,24.21497085467924,-412.1680229798387,3083.611809610936
patient_018,632.0,25.28,34.87512279968492,488.16050404007126,2065.517798736584,33.69461223576138,571.5657906599452,3065.4166497812316,44.614555312791516,509.9896114528069,3085.396391823447
patient_018,633.0,25.32,39.25773799674173,109.56537992642038,2067.088108256454,72.39785918717227,967.5811737852722,3068.3125641487186,83.4055476203027,969.7748076877796,3088.7326137282594
patient_018,634.0,25.36,36.994844660312246,-56.57233341073713,2068.5679020428665,32.36401192469074,-1000.8461815620383,3069.6071246257056,38.96688252384601,-1110.9666274114172,3090.291289029213
patient_018,635.0,25.4,18.574075912987478,-460.5192186831192,2069.3108650793856,27.63394628941035,-118.25164088200984,3070.7124824772823,41.81989806007676,71.32538840576873,3091.9640849516163
patient_018,636.0,25.44,35.641120995561565,426.67612706435216,2070.7365099192084,111.40450081594031,2094.263863163249,3075.16866250992,61.424998970351446,490.12752275686717,3094.42108491043
patient_018,637.0,25.48,17.935320357029177,-442.6450159633097,2071.4539227334894,6.057975131595181,-2633.663142108628,3075.4109815151837,42.31261738468562,-477.8095396416456,3096.1135896058177
patient_018,638.0,25.52,14.670860576891215,-81.61149450344905,2072.040757156565,24.675665310912876,465.44225448294236,3076.3980081276204,21.841940397598147,-511.7669246771869,3096.9872672217216
patient_018,639.0,25.56,44.2727054243968,740.0461211876395,2073.811665373541,17.038154140391566,-190.93777926303278,3077.079534293236,30.10174078942828,206.49500979575333,3098.1913368532987
patient_018,640.0,25.6,15.900989745153547,-709.2928919810813,2074.447704963347,11.944254728533439,-127.34748529645317,3077.5573044823773,35.725613530329284,140.59681852252507,3099.620361394512
patient_018,641.0,25.64,13.720443809686445,-54.51364838667754,2074.9965227157345,52.16999621030685,1005.6435370443353,3079.6441043307896,0.9341176354487069,-869.7873973720144,3099.65772609993
patient_018,642.0,25.68,25.961429486013046,306.024641908165,2076.034979895175,64.60143149564654,310.78588213349224,3082.228161590615,25.429583982859622,612.3866586852729,3100.674909459244
patient_018,643.0,25.72,22.280853277982494,-92.01440520076378,2076.9262140262945,22.873879857409744,-1043.1887909559198,3083.1431167849114,9.276756147538256,-403.8206958830342,3101.045979705146
patient_018,644.0,25.76,15.946971101047911,-158.3470544233646,2077.5640928703365,21.62878860623185,-31.127281279447327,3084.0082683291607,14.37130435830713,127.36370526922185,3101.620831879478
patient_018,645.0,25.8,13.091065069220075,-71.39765079569588,2078.087735473105,23.436920947148387,45.20330852291341,3084.9457451670464,58.495240455740756,1103.0984024358406,3103.960641497708
patient_018,646.0,25.84,8.424247270950561,-116.67044495673787,2078.424705363943,56.07510267200326,815.9545431213719,3087.188749273927,22.229863538698936,-906.6344229260455,3104.8498360392555
patient_018,647.0,25.88,38.837274055343165,760.3256696098151,2079.978196326157,52.20861213569442,-96.66226340772096,3089.277093759355,51.611519277211805,734.5413934628217,3106.9142968103442
patient_018,648.0,25.92,130.08668622039755,2281.23530412636,2085.181663774973,106.46468159550447,1356.4017364952513,3093.535681023175,79.09922509167806,687.1926453616564,3110.078265814011
patient_018,649.0,25.96,112.24714761499744,-445.9884651350027,2089.6715496795728,127.97096883587739,537.6571810093228,3098.65451977661,85.3805422600502,157.03292920930352,3113.493487504413
patient_018,650.0,26.0,156.85368597236334,1115.1634589341472,2095.9456971184673,109.25085418803107,-468.0028661961579,3103.0245539441316,124.35476501426305,974.3555688553212,3118.467678104984
patient_018,651.0,26.04,233.55878910658532,1917.6275783555498,2105.2880486827307,216.85962583553442,2690.2192911875836,3111.698938977553,195.38083846509923,1775.6518362709044,3126.282911643588
patient_018,652.0,26.08,40.37923929793546,-4829.488745216247,2106.903218254648,61.393977661145115,-3886.641204359732,3114.154698083999,18.42128310473059,-4423.988884009216,3127.0197629677773
patient_018,653.0,26.12,316.545530920407,6904.157290561789,2119.565039491464,242.7815383279522,4534.689016670177,3123.8659596171174,323.40757182922454,7624.657218112348,3139.9560658409464
patient_018,654.0,26.16,350.52066136663694,849.3782611557492,2133.5858659461296,172.30764742522734,-1761.8472725681215,3130.7582655141264,282.985078410542,-1010.562335467064,3151.275468977368
patient_018,655.0,26.2,297.077349388295,-1336.0827994585493,2145.4689599216617,557.8153394125306,9637.692299682583,3153.0708790906274,400.0165244134072,2925.7861500716303,3167.2761299539043
patient_018,656.0,26.24,404.89765979510054,2695.507760170139,2161.6648663134656,568.5308272939053,267.8871970343664,3175.8121121823833,430.2184753479347,755.0487733631883,3184.484868967822
patient_018,657.0,26.28,473.09490824562965,1704.9312112632279,2180.5886626432907,520.7980193814947,-1193.3201978102659,3196.6440329576435,498.2429560448747,1700.6120174234993,3204.414587209617
patient_018,658.0,26.32,418.0668262439289,-1375.7020500425185,2197.311335693048,463.2811720654761,-1437.9211829004646,3215.175279840262,483.7592948191041,-362.091530644264,3223.764959002381
patient_018,659.0,26.36,304.10289113567916,-2849.098377706244,2209.475451338475,645.8804620619181,4564.982249911051,3241.0104983227393,449.69326726626093,-851.6506888210799,3241.7526896930317
patient_018,660.0,26.4,582.4616174380585,6958.968157559484,2232.7739160359974,691.0800466003897,1129.9896134617882,3268.6537001867546,845.1289845647473,9885.892932462159,3275.5578490756216
patient_018,661.0,26.44,306.74110107893335,-6893.0129089781285,2245.0435600791548,214.33869569208662,-11918.533772707577,3277.227248014438,242.53534293644782,-15064.841040707486,3285.2592627930794
patient_018,662.0,26.48,78.6716259127096,-5701.736879155594,2248.190425115663,129.3045091921463,-2125.854662498508,3282.3994283821244,6.784132098757471,-5893.7802709422585,3285.5306280770296
patient_018,663.0,26.52,147.09690049966906,1710.6318646739865,2254.07430113565,337.8426837484911,5213.45436390862,3295.913135732064,127.31882203202514,3013.367248331692,3290.623380958311
patient_018,664.0,26.56,91.0143844761913,-1402.0629005869441,2257.7148765146976,90.49739792685658,-6183.632145540862,3299.5330316491377,97.39303713229835,-748.1446224931698,3294.5191024436026
patient_018,665.0,26.6,61.469599678108885,-738.6196199520602,2260.173660501822,48.78084303119517,-1042.9138723915353,3301.484265370386,117.12438317304549,493.28365101867854,3299.2040777705242
patient_018,666.0,26.64,128.70647131250578,1680.9217908599223,2265.321919354322,27.24186366623268,-538.4744841240622,3302.573939917035,351.0881950823679,5849.095297733061,3313.247605573819
patient_018,667.0,26.68,157.10336718962688,709.9223969280274,2271.606054041907,53.76049726530856,662.965839976897,3304.7243598076475,49.79661691942499,-7532.289454073573,3315.2394702505962
patient_018,668.0,26.72,140.62423721733592,-411.97824930727404,2277.231023530601,133.99503258704163,2005.8633830433268,3310.084161111129,185.28047458238692,3387.096441574048,3322.650689233891
patient_018,669.0,26.76,143.97113117727088,83.67234899837399,2282.9898687776913,98.48430050443248,-887.7683020652288,3314.023533131307,170.9657084078948,-357.869154362303,3329.4893175702073
patient_018,670.0,26.8,180.66611456735617,917.3745847521325,2290.2165133603858,130.8719831002007,809.6920648942056,3319.2584124553146,67.49511006260379,-2586.764958632275,3332.1891219727113
patient_018,671.0,26.84,132.89242308744923,-1194.3422869976737,2295.5322102838836,35.91179401569635,-2374.0047271126086,3320.6948842159427,110.63685439724424,1078.5436083660113,3336.6145961486013
patient_018,672.0,26.88,138.07080649148762,129.45958510095963,2301.055042543543,243.0078412669428,5177.4011812811605,3330.41519786662,147.16830822087704,913.28634559082,3342.5013284774363
patient_018,673.0,26.92,31.71424007689999,-2658.914160364691,2302.3236121466193,111.6483605160225,-3283.987018773007,3334.8811322872607,74.92630865621452,-1806.049989116563,3345.498380823685
patient_018,674.0,26.96,77.97129993629646,1156.4264964849117,2305.442464144071,90.07582477977888,-539.3133934060905,3338.484165278452,66.83079611863559,-202.38781343947318,3348.1716126684305
patient_018,675.0,27.0,25.851153325047335,-1303.0036652812282,2306.476510277073,53.54357098271917,-913.3063449264929,3340.6259081177604,85.30541593992245,461.8654955321716,3351.583829306027
patient_018,676.0,27.04,11.250327626118464,-365.02064247322176,2306.926523382118,89.88412800052672,908.5139254451886,3344.2212732377816,34.07637435373307,-1280.7260396547344,3352.9468842801766
patient_018,677.0,27.08,101.35220857199992,2252.5470236470364,2310.9806117249977,117.07840526713723,679.8569316652628,3348.904409448467,66.35958343581419,807.0802270520279,3355.601267617609
patient_018,678.0,27.12,112.73353592810793,284.53318390270005,2315.489953162122,65.06949641786608,-1300.2227212317787,3351.507189305182,121.89764301273983,1388.451489423141,3360.4771733381185
patient_018,679.0,27.16,133.6599840024846,523.161201859417,2320.8363525222217,184.42346256757432,2983.849153742706,3358.884127807885,124.86916024525406,74.28793081285576,3365.471939747929
patient_018,680.0,27.2,140.07788275107868,160.44746871485174,2326.4394678322647,355.0045529579121,4264.527259758444,3373.084309926201,439.51196626759713,7866.070150558577,3383.052418398633
patient_018,681.0,27.24,121.75238551723155,-458.1374308461783,2331.309563252954,302.00290841122774,-1325.0411136671091,3385.1644262626505,337.6953577324091,-2545.415213379701,3396.560232707929
patient_018,682.0,27.28,205.49197227132473,2093.4896688523295,2339.529242143807,291.2947104881562,-267.70494807678773,3396.816214682177,319.5008091200796,-454.86371530823675,3409.340265072732
patient_018,683.0,27.32,69.73026268506706,-3394.042739656442,2342.3184526512096,289.9586633804098,-33.4011776936606,3408.4145612173934,301.0841878556746,-460.4155316101256,3421.383632586959
patient_018,684.0,27.36,162.89357854798186,2329.08289657287,2348.834195793129,232.01668209282437,-1448.5495321896358,3417.6952285011066,228.8434297514223,-1806.0189526063077,3430.5373697770156
patient_018,685.0,27.4,74.63209227518269,-2206.5371568199794,2351.8194794841365,117.56518576781828,-2861.287408125152,3422.3978359318194,172.8034331635424,-1400.9999146969974,3437.449507103557
patient_018,686.0,27.44,101.13066026624055,662.4641997764467,2355.864705894786,85.11756917364613,-811.1904148543036,3425.802538698765,91.42445260113543,-2034.4745140601742,3441.1064852076024
patient_018,687.0,27.48,103.76821612334851,65.93889642769888,2360.0154345397195,81.1483236436015,-99.23113825111578,3429.048471644509,74.30347689390659,-428.0243926807209,3444.0786242833587
patient_018,688.0,27.52,80.72510125568022,-576.0778716917073,2363.244438589947,81.45649912424363,7.70438701605336,3432.3067316094784,7.833295319875655,-1661.7545393507733,3444.3919560961535
patient_018,689.0,27.56,59.25445442561748,-536.7661707515683,2365.6146167669717,12.261241033012494,-1729.8814522807784,3432.7971812507994,59.69991571109064,1296.6655097803746,3446.779952724597
patient_018,690.0,27.6,45.7276477817893,-338.17016609570453,2367.443722678243,49.01609629624173,918.8713815807308,3434.757825102649,38.51706613641367,-529.5712393669243,3448.3206353700534
patient_018,691.0,27.64,20.146947452126813,-639.5175082415622,2368.2496005763282,46.77241260836557,-56.09209219690392,3436.6287216069836,46.12871009864089,190.2910990556805,3450.165783773999
patient_018,692.0,27.68,59.63013348385206,987.0796507931313,2370.634805915682,31.60881066048923,-379.0900486969085,3437.893074033403,43.35025170966633,-69.4614597243639,3451.8997938423854
patient_018,693.0,27.72,33.56730263787448,-651.5707711494397,2371.977498021197,39.39818222220486,194.73428904289074,3439.4690013222908,38.34240860670451,-125.19607757404555,3453.4334901866537
patient_018,694.0,27.76,9.301952154261723,-606.6337620903188,2372.3495761073673,50.3302262212756,273.30109997676857,3441.482210371142,43.324435482882656,124.55067190445365,3455.166467605969
patient_018,695.0,27.8,43.59051794477793,857.2141447629051,2374.093196825159,48.55221702735352,-44.450229848052025,3443.424299052236,16.523576092483054,-670.02148475999,3455.8274106496683
patient_018,696.0,27.84,40.45518369154613,-78.38335633079492,2375.7114041728205,42.245068349528886,-157.6787169456159,3445.114101786217,42.62326740711837,652.4922828658829,3457.5323413459532
patient_018,697.0,27.88,52.639153844057454,304.59925381278305,2377.816970326583,2.391152405414727,-996.3478986028539,3445.2097478824335,36.03332740836155,-164.74849996892047,3458.973674442288
patient_018,698.0,27.92,51.48862565588821,-28.76320470423117,2379.8765153528184,5.408365737572581,75.43033330394634,3445.4260825119363,60.40321402051145,609.2471653037475,3461.389803003108
patient_018,699.0,27.96,27.5806244464508,-597.7000302359352,2380.9797403306766,10.09419998675625,117.14585622959173,3445.8298505114067,27.81358981270633,-814.740605195128,3462.5023465956165
patient_018,700.0,28.0,11.750451691928465,-395.75431886305836,2381.4497583983534,12.972684015915194,71.9621007289736,3446.3487578720433,43.25365646467777,386.00166629928594,3464.2324928542034
patient_018,701.0,28.04,16.20028738889108,111.2458924240654,2382.097769893909,6.722989691021427,-156.24235812234417,3446.6176774596843,43.31971616593936,1.6514925315398443,3465.965281500841
patient_018,702.0,28.08,30.39615164995437,354.8966065265822,2383.3136159599076,29.023177827564545,557.504703413578,3447.7786045727867,20.911108362015852,-560.2151950980877,3466.8017258353216
patient_018,703.0,28.12,19.3483041586682,-276.19618728215426,2384.087548126254,9.565293859489346,-486.44709920188,3448.161216327166,24.055547468614463,78.61097766496528,3467.7639477340663
patient_018,704.0,28.16,27.7954974203029,211.17983154086755,2385.199368023066,45.146997283988796,889.5425856124863,3449.9670962185255,6.670328336714883,-434.63047829748956,3468.0307608675344
patient_018,705.0,28.2,27.250127252174604,-13.63425420320743,2386.2893731131535,8.32091528550957,-920.6520499619807,3450.299932829946,61.93706948579399,1381.6685287269777,3470.508243646966
patient_018,706.0,28.24,10.53963476152733,-417.7623122661819,2386.710958503614,70.06352777988899,1543.5653123594855,3453.1024739411414,57.934707288735616,-100.05905492645937,3472.8256319385155
patient_018,707.0,28.28,53.65826766641073,1077.965822622085,2388.8572892102707,45.51663379353093,-613.6723496589515,3454.923139292883,59.00178053728347,26.676831213696417,3475.1857031600066
patient_018,708.0,28.32,13.454949793752123,-1005.0829468164652,2389.395487202021,27.266501446688306,-456.25330867106555,3456.0137993507506,32.37287929569281,-665.7225310397665,3476.4806183318346
patient_018,709.0,28.36,34.38124586926694,523.1574018878705,2390.7707370367916,36.133330222807544,221.67071940298095,3457.4591325596625,24.640784555866325,-193.30236849566217,3477.4662497140694
patient_018,710.0,28.4,18.66225190487481,-392.97484910980324,2391.517227112987,57.17831707595079,526.124671328581,3459.7462652427002,30.983070377401187,158.55714553837154,3478.7055725291657
patient_018,711.0,28.44,14.102453280533425,-113.99496560853466,2392.081325244208,32.05721370315626,-628.0275843198632,3461.0285537908267,49.04726666073684,451.60490708339125,3480.6674631955952
patient_018,712.0,28.48,46.338128840135276,805.8918889900463,2393.9348503978135,18.39303365830482,-341.604501121286,3461.7642751371586,70.51573254218904,536.7116470363051,3483.4880924972827
patient_018,713.0,28.52,30.7760051324819,-389.0530926913344,2395.1658906031125,54.39770804897348,900.1168597667164,3463.9401834591176,63.68777089632461,-170.69904114661085,3486.035603333136
patient_018,714.0,28.56,76.62566942227126,1146.241607244734,2398.2309173800036,73.51782141929186,478.00283425795965,3466.880896315889,30.302006457924037,-834.6441109600142,3487.2476835914526
patient_018,715.0,28.6,121.93585641144529,1132.7546747293507,2403.108351636461,102.35274166765218,720.8730062090079,3470.975005982595,63.11262722131056,820.2655190846631,3489.772188680305
patient_018,716.0,28.64,149.112148060623,679.4072912294432,2409.072837558886,188.4626053583966,2152.74659226861,3478.513510196931,125.52261211809525,1560.2496224196173,3494.793093165029
patient_018,717.0,28.68,264.66010747442533,2888.6989853450577,2419.659241857863,171.67036331213595,-419.806051156516,3485.3803247294163,183.80719502882903,1457.1145727683443,3502.145380966182
patient_018,718.0,28.72,298.3359626433013,841.8963792218989,2431.5926803635953,235.27022978187748,1589.9966617435382,3494.791133920691,328.51818931805843,3617.774857230735,3515.286108538904
patient_018,719.0,28.76,216.83366459214906,-2037.5574512788055,2440.2660269472813,367.05325877228904,3294.575724760289,3509.4732642715826,288.9896838235572,-988.2126373625312,3526.8456958918464
patient_018,720.0,28.8,266.0977282040443,1231.6015902973809,2450.909936075443,172.20758580158838,-4871.141824267516,3516.361567703646,366.62208904555513,1940.8101305499486,3541.510579453669
patient_018,721.0,28.84,246.2706397420307,-495.6772115503398,2460.7607616651244,527.973961981438,8894.159404496242,3537.4805261829038,351.04487166110806,-389.4304346111767,3555.5523743201134
patient_018,722.0,28.88,227.52908531685992,-468.5388606292697,2469.861925077799,248.32641155299572,-6991.1887607110575,3547.4135826450233,413.77439467027375,1568.2380752291422,3572.103350106924
patient_018,723.0,28.92,219.75182201491654,-194.43158254858446,2478.6519979583954,166.74535128216414,-2039.5265067707896,3554.0833966963096,211.1640812208085,-5065.257836236631,3580.5499133557564
patient_018,724.0,28.96,119.76640353158655,-2499.63546208325,2483.4426540996587,102.079743949463,-1616.6401833175287,3558.1665864542883,115.5884031897513,-2389.39195077643,3585.1734494833468
patient_018,725.0,29.0,110.02018665317235,-243.65542196035506,2487.8434615657857,235.48033719996528,3335.014831262557,3567.5857999422865,167.41810381567652,1295.7425156481304,3591.870173635974
patient_018,726.0,29.04,14.455794599944724,-2389.1098013306905,2488.4216933497837,197.7471242362439,-943.3303240930343,3575.495684911736,412.90751837710764,6137.235364035778,3608.3864743710583
patient_018,727.0,29.08,36.577575374948644,553.044519375098,2489.8847963647813,182.7203787900936,-375.6686361537575,3582.80450006334,60.49617595585132,-8810.283560531409,3610.806321409292
patient_018,728.0,29.12,80.44545995845989,1096.6971145877812,2493.1026147631196,88.50442454281648,-2355.3988561819283,3586.3446770450523,61.602482734123036,27.65766945679289,3613.270420718657
patient_018,729.0,29.16,76.79930512851705,-91.15387074857111,2496.1745869682604,50.483207847993995,-950.5304173705621,3588.3640053589725,128.23394064118216,1665.7864476764778,3618.399778344304
patient_018,730.0,29.2,93.29871000623037,412.48512194283296,2499.9065353685096,40.67080261730042,-245.31013076733944,3589.9908374636643,15.705788511367867,-2813.203803245357,3619.0280098847584
patient_018,731.0,29.24,94.27307916680975,24.35922901448464,2503.677458535182,56.04828257691947,384.4369989904763,3592.2327687667407,62.46145624231672,1168.8916932737216,3621.5264681344515
patient_018,732.0,29.28,55.922208952354644,-958.7717553613777,2505.914346893276,69.38803321648528,333.49376598914534,3595.0082900954003,63.96139389682364,37.498441362672885,3624.0849238903243
patient_018,733.0,29.32,66.64586333812758,268.09135964432346,2508.580181426801,69.32894267534236,-1.4772635285730473,3597.7814478024143,72.74738676964625,219.64982182056545,3626.99481936111
patient_018,734.0,29.36,39.49494269096387,-678.7730161790929,2510.1599791344397,160.0144389587196,2267.1374070844313,3604.182025360763,72.53914204420829,-5.2061181359491115,3629.896385042878
patient_018,735.0,29.4,72.21792097841991,818.0744571864011,2513.0486959735767,139.04118140178232,-524.3314389234321,3609.7436726168344,131.29266456999665,1468.838063144709,3635.148091625678
patient_018,736.0,29.44,99.38290846548995,679.1246871767509,2517.0240123121966,306.832448814317,4194.781685313366,3622.016970569407,112.59122670823243,-467.5359465441055,3639.651740694007
patient_018,737.0,29.48,79.87512417144494,-487.6946073511252,2520.2190172790542,177.29218291180527,-3238.506647562793,3629.108657885879,63.02830065546991,-1239.0731513190628,3642.1728727202258
patient_018,738.0,29.52,56.094913904510555,-594.5052566733596,2522.4628138352346,92.96572727769366,-2108.16139085279,3632.8272869769867,95.03664596161201,800.2086326535524,3645.97433855869
patient_018,739.0,29.56,67.98297354610611,297.2014910398888,2525.1821327770786,242.14880549034675,3729.576955316327,3642.513239196601,105.0402448503827,250.0899722192674,3650.1759483527053
patient_018,740.0,29.6,90.09209147116992,552.7279481265954,2528.7858164359254,307.8832418890101,1643.3609099665837,3654.8285688721608,115.16133352651998,253.0272169034319,3654.782401693766
patient_018,741.0,29.64,134.42559032395135,1108.3374713195358,2534.1628400488835,283.3491827889134,-613.3514775024167,3666.1625361837173,270.4478491518315,3882.1628906327887,3665.6003156598395
patient_018,742.0,29.68,151.688607737907,431.5754353488913,2540.2303843584,543.6418800636293,6507.317431867897,3687.9082113862623,198.29405791407976,-1803.844780943794,3673.532077976403
patient_018,743.0,29.72,192.41298979032737,1018.1095513105092,2547.9269039500127,537.2694801208518,-159.309998569438,3709.3989905910967,1100.8030999460675,22562.726050799694,3717.5642019742454
patient_018,744.0,29.76,277.09690658226276,2117.0979197983847,2559.0107802133034,445.77152377931924,-2287.4489085383134,3727.2298515422694,391.31114346349716,-17737.29891206426,3733.216647712785
patient_018,745.0,29.8,190.51351828808296,-2164.584707354495,2566.6313209448267,379.4074779780499,-1659.101145031734,3742.4061506613916,530.043625511188,3468.3120511922707,3754.4183927332324
patient_018,746.0,29.84,226.743947415813,905.7607281932512,2575.7010788414595,430.74181990648765,1283.3585482109443,3759.635823457651,353.9528581133875,-4402.269184945013,3768.576507057768
patient_018,747.0,29.88,162.87397682884708,-1596.7492646741484,2582.2160379146135,353.20133247882774,-1938.5121856914977,3773.763876756804,303.84154611104174,-1252.782800058644,3780.7301689022097
patient_018,748.0,29.92,304.05483091523746,3529.5213521597598,2594.378231151223,412.18581467653786,1474.612054942753,3790.2513093438656,178.06484960474293,-3144.4174126574703,3787.8527628863994
patient_018,749.0,29.96,243.25023031655576,-1520.1150149670425,2604.108240363885,184.7282470657332,-5686.439190270116,3797.6404392264953,114.57986012476934,-1587.1247369993398,3792.43595729139
patient_018,750.0,30.0,130.44080384294656,-2820.23566184023,2609.325872517603,144.3157573461954,-1010.3122429884451,3803.413069520343,84.69242085635956,-747.1859817102445,3795.823654125644
patient_018,751.0,30.04,116.06974886004112,-359.2763745726362,2613.968662472005,81.47093386079904,-1571.120587134909,3806.671906874775,98.92125187100467,355.7207753661277,3799.7805042004848
patient_018,752.0,30.08,95.25003172221093,-520.4929284457545,2617.778663740893,134.32961679340403,1321.4670733151247,3812.045091546511,77.17807082950135,-543.579526037583,3802.8676270336646
patient_018,753.0,30.12,66.12081086976058,-728.2305213112589,2620.4234961756833,110.89765589423132,-585.7990224793177,3816.48099778228,59.43332745126992,-443.6185844557858,3805.2449601317157
patient_018,754.0,30.16,73.09902922590145,174.4554589035218,2623.3474573447193,64.12864854422932,-1169.22518375005,3819.046143724049,50.270022618844514,-229.0826208106351,3807.2557610364693
patient_018,755.0,30.2,32.683022379504216,-1010.4001711599308,2624.6547782398998,68.94015956474541,120.28777551290233,3821.803750106639,42.58850353401744,-192.03797712067683,3808.95930117783
patient_018,756.0,30.24,73.25517051525594,1014.3037033937932,2627.58498506051,50.49240673938842,-461.1938206339248,3823.8234463762146,35.56605952275122,-175.5611002816556,3810.38194355874
patient_018,757.0,30.28,45.41482179657125,-696.0087179671171,2629.401577932373,72.96389461488913,561.7871968875177,3826.7420021608104,24.007127381912852,-288.9733035209591,3811.342228654017
patient_018,758.0,30.32,57.24976824897978,295.8736613102131,2631.691568662332,49.38080474627126,-589.5772467154467,3828.7172343506613,40.060828963425344,401.3425395378123,3812.944661812554
patient_018,759.0,30.36,59.7331455917916,62.084433570295516,2634.0808944860037,51.29195516292366,47.77876041630993,3830.768912557178,22.35770223317736,-442.5781682561996,3813.8389699018812
patient_018,760.0,30.4,81.28473593964092,538.7897586962332,2637.3322839235893,104.1990076394775,1322.6763119138461,3834.936872862757,56.23549824410875,846.9449002732848,3816.088389831645
patient_018,761.0,30.44,33.280094281454915,-1200.1160414546503,2638.6634876948474,50.48198518426263,-1342.9255613803716,3836.9561522701274,36.82668995681015,-485.22020718246495,3817.5614574299175
patient_018,762.0,30.48,16.90974554521509,-409.2587184059956,2639.3398775166556,17.121854399125798,-834.0032696284208,3837.6410264460924,9.878411702006126,-673.7069563701006,3817.956593897998
patient_018,763.0,30.52,24.86121332896743,198.78669459380848,2640.3343260498145,11.276460571100426,-146.13484570063432,3838.092084868936,12.878955512005223,75.01359524997744,3818.471752118478
patient_018,764.0,30.56,13.174824927873253,-292.15971002735444,2640.8613190469296,73.74138996419376,1561.6232348273331,3841.041740467504,100.15180822692862,2181.8213178730853,3822.4778244475556
patient_018,765.0,30.6,23.796907834201242,265.55207265819973,2641.813195360298,64.25291764290735,-237.2118080321602,3843.6118571732204,150.786968616355,1265.8790097356598,3828.5093031922097
patient_018,766.0,30.64,42.13536540168144,458.46143918700494,2643.498609976365,69.16063571267718,122.6929517442457,3846.3782826017273,105.95225657738074,-1120.867800974357,3832.747393455305
patient_018,767.0,30.68,61.469960927719555,483.3648881509529,2645.957408413474,32.89664093339086,-906.5998694821578,3847.694148239063,56.507432633484264,-1236.1205985974118,3835.0076907606444
patient_018,768.0,30.72,65.37488019467935,97.62298167399486,2648.572403621261,36.36466048524393,86.70048879632671,3849.1487346584727,112.52491993379238,1400.4371825077028,3839.5086875579964
patient_018,769.0,30.76,97.64454343664345,806.7415810491024,2652.478185358727,153.06618528142124,2917.5381199044327,3855.27138206973,146.21299966641027,842.2019933154473,3845.357207544653
patient_018,770.0,30.8,116.26494247678417,465.50997600351815,2657.1287830577985,225.72344405714173,1816.4314693930123,3864.3003198320157,190.28164678181835,1101.7161778852021,3852.968473415926
patient_018,771.0,30.84,167.8761832608317,1290.2810196011885,2663.8438303882313,112.88905778689926,-2820.8596567560617,3868.8158821434918,179.82329917404587,-261.458690194312,3860.161405382888
patient_018,772.0,30.88,221.40663067122108,1338.2611852597342,2672.70009561508,268.8765998089099,3899.6885505502655,3879.570946135848,233.0008460004424,1329.4386706599134,3869.481439222906
patient_018,773.0,30.92,251.10783912540066,742.5302113544894,2682.744409180096,365.220231750483,2408.590798539328,3894.1797554058676,346.300891663523,2832.501141577014,3883.333474889447
patient_018,774.0,30.96,334.3354603252083,2080.6905299951914,2696.1178275931043,480.78681382746356,2889.1645519245144,3913.4112279589663,345.22212009786114,-26.96928914154597,3897.142359693362
patient_018,775.0,31.0,315.85309760376293,-462.0590680361346,2708.7519514972546,406.86379084477676,-1848.07557456717,3929.6857795927567,327.2362165957498,-449.64758755278353,3910.2318083571918
patient_018,776.0,31.04,357.8224715188688,1049.234347877646,2723.0648503580096,471.424620782824,1614.0207484511805,3948.54276442407,512.4069197298181,4629.267578351708,3930.7280851463847
patient_018,777.0,31.08,250.1201643279943,-2692.557679771862,2733.0696569311294,462.821526524744,-215.07735645199944,3967.0556254850594,709.6226775794313,4930.39394624033,3959.112992249562
patient_018,778.0,31.12,313.77809820767203,1591.4483469919433,2745.620780859436,537.6641812254588,1871.0663675178707,3988.5621927340776,376.28830067323696,-8333.359422654858,3974.164524276491
patient_018,779.0,31.16,89.89235632834104,-5597.143546983275,2749.2164751125697,39.25744333710078,-12460.168447208951,3990.132490467562,30.662771230695295,-8640.638236063542,3975.391035125719
patient_018,780.0,31.2,556.4101372599083,11662.944523289181,2771.472880602966,669.7197716425727,15761.5582076368,4016.9212813332647,835.5150848652773,20121.307840864552,4008.81163852033
patient_018,781.0,31.24,139.21342841667226,-10429.917721080901,2777.041417739633,161.42542142230715,-12707.358755506639,4023.378298190157,213.3899780663783,-15553.127669972477,4017.347237642985
patient_018,782.0,31.28,23.04575166118004,-2904.1919188873053,2777.96324780608,126.07578195701193,-883.7409866323807,4028.4213294684373,98.0961814432692,-2882.344915577727,4021.2710849007153
patient_018,783.0,31.32,72.20879259257912,1229.0760232849768,2780.851599509783,36.121990989330726,-2248.84477419203,4029.8662091080105,75.04703908561949,-576.2285589412429,4024.27296646414
patient_018,784.0,31.36,73.87177442660145,41.57454585055831,2783.806470486847,118.64179135085246,2062.9950090380435,4034.6118807620446,40.19362573937013,-871.3353336562341,4025.880711493715
patient_018,785.0,31.4,114.85606100561442,1024.6071644753242,2788.4007129270717,198.79388200055828,2003.8022662426456,4042.5636360420667,67.29380389940121,677.5044540007772,4028.572463649691
patient_018,786.0,31.44,109.62454599329276,-130.78787530804163,2792.7856947668038,46.9407363059371,-3796.32864236553,4044.4412654943044,85.89130004607043,464.93740366673035,4032.0081156515344
patient_018,787.0,31.48,69.96740269841081,-991.4285823720487,2795.58439087474,26.13684471105724,-520.0972898719965,4045.4867392827464,69.94197852485208,-398.7330380304588,4034.805794792528
patient_018,788.0,31.52,95.6960484686285,643.2161442554424,2799.4122328134854,82.09469423233591,1398.946238031967,4048.77052705204,43.45736469682708,-662.115345700625,4036.5440893804007
patient_018,789.0,31.56,49.134493072130255,-1164.0388849124563,2801.37761253637,93.83334547374713,293.4662810352805,4052.5238608709897,370.74103867379034,8182.091849424081,4051.3737309273524
patient_018,790.0,31.6,31.59632345742722,-438.45424036757584,2802.6414654746677,39.67397171382438,-1353.9843439980689,4054.110819739543,13.225987074246978,-8937.876289988584,4051.9027704103223
patient_018,791.0,31.64,51.426681597555216,495.75895350319985,2804.6985327385696,37.52693357163199,-53.67595355480965,4055.611897082408,76.20563529083877,1574.4912054147949,4054.9509958219555
patient_018,792.0,31.68,28.359180990202113,-576.6875151838276,2805.832899978178,58.65920619933988,528.3068156926971,4057.958265330382,70.98107069862841,-130.6141148052589,4057.790238649901
patient_018,793.0,31.72,17.2076675804361,-278.7878352441503,2806.5212066813956,83.82392836695165,629.1180541902943,4061.31122246506,68.40346606280843,-64.44011589549952,4060.5263772924136
patient_018,794.0,31.76,39.09727160927367,547.2401007209392,2808.0850975457665,160.99894241424394,1929.3753511823074,4067.7511801616292,152.08993513092418,2092.1617267028937,4066.60997469765
patient_018,795.0,31.8,82.53974313672288,1086.0617881862302,2811.386687271235,94.450548897165,-1663.7098379269735,4071.529202117516,368.14004034073207,5401.252630245197,4081.3355763112795
patient_018,796.0,31.84,115.1230421171503,814.5824745106858,2815.991608955921,98.39746881895577,98.67299804476914,4075.4651008702745,78.18993970432902,-7248.752515910075,4084.4631738994526
patient_018,797.0,31.88,60.144469690989695,-1374.4643106540152,2818.397387743561,21.58345226823026,-1920.3504137681377,4076.3284389610035,220.64394357111635,3561.3500966696834,4093.2889316422975
patient_018,798.0,31.92,2.8872697339408164,-1431.429998926222,2818.5128785329184,45.57077979421433,599.6831881496017,4078.151270152772,214.60880114780278,-150.87856058283933,4101.873283688209
patient_018,799.0,31.96,29.47780696007833,664.7634306534378,2819.6919908113214,42.62519991776549,-73.63949691122099,4079.8562781494825,222.62510744381817,200.40765740038466,4110.778287985962
patient_018,800.0,32.0,17.239539536077476,-305.95668560002133,2820.3815723927646,128.71455242539648,2152.233812690775,4085.0048602464985,93.87001094957402,-3218.8774123561034,4114.533088423945
patient_018,801.0,32.04,66.16215783795147,1223.06545754685,2823.0280587062825,214.81958693438764,2152.6258627247794,4093.597643723874,107.85997259454759,349.74904112433904,4118.847487327727
patient_018,802.0,32.08,63.21177334903116,-73.75961222300766,2825.5565296402438,77.92176924235575,-3422.445442300797,4096.7145144935685,100.78376638391597,-176.90515526579026,4122.878837983084
patient_018,803.0,32.12,89.89379287907046,667.0504882509824,2829.1522813554066,63.40106601754016,-363.01758062038977,4099.25055713427,322.8005387974538,5550.419310338445,4135.790859534982
patient_018,804.0,32.16,202.13601240934997,2806.0554882569877,2837.237721851781,648.8252548764576,14635.604721472935,4125.2035673293285,242.73089505903803,-2001.7410934603938,4145.500095337344
patient_018,805.0,32.2,124.03739898838009,-1952.4653355242472,2842.199217811316,333.61737027867076,-7880.197114944672,4138.548262140475,90.72753978776635,-3800.083881781792,4149.129196928854
patient_018,806.0,32.24,131.48714960244527,186.24376535162952,2847.4587037954134,117.84857300051505,-5394.219931953893,4143.262205060496,114.53875484377502,595.2803764002169,4153.710747122605
patient_018,807.0,32.28,101.63606363038643,-746.277149301471,2851.524146340629,79.67831179712506,-954.2565300847496,4146.449337532381,104.06285997888932,-261.8973716221426,4157.8732615217605
patient_018,808.0,32.32,79.53651830813571,-552.488633056268,2854.705607072954,127.58801346553211,1197.7425417101763,4151.552858071002,93.3136191397993,-268.7310209772505,4161.605806287353
patient_018,809.0,32.36,83.20663252976571,91.75285554075003,2858.0338723741447,197.77682504231248,1754.720289419509,4159.463931072695,44.49116018240757,-1220.5614739347932,4163.385452694649
patient_018,810.0,32.4,19.78813559739738,-1585.4624233092084,2858.8253977980407,28.645446580457687,-4228.28446154637,4160.609748935913,27.35551132818079,-428.3912213556695,4164.479673147776
patient_018,811.0,32.44,29.1462297370046,233.95235349018054,2859.9912469875208,60.34936563310803,792.5979763162585,4163.023723561238,24.76280518373842,-64.81765361105927,4165.470185355126
patient_018,812.0,32.48,13.767336487805922,-384.4723312299669,2860.5419404470326,59.10456183067378,-31.1200950608562,4165.387906034464,19.810263644354418,-123.81353848460002,4166.262595900899
patient_018,813.0,32.52,10.140881556121869,-90.66137329210133,2860.9475757092773,42.05169400170444,-426.3216957242335,4167.069973794532,12.270885982199779,-188.48444155386596,4166.7534313401875
patient_018,814.0,32.56,21.0561809804974,272.88248560938825,2861.789822948497,168.38494922560784,3158.331380597585,4173.805371763558,46.152341339234276,847.0363839258624,4168.599524993757
patient_018,815.0,32.6,30.89191780776374,245.89342068165854,2863.0254996608073,75.89784166340839,-2312.1776890549863,4176.841285430093,38.28338157854242,-196.72399401729646,4170.130860256899
patient_018,816.0,32.64,47.11751145077588,405.6398410753035,2864.9102001188385,103.44060591537415,688.5691062991441,4180.978909666708,142.82207412338988,2613.467313621187,4175.843743221834
patient_018,817.0,32.68,48.720726100833915,40.08036625145088,2866.859029162872,82.3062407358739,-528.3591294875063,4184.271159296143,69.90735787855199,-1822.8679061209473,4178.640037536976
patient_018,818.0,32.72,48.65277750244108,-1.6987149598207907,2868.80514026297,80.75068746161618,-38.88883185644296,4187.501186794609,74.12240464110015,105.37616906370388,4181.6049337226195
patient_018,819.0,32.76,29.669123165222548,-474.5913584304634,2869.9919051895786,4.69517862734936,-1901.3877208566705,4187.688993939702,17.121696086181256,-1425.017713872972,4182.289801566067
patient_018,820.0,32.8,24.699194882956338,-124.24820705665525,2870.9798729848967,68.06147032085381,1584.1572923376114,4190.411452752536,32.40386547174029,382.05423463897586,4183.585956184937
patient_018,821.0,32.84,9.635118326254316,-376.6019139175505,2871.365277717947,21.222430711568332,-1170.975990232137,4191.260349980999,11.161359175417306,-531.0626574080745,4184.032410551953
patient_018,822.0,32.88,38.94965478117013,732.8634113728955,2872.923263909194,73.95527260588038,1318.321047357801,4194.218560885234,57.591646234874176,1160.757176486422,4186.336076401348
patient_018,823.0,32.92,14.777193875940387,-604.3115226307436,2873.5143516642315,75.28857292980449,33.332508098102664,4197.230103802426,3.3257479399238434,-1356.6474573737582,4186.469106318945
patient_018,824.0,32.96,23.501713934602513,218.11300146655316,2874.4544202216157,78.07146861835825,69.57239221384413,4200.35296254716,68.27430412063785,1623.71390451785,4189.20007848377
patient_018,825.0,33.0,5.239009419146968,-456.56761288638864,2874.6639805983814,34.18124111613688,-1097.2556875555342,4201.720212191806,150.1608479936515,2047.1635968253408,4195.206512403517
patient_018,826.0,33.04,37.82960892412004,814.7649876243267,2876.1771649553466,72.17056163725279,949.7330130278976,4204.607034657296,470.50314726870135,8008.557481876247,4214.026638294265
patient_018,827.0,33.08,48.587379708565635,268.94426961113993,2878.120660143689,68.45297626809732,-92.9396342288868,4207.34515370802,148.989355510785,-8037.844793947908,4219.986212514696
patient_018,828.0,33.12,207.66822046754402,3977.0210189744594,2886.427388962391,220.47933156341887,3800.6588823830384,4216.164326970556,1014.8183229155296,21645.724185118615,4260.578945431317
patient_018,829.0,33.16,186.96853620029577,-517.4921066812061,2893.9061304104025,394.8006494361474,4358.0329468182135,4231.956352948002,242.4604213880982,-19308.947538185785,4270.277362286841
patient_018,830.0,33.2,177.92877638624898,-225.99399535116973,2901.0232814658525,355.81932337731314,-974.5331514708568,4246.189125883095,522.5161193100778,7001.39244804949,4291.178007059244
patient_018,831.0,33.24,230.0374838188134,1302.7176858141104,2910.2247808186053,443.0390672748903,2180.4935974394284,4263.91068857409,449.34644798326974,-1829.241783170201,4309.151864978575
patient_018,832.0,33.28,26.503171145398905,-5088.357816835362,2911.284907664421,95.65349090699694,-8684.639409197334,4267.736828210371,97.31068993987697,-8800.89395108482,4313.04429257617
patient_018,833.0,33.32,262.57892075490923,5901.893740237758,2921.788064494617,427.82076453752643,8304.181840763238,4284.849658791872,369.95922119872046,6816.213281471088,4327.842661424119
patient_018,834.0,33.36,207.592866297496,-1374.6513614353312,2930.0917791465167,541.6722565823319,2846.287301120137,4306.516549055164,437.61963201836,1691.5102704909884,4345.347446704854
patient_018,835.0,33.4,279.5190088760578,1798.1535644640453,2941.272539501559,268.4668587418101,-6830.134946013045,4317.255223404837,286.8994124595119,-3768.0054889712023,4356.823423203234
patient_018,836.0,33.44,204.5489288920071,-1874.2519996012675,2949.4544966572394,315.0467179513673,1164.496480238931,4329.857092122892,373.97872095977533,2176.982712506586,4371.782572041624
patient_018,837.0,33.48,241.8093913591441,931.5115616784248,2959.1268723116054,335.9401767738056,522.336470560957,4343.294699193844,356.21200822917126,-444.16781826510174,4386.031052370791
patient_018,838.0,33.52,297.6924560296376,1397.0766167623374,2971.0345705527907,288.9478907914506,-1174.8071495588747,4354.852614825501,251.99146193368017,-2605.5136573872774,4396.110710848138
patient_018,839.0,33.56,157.73708169759743,-3498.884358301004,2977.3440538206946,194.18053052207904,-2369.1840067342896,4362.619836046385,172.9759417510387,-1975.3880045660367,4403.029748518179
patient_018,840.0,33.6,301.1749739303519,3585.9473058188614,2989.3910527779085,334.016567575646,3495.9009263391736,4375.980498749411,213.75350564481926,1019.4390973445138,4411.579888743972
patient_018,841.0,33.64,122.97282025884306,-4455.053841787721,2994.3099655882625,118.61631300454543,-5385.006364277514,4380.725151269592,71.21136253575385,-3563.5535777266355,4414.428343245403
patient_018,842.0,33.68,87.87056757606032,-877.5563170695683,2997.8247882913047,144.09472657542412,636.9603392719672,4386.48894033261,90.2182183141086,475.1713944588687,4418.037071977968
patient_018,843.0,33.72,51.95453237300193,-897.9008800764598,2999.9029695862246,128.56488276818177,-388.2460951810586,4391.631535643337,211.59876405003507,3034.513643398162,4426.501022539969
patient_018,844.0,33.76,94.9301101006095,1074.389443190189,3003.7001739902494,227.55025507996243,2474.634307794516,4400.733545846535,264.73913168706434,1328.5091909257317,4437.090587807452
patient_018,845.0,33.8,57.58682318400419,-933.5821729151327,3006.0036469176093,60.643853931153515,-4172.660028720223,4403.159300003781,89.88015472568969,-4371.474424034366,4440.685793996479
patient_018,846.0,33.84,34.26121531697865,-583.1401966756384,3007.3740955302883,78.81142746824624,454.18933842731803,4406.3117571025105,187.23269649452644,2433.8135442209186,4448.17510185626
patient_018,847.0,33.88,25.563705625140003,-217.4377422959662,3008.396643755294,34.777809673783366,-1100.8404448615718,4407.7028694894625,197.9038377351483,266.7785310155466,4456.091255365666
patient_018,848.0,33.92,33.063807278605836,187.50254133664583,3009.7191960464384,55.76293400694921,524.628108329146,4409.933386849741,177.14913509173167,-518.8675660854159,4463.177220769336
patient_018,849.0,33.96,15.492876447037963,-439.2732707891968,3010.33891110432,37.31432084851965,-461.215328960739,4411.425959683681,55.83866010206675,-3032.761874741623,4465.410767173418
patient_018,850.0,34.0,19.04128946625721,88.71032548048122,3011.10056268297,30.2855023568193,-175.72046229250873,4412.637379777954,49.10535425362056,-168.33264621115464,4467.3749813435625
patient_018,851.0,34.04,33.3569535130301,357.8916011693222,3012.434840823492,59.07189024724512,719.6596972606455,4415.000255387844,582.4001934689136,13332.370980382326,4490.6709890823195
patient_018,852.0,34.08,59.2654584066602,647.7126223407525,3014.8054591597584,63.3739742906722,107.55210108567698,4417.535214359471,201.50218125211984,-9522.450305419843,4498.731076332404
patient_018,853.0,34.12,9.630757790281718,-1240.867515409462,3015.1906894713693,31.929883271039138,-786.1022754908266,4418.812409690312,33.36937355182373,-4203.320192507403,4500.065851274477
patient_018,854.0,34.16,31.121262551616372,537.2626190333664,3016.435539973434,45.807820296371744,346.94842563331514,4420.644722502167,110.23566817474523,1921.6573655730376,4504.475278001467
patient_018,855.0,34.2,92.87713675404602,1543.8968550607412,3020.150625443596,172.53295482363987,3168.128363181703,4427.546040695112,123.41206142357522,329.4098312207499,4509.41176045841
patient_018,856.0,34.24,41.54944965092118,-1283.192177578121,3021.812603429633,49.274630056874116,-3081.4581191691436,4429.517025897387,147.29433431311733,597.0568222385527,4515.303533830935
patient_018,857.0,34.28,31.401954383091525,-253.68738169574146,3023.0686816049565,33.96943534885092,-382.62986770057984,4430.875803311341,108.27322142226895,-975.5278222712096,4519.634462687824
patient_018,858.0,34.32,7.767038919468678,-590.8728865905712,3023.3793631617355,34.95132389661113,24.547213694005166,4432.273856267206,51.333498723811154,-1423.4930674614448,4521.687802636777
patient_018,859.0,34.36,23.40130841331821,390.8567373462382,3024.315415498268,69.18584173605274,855.8629459860402,4435.041289936647,57.10399547339587,144.26241873961789,4523.971962455713
patient_018,860.0,34.4,35.77199052431291,309.2670527748676,3025.7462951192406,70.16511892456582,24.48192971282701,4437.84789469363,16.47051450683275,-1015.837024164078,4524.6307830359865
patient_018,861.0,34.44,29.836180806557945,-148.3952429438742,3026.9397423515024,54.92036337894497,-381.11888864052116,4440.044709228788,53.103892977829545,915.8344617749199,4526.7549387551
patient_018,862.0,34.48,23.0471208982117,-169.72649770865615,3027.8616271874307,73.31001985849264,459.7414119886917,4442.977110023127,59.4234092764127,157.98790746457883,4529.131875126156
patient_018,863.0,34.52,73.42589110484796,1259.4692551659066,3030.798662831625,134.08121465906135,1519.2798700142177,4448.34035860949,91.82211682564001,809.9676887306828,4532.804759799182
patient_018,864.0,34.56,48.22951792969336,-629.9093293788651,3032.727843548813,46.81877264713601,-2181.5610502981335,4450.213109515375,128.84551894238234,925.5850529185583,4537.958580556877
patient_018,865.0,34.6,150.87872697027893,2566.2302260146394,3038.7629926276236,114.168889644016,1683.7529249219997,4454.779865101136,26.55522113794055,-2557.257445111045,4539.020789402394
patient_018,866.0,34.64,195.06709140593978,1104.709110891521,3046.565676283861,192.98278259729716,1970.347323832029,4462.499176405028,365.85383359498053,8482.465311426,4553.654942746194
patient_018,867.0,34.68,279.35308804943287,2107.1499160873273,3057.7397998058386,287.98275897319945,2374.9994093975574,4474.018486763956,557.2234951836253,4784.24153971612,4575.943882553539
patient_018,868.0,34.72,385.17997399338674,2645.672148598847,3073.1469987655746,376.3125685143114,2208.245238527799,4489.070989504528,83.63963474843287,-11839.596510879812,4579.289467943476
patient_018,869.0,34.76,371.2398530563932,-348.50302342483843,3087.9965928878305,469.4282150328398,2327.8911629632094,4507.848118105842,438.13875486478065,8862.478002908694,4596.815018138067
patient_018,870.0,34.8,371.4771555416251,5.932562130797692,3102.855679109495,513.8235612016281,1109.8836542197078,4528.401060553907,441.5901151440937,86.28400698282661,4614.478622743831
patient_018,871.0,34.84,373.6122944736474,53.378473300557516,3117.800170888441,452.18113848287743,-1541.0605679687662,4546.4883060932225,614.7862090903591,4329.902348656634,4639.070071107445
patient_018,872.0,34.88,256.3003225782721,-2932.7992973843834,3128.0521837915717,845.1257071013018,9823.61421546061,4580.293334377274,65.18370177527649,-13740.062682877064,4641.677419178456
patient_018,873.0,34.92,245.2892972310566,-275.275633680387,3137.863755680814,867.0565205714012,548.2703367524834,4614.975595200131,430.63016129398505,9136.161487967714,4658.902625630216
patient_018,874.0,34.96,294.81457243391884,1238.1318800715562,3149.6563385781706,360.8426435225126,-12655.346926222213,4629.409300941031,366.27906025041284,-1608.7775260893054,4673.553788040232
patient_018,875.0,35.0,399.3112644947706,2612.4173015212946,3165.6287891579614,349.764237767802,-276.9601438677654,4643.399870451743,309.7286662765464,-1413.7598493466612,4685.942934691294
patient_018,876.0,35.04,368.1264592980295,-779.6201299185284,3180.3538475298824,775.0391621030816,10631.87310838199,4674.4014369358665,413.84663894007883,2602.949316588311,4702.496800248897
patient_018,877.0,35.08,225.5493970022057,-3564.426557395595,3189.3758234099705,186.46078584928227,-14714.459406344982,4681.859868369837,323.30728953063516,-2263.483735236092,4715.429091830123
patient_018,878.0,35.12,251.43200049633327,647.0650873531895,3199.4331034298243,356.7562875881823,4257.387543472501,4696.130119873365,495.5985882269066,4307.282467406786,4735.253035359198
patient_018,879.0,35.16,282.11690524496436,767.1226187157771,3210.7177796396227,251.46811982683974,-2632.2041940335644,4706.188844666439,312.5525467802082,-4576.151036167459,4747.755137230407
patient_018,880.0,35.2,515.5502164641806,5835.832780480407,3231.33978829819,325.4893664680489,1850.531166030229,4719.20841932516,123.0525986323286,-4737.498703696991,4752.6772411757
patient_018,881.0,35.24,569.3478923735106,1344.9418977332498,3254.1137039931305,216.35952996920642,-2728.245912471062,4727.862800523929,191.76284413695404,1717.7561376156361,4760.347754941179
patient_018,882.0,35.28,194.47089944420378,-9371.92482323267,3261.8925399708987,22.224296491446438,-4853.380836943999,4728.751772383586,155.0335306770617,-918.2328364973089,4766.549096168261
patient_018,883.0,35.32,173.34193674858233,-528.2240673905363,3268.826217440842,27.406933952593466,129.5659365286757,4729.84804974169,93.19210449990761,-1546.035654428852,4770.2767803482575
patient_018,884.0,35.36,45.13893669956689,-3205.0750012253857,3270.631774908825,8.311931384481278,-477.37506420280465,4730.180526997069,109.49456617084527,407.5615417734415,4774.656562995091
patient_018,885.0,35.4,62.76950668256976,440.7642495750718,3273.142555176127,35.81691311538209,687.6245432725204,4731.613203521684,48.23078921205994,-1531.5944239696335,4776.5857945635735
patient_018,886.0,35.44,18.62795427336437,-1103.5388102301347,3273.887673347062,44.93759061552061,228.016937503463,4733.410707146305,82.314707559881,852.0979586955266,4779.878382865969
patient_018,887.0,35.48,77.924411102163,1482.411420719966,3277.004649791149,56.46537156070764,288.19452362967564,4735.669322008734,15.119648837485324,-1679.8764680598917,4780.483168819468
patient_018,888.0,35.52,59.559372387209535,-459.12596787383677,3279.3870246866372,64.69928399842948,205.84781094304603,4738.2572933686715,51.18026654453533,901.5154426762501,4782.530379481249
patient_018,889.0,35.56,37.80334786515166,-543.900613051447,3280.8991586012435,44.699614414944875,-499.9917395871151,4740.045277945269,31.904324938231376,-481.8985401575988,4783.806552478779
patient_018,890.0,35.6,23.025866681673463,-369.43702958695485,3281.82019326851,16.00666514288653,-717.3237318014586,4740.685544550985,56.49445266068052,614.7531930612287,4786.066330585206
patient_018,891.0,35.64,54.671057125450844,791.1297610944346,3284.007035553528,15.724474969493546,-7.054754334824587,4741.314523549764,56.487303225508676,-0.17873587929617685,4788.325822714227
patient_018,892.0,35.68,42.68459247627608,-299.6616162293691,3285.7144192525793,24.08689708218946,209.06055281739785,4742.277999433052,17.597746596082082,-972.2389157356648,4789.029732578069
patient_018,893.0,35.72,52.10323758613801,235.46612774654818,3287.7985487560245,16.937422595913734,-178.73686215689312,4742.955496336889,78.68998108899372,1527.305862322791,4792.177331821629
patient_018,894.0,35.76,25.493435531673764,-665.2450513616061,3288.818286177292,33.047676024485455,402.756335714293,4744.277403377868,48.00157594923987,-767.2101284938461,4794.097394859598
patient_018,895.0,35.8,26.859945440221757,34.16274771369983,3289.892683994901,36.099432223392135,76.29390497266701,4745.721380666803,44.212079523509814,-94.73741064325142,4795.865878040539
patient_018,896.0,35.84,52.77781832332651,647.9468220776188,3292.0037967278345,31.03876518666124,-126.51667591827236,4746.96293127427,20.8504410249928,-584.0409624629253,4796.699895681539
patient_018,897.0,35.88,71.33622010810045,463.96004461934854,3294.8572455321582,43.82556640261601,319.6700303988693,4748.715953930375,39.34106444798352,462.26558557476795,4798.273538259458
patient_018,898.0,35.92,50.76758771295644,-514.2158098786002,3296.8879490406766,63.238503093720276,485.3234172776066,4751.245494054124,34.3292182086614,-125.29615598305296,4799.6467069878045
patient_018,899.0,35.96,6.741563400212695,-1100.6506078185935,3297.1576115766848,12.512744628977611,-1268.1439616185667,4751.746003839283,42.18950655683782,196.50720870441046,4801.334287250078
patient_018,900.0,36.0,48.41142305324327,1041.7464913257643,3299.0940684988145,12.168799219365331,-8.598635240306995,4752.232755808057,28.470142560993974,-342.98409989609615,4802.473092952518
patient_018,901.0,36.04,49.497852372829236,27.160732989649183,3301.073982593728,39.205074960966584,675.9068935400313,4753.800958806496,6.519861693265613,-548.757021693209,4802.733887420249
patient_018,902.0,36.08,27.33188518411084,-554.1491797179599,3302.1672580010927,14.462380432025206,-618.5673632235345,4754.379454023777,30.76230743748631,606.0611436055174,4803.964379717748
patient_018,903.0,36.12,10.193505105931717,-428.459501954478,3302.57499820533,24.0740547439257,240.29185779751234,4755.342416213533,23.59608165417095,-179.15564458288404,4804.908222983915
patient_018,904.0,36.16,13.521491183258652,83.19965193317339,3303.11585785266,7.94166622630074,-403.309712940624,4755.660082862585,22.403104797137157,-29.824421425844783,4805.8043471758
patient_018,905.0,36.2,41.91783313402469,709.9085487691509,3304.792571178021,10.55880202408856,65.42839494469553,4756.082434943549,34.717133724378094,307.8507231810234,4807.193032524776
patient_018,906.0,36.24,47.15043105247515,130.81494796126148,3306.67858842012,5.150307845927809,-135.2123544540188,4756.288447257386,8.764256650877691,-648.8219268375101,4807.543602790811
patient_018,907.0,36.28,34.23056946477244,-322.9965396925678,3308.047811198711,8.34286723020491,79.8139846069275,4756.622161946594,10.207803234254007,36.088664584407894,4807.951914920181
patient_018,908.0,36.32,18.44214015500228,-394.7107327442539,3308.785496804911,12.681450770511862,108.46458850767382,4757.129419977415,20.307141136436623,252.48344755456543,4808.764200565638
patient_018,909.0,36.36,19.907245535368027,36.62763450914363,3309.581786626326,19.30418926814815,165.56846244090718,4757.901587548141,16.435241176585215,-96.7974989962852,4809.421610212701
patient_018,910.0,36.4,15.449377661855806,-111.44669683780552,3310.1997617328,21.46133554035001,53.9286568050465,4758.760040969755,12.964978219962491,-86.7565739155681,4809.9402093415
patient_018,911.0,36.44,39.0500149827745,590.0159330229674,3311.761762332111,10.974666569047887,-262.1667242825531,4759.199027632517,25.830170327124822,321.6298026790583,4810.973416154585
patient_018,912.0,36.48,58.43468123434572,484.61665628928046,3314.099149581485,19.58182623848859,215.17899173601754,4759.982300682056,11.13082346734676,-367.4836714944516,4811.418649093279
patient_018,913.0,36.52,19.669737133010987,-969.1236025333684,3314.8859390668053,36.783186241455596,430.0340000741752,4761.453628131715,19.269289996931015,203.46166323960637,4812.189420693156
patient_018,914.0,36.56,9.144797845408352,-263.1234821900659,3315.2517309806217,22.68186258348214,-352.5330914493364,4762.360902635054,32.68884394971861,335.4888488196899,4813.4969744511445
patient_018,915.0,36.6,16.994150738317693,196.23382232273352,3315.9314970101545,28.20819052192946,138.158198461183,4763.489230255931,10.194452468266592,-562.3597870363005,4813.9047525498745
patient_018,916.0,36.64,24.04971932551545,176.38921467994396,3316.893485783175,29.096044392149903,22.196346755511076,4764.653072031617,39.26339682264257,726.7236088593995,4815.475288422781
patient_018,917.0,36.68,13.705419626903153,-258.6074924653075,3317.441702568251,14.598949306826668,-362.4273771330809,4765.23703000389,10.86903622983243,-709.8590148202535,4815.9100498719745
patient_018,918.0,36.72,7.826884185100858,-146.96338604505738,3317.754777935655,21.318838028368642,167.99721803854933,4766.089783525025,16.253303741623593,134.60668779477908,4816.560182021639
patient_018,919.0,36.76,33.59778629354576,644.2725527111226,3319.0986893873965,4.87474886733702,-411.1022290257905,4766.284773479719,24.170198668783836,197.92237317900606,4817.526989968391
patient_018,920.0,36.8,40.41593656867646,170.45375687826746,3320.715326850144,8.772151688068503,97.43507051828706,4766.635659547242,26.224966224987487,51.36918890509126,4818.57598861739
patient_018,921.0,36.84,22.959417295281042,-436.4129818348854,3321.6337035419547,18.042551732479208,231.7600011102676,4767.35736161654,18.518054719473355,-192.6727876378533,4819.316710806169
patient_018,922.0,36.88,37.94412929429395,374.6177999753227,3323.1514687137264,3.1114343686007575,-373.27793409696125,4767.481818991285,11.545893704336551,-174.30402537842008,4819.778546554342
patient_018,923.0,36.92,18.91017773181013,-475.84878906209553,3323.907875822999,21.834090929928866,468.0664140332027,4768.355182628482,23.903202684124125,308.93272449468935,4820.734674661708
patient_018,924.0,36.96,39.328590483795075,510.4603187996236,3325.4810194423508,23.402811560483403,39.218015763863434,4769.291295090901,16.333293121704585,-189.24773906048847,4821.388006386575
patient_018,925.0,37.0,12.662419949491547,-666.6542633575882,3325.987516240331,13.46292845844207,-248.49707755103333,4769.829812229239,5.815460897776377,-262.94580559820525,4821.620624822486
patient_018,926.0,37.04,31.478974380255057,470.41386076908776,3327.246675215541,5.970566118965745,-187.30905848690813,4770.068634873997,15.426127309731607,240.26666029888074,4822.237669914876
patient_018,927.0,37.08,24.801620813013695,-166.93383918103405,3328.2387400480616,13.610582251516055,191.00040331375777,4770.613058164058,7.498426101929071,-198.1925301950634,4822.537606958953
patient_018,928.0,37.12,18.555975697389755,-156.1411278905985,3328.9809790759573,12.992297624732297,-15.457115669593957,4771.132750069048,3.2103340553233424,-107.2023011651432,4822.666020321166
patient_018,929.0,37.16,16.223982175921215,-58.2998380367135,3329.629938362994,31.130550592621873,453.45632419723944,4772.377972092752,23.24544701593894,500.8778240153899,4823.595838201803
patient_018,930.0,37.2,32.002649573563914,394.4666849410675,3330.9100443459365,13.134380540046786,-449.90425131437723,4772.9033473143545,13.908775227504613,-233.41679471085817,4824.152189210904
patient_018,931.0,37.24,26.967590612082077,-125.87647403704594,3331.98874797042,12.087023671361752,-26.18392171712585,4773.386828261209,32.97074581327675,476.54926464430343,4825.471019043435
patient_018,932.0,37.28,10.961322818190744,-400.1566948472833,3332.427200883147,11.60367136762166,-12.083807593502316,4773.850975115914,29.601916342229966,-84.22073677616959,4826.655095697124
patient_018,933.0,37.32,6.872070112436922,-102.23131764384557,3332.702083687645,25.561224578971956,348.9388302837574,4774.8734240990725,21.84637546913492,-193.88852182737617,4827.52895071589
patient_018,934.0,37.36,22.19406012301744,383.0497502645129,3333.5898460925655,22.37664802542813,-79.61441383859568,4775.768490020089,54.189125020775194,808.5687387910068,4829.696515716721
patient_018,935.0,37.4,87.85251100224335,1641.4612719806478,3337.1039465326553,109.81102687303257,2185.8594711901114,4780.160931095012,88.95673329541738,869.1902068660546,4833.254785048537
patient_018,936.0,37.44,69.83029564360956,-450.55538396584467,3339.8971583584,125.31162404073415,387.5149291925393,4785.173396056641,160.71224819415139,1793.8878724683502,4839.683274976303
patient_018,937.0,37.48,108.51774442506787,967.1862195364579,3344.2378681354026,144.68311204028984,484.28719998889244,4790.960720538253,118.70773049276951,-1050.1129425345468,4844.431584196014
patient_018,938.0,37.52,113.2936965219626,119.39880242236818,3348.769615996281,258.2027863640196,2837.991858093243,4801.288831992813,98.25016556127909,-511.4391232872606,4848.361590818465
patient_018,939.0,37.56,273.4586609454047,4004.124110586052,3359.7079624340968,169.25093419450388,-2223.7963042378924,4808.058869360593,228.02586681797237,3244.392531417332,4857.482625491184
patient_018,940.0,37.6,171.6936042464803,-2544.1264174731095,3366.575706603956,233.93673529350363,1617.1450274749936,4817.416338772334,130.87715814272772,-2428.7177168811163,4862.717711816893
patient_018,941.0,37.64,168.25113688273362,-86.06168409366717,3373.305752079266,46.7367590303814,-4679.999406578056,4819.285809133548,35.1497974049072,-2393.184018445513,4864.1237037130895
patient_018,942.0,37.68,84.68300201856955,-2089.2033716041014,3376.693072160009,296.0790573736511,6233.557458581743,4831.128971428495,347.4957933410623,7808.649898403878,4878.023535446732
patient_018,943.0,37.72,356.7613888723038,6801.9596713433575,3390.9635277149005,433.36390481462394,3432.121186024321,4848.463527621079,639.7144495539274,7305.466405321626,4903.612113428889
patient_018,946.0,37.84,,,3390.9635277149005,,,4848.463527621079,,,4903.612113428889
patient_018,947.0,37.88,399.57756693809375,,3406.9466303924246,561.4502009084295,,4870.921535657417,716.6922406838269,,4932.279803056242
patient_018,948.0,37.92,432.42282680560885,821.1314966878774,3424.2435434646486,441.623338101305,-2995.671570178111,4888.586469181469,437.7836347344199,-6972.715148735175,4949.791148445618
patient_018,949.0,37.96,334.49939049364207,-2448.0859077991695,3437.623519084394,326.6880304838437,-2873.382690436533,4901.653990400822,214.21279147400165,-5589.271081510456,4958.359660104578
patient_018,950.0,38.0,103.93346805530685,-5764.1480609583805,3441.780857806606,129.1242728993135,-4939.093939613255,4906.818961316795,80.28062671184922,-3348.30411905381,4961.570885173052
patient_018,951.0,38.04,97.59855637445823,-158.3727920212155,3445.6848000615846,87.7867676353758,-1033.4376315984425,4910.33043202221,125.52720148111736,1131.1643692317034,4966.591973232297
patient_018,952.0,38.08,55.70956201520258,-1047.2248589813912,3447.9131825421923,21.387172965611228,-1659.9898667441141,4911.185918940834,70.53804925724872,-1374.728805596716,4969.413495202587
patient_018,953.0,38.12,59.86294077545613,103.83446900633882,3450.307700173211,57.79918035226684,910.3001846663902,4913.497886154924,57.11395722417999,-335.60230082671814,4971.698053491554
patient_018,954.0,38.16,52.40037448443779,-186.5641572754585,3452.4037151525886,91.46433482686864,841.628861865045,4917.1564595479995,289.3935673616235,5806.990253436088,4983.273796186018
patient_018,955.0,38.2,27.241734462125923,-628.9660005577967,3453.4933845310734,73.47972034216829,-449.6153621175086,4920.0956483616865,256.7023298624224,-817.2809374800281,4993.541889380515
patient_018,956.0,38.24,16.547785283094633,-267.34872947578225,3454.155295942397,65.6424089532425,-195.93278472314495,4922.7213447198155,70.55799665328563,-4653.60833022842,4996.364209246647
patient_018,957.0,38.28,39.96881470100775,585.525735447828,3455.754048530437,83.52525006637796,447.0710278283867,4926.06235472247,34.35349675072242,-905.1124975640802,4997.7383491166765
patient_018,958.0,38.32,105.25951446360617,1632.2674940649606,3459.964429108981,251.245364750763,4193.002867109626,4936.1121693125015,76.02979754383281,1041.9075198277599,5000.77954101843
patient_018,959.0,38.36,142.183566907183,923.101311089421,3465.651771785269,310.36534855824686,1477.9995951870965,4948.526783254831,222.82475463865353,3669.873927370518,5009.692531203976
patient_018,960.0,38.4,151.20238691977275,225.47050031474356,3471.69986726206,145.28468330180064,-4127.016631411156,4954.338170586903,160.2870594260138,-1563.4423803159934,5016.104013581016
patient_018,961.0,38.44,214.2842344023373,1577.0461870641136,3480.2712366381534,142.99872435600318,-57.14897364493652,4960.058119561143,231.35622362850717,1776.7291050623342,5025.358262526157
patient_018,962.0,38.48,194.61320151551234,-491.77582217062366,3488.055764698774,183.02810085774544,1000.7344125435566,4967.379243595453,119.62522941321394,-2793.2748553823308,5030.1432717026855
patient_018,963.0,38.52,268.5853814458906,1849.304498259457,3498.79917995661,262.33339936694483,1982.6324627299848,4977.872579570131,158.43070357254845,970.1368539833627,5036.4804998455875
patient_018,964.0,38.56,234.03216695879294,-863.8303621774419,3508.1604666349613,179.65989257045538,-2066.8376699122364,4985.058975272949,307.4852697408133,3726.364154206621,5048.77991063522
patient_018,965.0,38.6,240.502577809586,161.76027126982646,3517.7805697473445,488.81700284626396,7728.927756895215,5004.6116553868,165.27940881477775,-3555.1465231508887,5055.391086987811
patient_018,966.0,38.64,256.17506798323126,391.81225434113145,3528.027572466674,285.25448664756965,-5089.062904967358,5016.021834852702,412.5842314336084,6182.620565470766,5071.894456245155
patient_018,967.0,38.68,244.7062119035182,-286.72140199282626,3537.815820942815,286.92788706544036,41.83501044676774,5027.49895033532,252.6126002706751,-3999.2907790733325,5081.998960255983
patient_018,968.0,38.72,176.19764823276194,-1712.7140917689069,3544.8637268721254,347.59638623083094,1516.7124791347646,5041.4028057845535,411.0359779196262,3960.584441223777,5098.440399372767
patient_018,969.0,38.76,185.63614968750352,235.9625363685396,3552.2891728596255,414.0375009229512,1661.0278673030066,5057.964305821471,188.43908633306552,-5564.922289664017,5105.97796282609
patient_018,970.0,38.8,60.865409079105966,-3119.2685152099384,3554.72378922279,29.84751315447175,-9604.749694211987,5059.15820634765,61.47892737936083,-3174.003973842617,5108.437119921265
patient_018,971.0,38.84,229.33905048817522,4211.841035226731,3563.8973512423167,402.9654373332201,9327.948104468709,5075.276823840978,499.40488233112836,10948.148873794189,5128.41331521451
patient_018,972.0,38.88,115.38672720947514,-2848.808081967502,3568.512820330696,135.47541086334553,-6687.250661746864,5080.695840275513,137.67528992303804,-9043.239810202258,5133.920326811431
patient_018,973.0,38.92,39.47300936651028,-1897.8429460741215,3570.091740705356,69.44088741474377,-1650.863086215044,5083.473475772103,92.2498186867922,-1135.636780906146,5137.610319558902
patient_018,974.0,38.96,56.182296764570815,417.7321849515133,3572.339032575939,83.04229035266161,340.035073447946,5086.795167386209,80.67428967976758,-289.38822517561533,5140.837291146093
patient_018,975.0,39.0,42.39621947901643,-344.6519321388596,3574.0348813551,73.56186677626683,-237.01058940986962,5089.737642057259,123.771355699446,1077.4266504919606,5145.788145374071
patient_018,976.0,39.04,47.033416246335065,115.92991918296588,3575.916218004954,103.17738730030932,740.3880131010624,5093.864737549272,365.21871279280646,6036.183927334011,5160.396893885783
patient_018,977.0,39.08,110.20860829386615,1579.379801188277,3580.3245623367084,132.08724080355879,722.7463375812366,5099.148227181414,63.56462218457458,-7541.352265205796,5162.939478773166
patient_018,978.0,39.12,136.3259403599757,652.9333016527389,3585.7775999511073,207.88967431392732,1895.0608377592132,5107.463814153972,115.49851585560167,1298.3473417756773,5167.55941940739
patient_018,979.0,39.16,229.34075008629034,2325.370243157866,3594.951229954559,138.83360824825678,-1726.4016516417635,5113.017158483902,64.90087573125618,-1264.9410031086372,5170.155454436641
patient_018,980.0,39.2,333.71636851186935,2609.3904606394754,3608.299884695034,204.36572604103105,1638.3029448193568,5121.191787525543,596.9584734488038,13301.43994293869,5194.033793374593
patient_018,981.0,39.24,54.83759462232955,-6971.969347238494,3610.493388479927,366.4771146622215,4052.784715529761,5135.8508721120315,70.51585966711067,-13161.065344542329,5196.854427761277
patient_018,982.0,39.28,358.34800381847344,7587.760229903597,3624.8273086326662,570.0693345695859,5089.8054976841095,5158.6536454948155,707.9053850100929,15934.738133574556,5225.17064316168
patient_018,983.0,39.32,541.733335181565,4584.63328407729,3646.4966420399287,1100.0702665028764,13250.023298332264,5202.65645615493,1047.3074520337425,8485.05167559124,5267.062941243031
patient_018,984.0,39.36,417.7485932943164,-3099.618547181217,3663.206585771701,454.45017358082293,-16140.502323051336,5220.834463098164,1004.9651171399055,-1058.5583723459251,5307.261545928627
patient_018,985.0,39.4,215.75583460969494,-5049.818967115536,3671.836819156089,238.83977775880814,-5390.25989555037,5230.388054208516,250.9399428528588,-18850.629357176167,5317.299143642741
patient_018,986.0,39.44,325.13043687515903,2734.3650566366023,3684.842036631095,185.51162439674857,-1333.2038340514891,5237.808519184387,367.1993343434902,2906.484787265785,5331.987117016481
patient_018,987.0,39.48,169.7632466845446,-3884.1797547653605,3691.6325664984765,175.4536770092843,-251.44868468660704,5244.8266662647575,107.94022799240213,-6481.477658777201,5336.304726136176
patient_018,988.0,39.52,118.4702438403345,-1282.3250711052526,3696.37137625209,81.088716593267,-2359.1240104004323,5248.070214928489,209.63149789739774,2542.28174762489,5344.689986052073
patient_018,989.0,39.56,32.85792883396308,-2140.3078751592857,3697.6856934054485,117.52294399542849,910.8556850540374,5252.771132688305,282.7129775964754,1827.0369924769418,5355.9985051559315
patient_018,990.0,39.6,81.6090070676473,1218.7769558421055,3700.9500536881546,100.06107953828685,-436.5466114285411,5256.773575869837,235.48145467770675,-1180.7880729692165,5365.41776334304
patient_018,991.0,39.64,29.34250483706356,-1306.6625557645934,3702.123753881637,18.161349216047853,-2047.4932580559748,5257.500029838478,109.46997539036023,-3150.286982183663,5369.796562358654
patient_018,992.0,39.68,55.019233842714854,641.9182251412823,3704.3245232353456,185.540026850887,4184.466940870979,5264.921630912514,145.39757974932218,898.1901089740486,5375.612465548627
patient_018,993.0,39.72,56.89955151284574,47.00794175327214,3706.60050529586,66.79118794978676,-2968.7209725275056,5267.593278430506,81.61694902289852,-1594.5157681605913,5378.877143509543
patient_018,994.0,39.76,68.38860180641841,287.2262573393167,3709.3360493681166,15.652817288040666,-1278.4592665436523,5268.219391122027,134.43255873802119,1320.3902428780666,5384.254445859064
patient_018,995.0,39.8,92.11048418564987,593.0470594807865,3713.020468735542,162.04960672742635,3659.919735984642,5274.701375391125,59.926783930270524,-1862.6443701937667,5386.651517216274
patient_018,996.0,39.84,420.54872435818675,8210.956004313422,3729.84241770987,265.63644728387425,2589.6710139111974,5285.32683328248,439.34789545485785,9485.527788114683,5404.225433034469
patient_018,997.0,39.88,363.2922048931941,-1431.4129866248165,3744.374105905598,390.3485764287501,3117.8032286218963,5300.940776339629,308.9634690143912,-3259.6106610116663,5416.583971795044
patient_018,998.0,39.92,447.5110751957502,2105.4717575639033,3762.2745489134277,310.5375772564286,-1995.2749793080372,5313.362279429886,327.92805911982566,474.1147526358617,5429.701094159836
patient_018,999.0,39.96,378.61011437013866,-1722.5240206402887,3777.4189534882335,503.2034251660474,4816.64619774047,5333.490416436528,343.9435945192746,400.3883849862234,5443.458837940608
patient_018,1000.0,40.0,302.7685926279983,-1896.0380435535085,3789.529697193353,513.1891183336504,249.64232919007543,5354.0179811698745,548.4577461245065,5112.853790130796,5465.3971477855885
patient_018,1001.0,40.04,338.7192760419033,898.7670853476245,3803.078468235029,639.7617333823823,3164.3153762182974,5379.60845050517,645.1006379976305,2416.072296828102,5491.201173305493
patient_018,1002.0,40.08,88.06218450184488,-6266.427288501461,3806.600955615103,101.97733556046504,-13444.609945547933,5383.687543927588,94.28288278845744,-13770.443880229328,5494.972488617031
patient_018,1003.0,40.12,271.03499975525887,4574.320381335349,3817.4423556053134,465.3990862630823,9085.543767565432,5402.303507378112,604.4584019626822,12754.387979355619,5519.150824695538
patient_018,1004.0,40.16,326.08131530986816,1376.1578888652323,3830.485608217708,342.6936593257634,-3067.635673432973,5416.011253751142,573.0198025949048,-785.9649841944332,5542.071616799334
patient_018,1005.0,40.2,199.8908798511958,-3154.760886466809,3838.481243411756,206.30659112512996,-3409.6767050158364,5424.263517396147,110.24525704122851,-11569.363638841907,5546.481427080984
patient_018,1006.0,40.24,61.8277559906219,-3451.578096514347,3840.954353651381,159.29291000211103,-1175.342028075473,5430.635233796232,145.5841076664993,883.4712656317698,5552.304791387644
patient_018,1007.0,40.28,51.92571648660426,-247.5509876004411,3843.031382310845,107.26445572754926,-1300.711356864044,5434.925812025334,37.10265061546257,-2712.036426275918,5553.788897412263
patient_018,1008.0,40.32,63.326696026607216,285.0244885000739,3845.564450151909,21.04704408784067,-2155.4352909927147,5435.767693788848,35.36536793526373,-43.43206700497113,5555.203512129674
patient_018,1009.0,40.36,78.37449051597926,376.1948622343011,3848.6994297725487,107.63835462949383,2164.782763541329,5440.073227974028,325.27801662409536,7247.81621722079,5568.214632794638
patient_018,1010.0,40.4,104.28999897443063,647.8877114612842,3852.871029731526,203.0239922566344,2384.6409406785137,5448.194187664293,518.8637013378705,4839.642117844377,5588.969180848153
patient_018,1011.0,40.44,215.01912415137977,2768.2281294237287,3861.471794697581,351.2014602868995,3704.436700756627,5462.242246075769,287.85428597195164,-5775.235384147971,5600.483352287031
patient_018,1012.0,40.48,41.851419717264385,-4329.192610852885,3863.1458514862716,90.74697307408493,-6511.362180320364,5465.872124998731,36.562282248604646,-6282.300093083675,5601.945843576975
patient_018,1013.0,40.52,223.09989644683478,4531.21191823926,3872.069847344145,328.02326142006496,5931.907208649501,5478.993055455533,396.407556439016,8996.131854760284,5617.802145834536
patient_018,1014.0,40.56,309.30070676223625,2155.0202578850367,3884.4418756146347,411.3817440241294,2083.9620651016103,5495.448325216499,447.09592754835177,1267.2092777333944,5635.68598293647
patient_018,1015.0,40.6,190.06381458515702,-2980.9223044269806,3892.044428198041,436.5241150146418,628.5592747628101,5512.909289817085,379.91605421289273,-1679.4968333864758,5650.882625104987
patient_018,1016.0,40.64,253.24072091112012,1579.4226581490775,3902.174057034486,313.5553231430714,-3074.2197967892594,5525.451502742808,290.6631210420569,-2231.3233292708956,5662.509149946668
patient_018,1017.0,40.68,292.8616675970109,990.52366714727,3913.888523738366,304.3001284500614,-231.37986732525064,5537.62350788081,648.625708421372,8949.064684482877,5688.454178283523
patient_018,1018.0,40.72,153.81081617264442,-3476.2712856091625,3920.040956385272,144.48001582292068,-3995.5028156785174,5543.402708513728,111.98261421622541,-13416.077355128664,5692.933482852171
patient_018,1019.0,40.76,167.93842509697768,353.19022310833145,3926.7584933891508,120.90859330982097,-589.2855628274926,5548.23905224612,116.87542849482394,122.32035696496304,5697.608499991965
patient_018,1020.0,40.8,143.67409163056402,-606.6083366603415,3932.505457054373,84.9636328330609,-898.6240119190019,5551.637597559443,144.8171757420316,698.5436811801915,5703.401187021646
patient_018,1021.0,40.84,43.49276594210189,-2504.5331422115532,3934.2451676920573,50.797341939620225,-854.1572723360168,5553.669491237027,26.573492498492147,-2956.0920810884863,5704.464126721586
patient_018,1022.0,40.88,45.62356763097591,53.27004222185057,3936.0701103972965,27.849467838951128,-573.6968525167274,5554.783469950585,84.19810243200976,1440.6152483379406,5707.832050818866
patient_018,1023.0,40.92,34.74804687260698,-271.88801895922336,3937.460032272201,31.45738281498262,90.19787440078728,5556.041765263184,28.17492110220918,-1400.5795332450145,5708.959047662955
patient_018,1024.0,40.96,155.3904990155206,3016.06130357284,3943.6756522328214,165.92508502191214,3361.692555173238,5562.678768664061,132.80142906134546,2615.6626989784068,5714.271104825408
patient_018,1025.0,41.0,233.07120271974236,1942.0175926055442,3952.9985003416114,213.41497665224887,1187.2472907584183,5571.21536773015,240.65244156572,2696.275312609364,5723.897202488038
patient_018,1026.0,41.04,305.19638145235234,1803.1294683152496,3965.206355599705,309.8652970143684,2411.258009052989,5583.609979610725,151.52158998696186,-2228.271289468954,5729.958066087515
patient_018,1027.0,41.08,239.86752291908172,-1633.2214633317656,3974.8010565164686,173.9273854412306,-3398.4477893284457,5590.567075028374,231.31217690684605,1994.7646729971048,5739.21055316379
patient_018,1028.0,41.12,267.7313455807496,696.5955665416964,3985.510310339698,234.222186709218,1507.370031699685,5599.935962496744,355.95623298005086,3116.1014018301203,5753.448802482991
patient_018,1029.0,41.16,229.24980095687417,-962.0386155968852,3994.6803023779735,514.0696939195686,6996.187680258765,5620.498750253526,430.28152972295186,1858.132418572525,5770.660063671909
patient_018,1030.0,41.2,225.7940174778776,-86.39458697491449,4003.7120630770887,351.17314351401643,-4072.413760138805,5634.545675994087,358.3163036585095,-1799.1306516110583,5784.992715818249
patient_018,1031.0,41.24,223.2163867181987,-64.44076899197242,4012.6407185458165,167.88186843809706,-4582.281876897984,5641.260950731611,406.19680474378634,1197.0125271319205,5801.2405880080005
patient_018,1032.0,41.28,225.10174332283225,47.13391511583893,4021.6447882787297,341.3731742862872,4337.282646204754,5654.915877703062,203.05504158865338,-5078.544078878324,5809.362789671545
patient_018,1033.0,41.32,41.192021060405295,-4597.743056560674,4023.2924691211456,103.7627016144217,-5940.261816796638,5659.066385767638,62.857314033312086,-3504.943188883532,5811.877082232878
patient_018,1034.0,41.36,6.096995015702401,-877.3756511175723,4023.5363489217734,72.48176738181802,-782.0233558150921,5661.965656462911,54.229053943886086,-215.70650223565,5814.046244390634
patient_018,1035.0,41.4,82.00966700625027,1897.8167997636965,4026.8167356020235,290.61084489599546,5453.226937854435,5673.590090258751,194.2790624530351,3501.250212728725,5821.817406888756
patient_018,1036.0,41.44,142.8731149460256,1521.586198494383,4032.5316601998643,177.0983159590117,-2837.813223424594,5680.674022897112,206.417130344435,303.45169728499786,5830.074092102533
patient_018,1037.0,41.48,287.6870477856783,3620.348320991318,4044.0391421112913,276.7378507243094,2490.9883691324426,5691.743536926084,403.6228792767943,4930.143723308983,5846.219007273605
patient_018,1038.0,41.52,327.99797614760473,1007.7732090481604,4057.159061157195,426.9551250273053,3755.431857574898,5708.821741927177,547.9370162683117,3607.8534247879347,5868.136487924337
patient_018,1039.0,41.56,287.95910982456485,-1000.9716580759971,4068.6774255501778,420.4152726102895,-163.49631042539556,5725.638352831588,329.5781539943155,-5458.971556849904,5881.31961408411
patient_018,1040.0,41.6,344.1344464324175,1404.3834151963167,4082.4428034074745,543.5258028564263,3077.763256153419,5747.379384945845,746.0910748971415,10412.82302257065,5911.163257079997
patient_018,1041.0,41.64,371.2427489138893,677.7075620367939,4097.29251336403,464.9590270439777,-1964.169395311214,5765.977746027605,263.4826717679595,-12065.210078229551,5921.702563950716
patient_018,1042.0,41.68,289.2597028660507,-2049.5761511959645,4108.862901478672,283.91102174841717,-4526.200132389014,5777.334186897541,217.77891440893532,-1142.5939339756048,5930.413720527073
patient_018,1043.0,41.72,223.95419442272959,-1632.6377110830279,4117.821069255581,171.1150267706254,-2819.899874444794,5784.178787968366,484.12993596786,6658.775538973117,5949.778917965787
patient_018,1044.0,41.76,172.83109277411742,-1278.077541215304,4124.734312966546,114.42271178697118,-1417.3078745913558,5788.7556964398445,299.5027564000258,-4615.679489195854,5961.759028221788
patient_018,1045.0,41.8,112.12995484741246,-1517.528448167624,4129.2195111604415,199.5923200951608,2129.2402077047404,5796.739389243651,164.27574589853074,-3380.675262537377,5968.33005805773
patient_018,1046.0,41.84,50.91269805276989,-1530.4314198660643,4131.2560190825525,53.341595724972684,-3656.268109254703,5798.87305307265,92.04669448687702,-1805.7262852913432,5972.011925837204
patient_018,1047.0,41.88,35.06258766421977,-396.252759713753,4132.658522589121,52.66028268344421,-17.0328260382119,5800.979464379988,16.90590081989742,-1878.5198416744897,5972.68816187
patient_018,1048.0,41.92,27.33438670406694,-193.20502400382074,4133.751898057284,34.828781934587525,-445.7875187214171,5802.372615657372,66.4649488383351,1238.9762004609422,5975.346759823534
patient_018,1049.0,41.96,38.29247292710509,273.95215557595367,4135.283596974368,24.63624356501554,-254.81345923929962,5803.3580653999725,92.01690058013556,638.7987935450112,5979.0274358467395
patient_018,1050.0,42.0,105.35219124924313,1676.4929580534513,4139.497684624338,78.3738550128401,1343.440286195614,5806.493019600486,87.91658477491289,-102.5078951305666,5982.544099237736
patient_018,1051.0,42.04,217.24936617656923,2797.429373183152,4148.1876592714,226.60137915810918,3705.6881036317272,5815.557074766811,176.46311916189583,2213.6633596745737,5989.602624004212
patient_018,1052.0,42.08,240.82530194518725,589.3983942154506,4157.820671349207,199.92263076095577,-666.9687099288353,5823.553979997249,233.43287298153837,1424.2438454910634,5998.939938923473
patient_018,1053.0,42.12,300.9941203401681,1504.2204598745209,4169.860436162814,286.47011990650117,2163.687228638635,5835.01278479351,246.00637923714856,314.33765639025495,6008.7801940929585
patient_018,1054.0,42.16,292.5838696114342,-210.2562682183475,4181.563790947272,243.12385601880897,-1083.656597192305,5844.737739034263,291.94575104275066,1148.4842951400524,6020.458024134668
patient_018,1055.0,42.2,303.3507608245291,269.1722803273734,4193.697821380253,514.624626356825,6787.519258450402,5865.322724088535,382.36121126295234,2260.386505505042,6035.752472585187
patient_018,1056.0,42.24,314.59447795644473,281.0929282978904,4206.281600498511,215.69375180501896,-7473.271863795152,5873.950474160736,317.03955152034723,-1633.0414935651277,6048.434054646001
patient_018,1057.0,42.28,188.29977779236074,-3157.3675041020997,4213.813591610205,100.94819652989753,-2868.638881878036,5877.988402021932,279.00607143478203,-950.83700213913,6059.594297503392
patient_018,1058.0,42.32,193.1315831157589,120.79513308495393,4221.538854934835,508.71753870981917,10194.233554498041,5898.337103570325,393.3519500909313,2858.646966403732,6075.32837550703
patient_018,1059.0,42.36,239.11407755948906,1149.562361093254,4231.103418037214,223.11118819244766,-7140.1587629342885,5907.261551098022,475.43958773767855,2052.1909411686806,6094.345959016537
patient_018,1060.0,42.4,152.6802659308921,-2160.8452907149244,4237.21062867445,170.78515548776036,-1308.1508176171824,5914.092957317534,277.3062239482201,-4953.33409473646,6105.4382079744655
patient_018,1061.0,42.44,115.08391073858108,-939.9088798077752,4241.813985103993,82.0745014363821,-2217.7663512844565,5917.375937374989,226.08971064911287,-1280.4128324776811,6114.48179640043
patient_018,1062.0,42.48,62.632827528055685,-1311.2770802631348,4244.319298205115,90.57737572205525,212.57185714182862,5920.999032403871,88.97813808622129,-3427.7893140722895,6118.040921923878
patient_018,1063.0,42.52,44.18554603197798,-461.1820374019427,4246.0867200463945,38.61089999486895,-1299.1618931796575,5922.543468403666,38.566583192539625,-1260.2888723420417,6119.583585251579
patient_018,1064.0,42.56,31.113681885529093,-326.7966036612221,4247.331267321816,33.976023247009785,-115.87191869647917,5923.902509333546,32.58655389027883,-149.5007325565199,6120.887047407191
patient_018,1065.0,42.6,34.48077670036606,84.1773703709241,4248.710498389831,132.02310793290712,2451.177117147434,5929.183433650863,54.67552778363471,552.2243473338971,6123.074068518536
patient_018,1066.0,42.64,58.71721138194082,605.9108670393691,4251.059186845108,11.61396255972157,-3010.2286343296387,5929.647992153252,41.34469059518535,-333.27092971123415,6124.727856142343
patient_018,1067.0,42.68,62.405304928340655,92.20233865999586,4253.555399042241,40.90412822630782,732.2541416646562,5931.284157282304,29.94912546920111,-284.88912814960594,6125.92582116111
patient_018,1068.0,42.72,51.46912895644464,-273.40439929740035,4255.6141642004995,20.474587791540603,-510.7385108691804,5932.103140793965,79.5496612539437,1240.0133946185647,6129.107807611269
patient_018,1069.0,42.76,61.82118628832683,258.80143329705464,4258.087011652033,76.32966351350699,1396.3768930491597,5935.156327334506,51.79477731158306,-693.8720985590159,6131.179598703732
patient_018,1070.0,42.8,65.17025990835418,83.72684050068386,4260.693822048367,100.37124940560257,601.0396473023895,5939.171177310731,265.39888013612136,5340.102570613458,6141.795553909177
patient_018,1071.0,42.84,148.59501491683451,2085.6188752120083,4266.63762264504,167.01597140452472,1666.1180499730538,5945.851816166912,302.25039460459044,921.2878617117269,6153.88556969336
patient_018,1072.0,42.88,209.18785010224718,1514.8208796353167,4275.00513664913,386.1555486841584,5478.489431990843,5961.298038114278,350.71884014475063,1211.7111385040048,6167.91432329915
patient_018,1073.0,42.92,241.87146887814976,817.0904693975643,4284.679995404256,453.46378880806435,1682.7060030976484,5979.4365896666,289.5476847509477,-1529.2788848450728,6179.496230689188
patient_018,1074.0,42.96,246.84437047794697,124.32253999493028,4294.553770223374,159.94843930591279,-7337.88373755379,5985.834527238837,565.4148862699158,6896.680037974201,6202.112826139985
patient_018,1075.0,43.0,326.25740179604287,1985.3257829523975,4307.6040662952155,476.57763764591056,7915.729958499944,6004.8976327446735,496.1590462098121,-1731.3960015025914,6221.959187988378
patient_018,1076.0,43.04,322.5653260953092,-92.30189251834133,4320.506679339028,486.25487302543627,241.9308844881428,6024.347827665691,548.9742999649803,1320.3813438792054,6243.918159986978
patient_018,1077.0,43.08,302.58205172795584,-499.58185918383435,4332.609961408146,347.6185205905885,-3465.908810871194,6038.252568489314,292.9698870198872,-6400.110323627328,6255.636955467773
patient_018,1078.0,43.12,294.36154125181775,-205.5127619034522,4344.384423058219,451.1414534486723,2588.073321452094,6056.298226627262,430.6294407619852,3441.4888435524504,6272.862133098253
patient_018,1079.0,43.16,290.41133349179313,-98.75519400061563,4356.00087639789,391.4367481980372,-1492.6176312658768,6071.955696555183,526.8352655643838,2405.1456200599646,6293.935543720828
patient_018,1080.0,43.2,167.61591756365397,-3069.885398203479,4362.705513100436,99.27009501140748,-7304.166329665743,6075.926500355638,595.1712067674265,1708.3985300760673,6317.742391991525
patient_018,1081.0,43.24,259.3471994148351,2293.2820462795275,4373.0794010770305,384.5409030442904,7131.770200822073,6091.30813647741,140.6132093408912,-11363.949935663382,6323.366920365162
patient_018,1082.0,43.28,126.8583707601007,-3312.2207163683597,4378.153735907435,46.26462282937464,-8456.907005372896,6093.158721390585,386.0660574234432,6136.321202063801,6338.8095626621
patient_018,1083.0,43.32,162.8996773850295,901.0326656232198,4384.669723002836,185.53926334623907,3481.8660129216105,6100.580291924434,72.00941311566316,-7851.416107694502,6341.6899391867255
patient_018,1084.0,43.36,74.55352007971582,-2208.6539326328416,4387.651863806024,74.99151662660263,-2763.693667990911,6103.579952589499,4.514457429051929,-1687.373892165281,6341.870517483888
patient_018,1085.0,43.4,33.445791300169255,-1027.6932194886642,4388.989695458031,47.511828821152235,-686.9921951362599,6105.480425742346,162.65031844427506,3953.396525380578,6348.376530221659
patient_018,1086.0,43.44,12.04654779453433,-534.981087640873,4389.471557369812,48.387414687263295,21.889646652776484,6107.415922329836,41.29857675532397,-3033.793542223777,6350.028473291872
patient_018,1087.0,43.48,14.75168581249343,67.62845044897747,4390.061624802312,20.880033890015234,-687.6845199312015,6108.251123685436,151.5313246892785,2755.818698348863,6356.089726279443
patient_018,1088.0,43.52,13.937071226214606,-20.365364656970584,4390.6191076513605,43.74315246293864,571.5779643230851,6110.0008497839535,136.00938102762112,-388.0485915414347,6361.530101520549
patient_018,1089.0,43.56,26.60991068527343,316.82098647647064,4391.683504078772,26.781963928658342,-424.0297133570074,6111.0721283411,46.1847396424858,-2245.616034628383,6363.377491106247
patient_018,1090.0,43.6,8.091192867533845,-462.9679454434896,4392.007151793473,34.6572351772796,196.8817812155315,6112.458417748192,21.529629234729715,-616.3777601939022,6364.238676275637
patient_018,1091.0,43.64,53.134934290604356,1126.0935355767629,4394.132549165097,62.350165275764056,692.3232524621113,6114.952424359222,57.694374304967674,904.1186267559489,6366.546451247835
patient_018,1092.0,43.68,79.65572445692584,663.019754158037,4397.318778143374,51.28653549129129,-276.59074461181916,6117.003885778874,165.2961948584804,2690.045513837818,6373.158299042174
patient_018,1093.0,43.72,118.39849849507209,968.5693509536563,4402.054718083177,145.02697168336468,2343.510904801835,6122.80496464621,33.867477100647726,-3285.7179439458164,6374.512998126199
patient_018,1094.0,43.76,166.76688967796616,1209.2097795723519,4408.7253936702955,153.0968176236907,201.74614850815047,6128.928837351156,180.2124038675663,3658.6231691729645,6381.721494280902
patient_018,1095.0,43.8,225.56384827177382,1469.9239648451914,4417.747947601167,106.95022177442868,-1153.6648962315503,6133.206846222133,240.91872120005127,1517.657933312124,6391.358243128904
patient_018,1096.0,43.84,225.21710904423622,-8.668480688439928,4426.756631962937,47.153097535182965,-1494.928105981143,6135.092970123541,182.2438401306927,-1466.8720267339645,6398.647996734132
patient_018,1097.0,43.88,349.4830059962033,3106.647423799177,4440.735952202785,616.556961358414,14235.096595580777,6159.755248577878,359.83124263115945,4439.6850625116695,6413.041246439378
patient_018,1098.0,43.92,316.7596078697502,-818.0849531613276,4453.406336517574,496.78780690548325,-2994.228861323269,6179.6267608540975,432.66673385217285,1820.887280525335,6430.347915793465
patient_018,1099.0,43.96,441.49019155412475,3118.2645921093635,4471.06594417974,487.1992636238723,-239.71358204027382,6199.114731399052,517.1988272805477,2113.3023357093707,6451.035868884687
patient_018,1100.0,44.0,384.5131630100427,-1424.4257136020508,4486.446470700141,566.4162149272703,1980.4237825849498,6221.771379996144,438.90973682734943,-1957.227261329956,6468.59225835778
patient_018,1101.0,44.04,340.5471487482374,-1099.1503565451326,4500.06835665007,383.7188942795654,-4567.433016192622,6237.120135767326,717.8517624559319,6973.55064071456,6497.306328856019
patient_018,1102.0,44.08,288.69602827743483,-1296.2780117700645,4511.616197781168,286.1049358071369,-2440.3489618107133,6248.564333199612,708.2637433472108,-239.7004777180257,6525.636878589907
patient_018,1103.0,44.12,275.0352541983995,-341.519351975883,4522.617607949104,542.4654774500444,6409.013541072689,6270.262952297614,490.52603607350346,-5443.442681842685,6545.257920032846
patient_018,1104.0,44.16,304.0734747412981,725.9555135724654,4534.780546938756,334.6838084988726,-5194.541723779295,6283.650304637569,373.045466479826,-2937.014239841936,6560.17973869204
patient_018,1105.0,44.2,143.47469142802828,-4014.9695828317463,4540.519534595877,110.11574158767345,-5614.201672779979,6288.054934301076,192.05620620391062,-4524.731506897885,6567.8619869401955
patient_018,1106.0,44.24,111.42181209303861,-801.3219833747418,4544.976407079599,268.8077253564515,3967.299594219451,6298.807243315334,97.96463175864162,-2352.289361131725,6571.780572210541
patient_018,1107.0,44.28,62.35547212573722,-1226.6584991825348,4547.470625964628,89.15904210147393,-4491.21708137444,6302.373604999393,114.06405715922753,402.48563501464787,6576.34313449691
patient_018,1108.0,44.32,50.621576633911076,-293.3473872956537,4549.495489029985,46.64648538649265,-1062.813917874532,6304.2394644148535,40.226972180957745,-1845.9271244567447,6577.952213384149
patient_018,1109.0,44.36,135.93796326102756,2132.909665677912,4554.933007560426,375.0611365402108,8210.366278842954,6319.241909876461,165.8064730080031,3139.487520676134,6584.584472304469
patient_018,1110.0,44.4,152.87949749828664,423.53835593147693,4561.048187460357,95.03722292576485,-7000.597840361148,6323.043398793492,113.9247474467098,-1297.0431390323326,6589.141462202338
patient_018,1111.0,44.44,241.91299367631635,2225.8374044507427,4570.724707207411,326.6546177768571,5790.434871277305,6336.109583504567,382.8549803775969,6723.255823272177,6604.455661417442
patient_018,1112.0,44.48,319.158534055772,1931.1385094863915,4583.491048569641,402.856476103921,1905.046458176598,6352.223842548723,410.9711752013643,702.9048705941847,6620.894508425496
patient_018,1113.0,44.52,315.7702595203292,-84.7068633860701,4596.121858950454,492.1953003038728,2233.4706049987944,6371.911654560878,475.00598314729774,1600.8701986483359,6639.8947477513875
patient_018,1114.0,44.56,372.49071549110823,1418.0113992694758,4611.0214875700985,562.8536361813261,1766.4583969363334,6394.425800008131,520.3166052574992,1132.7655527550362,6660.707411961688
patient_018,1115.0,44.6,453.29018240270744,2019.9866727899803,4629.153094866207,483.22529570033504,-1990.708512024777,6413.754811836145,634.8567544968521,2863.5037309838226,6686.1016821415615
patient_018,1116.0,44.64,350.4859046056511,-2570.1069449264082,4643.172531050433,592.4213575497845,2729.9015462362363,6437.451666138136,446.57997819144896,-4706.919407635079,6703.964881269219
patient_018,1117.0,44.68,340.2590423836245,-255.67155555066563,4656.782892745778,318.83520966515334,-6839.653697115778,6450.2050745247425,349.3183879748551,-2431.5397554148462,6717.937616788214
patient_018,1118.0,44.72,186.9474289047557,-3832.7903369717196,4664.260789901968,269.06099348109905,-1244.3554046013573,6460.967514263986,222.21970899427592,-3177.4669745144797,6726.826405147985
patient_018,1119.0,44.76,186.12417519814355,-20.581342665303737,4671.705756909893,130.2705986735306,-3469.759870189211,6466.178338210927,197.56230566654324,-616.435083193317,6734.728897374646
patient_018,1120.0,44.8,139.63267089679212,-1162.2876075337856,4677.291063745765,126.31932971367918,-98.78172399628546,6471.231111399475,140.35593801918816,-1430.159191183877,6740.343134895415
patient_018,1121.0,44.84,68.34169942425883,-1782.274286813332,4680.024731722736,49.60535045266139,-1917.8494815254446,6473.21532541758,94.99603601293806,-1133.9975501562524,6744.142976335932
patient_018,1122.0,44.88,40.89918228640736,-686.0629284462868,4681.660699014192,124.16900209618522,1864.0912910880957,6478.182085501428,58.49301969351122,-912.5754079856711,6746.482697123673
patient_018,1123.0,44.92,22.84729431960248,-451.297199170122,4682.574590786975,66.45144541790054,-1442.938916957117,6480.840143318143,33.65267253046727,-621.0086790760988,6747.828804024891
patient_018,1124.0,44.96,38.813929347902466,399.16587570749965,4684.127147960891,157.84297458986055,2284.7882292990002,6487.153862301738,114.79807379388848,2028.6350315855302,6752.420726976646
patient_018,1125.0,45.0,30.54902677105028,-206.62256442130467,4685.349109031734,80.33625283968334,-1937.66804375443,6490.367312415325,48.21857611628254,-1664.4874419401483,6754.349470021298
patient_018,1126.0,45.04,56.087383541705435,638.4589192663789,4687.592604373402,112.03581337289586,792.489013330313,6494.848744950241,166.32733779323513,2952.7190419238145,6761.002563533028
patient_018,1127.0,45.08,56.341441166489446,6.351440619600268,4689.846262020062,44.7426892487927,-1682.328103102579,6496.638452520192,66.67562620018104,-2491.2927898263524,6763.669588581035
patient_018,1128.0,45.12,112.29084285320658,1398.7350421679284,4694.337895734189,126.06127641446952,2032.9646791419204,6501.680903576771,108.46791023275647,1044.8071008143856,6768.008304990345
patient_018,1129.0,45.16,101.37799031425858,-272.82131347370006,4698.39301534676,64.00974293200665,-1551.2883370615718,6504.2412932940515,111.38313562607271,72.88063483290621,6772.463630415387
patient_018,1130.0,45.2,158.70871176820282,1433.2680363486058,4704.7413638174885,135.0437975668785,1775.8513658717966,6509.643045196726,188.20070211026388,1920.439162104779,6779.991658499798
patient_018,1131.0,45.24,243.20827423398595,2112.489061644578,4714.469694786848,301.52960377466377,4162.145155194631,6521.7042293477125,327.94848017993536,3493.694451741787,6793.109597706996
patient_018,1132.0,45.28,254.1430125434958,273.368457737746,4724.635415288588,407.3709967775419,2646.0348250719535,6537.999069218815,264.8486532306464,-1577.495673732224,6803.703543836222
patient_018,1133.0,45.32,412.7806766712423,3965.941603193663,4741.1466423554375,581.2345747599915,4346.589449561239,6561.2484522092145,575.9313597865531,7777.067663897668,6826.740798227684
patient_018,1134.0,45.36,363.80610549116693,-1224.3642795018843,4755.6988865750845,534.2568787956204,-1174.4423991092758,6582.618727361039,577.4032330458409,36.7968314821951,6849.836927549517
patient_018,1135.0,45.4,423.20041030121223,1484.8576202511324,4772.626902987133,551.452306796119,429.8857000124656,6604.676819632885,520.897147558996,-1412.652137171122,6870.672813451877
patient_018,1136.0,45.44,333.8952301310188,-2232.6295042548354,4785.982712192374,305.6901864040872,-6144.053009800796,6616.904427089048,396.6815976353102,-3105.388748092146,6886.54007735729
patient_018,1137.0,45.48,382.1595587226413,1206.6082147905618,4801.26909454128,579.4252213474842,6843.375873584925,6640.081435942948,584.8429093998782,4704.0327941141995,6909.933793733286
patient_018,1138.0,45.52,292.64440474144163,-2237.8788495299914,4812.974870730937,327.9370116171455,-6287.205243258468,6653.198916407634,328.26285079392824,-6414.501465148749,6923.064307765042
patient_018,1139.0,45.56,277.45298737183595,-379.7854342401422,4824.072990225811,144.12195568227818,-4595.3763983716835,6658.963794634926,239.08621051531685,-2229.416006965285,6932.627756185655
patient_018,1140.0,45.6,119.17769843662465,-3956.882223380282,4828.840098163276,326.45848746923275,4558.413294673865,6672.022134133695,108.40847384152913,-3266.943416844693,6936.964095139316
patient_018,1141.0,45.64,32.7646900814795,-2160.325208878629,4830.1506857665345,47.36343479888828,-6977.376316758611,6673.916671525651,66.15584744927159,-1056.3156598064386,6939.610329037287
patient_018,1142.0,45.68,36.225539996631404,86.5212478787976,4831.5997073664,125.81654867653305,1961.327846941119,6678.949333472712,22.67675900556517,-1086.9772110926604,6940.517399397509
patient_018,1143.0,45.72,73.02466929690128,919.9782325067468,4834.520694138277,165.5179793038798,992.5357656836688,6685.570052644866,67.27866949473497,1115.0477622292449,6943.208546177298
patient_018,1144.0,45.76,177.65778550481846,2615.82790519793,4841.62700555847,260.89237915444073,2384.3599962640233,6696.005747811045,98.6486981956632,784.2507175232058,6947.154494105124
patient_018,1145.0,45.8,216.5773243304678,972.9884706412336,4850.290098531688,337.80423111292123,1922.7962989620123,6709.517917055561,237.08284379622302,3460.8536400139956,6956.637807856974
patient_018,1146.0,45.84,296.30340041504314,1993.1519021143836,4862.14223454829,305.187621028628,-815.4152521073314,6721.725421896706,342.5964014775218,2637.8389420324693,6970.341663916075
patient_018,1147.0,45.88,250.15121727463722,-1153.804578510148,4872.148283239276,411.5636459445464,2659.400622897961,6738.187967734488,801.3781058296654,11469.54260880359,7002.396788149262
patient_018,1148.0,45.92,165.07145125672767,-2126.994150447739,4878.751141289545,536.640659268064,3126.925333087941,6759.653594105211,467.8554767814543,-8338.065726205277,7021.11100722052
patient_018,1149.0,45.96,266.5945208844863,2538.0767406939663,4889.4149221249245,121.26492277811505,-10384.393412248724,6764.504191016336,310.65151743881137,-3930.098983566073,7033.537067918073
patient_018,1150.0,46.0,42.161239914749146,-5610.832024243429,4891.101371721515,56.88818905258414,-1609.4183431382728,6766.779718578439,27.652022607430432,-7074.987370784524,7034.64314882237
patient_018,1151.0,46.04,218.9558552846002,4419.865384246276,4899.859605932898,143.4445464714718,2163.9089354721914,6772.517500437298,136.6383254686133,2724.657571529571,7040.108681841114
patient_018,1152.0,46.08,392.95078392304265,4349.873215961061,4915.57763728982,360.9175932590005,5436.826169688218,6786.954204167658,288.4752319468849,3795.92266195679,7051.647691118989
patient_018,1153.0,46.12,53.41919433728058,-8488.289739644051,4917.7144050633115,28.853218971045965,-8301.609357198864,6788.108332926499,47.70568326318081,-6019.238717092602,7053.555918449518
patient_018,1154.0,46.16,62.639611971941164,230.5104408665146,4920.219989542189,42.90541332239009,351.3048587836031,6789.824549459395,102.70910796313787,1375.0856174989265,7057.6642827680425
patient_018,1155.0,46.2,90.06082112601278,685.5302288517905,4923.822422387229,27.895855109918347,-375.2389553117935,6790.940383663791,87.099946428952,-390.22903835464683,7061.148280625202
patient_018,1156.0,46.24,77.5372812438005,-313.0884970553069,4926.9239136369815,22.759482359852857,-128.40931875163727,6791.850762958185,116.28255466585699,729.565205922625,7065.799582811836
patient_018,1157.0,46.28,172.86200397115536,2383.1180681838714,4933.838393795828,209.1278946505848,4659.2103072682985,6800.2158787442095,127.24764017597926,274.1271377530566,7070.889488418875
patient_018,1158.0,46.32,209.8394857811977,924.4370452510587,4942.231973227075,143.65609264897927,-1636.7950500401384,6805.962122450168,227.39527856519848,2503.6909597304807,7079.985299561484
patient_018,1159.0,46.36,230.15970853249564,508.00556878244834,4951.4383615683755,174.4745334852218,770.4610209060633,6812.941103789577,209.62671339863363,-444.21412916412135,7088.3703680974295
patient_018,1160.0,46.4,206.77852503808043,-584.5295873603802,4959.709502569898,264.7658044472422,2257.28177405051,6823.531735967466,280.17150991222906,1763.6199128398857,7099.5772284939185
patient_018,1161.0,46.44,49.2307316201291,-3938.6948354487836,4961.678731834704,17.358322968581266,-6185.187036966524,6824.22606888621,9.517359644054208,-6766.353756704372,7099.957922879681
patient_018,1162.0,46.48,220.80415119493261,4289.335489370088,4970.510897882501,215.59716485839405,4955.97104724532,6832.849955480546,277.1628769838622,6691.1379334952,7111.044437959036
patient_018,1163.0,46.52,216.94483759918126,-96.48283989378399,4979.188691386468,199.09132804827019,-412.6459202530967,6840.813608602476,298.0616460721568,522.4692272073653,7122.966903801923
patient_018,1164.0,46.56,203.09822553458704,-346.16530161485525,4987.312620407852,645.6629141461665,11164.289652447409,6866.640125168324,596.75169532266,7467.2512312625795,7146.836971614829
patient_018,1165.0,46.6,57.72492636312495,-3634.3324792865524,4989.621617462377,130.03920349806884,-12890.59276620244,6871.841693308246,128.68465004853724,-11701.676131853068,7151.98435761677
patient_018,1166.0,46.64,68.88575832514938,279.0207990506108,4992.377047795383,22.086255689869304,-2698.8236952049883,6872.725143535841,115.00126522637551,-342.08462055404317,7156.5844082258245
patient_018,1167.0,46.68,77.92152749895433,225.8942293451238,4995.493908895341,116.45197652838952,2359.1430209630053,6877.383222596977,43.88179895496976,-1777.9866567851436,7158.339680184024
patient_018,1168.0,46.72,61.729876579325705,-404.7912729907157,4997.963103958514,182.28617062805566,1645.8548524916534,6884.6746694221,117.78267467183879,1847.5218929217256,7163.050987170897
patient_018,1169.0,46.76,127.80593349050265,1651.9014227794237,5003.075341298134,233.27129314524936,1274.6280629298426,6894.00552114791,197.04189408237224,1981.4804852633363,7170.932662934192
patient_018,1170.0,46.8,255.88131466364732,3201.8845293286163,5013.31059388468,368.72666319420085,3386.3842512237875,6908.754587675678,511.80223587900383,7869.008544915789,7191.404752369352
patient_018,1171.0,46.84,228.29843157745347,-689.5720771548462,5022.442531147778,501.8405947767662,3327.848289564133,6928.828211466748,497.2423572726723,-363.9969651582888,7211.294446660259
patient_018,1172.0,46.88,61.70982247557338,-4164.715227547002,5024.910924046801,154.2211155572016,-8690.486980489115,6934.997056089037,10.967984540812681,-12156.85931829649,7211.733166041892
patient_018,1173.0,46.92,238.80875205588939,4427.4732395079,5034.463274129037,460.95482338498454,7668.342695694574,6953.435249024436,429.2269726051706,10456.474701608948,7228.902244946099
patient_018,1174.0,46.96,247.3392571538072,213.26262744794562,5044.356844415189,526.3863104062945,1635.787175532748,6974.490701440688,588.2896283540421,3976.5663937217864,7252.43383008026
patient_018,1175.0,47.0,315.2989979963249,1698.993521062942,5056.9688043350425,398.92875282818744,-3186.438939452675,6990.447851553816,413.4548397664084,-4370.869714690842,7268.972023670916
patient_018,1176.0,47.04,486.8818154011923,4289.570435121685,5076.44407695109,442.3542323251237,1085.6369874234063,7008.142020846821,291.42989431888924,-3050.6236361879787,7280.629219443672
patient_018,1177.0,47.08,176.3511571990083,-7763.2664550546,5083.498123239051,110.99040929032081,-8284.095575870071,7012.581637218434,258.0168115683791,-835.3270687627528,7290.949891906407
patient_018,1178.0,47.12,89.16205108694145,-2179.7276528016714,5087.064605282529,86.19054850774248,-619.9965195644584,7016.029259158743,255.11650245523103,-72.50772782870243,7301.154552004617
patient_018,1179.0,47.16,65.34395113314774,-595.4524988448427,5089.678363327855,63.63248850937484,-563.951499959191,7018.574558699118,41.143626430897925,-5349.321900608328,7302.800297061852
patient_018,1180.0,47.2,8.506791345958204,-1420.9289946797385,5090.018634981693,42.54197314052437,-527.2628842212617,7020.276237624739,62.05298521096349,522.7339695016392,7305.282416470291
patient_018,1181.0,47.24,28.215840289204003,492.72622358114495,5091.147268593261,98.44407084875758,1397.5524427058301,7024.214000458689,128.84178129842545,1669.7199021865486,7310.436087722228
patient_018,1182.0,47.28,19.494342407961376,-218.03744703106565,5091.92704228958,26.54809179751786,-1797.399476280993,7025.275924130589,45.29726188289785,-2088.61298538819,7312.2479781975435
patient_018,1183.0,47.32,84.66941601817148,1629.3768402552523,5095.313818930306,26.352556493718478,-4.888382594984542,7026.330026390338,164.921401432532,2990.6034887408537,7318.844834254845
patient_018,1184.0,47.36,183.33444487261983,2466.625721361209,5102.647196725211,147.55682343245175,3030.106673468332,7032.232299327636,125.0451671237333,-996.9058577199679,7323.846640939794
patient_018,1185.0,47.4,233.36074176224585,1250.6574222406507,5111.981626395701,142.41182480131513,-128.6249657784154,7037.928772319689,158.1358044313522,827.2659326904726,7330.172073117047
patient_018,1186.0,47.44,247.38011974029405,350.4844494512049,5121.876831185313,305.14289925181225,4068.276861262428,7050.134488289761,378.1867193752061,5501.272873596347,7345.2995418920555
patient_018,1187.0,47.48,337.82588047588786,2261.1440183898453,5135.389866404348,389.92489270388404,2119.5498363017946,7065.731483997917,321.0330662657734,-1428.8413277358175,7358.140864542686
patient_018,1188.0,47.52,474.8878865222967,3426.550151160221,5154.38538186524,597.8446878176934,5197.9948778452335,7089.645271510625,879.4765326919741,13961.086660655015,7393.3199258503655
patient_018,1189.0,47.56,306.2783031169409,-4215.239585133895,5166.636513989917,640.9847054277806,1078.5004402521793,7115.284659727736,453.00586359493,-10661.7667274261,7411.440160394163
patient_018,1190.0,47.6,259.7540330439001,-1163.1067518260195,5177.026675311673,357.23258166306374,-7093.80309411792,7129.573962994258,431.0548890864242,-548.7743627126449,7428.6823559576205
patient_018,1191.0,47.64,141.16055336041418,-2964.8369920871482,5182.67309744609,201.1913302233598,-3901.031285992598,7137.621616203193,256.43992240516866,-4365.374167031389,7438.939952853827
patient_018,1192.0,47.68,65.55136308382156,-1890.2297569148157,5185.2951519694425,67.29403503435795,-3347.4323797250463,7140.313377604569,101.50272780786725,-3873.4298649325356,7443.000061966142
patient_018,1193.0,47.72,10.12664867730793,-1385.6178601628408,5185.700217916535,30.848864781450786,-911.129256322679,7141.547332195826,43.361668259274246,-1453.526488714825,7444.734528696514
patient_018,1194.0,47.76,34.64068831716944,612.8509909965378,5187.085845449222,22.546377144100056,-207.56219093376825,7142.449187281591,209.94812296754537,4164.661367706778,7453.132453615216
patient_018,1195.0,47.8,120.3424964684677,2142.545203782456,5191.899545307961,288.478572432799,6648.304882217473,7153.988330178902,219.20925662019616,231.5283413162696,7461.900823880024
patient_018,1196.0,47.84,232.37005295227974,2800.688912095301,5201.1943474260515,223.5552604495512,-1623.082799581195,7162.930540596884,296.6258667748912,1935.4152538673766,7473.765858551019
patient_018,1197.0,47.88,354.5870876036477,3055.4258662841994,5215.377830930197,517.6122538746234,7351.424835626805,7183.63503075187,745.9610226116662,11233.378895919373,7503.604299455486
patient_018,1198.0,47.92,257.9532464253181,-2415.8460294582396,5225.6959607872095,681.1644520065962,4088.804953299319,7210.881608832134,519.4097410230538,-5663.782039715309,7524.380689096409
patient_018,1199.0,47.96,322.6569184321816,1617.5918001715872,5238.6022375244975,498.1402622852672,-4575.604743033225,7230.807219323545,650.9815092638491,3289.2942060198834,7550.419949466963
patient_018,1200.0,48.0,594.2452423739976,6789.7080985453995,5262.372047219457,883.8290975861794,9642.220882522804,7266.160383226993,864.0153096113294,5325.845008687005,7584.9805618514165
patient_018,1201.0,48.04,408.03511060175583,-4655.253294306044,5278.693451643527,384.03915058584016,-12494.74867500848,7281.521949250426,540.1738960434238,-8096.035339197639,7606.587517693153
patient_018,1202.0,48.08,359.6414951086559,-1209.840387327499,5293.079111447873,517.94566470404,3347.662852954997,7302.239775838588,270.4489857374225,-6743.122757650033,7617.40547712265
patient_018,1203.0,48.12,15.62258286530933,-8600.472806083664,5293.704014762485,26.313925766591876,-12290.793473436204,7303.292332869251,130.63838377420163,-3495.2650490805217,7622.631012473618
patient_018,1204.0,48.16,133.35414642795837,2943.289089066226,5299.038180619604,108.34366482333648,2050.743476418615,7307.626079462185,170.38039306411358,993.5502322477987,7629.446228196183
patient_018,1205.0,48.2,131.43323658864963,-48.02274598271836,5304.29551008315,155.18406752922692,1171.010067647261,7313.8334421633535,195.89852927513854,637.9534052756242,7637.282169367189
patient_018,1206.0,48.24,84.36466016113532,-1176.714410687858,5307.670096489595,28.265585063733994,-3172.962061637323,7314.964065565902,115.0201608265739,-2021.959211214116,7641.882975800251
patient_018,1207.0,48.28,50.722660859802076,-841.0499825333311,5309.699002923988,31.30915763954488,76.08931439527211,7316.216431871484,127.79785023227969,319.4422351426447,7646.994889809543
patient_018,1208.0,48.32,41.5262826125566,-229.90945618113693,5311.360054228489,21.839899632875873,-236.73145016672512,7317.090027856799,106.54533810598156,-531.3128031574532,7651.256703333783
patient_018,1209.0,48.36,24.635126184035453,-422.27891071302867,5312.345459275851,54.14073359555028,807.5208490668601,7319.2556572006215,39.39837086776198,-1678.6741809554894,7652.832638168493
patient_018,1210.0,48.4,38.75864471189995,353.08796319661235,5313.895805064327,54.5235251379028,9.56978855881303,7321.436598206137,98.6014281759539,1480.076432704798,7656.776695295532
patient_018,1211.0,48.44,42.76702308843623,100.20945941340713,5315.606485987864,25.969943144237302,-713.8395498416374,7322.475395931907,98.97700694058649,9.38946911581482,7660.735775573155
patient_018,1212.0,48.48,133.49976006380604,2268.318424384245,5320.946476390416,110.41865688174438,2111.217843437677,7326.892142207176,216.77858124912314,2945.039357713416,7669.40691882312
patient_018,1213.0,48.52,96.31444662218911,-929.6328360404232,5324.799054255304,117.99851272274587,189.49639602503723,7331.612082716087,163.89962739392166,-1321.9738463800368,7675.962903918877
patient_018,1214.0,48.56,14.987448652316873,-2033.174949246806,5325.398552201396,65.585260036926,-1310.3313171454968,7334.235493117564,23.17080565150022,-3518.220543560536,7676.889736144936
patient_018,1215.0,48.6,101.73203843591237,2168.6147445898873,5329.467833738832,170.12341620684373,2613.4539042479432,7341.040429765838,138.821603006823,2891.26993388307,7682.442600265209
patient_018,1216.0,48.64,144.5584157454704,1070.6594327389507,5335.250170368651,113.01114203138208,-1427.8068543865413,7345.560875447093,166.69420904082162,696.8151508499652,7689.110368626842
patient_018,1217.0,48.68,183.1310728025058,964.316426425885,5342.5754132807515,155.67534153289122,1066.6049875377287,7351.787889108408,190.5565052590327,596.5574054552768,7696.732628837203
patient_018,1218.0,48.72,223.41896146729206,1007.1972166196566,5351.512171739442,243.526263515566,2196.2730495668693,7361.528939649031,172.2695133940483,-457.17479662461005,7703.623409372965
patient_018,1219.0,48.76,267.63723412726097,1105.4568164992227,5362.217661104532,461.30257002030913,5444.407662618578,7379.981042449844,259.6203488389428,2183.7708861223623,7714.008223326523
patient_018,1220.0,48.8,124.8263831929008,-3570.271273359004,5367.210716432249,130.75927334891878,-8263.582416784759,7385.2114133838,179.1658956758909,-2011.361329076297,7721.174859153559
patient_018,1221.0,48.84,160.95314937927174,903.1691546592732,5373.64884240742,167.3550050335119,914.893292114828,7391.9056135851415,209.9566594291692,769.7690938319574,7729.5731255307255
patient_018,1222.0,48.88,124.46005020957877,-912.3274792423242,5378.627244415802,260.05346412960495,2317.461477402326,7402.3077521503255,172.87005367701164,-927.1651438039391,7736.487927677806
patient_018,1223.0,48.92,148.8487473718241,609.717429056133,5384.581194310675,149.57077612439656,-2762.0672001302096,7408.290583195301,154.91202899903874,-448.9506169493225,7742.6844088377675
patient_018,1224.0,48.96,181.99671575489165,828.6992095766891,5391.86106294087,257.50843679153803,2698.4415166785366,7418.590920666963,220.09387382079447,1629.5461205438933,7751.488163790599
patient_018,1225.0,49.0,151.19768807377397,-769.9756920279419,5397.908970463821,210.83815836805292,-1166.7569605871279,7427.024447001684,218.28091029201514,-45.32408821948337,7760.219400202281
patient_018,1226.0,49.04,126.55062159335792,-616.1766620104014,5402.970995327556,51.82168441384371,-3975.41184885523,7429.0973143782385,164.8141727371618,-1336.6684388713331,7766.8119671117665
patient_018,1227.0,49.08,108.58712208954014,-449.0874875954443,5407.314480211137,115.92278602148491,1602.5275401910299,7433.734225819098,168.49685039330072,92.06694140347267,7773.551841127499
patient_018,1228.0,49.12,100.8381313131609,-193.7247694094811,5411.348005463664,331.29930677861057,5384.413018928141,7446.986198090242,140.37463207588846,-703.0554579353065,7779.166826410535
patient_018,1229.0,49.16,94.04490339263423,-169.83069801316688,5415.109801599369,199.77128039574552,-3288.200659571626,7454.977049306072,159.0117774581522,465.9286345565938,7785.527297508861
patient_018,1230.0,49.2,98.96031282041379,122.88523569448913,5419.068214112186,34.39609856877225,-4134.379545674332,7456.352893248823,93.05737476535721,-1648.860067319875,7789.2495924994755
patient_018,1231.0,49.24,69.20298449888507,-743.9332080382179,5421.836333492141,44.129469107127335,243.33426345887705,7458.118072013109,124.71266279252458,791.3822006791843,7794.238099011177
patient_018,1232.0,49.28,49.78360237083245,-485.48455320131563,5423.827677586974,136.17906506330417,2301.239898904421,7463.565234615641,154.54469504672795,745.8008063550842,7800.419886813046
patient_018,1233.0,49.32,55.37534784952213,139.79363696724204,5426.042691500956,145.54612635580565,234.17653231253723,7469.387079669873,157.2547676476718,67.75181502359615,7806.710077518954
patient_018,1234.0,49.36,21.306446297226188,-851.7225388073986,5426.894949352845,96.61414331300469,-1223.2995760700242,7473.251645402393,56.45002018251367,-2520.118686628953,7808.968078326254
patient_018,1235.0,49.4,38.52945835952472,430.57530155746326,5428.436127687226,48.333152822180125,-1207.024762270614,7475.18497151528,575.4062851079727,12973.906623136478,7831.984329730572
patient_018,1236.0,49.44,59.364403718465766,520.8736339735262,5430.810703835965,67.26719218996179,473.35098419454164,7477.8756592028785,267.0371165602392,-7709.229213693338,7842.665814392983
patient_018,1237.0,49.48,91.57581849036093,805.2853692973791,5434.473736575579,75.84668619693944,214.48735017444136,7480.909526650757,40.48532102874273,-5663.794888287412,7844.2852272341315
patient_018,1238.0,49.52,140.98455478687356,1235.2184074128156,5440.1131187670535,156.48069814624952,2015.850298732752,7487.168754576606,72.6696043758677,804.6070836781244,7847.192011409166
patient_018,1239.0,49.56,215.30075756799695,1857.9050695280848,5448.7251490697745,202.90398434291276,1160.582154916581,7495.284913950322,254.4189627718377,4543.733959899249,7857.36876992004
patient_018,1240.0,49.6,233.80365666074817,462.57247731878056,5458.077295336204,335.01333468647624,3302.733758589087,7508.6854473377825,138.4503211166509,-2899.2160413796696,7862.906782764706
patient_018,1241.0,49.64,290.0436739928986,1406.0004333037612,5469.679042295919,305.8552486978118,-728.9521497166106,7520.9196572856945,438.96513083015594,7512.8702428376255,7880.465387997912
patient_018,1242.0,49.68,185.83683390873043,-2605.171002104205,5477.1125156522685,344.94750094702584,977.3063062303506,7534.717557323575,547.4403755890556,2711.8811189724925,7902.363003021475
patient_018,1243.0,49.72,139.74702096457455,-1152.245323603897,5482.702396490851,198.46341481531363,-3662.1021532928053,7542.656093916187,393.5036713498923,-3848.417605979084,7918.103149875471
patient_018,1244.0,49.76,49.89871554559942,-2246.207635474378,5484.698345112675,347.2238587118557,3719.0110974135523,7556.545048264662,204.5530705582211,-4723.765019791779,7926.285272697801
patient_018,1245.0,49.8,108.32064201035209,1460.5481616188167,5489.031170793089,173.27519903634163,-4348.716491887852,7563.476056226116,166.48885352218963,-951.6054259007866,7932.944826838689
patient_018,1246.0,49.84,74.86058447700023,-836.5014383337964,5492.025594172168,289.64755708932876,2909.308951324678,7575.061958509689,152.53409472665388,-348.86896988839385,7939.046190627755
patient_018,1247.0,49.88,59.84690325582074,-375.3420305294872,5494.4194703024,101.53955004952236,-4702.70017599516,7579.12354051167,132.8399842221088,-492.35276261362696,7944.35978999664
patient_018,1248.0,49.92,125.25910271402687,1635.3049864551529,5499.429834410961,162.75973383964825,1530.504594753147,7585.6339298652565,227.57487070408186,2368.3721620493266,7953.462784824803
patient_018,1249.0,49.96,70.16111260991391,-1377.4497526028238,5502.236278915358,124.12681164490276,-965.8230548686372,7590.599002331053,85.53119553082769,-3551.0918793313544,7956.884032646036
patient_018,1250.0,50.0,92.01984421028759,546.4682900093418,5505.917072683769,181.01678676665026,1422.2493780436873,7597.839673801719,236.9398962715396,3785.2175185177975,7966.3616284968975
patient_018,1251.0,50.04,127.94852232280358,898.2169528128999,5511.035013576682,170.65138923367013,-259.13493832450314,7604.665729371066,475.9514779018061,5975.289540756662,7985.3996876129695
patient_018,1252.0,50.08,59.10444347874378,-1721.1019711014949,5513.399191315832,45.97584397786874,-3116.8886313950347,7606.504763130181,190.34342761072364,-7140.201257277062,7993.013424717398
patient_018,1253.0,50.12,67.88718508813109,219.5685402346827,5516.114678719357,17.869163277904853,-702.6670174990973,7607.219529661297,44.477963758226345,-3646.6365963124326,7994.7925432677275
patient_018,1254.0,50.16,34.764454100625,-828.0682746876522,5517.505256883382,20.098919903339684,55.74391563587078,7608.023486457431,56.37104608459281,297.3270581591617,7997.047385111111
patient_018,1255.0,50.2,9.741656548299115,-625.5699388081472,5517.894923145313,77.94724423066114,1446.2081081830365,7611.1413762266575,24.40593923389567,-799.1276712674286,7998.023622680467
patient_018,1256.0,50.24,22.22018356173156,311.9631753358111,5518.783730487783,50.60711258256383,-683.5032912024328,7613.16566072996,7.140198531338173,-431.64351756393734,7998.30923062172
patient_018,1257.0,50.28,45.57947655618038,583.9823248612206,5520.606909550031,117.15000575254545,1663.5723292495406,7617.851660960062,7.691310017814438,13.777787161906607,7998.616883022432
patient_018,1258.0,50.32,68.25177723446505,566.8075169571168,5523.3369806394085,35.73811242575724,-2035.2973331697053,7619.281185457092,2.283193412141925,-135.2029151418128,7998.7082107589185
patient_018,1259.0,50.36,57.65853128801766,-264.8311486611847,5525.643321890929,157.3391098758908,3040.0249362533395,7625.574749852128,51.4852064678623,1230.0503263930093,8000.767619017633
patient_018,1260.0,50.4,43.40093376996349,-356.4399379513544,5527.379359241728,78.28966159761015,-1976.2362069570165,7628.706336316032,50.47603911327051,-25.229183864794713,8002.786660582164
patient_018,1261.0,50.44,25.316580843727834,-452.1088231558913,5528.392022475477,71.21442502235882,-176.8809143812831,7631.554913316927,37.29626064834768,-329.49446162307066,8004.278511008098
patient_018,1262.0,50.48,64.210513605073,972.3483190336292,5530.96044301968,176.38340729745846,2629.224556877491,7638.610249608825,29.74911706694007,-188.67858953519035,8005.468475690775
patient_018,1263.0,50.52,22.506738282971956,-1042.5943830525264,5531.860712550999,50.305462018006565,-3151.948631986297,7640.622468089545,26.535212328045894,-80.34761847235438,8006.529884183897
patient_018,1264.0,50.56,79.97957784153729,1436.8209889641334,5535.05989566466,41.98397146727709,-208.03726376823698,7642.301826948236,83.35347775890159,1420.4566357713925,8009.8640232942535
patient_018,1265.0,50.6,54.73381178091801,-631.144151515482,5537.249248135897,20.67073838649451,-532.8308270195645,7643.1286564836955,35.974881953339995,-1184.46489513904,8011.3030185723865
patient_018,1266.0,50.64,46.64091822678657,-202.32233885328608,5539.114884864968,101.58081296964286,2022.751864578709,7647.191889002482,19.917627080419464,-401.43137182301325,8012.099723655603
patient_018,1267.0,50.68,27.4706813866318,-479.2559210038692,5540.213712120433,47.75962250302454,-1345.5297616654582,7649.102273902602,23.316514628671097,84.97218870629082,8013.032384240751
patient_018,1268.0,50.72,9.736516393620946,-443.35412482527136,5540.603172776178,89.6319408774461,1046.807959360539,7652.6875515377,8.16605473795525,-378.7614972678962,8013.359026430269
patient_018,1269.0,50.76,25.041919407129036,382.6350753377023,5541.604849552463,110.5357317788432,522.5947725349275,7657.108980808853,4.938109677071206,-80.6986265221011,8013.556550817352
patient_018,1270.0,50.8,16.52570899223869,-212.90526037225862,5542.265877912153,63.10071292337558,-1185.8754713866904,7659.6330093257875,32.02153593046275,677.0856563347885,8014.83741225457
patient_018,1271.0,50.84,12.585504864430913,-98.50510319519445,5542.76929810673,80.93973615475755,445.9755807845493,7662.870598771977,15.25843039266855,-419.0776384448549,8015.447749470277
patient_018,1272.0,50.88,43.25367085386014,766.7041497357308,5544.499444940884,148.1387513276724,1679.975379322871,7668.796148825084,9.908244705107796,-133.75464218901888,8015.8440792584815
patient_018,1273.0,50.92,58.11854451977522,371.6218416478769,5546.824186721675,90.04096615710851,-1452.444629264097,7672.397787471368,10.578905373246991,16.766516703479883,8016.267235473412
patient_018,1274.0,50.96,43.66289302842911,-361.39128728365273,5548.570702442812,67.43969768048893,-565.0317119154895,7675.095375378588,10.33640487744427,-6.0625123950680315,8016.68069166851
patient_018,1275.0,51.0,38.93312300007435,-118.24425070886892,5550.128027362815,27.409759745078407,-1000.7484483852633,7676.191765768392,46.457702801342734,903.0324480974617,8018.538999780563
patient_018,1276.0,51.04,52.77065102119846,345.9382005281027,5552.238853403663,80.11723101887763,1317.6867818449807,7679.396455009147,44.8569083057123,-40.019862390760785,8020.333276112792
patient_018,1277.0,51.08,59.340057275579234,164.23515635951932,5554.612455694686,110.72783280182921,765.2650445737894,7683.825568321219,30.800813004752236,-351.40238252400167,8021.565308632982
patient_018,1278.0,51.12,26.78361392966657,-813.9110836478167,5555.6838002518725,88.08041080118285,-566.1855500161589,7687.348784753267,35.89489082183874,127.35194542716269,8023.001104265855
patient_018,1279.0,51.16,6.475966245741341,-507.6911920981307,5555.942838901703,58.63765625049193,-736.068863767273,7689.694291003287,19.205995131029887,-417.2223922702214,8023.769344071096
patient_018,1280.0,51.2,14.581425064778267,202.63647047592315,5556.5260959042935,33.956368828848035,-617.0321855410973,7691.052545756442,6.941618325733194,-306.6094201324173,8024.047008804126
patient_018,1281.0,51.24,39.27187033961203,617.2611318708441,5558.096970717877,19.78432874733867,-354.3010020377341,7691.843918906335,27.83871529390348,522.4274242042571,8025.160557415882
patient_018,1282.0,51.28,47.00483966293082,193.32423308296978,5559.977164304395,13.527577136591495,-156.41879026867937,7692.385021991799,17.861228727145928,-249.4371641689388,8025.875006564968
patient_018,1283.0,51.32,42.1110145436472,-122.34562798209048,5561.6616048861415,48.05099521688478,863.085452007332,7694.307061800474,15.244719990030777,-65.41271842787877,8026.484795364569
patient_018,1284.0,51.36,70.81723485144349,717.6555076949071,5564.494294280199,95.1110280637704,1176.5008211721406,7698.111502923025,45.81892363343072,764.3550910849985,8028.317552309907
patient_018,1285.0,51.4,31.630145886555578,-979.6772241221977,5565.7595001156615,68.56743187594067,-663.5899046957434,7700.854200198062,33.07450395437432,-318.61049197641,8029.640532468083
patient_018,1286.0,51.44,29.577484197788674,-51.31654221917259,5566.942599483574,35.14074763280982,-835.6671060782712,7702.259830103375,39.171359279793926,152.4213831354901,8031.2073868392745
patient_018,1287.0,51.48,48.08857969815173,462.77738750907645,5568.8661426715,53.71284787649252,464.30250609206746,7704.408344018434,7.923509631206662,-781.1962412146815,8031.524327224523
patient_018,1288.0,51.52,107.08870611562271,1475.0031604367746,5573.149690916124,132.9647625311593,1981.2978663666695,7709.72693451968,29.113878831926606,529.7592300179986,8032.688882377801
patient_018,1289.0,51.56,58.32734889043851,-1219.033930629605,5575.482784871742,46.0089964244441,-2173.89415266788,7711.567294376658,4.027250414842777,-627.1657104270957,8032.849972394394
patient_018,1290.0,51.6,34.58100345375986,-593.6586359169661,5576.866025009892,22.284849136505848,-593.1036821984562,7712.458688342118,92.95784432262212,2223.2648476944837,8036.568286167299
patient_018,1291.0,51.64,27.26954854776494,-182.78637264987304,5577.956806951803,82.60592977155822,1508.0270158763094,7715.76292553298,7.185344934166122,-2144.3124847114,8036.855699964666
patient_018,1292.0,51.68,53.45034850333864,654.5199988893424,5580.094820891936,9.772133750701787,-1820.844900521411,7716.153810883008,93.42144963604912,2155.902617547075,8040.592557950108
patient_018,1293.0,51.72,35.74668775177291,-442.5915187891432,5581.524688402008,47.797661143096576,950.6381848098698,7718.065717328732,71.83847785363815,-539.5742945602741,8043.4660970642535
patient_018,1294.0,51.76,48.29417693642786,313.68722961637377,5583.456455479466,81.36221949730265,839.1139588551517,7721.320206108624,97.33643173984557,637.4488471551853,8047.359554333848
patient_018,1295.0,51.8,21.067284502729194,-680.6723108424667,5584.299146859575,23.484787975940744,-1446.9357880340474,7722.259597627662,70.11682693371303,-680.4901201533135,8050.164227411196
patient_018,1296.0,51.84,50.49689736207714,735.7403214836987,5586.319022754058,46.7855647480403,582.5194193024889,7724.131020217584,92.9403087362455,570.5870450633117,8053.8818397606465
patient_018,1297.0,51.88,21.223039602344624,-731.846443993313,5587.167944338152,84.36787987224528,939.5578781051246,7727.505735412473,66.14667036951094,-669.8409591683638,8056.527706575427
patient_018,1298.0,51.92,8.391151976246505,-320.79719065245297,5587.503590417202,156.61679291635897,1806.2228261028422,7733.770407129126,35.04367996962307,-777.5747599971968,8057.929453774213
