patient,frame,time_s,wrist_speed_mm_s,wrist_accel_mm_s2,wrist_path_mm,thumb_tip_speed_mm_s,thumb_tip_accel_mm_s2,thumb_tip_path_mm,index_finger_tip_speed_mm_s,index_finger_tip_accel_mm_s2,index_finger_tip_path_mm
patient_283,13.0,0.52,,,0.0,,,0.0,,,0.0
patient_283,14.0,0.56,115.76504594395887,,4.630601837758355,134.67940478151567,,5.387176191260627,95.79281757604252,,3.831712703041701
patient_283,15.0,0.6,36.98876378636735,-1969.4070539397878,6.110152389213049,19.839347695677276,-2871.00142714596,6.180750099087718,36.16774182661019,-1490.6268937358084,5.278422376106108
patient_283,16.0,0.64,72.1160175478723,878.1813440376238,8.99479309112794,18.55045316414072,-32.2223632884139,6.922768225653346,48.399417098666554,305.7918818014091,7.214399060052771
patient_283,17.0,0.68,84.02416981966405,297.70380679479376,12.355759883914502,135.15074379729427,2915.0072658288386,12.328797977545118,60.80284015370385,310.08557637593236,9.646512666200925
patient_283,18.0,0.72,53.01850717106779,-775.1415662149066,14.476500170757213,52.42707645252345,-2068.0916836192705,14.425881035646057,15.922938944853716,-1121.9975302212533,10.283430223995074
patient_283,19.0,0.76,70.33638261439053,432.94688608306853,17.28995547533283,21.137631604143106,-782.2361212095086,15.271386299811782,18.33011718395054,60.179455977420645,11.016634911353096
patient_283,20.0,0.8,41.13468692944172,-730.0423921237202,18.935342952510503,16.064947219213636,-126.81710962323676,15.913984188580327,30.98642177948382,316.407614888332,12.25609178253245
patient_283,21.0,0.84,10.827848721594483,-757.6709551961809,19.36845690137428,136.0433632645831,2999.4604011342362,21.35571871916365,22.483545501788107,-212.57190694239281,13.155433602603972
patient_283,22.0,0.88,13.925081901714563,77.430829503002,19.925460177442865,128.35141620649796,-192.29867645212835,26.489775367423572,24.137509141079317,41.34909098228023,14.120933968247146
patient_283,23.0,0.92,21.954153269931957,200.72678420543485,20.80362630824014,3.8745192677371647,-3111.9224234690196,26.644756138133058,11.263908451350337,-321.8400172432245,14.57149030630116
patient_283,24.0,0.96,76.26555110114327,1357.784945780283,23.85424835228587,37.33016773712497,836.391211734695,28.137962847618056,47.51000433794189,906.1523971647889,16.471890479818835
patient_283,25.0,1.0,10.865453952151386,-1635.0024287247973,24.28886651037193,56.30711445100618,474.4236678470303,30.390247425658302,16.467254764648935,-776.068739332324,17.130580670404793
patient_283,26.0,1.04,52.02374596634959,1028.9573003549551,26.36981634902591,23.229714732974184,-826.9349929507999,31.319436014977274,20.394763205519496,98.18771102176402,17.946371198625574
patient_283,27.0,1.08,6.194348210122573,-1145.7349439056752,26.617590277430814,1.2757479674492556,-548.8491691381232,31.37046593367524,10.66283274289847,-243.29826156552565,18.37288450834151
patient_283,28.0,1.12,16.838336430095673,266.0997054993275,27.29112373463464,31.88430052737042,765.2138139980291,32.64583795477006,4.926105729889652,-143.41817532522046,18.569928737537097
patient_283,29.0,1.16,20.3781492363131,88.49532015543566,28.106249704087162,71.02063041730777,978.4082472484338,35.48666317146237,36.16409710250648,780.9497843154207,20.016492621637354
patient_283,30.0,1.2,75.77359954955807,1384.8862578311243,31.137193686069487,33.073659630001394,-948.6742696826594,36.80960955666242,5.8628310546607905,-757.5316511961422,20.251005863823785
patient_283,31.0,1.24,32.49486389563832,-1081.968391347994,32.43698824189502,31.43684975793915,-40.920246801556104,38.067083546979994,6.5632006446489175,17.509239749703177,20.513533889609743
patient_283,32.0,1.28,15.898098964361195,-414.919123281928,33.07291220046947,55.04831264679601,590.2865722214216,40.26901605285183,15.30230684086105,218.4776549053033,21.12562616324419
patient_283,33.0,1.32,56.648509748005026,1018.7602695910957,35.33885259038967,6.82212401976107,-1205.6547156758736,40.541901013642274,6.117068294966001,-229.63096364737626,21.370308895042825
patient_283,34.0,1.36,49.983372495740376,-166.62843130661625,37.33818749021928,39.74614326662283,823.1004811715441,42.13174674430719,10.49675079495186,109.49206249964647,21.7901789268409
patient_283,35.0,1.4,60.95852485759211,274.3788090462933,39.77652848452297,74.27638110503123,863.25594596021,45.102801988508446,9.946861591741026,-13.747230080270834,22.18805339051054
patient_283,36.0,1.44,57.47794281995141,-87.01455094101753,42.07564619732102,61.30395707640069,-324.31060071576354,47.55496027156447,22.772090067832462,320.6307119022859,23.098936993223838
patient_283,37.0,1.48,45.17446125902801,-307.587039023085,43.88262464768214,62.02534733902467,18.03475656559943,50.03597416512545,32.92558719945374,253.83742829053188,24.41596048120199
patient_283,38.0,1.52,36.58890327565143,-214.63894958441438,45.3461807787082,47.83156750791157,-354.84449577782743,51.94923686544192,38.981705439109,151.40295599138156,25.975228698766344
patient_283,39.0,1.56,36.11737941443478,-11.788096530416325,46.79087595528559,11.115610817047253,-917.898917271608,52.39386129812381,32.80912215678626,-154.3145820580685,27.287593585037794
patient_283,40.0,1.6,48.48444914751314,309.176743326959,48.73025392118611,10.706144350916531,-10.236661653268042,52.82210707216047,25.63982269905863,-179.2324864431907,28.31318649300014
patient_283,41.0,1.64,31.6090189948818,-421.88575381578346,49.994614680981385,22.636216118425367,298.25179418772086,53.727555716897484,28.499903218432443,71.50201298434533,29.453182621737437
patient_283,42.0,1.68,16.991879020187138,-365.42849936736656,50.67428984178887,23.528217156958153,22.30002596331966,54.66868440317581,26.71441039395097,-44.637320612036824,30.521759037495475
patient_283,43.0,1.72,34.52503793107836,438.3289727722805,52.055291359032,21.852786263563754,-41.88577233485997,55.54279585371836,5.476716375373826,-530.9423504644286,30.74082769251043
patient_283,44.0,1.76,14.97645456866914,-488.71458406023044,52.654349541778764,28.029015205047894,154.4057235371035,56.66395646192028,29.77814194584035,607.535639261663,31.931953370344043
patient_283,45.0,1.8,39.051589650855895,601.8783770546688,54.216413127813006,9.709341429664983,-457.99184438457274,57.052330119106884,36.82927665623058,176.27836775975584,33.40512443659327
patient_283,46.0,1.84,41.77920556266819,68.19039779530733,55.887581350319735,54.68151233239455,1124.3042725682392,59.239590612402665,17.026476126930493,-495.0700132325022,34.08618348167049
patient_283,47.0,1.88,85.71024846724885,1098.2760726145164,59.31599128900969,118.38400045300817,1592.5622030153406,63.97495063052299,23.912259994145874,172.1445966803845,35.04267388143632
patient_283,48.0,1.92,71.7268320212288,-349.5854111505011,62.18506456985884,52.62812616088423,-1643.8968573030984,66.08007567695836,43.146612885808345,480.8588222915618,36.76853839686866
patient_283,49.0,1.96,40.52584566224521,-780.0246589745898,63.80609839634865,73.19565568511413,514.1882381057476,69.00790190436292,15.539318500092621,-690.1823596428932,37.39011113687236
patient_283,50.0,2.0,42.98425156635099,61.46014760264453,65.5254684590027,83.56200305622035,259.15868427765537,72.35038202661174,22.081476268363712,163.55394420677726,38.27337018760691
patient_283,51.0,2.04,63.68006495092718,517.3953346144048,68.07267105703978,63.432269253727505,-503.2433450623211,74.88767279676084,16.14424134434628,-148.4308731004358,38.91913984138076
patient_283,52.0,2.08,11.580849594964816,-1302.480383899059,68.53590504083837,52.63673530602575,-269.8883486925439,76.99314220900187,21.37221770637572,130.69940905073602,39.774028549635794
patient_283,53.0,2.12,43.58576432288898,800.122868198104,70.27933561375393,14.530214127387222,-952.6630294659633,77.57435077409735,5.23888874381052,-403.33322406413004,39.98358409938821
patient_283,54.0,2.16,15.929137867320215,-691.415661389219,70.91650112844674,47.690995132300735,829.0195251228379,79.48199057938939,14.069669289480277,220.76951364174394,40.54637087096742
patient_283,55.0,2.2,59.40582438739497,1086.9171630018689,73.29273410394254,28.517505061732905,-479.33725176419574,80.6226907818587,19.02549236755608,123.89557695189507,41.307390565669664
patient_283,56.0,2.24,30.94690511205375,-711.4729818835306,74.53061030842468,56.35386889654957,695.9090958704166,82.8768455377207,5.935510605552638,-327.24954405008606,41.54481098989177
patient_283,57.0,2.28,7.305678914395031,-591.0306549414679,74.82283746500049,24.83697104674835,-787.9224462450305,83.87032437959061,5.66136999998856,-6.853515139101951,41.77126578989132
patient_283,58.0,2.32,5.303257250339212,-50.06054160139548,75.03496775501405,10.870535842837588,-349.160880097769,84.30514581330412,0.3497172147064074,-132.7913196320538,41.78525447847958
patient_283,59.0,2.36,2.6546158699867477,-66.2160345088116,75.14115238981353,14.983498241528679,102.82405996727726,84.90448574296526,2.6549269937744198,57.63024447670031,41.89145155823056
patient_283,60.0,2.4,76.44640290990098,1844.794675997856,78.19900850620957,60.21688779855343,1130.8347389256187,87.31316125490739,5.01272022616042,58.94483080965001,42.09196036727697
patient_283,61.0,2.44,29.217322481760906,-1180.727010703502,79.36770140548,25.051828240020498,-879.1264889633233,88.3152343845082,47.79742614193593,1069.6176478943878,44.0038574129544
patient_283,62.0,2.48,104.73748354276572,1888.0040265251203,83.55720074719063,23.57499415373742,-36.92085215707692,89.2582341506577,40.96144068969141,-170.89963630611305,45.64231504054206
patient_283,63.0,2.52,23.56274923648745,-2029.3683576569567,84.49971071665013,38.90450239969098,383.23770614883904,90.81441424664534,43.14701802713756,54.63943343615387,47.36819576162757
patient_283,64.0,2.56,4.377653893094382,-479.62738358482665,84.67481687237391,50.09330404192089,279.72004105574763,92.81814640832218,66.05757818209776,572.7640038740049,50.01049888891148
patient_283,65.0,2.6,53.34968951761434,1224.300890612999,86.80880445307848,78.80452698359194,717.7805735417763,95.97032748766586,45.75495651773755,-507.56554160900527,51.84069714962098
patient_283,66.0,2.64,83.07216454383529,743.0618756555237,90.13169103483189,145.20867049089568,1660.1035876825936,101.77867430730169,48.64247284430219,72.1879081641161,53.78639606339307
patient_283,67.0,2.68,41.6402236720868,-1035.798521793712,91.79729998171537,122.51900277778476,-567.241692827773,106.67943441841308,86.72192081923833,951.9861993734036,57.25527289616261
patient_283,68.0,2.72,51.52435397989865,247.1032576952963,93.8582741409113,25.442947891118855,-2426.9013721666474,107.69715233405783,42.50024765909815,-1105.5418290035045,58.95528280252653
patient_283,69.0,2.76,86.86923268917326,883.6219677318652,97.33304344847824,50.144501241000455,617.53883374704,109.70293238369784,15.909965844519817,-664.7570453644583,59.591681436307326
patient_283,70.0,2.8,39.28150460591063,-1189.693202081566,98.90430363271466,92.47495903857721,1058.2614449394189,113.40193074524093,1.285727858477191,-365.60594965106566,59.64311055064641
patient_283,71.0,2.84,42.59017127558246,82.71666674179592,100.60791048373795,64.34819071660867,-703.1692080492135,115.97585837390528,28.241128995826674,673.885028433737,60.77275571047949
patient_283,72.0,2.88,10.799598224479372,-794.7643262775773,101.03989441271713,51.219368798416475,-328.2205479548049,118.02463312584194,33.096815492770716,121.39216242360105,62.09662833019031
patient_283,73.0,2.92,60.15162601489694,1233.8006947604392,103.44595945331301,105.8408945108139,1365.5381428099356,122.2582689062745,19.816002789154272,-332.0203175904111,62.889268441756485
patient_283,74.0,2.96,196.77156216916697,3415.4984038567504,111.31682194007968,64.59409485043494,-1031.169991509474,124.8420327002919,11.569276704874872,-206.168152106985,63.35203950995148
patient_283,75.0,3.0,210.47927855944815,342.69290975702944,119.73599308245761,100.07345491766644,886.9840016807874,128.84497089699855,12.449297847848044,22.0005285743293,63.85001142386541
patient_283,76.0,3.04,57.63052298540435,-3821.2188893510947,122.04121400187378,207.40193387879359,2683.2119740281787,137.14104825215028,115.45766222538913,2575.2091094385273,68.46831791288098
patient_283,77.0,3.08,105.62515340135118,1199.865760398671,126.26622013792783,48.968495246316124,-3960.835965811937,139.09978806200294,23.36300407861311,-2302.3664536694005,69.4028380760255
patient_283,78.0,3.12,125.98593945656013,509.0196513802237,131.30565771619024,146.62145778878568,2441.324063561739,144.96464637355436,77.5133688902763,1353.7591202915796,72.50337283163655
patient_283,79.0,3.16,69.29057596795829,-1417.384087215046,134.07728075490857,126.83349201013773,-494.6991444661986,150.03798605395988,69.79899481465394,-192.85935189055897,75.29533262422271
patient_283,80.0,3.2,121.64501588861273,1308.860998016361,138.94308139045307,56.185438161854336,-1766.201346207085,152.28540358043406,45.22466933734928,-614.3581369326164,77.10431939771668
patient_283,81.0,3.24,112.4780694516492,-229.1736609240882,143.44220416851905,43.87061284654597,-307.87063288270923,154.0402280942959,18.315482664909897,-672.7296668109847,77.83693870431308
patient_283,82.0,3.28,116.05006766065061,89.29995522503518,148.0842068749451,125.31836322636124,2036.193759495382,159.05296262335037,7.111680144423097,-280.09506301217,78.12140591009
patient_283,83.0,3.32,233.8338483679703,2944.594517682992,157.4375608096639,137.926614228156,315.20627504486924,164.5700271924766,92.61040733345365,2137.4681797257635,81.82582220342815
patient_283,84.0,3.36,229.01393802291543,-120.49775862637162,166.59811833058052,88.28610742816501,-1241.012669999775,168.1014714896032,129.63421932364247,925.5952997547205,87.01119097637385
patient_283,85.0,3.4,39.635577191366174,-4734.459020788731,168.18354141823514,198.83724747863405,2763.778501261726,176.05496138874855,258.0736248200731,3210.985137410766,97.33413596917678
patient_283,86.0,3.44,114.10370661813624,1861.7032356692519,172.74768968296058,245.54103475976888,1167.5946820283705,185.87660277913932,281.76801568567504,592.3597716400479,108.60485659660378
patient_283,87.0,3.48,231.12210512492973,2925.4599626698373,181.99257388795778,282.0669157865499,913.1470256695252,197.1592794106013,316.58357040369185,870.3888679504203,121.26819941275146
patient_283,88.0,3.52,295.9087747578404,1619.666740822766,193.82892487827138,482.58960501843956,5013.067230797242,216.46286361133886,551.7467696811284,5879.079981935914,143.3380701999966
patient_283,89.0,3.56,343.148276445823,1180.9875421995657,207.55485593610433,287.2122275112672,-4884.434437679309,227.95135271178955,456.5355906995018,-2380.2794745406645,161.59949382797666
patient_283,90.0,3.6,229.25615382849423,-2847.303065433219,216.7251020892441,265.1209520356951,-552.2818868893025,238.55619079321735,110.87315313666505,-8641.56093907092,166.03441995344326
patient_283,91.0,3.64,423.6841275268639,4860.699342459242,233.67246719031863,153.7573406277334,-2784.0902851990422,244.70648441832668,152.80175110260024,1048.2149491483797,172.14648999754726
patient_283,92.0,3.68,115.86002202948606,-7695.6026374344465,238.30686807149806,142.12683078370358,-290.76274610074574,250.39155764967484,113.6021272698841,-979.9905958179036,176.69057508834263
patient_283,93.0,3.72,35.808841218063634,-2001.2795202855607,239.7392217202206,182.75366291391293,1015.6708032552337,257.70170416623137,134.29453384240014,517.3101643129012,182.06235644203866
patient_283,94.0,3.76,58.072702125744506,556.5965226920218,242.06212980525038,107.71102683450505,-1876.0659019851971,262.0101452396116,97.3737923079702,-923.0185383607484,185.95730813435745
patient_283,95.0,3.8,55.064676377405156,-75.20064370848374,244.26471686034657,95.44922566959184,-306.5450291228302,265.82811426639523,84.05170602719136,-333.0521570194712,189.3193763754451
patient_283,96.0,3.84,103.72177341658794,1216.4274259795695,248.41358779701008,71.31548635155099,-603.3434829510213,268.6807337204573,64.33334403022333,-492.9590499242007,191.89271013665402
patient_283,97.0,3.88,27.977358755852087,-1893.6103665183964,249.53268214724415,58.67400592549046,-316.0370106515131,271.0276939574769,29.622279095995065,-867.7766233557065,193.07760130049385
patient_283,98.0,3.92,18.972800163455535,-225.11396480991382,250.2915941537824,22.631068679141073,-901.0734311587347,271.93293670464254,45.70950727272215,402.18070441817713,194.90598159140274
patient_283,99.0,3.96,18.16109274436187,-20.29268547734162,251.01803786355686,12.085422433004384,-263.6411561534172,272.4163536019627,16.78298877303461,-723.1629624921885,195.57730114232413
patient_283,100.0,4.0,13.409205280003627,-118.79718660895607,251.554406074757,19.74091713228375,191.3873674819842,273.20599028725405,8.700717309335575,-202.05678659247587,195.92532983469755
patient_283,101.0,4.04,14.775194143166056,34.14972157906071,252.14541384048363,27.33516925309277,189.85630302022543,274.29939705737775,14.862824053856826,154.05266861303127,196.5198427968518
patient_283,102.0,4.08,16.682668988304915,47.68687112847147,252.8127206000158,63.73776111703267,910.0647965984977,276.84890750205903,29.139432446045195,356.9152098047092,197.68542009469363
patient_283,103.0,4.12,4.610487321597776,-301.80454166767845,252.99714009287973,7.05040594053701,-1417.1838794123914,277.1309237396805,11.575121203100423,-439.1077810736193,198.14842494281763
patient_283,104.0,4.16,1.5005901628473128,-77.74742896876158,253.05716369939364,10.030477989220552,74.50180121708856,277.53214285924935,15.964201709548762,109.72701266120848,198.78699301119957
patient_283,105.0,4.2,12.194814345814713,267.355604574185,253.54495627322623,25.140326470787524,377.74621203917434,278.53775591808085,12.531518107246296,-85.81709005756166,199.2882537354894
patient_283,106.0,4.24,22.545875395528032,258.776526242833,254.44679128904735,19.92857922808872,-130.29368106747015,279.3348990872044,0.7353265430930036,-294.9047891038323,199.31766679721312
patient_283,107.0,4.28,28.967228655724586,160.53383150491385,255.60548043527632,20.761127014491432,20.81369466006784,280.16534416778404,14.850555813195205,352.88073175255505,199.91168902974096
patient_283,108.0,4.32,15.460664198494996,-337.66411143073975,256.22390700321614,70.20363521095418,1236.0627049115685,282.9734895762222,17.319517347972177,61.724038369424285,200.60446972365986
patient_283,109.0,4.36,14.722689093115136,-18.4493776344965,256.81281456694074,35.91238069514503,-857.2813628952285,284.409984804028,53.73752418373916,910.4501708941747,202.7539706910094
patient_283,110.0,4.4,31.66001751368745,423.43321051430786,258.0792152674882,69.30832969636728,834.8987250305562,287.1823179918827,33.04892068897464,-517.215087369113,204.0759275185684
patient_283,111.0,4.44,12.247817895315263,-485.30499045930463,258.5691279833008,75.20257505793954,147.35613403930648,290.1904209942003,11.60059000996124,-536.208266975335,204.53995111896683
patient_283,112.0,4.48,7.814738819811073,-110.82697688760474,258.8817175360933,45.81610528528576,-734.6617443163445,292.0230652056117,30.761798197467268,479.03020468765067,205.77042304686552
patient_283,113.0,4.52,52.021403700456,1105.166622016123,260.96257368411153,64.78614725831727,474.25104932578785,294.6145110959444,79.69378378913935,1223.2996397918018,208.95817439843108
patient_283,114.0,4.56,63.76817642371744,293.66931808153606,263.5133007410602,118.79067055360967,1350.11308238231,299.3661379180888,120.97759728972964,1032.0953375147574,213.79727829002024
patient_283,115.0,4.6,66.7952040549382,75.67569078051886,266.18510890325774,128.80605855885116,250.38470013103728,304.5183802604428,122.94457125867497,49.17434922363313,218.71506114036725
patient_283,116.0,4.64,118.50606778632098,1292.7715932845697,270.9253516147106,183.57771632210583,1369.2914440813665,311.86148891332704,249.7893746035698,3171.1200836223707,228.70663612451006
patient_283,117.0,4.68,183.48257927516394,1624.412787221074,278.26465478571714,256.72598773555694,1828.7067853362778,322.13052842274936,248.16245316952651,-40.67303585108206,238.6331342512911
patient_283,118.0,4.72,133.462940039115,-1250.4909809012233,283.60317238728175,354.48302444259144,2443.9259176758624,336.309849400453,248.62224486063795,11.494792277785848,248.5780240457166
patient_283,119.0,4.76,209.4595772421866,1899.9159300767901,291.98155547696916,391.9335073444745,936.2620725470763,351.98718969423203,316.4443063852679,1695.551538115749,261.2357963011273
patient_283,120.0,4.8,222.4653881748037,325.1452733154274,300.8801710039613,697.0252468427349,7627.29348745651,379.8681995679414,881.9204142443689,14136.902696477522,296.51261287090205
patient_283,121.0,4.84,88.14016686265747,-3358.1305328036565,304.40577767846764,88.12857611970342,-15222.416768075786,383.39334261272955,33.40564526481571,-21212.86922448883,297.84883868149467
patient_283,122.0,4.88,130.84056005992164,1067.5098299316044,309.6394000808645,439.99468182023963,8796.652642513405,400.9931298855391,509.99187658493776,11914.655783003052,318.2485137448922
patient_283,123.0,4.92,272.0673600797053,3530.670000494591,320.52209448405273,437.3109574682509,-67.09310879971895,418.48556818426914,592.7194468395438,2068.189256365152,341.95729161847396
patient_283,124.0,4.96,227.4717667261818,-1114.8898338380868,329.6209651531,276.3449586756996,-4024.1499698137814,429.5393665312971,484.50322203565713,-2705.4056200971672,361.33742049990025
patient_283,125.0,5.0,95.1887271972687,-3307.075988222827,333.4285142409907,75.50554612897092,-5020.985313668217,432.55958837645596,280.119171109099,-5109.601273163953,372.5421873442642
patient_283,126.0,5.04,140.1898029402645,1125.0268935748952,339.0361063586013,151.09128989155155,1889.6435940645158,438.60323997211805,166.02894648568986,-2852.2556155852285,379.1833452036919
patient_283,127.0,5.08,117.5457447876717,-566.1014538148205,343.73793615010817,154.40792185113514,82.91579898958972,444.7795568461635,215.8396419024706,1245.2673854195182,387.8169308797907
patient_283,128.0,5.12,130.9437796032291,334.95087038893524,348.9756873342373,183.83072356595207,735.5700428704232,452.1327857888016,184.22052202591146,-790.4779969139781,395.1857517608271
patient_283,129.0,5.16,75.35457477670961,-1389.7301206629872,351.9898703253057,111.10332097531987,-1818.1850647658048,456.5769186278144,208.30120239204177,602.0170091532577,403.5177998565088
patient_283,130.0,5.2,44.54949187240378,-770.1270726076459,353.7718500002018,134.5357435083943,585.8105633268603,461.95834836815015,137.57657938514063,-1768.1155751725285,409.0208630319144
patient_283,131.0,5.24,40.81725400030524,-93.30594680246342,355.404540160214,100.40165859541283,-853.3521228245367,465.9744147119667,108.31589562478344,-731.5170940089299,413.35349885690573
patient_283,132.0,5.28,44.51917699368065,92.54807483438529,357.1853072399613,66.45218893437664,-848.7367415259048,468.6325022693417,63.06612255491743,-1131.2443267466501,415.87614375910243
patient_283,133.0,5.32,21.769217177310914,-568.7489954092434,358.05607592705366,60.39115409402253,-151.5258710088526,471.0481484331026,41.92419071400528,-528.5482960228037,417.5531113876626
patient_283,134.0,5.36,85.71494824902413,1598.6432767928304,361.4846738570146,90.67943480975134,757.2070178932203,474.6753258254927,41.37912807957009,-13.626565860879758,419.20827651084545
patient_283,135.0,5.4,98.30478651076447,314.7459565435085,365.4168653174452,271.937867327499,4531.460812943692,485.55284051859263,201.82805557849636,4011.223187473157,427.2813987339853
patient_283,136.0,5.44,225.48034832098128,3179.38904525542,374.4360792502845,262.9693084097551,-224.21397294359764,496.0716128549828,350.8368588496689,3725.220081779313,441.3148730879721
patient_283,137.0,5.48,241.90844055061874,410.7023057409364,384.1124168723092,451.0295355943997,4701.505679616114,514.1127942787588,647.1070656852052,7406.755170888407,467.19915571538024
patient_283,138.0,5.52,311.0497449752788,1728.5326106165023,396.5544066713203,494.2302644665105,1080.01822180277,533.8820048574192,767.9902071101794,3022.078535624357,497.9187639997874
patient_283,139.0,5.56,185.3207095043027,-3143.225886774403,403.9672350514925,843.8269677677813,8739.91758253177,567.6350835681305,816.852949442665,1221.5685583121399,530.592881977494
patient_283,140.0,5.6,329.73911610979513,3610.460165137311,417.1567996958843,453.3452667776073,-9762.04252475435,585.7688942392348,545.9037168397363,-6773.730815073219,552.4290306510834
patient_283,141.0,5.64,407.8864360990324,1953.6829997309312,433.4722571398455,555.1156438007121,2544.2594255776185,607.9735199912633,442.452143213655,-2586.2893406520316,570.1271163796297
patient_283,142.0,5.68,209.65313012907527,-4955.832649248928,441.8583823450086,358.05106068415466,-4926.614577913935,622.2955624186295,251.20508791573343,-4781.1763824480395,580.175319896259
patient_283,144.0,5.76,,,441.8583823450086,,,622.2955624186295,,,580.175319896259
patient_283,145.0,5.8,188.6410829957895,,449.40402566484016,293.79638669953516,,634.0474178866109,178.0717065542712,,587.2981881584299
patient_283,146.0,5.84,133.70148465723517,-1373.4899584638583,454.75208505112954,59.47359674499446,-5858.069748863518,636.4263617564106,107.48781439231799,-1764.5973040488304,591.5977007341226
patient_283,147.0,5.88,22.720888351393832,-2774.514907646034,455.6609205851853,40.70874621876604,-469.12126315571055,638.0547116051614,38.911723647009524,-1714.4022686327116,593.154169680003
patient_283,148.0,5.92,56.90126034145828,854.5092997516113,457.9369709988436,31.308209115333973,-235.01342758580162,639.3070399697747,50.45922914606709,288.68763747643914,595.1725388458457
patient_283,149.0,5.96,41.00288782435615,-397.4593129275533,459.5770865118178,60.982997505430646,741.8697097524168,641.7463598699919,80.039072228552,739.4960770621228,598.3741017349877
patient_283,150.0,6.0,33.01381945525552,-199.72670922751573,460.897639290028,11.645660917412712,-1233.4334147004483,642.2121863066884,15.327273722805533,-1617.7949626436618,598.9871926838999
patient_283,151.0,6.04,39.74542715694962,168.29019254235237,462.487456376306,4.545262763184725,-177.50995385569968,642.3939968172158,31.35614519749154,400.7217868671502,600.2414384917996
patient_283,152.0,6.08,11.092080653210289,-716.3336625934833,462.9311396024344,8.114028875910677,89.21915281814879,642.7185579722523,21.300491651239373,-251.39133865630416,601.0934581578491
patient_283,153.0,6.12,11.267834687810682,4.39385086500983,463.3818529899469,31.770396945895328,591.4092017496163,643.9893738500881,79.84087917102204,1463.5096879945668,604.2870933246901
patient_283,154.0,6.16,13.624247097434903,58.91031024060553,463.9268228738443,18.349420957141387,-335.52439971884854,644.7233506883738,39.573637072704585,-1006.6810524579363,605.8700388075982
patient_283,155.0,6.2,20.577431633581224,173.82961340365802,464.7499201391875,17.225766049203617,-28.09137269844424,645.4123813303419,42.63144219859087,76.44512814715708,607.5752964955419
patient_283,156.0,6.24,47.75312259065156,679.3922739267583,466.6600450428136,28.900260955800853,291.8623726649309,646.568391768574,7.29358419903367,-883.44644998893,607.8670398635032
patient_283,157.0,6.28,8.544165336477967,-980.2239313543398,467.0018116562727,24.34684425640925,-113.83541748479011,647.5422655388303,56.70168354034778,1235.2024835328527,610.1351072051172
patient_283,158.0,6.32,25.91012386392517,434.14896318618,468.0382166108297,27.002821170455466,66.39942285115544,648.6223783856485,47.479314896340945,-230.5592161001709,612.0342798009708
patient_283,159.0,6.36,5.811291712809777,-502.4708037778848,468.2706682793421,7.854091533538339,-478.7182409229281,648.9365420469901,24.422331625951728,-576.4245817597305,613.011173066009
patient_283,160.0,6.4,17.848757244237838,300.9366382857015,468.98461856911155,23.011964435099703,378.9468225390341,649.8570206243941,36.88755546081237,311.6305958715161,614.4866752844414
patient_283,161.0,6.44,3.784201545444677,-351.613892469829,469.1359866309293,7.450608621430452,-389.0338953417313,650.1550449692512,10.006294651856123,-672.0315202239062,614.8869270705156
patient_283,162.0,6.48,12.592638371124192,220.21092064198785,469.6396921657743,34.639925123432036,679.7329125500396,651.5406419741886,22.600668247725487,314.85933989673407,615.7909538004246
patient_283,163.0,6.52,13.481029383108503,22.20977529960777,470.1789333410987,14.583337744082122,-501.41468448374786,652.1239754839518,32.64083867546622,251.00426069351835,617.0965873474433
patient_283,164.0,6.56,19.741294380743696,156.50662494087985,470.96858511632837,26.843723337167322,306.50963982713,653.1977244174385,22.736370811436498,-247.61169660074307,618.0060421799009
patient_283,165.0,6.6,6.788912329870682,-323.80955127182534,471.2401416095232,28.1166103103777,31.8221743302594,654.3223888298536,100.30217799358148,1939.1451795536245,622.0181292996441
patient_283,166.0,6.64,3.711174985109183,-76.94343361903748,471.38858860892753,55.97508835694581,696.4619511642028,656.5613923641315,46.11245822454106,-1354.7429942260105,623.8626276286257
patient_283,167.0,6.68,19.330384249087327,390.4802315994536,472.16180397889104,5.612953284789035,-1259.0533768039195,656.785910495523,29.127331334617992,-424.6281722480767,625.0277208820104
patient_283,168.0,6.72,29.409834281095186,251.98625080019647,473.33819735013486,63.150577861175066,1438.4406144096508,659.31193360997,52.79741841254652,591.7521769482132,627.1396176185123
patient_283,169.0,6.76,15.50037916007901,-347.7363780254044,473.958212516538,83.1557541148434,500.12940634170843,662.6381637745637,86.56935227134304,844.2983464699129,630.602391709366
patient_283,170.0,6.8,39.33447560580459,595.8524111431395,475.53159154077025,152.16602379092564,1725.2567419020559,668.7248047262008,38.26369884193526,-1207.6413357351944,632.1329396630433
patient_283,171.0,6.84,20.854244565524258,-462.00577600700836,476.3657613233912,40.975606200504444,-2779.7604397605296,670.363828974221,31.999943562216266,-156.59388199297481,633.412937405532
patient_283,172.0,6.88,18.242607077037597,-65.29093721216653,477.0954656064727,51.009768198903444,250.854049959975,672.4042197021771,91.51212476411442,1487.8045300474537,637.0734223960966
patient_283,173.0,6.92,11.29822699494214,-173.6095020523864,477.5473946862704,40.49522864120456,-262.86348894247203,674.0240288478252,98.22216406582643,167.7509825428004,641.0023089587296
patient_283,174.0,6.96,19.84592883125987,213.6925459079432,478.34123183952084,16.039312579797095,-611.3979015351867,674.6656013510171,45.11702527339027,-1327.628469810904,642.8069899696652
patient_283,175.0,7.0,15.929851741197453,-97.9019272515604,478.9784259091687,86.56536680482863,1763.1513556257883,678.1282160232103,46.7056496769194,39.71561008822828,644.675215956742
patient_283,176.0,7.04,21.776212574020693,146.15902082058102,479.84947441212955,27.129806760784767,-1485.8890011010965,679.2134082936417,59.089490412234085,309.5960183828671,647.0387955732314
patient_283,177.0,7.08,19.52800005883855,-56.205312879553574,480.63059441448314,32.328376213297354,129.96423631281465,680.5065433421736,36.40717899737141,-567.0577853715669,648.4950827331263
patient_283,178.0,7.12,35.14738999880991,390.4847484992841,482.03649001443557,15.38258282281765,-423.64483476199257,681.1218466550863,23.649467323008533,-318.9427918590719,649.4410614260465
patient_283,179.0,7.16,28.60064894717759,-163.6685262908081,483.18051597232267,33.655501587113456,456.8229691073951,682.4680667185708,23.958360671686393,7.722333716946483,650.399395852914
patient_283,180.0,7.2,39.95248765745213,283.79596775686355,484.7786154786208,30.053132228977358,-90.05923395340245,683.67019200773,19.560587807392043,-109.94432160735875,651.1818193652098
patient_283,181.0,7.24,13.690233560811645,-656.5563524160121,485.32622482105324,35.54367509861699,137.26357174099073,685.0919390116745,33.9825731237334,360.54963290853397,652.5411222901591
patient_283,182.0,7.28,31.033726175406215,433.58731536486425,486.56757386806953,54.13567553978065,464.8000110290916,687.2573660332657,31.872124540714676,-52.76121457546816,653.8160072717877
patient_283,183.0,7.32,65.92225982494968,872.2133412385865,489.20446426106747,32.15370690342875,-549.5492159087976,688.5435143094028,36.108495790260214,105.90928123863846,655.2603471033981
patient_283,184.0,7.36,65.13085949010107,-19.785008371215085,491.8096986406715,65.6426900115027,837.2245777018486,691.1692219098629,36.258465588806835,3.7492449636655323,656.7106857269504
patient_283,185.0,7.4,63.99973269719152,-28.278169822738874,494.36968794855915,80.42876314383417,369.651828308287,694.3863724356164,53.404087537393906,428.64054871467675,658.8468492284461
patient_283,186.0,7.44,66.77883295386201,69.47750641676222,497.04084126671364,68.93451152895847,-287.35629037189267,697.1437528967747,87.21019897800815,845.1527860153561,662.3352571875664
patient_283,187.0,7.48,73.10333213675578,158.11247957234434,499.96497455218383,73.6249271124728,117.26038958785843,700.0887499812736,28.442793765845526,-1469.1851303040658,663.4729689382002
patient_283,188.0,7.52,80.12700156944052,175.59173581711855,503.1700546149615,39.36624721625652,-856.4669974054071,701.6633998699239,74.64436615318688,1155.039309683534,666.4587435843277
patient_283,189.0,7.56,156.26396946680057,1903.4241974340014,509.4206133936335,160.39211828835752,3025.6467768025254,708.0790846014581,259.7867014573308,4628.558382603599,676.850211642621
patient_283,190.0,7.6,144.15157389844998,-302.80988920876484,515.1866763495716,275.7663936119605,2884.3568830900745,719.1097403459366,353.90984354309876,2353.0785521441985,691.0066053843449
patient_283,191.0,7.64,145.9298120119395,44.455952837238044,521.0238688300492,325.4944595732576,1243.2016490324272,732.1295187288669,382.1890633262444,706.9804945786416,706.2941679173947
patient_283,192.0,7.68,203.91068810694654,1449.5219023751758,529.1802963543271,354.778028936653,732.0892340848857,746.320639886333,479.379864896795,2429.7700392637653,725.4693625132666
patient_283,193.0,7.72,207.09681872919074,79.65326555610517,537.4641691034947,218.61114242094934,-3404.172162892592,755.0650855831709,284.99979676000095,-4859.501703419852,736.8693543836665
patient_283,194.0,7.76,85.88123015372796,-3030.3897143865697,540.8994183096438,110.80518721577201,-2695.148880129433,759.4972930718017,148.49973136972665,-3412.5016347568576,742.8093436384556
patient_283,195.0,7.8,13.960138157527789,-1798.027299905004,541.457823835945,83.32343793676193,-687.0437319752518,762.8302305892721,44.06852176029418,-2610.780240235812,744.5720845088674
patient_283,196.0,7.84,26.211974659225117,306.2959125424332,542.506302822314,15.48430192300329,-1695.978400343966,763.4496026661923,18.47577155795096,-639.8187550585806,745.3111153711855
patient_283,197.0,7.88,24.187227756774863,-50.61867256125634,543.473791932585,58.34761076889981,1071.5827211474132,765.7835070969481,51.289436140421174,820.3416145617553,747.3626928168023
patient_283,198.0,7.92,21.116193736664727,-76.77585050275341,544.3184396820516,55.38431082111759,-74.08249869455562,767.9988795297929,47.48568343950275,-95.09381752296058,749.2621201543824
patient_283,199.0,7.96,31.517069312583406,260.02188939796696,545.5791224545549,88.9161133860625,838.295064123623,771.5555240652353,87.5581982123815,1001.8128693219687,752.7644480828776
patient_283,200.0,8.0,23.75478969731054,-194.05699038182166,546.5293140424473,23.65296602025429,-1631.5786841452052,772.5016427060456,38.279186101356046,-1231.9753027756362,754.2956155269319
patient_283,201.0,8.04,5.742270090009153,-450.31299018253463,546.7590048460477,45.11050033840634,536.4383579538012,774.3060627195819,5.473504765976363,-820.142033384492,754.514555717571
patient_283,202.0,8.08,33.74312861489532,700.0214631221542,548.1087299906435,15.33476063904953,-744.3934924839202,774.9194531451437,111.09785259606372,2640.608695752184,758.9584698214136
patient_283,203.0,8.12,15.294924852199513,-461.2050940673951,548.7205269847315,47.56065188544196,805.6472811598109,776.8218792205614,24.420398667224926,-2166.9363482209696,759.9352857681026
patient_283,204.0,8.16,42.95466713800837,691.4935571452213,550.4387136702518,61.150845841015006,339.75484888932607,779.2679130542019,65.53215486559529,1027.793904959259,762.5565719627265
patient_283,205.0,8.2,42.49198651973651,-11.567015456796526,552.1383931310413,50.83492159068047,-257.8981062583633,781.3013099178293,33.51014474939166,-800.5502529050908,763.8969777527021
patient_283,206.0,8.24,64.38715890819796,547.3793097115364,554.7138794873692,17.21715217502064,-840.4442353914959,781.98999600483,72.81646165018752,982.6579225198966,766.8096362187097
patient_283,207.0,8.28,128.68905799142308,1607.5474770806281,559.8614418070262,87.26702981009582,1751.2469408768793,785.480677197234,62.24905534204965,-264.18515770344675,769.2995984323917
patient_283,208.0,8.32,54.163355324308505,-1863.1425666778646,562.0279760199985,117.48486947104062,755.4459915236201,790.1800719760755,230.97023805428987,4218.029567806006,778.5384079545634
patient_283,209.0,8.36,134.14785859670314,1999.6125818098662,567.3938903638666,206.3832970043016,2222.460688331524,798.4354038562476,90.82650748806024,-3503.593264155741,782.1714682540858
patient_283,210.0,8.4,118.71892622237587,-385.72330935818184,572.1426474127617,299.7683157701005,2334.625469144973,810.4261364870515,416.8927445233843,8151.655925883101,798.8471780350212
patient_283,211.0,8.44,168.65220174584798,1248.3318880868026,578.8887354825956,306.87589587980887,177.68950274270878,822.7011723222439,304.3831500800925,-2812.739861082295,811.0225040382248
patient_283,212.0,8.48,214.47936047421635,1145.6789682092094,587.4679099015643,325.1008234447879,455.62318912447637,835.7052052600354,456.17888573940576,3794.8933914828317,829.2696594678011
patient_283,213.0,8.52,116.5343425534871,-2448.6254480182315,592.1292836037037,484.70437348098716,3990.0887509049808,855.093380199275,385.2002603671013,-1774.4656343076117,844.6776698824852
patient_283,214.0,8.56,315.33911356827656,4970.119275369737,604.7428481464348,238.5318789196778,-6154.312364032734,864.6346553560621,270.85450460258454,-2858.643894112919,855.5118500665885
patient_283,215.0,8.6,224.03763774040473,-2282.5368956967955,613.7043536560509,327.64884325330314,2227.924108340633,877.7406090861944,410.3840330660251,3488.2382115860137,871.9272113892295
patient_283,216.0,8.64,142.93644187389867,-2027.5298966626515,619.4218113310069,248.4442944692695,-1980.1137196008413,887.6783808649651,305.3147630164176,-2626.7317512401874,884.1398019098862
patient_283,217.0,8.68,260.40969361408565,2936.8312935046747,629.8381990755703,219.8580325491109,-714.6565480039648,896.4727021669295,131.62846385413542,-4342.157479057055,889.4049404640516
patient_283,218.0,8.72,212.32000680154525,-1202.24217031351,638.3309993476321,93.8489048932191,-3150.228191397295,900.2266583626583,203.14689776727204,1787.9608478284154,897.5308163747425
patient_283,219.0,8.76,57.21366698114267,-3877.6584955100643,640.6195460268777,125.83012839307234,799.5305874963311,905.2598634983813,68.07657527366878,-3376.758062340082,900.2538793856892
patient_283,220.0,8.8,36.60596941130587,-515.19243924592,642.0837848033301,59.4377672573112,-1659.8090283940287,907.6373741886737,80.05638699701666,299.495293083697,903.4561348655699
patient_283,221.0,8.84,57.5435275894004,523.4389544523632,644.3855259069061,186.68490203979667,3181.1783695621366,915.1047702702656,93.45017291393731,334.8446479230162,907.1941417821274
patient_283,222.0,8.88,86.30377120553385,719.0060904033363,647.8376767551274,51.95606084797154,-3368.221029795628,917.1830127041845,82.92245798708375,-263.19287317133904,910.5110401016107
patient_283,223.0,8.92,51.13858913378301,-879.129551793771,649.8832203204787,39.393946223286214,-314.0528656171332,918.7587705531159,33.154973463348625,-1244.187113093378,911.8372390401446
patient_283,224.0,8.96,18.894095362383766,-806.1123442849811,650.6389841349741,106.59498716945322,1680.0260236541753,923.022570039894,124.49231008331853,2283.4334154992475,916.8169314434774
patient_283,225.0,9.0,37.39952055692018,462.6356298634104,652.1349649572509,10.171694532981423,-2410.582315911795,923.4294378212134,64.3264755621636,-1504.1458630288735,919.3899904659639
patient_283,226.0,9.04,27.099428560067388,-257.50229992131983,653.2189420996536,114.75385040321335,2614.553896755798,928.0195918373419,143.33444380444476,1975.1992060570292,925.1233682181416
patient_283,227.0,9.08,36.8174889723872,242.95151030799536,654.6916416585491,138.55954006248663,595.1422414818321,933.5619734398414,28.038825209270964,-2882.390464879345,926.2449212265125
patient_283,228.0,9.12,94.92325923944182,1452.6442566763653,658.4885720281268,143.80930908574385,131.24422558143038,939.3143458032712,222.49474947102345,4861.398106543813,935.1447112053535
patient_283,229.0,9.16,236.05055299417216,3528.1823438682586,667.9305941478938,232.28892772965975,2211.9904660978973,948.6059029124575,112.55855499195933,-2748.404861976603,939.6470534050319
patient_283,230.0,9.2,249.51926466655513,336.7177918095741,677.911364734556,364.7355512921941,3311.1655890633583,963.1953249641452,530.4753609847587,10447.920149819984,960.8660678444222
patient_283,231.0,9.24,239.1719638915853,-258.6825193742456,687.4782432902194,507.95162662410735,3580.4018832978313,983.5133900291096,597.4469859681172,1674.2906245839636,984.7639472831469
patient_283,232.0,9.28,245.21060716440783,150.96608182056315,697.2866675767957,649.8909956248237,3548.48422501791,1009.5090298541026,585.7291112211168,-292.9468686750113,1008.1931117319915
patient_283,233.0,9.32,248.06993974178698,71.48331443447873,707.2094651664672,370.7139281970187,-6979.426685695127,1024.3375869819833,387.6900368762194,-4950.976858622435,1023.7007132070403
patient_283,234.0,9.36,100.90561920506535,-3679.1080134180406,711.2456899346699,72.6752825867915,-7450.9661402556785,1027.244598285455,269.42838104107744,-2956.5413958785484,1034.4778484486833
patient_283,235.0,9.4,40.8930531769827,-1500.3141507020664,712.8814120617493,35.897570351506076,-919.4428058821355,1028.6805010995151,89.82858363655862,-4489.994935112971,1038.0709917941456
patient_283,236.0,9.44,63.20767456507144,557.8655347022186,715.4097190443521,90.33608340064775,1360.9628262285419,1032.293944435541,69.19554903025286,-515.8258651576439,1040.838813755356
patient_283,237.0,9.48,75.48069871118008,306.825603652716,718.4289469927993,67.40531818462358,-573.2691304006042,1034.9901571629262,44.16367186317101,-625.7969291770463,1042.6053606298826
patient_283,238.0,9.52,16.961132612097234,-1462.9891524770712,719.1073922972832,28.942090905189076,-961.5806819858626,1036.1478407991337,51.95339268095421,194.74302044457997,1044.6834963371207
patient_283,239.0,9.56,62.23989829716817,1131.9691421267735,721.5969882291699,23.494626768961474,-136.18660340569005,1037.0876258698922,35.810562316892785,-403.5707591015356,1046.1159188297963
patient_283,240.0,9.6,125.41948374689065,1579.489636243062,726.6137675790455,73.0754526162391,1239.5206461819407,1040.0106439745418,166.64659042867584,3270.900702794576,1052.7817824469435
patient_283,241.0,9.64,42.81481577443607,-2065.1166993113643,728.3263602100229,79.7771897148183,167.54342746448003,1043.2017315631344,34.654451565233146,-3299.8034715860667,1054.1679605095528
patient_283,242.0,9.68,9.585198787565329,-830.7404246717684,728.7097681615255,24.2241616938592,-1388.8257005239775,1044.1706980308888,68.40395639194581,843.7376206678166,1056.9041187652306
patient_283,243.0,9.72,46.06624965105139,912.0262715871515,730.5524181475677,74.16462909228305,1248.5116849605963,1047.1372831945803,29.363821847995382,-976.0033635987608,1058.0786716391503
patient_283,244.0,9.76,59.4082879635955,333.5509578136026,732.9287496661116,18.218829136204203,-1398.6449989019711,1047.8660363600284,120.5711429286532,2280.1830270164455,1062.9015173562966
patient_283,245.0,9.8,134.47107665401086,1876.569717260384,738.307592732272,79.5999192326998,1534.52725241239,1051.0500331293363,77.53006218863548,-1076.0270185004429,1066.002719843842
patient_283,246.0,9.84,140.4784532554471,150.18441503590623,743.9267308624899,163.77863458175918,2104.467883726484,1057.6011785126068,39.76342336102344,-944.165970690301,1067.593256778283
patient_283,247.0,9.88,156.12674072907564,391.20718684071323,750.171800491653,264.7031246270407,2523.1122511320386,1068.1893034976883,175.39019973924326,3390.669409455495,1074.6088647678525
patient_283,248.0,9.92,91.93841644652353,-1604.7081070638026,753.8493371495139,226.53802362635972,-954.1275250170252,1077.2508244427427,288.14482144151543,2818.8655425568045,1086.134657625513
patient_283,249.0,9.96,16.202715606652,-1893.392520996788,754.4974457737799,6.122476939636522,-5510.388667168079,1077.4957235203283,18.884251482711804,-6731.51424897009,1086.8900276848215
patient_283,250.0,10.0,144.61399918384046,3210.282089429712,760.2820057411335,286.30748407658757,7004.625178423777,1088.9480228833918,377.50082069427555,8965.414230289094,1101.9900605125927
patient_283,251.0,10.04,164.20984535091472,489.8961541768564,766.85039955517,312.8544060537909,663.6730494300834,1101.4621991255433,616.2628616994876,5969.051025130302,1126.6405749805722
patient_283,252.0,10.08,332.30329110662234,4202.33614389269,780.1425311994349,821.3672148687546,12712.820220374091,1134.3168877202934,994.070784129997,9445.198060762736,1166.403406345772
patient_283,253.0,10.12,350.03111906154385,443.1956988730377,794.1437759618966,337.65510231755565,-12092.802813779972,1147.8230918129957,429.2723225291053,-14119.961540022294,1183.574299246936
patient_283,254.0,10.16,295.2777419275628,-1368.834428349527,805.9548856389991,524.6385701905923,4674.586696825916,1168.8086346206194,277.656896877442,-3790.3856412915816,1194.6805751220338
patient_283,255.0,10.2,200.95560570233602,-2358.0534056306687,813.9931098670926,308.0548944310701,-5414.591893988055,1181.1308303978622,359.8152641689588,2053.959182287919,1209.0731856887921
patient_283,256.0,10.24,226.9320781741369,649.4118117950222,823.070392994058,128.79401301614192,-4481.522035373205,1186.2825909185078,70.97665077707153,-7220.965334797181,1211.912251719875
patient_283,257.0,10.28,62.29138419459884,-4116.017349488452,825.562048361842,47.5230937083308,-2031.7729826952777,1188.1835146668411,68.88955215858287,-52.17746546221633,1214.6678338062184
patient_283,258.0,10.32,27.049940090181167,-881.0361026104418,826.6440459654493,41.15787476918673,-159.1304734786016,1189.8298296576086,69.52573601908712,15.904596512606162,1217.448863246982
patient_283,259.0,10.36,11.172829797897272,-396.92775730709735,827.0909591573653,46.3114659739755,128.8397801197192,1191.6822882965675,37.122755840401915,-810.0745044671302,1218.9337734805981
patient_283,260.0,10.4,20.853881600585876,242.0262950672151,827.9251144213887,71.7994175930864,637.1987904777725,1194.554265000291,37.459770498564396,8.425366454062022,1220.4321643005405
patient_283,261.0,10.44,23.341472664523867,62.189776598449775,828.8587733279696,18.338955922370005,-1336.5115417679099,1195.2878232371859,63.32085625695536,646.5271439597741,1222.9649985508188
patient_283,262.0,10.48,12.546036441039078,-269.88590558711974,829.3606147856112,12.935467426858393,-135.0872123877903,1195.80524193426,32.79889300118726,-763.0490813942025,1224.2769542708663
patient_283,263.0,10.52,36.01274817204497,586.6677932751473,830.801124712493,39.36794318462217,660.8118939440944,1197.379959661645,70.33764692405964,938.4688480718095,1227.090460147829
patient_283,264.0,10.56,131.5930683370663,2389.5080041255333,836.0648474459757,134.13949252854593,2369.288733598094,1202.7455393627868,80.80979931456487,261.80380976263075,1230.3228521204114
patient_283,265.0,10.6,24.83427514009669,-2668.9698299242405,837.0582184515796,46.57532673278952,-2189.1041448939104,1204.6085524320983,65.9805703702203,-370.7307236086141,1232.9620749352202
patient_283,266.0,10.64,60.359933684431226,888.1414636083633,839.4726157989568,72.34576291794768,644.260904628954,1207.5023829488161,14.161485507842752,-1295.4771215594387,1233.528534355534
patient_283,267.0,10.68,51.98890798454448,-209.27564249716858,841.5521721183386,49.24850669387641,-577.4314056017819,1209.4723232165713,17.90086990427367,93.48460991077295,1234.244569151705
patient_283,268.0,10.72,41.07904201501795,-272.7466492381634,843.1953337989394,42.559043347626286,-167.23658365625306,1211.1746849504761,119.78663897027329,2547.1442266499907,1239.0360347105159
patient_283,269.0,10.76,33.5642533783951,-187.86971591557116,844.5379039340752,118.87701191933647,1907.9492142927545,1215.9297654272495,62.970140955684116,-1420.4124503647292,1241.5548403487433
patient_283,270.0,10.8,15.615447268201597,-448.72015275483756,845.1625218248032,22.93422047910086,-2398.5697860058904,1216.8471342464136,71.7818620582934,220.29302756523208,1244.426114831075
patient_283,271.0,10.84,54.41240569590135,969.9239606924938,847.3390180526393,78.57613552257999,1391.0478760869782,1219.9901796673169,113.86488341835943,1052.0755340016508,1248.9807101678093
patient_283,272.0,10.88,103.59447311850612,1229.5516855651192,851.4827969773795,165.9422131078422,2184.1519396315553,1226.6278681916306,63.32987319885418,-1263.3752554876312,1251.5139050957634
patient_283,273.0,10.92,143.06173039809042,986.6814319896075,857.2052661933031,71.23298251073027,-2367.7307649277986,1229.4771874920598,141.01685847892347,1942.1746320017319,1257.1545794349204
patient_283,274.0,10.96,276.94549096655624,3347.0940142116456,868.2830858319653,142.11380102966936,1772.0204629734774,1235.1617395332466,162.89381879194048,546.9240078254252,1263.670332186598
patient_283,275.0,11.0,236.06154742477386,-1022.0985885445593,877.7255477289563,531.0479831585201,9723.354553221267,1256.4036588595875,578.4070672350148,10387.831211076858,1286.8066148759985
patient_283,276.0,11.04,667.0800857796531,10775.463458871982,904.4087511601424,1255.8478355630184,18119.99631011246,1306.637572282108,1987.8618593079277,35236.36980182282,1366.3210892483157
patient_283,277.0,11.08,349.9665917966605,-7927.837349574816,918.4074148320088,509.7248424039161,-18653.07482897756,1327.026565978265,169.4109981554302,-45461.27152881244,1373.097529174533
patient_283,278.0,11.12,179.07174780541905,-4272.371099781037,925.5702847442255,190.4071004255156,-7982.943549460012,1334.6428499952856,138.8403118091202,-764.26715865775,1378.651141646898
patient_283,279.0,11.16,98.4241788319911,-2016.1892243356988,929.5072518975052,42.31856482530994,-3702.2133900051413,1336.335592588298,122.44956332998888,-409.7687119782833,1383.5491241800974
patient_283,280.0,11.2,32.15247703763475,-1656.7925448589087,930.7933509790106,20.842923475002184,-536.8910337576939,1337.169309527298,17.44363901158019,-2625.148107960217,1384.2468697405607
patient_283,281.0,11.24,33.72972278294923,39.431143632861954,932.1425398903285,87.76915772531662,1673.155856257861,1340.6800758363106,138.9742531750485,3038.2653540867077,1389.8058398675626
patient_283,282.0,11.28,90.98994879949676,1431.5056504136883,935.7821378423083,109.72207193277175,548.8228551863784,1345.0689587136214,127.99219599309774,-274.55142954876874,1394.9255277072862
patient_283,283.0,11.32,48.029796206514696,-1074.0038148245515,937.7033296905689,92.3769210666827,-433.6287716522264,1348.7640355562887,47.202845684765606,-2019.7337577083033,1396.8136415346767
patient_283,284.0,11.36,24.571081650913072,-586.4678638900406,938.6861729566054,53.38629320803084,-974.7656964662964,1350.89948728461,31.32037822564538,-397.06168647800564,1398.0664566637026
patient_283,285.0,11.4,28.63915884471522,101.70192984505366,939.831739310394,39.21085048556922,-354.38606806154064,1352.4679213040329,48.701005785240895,434.51568898988785,1400.0144968951122
patient_283,286.0,11.44,35.785178413336375,178.65048921552892,941.2631464469275,86.67709175693828,1186.6560317842266,1355.9350049743102,51.81563864262616,77.86582143463167,1402.0871224408172
patient_283,287.0,11.48,27.11303309946246,-216.8036328468479,942.3476677709061,59.66621517125643,-675.2719146420462,1358.3216535811607,87.51698122755346,892.5335646231824,1405.5878016899194
patient_283,288.0,11.52,137.29454973800833,2754.537915963647,947.8394497604265,44.857888255321136,-370.20817289838243,1360.1159691113735,75.32462928327878,-304.8087986068669,1408.6007868612505
patient_283,289.0,11.56,112.5387079919683,-618.8960436510008,952.3409980801052,177.0983208142732,3306.0108139738013,1367.1999019439443,151.06528876274584,1893.5164869866765,1414.6433984117602
patient_283,290.0,11.6,122.32443440177875,244.64316024526127,957.2339754561764,445.87876921330036,6719.511209975679,1385.0350527124763,419.28477513858275,6705.487159395923,1431.4147894173036
patient_283,291.0,11.64,72.4376506640153,-1247.1695934440863,960.131481482737,16.96389873008696,-10722.871762080335,1385.7136086616797,45.768664468242086,-9337.902766758516,1433.2455359960334
patient_283,292.0,11.68,83.3707606328952,273.3277492219976,963.4663119080527,290.19153320886124,6830.690861969358,1397.3212699900341,386.28994000542866,8513.031888429665,1448.6971335962505
patient_283,293.0,11.72,86.45773485182373,77.1743554732133,966.9246213021257,310.4040003457766,505.3116784228834,1409.7374300038653,309.8311224566262,-1911.4704387200618,1461.0903784945156
patient_283,294.0,11.76,75.92634305970995,-263.2847948028445,969.9616750245141,149.48754030132022,-4022.911501111409,1415.716931615918,225.37789686230528,-2111.330639858023,1470.1054943690078
patient_283,295.0,11.8,125.84569897805615,1247.983897958655,974.9955029836364,80.49215345087613,-1724.8846712611023,1418.936617753953,81.7323937976007,-3591.137576617615,1473.3747901209122
patient_283,296.0,11.84,72.71570025476237,-1328.2499680823446,977.9041309938268,89.78466922925394,232.31289445944512,1422.5280045231232,64.3665461275668,-434.14619175084715,1475.9494519660147
patient_283,297.0,11.88,35.85215330912155,-921.5886736410205,979.3382171261917,29.830732219615857,-1498.848425240952,1423.7212338119075,53.80128750947485,-264.131465452299,1478.1015034663935
patient_283,298.0,11.92,25.469033489989698,-259.5779954782962,980.3569784657914,46.97888969131838,428.70393679256307,1425.6003893995603,25.41848418274886,-709.5700831681497,1479.1182428337038
patient_283,299.0,11.96,43.36613417141729,447.4275170356899,982.091623832648,21.85007717120843,-628.2203130027488,1426.4743924864085,93.73294763408252,1707.8615862833417,1482.867560739067
patient_283,300.0,12.0,138.66850265777347,2382.5592121589048,987.638363938959,207.3919521991583,4638.5468756987475,1434.7700705743746,174.3548587067863,2015.5477768175945,1489.8417550873385
patient_283,301.0,12.04,34.18233790538604,-2612.1541188096858,989.0056574551744,58.35919647591962,-3725.8188930809674,1437.1044384334114,34.58484791962512,-3494.2502696790298,1491.2251490041235
patient_283,302.0,12.08,126.16489049615653,2299.5638147692625,994.0522530750205,120.21515197159836,1546.3988873919686,1441.9130445122753,92.9528714140908,1459.200587361642,1494.9432638606872
patient_283,303.0,12.12,24.156625510209206,-2550.206624648683,995.0185180954289,36.68784233777991,-2088.182740845461,1443.3805582057864,78.56149430723121,-359.7844276714895,1498.0857236329764
patient_283,304.0,12.16,45.08635551955064,523.2432502335357,996.8219723162109,275.979026727963,5982.279609754578,1454.419719274905,254.75800554917475,4404.912781048589,1508.2760438549435
patient_283,305.0,12.2,114.1544449352744,1726.702235393094,1001.3881501136218,200.98335568764122,-1874.8917760080444,1462.4590535024106,256.0886761545491,33.26676513435842,1518.5195909011254
patient_283,306.0,12.24,160.53674005251398,1159.5573779309896,1007.8096197157224,189.36380813477115,-290.48868882175185,1470.0336058278015,334.66435905238944,1964.3920724460088,1531.9061652632208
patient_283,307.0,12.28,221.37910900359327,1521.0592237769824,1016.664784075866,486.1960228146097,7420.805366995964,1489.481446740386,312.87077635239785,-544.8395674997897,1544.4209963173168
patient_283,308.0,12.32,199.71338464626405,-541.6431089332307,1024.6533194617166,507.81195981544255,540.3984250208212,1509.7939251330038,587.5267952180897,6866.400471642295,1567.9220681260404
patient_283,309.0,12.36,193.6174060408078,-152.39946513640632,1032.3980157033488,175.31809189840914,-8312.346697925836,1516.80664880894,244.56945687426384,-8573.933458595646,1577.7048464010109
patient_283,310.0,12.4,123.87212639261708,-1743.631991204768,1037.3529007590537,94.9022568964731,-2010.3958750484007,1520.602739084799,159.2033086391199,-2134.153705878598,1584.0729787465755
patient_283,311.0,12.44,102.09532944976164,-544.419923571386,1041.436713937044,96.61835596854152,42.90247680171042,1524.4674733235408,36.85687669758044,-3058.6607985384867,1585.5472538144788
patient_283,312.0,12.48,45.10114631424992,-1424.854578387793,1043.240759789614,43.45694223019402,-1329.0353434586877,1526.2057510127486,123.54354176221867,2167.1666266159555,1590.4889954849675
patient_283,313.0,12.52,78.19719743018855,827.4012778984659,1046.3686476868215,48.28627338317708,120.73327882457664,1528.1372019480757,143.0161318332093,486.81475177476585,1596.209640758296
patient_283,314.0,12.56,52.53362224709476,-641.5893795773447,1048.4699925767054,47.698162206643154,-14.70277941334821,1530.0451284363414,133.0406049640103,-249.38817172997503,1601.5312649568564
patient_283,315.0,12.6,3.998341452788862,-1213.3820198576475,1048.629926234817,12.28064181883833,-885.4380096951207,1530.536354109095,96.9240078087313,-902.9149288819749,1605.4082252692056
patient_283,316.0,12.64,70.0640376639361,1651.642405278681,1051.4324877413744,81.31290849501366,1725.806666904383,1533.7888704488955,141.64799576925998,1118.0996990132169,1611.0741450999758
patient_283,317.0,12.68,67.58141294231476,-62.06561804053372,1054.135744259067,120.46759793360387,978.8672359647553,1538.6075743662398,114.28763304367769,-684.0090681395573,1615.645650421723
patient_283,318.0,12.72,53.757503281481576,-345.5977415208295,1056.2860443903262,148.51753211089445,701.2483544322645,1544.5482756506754,194.70420282782942,2010.4142446037933,1623.433818534836
patient_283,319.0,12.76,13.248209962950632,-1012.7323329632736,1056.8159727888444,67.66365747619183,-2021.3468658675656,1547.254821949723,10.339916494567976,-4609.107158331536,1623.8474151946189
patient_283,320.0,12.8,17.47892963917019,105.76799190548894,1057.5151299744111,92.23204669915226,614.2097305740108,1550.9441038176892,104.92044090821368,2364.5131103411427,1628.0442328309475
patient_283,321.0,12.84,54.51550369553699,925.9143514091701,1059.6957501222328,76.92587854441283,-382.654203868486,1554.0211389594656,9.58268269816461,-2383.4439552512267,1628.427540138874
patient_283,322.0,12.88,68.82103786735125,357.63835429535646,1062.4485916369267,98.58083023515141,541.3737922684646,1557.9643721688717,50.2532336492249,1016.7637737765073,1630.437669484843
patient_283,323.0,12.92,41.9018592786993,-672.9794647162988,1064.1246660080747,141.52720584810316,1073.6593903237938,1563.6254604027959,76.59391942018073,658.5171442738956,1633.50142626165
patient_283,324.0,12.96,101.82634454322489,1498.1121316131398,1068.1977197898036,38.46645642313785,-2576.5187356241327,1565.1641186597212,63.7324377653825,-321.53704136995566,1636.0507237722654
patient_283,325.0,13.0,112.93275213839246,277.6601898791892,1072.7150298753395,65.3893111784651,673.0713688831814,1567.77969110686,18.85408284408908,-1121.9588730323355,1636.804887086029
patient_283,326.0,13.04,64.44617431480509,-1212.1644455896842,1075.2928768479317,25.035155372072033,-1008.8538951598268,1568.7810973217427,71.0980399411271,1306.0989274259505,1639.6488086836741
patient_283,327.0,13.08,47.568220140707254,-421.94885435244595,1077.1956056535598,13.760763415355264,-281.85979891791925,1569.3315278583568,17.063487218020718,-1350.8638180776595,1640.331348172395
patient_283,328.0,13.12,40.42338544119403,-178.62086748783065,1078.8125410712078,17.193375691452726,85.81530690243655,1570.0192628860148,69.7233816127341,1316.4973598678346,1643.1202834369044
patient_283,329.0,13.16,31.155881095703787,-231.68760863725603,1080.0587763150359,60.635557029063214,1086.0545334402623,1572.4446851671773,57.981696067821275,-293.54213862282063,1645.4395512796173
patient_283,330.0,13.2,25.740379664952307,-135.387535768787,1081.0883915016339,36.98645308915663,-591.2275984976645,1573.9241432907436,198.2191251090693,3505.9357260312004,1653.36831628398
patient_283,331.0,13.24,38.748200534988904,325.1955217509149,1082.6383195230335,35.09890496596212,-47.188703079862826,1575.328099489382,5.8771234394939675,-4808.550041739383,1653.6034012215598
patient_283,332.0,13.28,20.330375560989964,-460.4456243499735,1083.451534545473,31.124739317716028,-99.35414120615232,1576.5730890620907,27.182752954083096,532.6407378647282,1654.6907113397233
patient_283,333.0,13.32,63.49462853101873,1079.1063242507194,1085.9913196867137,80.24232593513274,1227.9396654354177,1579.7827820994962,144.15154851081962,2924.2198889184133,1660.4567732801559
patient_283,334.0,13.36,26.240567615360664,-931.3515228914519,1087.0409423913281,105.08592625394552,621.0900079703194,1583.9862191496538,45.380257812337526,-2469.2822674620525,1662.2719835926493
patient_283,335.0,13.4,17.051235962794383,-229.73329131415704,1087.7229918298399,25.338047113296337,-1993.6969785162294,1584.999741034186,7.55759859668692,-945.566480391265,1662.5742875365167
patient_283,336.0,13.44,22.499931128866386,136.2173791518001,1088.6229890749946,11.012650401043887,-358.13491780631125,1585.4402470502275,8.668277118292437,27.766963040137927,1662.9210186212483
patient_283,337.0,13.48,25.02825601585566,63.20812217473186,1089.6241193156288,21.5140488298551,262.5349607202803,1586.3008090034218,56.51444232328592,1196.1541301248371,1665.1815963141798
patient_283,338.0,13.52,35.68366370282443,266.3851921742193,1091.0514658637417,51.669504688844114,753.8863964747254,1588.3675891909754,34.58533788673038,-548.2276109138885,1666.5650098296492
patient_283,339.0,13.56,64.69631923216389,725.3163882334864,1093.6393186330283,25.005695669477067,-666.5952254841761,1589.3678170177545,40.85012836055838,156.6197618457,1668.1990149640715
patient_283,340.0,13.6,105.11747225331236,1010.5288255287118,1097.8440175231608,49.34353707807154,608.4460352148619,1591.3415585008772,19.596010453516506,-531.3529476760468,1668.9828553822122
patient_283,341.0,13.64,172.13574927736198,1675.4569256012405,1104.729447494255,144.61852609278165,2381.874725367753,1597.1262995445886,165.0896588585566,3637.3412101260024,1675.5864417365547
patient_283,342.0,13.68,210.78987900557075,966.3532432052193,1113.161042654478,184.9647774535607,1008.6562840194766,1604.524890642731,200.4187849108866,883.22815130825,1683.6031931329899
patient_283,343.0,13.72,247.31696768921512,913.1772170911091,1123.0537213620464,226.72968991548834,1044.1228115481906,1613.5940782393507,325.0135995329179,3114.870365550783,1696.6037371143068
patient_283,344.0,13.76,336.6291561148849,2232.8047106417444,1136.518887606642,250.70601111372352,599.4080299558796,1623.6223186838997,298.9661834019536,-651.1854032741085,1708.562384450385
patient_283,345.0,13.8,191.55315104499059,-3626.9001267473577,1144.1810136484416,377.5756399402825,3171.740720663974,1638.7253442815108,343.54911182863003,1114.5732106669116,1722.3043489235301
patient_283,346.0,13.84,189.19509946942733,-58.951289389081296,1151.7488176272186,131.86590852867988,-6142.743285290065,1643.999980622658,340.5002446509556,-76.2216794418606,1735.9243587095684
patient_283,347.0,13.88,149.45303188658892,-993.5516895709604,1157.7269389026822,184.0513568871227,1304.6362089610702,1651.362034898143,198.26012743791918,-3556.0029303259107,1743.8547638070852
patient_283,348.0,13.92,152.96767520545293,87.86608297160043,1163.8456459109004,144.59743908595254,-986.3479450292538,1657.1459324615812,113.26625347781727,-2124.8468490025475,1748.3854139461976
patient_283,349.0,13.96,57.821399870634195,-2378.6568833704687,1166.1585019057256,31.305234431981066,-2832.305116349287,1658.3981418388605,22.641564326097207,-2265.6172287930017,1749.2910765192416
patient_283,350.0,14.0,40.602832883265734,-430.46417468421157,1167.7826152210564,92.6008873074195,1532.391321885961,1662.1021773311572,22.481635965709113,-3.998209009702336,1750.19034195787
patient_283,351.0,14.04,25.31138643868164,-382.2861611146023,1168.7950706786037,86.23216504973496,-159.21805644211346,1665.5514639331464,54.49747548068046,800.3959878742837,1752.3702409770974
patient_283,352.0,14.08,58.016489600993104,817.6275790577865,1171.1157302626434,94.87414547913973,216.0495107351192,1669.346429752312,54.661938103472174,4.11156556979293,1754.5567185012362
patient_283,353.0,14.12,15.844703993137449,-1054.2946401963914,1171.749518422369,72.73686437775936,-553.4320275345092,1672.2559043274223,56.57715924087837,47.88052843515498,1756.8198048708714
patient_283,354.0,14.16,16.522133738177207,16.93574362599395,1172.410403771896,126.88928904617231,1353.8106167103238,1677.3314758892693,126.04036348717773,1736.580106157484,1761.8614194103584
patient_283,355.0,14.2,35.56737402096177,476.13100706961416,1173.8330987327345,179.53656566804364,1316.181915546783,1684.512938515991,31.733037592987355,-2357.683147354759,1763.130740914078
patient_283,356.0,14.24,23.896324860483855,-291.7762290119479,1174.7889517271537,97.55803563006447,-2049.463250949479,1688.4152599411934,129.15899356166554,2435.6488992169543,1768.2971006565444
patient_283,357.0,14.28,64.97949563849616,1027.0792694503075,1177.3881315526937,116.30778924249113,468.7438403106665,1693.0675715108932,71.82548310052466,-1433.337761528522,1771.1701199805655
patient_283,358.0,14.32,139.65530007751394,1866.8951109754446,1182.9743435557941,232.27094754448717,2899.078957549901,1702.3584094126727,212.79525964827403,3524.244413693734,1779.6819303664963
patient_283,359.0,14.36,226.82155364269593,2179.15633912955,1192.047205701502,267.83861401319933,889.191661717804,1713.0719539732006,382.2400090113739,4236.118734077497,1794.9715307269514
patient_283,360.0,14.4,289.81047836061873,1574.72311794807,1203.6396248359267,462.9087709800097,4876.75392417026,1731.5883048124008,529.9655541177417,3693.138627659195,1816.170152891661
patient_283,361.0,14.44,214.0971119934898,-1892.8341591782234,1212.2035093156662,421.0010897358417,-1047.6920311042009,1748.4283484018347,384.77005111794193,-3629.8875749949943,1831.5609549363787
patient_283,362.0,14.48,212.34248840696438,-43.865589663135296,1220.6972088519449,322.01969466828774,-2474.5348766888483,1761.309136188566,286.82172501962106,-2448.7081524580217,1843.0338239371633
patient_283,363.0,14.52,191.75908624624745,-514.5850540179232,1228.3675723017948,270.6174710121831,-1285.0555914026158,1772.1338350290534,225.7846769390491,-1525.9262020142992,1852.0652110147255
patient_283,364.0,14.56,96.9446195199013,-2370.3616681586536,1232.2453570825908,141.2395382061928,-3234.4483201497574,1777.7834165573013,230.17629747774998,109.79051346752229,1861.2722629138357
patient_283,365.0,14.6,31.85739349712208,-1627.1806505694806,1233.5196528224756,73.36204020048167,-1696.9374501427783,1780.7178981653205,56.860192940763774,-4332.902613424655,1863.5466706314662
patient_283,366.0,14.64,36.01949170005294,104.0524550732715,1234.9604324904776,94.58049690060272,530.4614175030263,1784.5011180413449,92.4849353106785,890.618559247868,1867.2460680438933
patient_283,367.0,14.68,24.744066713950808,-281.88562465255325,1235.9501951590357,138.99045789101308,1110.2490247602589,1790.0607363569852,40.034356735457756,-1311.2644643805186,1868.8474423133116
patient_283,368.0,14.72,78.69102024736189,1348.673838335277,1239.0978359689302,84.17108351828715,-1370.4843593181483,1793.427579697717,41.33661662841009,32.55649732380839,1870.500906978448
patient_283,369.0,14.76,110.43027837648944,793.4814532281887,1243.5150471039897,75.07135778001981,-227.49314345668347,1796.4304340089177,145.69566756973595,2608.976273533146,1876.3287336812375
patient_283,370.0,14.8,111.3761658939283,23.64718793597156,1247.970093739747,120.0033015160488,1123.2985934007247,1801.2305660695597,140.97425445533509,-118.03532786002151,1881.967703859451
patient_283,371.0,14.84,46.832010730949236,-1613.6038790744767,1249.8433741689848,134.0197832644546,350.41204371014487,1806.591357400138,117.48018284573035,-587.3517902401182,1886.6669111732801
patient_283,372.0,14.88,53.20078748058532,159.21941874090209,1251.9714056682083,55.200384887493364,-1970.4849594240309,1808.7993727956377,47.20258390119757,-1756.9399736133196,1888.555014529328
patient_283,373.0,14.92,47.68406317685425,-137.91810759327666,1253.8787681952824,81.08943316726116,647.226206994195,1812.0429501223282,83.46238461475413,906.495017838914,1891.893509913918
patient_283,374.0,14.96,107.86810195974644,1504.6009695723046,1258.1934922736723,114.96326557002264,846.845810069037,1816.6414807451292,157.46869813819887,1850.1578380861185,1898.192257839446
patient_283,375.0,15.0,84.33203700790605,-588.4016237960097,1261.5667737539886,204.06862769761295,2227.6340531897577,1824.8042258530338,336.81408771796646,4483.6347394941895,1911.6648213481647
patient_283,376.0,15.04,77.61635426884985,-167.89206847640514,1264.6714279247424,292.6780366583105,2215.235224017438,1836.5113473193662,98.14560372122735,-5966.712099918477,1915.5906454970138
patient_283,377.0,15.08,52.85112324243891,-619.1307756602735,1266.78547285444,250.37447550126976,-1057.589028926018,1846.5263263394168,31.765307395780468,-1659.507408136172,1916.8612577928448
patient_283,378.0,15.12,44.69535437081489,-203.89422179060048,1268.5732870292727,86.30803392743161,-4101.661039345954,1849.9786476965141,38.13145113589968,159.15359350298033,1918.386515838281
patient_283,379.0,15.16,71.37222030122422,666.9216482602332,1271.4281758413217,94.65836651131221,208.75831459701502,1853.7649823569666,51.77111093579303,340.9914949973338,1920.4573602757125
patient_283,380.0,15.2,36.729235448431375,-866.0746213198211,1272.8973452592588,81.85451911863076,-320.0961848170362,1857.0391631217117,4.402529230830012,-1184.2145426240754,1920.6334614449456
patient_283,381.0,15.24,30.343911958343924,-159.63308725218627,1274.1111017375927,21.533771125131356,-1508.0186998374852,1857.9005139667172,60.121086509623,1392.9639319698247,1923.0383049053305
patient_283,382.0,15.28,37.14209108594426,169.9544781900084,1275.5967853810305,55.60522806888603,851.7864235938667,1860.1247230894726,31.966907619149044,-703.8544722618489,1924.3169812100966
patient_283,383.0,15.32,26.937937946587613,-255.10382848391612,1276.674302898894,17.87263593868221,-943.3148032550955,1860.83962852702,24.672584835714538,-182.35806958586264,1925.3038846035251
patient_283,384.0,15.36,19.943229303615787,-174.86771607429566,1277.4720320710385,11.88092879456927,-149.79267860282346,1861.3148656788028,54.86186688183265,754.7320511529527,1927.4983592787985
patient_283,385.0,15.4,40.78030508419805,520.9268945145565,1279.1032442744065,8.43177520542503,-86.228839728606,1861.65213668702,27.249473167133218,-690.3098428674857,1928.5883382054838
patient_283,386.0,15.44,66.13918393581571,633.9719712904415,1281.748811631839,25.503114796958837,426.78348978834515,1862.6722612788983,10.172384522229402,-426.92721612259544,1928.995233586373
patient_283,387.0,15.48,76.0838090377486,248.61562754832215,1284.792163993349,146.68332662115358,3029.5052956048685,1868.5395943437443,72.00119832660918,1545.7203451094947,1931.8752815194373
patient_283,388.0,15.52,93.3043664830254,430.5139361319203,1288.52433865267,20.428484302096642,-3156.3710579764233,1869.356733715828,66.59753824963545,-135.0915019243434,1934.5391830494225
patient_283,389.0,15.56,108.11394489783697,370.2394603702892,1292.8488964485834,41.82634115902985,534.9464214233302,1871.0297873621894,62.41620692250469,-104.5332831782689,1937.0358313263228
patient_283,390.0,15.6,83.45526391133133,-616.467024662641,1296.1871070050368,37.48633033711099,-108.5002705479715,1872.5292405756738,71.90108557673327,237.12196635571433,1939.9118747493922
patient_283,391.0,15.64,28.427379859982775,-1375.6971012837137,1297.324202199436,20.530551160679316,-423.8944794107919,1873.3504626221008,54.45520270005518,-436.1470719169521,1942.0900828573942
patient_283,392.0,15.68,27.898575662532426,-13.220104936258714,1298.4401452259374,137.61153009151636,2927.0244732709257,1878.8549238257617,136.31739857083676,2046.5548967695395,1947.5427788002278
patient_283,393.0,15.72,81.92328100472936,1350.6176335549235,1301.7170764661264,14.173721593098092,-3085.945212460457,1879.4218726894856,66.61319279625388,-1742.605144364572,1950.2073065120778
patient_283,394.0,15.76,104.5202720421641,564.9247759358683,1305.8978873478131,97.5904166214007,2085.4173757075655,1883.3254893543417,122.59405318522052,1399.5215097241658,1955.1110686394866
patient_283,395.0,15.8,176.11335861853237,1789.827164409207,1312.9424216925545,383.3898300447666,7144.985335584147,1898.6610825561324,347.0229479565031,5610.722369282065,1968.9919865577467
patient_283,396.0,15.84,270.1669072215949,2351.338715076563,1323.7490979814183,459.83817630787365,1911.2086565776763,1917.0546096084474,432.7010759034435,2141.9531986735096,1986.3000295938846
patient_283,397.0,15.88,302.57141538960957,810.1127042003668,1335.8519545970028,396.79495725557166,-1576.0804763075498,1932.9264078986703,404.9985352208318,-692.5635170652924,2002.4999710027178
patient_283,398.0,15.92,312.56755204112557,249.90341628789992,1348.3546566786476,581.752005428874,4623.926204332558,1956.1964881158253,376.91058764892813,-702.1986892975917,2017.5763945086749
patient_283,399.0,15.96,324.8556945566338,307.203562887706,1361.348884460913,379.11283631792656,-5065.979227773685,1971.3610015685422,440.2844030187133,1584.3453842446295,2035.1877706294233
patient_283,400.0,16.0,362.03843469039094,929.5685033439283,1375.8304218485284,348.001088835864,-777.7936870515646,1985.2810451219768,280.5996193618713,-3992.1195914210502,2046.411755403898
patient_283,401.0,16.04,366.09556609846504,101.42828520185247,1390.474244492467,382.8220459432095,870.523927683638,2000.5939269597054,284.49375041915556,97.35327643210638,2057.791505420664
patient_283,402.0,16.08,203.26073298811582,-4070.8708277587307,1398.6046738119915,249.8726162424486,-3323.7357425190226,2010.5888316094033,256.11888851203696,-709.371547677965,2068.0362609611457
patient_283,403.0,16.12,232.61288049626282,733.803687703675,1407.909189031842,116.14186299830534,-3343.2688311035818,2015.2345061293354,200.51581777549208,-1390.076768413622,2076.0568936721656
patient_283,404.0,16.16,193.15745018098235,-986.3857578820116,1415.6354870390815,411.60409020250404,7386.555680104968,2031.6986697374357,185.18933402659317,-383.1620937224727,2083.464467033229
patient_283,405.0,16.2,90.42844736780035,-2568.2250703295504,1419.2526249337932,68.65365626337349,-8573.760848478265,2034.4448159879705,134.71535528595552,-1261.8494685159412,2088.8530812446675
patient_283,406.0,16.24,104.01230703793861,339.5964917534567,1423.4131172153109,120.82517834963673,1304.288052156581,2039.277823121956,133.29456175600754,-35.51983824869964,2094.184863714908
patient_283,407.0,16.28,63.95868244886159,-1001.3406147269257,1425.9714645132656,101.80602635598397,-475.4787998413189,2043.3500641761952,133.11503308520858,-4.488216769973974,2099.509465038316
patient_283,408.0,16.32,43.19859956423556,-519.0020721156508,1427.699408495835,70.59648480296391,-780.2385388255015,2046.1739235683137,102.25056252504055,-771.6117640042007,2103.599487539318
patient_283,409.0,16.36,18.219533830646434,-624.4766433397281,1428.428189849061,76.13074606068001,138.3565314429024,2049.219153410741,158.75015286116087,1412.489758403008,2109.9494936537644
patient_283,410.0,16.4,41.19122377909999,574.292248711339,1430.0758388002248,64.88888031471396,-281.0466436491513,2051.8147086233294,14.460814460869544,-3607.2334600072827,2110.527926232199
patient_283,411.0,16.44,45.61384075818869,110.56542447721736,1431.9003924305525,212.7363869891343,3696.1876668605087,2060.324164102895,86.76022313636469,1807.4852168873786,2113.998335157654
patient_283,412.0,16.48,27.453755630120046,-454.002128201716,1432.9985426557573,167.77150663215244,-1124.1220089245467,2067.035024368181,66.4649208133642,-507.3825580750121,2116.6569319901882
patient_283,413.0,16.52,65.73882437684559,957.1267186681386,1435.628095630831,236.5403081838272,1719.2200387918688,2076.496636695534,77.40509354619805,273.5043183208461,2119.7531357320363
patient_283,414.0,16.56,151.2779497128963,2138.4781334012678,1441.679213619347,152.39779192514118,-2103.5629064671502,2082.5925483725396,137.84042606875684,1510.8833130639698,2125.2667527747867
patient_283,415.0,16.6,151.3770883180101,2.4784651278451975,1447.7342971520673,238.90776727533958,2162.74938375496,2092.1488590635536,219.24840274922832,2035.1994170117869,2134.036688884756
patient_283,416.0,16.64,203.13964126459646,1294.0638236646591,1455.8598828026513,335.44833506527124,2413.5141947482916,2105.5667924661643,464.47961799675426,6130.780381188149,2152.615873604626
patient_283,417.0,16.68,289.90497901664713,2169.133443801267,1467.456081963317,523.7928832129141,4708.613703691073,2126.5185077946808,527.7160428884063,1580.9106222913001,2173.7245153201625
patient_283,418.0,16.72,348.3595113537583,1461.3633084277794,1481.3904624174675,766.3427969307575,6063.7478429460825,2157.172219671911,518.1736305358072,-238.56030881497645,2194.4514605415948
patient_283,419.0,16.76,32.246556169388676,-7902.823879609241,1482.680324664243,54.45242671771225,-17797.25925532613,2159.3503167406197,73.83708891648288,-11108.413540483107,2197.404944098254
patient_283,420.0,16.8,391.60636960326195,8983.995335846832,1498.3445794483737,1173.072220365667,27965.494841198863,2206.2732055552465,985.2527202342338,22785.390782943774,2236.8150529076233
patient_283,421.0,16.84,321.9951002575648,-1740.2817336424291,1511.2243834586761,310.70702126518466,-21559.129977512053,2218.7014864058538,516.1984708513396,-11726.356234572355,2257.462991741677
patient_283,422.0,16.88,275.40563896361533,-1164.7365323487363,1522.2406090172208,774.6467477971344,11598.493163298743,2249.6873563177387,688.8400808761397,4316.040250620003,2285.0165949767224
patient_283,423.0,16.92,111.47924165443165,-4098.159932729593,1526.699778683398,78.81340234315795,-17395.833636349413,2252.839892411465,299.5510978053299,-9732.224576770246,2296.9986388889356
patient_283,424.0,16.96,20.32010416346783,-2278.9784372740955,1527.5125828499367,59.710771427187545,-477.56577289926,2255.2283232685527,36.038465586735285,-6587.815805464865,2298.4401775124047
patient_283,425.0,17.0,27.603223347748557,182.07797960701822,1528.6167117838465,41.65181326762928,-451.4739539889566,2256.894395799258,44.27427292798651,205.8951835312806,2300.211148429524
patient_283,426.0,17.04,21.555119113432568,-151.20260585789973,1529.4789165483837,54.95692408002952,332.6277703100061,2259.0926727624587,24.667104384447217,-490.1792135884823,2301.197832604902
patient_283,427.0,17.08,27.637652225653397,152.06332780552074,1530.58442263741,0.4394260515998158,-1362.9374507107427,2259.1102498045225,93.0807377962667,1710.3408352954873,2304.921062116753
patient_283,428.0,17.12,5.946410800500049,-542.2810356288337,1530.82227906943,43.092050256645535,1066.315605126143,2260.8339318147882,52.380262082065066,-1017.511892855041,2307.016272600036
patient_283,429.0,17.16,22.298160386286288,408.79373964465594,1531.7142054848812,13.654964087040064,-735.9271542401368,2261.38013037827,24.901424025806488,-686.9709514064645,2308.012329561068
patient_283,430.0,17.2,31.51509472648045,230.42335850485404,1532.9748092739403,22.040103632950498,209.62848864776083,2262.261734523588,55.150555171372574,756.2282786391521,2310.2183517679227
patient_283,431.0,17.24,101.75131349663116,1755.905469253768,1537.0448618138055,58.809354948457226,919.2312828876683,2264.6141087215265,86.94840866126849,794.9463372473979,2313.6962881143736
patient_283,432.0,17.28,297.0547233908269,4882.585247354893,1548.9270507494386,539.9460531688808,12028.41745551059,2286.2119508482815,394.1118574268254,7679.086219138922,2329.4607624114465
patient_283,433.0,17.32,201.96061899574897,-2377.352609876948,1557.0054755092685,434.6415132223023,-2632.613498664462,2303.597611377174,454.54506299213506,1510.8301391327416,2347.642564931132
patient_283,434.0,17.36,174.2011829604794,-693.9859008817393,1563.973522827688,608.5002788019601,4346.469139491445,2327.937622529252,497.3766960342644,1070.7908260532336,2367.537632772502
patient_283,435.0,17.4,293.04929230648963,2971.202733650256,1575.6954945199475,548.1148040857344,-1509.636867905644,2349.862214692682,793.6284810023175,7406.294624201327,2399.282772012595
patient_283,436.0,17.44,254.76932774597438,-956.9991140128814,1585.8862676297865,690.6767490330607,3564.0486236831575,2377.489284654004,740.3537782265352,-1331.867569394558,2428.8969231416563
patient_283,437.0,17.48,320.52948851240296,1644.0040191607145,1598.7074471702826,426.69721952786034,-6599.488237630008,2394.5571734351183,493.6780226985671,-6166.893888199202,2448.644044049599
patient_283,438.0,17.52,229.769251150393,-2269.0059340502494,1607.8982172162982,256.76248054531226,-4248.368474563702,2404.8276726569306,245.24509045512477,-6210.8233060860575,2458.453847667804
patient_283,439.0,17.56,215.07608478223986,-367.3291592038282,1616.5012606075877,139.03148860574524,-2943.2747984891753,2410.3889322011605,137.95126657471823,-2682.345597010163,2463.9718983307926
patient_283,440.0,17.6,52.48134960875851,-4064.8683793370337,1618.600514591938,39.51397918247806,-2487.937735581679,2411.96949136846,40.384127587708505,-2439.1784746752433,2465.587263434301
patient_283,441.0,17.64,139.8485477157451,2184.179952674665,1624.1944565005679,131.07651312694466,2289.063348611665,2417.2125518935372,91.8089717070581,1285.62110298374,2469.2596223025835
patient_283,442.0,17.68,77.72046200502274,-1553.202142768059,1627.303274980769,266.1639055946435,3377.1848116924707,2427.859108117323,110.08757572304427,456.96510039965403,2473.663125331505
patient_283,443.0,17.72,74.06198069484797,-91.4620327543691,1630.2657542085626,100.74605874324665,-4135.446171284922,2431.888950467053,118.76277042478317,216.87986754347259,2478.4136361484966
patient_283,444.0,17.76,270.27846866874,4905.4121993473,1641.0768929553121,213.84994380197122,2827.5971264681143,2440.4429482191317,312.18478629064464,4835.550396646537,2490.9010276001222
patient_283,445.0,17.8,28.95083511397473,-6033.190838869132,1642.2349263598712,82.88139498115441,-3274.2137205204203,2443.758204018378,42.462747239906804,-6743.050976268447,2492.599537489719
patient_283,446.0,17.84,27.85215396746995,-27.46702866261952,1643.34901251857,74.6395532263983,-206.04604386890273,2446.7437861474336,30.96800750838046,-287.3684932881586,2493.838257790054
patient_283,447.0,17.88,22.61213124103918,-131.00056816076923,1644.2534977682114,79.2620956507554,115.56356060892732,2449.914269973464,60.779876170657786,745.2967165569331,2496.26945283688
patient_283,448.0,17.92,54.068263377676836,786.4033034159414,1646.4162283033186,48.86281586832811,-759.9819945606821,2451.868782608197,16.049630436128297,-1118.2561433632372,2496.9114380543256
patient_283,449.0,17.96,5.798814302312002,-1206.7362268841207,1646.6481808754108,28.27096383055926,-514.7963009442213,2452.9996211614193,29.170899647232947,328.03173027761625,2498.0782740402146
patient_283,450.0,18.0,18.66522388568539,321.66023958433465,1647.3947898308384,27.091081088511512,-29.497068551193717,2454.08326440496,9.903428676174876,-481.6867742764518,2498.4744111872615
patient_283,451.0,18.04,26.501650428324158,195.91066356596923,1648.4548558479714,146.24009851724227,2978.725435718269,2459.9328683456497,48.856943567012756,973.837872270947,2500.428688929942
patient_283,452.0,18.08,51.8533491038826,633.792466888961,1650.5289898121266,37.770683863423734,-2711.7353663454637,2461.4436957001867,40.67932174022416,-204.44054566971488,2502.055861799551
patient_283,453.0,18.12,59.17066913323982,182.9330007339305,1652.8958165774561,18.67596968314043,-477.3678545070826,2462.1907344875126,49.94417083776349,231.62122743848315,2504.0536286330616
patient_283,454.0,18.16,67.53490051358146,209.10578450854106,1655.5972125979993,386.43484914726355,9193.97198660308,2477.648128453403,114.48654595275306,1613.5593778747393,2508.6330904711717
patient_283,455.0,18.2,135.013425906038,1686.9631348114137,1660.9977496342408,180.84206980845002,-5139.819483470338,2484.881811245741,256.743165740374,3556.415494690524,2518.9028171007867
patient_283,456.0,18.24,624.0575111910067,12226.102132124217,1685.960050081881,873.1030915073403,17306.525542472256,2519.8059349060345,989.5713024307819,18320.703417260196,2558.485669198018
patient_283,458.0,18.32,,,1685.960050081881,,,2519.8059349060345,,,2558.485669198018
patient_283,460.0,18.4,,,1685.960050081881,,,2519.8059349060345,,,2558.485669198018
patient_283,461.0,18.44,34.705617815013305,,1687.3482747944818,8.7346389379799,,2520.155320463554,33.92323477242813,,2559.842598588915
patient_283,462.0,18.48,258.019174881567,5582.838926663841,1697.6690417897446,321.87321639131574,7828.4644363333955,2533.0302491192065,183.23386482914933,3732.76575141803,2567.171953182081
patient_283,463.0,18.52,92.74767848391498,-4131.7874099413,1701.3789489291012,60.97764233549694,-6522.389351395469,2535.4693548126265,40.37268098912298,-3571.529596000659,2568.7868604216455
patient_283,464.0,18.56,81.73204642935416,-275.3908013640206,1704.6482307862752,113.8984547022317,1323.020309168369,2540.025293000716,103.0199049922435,1566.1806000780127,2572.9076566213353
patient_283,465.0,18.6,65.42513649060456,-407.67274846873994,1707.2652362458994,125.73104456222237,295.81474649976656,2545.054534783205,72.49023839034156,-763.2416650475484,2575.807266156949
patient_283,466.0,18.64,68.19390029779794,69.21909517983451,1709.9929922578112,19.706496332502127,-2650.613705743006,2545.842794636505,126.7593604330252,1356.7280510670907,2580.87764057427
patient_283,467.0,18.68,58.249707681607624,-248.60481540475786,1712.3229805650753,73.12919264625651,1335.5674078438597,2548.767962342355,71.74819331225748,-1375.2791780191928,2583.74756830676
patient_283,468.0,18.72,23.535718427085506,-867.849731363053,1713.2644093021588,28.88570531952799,-1106.0871831682132,2549.9233905551364,155.15546973248303,2085.1819105056384,2589.9537870960594
patient_283,469.0,18.76,28.906056528983427,134.25845254744803,1714.4206515633182,40.202612284984525,282.9226741364134,2551.531495046536,66.08094777930984,-2226.8630488293297,2592.597025007232
patient_283,470.0,18.8,4.777888756694181,-603.2041943072311,1714.611767113586,54.30852331284274,352.6477756964553,2553.7038359790495,21.27358731712586,-1120.1840115545995,2593.447968499917
patient_283,471.0,18.84,22.544099273485898,444.1552629197929,1715.5135310845255,17.845952495762006,-911.5642704270183,2554.4176740788803,13.186978821018403,-202.1652124026864,2593.975447652758
patient_283,472.0,18.88,10.353514088948526,-304.7646296134343,1715.9276716480836,29.16212908597949,282.90441475543713,2555.5841592423194,81.95215231455111,1719.1293373383178,2597.2535337453396
patient_283,473.0,18.92,54.51475034167429,1104.030906318144,1718.1082616617505,75.12110314503806,1148.9743514764643,2558.5890033681208,7.175026776542851,-1869.4281384502067,2597.5405348164013
patient_283,474.0,18.96,146.27796520942314,2294.0803716937216,1723.9593802701274,152.14685522345624,1925.6438019604545,2564.6748775770593,198.50034677126726,4783.13299986811,2605.480548687252
patient_283,475.0,19.0,147.79540976797136,37.93611396370551,1729.8711966608462,259.1390052986354,2674.8037518794795,2575.0404377890045,269.3348549300485,1770.862703969531,2616.2539428844543
patient_283,476.0,19.04,131.82990145842763,-399.1377077385934,1735.1443927191833,289.3290480755324,754.7510694224243,2586.613599712026,267.05373697198274,-57.02794895164374,2626.9360923633335
patient_283,477.0,19.08,147.61753066320873,394.6907301195274,1741.0490939457115,358.33734427617577,1725.2074050160843,2600.947093483073,224.3383605377268,-1067.8844108563985,2635.9096267848427
patient_283,478.0,19.12,158.0636548598104,261.15310491504215,1747.371640140104,509.8244563666431,3787.1778022616836,2621.3400717377385,621.41390027982,9926.888493552331,2660.7661827960355
patient_283,479.0,19.16,184.8743409340368,670.2671518556599,1754.7666137774656,402.80452517857486,-2675.4982797017065,2637.4522527448817,579.3635342752547,-1051.2591501141344,2683.9407241670456
patient_283,480.0,19.2,286.59716221594874,2543.070532047798,1766.2305002661035,589.250489314119,4661.149103388604,2661.022272317446,647.5155344610173,1703.8000046440657,2709.841345545486
patient_283,481.0,19.24,241.3601231423084,-1130.9259768410086,1775.884905191796,156.1848965007121,-10826.639820335173,2667.2696681774746,145.90075309884588,-12540.369534054285,2715.6773756694397
patient_283,482.0,19.28,67.32796746873393,-4350.803891839361,1778.5780238905454,150.29296351728632,-147.29832458564474,2673.2813867181662,75.48321378353276,-1760.438482882828,2718.696704220781
patient_283,483.0,19.32,142.3914438436747,1876.5869093735191,1784.2736816442923,103.38361729239116,-1172.733655622379,2677.4167314098618,139.37617145402643,1597.3239417623417,2724.2717510789425
patient_283,484.0,19.36,108.50258624795028,-847.2214398931104,1788.6137850942105,157.75800922525465,1359.3597983215873,2683.7270517788725,84.88239394354731,-1362.344437761978,2727.6670468366847
patient_283,485.0,19.4,71.86559788161354,-915.9247091584184,1791.4884090094752,172.06626396774575,357.70636856227753,2690.6097023375823,25.09019075970221,-1494.8050795961276,2728.6706544670724
patient_283,486.0,19.44,97.82524847543104,648.9912648454375,1795.4014189484924,161.86001634079943,-255.15619067365805,2697.084102991214,141.9313213457218,2921.02826465049,2734.3479073209014
patient_283,487.0,19.48,93.19152604250172,-115.84306082323295,1799.1290799901926,156.3752224966151,-137.11984610460846,2703.3391118910786,162.38885655384342,511.4383802030403,2740.8434615830547
patient_283,488.0,19.52,45.357219997782764,-1195.857651117974,1800.943368790104,75.43940396937852,-2023.3954631809145,2706.3566880498533,156.91609304358443,-136.819087756475,2747.1201053047985
patient_283,489.0,19.56,39.81327453358271,-138.59863660500142,1802.5358997714472,16.130598012453888,-1482.7201489231156,2707.001911970352,58.44847565580386,-2461.690434694514,2749.4580443310306
patient_283,490.0,19.6,76.85337029128331,926.0023939425151,1805.6100345830987,133.3508283822342,2930.5057592445078,2712.3359451056413,77.81478520220156,484.15773865994254,2752.570635739119
patient_283,491.0,19.64,20.53644442767599,-1407.923146590183,1806.4314923602058,85.82323564280468,-1188.189818485738,2715.7688745313535,65.7570506483759,-301.44336384564167,2755.200917765054
patient_283,492.0,19.68,28.67004407005258,203.33999105941479,1807.5782941230077,250.01656195181724,4104.833157725314,2725.769537009426,27.77110743578603,-949.6485803147467,2756.3117620624853
patient_283,493.0,19.72,19.291082409942923,-234.47404150274141,1808.3499374194057,213.72404343460437,-907.3129629303218,2734.3184987468103,151.55292161198574,3094.5453544049924,2762.3738789269646
patient_283,494.0,19.76,42.91561896744867,590.6134139376437,1810.0665621781036,58.11344449397307,-3890.2649735157825,2736.643036526569,28.734961465723195,-3070.449003656564,2763.523277385594
patient_283,495.0,19.8,28.880286814342657,-350.88330382765037,1811.221773650677,56.32516459696617,-44.706997425172545,2738.896043110448,88.27202790611754,1488.4266610098587,2767.0541585018386
patient_283,496.0,19.84,76.58122617005678,1192.5234838928532,1814.2850226974792,343.188383932373,7171.580483385171,2752.623578467743,83.95608917066342,-107.89846838635313,2770.4124020686654
patient_283,497.0,19.88,38.50987307268971,-951.7838274341768,1815.8254176203868,215.151532911439,-3200.9212755233493,2761.2296397842,208.13455886569994,3104.461742375913,2778.7377844232933
patient_283,498.0,19.92,143.70989209431227,2630.000475540564,1821.5738133041593,264.5422683134522,1234.7683850503302,2771.811330516738,525.5071899637835,7934.315777452089,2799.758072021845
patient_283,502.0,20.08,,,1821.5738133041593,,,2771.811330516738,,,2799.758072021845
patient_283,503.0,20.12,209.890913600241,,1829.9694498481688,339.4848281784622,,2785.3907236438768,212.32411298412148,,2808.2510365412095
patient_283,504.0,20.16,84.44970769316438,-3136.030147676915,1833.3474381558956,14.904646606431452,-8114.504539300768,2785.986909508134,172.29054584585532,-1000.839178456654,2815.1426583750435
patient_283,505.0,20.2,82.77943541720379,-41.756806899014975,1836.6586155725836,86.6356712366204,1793.2756157547235,2789.452336357599,109.66262699930644,-1565.697971163722,2819.5291634550154
patient_283,506.0,20.24,119.58973852358811,920.2575776596082,1841.442205113527,62.838947729197535,-594.9180876855715,2791.965894266767,46.82247572807607,-1571.0037817807593,2821.4020624841382
patient_283,507.0,20.28,79.61091460645011,-999.47059792845,1844.6266416977849,56.162275200743146,-166.91681321135974,2794.2123852747964,121.32342102179116,1862.5236323428774,2826.25499932501
patient_283,508.0,20.32,26.038888715303216,-1339.3006472786724,1845.668197246397,50.132288686217535,-150.74966286314026,2796.2176768222453,197.6110038792994,1907.189571437706,2834.159439480182
patient_283,509.0,20.36,22.734394272948702,-82.61236105886285,1846.577573017315,46.08818103987653,-101.1026911585251,2798.06120406384,181.24253518075903,-409.2117174635092,2841.4091408874124
patient_283,510.0,20.4,39.85322886163403,427.97086471713317,1848.1717021717805,36.70619997594199,-234.54952659836349,2799.5294520628777,39.60305329816618,-3540.9870470648216,2842.993263019339
patient_283,511.0,20.44,37.132819073184855,-68.01024471122936,1849.6570149347078,30.46410079052034,-156.05247963554126,2800.7480160944983,70.94293116213679,783.4969465992651,2845.8309802658246
patient_283,512.0,20.48,33.32339540745282,-95.23559164330084,1850.989950751006,15.063583879114884,-385.0129227851364,2801.3505594496633,39.695362055455234,-781.1892276670388,2847.4187947480427
patient_283,513.0,20.52,49.46643864926449,403.5760810452917,1852.9686082969765,39.4822140933151,610.4657553550054,2802.9298480133957,48.535437633031975,221.0018894394185,2849.3602122533644
patient_283,514.0,20.56,38.18010474407205,-282.1583476298111,1854.4958124867396,41.962996207985974,62.01955286677183,2804.6083678617156,90.85227679967755,1057.9209791661394,2852.994303325351
patient_283,515.0,20.6,23.52763981413327,-366.3116232484694,1855.436918079305,22.240175942139267,-493.0705066461677,2805.4979748994006,126.16640132318399,882.8531130876609,2858.0409593782783
patient_283,516.0,20.64,40.27261731278985,418.62443746641446,1857.0478227718165,26.889769679396583,116.2398434314329,2806.573565686577,47.08971581056178,-1976.9171378155554,2859.924548010701
patient_283,517.0,20.68,43.5064975528457,80.84700600139634,1858.7880826739304,82.06249573121454,1379.318151295449,2809.8560655158253,68.34377619502197,531.3515096115049,2862.6582990585016
patient_283,518.0,20.72,80.5304253307539,925.5981944477049,1862.0092996871606,112.25552256936221,754.8256709536919,2814.3462864186,90.03505366784091,542.2819368204734,2866.2597012052156
patient_283,519.0,20.76,70.74468047055824,-244.6436215048916,1864.839086905983,219.13008261906734,2671.864001242628,2823.1114897233624,301.33557452697363,5282.513021478318,2878.3131241862948
patient_283,520.0,20.8,68.97039632542445,-44.357103628344774,1867.597902759,321.3051364964326,2554.376346934132,2835.96369518322,272.5181661324493,-720.4352098631077,2889.2138508315925
patient_283,521.0,20.84,42.59469598915745,-659.3925084066749,1869.3016905985662,246.3002495681442,-1875.1221732072104,2845.8157051659455,312.41063043190303,997.3116074863426,2901.7102760488688
patient_283,522.0,20.88,70.98369769480354,709.7250426411522,1872.1410385063584,169.45103386605928,-1921.2303925521232,2852.593746520588,244.3005968770018,-1702.750838872531,2911.4822999239486
patient_283,523.0,20.92,108.56115982673894,939.4365532983851,1876.483484899428,194.06857428206567,615.4385104001598,2860.356489491871,132.52433249607213,-2794.4066095232415,2916.7832732237916
patient_283,524.0,20.96,95.87319213595072,-317.1991922697057,1880.318412584866,231.34353166481912,931.8739345688364,2869.610230758464,135.03203155533265,62.69247648151293,2922.184554486005
patient_283,525.0,21.0,120.38383104369915,612.7659726937108,1885.133765826614,161.9057864291398,-1735.9436308919833,2876.086462215629,166.88938667027574,796.4338778735772,2928.8601299528154
patient_283,526.0,21.04,96.3265591923669,-601.4317962833061,1888.9868281943088,75.12400440931823,-2169.544550495539,2879.0914223920017,232.11507506822204,1630.6422099486574,2938.1447329555444
patient_283,527.0,21.08,28.708864350477967,-1690.4423710472233,1890.135182768328,101.79878754685419,666.8695784383989,2883.163373893876,134.3125941595699,-2445.0620227163035,2943.517236721927
patient_283,528.0,21.12,5.417525756884374,-582.2834648398398,1890.3518837986035,22.77856486423505,-1975.5055670654783,2884.074516488445,7.027099306950638,-3182.1373713154817,2943.7983206942054
patient_283,529.0,21.16,21.96464754567729,413.67804471982294,1891.2304697004304,91.6977604695614,1722.9798901331587,2887.7424269072276,19.011928184053552,299.62072192757284,2944.558797821568
patient_283,530.0,21.2,5.408757907232834,-413.8972409611114,1891.4468200167196,66.89125446508615,-620.1626501118814,2890.4180770858306,28.43532481793931,235.58491584714398,2945.696210814285
patient_283,531.0,21.24,25.69821555128855,507.23644110139287,1892.4747486387712,58.65192759984994,-205.9831716309052,2892.7641541898247,49.49496092005259,526.490902552832,2947.6760092510876
patient_283,532.0,21.28,6.330364352665408,-484.19627996557847,1892.7279632128777,40.73543686686597,-447.9122683245993,2894.3935716644987,78.27982831200951,719.6216847989231,2950.807202383568
patient_283,533.0,21.32,30.33942218756349,600.226445872452,1893.9415401003803,100.14337055390347,1485.1983421759376,2898.3993064866554,84.04714459896601,144.1829071739125,2954.1690881675268
patient_283,534.0,21.36,14.759091357153332,-389.50827076025394,1894.5319037546665,155.5434249003076,1385.0013586601033,2904.621043482667,88.12437519022454,101.93076478146317,2957.6940631751354
patient_283,535.0,21.4,48.22113005411826,836.5509674241233,1896.4607489568311,194.0771166276856,963.34229318445,2912.3841281477744,83.53391677055153,-114.76146049182532,2961.0354198459577
patient_283,536.0,21.44,105.10155101363625,1422.0105239879497,1900.6648109973767,151.6818350573321,-1059.8820392588373,2918.4514015500677,186.8471823405288,2582.831639249432,2968.5093071395786
patient_283,537.0,21.48,115.18132453551623,251.9943380469993,1905.2720639787972,135.03172784610612,-416.25268028064966,2923.852670663912,235.8709482788292,1225.5941484575096,2977.944145070732
patient_283,538.0,21.52,141.1692037753924,649.6969809969041,1910.9188321298127,244.2549143257587,2730.5796619913144,2933.6228672369425,292.8415865114992,1424.2659558167502,2989.6578085311917
patient_283,539.0,21.56,133.42833611262006,-193.52169156930827,1916.2559655743178,418.6182545363584,4359.083505264992,2950.3675974183966,451.5195505559688,3966.94910111174,3007.71859055343
patient_283,540.0,21.6,207.1861176294788,1843.9445379214683,1924.5434102794968,690.0965600531814,6786.9576379205755,2977.9714598205237,608.7241508903626,3930.1150083598445,3032.067556589045
patient_283,541.0,21.64,125.6681360413215,-2037.949539703932,1929.5701357211497,310.16038366957406,-9498.404409590185,2990.3778751673067,450.7085072922966,-3950.39108995165,3050.0958968807367
patient_283,542.0,21.68,122.17293627054924,-87.3799942693065,1934.4570531719717,95.127311611395,-5375.8268014544765,2994.182967631762,240.1333125165493,-5264.379869393682,3059.7012293813987
patient_283,543.0,21.72,449.4765243042157,8182.5897008416605,1952.4361141441402,479.47627971376016,9608.72420255913,3013.3620188203126,430.19902368819805,4751.642779291219,3076.909190328927
patient_283,544.0,21.76,260.43925083713356,-4725.931836677053,1962.8536841776254,390.7949713003532,-2217.0327103351738,3028.9938176723267,493.4616130874049,1581.5647349801707,3096.647654852423
patient_283,545.0,21.8,233.78831756999958,-666.2733316783495,1972.2052168804253,384.85665793734506,-148.45783407520372,3044.3880839898206,406.7262086420842,-2168.385111133017,3112.9167031981065
patient_283,546.0,21.84,147.0931866217461,-2167.378273706337,1978.088944345295,501.2215966586286,2909.123468032088,3064.4369478561653,522.2500998106015,2888.0972792129314,3133.8067071905302
patient_283,547.0,21.88,290.34476752702517,3581.289522631977,1989.702735046376,422.62084730916735,-1965.018733736531,3081.341781748532,462.5353049047796,-1492.8698726455466,3152.3081193867215
patient_283,548.0,21.92,461.55267627636016,4280.197718733375,2008.1648420974304,367.50560641616926,-1377.8810223249523,3096.0420060051792,366.78183457706376,-2393.836758192896,3166.9793927698042
patient_283,549.0,21.96,367.05452655406697,-2362.45374305733,2022.847023159593,264.8756319036857,-2565.7493628120887,3106.637031281327,394.73665833913583,698.8705940518016,3182.76885910337
patient_283,550.0,22.0,365.8342776450591,-30.506222725196608,2037.4803942653953,191.41925308024338,-1836.409470586058,3114.293801404536,325.43837241889065,-1732.4571480061295,3195.7863940001257
patient_283,551.0,22.04,108.83608923919812,-6424.954710146525,2041.8338378349633,106.4305744407823,-2124.716965986527,3118.5510243821673,59.2747709807552,-6654.090035953386,3198.157384839356
patient_283,552.0,22.08,104.77723830209877,-101.47127342748377,2046.0249273670474,74.5216006778805,-797.7243440725449,3121.5318884092826,25.927351018428073,-833.685499058178,3199.194478880093
patient_283,553.0,22.12,119.17359226198641,359.90884899719117,2050.791871057527,36.54492184741344,-949.4169707616765,3122.993685283179,19.85009486316651,-151.93140388153904,3199.9884826746197
patient_283,554.0,22.16,80.03598121703955,-978.4402761236717,2053.9933103062085,35.73387443821067,-20.276185230069288,3124.4230402607077,24.802921592805575,123.8206682409766,3200.980599538332
patient_283,555.0,22.2,31.09839942707444,-1223.4395447491277,2055.2372462832914,26.25022558722524,-237.0912212746357,3125.4730492841963,20.41092618530071,-109.79988518762163,3201.7970365857445
patient_283,556.0,22.24,51.33401784322275,505.89046040370783,2057.2906069970204,35.95078370991115,242.51395306714772,3126.911080632593,27.145300768476286,168.3593645793894,3202.8828486164834
patient_283,557.0,22.28,18.810012552601037,-813.1001322655429,2058.0430074991245,27.371764194943143,-214.47548787420016,3128.005951200391,36.573977809511284,235.71692602587495,3204.345807728864
patient_283,558.0,22.32,41.28038822994109,561.7593919335013,2059.694223028322,37.52015787135096,253.70984191019542,3129.5067575152443,13.868633012407994,-567.6336199275822,3204.90055304936
patient_283,559.0,22.36,26.539518169027875,-368.52175152283036,2060.755803755083,32.2928590871755,-130.68246960438648,3130.7984718787316,5.135086410532362,-218.33866504689075,3205.1059565057817
patient_283,560.0,22.4,35.49784894799324,223.95826947413414,2062.175717713003,1.4318610383713894,-771.5249512201027,3130.8557463202665,18.6506403266183,337.8888479021485,3205.8519821188465
patient_283,561.0,22.44,10.698508601546193,-619.9835086611762,2062.603658057065,16.66458368252424,380.81806610382125,3131.522329667567,10.725518626547506,-198.12804250176987,3206.2810028639087
patient_283,562.0,22.48,11.276340370098618,14.445794213810625,2063.0547116718685,1.5550767079169778,-377.73767436518153,3131.584532735884,8.207540988171901,-62.949440959390124,3206.6093045034354
patient_283,563.0,22.52,30.2628133798496,474.6618252437745,2064.2652242070626,6.9803828987186725,135.63265477004236,3131.8637480518328,3.7857614293840913,-110.54448896969524,3206.760734960611
patient_283,564.0,22.56,7.927775454531945,-558.3759481329414,2064.5823352252437,8.973167266694226,49.819609199388836,3132.2226747425007,25.37530842895769,539.73867498934,3207.7757472977696
patient_283,565.0,22.6,46.44837115776821,963.0148925809065,2066.4402700715546,3.7789394531551066,-129.85569533847797,3132.3738323206267,13.451782700884296,-298.0881432018349,3208.3138186058045
patient_283,566.0,22.64,24.588144922958755,-546.5056558702363,2067.423795868473,10.37971156590539,165.0193028187571,3132.7890207832634,4.42102250602687,-225.76900487143564,3208.4906595060456
patient_283,567.0,22.68,92.31690950393184,1693.2191145243273,2071.11647224863,24.31342104771313,348.34273704519353,3133.761557625172,12.12276887956919,192.543659338558,3208.9755702612283
patient_283,568.0,22.72,100.43281045943078,202.8975238874736,2075.1337846670076,92.33450596622046,1700.5271229626833,3137.4549378638208,81.32371811191831,1730.023730808728,3212.228518985705
patient_283,569.0,22.76,100.05594263649188,-9.421695573472633,2079.1360223724673,255.9245648260469,4089.7514714956606,3147.6919204568626,219.32209380085848,3449.9593922235044,3221.001402737739
patient_283,570.0,22.8,422.2764532490605,8055.512765314216,2096.0270805024297,289.80374897832905,846.9796038070541,3159.2840704159958,539.3442139358312,8000.553003374318,3242.575171295173
patient_283,571.0,22.84,450.574147314219,707.4423516289613,2114.0500463949984,452.1743217159099,4059.2643184395215,3177.371043284632,633.480367809162,2353.4038468332683,3267.914386007539
patient_283,573.0,22.92,,,2114.0500463949984,,,3177.371043284632,,,3267.914386007539
patient_283,574.0,22.96,113.73809811406011,,2118.599570319561,311.8553984871102,,3189.8452592241165,437.5047237030872,,3285.4145749556624
patient_283,575.0,23.0,101.34534449839619,-309.81884039159803,2122.6533840994966,139.07656215211753,-4319.470908374818,3195.408321710201,250.35941140399328,-4678.632807477348,3295.428951411822
patient_283,576.0,23.04,109.54480374266242,204.9864811066559,2127.0351762492032,156.72062598425077,441.10159580333107,3201.677146749571,190.46847509322524,-1497.273407769201,3303.0476904155507
patient_283,577.0,23.08,62.09702727375963,-1186.1944117225698,2129.5190573401537,83.1487571299535,-1839.296721357432,3205.003097034769,149.66027637524647,-1020.2049679494692,3309.0341014705605
patient_283,578.0,23.12,45.88299024513514,-405.3509257156122,2131.354376949959,126.54700643122446,1084.956232531774,3210.064977292018,192.39312036413978,1068.3210997223327,3316.729826285126
patient_283,579.0,23.16,39.14150979191895,-168.53701133040477,2132.9200373416356,77.61465141972434,-1223.308875287503,3213.1695633488066,58.42801019627898,-3349.1277541965196,3319.066946692977
patient_283,580.0,23.2,91.5152835985251,1309.3443451651538,2136.5806486855768,166.101685054879,2212.1758408788664,3219.8136307510017,97.88979433651052,986.5446035057884,3322.9825384664377
patient_283,581.0,23.24,199.58627393568892,2701.7747584290955,2144.5640996430043,523.1435993593741,8926.047857612377,3240.739374725377,508.8343358079815,10273.613536786776,3343.3359118987573
patient_283,582.0,23.28,216.8611216740355,431.8711934586645,2153.238544509966,685.1292487154285,4049.6412339013605,3268.144544673994,692.4261049722767,4589.794229107379,3371.032956097648
patient_283,583.0,23.32,303.0235439184235,2154.0605561097004,2165.359486266703,986.8697632445877,7543.512863228981,3307.619335203777,1248.3454214833478,13897.982912776777,3420.966772956982
patient_283,584.0,23.36,148.69911738710192,-3858.1106632830397,2171.3074509621865,338.6230561270256,-16206.167677939053,3321.1642574488583,638.8091500706739,-15238.406785316845,3446.5191389598094
patient_283,585.0,23.4,203.62185687229484,1373.068487129823,2179.4523252370786,203.13719769026972,-3387.1464609188974,3329.289745356469,251.3339359987467,-9686.88035179818,3456.572496399759
patient_283,586.0,23.44,19.75303987333139,-4596.720424974086,2180.2424468320114,195.8232748119319,-182.8480719584455,3337.1226763489462,159.5063807984935,-2295.6888800063302,3462.952751631699
patient_283,587.0,23.48,44.90704457806328,628.8501176182972,2182.038728615134,130.72813728596796,-1627.3784381490984,3342.351801840385,194.16786517836394,866.5371094967611,3470.7194662388333
patient_283,588.0,23.52,28.196273883697504,-417.76926735914435,2183.1665795704816,95.38694548904051,-883.5297949231862,3346.167279659947,122.80046328598779,-1784.1850473094037,3475.6314847702724
patient_283,589.0,23.56,70.21877755963047,1050.5625918983242,2185.975330672867,129.31349938692148,848.1638474470241,3351.3398196354233,87.96481410818403,-870.891229445094,3479.1500773345997
patient_283,590.0,23.6,160.8889347958986,2266.7539309067033,2192.410888064703,414.2059859002256,7122.312162832603,3367.908059071432,556.3791627894341,11710.358717031251,3501.4052438461777
patient_283,591.0,23.64,205.16162102112673,1106.8171556307036,2200.617352905548,553.0753299730242,3471.7336018199644,3390.0310722703534,610.1584702301749,1344.4826860185203,3525.8115826553844
patient_283,592.0,23.68,197.20808325772356,-198.8384440850794,2208.505676235857,397.34160233845205,-3893.343190864303,3405.9247363638915,389.23017388549357,-5523.207408617033,3541.380789610804
patient_283,593.0,23.72,236.5554823376154,983.6849769972957,2217.967895529362,289.7998056853808,-2688.544916326781,3417.5167285913067,383.18513362743715,-151.12600645141043,3556.7081949559015
patient_283,594.0,23.76,193.76438034332267,-1069.7775498573178,2225.7184707430947,135.77031447912992,-3850.7372801562724,3422.9475411704716,208.36699367641003,-4370.453498775678,3565.0428747029578
patient_283,595.0,23.8,85.5567626441424,-2705.190442479507,2229.1407412488606,158.87456200845256,577.6061882330658,3429.3025236508097,105.53566551590262,-2570.7832040126855,3569.264301323594
patient_283,596.0,23.84,71.45603194469622,-352.51826748615434,2231.9989825266484,153.06167680173448,-145.32213016795197,3435.424990722879,148.94241063018512,1085.1686278570626,3575.221997748801
patient_283,597.0,23.88,167.81882367786545,2409.069793329231,2238.711735473763,409.1204306863256,6401.468847114779,3451.789807950332,425.36827674838554,6910.646652955011,3592.2367288187365
patient_283,598.0,23.92,180.5750243325721,318.9050163676661,2245.934736447066,439.18531418399374,751.622087441703,3469.357220517692,445.05558361919003,492.1826717701123,3610.0389521635043
patient_283,599.0,23.96,55.77376485933318,-3120.0314868309733,2248.165687041439,27.093007558402913,-10302.30766563977,3470.440940820028,15.536264161336142,-10737.982986446348,3610.6604027299577
patient_283,600.0,24.0,152.82685167975794,2426.327170510619,2254.2787611086296,137.331774916301,2755.9691839474517,3475.93421181668,326.827167872679,7782.272592783572,3623.7334894448645
patient_283,601.0,24.04,63.628065390790184,-2229.9696572241937,2256.823883724261,502.41500545402033,9127.080763442984,3496.030812034841,254.63255210823442,-1804.8653941111147,3633.918791529194
patient_283,602.0,24.08,228.10810292466587,4112.000938346892,2265.9482078412475,409.0470500658301,-2334.198884704756,3512.392694037474,375.3833226576207,3018.7692637346563,3648.934124435499
patient_283,603.0,24.12,138.79556047130524,-2232.813561334016,2271.5000302600997,212.74458035910587,-4907.561742668106,3520.9024772518383,245.4660329623823,-3247.93224238096,3658.7527657539945
patient_283,604.0,24.16,128.22022058372556,-264.38349718949183,2276.628839083449,232.8878431519933,503.581569822186,3530.2179909779184,208.16016154580134,-932.6467854145235,3667.0791722158265
patient_283,605.0,24.2,84.18309114098372,-1100.928236068546,2279.996162729088,147.77251651268935,-2127.883165982599,3536.128891638426,98.66511369343661,-2737.3761963091183,3671.0257767635644
patient_283,606.0,24.24,90.65367615826389,161.7646254320043,2283.6223097754187,138.7149238140242,-226.43981746662902,3541.677488590987,72.59856016535781,-651.66383820197,3673.9297191701785
patient_283,607.0,24.28,208.684659979123,2950.774595521478,2291.9696961745835,263.17394565556225,3111.4755460384513,3552.2044464172095,318.0449835042837,6136.160583473148,3686.6515185103494
patient_283,608.0,24.32,143.46483244888896,-1630.4956882558513,2297.708289472539,540.2366645195609,6926.567971599967,3573.813912997992,467.7441340189364,3742.4787628663166,3705.361283871107
patient_283,609.0,24.36,41.613402701887175,-2546.2857436750446,2299.3728255806145,25.843768766453728,-12859.822393827679,3574.84766374865,26.078476582600068,-11041.641435908408,3706.404422934411
patient_283,610.0,24.4,189.23525212091693,3690.5462354757437,2306.9422356654513,551.3838253448647,13138.501414460274,3596.9030167624446,592.3384260997897,14156.49873792974,3730.0979599784023
patient_283,611.0,24.44,274.0116370572993,2119.4096234095596,2317.9027011477433,340.33775111680427,-5276.151855701511,3610.516526807117,343.2847488660048,-6226.341930844622,3743.8293499330425
patient_283,612.0,24.48,126.02406217645166,-3699.6893720211915,2322.9436636348014,284.594756518365,-1393.574864960982,3621.9003170678516,170.3291405530742,-4323.890207823265,3750.6425155551656
patient_283,613.0,24.52,33.07252652517291,-2323.788391281969,2324.2665646958085,233.53683317463546,-1276.4480835932382,3631.2417903948367,102.57091776631161,-1693.955569669065,3754.745352265818
patient_283,614.0,24.56,37.67387141046032,115.03362213218526,2325.773519552227,129.0168240043199,-2613.0002292578893,3636.402463355009,268.48167429066405,4147.768913108811,3765.484619237445
patient_283,615.0,24.6,31.010231829856778,-166.5909895150886,2327.013928825421,46.79872387914289,-2055.4525031294247,3638.2744123101747,92.05740220430876,-4410.606802158883,3769.166915325617
patient_283,616.0,24.64,29.170038320711882,-46.004837728622405,2328.1807303582495,171.4634745227906,3116.6187660911924,3645.1329512910866,63.01176593933341,-726.1409066243838,3771.6873859631905
patient_283,617.0,24.68,138.60304067984853,2735.825058978416,2333.7248519854434,354.6052257067771,4578.543779599663,3659.3171603193578,367.08470446523313,7601.8234631474925,3786.3707741417998
patient_283,618.0,24.72,183.9422263363643,1133.4796414128946,2341.082541038898,376.5691157057689,549.0972499747954,3674.3799249475887,433.6138132499009,1663.2277196166938,3803.715326671796
patient_283,619.0,24.76,235.51769639636785,1289.3867515000884,2350.5032488947527,323.60836482080896,-1324.018772123999,3687.3242595404213,391.2632009083297,-1058.76530853928,3819.365854708129
patient_283,620.0,24.8,38.972785894238015,-4913.622762553246,2352.062160330522,24.92792310771187,-7467.011042827427,3688.3213764647294,19.668732961356792,-9289.861698674322,3820.1526040265835
patient_283,621.0,24.84,203.09204133469842,4102.98138601151,2360.18584198391,215.28161474495363,4758.842290931044,3696.9326410545273,450.1979380379924,10763.23012691589,3838.1605215481036
patient_283,622.0,24.88,141.87509908022176,-1530.4235563619166,2365.860845947119,156.78968591602992,-1462.2982207230925,3703.2042284911686,239.29635957133615,-5272.539461666406,3847.732375930957
patient_283,623.0,24.92,65.92539555873485,-1898.7425880371727,2368.4978617694683,119.62196394773892,-929.1930492072752,3707.989107049078,68.02314241868392,-4281.830428816306,3850.453301627704
patient_283,624.0,24.96,357.2207816010227,7282.384651057196,2382.786693033509,725.7399399960395,15152.949401207516,3737.0187046489195,866.8865517323953,19971.585232842783,3885.128763697
patient_283,625.0,25.0,277.8730798737557,-1983.6925431816737,2393.9016162284593,447.6902921804518,-6951.241195389693,3754.926316336138,474.1269630449114,-9818.989717187098,3904.0938422187965
patient_283,626.0,25.04,257.8828137140643,-499.75665399228575,2404.2169287770216,391.82221550095863,-1396.7019169873297,3770.599204956176,374.328170314144,-2494.9698182691845,3919.066969031362
patient_283,627.0,25.08,189.6595988724215,-1705.58037104107,2411.8033127319186,246.39451285006987,-3635.692566272219,3780.4549854701786,229.99087044046507,-3608.4324968419737,3928.2666038489806
patient_283,628.0,25.12,110.43143644556403,-1980.7040606714368,2416.2205701897415,190.36777536614704,-1400.6684370980706,3788.0696964848244,141.7939068379929,-2204.9240900618047,3933.9383601225004
patient_283,629.0,25.16,82.64756190032723,-694.59686363092,2419.526472665754,122.62616128099448,-1693.540352128814,3792.974742936064,163.04766191804697,531.343877001352,3940.460266599222
patient_283,630.0,25.2,25.38169726793013,-1431.6466158099277,2420.5417405564713,41.322787296838065,-2032.5843496039106,3794.6276544279376,15.233621181089704,-3695.3510184239312,3941.069611446466
patient_283,631.0,25.24,52.78218707009868,685.0122450542137,2422.6530280392753,81.37781872444178,1001.3757856900929,3797.882767176916,155.13082542299415,3497.430106047611,3947.2748444633853
patient_283,632.0,25.28,43.99789683053634,-219.60725598905844,2424.4129439124968,229.5012775571866,3703.08647081862,3807.062818279203,307.82376250764116,3817.3234271161755,3959.587794963691
patient_283,633.0,25.32,89.18244128813342,1129.613611439927,2427.980241564022,148.33241494779668,-2029.221565234748,3812.996114877115,46.84458865028375,-6524.4793464339355,3961.461578509703
patient_283,634.0,25.36,56.66239167575255,-813.0012403095217,2430.246737231052,340.5018386535028,4804.235592642653,3826.616188423255,380.78431567693355,8348.493175666244,3976.6929511367803
patient_283,635.0,25.4,209.64155683004796,3824.479128857385,2438.6323995042544,776.1418861520398,10891.001187463426,3857.6618638693367,886.1178536438514,12633.338449172947,4012.1376652825343
patient_283,636.0,25.44,409.92765293779655,5007.152402693715,2455.029505621766,733.8647080586576,-1056.9294523345548,3887.0164521916827,815.8563199900138,-1756.5383413459385,4044.771918082135
patient_283,637.0,25.48,477.974629022977,1701.1744021295115,2474.1484907826853,646.0488426122765,-2195.396636159526,3912.8584058961737,498.78452999618395,-7926.794749845747,4064.723299281982
patient_283,638.0,25.52,107.87830454384428,-9252.408111978317,2478.463622964439,251.36133363599706,-9867.187724406986,3922.9128592416137,233.41758721425447,-6634.173569548237,4074.060002770552
patient_283,639.0,25.56,54.78039105449066,-1327.4478372338406,2480.654838606619,117.01798765955556,-3358.5836494110376,3927.5935787479957,93.41097673581939,-3500.165261960877,4077.7964418399847
patient_283,640.0,25.6,220.58947039934876,4145.226983621453,2489.4784174225924,412.0343892312138,7375.410039291457,3944.074954317244,333.65025975087605,6005.982075376416,4091.14245223002
patient_283,641.0,25.64,24.602251146857263,-4899.680481312287,2490.462507468467,51.47044735858997,-9014.098546815596,3946.1337722115877,39.32629039583801,-7358.0992338759515,4092.715503845853
patient_283,642.0,25.68,285.7896404594069,6529.68473281374,2501.894093086843,474.4715550230087,10575.027691610469,3965.1126344125078,624.9370481607102,14640.268944121806,4117.712985772281
patient_283,643.0,25.72,289.513556369713,93.09789775765296,2513.4746353416313,590.406712064057,2898.3789260262083,3988.72890289507,547.1735788181518,-1944.086733563961,4139.599928925008
patient_283,644.0,25.76,265.76447141381834,-593.7271238973665,2524.105214198184,520.280503096723,-1753.155224183351,4009.540123018939,542.639397426393,-113.35453479397017,4161.305504822063
patient_283,645.0,25.8,216.05015597304563,-1242.8578860193177,2532.747220437106,356.42810524090794,-4096.309946395377,4023.797247228575,304.41072853104987,-5955.716722383578,4173.481933963305
patient_283,646.0,25.84,68.36008309738085,-3692.2518218916193,2535.481623761001,93.36121329323565,-6576.672298691807,4027.5316957603045,28.28299110230596,-6903.193435718597,4174.613253607397
patient_283,647.0,25.88,59.10942305760607,-231.26650099436947,2537.846000683305,112.92142517926669,489.005297150776,4032.0485527674755,101.75191977746557,1836.7232168789903,4178.683330398496
patient_283,648.0,25.92,136.06554906511246,1923.9031501876595,2543.28862264591,184.24435957493844,1783.0733598917939,4039.418327150473,392.50418615924104,7268.806659544387,4194.383497844866
patient_283,649.0,25.96,93.51515588301467,-1063.759829552445,2547.02922888123,259.4593180759938,1880.3739625263838,4049.796699873513,435.5706491377036,1076.6615744615635,4211.806323810374
patient_283,650.0,26.0,149.8582504125296,1408.5773632378732,2553.0235588977316,638.357830669559,9472.462814839131,4075.331013100295,671.6906338988298,5902.999619028155,4238.6739491663275
patient_283,651.0,26.04,188.3468487827105,962.2149592545227,2560.5574328490397,1154.4129486781217,12901.377950214066,4121.507531047419,816.4777835622443,3619.6787415853632,4271.333060508817
patient_283,652.0,26.08,179.59406656616892,-218.81955541353975,2567.741195511687,260.31177434872404,-22352.52935823494,4131.920002021368,61.25119853725468,-18880.66462562474,4273.783108450307
patient_283,653.0,26.12,212.20541864861482,815.2838020611476,2576.2294122576313,666.3115270655248,10149.99381792002,4158.572463103989,496.9262397987346,10891.876031536998,4293.660158042257
patient_283,654.0,26.16,359.8840707632115,3691.9663028649175,2590.62477508816,426.8567945285747,-5986.3683134237535,4175.646734885133,500.7709589690585,96.1179792580964,4313.690996401019
patient_283,655.0,26.2,173.53338261163722,-4658.767203789357,2597.5661103926254,318.59954861335024,-2706.4311478806117,4188.390716829666,363.801744826945,-3424.2303535528363,4328.243066194096
patient_283,656.0,26.24,15.402624530799947,-3953.2689520209315,2598.182215373857,224.31404852798718,-2357.1375021340764,4197.363278770787,84.86210312098619,-6973.4910426489705,4331.6375503189365
patient_283,657.0,26.28,171.71260988595708,3907.7496338789283,2605.0507197692955,288.35539958243885,1601.0337763612918,4208.897494754084,301.91653211679517,5426.360724895224,4343.714211603608
patient_283,658.0,26.32,293.10554459632993,3034.8233677593216,2616.774941553149,564.8839555802232,6913.213899944609,4231.492852977292,473.3138307586444,4284.93246604623,4362.646764833954
patient_283,659.0,26.36,301.771972599042,216.66070006780132,2628.8458204571107,621.1002889409426,1405.408334017986,4256.33686453493,581.4354977284668,2703.04167424556,4385.904184743093
patient_283,660.0,26.4,471.4179956687533,4241.1505767427825,2647.702540283861,989.3328686405047,9205.814492489051,4295.91017928055,1232.3043811595444,16271.72208577694,4435.196359989474
patient_283,661.0,26.44,290.1125872173292,-4532.635211285603,2659.307043772554,290.0732301068608,-17481.490963341097,4307.513108484824,256.5307891519323,-24394.3398001903,4445.4575915555515
patient_283,662.0,26.48,13.389358407066894,-6918.0807202565575,2659.8426181088366,53.40078519416489,-5916.811122817398,4309.649139892592,49.20099626641678,-5183.244822137888,4447.425631406209
patient_283,663.0,26.52,69.07379148031829,1392.110826831285,2662.605569768049,80.73191155615812,683.2781590498308,4312.878416354838,69.37094286752378,504.248665027675,4450.2004691209095
patient_283,664.0,26.56,63.64533779010423,-135.71134225535158,2665.1513832796536,98.38285543627443,441.27359700290754,4316.8137305722885,107.17622188568056,945.1319754539195,4454.4875179963365
patient_283,665.0,26.6,22.98836501980017,-1016.4243192576015,2666.0709178804454,84.83341181414805,-338.7360905531594,4320.207067044855,218.2591000392513,2777.0719538392686,4463.217881997906
patient_283,666.0,26.64,129.18362769137255,2654.8815667893095,2671.2382629881004,60.39575205359299,-610.9414940138764,4322.622897126998,197.8863218667652,-509.3194543121527,4471.1333348725775
patient_283,667.0,26.68,175.26229119707895,1151.96658764266,2678.2487546359835,223.7458025325238,4083.7512619732706,4331.572729228299,70.4065901926201,-3186.9932918536274,4473.949598480282
patient_283,668.0,26.72,140.01326449194178,-881.2256676284292,2683.849285215661,568.5015249868776,8618.893061358844,4354.312790227774,683.6592882444924,15331.317451296805,4501.295970010062
patient_283,669.0,26.76,228.09588894455266,2202.065611315272,2692.9731207734426,1284.630988909436,17903.23659806396,4405.698029784152,1035.7694498885019,8802.754041100237,4542.726748005602
patient_283,670.0,26.8,427.0097953117559,4972.847659180081,2710.053512585913,735.6141993871594,-13725.419738056913,4435.122597759638,631.9816095338404,-10094.696008866538,4568.006012386955
patient_283,671.0,26.84,540.7539076157233,2843.6028075991844,2731.683668890542,850.3952883533245,2869.527224154129,4469.138409293771,612.754179476832,-480.6857514252101,4592.516179566029
patient_283,672.0,26.88,569.199425464611,711.1379462221919,2754.4516459091265,614.5423938837093,-5896.32236174038,4493.7201050491185,242.11835567178775,-9265.895595126105,4602.200913792901
patient_283,673.0,26.92,49.197217153650705,-13000.055207774005,2756.419534595272,36.33667971322609,-14455.142854262082,4495.173572237648,57.28221165404862,-4620.903600443478,4604.492202259063
patient_283,674.0,26.96,21.625321054067346,-689.297402489584,2757.2845474374353,90.1409418770784,1345.106554096308,4498.779209912731,30.278274100612897,-675.0984388358931,4605.703333223087
patient_283,675.0,27.0,130.45960943340594,2720.857209483465,2762.5029318147717,250.19604658003445,4001.3776175739013,4508.787051775933,125.99521332343978,2392.923480570672,4610.743141756024
patient_283,676.0,27.04,312.34926017137616,4547.241268449256,2774.996902221627,457.11886900901584,5173.0705607245345,4527.0718065362935,485.801077044942,8995.146593037556,4630.175184837822
patient_283,677.0,27.08,409.28581137838586,2423.4137801752427,2791.3683346767625,712.2944114107164,6379.388560042515,4555.563582992722,675.8927391401204,4752.291552379459,4657.210894403427
patient_283,678.0,27.12,292.0762069998344,-2930.2401094637858,2803.051382956756,687.2333119412978,-626.5274867354663,4583.0529154703745,638.3155259207575,-939.4303304840719,4682.743515440257
patient_283,679.0,27.16,359.55856161333236,1687.0588653374484,2817.433725421289,716.4961141832562,731.5700560489603,4611.712760037704,793.0628761314291,3868.6837552667894,4714.466030485514
patient_283,680.0,27.2,389.20639820201205,741.1959147169923,2833.0019813493695,604.932877881856,-2789.0809075350035,4635.9100751529795,474.9231827691614,-7953.492334056693,4733.4629577962805
patient_283,681.0,27.24,253.43379122973107,-3394.315174307025,2843.139332998559,265.2874157830775,-8491.136552469463,4646.521571784302,189.5087697119013,-7135.360326431502,4741.043308584756
patient_283,682.0,27.28,86.26779107397654,-4179.150003893864,2846.590044641518,92.03085186896958,-4331.4140978526975,4650.202805859061,24.93374540679707,-4114.375607627606,4742.040658401029
patient_283,683.0,27.32,34.82845358120126,-1285.9834373193821,2847.983182784766,68.32955765559517,-592.5323553343603,4652.935988165285,24.0800093966414,-21.343400253891698,4743.003858776894
patient_283,684.0,27.36,48.99697677316259,354.21307979903315,2849.9430618556926,38.46780943522061,-746.5437055093639,4654.474700542694,340.0667422443802,7899.66832119347,4756.606528466669
patient_283,685.0,27.4,92.45053642710583,1086.3389913485812,2853.6410833127766,52.338094928086186,346.75713732163945,4656.568224339818,91.04542801739588,-6225.532855674608,4760.248345587365
patient_283,686.0,27.44,132.97723299852194,1013.1674142854027,2858.960172632718,174.91936687436274,3064.531798656914,4663.564999014792,204.33038089314275,2832.123821893672,4768.421560823091
patient_283,687.0,27.48,202.0261098008664,1726.2219200586117,2867.0412170247523,626.4395364118624,11288.004238437492,4688.622580471267,603.3276184224388,9974.9309382324,4792.554665559988
patient_283,688.0,27.52,279.78991832794406,1944.0952131769413,2878.2328137578697,686.9693834689531,1513.2461764272675,4716.101355810025,922.0689338811189,7968.532886467003,4829.437422915234
patient_283,689.0,27.56,247.42814458320666,-809.0443436184352,2888.129939541198,749.262197202476,1557.320343338074,4746.071843698124,727.3088382147652,-4869.002391658844,4858.529776443824
patient_283,690.0,27.6,535.3501890948146,7198.051112790199,2909.5439471049904,538.0489715243501,-5280.330641953148,4767.593802559099,412.09513859545996,-7880.34249048263,4875.013581987642
patient_283,691.0,27.64,368.04869742067007,-4182.537291853613,2924.265895001817,366.1880302240627,-4296.523532507186,4782.24132376806,340.597667222454,-1787.4367843251491,4888.63748867654
patient_283,692.0,27.68,295.4375036959353,-1815.2798431183696,2936.0833951496547,198.9748778338338,-4180.328809755722,4790.200318881414,178.9105096375632,-4042.17893962227,4895.793909062042
patient_283,693.0,27.72,153.0651154331645,-3559.3097065692696,2942.2059997669817,352.2583442943772,3832.0866615135847,4804.290652653189,114.4818502412551,-1610.7164849077024,4900.373183071692
patient_283,694.0,27.76,60.73005403203805,-2308.376535028161,2944.6352019282635,117.78592168568562,-5861.810565217289,4809.002089520616,61.32285657051999,-1328.974841768378,4902.826097334513
patient_283,695.0,27.8,136.67710537012866,1898.6762834522651,2950.1022861430683,259.8440819436013,3551.4540064478915,4819.3958527983605,202.2180800998931,3522.380588234327,4910.914820538509
patient_283,696.0,27.84,307.66392163723634,4274.670406677692,2962.408843008558,507.7775178022405,6198.33589646598,4839.70695351045,516.2028113766995,7849.61828192016,4931.562932993577
patient_283,697.0,27.88,374.68068957942216,1675.4191985546456,2977.396070591735,639.6703724571316,3297.321366372279,4865.293768408736,628.1956498078171,2799.8209607779386,4956.69075898589
patient_283,698.0,27.92,394.1635623142042,487.0718183695516,2993.1626130843033,564.4548181287765,-1880.3888582088775,4887.8719611338865,649.2707304617297,526.8770163478166,4982.661588204359
patient_283,699.0,27.96,263.68909022608557,-3261.8618022029664,3003.7101766933465,638.5883051086153,1853.3371744959682,4913.4154933382315,562.1988888256077,-2176.7960409030507,5005.149543757383
patient_283,700.0,28.0,362.04003475288556,2458.77361317,3018.1917780834624,315.25994663102864,-8083.208961939666,4926.025891203473,305.03192070117206,-6429.174203110891,5017.3508205854305
patient_283,701.0,28.04,133.64380707270342,-5709.905692004553,3023.5375303663704,205.2887947382928,-2749.278797318396,4934.237442993005,134.42884651266294,-4265.076854712728,5022.7279744459365
patient_283,702.0,28.08,85.92587892122192,-1192.9482037870375,3026.974565523219,65.05366565507114,-3505.878227080542,4936.839589619208,56.648270673301205,-1944.5143959840436,5024.99390527287
patient_283,703.0,28.12,119.8569897163377,848.2777698778942,3031.7688451118725,58.14734210045084,-172.65808886550752,4939.165483303225,79.81613412538103,579.1965863019956,5028.1865506378845
patient_283,704.0,28.16,43.93345594051471,-1898.0883443955747,3033.5261833494933,154.27544532042012,2403.2025804992318,4945.336501116042,283.42668616853433,5090.263801078832,5039.523618084626
patient_283,705.0,28.2,91.42345826320745,1187.2500580673184,3037.1831216800215,82.29663633213592,-1799.470224707105,4948.628366569328,172.00104014876945,-2785.641150494122,5046.403659690576
patient_283,706.0,28.24,113.30572917261321,547.056772735144,3041.715350846926,176.4399024519957,2353.5816529964945,4955.685962667408,135.86415206423698,-903.4222021133119,5051.838225773146
patient_283,707.0,28.28,214.03644073007496,2518.2677889365436,3050.276808476129,444.4710419286135,6700.778486915445,4973.464804344552,432.48126558736817,7415.42783807828,5069.137476396641
patient_283,708.0,28.32,140.27795215207647,-1843.9622144499622,3055.8879265622118,427.4264202139368,-426.115542866917,4990.561861153109,456.4691536962461,599.6972027219485,5087.396242544491
patient_283,709.0,28.36,238.57550966356766,2457.43893778728,3065.430946948755,350.28479299311243,-1928.5406805206094,5004.573252872834,445.3890312963372,-277.00305999772326,5105.211803796345
patient_283,710.0,28.4,260.33241245194137,543.9225697093427,3075.8442434468325,361.9605221695627,291.8932294112565,5019.051673759616,410.50631176110767,-872.0679883807378,5121.632056266789
patient_283,711.0,28.44,237.86110873429539,-561.7825929411495,3085.3586877962043,283.87873840491346,-1952.0445941162307,5030.4068232958125,308.65763399532307,-2546.216944144615,5133.978361626601
patient_283,712.0,28.48,221.44206804284084,-410.4760172863635,3094.216370517918,204.05995822501802,-1995.469504497386,5038.5692216248135,393.41483739567644,2118.9300850088343,5149.714955122428
patient_283,713.0,28.52,151.64708264863484,-1744.8746348551501,3100.2822538238634,223.26747015398652,480.18779822421254,5047.499920430972,107.91703902913888,-7137.444959163438,5154.031636683594
patient_283,714.0,28.56,83.96598173358619,-1692.0275228762162,3103.640893093207,102.0439756846569,-3030.5873617332404,5051.581679458359,145.72485717571223,945.1954536643339,5159.860630970622
patient_283,715.0,28.6,201.52352173149617,2938.9384999477497,3111.701833962467,366.6671372707815,6615.579039653115,5066.248364949191,320.22119247459074,4362.408382471963,5172.669478669606
patient_283,716.0,28.64,333.60375493712996,3302.005830140845,3125.045984159952,451.6483361651706,2124.5299723597273,5084.314298395798,574.7749788856074,6363.8446602754175,5195.66047782503
patient_283,717.0,28.68,324.162051391274,-236.0425886463986,3138.012466215603,688.4948531866237,5921.162925536328,5111.854092523263,614.2353530861586,986.50935501378,5220.2298919484765
patient_283,718.0,28.72,344.8298930666777,516.696041885092,3151.80566193827,536.9311277329575,-3789.093136341654,5133.3313376325805,612.1155993363137,-52.99384374612259,5244.714515921929
patient_283,719.0,28.76,344.6405353481419,-4.733942963395066,3165.5912833521957,247.06637087917775,-7246.618921344495,5143.213992467748,263.4737765651181,-8716.04556927989,5255.253466984533
patient_283,720.0,28.8,144.61602074754472,-5000.612865014929,3171.3759241820976,150.51139553692562,-2413.874383556303,5149.234448289225,95.4694934666875,-4200.107077460765,5259.072246723201
patient_283,721.0,28.84,86.44487066027676,-1454.278752181699,3174.8337190085085,84.84506800549572,-1641.6581882857474,5152.628251009445,59.33808396592507,-903.2852375190606,5261.445770081838
patient_283,722.0,28.88,83.20676534951383,-80.95263276907332,3178.1619896224893,113.10124703483596,706.4044757335062,5157.152300890838,99.52381530019075,1004.6432833566419,5265.426722693846
patient_283,723.0,28.92,49.146750236440845,-851.5003778268247,3180.1278596319466,186.87843992311073,1844.4298222068692,5164.627438487762,175.54775446281107,1900.5984790655082,5272.448632872359
patient_283,724.0,28.96,90.57689568515889,1035.753636217951,3183.750935459353,52.21339342985763,-3366.6261623313276,5166.715974224957,83.08474725346727,-2311.575180233595,5275.772022762498
patient_283,725.0,29.0,136.7678359277567,1154.7735060649452,3189.2216488964636,149.86215964353136,2441.219155341843,5172.710460610699,88.92220401729988,145.93641909581515,5279.328910923189
patient_283,726.0,29.04,180.69476358709056,1098.1731914833467,3196.449439439947,237.98886024322087,2203.167514992238,5182.230015020427,305.5355537181859,5415.333742522151,5291.550333071917
patient_283,727.0,29.08,269.8212179697978,2228.1613595676804,3207.242288158739,684.0414132347748,11151.31382478885,5209.591671549818,700.1525855733632,9865.425796379433,5319.5564364948505
patient_283,728.0,29.12,237.45441507445432,-809.1700723835863,3216.740464761717,605.0968342667869,-1973.6144741996982,5233.79554492049,802.0898088946391,2548.430583031896,5351.640028850637
patient_283,729.0,29.16,381.3717095147924,3597.932361008453,3231.9953331423085,655.0706225170111,1249.3447062556043,5259.99836982117,451.43911902240154,-8766.267246805939,5369.697593611532
patient_283,730.0,29.2,413.9789446723663,815.180878939347,3248.5544909292034,414.854522932538,-6005.402489611828,5276.592550738471,534.0164174265788,2064.4324601044304,5391.058250308595
patient_283,731.0,29.24,362.8071498369969,-1279.2948708842346,3263.0667769226834,415.6862617087679,20.79346940574851,5293.2200012068215,295.7157647389928,-5957.516317189649,5402.886880898155
patient_283,732.0,29.28,196.2978346690801,-4162.732879197921,3270.9186903094464,308.6997505344786,-2674.662779357233,5305.567991228201,157.99304162685908,-3443.0680778033425,5409.206602563229
patient_283,733.0,29.32,50.65932659959329,-3640.96270173717,3272.94506337343,160.00040065199383,-3717.483747062119,5311.9680072542815,302.0956868733963,3602.5661311634303,5421.290430038165
patient_283,734.0,29.36,101.08978435044244,1260.7614437712289,3276.9886547474475,123.73606560912371,-906.6083760717529,5316.917449878646,79.52292640129221,-5564.319011802602,5424.471347094217
patient_283,735.0,29.4,161.8275807814008,1518.4449107739588,3283.4617579787036,288.3296122037894,4114.838664866642,5328.450634366798,267.6636682484092,4703.518546177925,5435.177893824152
patient_283,736.0,29.44,314.69201939473635,3821.610965333389,3296.049438754493,566.778811710051,6961.2299876565385,5351.1217868352,513.964290463532,6157.515555378071,5455.736465442694
patient_283,737.0,29.48,382.25730173787235,1689.1320585784001,3311.339730824008,647.4129013596842,2015.8522412408302,5377.018302889587,744.1473871565131,5754.577417324526,5485.502360928955
patient_283,738.0,29.52,355.52760178847126,-668.2424987350273,3325.560834895547,636.473072885967,-273.49571184292927,5402.477225805026,638.3808204941032,-2644.1641665602474,5511.03759374872
patient_283,739.0,29.56,377.3961514705759,546.7137420526158,3340.65668095437,576.2514856404079,-1505.5396811389783,5425.5272852306425,531.4908736049877,-2672.2486722278886,5532.297228692919
patient_283,740.0,29.6,334.1510423799688,-1081.1277272651764,3354.0227226495685,139.0698405515936,-10929.541127220356,5431.090078852706,297.00898430142587,-5862.047232589045,5544.177588064976
patient_283,741.0,29.64,100.44246009952396,-5842.714557011122,3358.0404210535494,71.81191462857709,-1681.4481480754125,5433.962555437849,93.13305423566453,-5096.898251644034,5547.902910234402
patient_283,742.0,29.68,43.75435550111404,-1417.202614960248,3359.7905952735937,36.538968376093045,-881.823656312101,5435.424114172893,49.83121392047338,-1082.5460078797787,5549.896158791221
patient_283,743.0,29.72,115.58932140540323,1795.8741476072298,3364.41416812981,132.7305137731428,2404.788634926244,5440.733334723818,128.1785380608261,1958.683103508818,5555.023300313654
patient_283,744.0,29.76,60.57741298806858,-1375.297710433366,3366.837264649333,217.06829320465425,2108.444485787786,5449.416066452004,81.99123977171737,-1154.682457227718,5558.302949904522
patient_283,745.0,29.8,84.625339379297,601.1981597807105,3370.2222782245053,140.5858177114635,-1912.0618873297688,5455.039499160463,376.91368960114744,7373.061245735752,5573.379497488569
patient_283,746.0,29.84,344.59582637210997,6499.262174820325,3384.0061112793896,359.27608672622915,5467.256725369141,5469.410542629511,395.6143402537761,467.5162663157167,5589.204071098719
patient_283,747.0,29.88,476.06180539816665,3286.649475651417,3403.048583495316,916.380293865237,13927.605178475198,5506.065754384122,1634.895285398637,30982.023628621522,5654.599882514665
patient_283,750.0,30.0,,,3403.048583495316,,,5506.065754384122,,,5654.599882514665
patient_283,751.0,30.04,428.41986789828235,,3420.185378211247,455.2155150043387,,5524.274374984295,508.37821381920133,,5674.935011067433
patient_283,752.0,30.08,424.19694443883037,-105.57308648629942,3437.1532559888,622.8894708631731,4191.848896470859,5549.189953818822,383.9270396788709,-3111.27935350826,5690.2920926545885
patient_283,753.0,30.12,160.0920003833243,-6602.623601387651,3443.556936004133,134.3020648154665,-12214.685151192663,5554.562036411441,261.8688864115631,-3051.4538316826956,5700.766848111051
patient_283,754.0,30.16,137.3615362872793,-568.2616024011246,3449.0513974556247,148.5864107622714,357.10864867012265,5560.505492841932,118.16892674546803,-3592.4989916523773,5705.493605180871
patient_283,755.0,30.2,52.779248979136234,-2114.5571827035765,3451.16256741479,14.788970362368321,-3344.936009997577,5561.097051656427,51.75230815952952,-1660.4154646484626,5707.563697507252
patient_283,756.0,30.24,24.92269575802749,-696.4138305277186,3452.159475245111,102.60431234872081,2195.383549658812,5565.201224150376,81.90939588432894,753.9271931199856,5710.840073342625
patient_283,757.0,30.28,56.92631386518047,800.0904526788244,3454.4365277997185,93.75406143135537,-221.25627293413606,5568.95138660763,51.24904364541234,-766.5088059729151,5712.890035088441
patient_283,758.0,30.32,90.26421362556071,833.4474940095062,3458.0470963447406,19.387500644479047,-1859.164019671908,5569.72688663341,49.20398693226283,-51.126417828737836,5714.858194565732
patient_283,759.0,30.36,62.03159914629004,-705.8153619817668,3460.5283603105922,34.083940529591175,367.41099712780317,5571.090244254593,28.44303014045368,-519.0239197952287,5715.99591577135
patient_283,760.0,30.4,36.4704948370995,-639.0276077297635,3461.987180104076,22.477575858627755,-290.1591167740855,5571.989347288938,13.88689883085048,-363.90328274008,5716.551391724584
patient_283,761.0,30.44,36.51797265743589,1.1869455084097424,3463.4478990103735,13.595466561923361,-222.05273241760986,5572.533165951416,6.451205805517924,-185.8923256333139,5716.809439956805
patient_283,762.0,30.48,75.74774637344137,980.7443429001371,3466.477808865311,30.65308890510001,426.4405585794162,5573.7592895076195,13.540821620612894,177.24039537737423,5717.35107282163
patient_283,763.0,30.52,37.81931459343818,-948.2107945000798,3467.9905814490485,23.986521476081418,-166.6641857254648,5574.718750366663,15.233077040504268,42.30638549728436,5717.96039590325
patient_283,764.0,30.56,31.92606166695531,-147.33132316207173,3469.2676239157263,24.015436929743448,0.7228863415507547,5575.679367843853,26.508940865773404,281.8965956317284,5719.020753537881
patient_283,765.0,30.6,24.49850936615016,-185.68880752012876,3470.2475642903723,18.601672010227894,-135.34412298788885,5576.423434724262,15.460074424530989,-276.22166103106036,5719.639156514862
patient_283,766.0,30.64,17.497552889844673,-175.02391190763714,3470.9474664059667,9.945505236382246,-216.4041693461412,5576.821254933718,15.856511215733597,9.91091978006522,5720.273416963492
patient_283,767.0,30.68,37.3932500370651,497.3924286805107,3472.4431964074492,15.247213727328399,132.54271227365382,5577.4311434828105,17.840829717541205,49.607962545190176,5720.987050152194
patient_283,768.0,30.72,65.89344873912793,712.5049675515708,3475.0789343570145,26.016909848334716,269.24240302515796,5578.471819876744,24.342136025499766,162.53265769896404,5721.960735593213
patient_283,769.0,30.76,51.77823975924452,-352.8802244970853,3477.150063947384,15.839281544436584,-254.4407075974533,5579.105391138522,11.604116088130207,-318.45049843423897,5722.424900236739
patient_283,770.0,30.8,36.96380621717676,-370.36083855169403,3478.6286161960707,26.090293275133657,256.27529326742683,5580.149002869527,27.354578582323278,393.76156235482676,5723.5190833800325
patient_283,771.0,30.84,66.88475173817945,748.0236380250672,3481.304006265598,126.61660854619466,2513.157881776525,5585.213667211376,135.70752971288152,2708.823778263956,5728.947384568547
patient_283,772.0,30.88,96.6365621232844,743.795259627624,3485.169468750529,345.94472652172493,5483.202949388257,5599.051456272245,318.3603562978034,4566.3206646230465,5741.681798820459
patient_283,773.0,30.92,261.23101659724273,4114.861361848958,3495.6187094144193,390.22842536719145,1107.0924711366629,5614.6605932869315,497.88624843648694,4488.147303467089,5761.597248757919
patient_283,778.0,31.12,,,3495.6187094144193,,,5614.6605932869315,,,5761.597248757919
patient_283,779.0,31.16,64.9905173686355,,3498.218330109165,34.197273426853286,,5616.028484224006,44.755006253205835,,5763.387449008047
patient_283,780.0,31.2,173.48395974123457,2712.336059314977,3505.1576884988144,172.03428526196197,3445.925295877717,5622.909855634485,205.78070355737003,4025.642432604105,5771.618677150342
patient_283,781.0,31.24,15.464613884201015,-3950.4836464258387,3505.7762730541826,49.13062169214178,-3072.591589245505,5624.875080502171,56.77276738069587,-3725.198404416854,5773.88958784557
patient_283,782.0,31.28,35.9431202331759,511.96265872437203,3507.2139978635096,36.28447060077117,-321.1537772842652,5626.326459326202,62.67014480247568,147.4344355444954,5776.396393637669
patient_283,783.0,31.32,31.29730200278541,-116.14545575976214,3508.465889943621,19.90081848857979,-409.5913028047845,5627.122492065745,25.09597743972946,-939.3541840686556,5777.400232735257
patient_283,784.0,31.36,51.618176940573846,508.0218734447109,3510.530617021244,42.96580531797188,576.6246707348022,5628.841124278464,44.49325608666616,484.93196617341744,5779.179962978724
patient_283,785.0,31.4,13.633187295775002,-949.6247411199711,3511.075944513075,19.32577373504995,-591.0007895730482,5629.614155227866,10.902727444553477,-839.763216052817,5779.616072076506
patient_283,786.0,31.44,28.282467436225673,366.2320035112668,3512.2072432105238,26.353628302671726,175.69636419054441,5630.668300359972,30.26156416630499,483.9709180437878,5780.826534643158
patient_283,787.0,31.48,1.7484068913949216,-663.3515136207687,3512.277179486179,11.32878312737537,-375.6211293824089,5631.121451685067,26.563466627702855,-92.45243846505335,5781.889073308266
patient_283,788.0,31.52,43.45895394799886,1042.7636764150984,3514.015537644099,85.05839480064034,1843.2402918316243,5634.523787477092,237.60538507759819,5276.047961247383,5791.39328871137
patient_283,789.0,31.56,101.71562632691746,1456.416809472965,3518.0841626971755,333.99008766501055,6223.292321609255,5647.883390983692,253.8244790488293,405.4773492807776,5801.546267873324
patient_283,790.0,31.6,119.77990423086598,451.6069475987131,3522.87535886641,3.4072732852570633,-8264.570359493837,5648.019681915103,26.544028997646286,-5682.011251279575,5802.608029033229
patient_283,791.0,31.64,114.19892433030637,-139.5244975139903,3527.4433158396223,783.5424709893514,19503.379942602358,5679.361380754676,1615.1557603269027,39715.29328323141,5867.214259446305
patient_283,795.0,31.8,,,3527.4433158396223,,,5679.361380754676,,,5867.214259446305
patient_283,796.0,31.84,819.6353207167684,,3560.228728668293,86.58284744929036,,5682.824694652648,124.26420871220154,,5872.184827794794
patient_283,797.0,31.88,54.52985601813253,-19127.636617465898,3562.4099229090184,84.67944558402043,-47.585046631748185,5686.2118724760085,31.33116117847324,-2323.3261883432074,5873.438074241933
patient_283,798.0,31.92,14.353917092933939,-1004.3984731299647,3562.9840795927357,52.65429673913739,-800.6287211220758,5688.318044345575,34.946489216281456,90.38320094520537,5874.835933810584
patient_283,799.0,31.96,25.026240661224012,266.80808920725184,3563.9851292191847,12.733997498557951,-998.007481014486,5688.827404245517,22.366577591391113,-314.49779062225855,5875.73059691424
patient_283,800.0,32.0,9.844192436766626,-379.5512056114346,3564.3788969166553,7.4621485888978265,-131.7962227415031,5689.125890189072,4.446216826352532,-448.0090191259645,5875.908445587294
patient_283,801.0,32.04,25.333721040973753,387.2382151051782,3565.3922457582944,21.161965423866317,342.4954208742123,5689.972368806028,9.62057438308615,129.35893891834047,5876.293268562618
patient_283,802.0,32.08,1.5380614591383426,-594.8914895458852,3565.45376821666,85.72579483453764,1614.0957352667829,5693.4014005994095,80.3974032921661,1769.4207227269987,5879.509164694305
patient_283,803.0,32.12,40.740259711222805,980.0549563021116,3567.0833786051094,90.64111933520658,122.88311251672361,5697.027045372818,79.08777370600741,-32.74073965396731,5882.672675642545
patient_283,804.0,32.16,141.50996321143447,2519.2425875052913,3572.7437771335663,219.92682953238602,3232.142754929486,5705.824118554114,217.68741578431536,3464.9910519576993,5891.380172273917
patient_283,805.0,32.2,70.20299097683103,-1782.674305865086,3575.55189677264,100.64419088216852,-2982.0659662554376,5709.8498861894,128.99546361841212,-2217.298804147581,5896.539990818655
patient_283,806.0,32.24,87.7567872988862,438.8449080513791,3579.062168264595,108.37455388152546,193.25907498392354,5714.1848683446615,79.00641900414583,-1249.7261153566574,5899.70024757882
patient_283,807.0,32.28,93.54661978191459,144.74581207570978,3582.804033055872,61.73018066071867,-1166.1093305201696,5716.65407557109,63.04437731787421,-399.05104215679046,5902.222022671535
patient_283,808.0,32.32,9.990078144270639,-2088.9135409410987,3583.2036361816427,12.617366984668026,-1227.8203419012661,5717.158770250477,27.928575584066717,-877.8950433451872,5903.339165694898
patient_283,809.0,32.36,15.279016674126517,132.22346324639696,3583.814796848608,23.22558590055914,265.20547289727784,5718.087793686499,16.17681536351705,-293.79400551374164,5903.986238309439
patient_283,810.0,32.4,53.099844028141966,945.5206838503863,3585.9387906097336,40.64027433658994,435.36721090077003,5719.713404659963,33.266385115335964,427.2392437954728,5905.316893714052
patient_283,811.0,32.44,43.96538905957802,-228.3613742140986,3587.6974061721166,33.27400668603596,-184.1566912638495,5721.044364927404,14.286871772669143,-474.4878335666705,5905.888368584959
patient_283,812.0,32.48,36.31418346779796,-191.28013979450157,3589.1499735108287,40.263345209138265,174.73346307755762,5722.654898735769,16.19805593024024,47.77960393927745,5906.536290822168
patient_283,813.0,32.52,23.74294259868389,-314.2810217278518,3590.0996912147757,4.520064218407173,-893.5820247682774,5722.835701304505,18.01303595764123,45.374500685024714,5907.256812260473
patient_283,814.0,32.56,32.978211049640045,230.88171127390387,3591.4188196567616,29.98863929215211,636.7143768436234,5724.035246876192,23.17672658324954,129.09226564020776,5908.183881323803
patient_283,815.0,32.6,24.470185094006514,-212.7006488908383,3592.3976270605217,5.892852981087583,-602.3946577766133,5724.270960995435,14.92123062247682,-206.387399019318,5908.780730548702
patient_283,816.0,32.64,17.528809118406922,-173.53439938998977,3593.098779425258,48.86958009235611,1074.418177781713,5726.225744199129,34.71254665299091,494.78290076285225,5910.1692324148225
patient_283,817.0,32.68,47.92475993236618,759.8987703489814,3595.0157698225526,3.2915784168006503,-1139.4500418888863,5726.3574073358,35.67431322556586,24.044164314373795,5911.596204943846
patient_283,818.0,32.72,34.451744168610055,-336.82539409390307,3596.393839589297,19.072686443751,394.5277006737587,5727.12031479355,15.741397389241651,-498.32289590810524,5912.225860839415
patient_283,819.0,32.76,26.585729573427095,-196.650364879574,3597.457268772234,23.525568218746347,111.32204437488369,5728.061337522301,12.424847661308851,-82.91374319832,5912.722854745868
patient_283,820.0,32.8,8.81586715420304,-444.2465604806014,3597.8099034584025,6.813129460047895,-417.81096896746135,5728.333862700703,9.758206362062436,-66.66603248116036,5913.11318300035
patient_283,821.0,32.84,3.3551501364817735,-136.5179254430317,3597.944109463862,9.33507765676758,63.04870491799215,5728.707265806974,4.896838515379898,-121.53419616706347,5913.309056540965
patient_283,822.0,32.88,11.85580664827259,212.51641279477042,3598.4183417297922,17.938639470759778,215.08904534980493,5729.424811385804,21.676425244494702,419.4896682278701,5914.176113550744
patient_283,823.0,32.92,3.6636862742331213,-204.8030093509867,3598.5648891807614,17.94621641772385,0.18942367410179628,5730.142660042512,5.391207841719594,-407.13043506937765,5914.391761864414
