patient,frame,time_s,wrist_speed_mm_s,wrist_accel_mm_s2,wrist_path_mm,thumb_tip_speed_mm_s,thumb_tip_accel_mm_s2,thumb_tip_path_mm,index_finger_tip_speed_mm_s,index_finger_tip_accel_mm_s2,index_finger_tip_path_mm
patient_059,4.0,0.16,,,0.0,,,0.0,,,0.0
patient_059,5.0,0.2,28.351373499295338,,1.1340549399718136,20.220418111070327,,0.808816724442813,42.028121678299314,,1.6811248671319725
patient_059,6.0,0.24,23.99606025276185,-108.88283116333719,2.0938973500822873,14.905436663837179,-132.8745361808287,1.4050341909963004,19.16308150871984,-571.6260042394869,2.4476481274807664
patient_059,7.0,0.28,62.079094106491766,952.0758463432479,4.577061114341958,58.76482527265428,1096.4847152204275,3.7556272019024717,20.00813547934702,21.126349265679423,3.247973546654647
patient_059,8.0,0.32,32.195948102748005,-747.078650093594,5.864899038451878,26.31714799237743,-811.1919320069212,4.8083131215975685,27.492026278777615,187.0972699857649,4.347654597805752
patient_059,9.0,0.36,22.385051551748077,-245.2724137749982,6.760301100521802,5.756943998365986,-514.005099850286,5.038590881532208,59.17185705171071,791.9957693233274,6.714528879874179
patient_059,10.0,0.4,61.936309563568486,988.7814502955102,9.237753483064541,96.20896705998383,2261.3005765404464,8.886949563931562,110.89672509834841,1293.1217011659426,11.150397883808116
patient_059,11.0,0.44,55.22248178172667,-167.84569454604537,11.44665275433361,75.34688863804796,-521.5519605483969,11.90082510945348,109.84824668929865,-26.211960226244102,15.544327751380063
patient_059,12.0,0.48,79.28024931074776,601.4441882255273,14.61786272676352,94.16428675391114,470.4349528965796,15.667396579609926,68.34837919566901,-1037.496687340741,18.278262919206824
patient_059,13.0,0.52,50.48575540286539,-719.8623476970594,16.637292942878133,90.05499906946392,-102.73219211118061,19.269596542388484,25.587748793343167,-1069.015760058146,19.30177287094055
patient_059,14.0,0.56,82.64657093696721,804.0203883525455,19.943155780356825,127.6802950327215,940.6323990814396,24.376808343697345,236.5118892997529,5273.103512660244,28.76224844293067
patient_059,15.0,0.6,12.62261011526476,-1750.5990205425612,20.448060184967414,201.42940100028736,1843.7276491891464,32.43398438370884,17.889004096365625,-5465.572130084682,29.477808606785292
patient_059,16.0,0.64,34.84567893984906,555.5767206146074,21.841887342561378,266.2576128884339,1620.7052972036643,43.0842888992462,21.2407015388536,83.79243606219937,30.327436668339438
patient_059,17.0,0.68,4.2367003214499945,-765.2244654599766,22.01135535541938,221.10108880670822,-1128.9131020431428,51.92833245151453,141.0550984843471,2995.3599236373375,35.96964060771332
patient_059,18.0,0.72,23.61991454212575,484.58035551689386,22.95615193710441,96.29040181430878,-3120.267174809986,55.779948524086876,89.6550638733075,-1285.00086527599,39.55584316264562
patient_059,19.0,0.76,16.36093748607254,-181.4744264013302,23.61058943654731,40.75043099808195,-1388.4992704056706,57.40996576401016,29.061792316139435,-1514.8317889292016,40.7183148552912
patient_059,20.0,0.8,32.172079857951964,395.2785592969856,24.89747263086539,81.0014630380914,1006.2758010002362,60.65002428553382,43.525223894982254,361.5857894710705,42.45932381109049
patient_059,21.0,0.84,34.59850731109723,60.66068632863164,26.28141292330928,29.189301989042566,-1295.304026226221,61.817596365095525,24.860798290533484,-466.61064011121925,43.45375574271183
patient_059,22.0,0.88,13.077940573793457,-538.0141684325944,26.80453054626102,35.394569622529524,155.13169083717395,63.23337914999671,42.79905172037027,448.4563357459197,45.16571781152664
patient_059,23.0,0.92,11.282575356264447,-44.884130438225256,27.2558335605116,18.535595418033164,-421.474355112409,63.97480296671804,74.03850995609783,780.9864558931888,48.12725820977055
patient_059,24.0,0.96,23.33354405810709,301.2742175460661,28.189175322835887,23.549255155985893,125.34149344881823,64.91677317295748,44.05285584636931,-749.6413527432129,49.88937244362533
patient_059,25.0,1.0,10.543897432191274,-319.7411656478954,28.61093122012354,21.253215170192142,-57.40099964484378,65.76690177976516,22.11011129015121,-548.5686139054526,50.77377689523138
patient_059,26.0,1.04,14.548074254124977,100.10442054834256,29.19285419028854,23.061047664868966,45.195812366920585,66.68934368635992,19.48522205461968,-65.62223088828824,51.55318577741617
patient_059,27.0,1.08,10.205901357940133,-108.55432240462109,29.601090244606144,23.556410157425333,12.384062313909183,67.63160009265692,12.090163321786585,-184.87646832082737,52.03679231028763
patient_059,28.0,1.12,5.132209664336042,-126.84229234010229,29.806378631179587,15.736746778351666,-195.49158447684167,68.261069963791,9.224172827890033,-71.6497623474138,52.40575922340323
patient_059,29.0,1.16,3.6517299871167515,-37.01199193048226,29.952447830664255,25.000593215640798,231.59616093222832,69.26109369241662,15.044678495331933,145.5126416860475,53.007546363216505
patient_059,30.0,1.2,14.15043515136195,262.46762910612995,30.518465236718736,22.63386749583725,-59.16814299508868,70.16644839225012,20.28946236742266,131.1195968022682,53.81912485791341
patient_059,31.0,1.24,15.12522880006682,24.369841217621733,31.123474388721405,15.695454865755346,-173.46031575204762,70.79426658688033,15.728348862089778,-114.0278376333221,54.44825881239701
patient_059,32.0,1.28,20.198758617228354,126.83824542903834,31.93142473341054,22.188356599259365,162.32254333760045,71.6818008508507,16.076042606482144,8.69234360980915,55.09130051665629
patient_059,33.0,1.32,15.374767412801884,-120.59978011066175,32.54641542992262,38.6680055220019,411.99122306856333,73.22852107173078,10.60493036784674,-136.7778059658851,55.51549773137016
patient_059,34.0,1.36,14.385689352890639,-24.726951497781123,33.12184300403824,25.671375573534608,-324.9157487116823,74.25537609467216,14.16345833054992,88.96319906757952,56.08203606459216
patient_059,35.0,1.4,4.937336192920854,-236.2088289992446,33.31933645175508,20.55877342846044,-127.81505362685417,75.07772703181058,20.155231217067556,149.7943221629409,56.88824531327486
patient_059,36.0,1.44,16.662660092207513,293.13309748216653,33.98584285544337,3.7982797934236685,-419.01234087591934,75.22965822354753,15.114211813862818,-126.02548508011844,57.49281378582937
patient_059,37.0,1.48,15.524940468134075,-28.442990601835973,34.60684047416874,18.197353350448328,359.97683892561645,75.95755235756546,21.95136949573807,170.9289420468813,58.370868565658895
patient_059,38.0,1.52,4.165503751546738,-283.9859179146834,34.77346062423061,3.7195863159027795,-361.9441758636387,76.10633581020157,15.750812590266495,-155.0139226367894,59.00090106926956
patient_059,39.0,1.56,16.58665410354706,310.528758800008,35.436926788372496,23.7213573807913,500.044276622213,77.05519010543323,20.09113066443475,108.50795185420638,59.80454629584695
patient_059,40.0,1.6,11.443398522576636,-128.58138952426054,35.89466272927556,32.45749772334918,218.40350856394696,78.3534900143672,34.73042265767124,365.98229983091227,61.1937632021538
patient_059,41.0,1.64,6.508707684973762,-123.36727094007185,36.15501103667451,44.50949550772857,301.2999446094849,80.13386983467633,3.4626666359779295,-781.6939005423328,61.33226986759291
patient_059,42.0,1.68,8.0048206711843,37.40282465526343,36.475203863521884,13.081253324259192,-785.7060545867345,80.65711996764671,4.944486078098933,37.04548605302509,61.53004931071687
patient_059,43.0,1.72,9.381926935545401,34.42765660902754,36.8504809409437,34.93238718444018,546.2783465045246,82.05441545502431,38.092355432999994,828.6967338725266,63.05374352803687
patient_059,44.0,1.76,8.717313519572713,-16.61533539931721,37.1991734817266,10.778105845586705,-603.8570334713369,82.48553968884778,42.88604937081413,119.84234844535334,64.76918550286943
patient_059,45.0,1.8,3.291097390372373,-135.6554032300085,37.3308173773415,41.48971198590163,767.7901535078731,84.14512816828385,8.208072096905184,-866.9494318477236,65.09750838674564
patient_059,46.0,1.84,13.794320834631714,262.5805861064835,37.88259021072677,9.961791963066776,-788.1980005708713,84.54359984680652,3.050101791546042,-128.94925763397853,65.21951245840748
patient_059,47.0,1.88,22.094579743505303,207.50647272183974,38.766373400466975,49.89670986030021,998.3729474308358,86.53946824121853,51.595625883431275,1213.638102297131,67.28333749374472
patient_059,48.0,1.92,17.63863121801402,-111.39871313728209,39.471918649187536,137.25412227091329,2183.935310265327,92.02963313205505,105.05919614281075,1336.589256484487,71.48570533945717
patient_059,49.0,1.96,104.83593304542538,2179.932545685284,43.66535597100456,106.03170282397875,-780.5604861733634,96.27090124501422,138.01496096866722,823.8941206464119,77.00630377820386
patient_059,50.0,2.0,130.4368172615243,640.0221054024734,48.88282866146553,217.31298721184402,2782.032109696632,104.96342073348796,176.0591287455829,951.1041944228921,84.04866892802717
patient_059,51.0,2.04,143.47379293239064,325.9243917716582,54.62178037876115,196.6969143658203,-515.4018211505928,112.83129730812078,175.793015607123,-6.652828461497506,91.08038955231208
patient_059,52.0,2.08,182.46821995318314,974.8606755198125,61.92050917688847,229.951600548558,831.3671545684422,122.0293613300631,141.1604960466118,-865.8129890127803,96.72680939417656
patient_059,53.0,2.12,158.47050946677265,-599.9427621602621,68.25932955555938,185.27561324303304,-1116.899682638124,129.4403858597844,183.52381647353374,1059.0830106730486,104.06776205311792
patient_059,54.0,2.16,154.77878933395326,-92.29300332048496,74.4504811289175,229.00361479039168,1093.200038683966,138.6005304514001,145.75352002306167,-944.2574112618018,109.89790285404038
patient_059,55.0,2.2,135.51729206132254,-481.537431815768,79.8711728113704,163.7316978520005,-1631.7979234597792,145.1497983654801,158.72309146517497,324.23928605283265,116.24682651264739
patient_059,56.0,2.24,126.94693956223205,-214.25881247726224,84.9490503938597,196.0750334548603,808.5833900714945,152.9927997036745,283.3129838120147,3114.747308670993,127.57934586512798
patient_059,57.0,2.28,161.46072774385894,862.8447045406723,91.40747950361406,219.9891492826819,597.8528956955402,161.7923656749818,145.42217939201564,-3447.2701104999765,133.3962330408086
patient_059,58.0,2.32,16.86794311634548,-3614.819615687836,92.08219722826787,30.93282918712531,-4726.408002388915,163.0296788424668,37.00950159789886,-2710.3169448529193,134.87661310472456
patient_059,59.0,2.36,277.7827078814247,6522.86911912698,103.19350554352486,411.9975230359026,9526.617346219431,179.5095797639029,309.2005931598565,6804.777289048941,147.2446368311188
patient_059,60.0,2.4,196.27314643587647,-2037.7390361387056,111.04443140095991,172.23213204858143,-5994.134774683029,186.39886504584618,168.2618952800354,-3523.467446995528,153.97511264232023
patient_059,61.0,2.44,141.54395442485782,-1368.2298002754665,116.70618957795423,186.73793245513954,362.64501016395275,193.86838234405175,181.32245893015804,326.5140912530661,161.22801099952656
patient_059,62.0,2.48,130.2323127257157,-282.79104247855287,121.91548208698285,183.00299799356353,-93.37336153940043,201.18850226379428,143.44534587348127,-946.9278264169191,166.96582483446582
patient_059,63.0,2.52,107.50265376835924,-568.2414739339116,126.21558823771721,165.87365834571727,-428.23349119615625,207.82344859762298,146.78926646013224,83.59801466627417,172.8373954928711
patient_059,64.0,2.56,142.02972569222226,863.1767980965755,131.89677726540612,139.45409836900734,-660.4889994177483,213.4016125323833,88.45686561480092,-1458.310021133283,176.37567011746316
patient_059,65.0,2.6,20.036849532848773,-3049.821903984337,132.69825124672008,22.65591865267729,-2919.9544929082513,214.30784927849038,29.409812708755766,-1476.1763226511289,177.5520626258134
patient_059,66.0,2.64,38.60028343136111,464.0858474628085,134.2422625839745,19.425702607842627,-80.75540112086657,215.0848773828041,4.159430436804504,-631.2595567987815,177.71843984328555
patient_059,67.0,2.68,6.656330840027406,-798.5988147833426,134.5085158175756,6.060861576697183,-334.12102577863607,215.327311845872,13.884276356476702,243.12114799180495,178.27381089754465
patient_059,68.0,2.72,23.804712532327244,428.7095423074959,135.4607043188687,1.6479709723939877,-110.3222651075799,215.39323068476776,2.858939884734338,-275.6334117935591,178.38816849293403
patient_059,69.0,2.76,5.298988234504993,-462.64310744555627,135.6726638482489,3.9126084486668558,56.615936906821695,215.54973502271446,1.465230231259009,-34.84274133688323,178.44677770218436
patient_059,70.0,2.8,15.04239853589013,243.58525753462845,136.27435978968452,3.8163758575552493,-2.4058147777901606,215.7023900570167,12.141742742092843,266.91281277084585,178.93244741186808
patient_059,71.0,2.84,32.19059403646819,428.70488751445157,137.56198355114324,13.881928663133005,251.6388201394439,216.257667203542,14.12990282408468,49.7040020497959,179.49764352483146
patient_059,72.0,2.88,27.718545599698846,-111.80121091923363,138.67072537513118,5.540533919725037,-208.53486858519918,216.479288560331,11.54698055258649,-64.57305678745473,179.95952274693494
patient_059,73.0,2.92,17.610644921142036,-252.69751696392024,139.37515117197688,6.481336901098772,23.520074534343372,216.73854203637495,10.193611711837548,-33.834221018723554,180.36726721540842
patient_059,74.0,2.96,43.68178535614449,651.7785108750613,141.12242258622265,16.87527449020902,259.8484397277562,217.41355301598335,6.7872329359358226,-85.15946939754313,180.63875653284586
patient_059,75.0,3.0,29.191901665935628,-362.2470922552215,142.29009865286008,32.20103136235077,383.1439218035437,218.70159427047736,48.598821452623305,1045.289712917187,182.5827093909508
patient_059,76.0,3.04,105.01185126446211,1895.4987399631618,146.49057270343857,160.9079427273363,3217.6727841246384,225.13791197957082,47.29505780533379,-32.59409118223786,184.47451170316418
patient_059,77.0,3.08,210.47918219644546,2636.683273299584,154.9097399912964,211.93857902835424,1275.7659075254487,233.61545514070497,52.211583741247075,122.91314839783212,186.56297505281407
patient_059,79.0,3.16,,,154.9097399912964,,,233.61545514070497,,,186.56297505281407
patient_059,80.0,3.2,36.98436099408375,,156.38911443105974,53.52726959754747,,235.75654592460688,19.325050118560025,,187.33597705755648
patient_059,81.0,3.24,19.377888929770513,-440.16180160783097,157.16422998825055,20.431051638104357,-827.4054489860779,236.57378799013105,9.393643366018624,-248.28516881353502,187.7117227921972
patient_059,82.0,3.28,15.45825683721798,-97.99080231381332,157.78256026173926,26.514965688650975,152.09785126366543,237.63438661767708,17.663869492762867,206.75565316860607,188.41827757190774
patient_059,83.0,3.32,21.362951250503524,147.6173603321386,158.6370783117594,29.352049459276678,70.92709426564258,238.80846859604816,68.34318247138728,1266.9828244656103,191.15200487076322
patient_059,84.0,3.36,41.57782612770598,505.37187193006145,160.30019135686766,63.96344956443705,865.2850026290092,241.36700657862562,55.24028710868298,-327.5723840676076,193.36161635511056
patient_059,85.0,3.4,21.9195324852199,-491.45734106215207,161.17697265627646,78.00835066510938,351.1225275168082,244.48734060522997,71.59471743246056,408.86075809443946,196.22540505240897
patient_059,86.0,3.44,82.53568918810429,1515.4039175721095,164.47840022380063,138.98482681750352,1524.4119038098536,250.04673367793012,206.34105957363508,3368.658553529363,204.47904743535437
patient_059,87.0,3.48,114.43369967670118,797.4502622149224,169.0557482108687,392.698820389396,6342.849839297312,265.754686493506,202.18179585346007,-103.98159300437513,212.56631926949277
patient_059,88.0,3.52,165.6204919437053,1279.669806675103,175.6805678886169,299.5738903670277,-2328.123250559209,277.7376421081871,286.63682700535213,2111.3757787973013,224.03179234970685
patient_059,89.0,3.56,198.17038748244647,813.7473884685292,183.60738338791475,219.88517567780556,-1992.2178672305527,286.53304913529934,85.33627714238551,-5032.513746574165,227.44524343540226
patient_059,90.0,3.6,30.073243428792715,-4202.428601341344,184.81031312506647,15.14233083588027,-5118.571121048132,287.13874236873454,9.921220520108207,-1885.3764155569327,227.8420922562066
patient_059,91.0,3.64,153.61152096964253,3088.4569385212453,190.95477396385218,118.92047170141389,2594.4535216383406,291.8955612367911,110.76904057963031,2521.1955014880527,232.27285387939182
patient_059,92.0,3.68,95.01952945239337,-1464.7997879312288,194.75555514194792,151.80346081291987,822.0747277876494,297.9676996693079,56.976550502758236,-1344.812251921802,234.55191589950212
patient_059,93.0,3.72,74.3976530147235,-515.5469109417468,197.73146126253687,94.25319366223299,-1438.756678767172,301.7378274157972,77.01970276585939,501.0788065775289,237.6327040101365
patient_059,94.0,3.76,89.88797343575304,387.2580105257384,201.326980199967,28.831140373526985,-1635.5513322176498,302.89107303073826,50.36171688565392,-666.4496470051369,239.64717268556265
patient_059,95.0,3.8,75.81046980522174,-351.9375907632824,204.3593989921759,44.43555086465769,390.11026227826767,304.6684950653246,24.396385317605503,-649.1332892012105,240.62302809826687
patient_059,96.0,3.84,14.036945694754232,-1544.3381027616879,204.92087681996608,74.97333934177014,763.4447119278112,307.6674286389954,55.23748781912314,771.0275625379409,242.8325276110318
patient_059,97.0,3.88,58.39058357371538,1108.8409469740288,207.25650016291468,140.62696948524936,1641.3407535869806,313.2925074184053,66.50289538795806,281.6351892208731,245.49264342655013
patient_059,98.0,3.92,128.29803106890807,1747.686187379817,212.388421405671,60.48909155420202,-2003.4469482761835,315.7120710805734,90.96587724604186,611.5745464520949,249.1312785163918
patient_059,99.0,3.96,95.55826762591278,-818.4940860748825,216.21075211070752,97.44808905256865,923.9749374591657,319.60999464267616,183.27235442202286,2307.661929399525,256.4621726932727
patient_059,100.0,4.0,175.46154817911983,1997.5820138301763,223.2292140378723,195.88383220806915,2460.8935788875124,327.4453479309989,220.1013334800089,920.7244764496509,265.26622603247307
patient_059,101.0,4.04,43.82623273685796,-3290.8828860565463,224.98226334734665,33.462051682096686,-4060.544513149311,328.7838299982827,6.41677988707428,-5342.113839823365,265.52289722795604
patient_059,102.0,4.08,195.40844352401973,3789.5552696790446,232.7986010883074,293.5238654631959,6501.54534452748,340.52478461681056,357.50725128385375,8777.261784919487,279.82318727931016
patient_059,103.0,4.12,191.74542691222405,-91.57541529489208,240.4684181647964,283.041765554346,-262.0524977212469,351.8464552389844,309.80684164625586,-1192.5102409399472,292.2154609451604
patient_059,104.0,4.16,113.36206282830196,-1959.5841020980522,245.00290067792844,301.3467196687718,457.6238528606453,363.9003240257353,261.9129116353066,-1197.348250273731,302.69197741057263
patient_059,105.0,4.2,108.79863752740361,-114.08563252245862,249.3548461790246,310.0994683519532,218.8187170795345,376.3043027598134,400.45417874317684,3463.5316776967557,318.71014456029974
patient_059,106.0,4.24,117.43876292801721,216.00313501533998,254.0523966961453,336.0132449604091,647.844415211398,389.7448325582298,446.7410780940822,1157.1724837726335,336.57978768406304
patient_059,107.0,4.28,398.03069131928663,7014.798209781737,269.97362434891676,452.3655657643712,2908.8080200990516,407.83945518880466,652.6478261544645,5147.668701509558,362.68570073024165
patient_059,108.0,4.32,265.6366418980624,-3309.8512355306057,280.59909002483926,318.37762055195077,-3349.6986303105105,420.5745600108827,340.8694575113353,-7794.4592160782295,376.3204790306951
patient_059,109.0,4.36,173.0664024108175,-2314.255987181123,287.5217461212719,265.66287075681277,-1317.8687448784501,431.2010748411552,137.932761363611,-5073.417403693108,381.83778948523945
patient_059,110.0,4.4,104.8135476292652,-1706.3213695388072,291.71428802644255,135.43314286082816,-3255.7431973996154,436.6184005555883,198.93766127614668,1525.1224978133919,389.79529593628536
patient_059,111.0,4.44,8.815314726604809,-2399.9558225665096,292.06690061550677,43.74239822592279,-2292.268615872634,438.3680964846252,25.162450894550396,-4344.3802595399075,390.80179397206734
patient_059,112.0,4.48,73.70192184542954,1622.1651779706183,295.01497748932394,61.78821693311708,451.1454676798571,440.83962516194987,121.90401788929368,2418.5391748685824,395.67795468763904
patient_059,113.0,4.52,111.36685889571207,941.6234262570633,299.4696518451524,49.12654008592997,-316.54192117967773,442.8046867653871,139.63502916650964,443.2752819303989,401.26335585429945
patient_059,114.0,4.56,81.56190084005905,-745.1239513913255,302.73212787875474,87.20671055650504,952.0042617643769,446.2929551876473,69.90782925911849,-1743.1799976847788,404.0596690246642
patient_059,115.0,4.6,80.10902433980516,-36.32191250634733,305.93648885234694,43.76866566681032,-1085.951122242368,448.0437018143197,74.4524637425111,113.61586208481533,407.03776757436464
patient_059,116.0,4.64,124.94237089298603,1120.8336638295218,310.9341836880664,21.22401850259115,-563.6161791054793,448.8926625544234,146.28066537694423,1795.7050408608281,412.88899418944237
patient_059,117.0,4.68,92.38011334853317,-814.0564386113216,314.6293882220077,42.631959846796136,535.1985336051247,450.5979409482952,248.82061114944423,2563.4986443125,422.8418186354201
patient_059,118.0,4.72,162.28686661140904,1747.6688315718966,321.12086288646407,207.94860545291058,4132.916140152861,458.9158851664116,166.11814657364604,-2067.5616143949546,429.48654449836596
patient_059,119.0,4.76,653.0932379700371,12270.1592839657,347.24459240526556,496.01375227026773,7201.628670433928,478.75643525722234,1192.8906710056249,25669.31311079947,477.202171338591
patient_059,120.0,4.8,429.8844276522386,-5580.220257944961,364.4399695113552,808.8383535133552,7820.615031077186,511.1099693977565,918.3230154155189,-6864.191389752651,513.9350919552118
patient_059,121.0,4.84,312.5073173138419,-2934.4277584599186,376.94026220390884,820.5876465984613,293.732327127654,543.933475261695,725.0963387408055,-4830.666916867833,542.938945504844
patient_059,122.0,4.88,45.3216335922687,-6679.64209303933,378.7531275475996,306.7422272833525,-12846.135482877718,556.203164353029,74.8343213236234,-16256.550435429554,545.932318357789
patient_059,123.0,4.92,444.8389603537194,9987.933169036267,396.5466859617484,484.8230595895904,4452.020807655947,575.5960867366127,410.43396910189983,8389.99119445691,562.3496771218649
patient_059,124.0,4.96,431.7050821338204,-328.3469554974758,413.8148892471012,320.2151455209865,-4115.197851715098,588.4046925574521,255.6208964939807,-3870.3268151979782,572.5745129816243
patient_059,125.0,5.0,232.17473215384751,-4988.258749499321,423.1018785332551,17.695809837239146,-7562.9833920936835,589.1125249509417,224.40550836514385,-780.3847032209212,581.55073331623
patient_059,126.0,5.04,77.47421557802897,-3867.5129143954637,426.20084715637626,105.21103358616163,2187.8805937230622,593.3209662943882,17.18791882354589,-5180.439738539949,582.2382500691717
patient_059,127.0,5.08,70.8867321239874,-164.68708635103937,429.0363164413357,72.42633632175703,-819.617431610115,596.2180197472585,16.45165222707175,-18.406664911853454,582.8963161582546
patient_059,128.0,5.12,40.25803078812586,-765.7175333965386,430.6466376728607,66.07584411066371,-158.76230527733313,598.8610535116851,39.43367795091268,574.5506430960232,584.4736632762911
patient_059,129.0,5.16,34.65090633067117,-140.1781114363672,432.03267392608757,97.84273898072546,794.1723717515437,602.7747630709141,34.22882866731708,-130.12123208989,585.8428164229838
patient_059,130.0,5.2,11.588666263174247,-576.5560016874231,432.4962205766146,166.78169650873278,1723.473938200183,609.4460309312634,124.69825634376791,2261.735691911271,590.8307466767345
patient_059,131.0,5.24,62.84057411455749,1281.2976962845812,435.0098435411969,116.79104487831434,-1249.766290760461,614.117672726396,86.40472955325902,-957.3381697627223,594.2869358588649
patient_059,132.0,5.28,25.89766282154056,-923.5727823254233,436.04575005405854,17.893508980106432,-2472.4383974551974,614.8334130856003,13.896471004041802,-1812.7064637304304,594.8427946990265
patient_059,133.0,5.32,20.58980560285966,-132.69643046702254,436.8693422781729,10.44553647012206,-186.19931274960933,615.2512345444052,69.44986057701419,1388.8347393243098,597.6207891221071
patient_059,134.0,5.36,33.059158029544186,311.7338106671132,438.1917085993547,105.14096613145769,2367.3857415333905,619.4568731896635,50.41062048991533,-475.9810021774715,599.6372139417037
patient_059,135.0,5.4,47.101414713967074,351.0564171105722,440.07576518791336,14.268399751491271,-2271.8141594991603,620.0276091797232,41.69210124338276,-217.9629811633143,601.304897991439
patient_059,136.0,5.44,69.09206616045218,549.7662861621276,442.83944783433145,26.711028044453133,311.06570732404657,621.0960503015014,42.246956969193725,13.871393145274169,602.9947762702068
patient_059,137.0,5.48,56.398075025158896,-317.34977838233203,445.0953708353378,38.10665796402074,284.8907479891902,622.6203166200621,5.5167639952625915,-918.2548243482782,603.2154468300173
patient_059,138.0,5.52,32.609319709963266,-594.7188828798908,446.39974362373636,49.157459379154886,276.27003537835367,624.5866149952284,63.310464799048646,1444.8425200946513,605.7478654219793
patient_059,139.0,5.56,54.044236620405925,535.8729227610664,448.5615130885526,15.104722346382381,-851.3184258193127,625.1908038890837,24.197728867104395,-977.8183982986062,606.7157745766634
patient_059,140.0,5.6,38.68459390224967,-383.99106795390645,450.1088968446426,82.41307744136586,1682.708877374587,628.4873269867384,101.99985549912648,1945.0531658005523,610.7957687966285
patient_059,141.0,5.64,16.707155796324678,-549.4359526481247,450.7771830764956,20.883359468846933,-1538.242949312973,629.3226613654922,71.3069358228636,-767.3229919065723,613.6480462295431
patient_059,142.0,5.68,55.341122083798716,965.849157186851,452.99082795984754,69.81170570589414,1223.2086559261802,632.1151295937279,162.75579720354284,2286.221534516981,620.1582781176849
patient_059,143.0,5.72,85.1047388133135,744.0904182378697,456.3950175123801,107.2299145835308,935.4552219409164,636.4043261770693,169.79077661684585,175.87448533257515,626.9499091823586
patient_059,144.0,5.76,108.03293175884382,573.2048236382578,460.71633478273384,180.131683645396,1822.5442265466302,643.609593522885,236.55413069464512,1669.083851944982,636.4120744101444
patient_059,145.0,5.8,154.7309434313197,1167.4502918118972,466.9055725199866,315.7671062908141,3390.885566135453,656.2402777745176,385.8369566632818,3732.070649215917,651.8455526766758
patient_059,146.0,5.84,214.2301910299198,1487.4811899650026,475.4747801611834,273.9764084628134,-1044.7674457000176,667.1993341130302,369.4382184369634,-409.96845565796036,666.6230814141543
patient_059,147.0,5.88,126.5937763674598,-2190.9103665615003,480.53853121588173,326.3935568417618,1310.4287094737088,680.2550763867007,334.32437031784286,-877.846202978013,679.996056226868
patient_059,148.0,5.92,220.01784971325466,2335.6018336448715,489.33924520441195,327.7357936883743,33.55592116531341,693.3645081342356,220.03184191857287,-2857.31320998175,688.7973299036108
patient_059,149.0,5.96,227.23067138822947,180.32054187437012,498.4284720599411,344.960806117696,430.625310733042,707.1629403789434,379.8652050335744,3995.8340778750385,703.9919381049538
patient_059,150.0,6.0,195.77846674264944,-786.3051161395006,506.2596107296471,70.56453525070519,-6859.9067716747695,709.9855217889717,206.8772074236375,-4324.6999402484225,712.2670264018992
patient_059,151.0,6.04,153.42261793400186,-1058.8962202161895,512.3965154470072,102.06322917086511,787.467348003998,714.0680509558063,173.24037798100807,-840.9207360657355,719.1966415211396
patient_059,152.0,6.08,131.21934417057983,-555.0818440855508,517.6452892138304,184.9844682872565,2073.0309779097847,721.4674296872965,110.09661290130076,-1578.5941269926827,723.6005060371915
patient_059,153.0,6.12,42.494009272466265,-2218.1333724528395,519.345049584729,143.02027430994318,-1049.1048494328331,727.1882406596943,74.4588106448064,-890.9450564123588,726.5788584629838
patient_059,154.0,6.16,115.31571050734973,1820.542530872087,523.957678005023,40.177393706561375,-2571.072015084545,728.7953364079568,68.30640598519226,-153.81011649035372,729.3111147023915
patient_059,155.0,6.2,122.84952301576709,188.3453127104339,528.8716589256537,40.217826029505744,1.0108080736092262,730.4040494491369,24.7249301577891,-1089.536895685079,730.3001119087031
patient_059,156.0,6.24,97.93804603498889,-622.786924519455,532.7891807670534,50.571581700257674,258.84389176879824,732.4269127171472,21.300380694888435,-85.61373657251661,731.1521271364986
patient_059,157.0,6.28,47.20368133854726,-1268.3591174110406,534.6773280205953,75.6408451934213,626.7315873290906,735.452546524884,145.71194013755436,3110.2889860666482,736.9806047420008
patient_059,158.0,6.32,28.91196793283727,-457.29283514274977,535.8338067379087,131.95003047596168,1407.7296320635096,740.7305477439226,278.19942077349094,3312.1870158984143,748.1085815729404
patient_059,159.0,6.36,95.96317337878227,1676.280136148625,539.67233367306,172.49631346370742,1013.6570746936435,747.6304002824708,128.35119364147215,-3746.20567830047,753.2426293185993
patient_059,160.0,6.4,238.0212540593485,3551.452017014156,549.1931838354341,368.26987361194193,4894.3390037058625,762.3611952269484,384.2197952640515,6396.715040564484,768.6114211291613
patient_059,161.0,6.44,328.11088180751364,2252.2406937041283,562.3176191077346,386.875498426898,465.14062037390147,777.8362151640243,578.9498266086579,4868.250783615159,791.7694141935077
patient_059,162.0,6.48,440.1909625462844,2802.00201846927,579.925257609586,726.0205793479355,8478.627023025938,806.8770383379418,739.3321399647571,4009.5578339024796,821.342699792098
patient_059,163.0,6.52,171.05396780765804,-6728.42486846566,586.7674163218923,724.4267713032949,-39.84520111601455,835.8541091900735,865.1639456880248,3145.7951430816934,855.9492576196191
patient_059,164.0,6.56,390.147240173218,5477.331809138999,602.373305928821,558.9476743620784,-4136.977423530414,858.2120161645566,481.77965274365664,-9584.607323609203,875.2204437293652
patient_059,165.0,6.6,226.9078925130924,-4080.9836915031397,611.4496216293447,320.1619858682642,-5969.642212345354,871.0184955992872,277.20239747130444,-5114.431381808805,886.3085396282174
patient_059,166.0,6.64,135.9027016548418,-2275.129771456265,616.8857296955384,119.05079170194124,-5027.779854158073,875.780527267365,37.92668084729791,-5981.892915600163,887.8256068621092
patient_059,167.0,6.68,97.19618741662102,-967.6628559555194,620.7735771922032,154.2915131039395,881.0180350499568,881.9521877915226,56.693955505890735,469.18186646482064,890.0933650823449
patient_059,168.0,6.72,145.29138223178356,1202.3798703790635,626.5852324814746,146.0220104204261,-206.73756708783486,887.7930682083397,128.91844390772002,1805.6122100457324,895.2501028386538
patient_059,169.0,6.76,123.05068471499314,-556.0174379197605,631.5072598700743,83.4368939819455,-1564.6279109620152,891.1305439676175,176.06287263992283,1178.6107183050703,902.2926177442507
patient_059,170.0,6.8,83.87538758347073,-979.3824282880603,634.8622753734131,74.414282500835,-225.56528702776257,894.1071152676509,153.81161852885248,-556.2813527767588,908.4450824854049
patient_059,171.0,6.84,85.70529775811434,45.747754366090376,638.2904872837378,116.3512871206077,1048.4251154943174,898.7611667524752,86.01563385794682,-1694.8996167726414,911.8857078397227
patient_059,172.0,6.88,65.42649320221219,-506.9701138975539,640.9075470118263,46.100514059495374,-1756.2693265278078,900.6051873148551,90.09155436443999,101.89801266232905,915.4893700143003
patient_059,173.0,6.92,49.578017462786974,-396.2118934856303,642.8906677103378,88.40111373588502,1057.5149919097412,904.1412318642906,71.48069634782044,-465.27145041548863,918.3485978682132
patient_059,174.0,6.96,37.16376736981264,-310.35625232435837,644.3772184051303,107.37117239303682,474.2514664287949,908.436078760012,190.1231813485216,2966.062125017529,925.9535251221541
patient_059,175.0,7.0,67.85167772683188,767.197758925481,647.0912855142036,113.20393021907877,145.8189456510489,912.9642359687751,104.20073956675328,-2148.061044544208,930.1215547048242
patient_059,176.0,7.04,104.46601052017274,915.3583198335216,651.2699259350105,30.966193438187815,-2055.943419522274,914.2028837063027,53.802034855486454,-1259.9676177816707,932.2736360990436
patient_059,177.0,7.08,98.11167948887153,-158.85827578253037,655.1943931145653,74.90369315298378,1098.437492869899,917.1990314324221,29.153918627519023,-616.2029056991857,933.4397928441444
patient_059,178.0,7.12,40.490780508363656,-1440.5224745126968,656.8140243348998,138.98543979521259,1602.0436660557202,922.7584490242305,140.32722827362522,2779.332741152655,939.0528819750893
patient_059,179.0,7.16,44.82427435905171,108.33734626720127,658.606995309262,128.50020634271124,-262.1308363125337,927.898457277939,137.54839351937616,-69.47086885622653,944.5548177158645
patient_059,180.0,7.2,11.993145123079236,-820.7782308993117,659.0867211141853,146.22565326082128,443.13617295275094,933.7474834083719,84.11651698489156,-1335.796913362115,947.9194783952601
patient_059,181.0,7.24,22.736130534900038,268.57463529552007,659.9961663355812,141.23536393692297,-124.75723309745774,939.3968979658488,58.567673403470735,-638.7210895355206,950.262185331399
patient_059,182.0,7.28,69.19209124597009,1161.3990177767512,662.76384998542,40.400244147767005,-2520.877994728899,941.0129077317595,57.750074894973594,-20.43996271242854,952.572188327198
patient_059,183.0,7.32,38.841512462142546,-758.7644695956886,664.3175104839058,42.24930830284845,46.22660387703608,942.7028800638734,45.05448535170597,-317.38973858169055,954.3743677412662
patient_059,184.0,7.36,64.63528557836696,644.8443279056104,666.9029219070404,43.284187694589,25.871984793513825,944.434247571657,44.47128268536295,-14.580066658575497,956.1532190486807
patient_059,185.0,7.4,34.11993292029554,-762.8838164517855,668.2677192238523,20.53551803110486,-568.7167415871035,945.2556682929012,29.75443335582969,-367.9212332383315,957.343396382914
patient_059,186.0,7.44,35.06646060743492,23.663192178484493,669.6703776481497,47.10938216818752,664.3466034270665,947.1400435796287,224.50315337344182,4868.7180004403035,966.3235225178516
patient_059,187.0,7.48,113.63332058153799,1964.1714993525766,674.2157104714113,162.71767051092303,2890.2072085683876,953.6487504000656,13.547442708691603,-5273.892766618756,966.8654202261994
patient_059,188.0,7.52,43.590545255940555,-1751.0693831399358,675.9593322816489,146.31434643161134,-410.0831019827922,959.5013242573301,454.482109017528,11023.36665772091,985.0447045869005
patient_059,189.0,7.56,104.16024541514132,1514.2425039800191,680.1257420982546,342.76250406426186,4911.203940816263,973.2118244199006,304.5439319228068,-3748.45442736803,997.2264618638127
patient_059,190.0,7.6,74.93987155149273,-730.5093465912147,683.1233369603143,184.4326532591226,-3958.2462701284817,980.5891305502655,395.6001269904833,2276.404876691913,1013.0504669434321
patient_059,191.0,7.64,109.73541138685135,869.8884958839656,687.5127534157883,272.76493847288543,2208.307130344071,991.499728089181,744.0345542267166,8710.860680905833,1042.8118491125008
patient_059,192.0,7.68,205.86718737029483,2403.294399586087,695.7474409106002,139.9739694757227,-3319.7742249290686,997.0986868682099,197.128430049983,-13672.653104418341,1050.6969863145
patient_059,193.0,7.72,137.58969924332203,-1706.93720317432,701.251028880333,156.61012450118764,415.90387563662364,1003.3630918482575,127.8921537273612,-1730.9069080655447,1055.8126724635945
patient_059,194.0,7.76,131.43700556113902,-153.81734205457533,706.5085091027786,182.23347608857347,640.5837896846457,1010.6524308918005,122.13325104615491,-143.97256703015734,1060.6980025054406
patient_059,195.0,7.8,62.691596584903905,-1718.6352244058778,709.0161729661747,127.74610743013,-1362.1842164610869,1015.7622751890055,87.40890731077089,-868.1085933846007,1064.1943587978715
patient_059,196.0,7.84,123.32524857293808,1515.8412997008543,713.9491829090923,172.16649291721626,1110.5096371771565,1022.6489349056942,89.78426236054995,59.3838762444765,1067.7857292922936
patient_059,197.0,7.88,68.64516103979959,-1367.0021883284624,716.6949893506843,55.43763133320788,-2918.2215396002093,1024.8664401590224,74.20451318321973,-389.49372943325534,1070.7539098196223
patient_059,198.0,7.92,52.00845952437522,-415.91753788560925,718.7753277316593,113.10991508035691,1441.8070936787258,1029.3908367622366,70.29430405450549,-97.75522821785607,1073.5656819818025
patient_059,199.0,7.96,47.33398455546106,-116.86187422285403,720.6686871138778,65.25691606906285,-1196.3249752823515,1032.0011134049992,100.89179423446907,764.9372544990897,1077.6013537511815
patient_059,200.0,8.0,30.58241223289799,-418.7893080640767,721.8919836031938,85.62262684577374,509.1427694177721,1035.42601847883,44.729302978182496,-1404.0622814071644,1079.3905258703087
patient_059,201.0,8.04,57.62602488571413,676.0903163204035,724.1970245986224,76.3351287039663,-232.1874535451858,1038.4794236269888,85.15559091071312,1010.6571983132656,1082.7967495067373
patient_059,202.0,8.08,18.590382676098496,-975.8910552403908,724.9406399056663,46.84629442662506,-737.2208569335312,1040.3532754040536,52.09688962568733,-826.4675321256445,1084.8806250917648
patient_059,203.0,8.12,21.749269381526236,78.9721676356935,725.8106106809273,26.722478977262718,-503.0953862340585,1041.4221745631442,21.709896433220432,-759.6748298116725,1085.7490209490936
patient_059,204.0,8.16,25.16512694420028,85.39643906685113,726.8172157586954,28.4929375824149,44.26146512880456,1042.5618920664408,26.980876247695306,131.77449536187186,1086.8282559990016
patient_059,205.0,8.2,53.84953371671905,717.1101693129692,728.9711971073641,73.44692723753778,1123.849741378072,1045.4997691559424,66.90458975328207,998.092837639669,1089.5044395891327
patient_059,206.0,8.24,103.04686210005255,1229.9332095833374,733.0930715913662,173.78619117933732,2508.4815985449886,1052.4512168031158,2.2557987847894743,-1616.2197742123149,1089.5946715405244
patient_059,207.0,8.28,50.03969202013765,-1325.1792519978726,735.0946592721717,20.78149511693433,-3825.1174015600745,1053.2824766077931,85.52782768440291,2081.800722490336,1093.0157846479005
patient_059,208.0,8.32,70.24650586696391,505.1703461706566,737.9045195068502,47.492500834410066,667.7751429368934,1055.1821766411697,184.332338000465,2470.1127579015524,1100.3890781679193
patient_059,209.0,8.36,84.13691962590477,347.2603439735213,741.2699962918864,344.51848819543795,7425.649684025697,1068.9629161689872,180.77188339848277,-89.01136504955574,1107.6199535038586
patient_059,210.0,8.4,260.0384605983163,4397.538524310288,751.671534715819,359.4710994464679,373.8152812757491,1083.341760146846,315.01700635070483,3356.1280738055516,1120.2206337578868
patient_059,211.0,8.44,396.73254944846815,3417.352221253796,767.5408366937577,600.4802998931738,6025.230011167646,1107.3609721425728,968.1038845027954,16327.171953802264,1158.9447891379987
patient_059,212.0,8.48,142.30713298404018,-6360.6354116106995,773.2331220131193,802.423504323048,5048.580110746854,1139.4579123154947,547.3293642151657,-10519.363007190743,1180.8379637066053
patient_059,213.0,8.52,391.20119766573583,6222.351617042391,788.8811699197487,557.4298192343225,-6124.842127218136,1161.7551050848676,356.86709871944925,-4761.556637392911,1195.1126476553832
patient_059,214.0,8.56,137.6049883498362,-6339.905232897491,794.385369453742,149.6758590854478,-10193.849003721869,1167.7421394482856,53.3542139375711,-7587.822119546953,1197.246816212886
patient_059,215.0,8.6,56.3852091254595,-2030.4944806094175,796.6407778187604,266.0703203151887,2909.861530743523,1178.3849522608932,127.84924778633943,1862.3758462192081,1202.3607861243397
patient_059,216.0,8.64,139.75518223232703,2084.249327671688,802.2309851080535,336.9146576213443,1771.1084326538894,1191.861538565747,253.53803874581482,3142.219773986885,1212.5023076741722
patient_059,217.0,8.68,174.6048158294833,871.2408399289068,809.2151777412328,327.0720187755197,-246.06597114561453,1204.9444193167678,228.70926620542537,-620.7193135097363,1221.6506783223892
patient_059,218.0,8.72,192.01063567739956,435.1454961979066,816.8956031683288,298.4974994127791,-714.3629840685151,1216.884319293279,241.52254360952546,320.33193510250226,1231.3115800667701
patient_059,219.0,8.76,223.76943842400476,793.9700686651299,825.846380705289,48.932237487421645,-6239.131548133937,1218.841608792776,89.81250599985903,-3792.7509402416604,1234.9040803067646
patient_059,220.0,8.8,134.53033463454335,-2230.977594736535,831.2275940906708,83.5639460059377,865.7927129629012,1222.1841666330135,33.0757670901358,-1418.4184727430807,1236.22711099037
patient_059,221.0,8.84,53.24202270161522,-2032.2077983232034,833.3572749987354,32.442696453765215,-1278.031238804312,1223.4818744911643,21.72138119988236,-283.85964725633596,1237.0959662383652
patient_059,222.0,8.88,25.948356250943874,-682.3416612667836,834.3952092487732,70.12242206444408,941.9931402669716,1226.2867713737419,47.7704663248558,651.2271281243361,1239.0067848913595
patient_059,223.0,8.92,67.76521960845524,1045.4215839377841,837.1058180331114,132.84517505881627,1568.0688248593046,1231.6005783760947,75.1595426685352,684.7269085919847,1242.0131665981007
patient_059,224.0,8.96,37.53546346535066,-755.7439035776146,838.6072365717255,109.18764126702683,-591.4383447947358,1235.9680840267758,64.65185006416328,-262.6923151092978,1244.5992406006674
patient_059,225.0,9.0,12.408997836388606,-628.1616407240513,839.103596485181,41.219671532275854,-1699.1992433687744,1237.6168708880668,51.02025717591856,-340.7898222061181,1246.640050887704
patient_059,226.0,9.04,64.69707585539892,1307.201950475258,841.6914795193969,35.6738772929127,-138.64485598407884,1239.0438259797834,25.732492324909323,-632.1941212752309,1247.6693505807007
patient_059,227.0,9.08,94.40196237071677,742.6221628829463,845.4675580142257,28.107429370718897,-189.16119805484504,1240.1681231546122,21.191120516261382,-113.53429521619853,1248.516995401351
patient_059,228.0,9.12,66.52365522282398,-696.9576786973199,848.1285042231386,47.92750420456163,495.5018708460683,1242.0852233227947,39.5392532957685,458.703319487678,1250.0985655331817
patient_059,229.0,9.16,55.6118259038438,-272.79573297450435,850.3529772592924,31.122350484893403,-420.12884299170565,1243.3301173421903,35.70798322491005,-95.78175177146129,1251.5268848621783
patient_059,230.0,9.2,110.7825144774977,1379.2672143413474,854.7842778383923,58.82246936683692,692.5029720485879,1245.6830161168639,47.792292950346074,302.10774313590053,1253.4385765801921
patient_059,231.0,9.24,120.80267214775195,250.50394175635626,859.6163847243023,151.7770409217391,2323.8642888725544,1251.7540977537333,94.50236401421978,1167.7517765968425,1257.218671140761
patient_059,232.0,9.28,125.20144329420779,109.96927866139607,864.6244424560707,114.87045425550889,-922.6646666557549,1256.3489159239537,140.41705607663465,1147.8673015603717,1262.8353533838265
patient_059,233.0,9.32,148.09778628614407,572.408574798407,870.5483539075165,343.13525282088995,5706.6199641345265,1270.0743260367892,409.91595135434585,6737.47238194278,1279.2319914380003
patient_059,234.0,9.36,265.3164297554115,2930.4660867316857,881.1610110977329,469.50159410101475,3159.15853200312,1288.8543898008297,398.785109185336,-278.27105422524596,1295.1833958054137
patient_059,235.0,9.4,167.20843590341354,-2452.6998462999486,887.8493485338694,259.54903680003144,-5248.813932524583,1299.2363512728311,307.1387315952642,-2291.159439751796,1307.4689450692242
patient_059,236.0,9.44,122.53159320074867,-1116.9210675666218,892.7506122618993,295.9529562159004,910.0979853967232,1311.074469521467,282.0891094448809,-626.2405537595826,1318.7525094470195
patient_059,237.0,9.48,159.87574372892553,933.6037632044214,899.1456420110562,250.3940123378851,-1138.9735969503818,1321.0902300149826,302.28452508640356,504.88539103806716,1330.8438904504758
patient_059,238.0,9.52,239.9139894716652,2000.9561435684916,908.7422015899227,119.02206476873505,-3284.2986892287513,1325.851112605732,134.30196602706113,-4199.5639764835605,1336.215969091558
patient_059,239.0,9.56,110.91688206537373,-3224.9276851572868,913.1788768725377,95.3424184254649,-591.9911585817538,1329.6648093427505,80.22998897150204,-1351.7994263889773,1339.425168650418
patient_059,240.0,9.6,129.48659426037753,464.2428048750951,918.3583406429528,12.593762863522361,-2068.7163890485635,1330.1685598572915,68.16051688498237,-301.7368021629917,1342.1515893258174
patient_059,241.0,9.64,56.640083888321186,-1821.1627593014086,920.6239439984856,39.80906637052033,680.3825876749491,1331.7609225121123,52.50703829879355,-391.3369646547205,1344.251870857769
patient_059,242.0,9.68,34.80755534406402,-545.8132136064291,922.0162462122482,16.02038696477613,-594.7169851436049,1332.4017379907032,41.79422190906175,-267.82040974329516,1345.9236397341315
patient_059,243.0,9.72,132.23432021349626,2435.669121735806,927.3056190207882,29.600192607085337,339.49514105773017,1333.5857456949866,68.5544196373795,669.0049432079437,1348.6658165196268
patient_059,244.0,9.76,182.71952358622693,1262.1300843182667,934.6143999642372,182.3625461903928,3819.0588395826862,1340.8802475426023,237.83411066186935,4231.992275612247,1358.1791809461015
patient_059,245.0,9.8,267.3263936841624,2115.1717524483865,945.3074557116037,364.1264790385126,4544.098321202996,1355.4453067041427,363.66834571228344,3145.8558762603525,1372.7259147745929
patient_059,246.0,9.84,176.50749280127647,-2270.472522072148,952.3677554236548,475.9407882009044,2795.357729059795,1374.4829382321789,487.91004499971626,3106.0424821858205,1392.2423165745815
patient_059,247.0,9.88,287.091516022052,2764.6005805193886,963.8514160645369,571.5213173819543,2389.513229526247,1397.3437909274571,458.3270204375185,-739.5756140549438,1410.5753973920823
patient_059,248.0,9.92,276.06115345342545,-275.7590642156643,974.893862202674,273.45397055145975,-7451.683670762364,1408.2819497495157,123.25726156364908,-8376.743971846736,1415.5056878546281
patient_059,249.0,9.96,29.48741590831249,-6164.343438627824,976.0733588390063,16.453715583962556,-6425.00637418743,1408.9400983728742,23.412625190287326,-2496.115909334044,1416.4421928622396
patient_059,250.0,10.0,93.7224940704905,1605.8769540544504,979.822258601826,41.39821110657829,623.6123880653932,1410.5960268171373,47.872385059699525,611.493996735305,1418.3570882646277
patient_059,251.0,10.04,50.07841417964203,-1091.1019972712118,981.8253951690117,165.74059145548256,3108.5595087226066,1417.2256504753566,40.99502810278417,-171.9339239228839,1419.996889388739
patient_059,252.0,10.08,70.38570133215222,507.6821788127548,984.640823222298,55.258450098710604,-2762.053533919299,1419.4359884793053,127.86280304783524,2171.694373626277,1425.1114015106525
patient_059,253.0,10.12,51.08841308030309,-482.4322062962283,986.68435974551,104.64593934591538,1234.6872311801194,1423.6218260531418,23.287637631488614,-2614.379135408666,1426.042907015912
patient_059,254.0,10.16,39.362146406449476,-293.1566668463404,988.2588456017679,106.17052428563778,38.11462349306005,1427.8686470245675,54.48722755962514,779.9897482034131,1428.2223961182972
patient_059,255.0,10.2,56.83768765952302,436.8885313268386,990.532353108149,47.94222584027269,-1455.7074611341272,1429.7863360581782,92.90851277337345,960.5321303437076,1431.938736629232
patient_059,256.0,10.24,23.88248003795559,-823.8801905391856,991.4876523096672,85.02233725593473,927.002785391551,1433.1872295484156,54.71870826948045,-954.7451125973248,1434.1274849600113
patient_059,257.0,10.28,14.027917885872021,-246.36405380208924,992.048769025102,72.3888060966912,-315.8382789810883,1436.0827817922834,14.671427603964435,-1001.1820166379003,1434.7143420641698
patient_059,258.0,10.32,39.04207521931604,625.3539333361005,993.6104520338747,98.23659277837056,646.1946670419842,1440.0122455034182,20.502477095970995,145.776237300164,1435.5344411480087
patient_059,259.0,10.36,69.89095990200553,771.2221170672374,996.4060904299549,50.93225547569252,-1182.608432566951,1442.0495357224459,57.61387937397918,927.7850569502046,1437.838996322968
patient_059,260.0,10.4,16.4790132965528,-1335.2986651363183,997.0652509618171,18.578338257285374,-808.8479304601786,1442.7926692527371,41.31153342702603,-407.5586486738288,1439.4914576600488
patient_059,261.0,10.44,89.22075936453591,1818.5436516995778,1000.6340813363985,26.074733909422694,187.409891303433,1443.8356586091143,167.0630340759262,3143.787516222504,1446.1739790230858
patient_059,262.0,10.48,48.0024742974371,-1030.4571266774703,1002.554180308296,42.69419690089976,415.4865747869267,1445.5434264851501,82.36361941941733,-2117.4853664127218,1449.4685237998626
patient_059,263.0,10.52,151.17676648888238,2579.3573047861323,1008.6012509678513,9.013474624447644,-842.0180569113029,1445.9039654701282,124.54999566949452,1054.6594062519298,1454.4505236266423
patient_059,264.0,10.56,79.13232983015386,-1801.110916468213,1011.7665441610575,63.05806260398678,1351.1146994884782,1448.4262879742878,106.03821241954238,-462.79458124880364,1458.692052123424
patient_059,265.0,10.6,37.70936189808691,-1035.5741983016737,1013.274918636981,26.448642116180817,-915.2355121951491,1449.4842336589347,59.841107453032336,-1154.927624162751,1461.0856964215452
patient_059,266.0,10.64,16.930101852685603,-519.4815011350327,1013.9521227110885,74.483468376944,1200.8706565190796,1452.4635723940125,199.6368733009804,3494.894146198702,1469.0711713535845
patient_059,267.0,10.68,34.89503772475428,449.123396801717,1015.3479242200785,15.962752683298879,-1463.0178923411281,1453.1020825013445,95.8141326535856,-2595.56851618487,1472.9037366597279
patient_059,268.0,10.72,68.60224534373343,842.6801904744786,1018.0920140338279,158.34668959641846,3559.5984228279895,1459.4359500852013,119.95809843501151,603.5991445356476,1477.7020605971284
patient_059,269.0,10.76,43.297083705453694,-632.6290409569933,1019.823897382046,114.8075271569286,-1088.4790609872464,1464.0282511714781,74.01053758195732,-1148.6890213263546,1480.6624821004066
patient_059,270.0,10.8,39.00222545468955,-107.37145626910359,1021.3839864002335,22.82178326877093,-2299.6435972039417,1464.941122502229,52.41488724188044,-539.891258501922,1482.7590775900817
patient_059,271.0,10.84,36.964746091696036,-50.93698407483789,1022.8625762439015,109.57425681533756,2168.811838664166,1469.3240927748425,50.364510204604876,-51.25942593188917,1484.773657998266
patient_059,272.0,10.88,134.42004857742498,2436.3825621432234,1028.2393781869985,149.22550215851223,991.2811335793666,1475.293112861183,101.85763737489395,1287.328179257227,1488.847963493262
patient_059,273.0,10.92,233.1303591012852,2467.757763096505,1037.5645925510498,340.67069514571153,4786.129824679982,1488.9199406670116,474.601512815888,9318.59688602485,1507.8320240058974
patient_059,274.0,10.96,292.97982992108615,1496.2367704950238,1049.283785747893,465.44068292973446,3119.249694600573,1507.537567984201,340.77202430457874,-3345.737212782731,1521.4629049780806
patient_059,275.0,11.0,400.6389162919735,2691.4771592721836,1065.309342399572,837.4801759345189,9300.987325119611,1541.036775021582,993.1584746916343,16309.66125967639,1561.1892439657458
patient_059,276.0,11.04,530.3298424640388,3242.273154301634,1086.5225360981335,552.088191950545,-7134.799599599347,1563.1203026996038,444.1990853546224,-13723.984733425297,1578.9572073799309
patient_059,277.0,11.08,389.38049275963465,-3523.733742610105,1102.097755808519,313.2963286135214,-5969.796583425591,1575.6521558441445,274.58233662670824,-4240.418718197854,1589.940500844999
patient_059,278.0,11.12,182.65367015864084,-5168.170565024845,1109.4039026148646,203.72729276349423,-2739.2258962506785,1583.8012475546843,269.5264002205724,-126.39841015339641,1600.721556853822
patient_059,279.0,11.16,69.89253659016805,-2819.0283392118195,1112.1996040784713,171.31813680998764,-810.2288988376649,1590.6539730270838,204.0181322615599,-1637.7066989753118,1608.8822821442843
patient_059,280.0,11.2,80.18771311368126,257.37941308783013,1115.4071126030185,7.539833424537727,-4094.4575846362477,1590.9555663640654,86.58744613574565,-2935.7671531453566,1612.3457799897142
patient_059,281.0,11.24,26.762824831667654,-1335.62220705034,1116.4776255962854,13.847221477035074,157.68470131243367,1591.509455223147,57.05512785574209,-738.307957000089,1614.6279851039437
patient_059,282.0,11.28,54.194388624518986,685.7890948212832,1118.6454011412661,41.73961233683113,697.3097714949014,1593.17903971662,39.31982253878657,-443.38263292388814,1616.2007780054953
patient_059,283.0,11.32,27.464955084564817,-668.2358384988543,1119.7439993446487,72.53135400507882,769.7935417061924,1596.0802938768234,68.50233213458351,729.5627398949237,1618.940871290879
patient_059,284.0,11.36,24.15948423497288,-82.63677123979845,1120.7103787140477,61.87818173531161,-266.3293067441804,1598.5554211462356,113.14503867562642,1116.067663526073,1623.4666728379038
patient_059,285.0,11.4,20.906204720739236,-81.33198785584108,1121.5466269028773,42.342037647237746,-488.4036022018465,1600.249102652125,34.82369121052999,-1958.033686627411,1624.859620486325
patient_059,286.0,11.44,50.2383516057109,733.3036721242917,1123.5561609671058,13.32512865821449,-725.4227247255815,1600.7821077984536,23.036939259768218,-294.6687987690442,1625.7810980567158
patient_059,287.0,11.48,82.29363453043342,801.382073118063,1126.8479063483232,70.1489944192817,1420.5966440266805,1603.5880675752248,59.733038097565704,917.4024709449371,1628.1704195806187
patient_059,288.0,11.52,43.54123635907706,-968.8099542839091,1128.5895558026862,22.20454091983029,-1198.6113374862853,1604.476249212018,40.211994985814215,-488.02607779378724,1629.7788993800514
patient_059,289.0,11.56,33.56498038911227,-249.40639924911974,1129.9321550182508,86.0466533291527,1596.0528102330602,1607.9181153451843,76.9265836932032,917.8647176847246,1632.8559627277793
patient_059,290.0,11.6,36.66090175459696,77.39803413711729,1131.3985910884346,37.46724510273967,-1214.4852056603258,1609.4168051492939,45.353151838593426,-789.3357963652443,1634.6700888013231
patient_059,291.0,11.64,29.057546285313638,-190.08388673208313,1132.560892939847,13.459680149339775,-600.1891238349973,1609.9551923552674,27.250046394785006,-452.5776360952105,1635.7600906571147
patient_059,292.0,11.68,30.546437605337047,37.222283000585236,1133.7827504440606,16.085390745742426,65.64276491006629,1610.598607985097,15.148849170909727,-302.52993059688197,1636.366044623951
patient_059,293.0,11.72,16.882800847817567,-341.590918937987,1134.4580624779733,36.748528856220595,516.5784527619542,1612.068549139346,39.91268174126353,619.0958142588452,1637.9625518936016
patient_059,294.0,11.76,45.023012005665585,703.5052789462004,1136.2589829582,46.86683186529215,252.95757522678883,1613.9432224139578,18.152435194552158,-544.0061636677843,1638.6886493013837
patient_059,295.0,11.8,57.9284961948619,322.6371047299079,1138.5761228059944,105.73759166474585,1471.7689949863425,1618.1727260805474,186.5424454486256,4209.7502563518365,1646.150347119329
patient_059,296.0,11.84,238.49636156484772,4514.196634249645,1148.1159772685883,287.4098932981473,4541.807540835037,1629.6691218124733,237.07940174175795,1263.4239073283084,1655.633523188999
patient_059,297.0,11.88,272.43660744044394,848.5061468899055,1159.013441566206,324.0989932911177,917.2274998242599,1642.633081544118,493.76035365748896,6417.023797893276,1675.3839373352987
patient_059,298.0,11.92,299.93178478139595,687.3794335238003,1171.0107129574617,1300.132288566964,24400.832381896158,1694.6383730867967,1265.266455405449,19287.652543699,1725.9945955515168
patient_059,299.0,11.96,586.7758265212294,7171.101043495837,1194.481746018311,611.5957825963825,-17213.412649264537,1719.102204390652,423.1610514695586,-21052.635098397262,1742.921037610299
patient_059,300.0,12.0,413.08415119960165,-4342.291883040694,1211.005112066295,266.5458113574241,-8626.24928097396,1729.764036844949,336.93027965181733,-2155.769295443531,1756.3982487963717
patient_059,301.0,12.04,123.96678458205356,-7227.934165438703,1215.9637834495772,134.58849719415036,-3298.9328540818433,1735.147576732715,179.0521597613123,-3946.9529972626256,1763.560335186824
patient_059,302.0,12.08,34.334547212295476,-2240.8059342439524,1217.337165338069,23.23632078143655,-2783.8044103178454,1736.0770295639722,6.021561274630499,-4325.764962167045,1763.8011976378093
patient_059,303.0,12.12,18.590194260316125,-393.6088237994838,1218.0807731084817,37.34320447056411,352.672092228189,1737.5707577427947,50.77463694582475,1118.8268917798564,1765.8321831156425
patient_059,304.0,12.16,51.24613515670703,816.3985224097726,1220.13061851475,43.36984674574395,150.66605687949595,1739.3055516126246,235.9581471726987,4629.587755671848,1775.2705090025504
patient_059,305.0,12.2,114.45372780677425,1580.1898162516807,1224.708767627021,170.59234055838033,3180.562345315909,1746.1292452349599,275.93556799241503,999.4355204929086,1786.3079317222468
patient_059,306.0,12.24,20.60445308146066,-2346.2318681328397,1225.5329457502794,130.4652158933526,-1003.1781166256934,1751.347853870694,63.77890867274885,-5303.916482991654,1788.8590880691568
patient_059,307.0,12.28,45.14154064124523,613.4271889946142,1227.338607375929,107.6750312380107,-569.7546163835473,1755.6548551202143,116.10832441052736,1308.2353934444627,1793.5034210455779
patient_059,308.0,12.32,7.1729145259588165,-949.2156528821603,1227.6255239569675,80.23923739251384,-685.8948461374215,1758.8644246159147,48.8903689888673,-1680.4488855415016,1795.4590358051325
patient_059,309.0,12.36,15.111835466299512,198.4730235085174,1228.2299973756196,101.75983158607926,538.0148548391354,1762.934817879358,75.51124854099162,665.5219888031079,1798.4794857467723
patient_059,310.0,12.4,15.781376901251617,16.73853587380263,1228.8612524516695,54.85169401551634,-1172.703439264073,1765.1288856399788,164.93201049029503,2235.5190487325854,1805.076766166384
patient_059,311.0,12.44,181.56463168190595,4144.581369516359,1236.1238377189459,100.17895225404314,1133.18145596317,1769.1360437301403,80.00348506903106,-2123.213135531599,1808.2769055691451
patient_059,312.0,12.48,236.71020898639622,1378.6394326122568,1245.5922460784016,472.1290672924853,9298.752875961054,1788.02120642184,473.4248829679835,9835.53494747381,1827.2139008878646
patient_059,313.0,12.52,75.82766955920695,-4022.063485679732,1248.62535286077,25.470797568309447,-11166.456743104396,1789.0400383245724,17.784315059943655,-11391.014197700995,1827.9252734902623
patient_059,314.0,12.56,228.8338078733724,3825.153457854136,1257.7787051757048,621.6146679117481,14903.596758585969,1813.9046250410422,585.6362667517441,14196.29879229501,1851.3507241603322
patient_059,315.0,12.6,219.10726968314063,-243.1634547557941,1266.5429959630303,640.9907231468977,484.4013808787395,1839.544253966918,460.15947438115126,-3136.9198092648203,1869.7571031355783
patient_059,316.0,12.64,229.5326966324527,260.63567373280205,1275.7243038283286,417.16959881181015,-5595.52810837719,1856.2310379193905,336.00780885679364,-3103.7916381089403,1883.19741548985
patient_059,317.0,12.68,452.01616081724507,5562.086604619809,1293.8049502610183,268.26188226013494,-3722.69291379188,1866.9615132097958,276.29413345971795,-1492.8418849268924,1894.2491808282389
patient_059,318.0,12.72,202.16944283688127,-6246.167949509095,1301.8917279744937,272.8494429991862,114.68901847628103,1877.8754909297631,245.20081715860744,-777.3329075277629,1904.057213514583
patient_059,319.0,12.76,212.81045241719775,266.0252395079119,1310.4041460711817,236.5717943523326,-906.9412161713394,1887.3383627038565,341.5103335208739,2407.7379090566624,1917.7176268554183
patient_059,320.0,12.8,92.70114030977905,-3002.7328026854675,1314.112191683573,124.43603891824642,-2803.3938858521547,1892.3158042605864,207.781121780526,-3343.230293508698,1926.0288717266394
patient_059,321.0,12.84,208.91680784974093,2905.391688499047,1322.4688639975625,101.07783973711506,-583.9549795282842,1896.358917850071,224.7654206111705,424.60747076611227,1935.0194885510862
patient_059,322.0,12.88,155.17051771902055,-1343.6572532680095,1328.6756847063234,132.4739970149591,784.9039319461014,1901.6578777306695,143.30413604929893,-2036.532114046789,1940.7516539930582
patient_059,323.0,12.92,73.3319328814744,-2045.9646209386538,1331.6089620215823,53.071926451235214,-1985.0517640930975,1903.7807547887192,36.23713643994227,-2676.6749902339166,1942.201139450656
patient_059,324.0,12.96,52.18327317155162,-528.7164927480695,1333.6962929484446,70.40661565754101,433.36723015764494,1906.5970194150207,87.2855917041134,1276.2113816042784,1945.6925631188205
patient_059,325.0,13.0,37.50725876980195,-366.9003600437417,1335.1965832992366,136.06669804542165,1641.502059697016,1912.0396873368375,96.93019479851928,241.115077360147,1949.5697709107615
patient_059,326.0,13.04,89.23837360654358,1293.2778709185407,1338.7661182434986,120.51698519930909,-388.7428211528139,1916.86036674481,61.1122403942291,-895.4488601072546,1952.0142605265305
patient_059,327.0,13.08,13.822936593159087,-1885.3859253346122,1339.3190357072249,47.27179299458512,-1831.129805118099,1918.7512384645934,43.211706378803925,-447.51335038562934,1953.7427287816827
patient_059,328.0,13.12,31.92748020236214,452.6135902300764,1340.5961349153195,71.34866916515993,601.9219042643704,1921.6051852312,134.5447787452399,2283.3268091608998,1959.1245199314924
patient_059,329.0,13.16,104.93755310640273,1825.2518226010145,1344.7936370395755,308.8331120694475,5937.111072607189,1933.958509713978,288.9396424712081,3859.871593149205,1970.6821056303409
patient_059,330.0,13.2,311.150111910682,5155.313970106982,1357.2396415160028,321.8582289346042,325.62792162891725,1946.8328388713621,458.02185775991444,4227.055382217658,1989.0029799407375
patient_059,331.0,13.24,313.505971633902,58.89649308049911,1369.779880381359,595.63338114767,6844.378805326644,1970.658174117269,567.4791474173105,2736.4322414349017,2011.70214583743
patient_059,332.0,13.28,220.81740949394302,-2317.2140534989744,1378.6125767611168,1092.4983874282298,12421.625157013994,2014.358109614398,796.3800533685277,5722.522648780429,2043.5573479721709
patient_059,333.0,13.32,236.13073122198784,382.83304320112063,1388.0578060099963,685.9594067138659,-10163.474517859098,2041.7964858829528,624.1669521829294,-4305.327529639956,2068.5240260594883
patient_059,334.0,13.36,250.23491680669892,352.6046396177769,1398.0672026822642,531.8714710564208,-3852.198391436127,2063.0713447252097,568.631771733379,-1388.3795112387616,2091.2692969288237
patient_059,335.0,13.4,171.4149870199511,-1970.4982446686954,1404.9238021630624,153.340924915495,-9463.263653523145,2069.2049817218294,184.38351039517957,-9606.206533454986,2098.6446373446306
patient_059,336.0,13.44,89.21877155869646,-2054.905386531366,1408.4925530254104,162.06167176220757,218.01867116781395,2075.6874485923177,60.51790495690298,-3096.6401359569145,2101.065353542907
patient_059,337.0,13.48,9.917707717797205,-1982.5265960224815,1408.8892613341222,47.457644178461734,-2865.1006895936457,2077.585754359456,168.31686749978994,2694.9740635721737,2107.7980282428985
patient_059,338.0,13.52,39.384296729156354,736.6647252839787,1410.4646332032885,66.7061303344768,481.21215390037656,2080.2539995728353,73.0873511168334,-2380.7379095739134,2110.7215222875716
patient_059,339.0,13.56,62.62449933886287,581.0050652426629,1412.969613176843,42.863681111585144,-596.0612305722913,2081.968546817299,168.1414072851275,2376.351404207353,2117.4471785789765
patient_059,340.0,13.6,48.08672180157221,-363.44443843226645,1414.8930820489059,53.99737953438313,278.3424605699496,2084.128441998674,39.32170026947827,-3220.492675391231,2119.020046589756
patient_059,341.0,13.64,110.24826735637133,1554.038638869978,1419.3030127431607,154.418349637099,2510.524252567897,2090.305175984158,68.45692186873485,728.3805399814146,2121.758323464505
patient_059,342.0,13.68,46.43302060632002,-1595.3811687512828,1421.1603335674133,68.70155270543754,-2142.9199232915366,2093.0532380923755,33.928537839340656,-863.2096007348549,2123.1154649780788
patient_059,343.0,13.72,25.07844891112174,-533.8642923799571,1422.1634715238583,133.5325512633061,1620.7749639467138,2098.3945401429078,57.13097452614117,580.0609171700129,2125.4007039591243
patient_059,344.0,13.76,48.91994838913286,596.0374869502781,1424.1202694594238,89.114759170775,-1110.4448023132773,2101.9591305097388,52.695813612911536,-110.87902283074094,2127.5085365036407
patient_059,345.0,13.8,42.66053207235846,-156.48540791936014,1425.826690742318,34.43239248458663,-1367.0591671547093,2103.3364262091222,48.1576700030353,-113.45359024690592,2129.434843303762
patient_059,346.0,13.84,74.37673365506001,792.9050395675388,1428.8017600885205,21.452912709312162,-324.4869943818617,2104.1945427174946,91.51670727975426,1083.9759319179739,2133.0955115949523
patient_059,347.0,13.88,78.43161298325583,101.3719832048956,1431.9390246078508,55.98787886173275,863.3741538105148,2106.4340578719643,94.28131367194453,69.11515980475684,2136.86676414183
patient_059,348.0,13.92,164.42307777315995,2149.786619747603,1438.5159477187772,157.72591803327143,2543.450979288467,2112.743094593295,240.27295001660843,3649.7909086165973,2146.4776821424944
patient_059,349.0,13.96,130.70274156809595,-843.0084051266,1443.7440573815009,110.41146354430865,-1182.8613622240696,2117.159553135067,116.38687514539917,-3097.1518717802314,2151.13315714831
patient_059,350.0,14.0,137.02662181744608,158.0970062337535,1449.2251222541986,144.57173340599212,854.0067465420868,2122.942422471307,91.95749170351405,-610.734586047128,2154.811456816451
patient_059,351.0,14.04,135.4140613640084,-40.31401133594201,1454.6416847087592,115.466858954042,-727.6218612987531,2127.561096829469,141.65858186486696,1242.5272540338228,2160.4778000910455
patient_059,352.0,14.08,105.75113752444504,-741.5730959890841,1458.8717302097368,112.14424403687482,-83.0653729291793,2132.0468665909443,59.85392291369027,-2045.1164737794172,2162.871957007593
patient_059,353.0,14.12,124.35219022881049,465.0263176091361,1463.8458178188894,248.80741958968918,3416.579388820359,2141.9991633745317,141.87084434215123,2050.423035711524,2168.546790781279
patient_059,354.0,14.16,90.22155959743145,-853.2657657844759,1467.4546802027867,114.5002317001444,-3357.679697238619,2146.5791726425373,108.7188555570123,-828.7997196284731,2172.895545003559
patient_059,355.0,14.2,11.1804947668808,-1976.0266207637662,1467.901899993462,54.29916854245658,-1505.0265789421956,2148.7511393842356,99.76035575105512,-223.96249514892972,2176.8859592336016
patient_059,356.0,14.24,16.68171552778658,137.53051902264448,1468.5691686145735,11.033435885979259,-1081.643316411933,2149.192476819675,138.46208408681287,967.5432083939437,2182.424442597074
patient_059,357.0,14.28,40.75491939008058,601.83009655735,1470.1993653901766,69.76914156030486,1468.39264185814,2151.983242482087,85.79951888648809,-1316.5641300081195,2185.8564233525335
patient_059,358.0,14.32,91.4363735801871,1267.0363547526629,1473.8568203333841,45.42366491037954,-608.6369162481329,2153.800189078502,80.15382535210459,-141.14233835958743,2189.062576366618
patient_059,359.0,14.36,52.30821964739628,-978.2038483197704,1475.94914911928,85.92352288475867,1012.4964493594781,2157.2371299938923,97.47342285280429,432.98993751749254,2192.96151328073
patient_059,360.0,14.4,38.575031336224626,-343.3297077792913,1477.492150372729,164.04705856336437,1953.0883919651426,2163.799012336427,48.503793739220356,-1224.2407278395983,2194.901665030299
patient_059,361.0,14.44,46.76440733998557,204.73440009402353,1479.3627266663284,141.99668530176567,-551.2593315399677,2169.478879748498,107.31824323169495,1470.361237311865,2199.1943947595664
patient_059,362.0,14.48,53.11201326968623,158.69014824251656,1481.4872071971158,63.75191229999517,-1956.1193250442625,2172.028956240498,50.78083268340204,-1413.4352637073227,2201.225628066903
patient_059,363.0,14.52,48.05904930865405,-126.32409902580441,1483.4095691694622,10.373387059737123,-1334.463131006451,2172.443891722887,15.06714501096723,-892.8421918108702,2201.8283138673414
patient_059,364.0,14.56,52.962743033111316,122.59234311143157,1485.5280788907867,12.430446458027387,51.42648495725659,2172.9411095812084,44.782514087112695,742.8842269036365,2203.619614430826
patient_059,365.0,14.6,26.50818168948092,-661.3640335907598,1486.5884061583658,181.93095342797838,4237.5126742487755,2180.2183477183275,87.48751548193877,1067.625034870652,2207.1191150501036
patient_059,366.0,14.64,82.99248784628277,1412.1076539200462,1489.9081056722173,18.098107088124557,-4095.8211584963456,2180.9422720018524,58.999704411444284,-712.1952767623621,2209.479103226561
patient_059,367.0,14.68,51.609764887073545,-784.5680739802307,1491.9724962677,26.03741332899523,198.4826560217668,2181.983768535012,79.51260781865781,512.8225851803383,2212.6596075393077
patient_059,368.0,14.72,55.56409029383698,98.85813516908595,1494.1950598794535,54.14623124101476,702.7204478004883,2184.149617784653,307.8539010968574,5708.532331954989,2224.973763583182
patient_059,369.0,14.76,95.66089523178339,1002.4201234486601,1498.021495688725,94.94968866271424,1020.0864355424869,2187.9476053311614,97.58619150000494,-5256.692739921311,2228.877211243182
patient_059,370.0,14.8,223.58574320057795,3198.121199219864,1506.9649254167482,266.38858288225924,4285.972355488625,2198.6031486464517,433.8492594266452,8406.576698166005,2246.2311816202478
patient_059,371.0,14.84,284.66102518078884,1526.8820495052723,1518.3513664239797,427.30481620557504,4022.905833082895,2215.695341294675,479.07903526424695,1130.7443959400443,2265.3943430308177
patient_059,372.0,14.88,238.3056639941504,-1158.8840296659612,1527.8835929837455,342.78429228371175,-2113.013098046582,2229.4067129860236,567.9686136531507,2222.239459722593,2288.1130875769436
patient_059,373.0,14.92,176.26704190611133,-1550.9655522009766,1534.93427465999,259.54534373975014,-2080.9737135990404,2239.7885267356137,253.99066722539084,-7849.448660693995,2298.2727142659596
patient_059,374.0,14.96,167.1236047067516,-228.58592998399345,1541.61921884826,168.30146228923414,-2281.0970362629,2246.5205852271833,200.48282163883837,-1337.6961396638117,2306.2920271315134
patient_059,375.0,15.0,192.77681107573346,641.3301592245467,1549.3302912912893,160.16071569038021,-203.51866497134807,2252.927013854798,142.0288687226926,-1461.348822903644,2311.9731818804207
patient_059,376.0,15.04,184.81997824177446,-198.92082084897496,1556.7230904209603,98.38254436637473,-1544.4542831001372,2256.8623156294534,158.06354540052408,400.8669169457868,2318.2957236964417
patient_059,377.0,15.08,133.41816097255213,-1285.0454317305584,1562.0598168598622,122.90020171574177,612.941433734176,2261.7783236980827,122.87447654918951,-879.7267212833642,2323.2107027584093
patient_059,378.0,15.12,41.0215672100585,-2309.9148440623408,1563.7006795482646,22.021304376131987,-2521.9724334902444,2262.6591758731283,12.517040402260273,-2758.9359036732308,2323.7113843744996
patient_059,379.0,15.16,28.779286209224452,-306.0570250208512,1564.8518509966336,36.323597696061036,357.55733299822623,2264.1121197809707,38.65712085179771,653.5020112384359,2325.2576692085718
patient_059,380.0,15.2,46.179595982754854,435.00774433826007,1566.6990348359438,70.83465224561053,862.7763637387372,2266.9455058707954,67.24043120903855,714.582758931021,2327.947286456933
patient_059,381.0,15.24,88.68985699230238,1062.7565252386883,1570.2466291156359,195.9779486711262,3128.582410637892,2274.7846238176403,126.32224535032843,1477.045353532247,2333.000176270946
patient_059,382.0,15.28,118.66223587474167,749.3094720609822,1574.9931185506255,133.3494362724964,-1565.7128099657448,2280.1186012685403,162.15398883013742,895.7935869952248,2339.4863358241514
patient_059,383.0,15.32,221.32941516003078,2566.679482132228,1583.8462951570266,237.1577516186931,2595.2078836549176,2289.604911333288,201.50482993511014,983.7710276243179,2347.546529021556
patient_059,384.0,15.36,268.3311517916231,1175.0434157898078,1594.5795412286916,569.0662559636362,8297.712608623577,2312.367561571833,603.9524558255638,10061.190647261341,2371.7046272545786
patient_059,385.0,15.4,233.72361604327685,-865.1883937086559,1603.9284858704227,972.5211889963691,10086.373325818324,2351.268409131688,621.6150324112492,441.5644146421357,2396.5692285510286
patient_059,386.0,15.44,356.4043046342565,3067.0172147744915,1618.184658055793,254.76625844581616,-17943.873263763824,2361.4590594695205,368.1147384090804,-6337.50735005422,2411.2938180873916
patient_059,387.0,15.48,375.2332064048504,470.7225442648479,1633.1939863119871,519.2286540960861,6611.5598912567475,2382.228205633364,579.6553971028484,5288.5164673442,2434.4800339715057
patient_059,388.0,15.52,379.8927199557342,116.48783877209468,1648.3896951102165,374.9876316316617,-3606.025561610609,2397.2277108986304,259.4570291374141,-8004.959199135857,2444.858315137002
patient_059,389.0,15.56,122.38203477807915,-6437.767129441378,1653.2849765013398,121.22904791847836,-6343.964592829584,2402.0768728153694,31.493702917689983,-5699.083155493104,2446.1180632537094
patient_059,390.0,15.6,81.45745256500648,-1023.1145553268167,1656.54327460394,157.5359781677752,907.673256232421,2408.3783119420805,19.408540051586964,-302.1290716525755,2446.8944048557732
patient_059,391.0,15.64,169.0099923694906,2188.813495112103,1663.3036742987197,142.71206122447026,-370.5979235826234,2414.0867943910594,73.73420723005013,1358.141679461579,2449.8437731449753
patient_059,392.0,15.68,175.82123104683447,170.280966933597,1670.3365235405931,143.38730524195978,16.88110043723796,2419.8222866007377,84.86890951460379,278.36755711384137,2453.2385295255594
patient_059,393.0,15.72,182.30688207331625,162.1412756620444,1677.6287988235258,62.49039210009118,-2022.4228285467148,2422.321902284741,303.4046128530415,5463.392583460943,2465.374714039681
patient_059,394.0,15.76,150.0577593908048,-806.2280670627864,1683.631109199158,50.11075771268684,-309.49085968510843,2424.326332593249,82.5940124698313,-5520.2650095802555,2468.678474538474
patient_059,395.0,15.8,82.83763185522363,-1680.503188389529,1686.9446144733668,89.42788368933006,982.9281494160805,2427.903447940822,143.49699337643034,1522.574522664976,2474.4183542735313
patient_059,396.0,15.84,106.71026763052168,596.8158943824512,1691.2130251785877,84.1446009051266,-132.08206960508662,2431.269231977027,211.72842075707976,1705.7856845162355,2482.887491103814
patient_059,397.0,15.88,137.51860584007932,770.2084552389408,1696.713769412191,82.31879927395777,-45.645040779220736,2434.5619839479855,251.69101249823117,999.0647935287853,2492.9551316037437
patient_059,398.0,15.92,118.87341632136744,-466.1297379677968,1701.4687060650456,148.42822581993283,1652.7356636493766,2440.4991129807827,314.0459214997628,1558.872725038291,2505.516968463734
patient_059,399.0,15.96,111.24198599929052,-190.7857580519231,1705.918385505017,62.97056564150561,-2136.441504460681,2443.0179356064427,77.06898088763803,-5924.4235153031195,2508.59972769924
patient_059,400.0,16.0,65.77690675084112,-1136.626981211235,1708.5494617750508,97.47288493779322,862.5579824071904,2446.9168510039544,87.01679284056684,248.69529882322007,2512.0803994128623
patient_059,401.0,16.04,68.91343667807536,78.41324818085589,1711.3059992421738,122.69818313246509,630.6324548667966,2451.824778329253,101.10875881422115,352.29914934135775,2516.1247497654313
patient_059,402.0,16.08,35.24722771453227,-841.6552240885771,1712.7158883507552,11.06580423896252,-2790.809472337564,2452.2674104988114,66.64430306202092,-861.6113938050056,2518.790521887912
patient_059,403.0,16.12,26.149454866342175,-227.4443212047524,1713.7618665454088,80.67289695586285,1740.177317922508,2455.494326377046,30.459867548522343,-904.6108878374646,2520.008916589853
patient_059,404.0,16.16,44.300596298080684,453.7785357934627,1715.5338903973322,25.912123062587234,-1369.0193473318905,2456.5308112995494,44.10553965282124,341.14180260747247,2521.773138175966
patient_059,405.0,16.2,5.946325368742406,-958.8567732334569,1715.7717434120818,7.733314380168217,-454.4702170604754,2456.840143874756,97.43266455342949,1333.1781225152063,2525.6704447581033
patient_059,406.0,16.24,14.784276718538159,220.9487837448938,1716.3631144808232,42.21175572940997,861.9610337310439,2458.528614103933,30.533357737118216,-1672.482670407782,2526.891779067588
patient_059,407.0,16.28,12.148163344050323,-65.9028343621959,1716.8490410145853,11.32652066126741,-772.1308767035641,2458.9816749303836,27.914789377846827,-65.46420898178474,2528.0083706427017
patient_059,408.0,16.32,38.50671626216499,658.9638229528667,1718.3893096650718,58.91263256608837,1189.652797620524,2461.3381802330273,79.51535211380579,1290.014068398974,2531.188984727254
patient_059,409.0,16.36,14.37110290185923,-603.390334007644,1718.9641537811463,51.9073000734143,-175.1333123168518,2463.414472235964,37.89559906425512,-1040.4938262387666,2532.7048086898244
patient_059,410.0,16.4,41.40340745389511,675.807613800897,1720.6202900793019,87.36671623110422,886.485403942248,2466.9091408852078,225.5311033253981,4690.887606528575,2541.7260528228403
patient_059,411.0,16.44,57.462765383792146,401.4839482474258,1722.9188006946536,139.51240397418547,1303.6421935770313,2472.489637044175,145.8350465286142,-1992.4014199195974,2547.5594546839848
patient_059,412.0,16.48,46.67042395184642,-269.80853579864305,1724.7856176527273,136.13926060837161,-84.3285841453465,2477.93520746851,136.55717608045813,-231.94676120390199,2553.0217417272033
patient_059,413.0,16.52,25.753740387428216,-522.9170891104552,1725.8157672682244,136.88520706901426,18.648661516066056,2483.4106157512706,203.4483673215746,1672.279781027912,2561.1596764200663
patient_059,414.0,16.56,57.8736581407771,802.9979438337222,1728.1307135938557,121.34473846081704,-388.5117152049304,2488.264405289703,87.24029214881212,-2905.2018793190623,2564.6492881060185
patient_059,415.0,16.6,71.62826148511142,343.865083608358,1730.99584405326,63.14128057867845,-1455.0864470534648,2490.79005651285,100.43462871018892,329.85841403442004,2568.666673254426
patient_059,416.0,16.64,57.21258748784502,-360.3918499316601,1733.2843475527739,134.2361515767407,1777.3717749515563,2496.1595025759198,178.03732644336608,1940.0674433294291,2575.7881663121607
patient_059,417.0,16.68,66.79032338969265,239.44339754619062,1735.9559604883616,107.63724930989207,-664.9725566712157,2500.4649925483154,28.060222225203926,-3749.427605454054,2576.9105752011687
patient_059,418.0,16.72,68.96203731317284,54.29284808700494,1738.7144419808883,172.45292241280538,1620.3918275728327,2507.3631094448274,58.20866699896419,753.7111193440066,2579.2389218811277
patient_059,419.0,16.76,55.37114377597474,-339.77233842995264,1740.9292877319274,15.638769346711195,-3920.3538266523547,2507.9886602186957,23.225711661515124,-874.5738834362268,2580.167950347588
patient_059,420.0,16.8,31.887909083223413,-587.0808673187831,1742.2048040952566,12.972913240170074,-66.64640266352802,2508.5075767483027,15.760283244966763,-186.63571041370903,2580.7983616773868
patient_059,421.0,16.84,31.239203893155285,-16.2176297517032,1743.454372250983,123.13401540138025,2754.0275540302546,2513.4329373643577,62.545683920102654,1169.6350168783972,2583.3001890341907
patient_059,422.0,16.88,51.614302859103084,509.377474148695,1745.518944365347,51.15785085327627,-1799.4041137025995,2515.479251398489,34.792568406302664,-693.8278878449997,2584.691891770443
patient_059,423.0,16.92,39.763253906990194,-296.27622380282224,1747.1094745216265,52.94508208177891,44.68078071256585,2517.5970546817603,57.644322941988655,571.2938633921498,2586.9976646881223
patient_059,424.0,16.96,85.39230713743284,1140.726330761066,1750.5251668071237,210.27129717655077,3933.1553773692967,2526.0079065688224,48.75799106936946,-222.15829681547987,2588.9479843308973
patient_059,425.0,17.0,26.560787322747473,-1470.787995367134,1751.5875983000337,77.82777537179335,-3311.088045118936,2529.121017583694,52.600686234820515,96.06737913627637,2591.05201178029
patient_059,426.0,17.04,79.1253018509779,1314.1128632057607,1754.752610374073,109.3278695715153,787.5023549930486,2533.4941323665544,201.09034320967933,3712.24142437147,2599.095625508677
patient_059,427.0,17.08,122.88206927704341,1093.9191856516377,1759.6678931451547,97.74189502502051,-289.6493636623695,2537.4038081675553,455.3323372984738,6356.049852219862,2617.3089190006162
patient_059,428.0,17.12,248.294028727434,3135.298986259765,1769.599654294252,231.70766789126847,3349.144321656199,2546.672114883206,154.7590755712899,-7514.331543179597,2623.499282023468
patient_059,429.0,17.16,205.4080426838161,-1072.149651090448,1777.815976001605,401.9096359969465,4255.0492026419515,2562.748500323084,268.8610816833565,2852.550152801664,2634.253725290802
patient_059,430.0,17.2,35.37471731664342,-4250.833134179316,1779.2309646942706,51.58235122442759,-8758.182119312973,2564.811794372061,29.06670305723429,-5994.859465653055,2635.4163934130916
patient_059,431.0,17.24,487.39847701947093,11300.593992570688,1798.7269037750493,794.6749255716753,18577.314358681193,2596.598791394928,1258.7910403936494,30743.10843341038,2685.7680350288374
patient_059,432.0,17.28,361.86265720684224,-3138.395495315717,1813.201410063323,464.0941289627609,-8264.51991522286,2615.1625565534387,457.1869215613301,-20040.10297080798,2704.0555118912907
patient_059,433.0,17.32,273.35569386638565,-2212.6740835114147,1824.1356378179782,374.22444229423553,-2246.742166713135,2630.131534245208,325.412213622159,-3294.3676984792774,2717.072000436177
patient_059,434.0,17.36,312.88144341527874,988.1437387223273,1836.6508955545896,254.01132211266975,-3005.328004539145,2640.2919871297145,160.37953916398766,-4125.816861454284,2723.4871820027365
patient_059,435.0,17.4,129.59923590230594,-4582.0551878243205,1841.8348649906818,54.816576000217545,-4979.868652811305,2642.4846501697234,247.07075564943463,2167.280412136174,2733.3700122287137
patient_059,436.0,17.44,131.54631715885392,48.67703141369972,1847.0967176770362,75.5172197530607,517.5160938210789,2645.5053389598456,118.74392750782323,-3208.170703540285,2738.1197693290264
patient_059,437.0,17.48,59.8630187719772,-1792.0824596719178,1849.491238427915,64.67441737610818,-271.070059423813,2648.09231565489,63.813511911598916,-1373.2603899056078,2740.672309805491
patient_059,438.0,17.52,64.05551951816602,104.81251865472049,1852.0534592086417,88.5731372441698,597.4679967015404,2651.635241144657,19.39328860752904,-1110.505582601747,2741.448041349792
patient_059,439.0,17.56,42.177144641288436,-546.9593719219397,1853.7405449942933,96.46975150074172,197.41535641429806,2655.4940312046865,45.545518181445914,653.8057393479219,2743.2698620770498
patient_059,440.0,17.6,26.774251983393142,-385.0723164473823,1854.811515073629,54.98338166129836,-1037.159245986084,2657.6933664711382,23.106609530656602,-560.9727162697328,2744.1941264582765
patient_059,441.0,17.64,78.35168209657822,1289.4357528296268,1857.9455823574922,33.81360256495391,-529.2444774086113,2659.045910573737,47.49275064507496,609.653527860459,2746.0938364840795
patient_059,442.0,17.68,78.26556570012943,-2.1529099112196803,1861.0762049854975,253.87713872840814,5501.588404086356,2669.200996122873,156.746731051409,2731.3495101583508,2752.3637057261353
patient_059,443.0,17.72,289.8201021835108,5288.8634120845345,1872.669009072838,481.6819897417096,5695.121275332535,2688.4682757125415,401.61423390554967,6121.687571353516,2768.4282750823577
patient_059,444.0,17.76,314.69500122018536,621.8724759168638,1885.2568091216453,470.4319389612833,-281.25126951065624,2707.2855532709928,463.2743315284832,1541.5024405733377,2786.959248343497
patient_059,445.0,17.8,337.4682640063732,569.3315696546961,1898.7555396819005,683.308414610451,5321.9118912291915,2734.617889855411,404.0154843792834,-1481.471178729994,2803.1198677186685
patient_059,446.0,17.84,418.91976254937106,2036.2874635749463,1915.512330183875,527.6880533743738,-3890.50903090193,2755.7254119903855,461.6305679439298,1440.3770891161598,2821.5850904364256
patient_059,447.0,17.88,452.8191837821539,847.4855308195714,1933.625097535161,420.2917086464722,-2684.9086181975395,2772.5370803362443,449.72809563562873,-297.5618077075268,2839.5742142618506
patient_059,448.0,17.92,388.33830189991943,-1612.022047055862,1949.1586296111582,158.7779790855462,-6537.843239023149,2778.8881994996664,340.5579203349936,-2729.2543825158787,2853.1965310752503
patient_059,449.0,17.96,257.8569138875541,-3262.0347003091338,1959.4729061666603,190.19144472651263,785.3366410241606,2786.4958572887267,117.64678697425451,-5572.778334018477,2857.9024025542203
patient_059,450.0,18.0,15.845191253824279,-6050.293065843245,1960.1067138168132,98.60199254260091,-2289.736304597793,2790.4399369904313,102.75025015288304,-372.41342053428673,2862.012412560335
patient_059,451.0,18.04,57.163019634705435,1032.945709522029,1962.3932346022013,31.88599124672606,-1667.9000323968712,2791.7153766403003,16.0560335704447,-2167.3554145609587,2862.6546539031533
patient_059,452.0,18.08,13.004646731833041,-1103.95932257181,1962.9134204714746,17.895959834252555,-349.75078531183766,2792.4312150336705,48.99936616367439,823.5833148307421,2864.6146285497002
patient_059,453.0,18.12,6.4999851094262056,-162.6165405601709,1963.1734198758516,123.68547228776602,2644.737811337837,2797.3786339251806,15.656578573556175,-833.5696897529554,2865.2408916926424
patient_059,454.0,18.16,20.752920710538525,356.323390027808,1964.003536704273,195.67781520397438,1799.8085729052088,2805.20574653334,54.928501102980995,981.7980632356205,2867.438031736762
patient_059,455.0,18.2,80.33801586167431,1489.6273787783946,1967.21705733874,126.42220674010116,-1731.3902115968303,2810.262634802944,161.42980324718306,2662.532553605052,2873.8952238666493
patient_059,456.0,18.24,41.23241930992016,-977.6399137938537,1968.8663541111368,63.07219279675083,-1583.7503485837583,2812.785522514814,30.875145263873033,-3263.8664495827506,2875.130229677204
patient_059,457.0,18.28,83.92079932713402,1067.2095004303465,1972.223186084222,69.67629680443395,165.102600192078,2815.572574386991,44.07528906580823,330.00359504837985,2876.8932412398362
patient_059,458.0,18.32,90.39861165559223,161.94530821145534,1975.8391305504456,56.04529923409993,-340.7749392583504,2817.8143863563555,14.869280797713234,-730.1502067023748,2877.488012471745
patient_059,459.0,18.36,64.37658708927474,-650.5506141579374,1978.4141940340166,40.29676465870147,-393.7133643849615,2819.4262569427037,34.028229509212515,478.97371778748203,2878.8491416521138
patient_059,460.0,18.4,107.47004447197132,1077.3364345674147,1982.7129958128955,20.974407756195188,-483.0589225626571,2820.2652332529515,19.91700829075165,-352.78053046152166,2879.6458219837436
patient_059,461.0,18.44,27.917098216134534,-1988.8236563959197,1983.829679741541,17.017189498364587,-98.93045644576502,2820.945920832886,26.147141533686348,155.75333107336746,2880.6917076450914
patient_059,462.0,18.48,89.90845111803033,1549.783822547395,1987.4260177862625,105.38564641799921,2209.2114229908657,2825.161346689606,134.02994159891128,2697.070001630623,2886.0529053090477
patient_059,463.0,18.52,67.91063324526088,-549.9454468192362,1990.1424431160726,47.340459132864076,-1451.1296821283784,2827.05496505492,124.76496238406538,-231.62448037114734,2891.0435038044106
patient_059,464.0,18.56,71.00403800863957,77.33511908446715,1992.9826046364185,46.435866249568676,-22.61482208238501,2828.912399704903,8.147611342401209,-2915.4337760416047,2891.3694082581064
patient_059,465.0,18.6,38.436066712151884,-814.1992824121921,1994.5200473049044,45.172390505397054,-31.586893604290545,2830.7192953251188,3.2482219719779253,-122.4847342605821,2891.499337136986
patient_059,466.0,18.64,24.57923888808395,-346.42069560169836,1995.503216860428,41.268230033832474,-97.60401178911451,2832.3700245264718,37.43807884353996,854.7464217890509,2892.9968602907275
patient_059,467.0,18.68,108.01355899112612,2085.8580025760543,1999.823759220073,234.62178718598472,4833.838928803806,2841.7548960139115,339.51758954501486,7551.987767536872,2906.5775638725277
patient_059,468.0,18.72,223.7048144827505,2892.2813872906095,2008.771951799383,309.5771731720047,1873.8846496504991,2854.1379829407915,232.5290550225389,-2674.713363061899,2915.878726073429
patient_059,469.0,18.76,400.70934116514616,4425.113167059892,2024.8003254459888,430.00668494274225,3010.7377942684393,2871.338250338501,545.8458753723769,7832.9205087459495,2937.7125610883245
patient_059,470.0,18.8,483.83671850107254,2078.1844333981594,2044.1537941860317,573.6576000229911,3591.2728770062217,2894.284554339421,517.9106237522544,-698.3812905030618,2958.428986038414
patient_059,471.0,18.84,538.5451649869677,1367.7111621473798,2065.69560078551,606.5623568570934,822.6189208525568,2918.547048613704,604.7508279855351,2171.0051058320178,2982.6190191578357
patient_059,472.0,18.88,37.96637168731849,-12514.469832491232,2067.214255653003,52.69702630215883,-13846.633263873364,2920.654929665791,71.0241347363869,-13343.167331228704,2985.4599845472917
patient_059,473.0,18.92,437.29630819391025,9983.248412664794,2084.7061079807595,405.3618198533623,8816.619838780087,2936.869402459926,407.13368462007014,8402.738747092082,3001.7453319320944
patient_059,474.0,18.96,302.85736327654627,-3360.9736229340997,2096.820402511821,386.0162900312902,-483.638245551802,2952.310054061177,368.1521098218431,-974.5393699556757,3016.471416324968
patient_059,475.0,19.0,341.71620473904494,971.4710365624669,2110.489050701383,376.6574548076876,-233.97088059006563,2967.3763522534846,337.6351880090005,-762.9230453210653,3029.9768238453275
patient_059,476.0,19.04,304.08658761263615,-940.7404281602197,2122.6525142058886,258.63493801759665,-2950.5629197522735,2977.7217497741885,186.5477781114528,-3777.1852474386924,3037.4387349697854
patient_059,477.0,19.08,218.5760579875525,-2137.7632406270914,2131.3955565253905,109.49781829476754,-3728.427993070728,2982.101662505979,142.31208589037502,-1105.8923055269447,3043.1312184054004
patient_059,478.0,19.12,156.44276835770134,-1553.332240746279,2137.6532672596986,73.95188117391689,-888.6484280212663,2985.0597377529357,138.9092806863415,-85.07013010083782,3048.6875896328543
patient_059,479.0,19.16,134.1528131846443,-557.2488793264263,2143.0193797870843,71.64574985640203,-57.65328293787135,2987.9255677471915,174.27095498352594,884.0418574296109,3055.6584278321952
patient_059,480.0,19.2,8.531267060327963,-3140.538653107908,2143.360630469497,20.918475347886535,-1268.1818627128876,2988.762306761107,101.60411413292786,-1816.6710212649518,3059.7225923975125
patient_059,481.0,19.24,22.557217578236813,350.64876294772125,2144.262919172627,50.683935771773285,744.1365105971688,2990.789664191978,65.37563210766893,-905.7120506314732,3062.337617681819
patient_059,482.0,19.28,29.958306756714457,185.0272294619411,2145.4612514428954,5.603185888480835,-1127.0187470823112,2991.013791627517,26.568314952912438,-970.1829288689124,3063.4003502799355
patient_059,483.0,19.32,46.04194708840217,402.0910082921928,2147.3029293264317,39.43412134888528,845.773386510111,2992.5911564814724,33.95039884318862,184.55209725690463,3064.758366233663
patient_059,484.0,19.36,34.37643964748879,-291.6376860228345,2148.677986912331,94.3949416306321,1374.0205070436707,2996.3669541466975,13.701483190837772,-506.2228913087713,3065.3064255612962
patient_059,485.0,19.4,31.58442802378825,-69.80029059251348,2149.9413640332823,89.34255871193163,-126.30957296751184,2999.9406564951746,28.468955971075655,369.1868195059471,3066.445183800139
patient_059,486.0,19.44,24.557213514542966,-175.68036273113208,2150.9236525738643,45.09379707055021,-1106.2190410345356,3001.744408377997,112.7114123941058,2106.0614105757536,3070.9536402959034
patient_059,487.0,19.48,88.53064925837445,1599.3358935957872,2154.464878544199,326.6287272355329,7038.373254124568,3014.809557467418,205.00381488582954,2307.3100622930933,3079.1537928913367
patient_059,488.0,19.52,45.405951304597075,-1078.1174488444344,2156.281116596383,132.00064396326846,-4865.702081806611,3020.089583225949,106.60531394457752,-2459.9625235313006,3083.4180054491194
patient_059,489.0,19.56,158.96384163913137,2838.947258363358,2162.639670261948,330.5010997161754,4962.511393822674,3033.309627214596,232.2961557042286,3142.271043991277,3092.7098516772885
patient_059,490.0,19.6,163.1056292565091,103.54469043444325,2169.163895432209,409.96203462044156,1986.5233726066535,3049.7081085994137,528.3192796214041,7400.578097929389,3113.8426228621447
patient_059,491.0,19.64,179.0867631350611,399.52834696379966,2176.327365957611,659.6694820901448,6242.686186742581,3076.0948878830195,809.0740086496475,7018.868225706084,3146.2055832081305
patient_059,492.0,19.68,373.2142416837807,4853.18696371799,2191.2559356249626,358.01444645096797,-7541.3758909794215,3090.415465741058,249.4727116664191,-13990.03242458071,3156.1844916747873
patient_059,493.0,19.72,93.09984164642981,-7002.860000933772,2194.9799292908197,13.551662006331847,-8611.569611115903,3090.9575322213113,34.23381523080584,-5380.972410890331,3157.5538442840193
patient_059,494.0,19.76,302.54572406521396,5236.147060469604,2207.081758253428,127.64650156849942,2852.370989054189,3096.063392284051,119.38667100656833,2128.8213943940627,3162.329311124282
patient_059,495.0,19.8,445.1184428555422,3564.3179697582054,2224.88649596765,22.124910791461627,-2638.0397694259445,3096.9483887157094,132.93620993030333,338.738473093375,3167.646759521494
patient_059,496.0,19.84,185.1350969958901,-6499.583646491303,2232.291899847485,52.18527068804815,751.5089974146631,3099.0357995432314,156.01077965476935,576.8642431116505,3173.8871907076846
patient_059,497.0,19.88,242.6893202856193,1438.8555822432295,2241.9994726589102,175.25618345377563,3076.772819143187,3106.046046881382,71.61630153111875,-2109.861953091265,3176.7518427689292
patient_059,498.0,19.92,377.51163742708593,3370.557928536666,2257.0999381559936,203.81283625705947,713.916320082096,3114.198560331665,90.87074101463759,481.3609870879709,3180.3866724095146
patient_059,499.0,19.96,258.32357201591634,-2979.70163527924,2267.43288103663,252.45246347431566,1215.9906804314048,3124.296658870637,241.38559738489442,3762.871409256421,3190.0420963049105
patient_059,500.0,20.0,171.05738287223826,-2181.654728591952,2274.27517635152,397.7474592895386,3632.3748953805734,3140.206557242219,345.71728066394786,2608.292081976336,3203.870787531468
patient_059,501.0,20.04,191.71203037892673,516.3661876672115,2281.943657566677,309.31663152445634,-2210.7706941270562,3152.5792225031973,252.62273732805826,-2327.36358339724,3213.9756970245903
patient_059,502.0,20.08,450.9297833164601,6480.443823438334,2299.9808488993353,393.5384112974437,2105.544494324684,3168.3207589550952,854.8162356064338,15054.837456959387,3248.1683464488474
patient_059,503.0,20.12,255.37695872462032,-4888.8206147959945,2310.19592724832,395.7087388111845,54.258187843520034,3184.149108507542,844.0151585037232,-270.0269275677641,3281.9289527889964
patient_059,504.0,20.16,173.2070393544744,-2054.247984253648,2317.124208822499,369.7487355143097,-649.0000824218697,3198.939057928115,551.4254148289359,-7314.743591869683,3303.9859693821536
patient_059,505.0,20.2,212.05857458413087,971.2883807414116,2325.606551805864,374.24994428841063,112.53021935252292,3213.909055699651,315.7131125026521,-5892.807558157095,3316.61449388226
patient_059,506.0,20.24,297.1230520473232,2126.611936579808,2337.4914738877574,345.22073982966606,-725.7301114686143,3227.7178852928378,494.6210581719772,4472.698641733127,3336.3993362091387
patient_059,507.0,20.28,286.82355363051755,-257.4874604201412,2348.9644160329776,181.5153554156383,-4092.6346103506935,3234.9784995094633,190.01520034780836,-7615.146445604222,3343.9999442230514
patient_059,508.0,20.32,68.14136134714425,-5467.054807084332,2351.6900704868635,85.2225037812715,-2407.3212908591704,3238.3873996607144,356.6770261912166,4166.5456460852065,3358.2670252707003
patient_059,509.0,20.36,99.07788722064427,773.4131468375004,2355.653185975689,99.26986744866277,351.18409168478166,3242.358194358661,106.74224578112829,-6248.369510252208,3362.5367151019454
patient_059,510.0,20.4,105.56271723069835,162.12075025135206,2359.8756946649173,318.416132355182,5478.656622662982,3255.094839652868,204.1192868765959,2434.4260273866903,3370.7014865770093
patient_059,511.0,20.44,107.19221584573692,40.73746537596428,2364.163383298747,549.7013495557602,5782.130430014455,3277.0828936350986,570.5224350541075,9160.07870443779,3393.522383979174
patient_059,512.0,20.48,114.52935239227448,183.42841366343876,2368.744557394438,610.5243579607966,1520.5752101259095,3301.50386795353,706.2771214813554,3393.8671606811968,3421.773468838428
patient_059,513.0,20.52,435.61503378219373,8027.142034747982,2386.169158745726,513.6570946898069,-2421.681581774743,3322.050151741123,511.82254919947036,-4861.364307047125,3442.2463708064065
patient_059,514.0,20.56,316.8824758857196,-2968.3139474118534,2398.8444577811547,359.8576498022496,-3844.9861221889305,3336.4444577332124,325.34972021669563,-4661.820724569368,3455.2603596150743
patient_059,515.0,20.6,232.31732811867326,-2114.1286941761587,2408.1371509059013,142.27859068288575,-5439.476477984097,3342.1356013605277,126.79786136915381,-4963.796471188546,3460.3322740698404
patient_059,516.0,20.64,111.10540737477174,-3030.298018597538,2412.5813672008926,109.96542309830913,-807.8291896144154,3346.53421828446,88.22257864326176,-964.3820681473013,3463.861177215571
patient_059,517.0,20.68,40.296784742208644,-1770.2155658140775,2414.1932385905807,137.2264307440002,681.5251911422766,3352.0232755142206,121.33279909501859,827.7555112939208,3468.714489179372
patient_059,518.0,20.72,151.52476000386608,2780.6993815414357,2420.2542289907356,183.95846589806823,1168.3008788517006,3359.3816141501434,63.25889504648271,-1451.847601213397,3471.244844981231
patient_059,519.0,20.76,277.39783472444805,3146.8268680145493,2431.3501423797134,165.22882931956735,-468.2409144625218,3365.9907673229263,88.52556517956762,631.6667533271229,3474.785867588414
patient_059,520.0,20.8,178.47562905572582,-2473.055141718056,2438.4891675419426,512.0373730995979,8670.213594500763,3386.4722622469103,774.0578227113541,17138.30643829466,3505.7481804968684
patient_059,521.0,20.84,272.6652203836403,2354.739783197862,2449.395776357288,228.760014196564,-7081.933972575846,3395.622662814773,1053.3391859267979,6982.0340803860945,3547.8817479339405
patient_059,522.0,20.88,244.499521410401,-704.1424743309825,2459.175757213704,1115.674613339316,22172.8649785688,3440.2496473483457,949.6805418542713,-2591.4661018131656,3585.868969608111
patient_059,523.0,20.92,255.8083355168869,282.72035266214743,2469.4080906343793,406.8729378463005,-17720.041887325388,3456.5245648621976,476.19822138724714,-11837.058011675603,3604.9168984636012
patient_059,524.0,20.96,191.6768824846537,-1603.2863258058298,2477.0751659337657,303.7555972221466,-2577.933515603847,3468.6747887510837,241.20929294225715,-5874.7232111247495,3614.5652701812915
patient_059,525.0,21.0,72.5145390375021,-2979.05858617879,2479.9757474952658,192.40688240326529,-2783.717870472033,3476.371064047214,130.73647823104832,-2761.8203677802207,3619.794729310533
patient_059,526.0,21.04,25.694745646656802,-1170.4948347711327,2481.003537321132,81.759397117748,-2766.187132137932,3479.6414399319237,56.95197194499408,-1844.612657151356,3622.0728081883326
patient_059,527.0,21.08,111.1135286963169,2135.4695762415026,2485.448078468985,297.16879754346155,5385.2350106428385,3491.528191833662,331.7919299926713,6870.998951191932,3635.3444853880396
patient_059,528.0,21.12,292.2678565492272,4528.858196322757,2497.138792730954,476.2352158417127,4476.660457456279,3510.5776004673307,623.4738177740082,7292.047194533423,3660.283438099
patient_059,529.0,21.16,173.24743328720962,-2975.5105815504394,2504.068690062442,439.69853937006303,-913.4169117912421,3528.165542042133,534.5835139992325,-2222.257594369393,3681.666778658969
patient_059,530.0,21.2,238.44229689001133,1629.8715900700429,2513.6063819380424,522.22760840625,2063.2267259046757,3549.054646378383,560.5573460186846,649.3458004863015,3704.0890724997166
patient_059,531.0,21.24,198.91262292799664,-988.2418490503675,2521.562886855162,499.4595677138585,-569.2010173097884,3569.0330290869374,459.34948573325823,-2530.196507135659,3722.4630519290467
patient_059,532.0,21.28,165.35541097604465,-838.9302987987996,2528.177103294204,157.3499298782995,-8552.740945888976,3575.3270262820693,229.05859179691942,-5757.272348408471,3731.625395600923
patient_059,533.0,21.32,71.86207907220236,-2337.333297596057,2531.051586457092,172.61388004154287,381.5987540810845,3582.231581483731,57.46274638587296,-4289.896135276162,3733.923905456358
patient_059,534.0,21.36,157.29363728727267,2135.7889553767577,2537.343331948583,387.70923345627443,5377.3838353682895,3597.7399508219823,129.99323569039697,1813.2622326131002,3739.1236348839743
patient_059,535.0,21.4,173.79268476905565,412.47618704457454,2544.2950393393453,432.0885130862622,1109.481990749694,3615.023491345433,1139.5159382829613,25238.067564814108,3784.704272415293
patient_059,536.0,21.44,225.37857729913392,1289.6473132519568,2553.3101824313107,642.3910474620309,5257.5633593942175,3640.7191332439143,1206.788461953803,1681.8130917710448,3832.975810893445
patient_059,537.0,21.48,306.32058987930236,2023.550314504211,2565.5630060264825,542.7154291185693,-2491.8904585865394,3662.427750408657,744.3654885094452,-11560.574336108948,3862.750430433823
patient_059,538.0,21.52,405.28348787347056,2474.072449854205,2581.7743455414216,801.9003109469013,6479.6220457083,3694.5037628465334,499.04135729867374,-6133.103280269286,3882.7120847257697
patient_059,539.0,21.56,310.8944462459548,-2359.7260406878945,2594.21012339126,319.5344564982836,-12059.146361215442,3707.2851411064644,298.43685817221507,-5015.112478161467,3894.6495590526583
patient_059,540.0,21.6,254.34081203096565,-1413.8408553747283,2604.3837558724986,281.4305540988033,-952.5975599870065,3718.5423632704164,98.14793670829813,-5007.223036597924,3898.57547652099
patient_059,541.0,21.64,63.55251274005094,-4769.707482272868,2606.9258563821004,294.1693139253815,318.4689956644547,3730.3091358274314,71.62231662752605,-663.1405020193022,3901.440369186091
patient_059,542.0,21.68,132.3140346039308,1719.0380465969963,2612.218417766258,14.45040321945777,-6992.972767648093,3730.8871519562094,187.32088023104433,2892.464090087957,3908.9332043953327
patient_059,543.0,21.72,313.3437107416394,4525.741903442716,2624.7521661959236,536.9962102536292,13063.645175854284,3752.3670003663547,391.0922928833587,5094.28531630786,3924.5768961106673
patient_059,544.0,21.76,283.8845533508143,-736.4789347706278,2636.107548329956,1003.6262690542866,11665.751470016434,3792.5120511285263,939.0256948206498,13698.335048432278,3962.137923903493
patient_059,545.0,21.8,319.51991640712447,890.8840764077538,2648.888344986241,143.64522211632564,-21499.526173449023,3798.257860013179,337.11949549048734,-15047.654983254062,3975.622703723113
patient_059,546.0,21.84,358.47555398815405,973.8909395257394,2663.2273671457674,601.2801072463996,11440.872128251849,3822.3090643030355,680.6346131688024,8587.877941957877,4002.848088249865
patient_059,547.0,21.88,365.581646073017,177.65230212157377,2677.8506329886877,533.6913244549105,-1689.7195697872262,3843.6567172812315,550.0437001921439,-3264.7728244164628,4024.8498362575506
patient_059,548.0,21.92,320.4645747734528,-1127.926782489105,2690.6692159796257,415.94255395411597,-2943.719262519863,3860.294419439396,292.3675649635714,-6441.903380714312,4036.5445388560934
patient_059,549.0,21.96,180.71942730702636,-3493.6286866606606,2697.8979930719065,124.1925387376037,-7293.750380412807,3865.2621209889003,238.8377520210709,-1338.245323562512,4046.0980489369367
patient_059,550.0,22.0,62.64429744256862,-2951.878246611444,2700.4037649696093,221.0445594429936,2421.3005176347474,3874.10390336662,100.17461461781039,-3466.578435081513,4050.1050335216487
patient_059,551.0,22.04,119.032280486439,1409.6995760967595,2705.165056189067,166.57948246940907,-1361.6269243396132,3880.767082665396,105.43996951747198,131.6338724915397,4054.3226323023473
patient_059,552.0,22.08,85.65084776559753,-834.5358180210369,2708.591090099691,326.8147984656799,4005.8828999067714,3893.8396746040235,437.06684765435733,8290.671953422134,4071.8053062085214
patient_059,553.0,22.12,96.66670650457783,275.39646847450746,2712.4577583598743,519.7763315015982,4824.038325897956,3914.630727864087,514.2959198097661,1930.72680388522,4092.377143000912
patient_059,554.0,22.16,121.40040689176317,618.3425096796334,2717.313774635544,209.53137765612612,-7756.123846136802,3923.011982970332,297.68288558711254,-5415.32585556634,4104.284458424397
patient_059,555.0,22.2,145.3395617623132,598.4788717637507,2723.127357106037,169.85678514150933,-991.8648128654197,3929.8062543759925,212.35140396551492,-2133.2870405399403,4112.778514583017
patient_059,556.0,22.24,89.87348826095796,-1386.651837533881,2726.722296636475,152.82772607678694,-425.72647661805973,3935.919363419064,95.2752102237738,-2926.904843543528,4116.589522991968
patient_059,557.0,22.28,74.61092967397329,-381.56396467461667,2729.706733823434,175.50186398185483,566.8534476266971,3942.939437978339,211.13666444412797,2896.5363555088543,4125.034989569733
patient_059,558.0,22.32,228.352963960602,3843.5508571657183,2738.8408523818584,437.5932572909362,6552.284832727034,3960.443168269976,467.47781699994744,6408.528813895487,4143.734102249731
patient_059,559.0,22.36,191.60333098198944,-918.7408244653142,2746.504985621138,378.54379697858104,-1476.2365078088792,3975.5849201491196,458.50293567004593,-224.37203324753767,4162.074219676532
patient_059,560.0,22.4,303.2477624694305,2791.110787186026,2758.634896119915,314.2514738025724,-1607.3080794002167,3988.1549791012226,325.6252512487373,-3321.9421105327156,4175.099229726482
patient_059,561.0,22.44,231.8775654097618,-1784.2549264917175,2767.909998736305,246.40928141522735,-1696.0548096836255,3998.011350357832,176.6636408585614,-3724.0402597543975,4182.165775360825
patient_059,562.0,22.48,49.95390129819451,-4548.091602789183,2769.9081547882333,121.16654238092868,-3131.068475857467,4002.858012053069,152.45386328571163,-605.244439321244,4188.263929892253
patient_059,563.0,22.52,61.812613361703065,296.4678015877139,2772.3806593227014,101.38489700461234,-494.5411344079083,4006.9134079332534,71.94829272060261,-2012.6392641277257,4191.141861601077
patient_059,564.0,22.56,98.86213684736798,926.2380871416228,2776.335144796596,156.92464826780477,1388.4937815798107,4013.1903938639653,279.67505607162514,5193.169083775563,4202.328863843943
patient_059,565.0,22.6,137.28917685699247,960.6760002406123,2781.826711870876,192.14998920590543,880.6335234525164,4020.8763934322014,104.8172323397093,-4371.445593297895,4206.521553137532
patient_059,566.0,22.64,137.36769571370309,1.9629714177654023,2787.3214196994245,307.51828867121253,2884.2074866326775,4033.17712497905,208.01370021397034,2579.911696856526,4214.84210114609
patient_059,567.0,22.68,146.85780925617075,237.2528385616917,2793.195732069671,428.53504316588356,3025.418862366776,4050.3185267056856,592.9442138109292,9623.262839923973,4238.559869698527
patient_059,568.0,22.72,151.21340703752958,108.8899445339706,2799.244268351172,442.44436567808157,347.73306280495007,4068.016301332809,557.9974315382981,-873.6695568157785,4260.879766960059
patient_059,569.0,22.76,199.7394100101472,1213.1500743154404,2807.233844751578,364.1857103354398,-1956.466383566044,4082.5837297462263,274.37472211113777,-7090.5677356790075,4271.854755844504
patient_059,570.0,22.8,95.30516076665032,-2610.856231087422,2811.0460511822444,162.2078041223471,-5049.447655327317,4089.0720419111203,356.0148633024171,2041.0035297819832,4286.095350376601
patient_059,571.0,22.84,123.50669985379136,705.0384771785261,2815.986319176396,160.2935195793901,-47.85711357392515,4095.4837826942953,230.15275351707857,-3146.552744633463,4295.301460517285
patient_059,572.0,22.88,52.762636829978,-1768.6015755953342,2818.096824649596,317.71065623379997,3935.4284163602465,4108.1922089436475,226.57674158848062,-89.40029821494875,4304.364530180824
patient_059,573.0,22.92,68.22765934178409,386.62556279515223,2820.8259310232665,95.82920325129638,-5547.0363245625895,4112.0253770737,91.83088876247307,-3368.6463206501885,4308.037765731323
patient_059,574.0,22.96,214.0929662833778,3646.6326735398425,2829.389649674602,330.5057594294604,5866.913904454101,4125.245607450878,364.05320115920864,6805.5578099183895,4322.599893777691
patient_059,575.0,23.0,193.88148392272063,-505.28705901642894,2837.144909031511,270.16450820764794,-1508.5312805453113,4136.052187779183,380.0994283256513,401.15567916106585,4337.803870910717
patient_059,576.0,23.04,145.91757650867794,-1199.0976853510674,2842.9816120918586,183.34570594303622,-2170.470056615293,4143.386016016905,191.55549333489367,-4713.59837476894,4345.466090644112
patient_059,577.0,23.08,80.6856069996261,-1630.7992377262958,2846.2090363718435,183.22405950375824,-3.041160981949531,4150.714978397055,135.13014388353443,-1410.6337362839809,4350.871296399454
patient_059,578.0,23.12,96.54777534619167,396.5542086641392,2850.070947385691,281.20305053840104,2449.47477586607,4161.963100418591,352.6263012183407,5437.403933370157,4364.976348448187
patient_059,579.0,23.16,137.12436566677152,1014.4147580144963,2855.555922012362,315.75650548364837,863.836373631183,4174.593360637938,282.60342270666683,-1750.5719627918465,4376.280485356454
patient_059,580.0,23.2,266.90937984277775,3244.6253544001556,2866.232297206073,301.4618361676194,-357.3667329007236,4186.651834084642,269.21936926825697,-334.6013359602466,4387.049260127184
patient_059,581.0,23.24,252.82491730687678,-352.1115633975242,2876.345293898348,242.3394988808528,-1478.0584321691656,4196.345414039877,200.08553352597457,-1728.34589355706,4395.052681468223
patient_059,582.0,23.28,215.30170627638742,-938.0802757622341,2884.9573621494033,90.83840510288678,-3787.5273444491504,4199.978950243993,178.07000825259533,-550.388131834481,4402.175481798327
patient_059,583.0,23.32,20.403918505585676,-4872.444694270044,2885.7735188896268,78.88891385073286,-298.73728130384796,4203.134506798022,150.5576247114338,-687.8095885290385,4408.197786786785
patient_059,584.0,23.36,164.18461410146682,3594.517389897029,2892.3409034536853,252.61603918030445,4343.17813323929,4213.239148365234,188.5371268767394,949.4875541326401,4415.739271861854
patient_059,585.0,23.4,280.7875616541529,2915.0736888171523,2903.572405919852,529.3427317372499,6918.167313923635,4234.412857634724,530.1826596917351,8541.138320374892,4436.946578249524
patient_059,586.0,23.44,300.38876662641684,490.0301243065982,2915.5879565849086,538.867580150881,238.12121034077904,4255.967560840759,598.4649017614728,1707.0560517434415,4460.885174319983
patient_059,587.0,23.48,246.63372477755473,-1343.8760462215528,2925.4533055760107,459.2292588648656,-1990.9580321503868,4274.336731195353,527.8782859286167,-1764.6653958214017,4482.0003057571275
patient_059,588.0,23.52,371.64601300500976,3125.3072056863757,2940.319146096211,500.35421374754947,1028.123872067097,4294.350899745255,349.84998756105784,-4450.707459188972,4495.99430525957
patient_059,589.0,23.56,78.19764711527571,-7336.209147243352,2943.447051980822,158.48042962961057,-8546.844602948473,4300.69011693044,215.51518527606814,-3358.3700571247427,4504.614912670612
patient_059,590.0,23.6,44.824975640629894,-834.3167868661455,2945.240051006447,131.2295063378802,-681.2730822932593,4305.939297183955,85.8306999062195,-3242.1121342462156,4508.0481406668605
patient_059,591.0,23.64,154.8631849578642,2750.9552329308576,2951.434578404762,374.9168419327118,6092.18338987079,4320.935970861264,177.35106156106716,2288.0090413711914,4515.142183129304
patient_059,592.0,23.68,272.08526607928553,2930.552028035533,2962.317989047933,274.43766452919937,-2511.979435087811,4331.913477442432,140.42724951857687,-923.095301062257,4520.759273110047
patient_059,593.0,23.72,239.17463785845268,-822.7657055208213,2971.8849745622715,549.0983959349544,6866.518285143876,4353.87741327983,438.4279209668179,7450.016786206026,4538.2963899487195
patient_059,594.0,23.76,183.17001022481804,-1400.1156908408661,2979.211774971264,1273.4279540155712,18108.23895201542,4404.814531440453,1507.0047983190727,26714.42193380637,4598.5765818814825
patient_059,595.0,23.8,346.96530045164195,4094.8822556705977,2993.0903869893295,1241.1154068752342,-807.8136785084268,4454.459147715462,702.9780968347405,-20100.667537108304,4626.6957057548725
patient_059,596.0,23.84,456.1604231959678,2729.878068608146,3011.3368039171683,383.23073824322887,-21447.116715800134,4469.788377245191,453.8509816581858,-6228.177879413869,4644.849745021199
patient_059,597.0,23.88,278.6354738443831,-4438.123733789616,3022.4822228709436,369.0056539123371,-355.6271082722944,4484.548603401685,151.07086523984438,-7569.502910458536,4650.892579630793
patient_059,598.0,23.92,89.5584085106153,-4726.926633344196,3026.064559211368,304.5812786114631,-1610.6093825218495,4496.731854546143,284.8120389767244,3343.5293434220007,4662.285061189862
patient_059,599.0,23.96,307.62322010497775,5451.620289859061,3038.3694880155667,509.4158510059992,5120.864309863401,4517.108488586383,450.63234006773376,4145.507527275234,4680.310354792572
patient_059,600.0,24.0,354.6089426589622,1174.6430638496108,3052.553845721925,747.5043940502817,5952.213576107063,4547.008664348395,949.7382999618495,12477.648997352893,4718.299886791046
patient_059,601.0,24.04,374.08580201975366,486.921484019787,3067.517277802715,344.61710610878566,-10072.1821985374,4560.793348592746,426.70007970464025,-13075.955506430233,4735.367889979231
patient_059,602.0,24.08,434.1319220372589,1501.1530004376311,3084.882554684205,450.1298089731995,2637.8175716103456,4578.798540951673,485.04979761377973,1458.7429477284873,4754.769881883783
patient_059,603.0,24.12,374.51279305162575,-1490.4782246408288,3099.8630664062703,507.3768043869952,1431.1748853448933,4599.093613127154,375.59627892377137,-2736.337967250209,4769.793733040733
patient_059,604.0,24.16,172.31097789174754,-5055.045378996955,3106.75550552194,146.74872646210622,-9015.701948122225,4604.963562185638,185.64774380937016,-4748.71337786003,4777.2196427931085
patient_059,605.0,24.2,48.02686987751114,-3107.10270035591,3108.6765803170406,68.32343638653589,-1960.6322518892582,4607.696499641099,136.22817665907883,-1235.4891787572833,4782.6687698594715
patient_059,606.0,24.24,96.04084299398619,1200.3493279118763,3112.5182140368,303.72177242182084,5884.958400882124,4619.845370537972,237.63576877247246,2535.189802834841,4792.1742006103705
patient_059,607.0,24.28,121.28252846662237,631.0421368159044,3117.369515175465,149.21070072260235,-3862.776792480462,4625.813798566875,141.670536874023,-2399.130797461236,4797.841022085331
patient_059,608.0,24.32,77.86652440162653,-1085.4001016248958,3120.48417615153,157.88418167263646,216.8370237508526,4632.129165833781,241.0613004659724,2484.769089798735,4807.4834741039695
patient_059,609.0,24.36,164.668606023428,2170.0520405450366,3127.0709203924675,289.5585992684469,3291.8604398952616,4643.711509804519,288.49821879810844,1185.9229583034007,4819.023402855894
patient_059,610.0,24.4,24.564190987219522,-3502.610375905212,3128.0534880319565,23.967057838337844,-6639.7885357527275,4644.670192118053,50.683177741627865,-5945.376026412014,4821.050729965559
patient_059,611.0,24.44,343.54489370241293,7974.517567879835,3141.795283780053,525.3050592530882,12533.450035368758,4665.682394488176,627.282070341372,14414.972314993602,4846.1420127792135
patient_059,612.0,24.48,239.94498697501695,-2589.9976681849,3151.3930832590536,230.86738708293342,-7360.941804253869,4674.917089971494,334.89742986504507,-7309.616011908173,4859.537909973816
patient_059,613.0,24.52,79.21558501341444,-4018.235049040062,3154.56170665959,165.24864073337162,-1640.4686587390452,4681.527035600829,47.972527128005616,-7173.122568425987,4861.456811058935
patient_059,614.0,24.56,168.7676538443193,2238.8017207726216,3161.3124128133627,302.43772539863664,3429.727116631626,4693.624544616774,372.1883268445716,8105.39499291415,4876.344344132718
patient_059,615.0,24.6,268.2213582949642,2486.3426112661223,3172.0412671451613,429.3161910977623,3171.961642478142,4710.797192260685,390.76387684313806,464.3887499641622,4891.974899206444
patient_059,616.0,24.64,319.34798850807135,1278.1657553276787,3184.815186685484,409.0344852276521,-507.0426467527554,4727.158571669791,445.44680404272924,1367.0731799897794,4909.792771368153
patient_059,617.0,24.68,218.50691891312624,-2521.026739873628,3193.5554634420096,258.5322407409875,-3762.556112166615,4737.4998612994295,294.95663494563837,-3762.254227427272,4921.591036765979
patient_059,618.0,24.72,122.9839745541702,-2388.073608973901,3198.474822424176,76.8648693803749,-4541.684284015315,4740.574456074644,65.61566392860676,-5733.524275425791,4924.215663323123
patient_059,619.0,24.76,57.28149206767869,-1642.5620621622877,3200.7660821068835,130.5518126711381,1342.1735822690798,4745.79652858149,109.55267538136594,1098.4252863189795,4928.597770338378
patient_059,620.0,24.8,28.55191688762266,-718.2393795014008,3201.908158782388,24.3286740171544,-2655.5784663495924,4746.769675542177,34.222320872685444,-1883.2588627170126,4929.966663173284
patient_059,621.0,24.84,95.46669839339248,1672.8695376442452,3205.7268267181234,76.79521704724496,1311.663575752264,4749.841484224066,79.23133653959441,1125.225391672724,4933.135916634868
patient_059,622.0,24.88,128.3551950937722,822.2124175094933,3210.8610345218744,89.99282690771736,329.94024651180996,4753.441197300375,71.60740737263623,-190.59822917395445,4936.000212929774
patient_059,623.0,24.92,188.34862811982885,1499.835825651416,3218.3949796466677,295.15295883997527,5129.0032983064475,4765.2473156539745,369.497926954755,7447.262989552968,4950.7801300079645
patient_059,624.0,24.96,255.42884748232314,1677.0054840623573,3228.6121335459607,315.09396722442807,498.52520961132,4777.8510743429515,410.5882335415295,1027.2576646693637,4967.203659349625
patient_059,625.0,25.0,126.11501655194384,-3232.845773259483,3233.6567342080384,645.485320441581,8259.783830428825,4803.670487160614,536.4607305649386,3146.812425585226,4988.662088572223
patient_059,626.0,25.04,217.29067122858277,2279.3913669159733,3242.3483610571816,521.873020000717,-3090.307511021601,4824.545407960643,503.77100609421416,-817.24311176811,5008.812928815992
patient_059,627.0,25.08,344.8734870431695,3189.570395364669,3256.143300538908,561.8352928728731,999.0568218039016,4847.018819675558,358.51304526113944,-3631.449020826868,5023.153450626437
patient_059,628.0,25.12,284.8985057612745,-1499.374532047375,3267.5392407693594,260.18978093690384,-7541.137798399231,4857.4264109130345,434.6491083966043,1903.401578386621,5040.539414962302
patient_059,629.0,25.16,103.63407581550116,-4531.610748644334,3271.684603801979,274.94582547019974,368.9011133323973,4868.424243931842,278.65208562441376,-3899.925569304763,5051.685498387278
patient_059,630.0,25.2,83.45608852277958,-504.44968231803955,3275.0228473428906,164.71176588989204,-2755.8514895076923,4875.012714567438,101.16957276932175,-4437.062821377301,5055.732281298051
patient_059,631.0,25.24,59.96886365437471,-587.1806217101218,3277.421601889065,55.75819069888542,-2723.8393797751655,4877.243042195394,16.982757745665158,-2104.670375591415,5056.411591607877
patient_059,632.0,25.28,340.87692515444655,7022.701537501795,3291.0566788952433,632.1997855448607,14411.039871149382,4902.531033617188,610.7037027153593,14843.023624242354,5080.839739716492
patient_059,633.0,25.32,335.39584736957596,-137.0269446217648,3304.4725127900265,550.640987508848,-2038.969950900318,4924.556673117542,647.6803292987006,924.4156645835318,5106.746952888439
patient_059,634.0,25.36,297.69379439164294,-942.5513244483255,3316.380264565692,638.895355958335,2206.3592112371766,4950.112487355876,631.8541625477118,-395.65416877472046,5132.021119390348
patient_059,635.0,25.4,446.719012914488,3725.630463071127,3334.2490250822716,395.20027419372576,-6092.377044115231,4965.920498323624,499.78235587940384,-3301.7951667076986,5152.012413625524
patient_059,636.0,25.44,34.995255809192095,-10293.093927632399,3335.648835314639,28.255472110715214,-9173.620052075263,4967.050717208053,95.18608953184655,-10114.906658688931,5155.819857206798
patient_059,637.0,25.48,114.81943641266278,1995.6045150867674,3340.241612771146,279.01944903405405,6269.099423083471,4978.211495169415,125.62228932323845,760.9049947847975,5160.8447487797275
patient_059,638.0,25.52,210.82227285196888,2400.0709109826525,3348.674503685225,187.50402720913155,-2287.8855456230626,4985.71165625778,117.34314171558337,-206.97869019137693,5165.538474448351
patient_059,639.0,25.56,346.9349521154276,3402.8169815864685,3362.5519017698416,379.6159477504368,4802.798013532632,5000.896294167798,300.0124635849443,4566.733046734023,5177.538972991749
patient_059,640.0,25.6,190.49735560581072,-3910.939912740422,3370.1717959940743,634.1348308125,6362.972076551579,5026.261687400298,682.2886174216409,9556.903845917413,5204.830517688614
patient_059,641.0,25.64,196.73060763785568,155.83130080112397,3378.0410202995886,585.7227912406654,-1210.3009892958653,5049.6905990499245,1291.9290566728598,15241.010981280473,5256.507679955528
patient_059,642.0,25.68,136.47310062818647,-1506.4376752417302,3383.4999443247157,132.23790668583936,-11337.122113870651,5054.9801153173585,247.88666978722114,-26101.059672140967,5266.423146747018
patient_059,643.0,25.72,422.1579334616533,7142.12082083667,3400.386261663182,618.9124050197768,12166.862458348436,5079.736611518149,541.6982437581692,7345.2893492737,5288.091076497345
patient_059,644.0,25.76,430.1047008450927,198.6691845859852,3417.590449696986,419.26175516375423,-4991.266246400563,5096.5070817247,624.9147279491058,2080.4121047734156,5313.087665615309
patient_059,645.0,25.8,257.4235462587665,-4317.028864658154,3427.8873915473364,360.90218540185833,-1458.9892440473975,5110.9431691407735,317.0479424649489,-7696.669637103922,5325.769583313906
patient_059,646.0,25.84,64.24460035316174,-4829.473647640119,3430.4571755614634,94.71129413724677,-6654.772281615288,5114.731620906264,199.1285054711019,-2947.985924846175,5333.734723532751
patient_059,647.0,25.88,544.8064552947877,12014.04637354065,3452.249433773255,874.5714890130791,19496.50487189581,5149.714480466787,776.5473224716908,14435.470425014722,5364.796616431618
patient_059,648.0,25.92,516.8233080086297,-699.5786821539497,3472.9223660936004,719.5145942078593,-3876.4223701304954,5178.4950642351005,709.3784574852914,-1679.221624659985,5393.171754731029
patient_059,649.0,25.96,384.2465796781821,-3314.4182082611906,3488.2922292807275,671.7576344248633,-1193.9239945748996,5205.3653696120955,811.2493283148784,2546.771770739676,5425.621727863625
patient_059,650.0,26.0,536.2632955822157,3800.4178976008407,3509.742761104016,617.0761612212959,-1367.036830089185,5230.048416060948,507.05447644414,-7604.8712967684605,5445.90390692139
patient_059,651.0,26.04,421.41884317761856,-2871.1113101149294,3526.599514831121,322.9872939323308,-7352.221682224129,5242.967907818241,386.45403733287606,-3015.0109777815983,5461.362068414705
patient_059,652.0,26.08,23.98516360034179,-9935.84198943192,3527.5589213751346,15.50081163812195,-7687.162057355221,5243.587940283765,41.71640092278696,-8618.440910252226,5463.030724451618
patient_059,653.0,26.12,195.6086454790562,4290.58704696786,3535.3832671942964,140.61710407569677,3127.9073109393707,5249.212624446794,144.0282206149973,2557.795492305259,5468.791853276218
patient_059,654.0,26.16,43.40382079774449,-3805.1206170327932,3537.119420026206,120.25877447447975,-508.95824003042554,5254.0229754257725,111.11044388829586,-822.9444181675362,5473.236271031749
patient_059,655.0,26.2,56.16252808993907,318.96768230486464,3539.365921149804,212.325569445492,2301.669874275306,5262.515998203593,192.70248056074274,2039.800916811172,5480.944370254179
patient_059,656.0,26.24,202.05864511302627,3647.4029255771798,3547.448266954325,276.32252552033526,1599.9239018710816,5273.568899224407,293.7873248525186,2527.121107294397,5492.69586324828
patient_059,657.0,26.28,339.1959280454098,3428.4320733095883,3561.016104076141,437.96749624580957,4041.1242681368576,5291.087599074239,503.5921871534343,5245.121557522892,5512.839550734418
patient_059,658.0,26.32,339.0821314310338,-2.8449153593996357,3574.579389333382,530.1800953168548,2305.314976776131,5312.294802886912,1023.0061442457808,12985.348927308662,5553.759796504248
patient_059,661.0,26.44,,,3574.579389333382,,,5312.294802886912,,,5553.759796504248
patient_059,662.0,26.48,247.66874604009072,,3584.4861391749855,415.05161629683016,,5328.896867538786,213.77022821667043,,5562.310605632914
patient_059,663.0,26.52,40.05333518635054,-5190.385271343504,3586.08827258244,12.962781687893138,-10052.220865223426,5329.415378806302,96.45714451321699,-2932.827092586336,5566.168891413444
patient_059,664.0,26.56,217.39799283390707,4433.616441188913,3594.7841922957964,286.8484474419451,6847.141643851299,5340.88931670398,176.37060530123674,1997.8365197004937,5573.223715625492
patient_059,665.0,26.6,129.47507513321295,-2198.0729425173527,3599.963195301125,191.68822877064233,-2379.0054667825693,5348.556845854806,151.78829103975326,-614.5578565370869,5579.295247267083
patient_059,666.0,26.64,109.98533450194954,-487.2435157815854,3604.362608681203,38.7162433711289,-3824.2996349878354,5350.105495589652,90.77212734662072,-1525.4040923283135,5582.926132360948
patient_059,667.0,26.68,83.12148049306876,-671.5963502220195,3607.6874679009256,76.80506019049757,952.2204204842169,5353.177697997271,125.51284707076826,868.5179931036885,5587.946646243779
patient_059,668.0,26.72,15.929855678469963,-1679.79062036497,3608.324662128064,42.08113679939354,-868.0980847776008,5354.860943469247,32.265800502006726,-2331.176164219038,5589.237278263859
patient_059,669.0,26.76,7.535142142894212,-209.86783838939377,3608.6260678137796,26.67346504195029,-385.19179393608124,5355.927882070924,46.96896813293492,367.5791907732048,5591.116036989177
patient_059,670.0,26.8,64.39279864952886,1421.4414126658662,3611.201779759761,33.064820032638295,159.7838747672001,5357.2504748722295,24.275331356017563,-567.3409194229339,5592.087050243417
patient_059,671.0,26.84,146.78469462464867,2059.797399377995,3617.0731675447464,102.72758876816624,1741.5692183881988,5361.3595784229565,129.43832668355773,2629.0748831885044,5597.26458331076
patient_059,672.0,26.88,51.25396618600574,-2388.268210966073,3619.1233261921866,24.141307097163164,-1964.657041775077,5362.325230706843,337.31055748323445,5196.805769991918,5610.7570056100885
patient_059,673.0,26.92,7.936172130704292,-1082.9448513825362,3619.440773077415,29.93278202733265,144.78687325423715,5363.522541987937,214.9327155827072,-3059.446047513181,5619.354314233397
patient_059,674.0,26.96,39.571293241712674,790.8780277752095,3621.0236248070833,28.152577401904836,-44.50511563569535,5364.648645084013,98.96844949568558,-2899.1066521755406,5623.313052213224
patient_059,675.0,27.0,42.289623776157825,67.95826336112879,3622.7152097581297,50.84216463115148,567.2396807311662,5366.682331669258,199.6670125767585,2517.4640770268234,5631.299732716296
patient_059,676.0,27.04,20.170701942107787,-552.973045851251,3623.522037835814,33.06772935648684,-444.360881866616,5368.005040843518,59.789742272830196,-3496.9317575982077,5633.691322407209
patient_059,677.0,27.08,24.360467205454228,104.74413158366103,3624.4964565240316,27.323001391371314,-143.61819912788826,5369.097960899173,66.88263441397281,177.32230352856533,5636.366627783768
patient_059,678.0,27.12,10.173230240970122,-354.6809241121026,3624.9033857336703,26.030498008016004,-32.31258458388275,5370.139180819493,26.294148764954627,-1014.7121412254545,5637.418393734366
patient_059,679.0,27.16,8.735534940668588,-35.94238250753836,3625.2528071312972,9.027025465223657,-425.0868135698086,5370.500261838102,20.145771513808,-153.70943127866568,5638.224224594919
patient_059,680.0,27.2,25.605807411997624,421.75681178322594,3626.2770394277773,19.956531953625785,273.2376622100532,5371.2985231162465,27.035360788879238,172.23973187678095,5639.305639026474
patient_059,681.0,27.24,6.962138868107975,-466.09171359724127,3626.5555249825015,9.431627137015639,-263.12262041525366,5371.675788201727,13.590829223007656,-336.11328914678955,5639.849272195394
patient_059,682.0,27.28,1.7307326379725836,-130.7851557533848,3626.62475428802,7.098395426834877,-58.330792754519045,5371.9597240188,15.079231566944827,37.21005859842927,5640.452441458072
patient_059,683.0,27.32,7.394953138229076,141.6055125064123,3626.920552413549,16.00821536428893,222.7454984363513,5372.600052633373,35.35519068806411,506.89897802798214,5641.866649085595
patient_059,684.0,27.36,13.380066743077299,149.62784012120557,3627.4557550832724,5.681350841787012,-258.1716130625479,5372.8273066670445,23.681517661583765,-291.8418256620087,5642.813909792058
patient_059,685.0,27.4,10.358194810229552,-75.54679832119366,3627.870082875682,28.096876529248508,560.3881421865374,5373.951181728215,18.830909298340792,-121.26520908107432,5643.567146163992
patient_059,686.0,27.44,16.138530548298643,144.50839345172727,3628.5156240976135,16.727822787782973,-284.2263435366384,5374.620294639725,14.812771293892629,-100.45345011120408,5644.159657015748
patient_059,687.0,27.48,73.01908081286977,1422.0137566142782,3631.436387330128,98.43692588601259,2042.7275774557404,5378.557771675167,106.97789373796111,2304.1280611017123,5648.438772765267
patient_059,688.0,27.52,92.7655125568328,493.66079359907576,3635.1470078324014,122.66075717958137,605.5957823392195,5383.46420196235,383.264723931185,6907.170754830598,5663.769361722513
patient_059,689.0,27.56,210.5751442782016,2945.24079303422,3643.57001360353,206.08851426959433,2085.693927250324,5391.707742533134,118.07747112377564,-6629.681320185235,5668.492460567464
patient_059,690.0,27.6,285.1513038690273,1864.403989770642,3654.976065758291,328.05147401842976,3049.073993720886,5404.82980149387,239.30935472579378,3030.797090050454,5678.064834756497
patient_059,691.0,27.64,194.6673518902006,-2262.0987994706675,3662.7627598338986,594.1103099193582,6651.4708975232115,5428.594213890645,625.1177052402445,9645.208762861268,5703.0695429661055
patient_059,692.0,27.68,471.3168535625687,6916.237541809204,3681.6154339764016,926.1802285568114,8301.747965936329,5465.641423032917,977.9428747833775,8820.629238578325,5742.187257957441
patient_059,695.0,27.8,,,3681.6154339764016,,,5465.641423032917,,,5742.187257957441
patient_059,696.0,27.84,253.65241951186178,,3691.761530756876,298.145431681412,,5477.567240300174,302.4899766914127,,5754.286857025098
patient_059,697.0,27.88,132.61705451002183,-3025.8841250459986,3697.0662129372768,367.6867724252896,1738.5335185969395,5492.274711197185,371.6025143404807,1727.8134412266993,5769.150957598717
patient_059,698.0,27.92,191.37656683100107,1468.987808024481,3704.721275610517,796.603535969068,10722.919088594463,5524.138852635948,668.1832948646182,7414.519513103439,5795.8782893933
patient_059,699.0,27.96,221.15502972369526,744.4615723173548,3713.5674767994647,442.72373074929203,-8846.9951304944,5541.84780186592,322.9188407093878,-8631.611353880762,5808.795043021676
patient_059,700.0,28.0,176.49830260344305,-1116.4181780063054,3720.627408903603,208.75091078476402,-5849.320499113201,5550.19783829731,318.1882151731465,-118.26563840603228,5821.522571628601
patient_059,701.0,28.04,96.06793196358446,-2010.7592659964648,3724.470126182146,181.12604966520962,-690.62152798886,5557.442880283919,355.2466804880829,926.4616328734107,5835.732438848125
patient_059,702.0,28.08,154.00454074143738,1448.4152194463231,3730.6303078118035,72.51378600543617,-2715.3065914943363,5560.343431724136,147.37961682994614,-5196.676591453419,5841.627623521323
patient_059,703.0,28.12,103.07700539018562,-1273.188383781294,3734.753388027411,81.53420718910039,225.5105295916053,5563.604800011701,88.42955182406655,-1473.75162514699,5845.164805594284
patient_059,704.0,28.16,71.89452911710514,-779.5619068270121,3737.629169192095,169.22214687695248,2192.198492196302,5570.373685886779,260.65813523011667,4305.714585151253,5855.59113100349
patient_059,705.0,28.2,134.38827677459014,1562.343691437125,3743.004700263079,239.3688237405022,1753.6669215887428,5579.948438836399,151.78988879892094,-2721.7061607798933,5861.662726555447
patient_059,706.0,28.24,14.694762889252676,-2992.3378471334368,3743.5924907786493,425.2888556584394,4648.00079794843,5596.959993062736,336.39731816113056,4615.185734055241,5875.118619281891
patient_059,707.0,28.28,53.158961156609536,961.6049566839216,3745.718849224914,411.12148804578874,-354.18419031626627,5613.404852584568,507.224280961506,4270.674070009386,5895.407590520352
patient_059,708.0,28.32,144.31992306369702,2279.024047677187,3751.491646147462,485.4382754669424,1857.9196855288415,5632.822383603245,518.0363444221758,270.30158651674583,5916.129044297239
patient_059,709.0,28.36,151.32521882701545,175.13239408296073,3757.5446549005424,538.2172576373741,1319.4745542607934,5654.351073908741,424.84614344812354,-2329.7550243513074,5933.122890035163
patient_059,710.0,28.4,111.61623140149345,-992.7246856380499,3762.009304156602,245.2647750347365,-7323.812065065941,5664.161664910131,440.342539516337,387.4099017053368,5950.736591615817
patient_059,711.0,28.44,13.468028059814491,-2453.705083541974,3762.5480252789944,261.3646164323018,402.49603493913213,5674.6162495674225,308.2673350933915,-3301.8801105736375,5963.067285019552
patient_059,712.0,28.48,57.569203100681925,1102.5293760216857,3764.8507934030217,314.2749023584348,1322.757148153326,5687.18724566176,227.77183836711316,-2012.387418156959,5972.178158554237
patient_059,713.0,28.52,36.11032970338153,-536.4718349325099,3766.295206591157,252.02551974989532,-1556.2345652134873,5697.268266451757,265.8324547835825,951.5154104117329,5982.8114567455805
patient_059,714.0,28.56,71.16065236130042,876.2580664479723,3769.141632685609,151.00049755298426,-2525.6255549227767,5703.308286353876,113.63354074722673,-3804.9728509088936,5987.356798375469
patient_059,715.0,28.6,85.250811267264,352.2539726490894,3772.5516651362996,15.341513927417456,-3391.47459063917,5703.921946910972,56.684289236054184,-1423.7312877793138,5989.624169944911
patient_059,716.0,28.64,100.96633300672903,392.8880434866258,3776.5903184565686,32.68428851557511,433.5693647039414,5705.229318451595,212.8031151404661,3902.970647610298,5998.13629455053
patient_059,717.0,28.68,93.47293914693584,-187.33484649482966,3780.329236022446,49.05482556456267,409.26342622468894,5707.191511474177,190.8034342865865,-549.9920213469899,6005.768431921993
patient_059,718.0,28.72,99.7265120408036,156.33932234669388,3784.318296504078,53.95005821745404,122.38081632228432,5709.349513802876,63.64529436262491,-3178.95349809904,6008.314243696498
patient_059,719.0,28.76,86.51008882324022,-330.41058043908436,3787.7787000570074,102.6493051557464,1217.481173457309,5713.455486009105,39.3582229911875,-607.1767842859351,6009.888572616146
patient_059,720.0,28.8,93.66553805470255,178.8862307865582,3791.5253215791954,198.75779258618425,2402.7121857609463,5721.405797712552,46.52841665022725,179.25484147599366,6011.749709282155
patient_059,721.0,28.84,18.241990057253368,-1885.5886999362297,3792.2550011814856,30.02676888811289,-4218.275592451784,5722.606868468077,93.88858766577927,1184.0042753888006,6015.5052527887865
patient_059,722.0,28.88,59.63767641340467,1034.8921589037825,3794.640508238022,76.95089845573362,1173.1032391905183,5725.684904406307,27.611813513054845,-1656.9193538181107,6016.609725329309
patient_059,723.0,28.92,94.06847676562322,860.7700088054637,3798.4032473086468,124.87512543962634,1198.105674597318,5730.679909423892,86.97307317642789,1484.0314915843262,6020.0886482563665
patient_059,724.0,28.96,121.3130390011156,681.1140558873095,3803.2557688686916,26.822263782747882,-2451.3215414219617,5731.752799975203,120.55909896772202,839.6506447823533,6024.911012215075
patient_059,725.0,29.0,106.95427209426128,-358.96917267135785,3807.5339397524617,124.60139972916414,2444.4783986604066,5736.736855964369,91.74141298818074,-720.442149488532,6028.580668734603
patient_059,726.0,29.04,38.70884491468793,-1706.1356794893338,3809.082293549049,138.92453372935213,358.0783500046998,5742.293837313544,146.75506999529765,1375.3414251779227,6034.4508715344155
patient_059,727.0,29.08,72.74894227365657,851.0024339742159,3811.9922512399953,46.622469632098394,-2307.551602431344,5744.158736098828,264.0906363852566,2933.3891597489733,6045.014496989826
patient_059,728.0,29.12,34.122340143841186,-965.6650532453846,3813.357144845749,62.322235216167854,392.4941396017365,5746.651625507474,37.35077785777004,-5668.4964631871635,6046.508528104136
patient_059,729.0,29.16,46.674780148992035,313.81100012877124,3815.224136051709,35.21967126602447,-677.5640987535846,5748.060412358115,85.4647175950723,1202.8484934325566,6049.9271168079395
patient_059,730.0,29.2,26.011668771151022,-516.5777844460254,3816.264602802555,31.71108720676831,-87.71460148140405,5749.3288558463855,141.25639351213343,1394.7918979265282,6055.577372548424
patient_059,731.0,29.24,46.745876831619185,518.3552015117041,3818.13443787582,82.76502107223607,1276.3483466366938,5752.639456689275,155.38917338401143,353.31949679695003,6061.792939483784
patient_059,732.0,29.28,57.45423689972621,267.70900170267566,3820.4326073518087,97.59866823806772,370.8411791457912,5756.543403418797,39.25599098075556,-2903.3295600813963,6063.363179123014
patient_059,733.0,29.32,18.489520069229414,-974.11792076242,3821.1721881545777,22.635512832310177,-1874.0788851439384,5757.44882393209,36.49990938772152,-68.90203982585099,6064.823175498523
patient_059,734.0,29.36,3.356361505633973,-378.32896408988603,3821.306442614803,23.879093638973984,31.089520166595186,5758.403987677649,82.35763925618443,1146.4432467115726,6068.117481068771
patient_059,735.0,29.4,1.1064624810514614,-56.247475614562795,3821.350701114045,33.31135773874262,235.80660249421595,5759.736441987199,35.839268493877896,-1162.9592690576633,6069.551051808526
patient_059,736.0,29.44,7.933678788969337,170.6804076979469,3821.668048265604,41.969852616451554,216.4623719427233,5761.415236091857,29.180060092455005,-166.48021003557227,6070.718254212224
